tree
version=v4
num_class=1
num_tree_per_iteration=1
label_index=0
max_feature_idx=17
objective=binary sigmoid:1
feature_names=title_length body_length body_length_bucket has_code_block num_tags post_hour_sin post_hour_cos asker_reputation_log asker_upvote_count_log asker_downvote_count_log asker_account_age_days_log is_new_asker asker_reputation_missing asker_upvote_count_missing asker_downvote_count_missing asker_account_age_days_missing tag_target_score recent_platform_answer_rate
feature_infos=[15:150] [38:60275] -1:4:3:0:1:2 [0:1] [1:5] [-1:1] [-1:1] [0:13.805322838936762] [0:10.538926167950644] [0:10.921305462207695] [0:8.4998009253947764] [0:1] [0:1] [0:1] [0:1] [0:1] [0:1] [0.64522361065439005:0.82781456953642385]
tree_sizes=3468 3590 3612 3550 3623 3615 3498 3584 3573 3562 3555 3570 3572 3591 3583 3578 3575 3549 3607 3610 3529 3569 3587 3604 3595 3593 3553 3572 3579 3579 3559 3571 3600 3581 3560 3609 3567 3581 3602 3587 3584 3587 3586 3598 3595 3567 3607 3585 3585 3626 3597 3603 3595 3614 3606 3593 3582 3590 3604 3603 3577 3578 3608 3601 3594 3612 3557 3601 3617 3600 3590 3568 3602 3596 3598 3582 3584 3576 3617 3603 3591 3617 3617 3583 3593 3582 3575 3606 3602 3600 3594 3609 3579 3623 3609 3609 3587 3623 3589 3589 3596 3598 3575 3608 3601 3604 3600 3617 3567 3567 3599 3576 3582 3570 3611 3621 3619 3604 3591 3586 3586 3591 3604 3589 3593 3593 3571 3587 3536 3563 3568 3594 3552 3566 3568 3599 3605 3564 3541 3578 3546 3588 3558 3559 3515 3588 3569 3579 3574 3570 3549 3591 3595 3482 3545 3516 3575 3567 3487 3524 3561 3512 3509 3548 3556 3484 3479 3495 3516 3454 3531 3529 3542 3522 3507 3503 3537 3547 3557 3510 3439 3483 3535 3552 3500 3543 3531 3556 3548 3497 3490 3466 3439 3465 3557 3534 3518 3460 3495 3512 3541 3434 3421 3477 3433 3602 3582 3501 3546 3585 3466 3434 3454 3444 3477 3557 3453 3552 3414 3535 3562 3587 3583 3604 3466 3463 3539 3477 3524 3543 3509 3478 3584 3471 3481 3482 3530 3452 3450 3471 3475 3531 3437 3455 3412 3444 3442 3511 3441 3485 3498 3455 3539 3495 3502

Tree=0
num_leaves=31
num_cat=0
split_feature=16 16 17 17 7 7 7 16 17 16 7 7 7 8 16 8 17 17 16 16 7 8 7 7 7 7 7 8 7 7
split_gain=21965.8 6069.14 4176.33 3174.54 3032.09 2653.41 2069 935.017 912.289 819.89 514.704 492.122 452.81 445.703 389.467 334.206 323.633 212.24 209.765 172.432 149.394 139.992 194.921 133.813 129.308 415.844 287.232 117.591 135.895 108.767
threshold=0.76654392977528318 0.81260137962846057 0.78953251609163166 0.78953251609163166 1.0397207708399181 1.0397207708399181 1.0397207708399181 0.72374940372495866 0.78953251609163166 0.84033146576543671 1.0000000180025095e-35 1.0000000180025095e-35 1.0000000180025095e-35 1.0000000180025095e-35 0.79082104221947669 1.0000000180025095e-35 0.78953251609163166 0.78953251609163166 0.73473349532310828 0.75627007412817815 1.0000000180025095e-35 1.0000000180025095e-35 2.1383330595080281 1.0000000180025095e-35 1.0397207708399181 2.1383330595080281 2.524928003624769 1.0000000180025095e-35 2.1383330595080281 2.9174053685313028
decision_type=2 2 2 2 2 2 2 2 2 2 2 2 2 2 2 2 2 2 2 2 2 2 2 2 2 2 2 2 2 2
left_child=2 3 4 5 12 11 8 27 10 16 -3 -2 -1 23 21 -4 -8 -11 -14 -9 -10 22 -7 -5 -25 -26 -27 28 -6 -28
right_child=1 6 15 13 7 14 9 19 20 17 -12 -13 18 -15 -16 -17 -18 -19 -20 -21 -22 -23 -24 24 25 26 29 -29 -30 -31
leaf_value=0.92664586140234417 0.949111068540473 0.98395935049169292 0.92325258748233574 0.97986863115963407 0.91270183366923241 0.95023376826565242 0.96198944831279076 0.90924062010720141 0.99345073088896418 0.97838190318405438 0.91590528916659375 0.88021632477763301 0.83739723884874595 0.96505609546373627 0.94613056873740198 0.94285403562556336 0.97564329858700038 0.98928803405394572 0.86240958212516883 0.92279794172925445 0.95997766438121834 0.93473559939784778 0.91321066962574804 0.93575522640761666 0.98433907222565331 0.92383027608848134 0.97282780809844815 0.89334376859591869 0.87192503096864138 0.94771663575962051
leaf_weight=201.93188064545393 287.10575635451823 312.79210284352303 3356.4869727287441 323.90972200036049 238.53051804751158 439.72276095487177 8500.7335134893656 7352.2182647362351 400.75863452628255 8356.6433264389634 2486.178646184504 2667.1218580901623 1724.8142001777887 12174.481889712624 8159.2663002535701 6175.6690151952207 8866.6789408326149 9569.0890471115708 1630.757866807282 3444.0092901289463 1981.3153249491006 6257.284504968673 1856.348758764565 1813.0346699245274 791.24756647553295 1150.4326395504177 602.95155340433121 4474.0118360072374 1424.7472288683057 1514.063957828097
leaf_count=1377 2007 2247 71575 11500 1596 3082 60629 50242 9483 59834 17711 18703 11638 408442 56887 134701 199951 225914 11138 23539 44597 43943 12984 56339 25841 36030 19447 30269 9592 49817
internal_value=0.944985 0.958895 0.90861 0.944554 0.895891 0.930594 0.972371 0.904707 0.942866 0.976703 0.923511 0.886912 0.853929 0.9595 0.938316 0.935952 0.96896 0.984204 0.849553 0.913565 0.965609 0.930861 0.920301 0.948583 0.946857 0.951816 0.94394 0.889124 0.877773 0.954869
internal_weight=108534 78511.2 30023.2 38037 20491 19666.8 40474.2 16933.5 5181.04 35293.1 2798.97 2954.23 3557.5 18370.1 16712.6 9532.16 17367.4 17925.7 3355.57 10796.2 2382.07 8553.36 2296.07 6195.64 5871.73 4058.7 3267.45 6137.29 1663.28 2117.02
internal_count=1711055 1365388 345667 745022 139391 137606 620366 115238 74038 546328 19958 20710 24153 607416 116896 206276 260580 285748 22776 73781 54080 60009 16066 198974 187474 131135 105294 41457 11188 69264
is_linear=0
shrinkage=1


Tree=1
num_leaves=31
num_cat=0
split_feature=16 16 17 17 7 7 7 16 17 16 16 10 8 10 10 8 3 17 3 16 17 16 10 7 7 7 10 8 7 7
split_gain=19624.8 5582.71 3613.55 2889.7 2535.75 2528.59 1620.01 807.032 711.048 599.134 571.686 507.668 441.073 386.873 375.229 297.166 260.279 259.418 220.27 170.548 169.031 148.677 138.376 133.407 413.254 280.807 120.275 119.87 191.605 131.276
threshold=0.76654392977528318 0.81699180487322043 0.78953251609163166 0.78953251609163166 1.0397207708399181 1.0397207708399181 1.0397207708399181 0.73033366131728672 0.78953251609163166 0.85006685903313584 0.7989565723572235 1.0000000180025095e-35 1.0000000180025095e-35 1.0000000180025095e-35 1.0000000180025095e-35 1.0000000180025095e-35 1.0000000180025095e-35 0.78953251609163166 1.0000000180025095e-35 0.72879019664003242 0.78953251609163166 0.68801149572036502 1.0000000180025095e-35 1.0397207708399181 2.1383330595080281 2.524928003624769 1.0000000180025095e-35 1.0000000180025095e-35 2.1383330595080281 2.524928003624769
decision_type=2 2 2 2 2 2 2 2 2 2 2 2 2 2 2 2 2 2 2 2 2 2 2 2 2 2 2 2 2 2
left_child=2 3 5 4 11 14 8 21 13 17 16 -2 22 -3 -1 -4 -6 -8 -9 -16 -11 -7 -5 -24 -25 -26 -10 28 -18 -30
right_child=1 6 15 12 10 7 9 18 26 20 -12 -13 -14 -15 19 -17 27 -19 -20 -21 -22 -23 23 24 25 -27 -28 -29 29 -31
leaf_value=-0.017186915056546046 0.0077538870346169466 0.038902974076620911 -0.020432225888387154 0.034697803550835661 -0.029155877063861385 -0.059862008116599565 0.019533435363606549 -0.043374171098688664 0.04750488156200619 0.033803896025104745 0.0069155884139272573 -0.057196949302728173 0.020062525704060905 -0.025538607313147155 -0.099249557487187334 -0.0020084085962412761 0.010518118694955871 0.031648753322957988 -0.024380900861910883 -0.077033298370582259 0.045022982365388417 -0.04492417322010761 -0.008090013040997197 0.03869458966561673 -0.018893207668588898 0.010427312993470626 0.015675980160601313 -0.0047736008769087221 -0.04150654815649496 -0.014721488866577332
leaf_weight=203.73528259992599 333.13502027187496 261.12428792566061 3388.4063175711781 356.42713485192508 1695.015644332394 2499.3492468520999 8449.9279001429677 1895.5132139101624 355.31850124709308 6231.4599918574095 7164.047632239759 3104.335630401969 13277.284506576136 2155.0264904648066 1565.8978544473648 6181.4189452063292 489.67967281490564 9261.0425956267864 7841.0430774614215 1926.8639009520411 7278.9684267155826 4994.3510145917535 1982.4191653924063 857.0463624978438 1265.3265117146075 2302.5797383664176 1802.3510102964938 7419.4226767830551 716.68303367309272 1264.6517457179725
leaf_count=1378 2340 1916 71575 12288 11896 16490 60886 12912 8718 45496 50243 21162 434022 15250 10092 134701 3415 216723 52827 12683 175618 33009 59692 27492 38271 73365 41172 51735 4946 8742
internal_value=2.67384e-05 0.01332 -0.0339831 0.00100618 -0.0114249 -0.045622 0.0278467 -0.0375718 5.57779e-05 0.031918 -0.00418718 -0.0509024 0.0147683 -0.0185741 -0.083146 -0.00853176 -0.0110528 0.0258685 -0.0280785 -0.0869934 0.0398484 -0.0499063 0.00437567 0.00268892 0.00751798 2.90487e-05 0.0209175 -0.00795025 -0.0174884 -0.0244101
internal_weight=108520 78023.3 30496.6 42228.1 22187 20926.8 35795.2 17230.3 4573.82 31221.4 18749.5 3437.47 20041.1 2416.15 3696.5 9569.83 11585.5 17711 9736.56 3492.76 13510.4 7493.7 6763.8 6407.37 4424.95 3567.91 2157.67 9890.44 2471.01 1981.33
internal_count=1711055 1365388 345667 799609 154479 139391 565779 115238 67056 498723 130977 23502 645130 17166 24153 206276 80734 277609 65739 22775 221114 49499 211108 198820 139128 111636 49890 68838 17103 13688
is_linear=0
shrinkage=0.05


Tree=2
num_leaves=31
num_cat=0
split_feature=16 16 8 8 8 16 16 16 16 16 16 16 10 16 10 16 10 10 1 3 10 10 16 3 1 3 10 3 13 8
split_gain=17560.5 5163.68 1851.61 1761.15 1236.98 648.6 590 524.231 370.502 367.392 366.438 286.666 249.477 192.189 171.783 135.229 132.445 121.439 115.48 131.848 108.938 103.45 92.7021 83.615 91.2007 82.3229 80.4295 78.8722 78.107 76.9537
threshold=0.76654392977528318 0.81260137962846057 1.0000000180025095e-35 1.0000000180025095e-35 1.0000000180025095e-35 0.74014791079184894 0.73473349532310828 0.85006685903313584 0.84086899360887923 0.76654497051352888 0.76654497051352888 0.79469861518805118 1.0000000180025095e-35 0.79082104221947669 1.0000000180025095e-35 0.7005233644034452 1.0000000180025095e-35 5.921156888350585 2237.5000000000005 1.0000000180025095e-35 1.0000000180025095e-35 6.5231672313721933 0.70406634886711628 1.0000000180025095e-35 1619.5000000000002 1.0000000180025095e-35 6.1227990237026413 1.0000000180025095e-35 1.0000000180025095e-35 5.1209788959100075
decision_type=2 2 2 2 2 2 2 2 2 2 2 2 2 2 2 2 2 2 2 2 2 2 2 2 2 2 2 2 2 2
left_child=2 3 6 10 8 15 20 21 14 -5 -2 17 -12 23 -3 -4 -8 -11 19 -16 -1 -6 -22 -14 -25 -19 -7 -18 -10 -17
right_child=1 4 5 9 7 26 16 -9 28 11 12 -13 13 -15 18 29 27 25 -20 -21 22 -23 -24 24 -26 -27 -28 -29 -30 -31
leaf_value=-0.013372625872639514 0.012263608070189013 0.037923934561846243 -0.038381303482342595 0.025887484509576432 0.030989237708137225 -0.0040293982024155834 0.0034078282655549785 0.040997625255910254 0.020633621988700702 0.0090868874694582762 0.016376549967587469 0.012413231313263577 -0.035311082858984814 -0.012004805509670872 -0.0079799294869904083 -0.029371717487491796 -0.047063663709610487 -0.013607002535648166 -0.0092023995449207734 0.011066796219173383 -0.066763750627736609 0.022769177320115182 -0.053868766672589885 -0.015466797946867773 -0.02913501003722236 -0.00019397410519022176 -0.014991087712959662 -0.034318267261276694 0.046712391220389587 -0.016448461202954807
leaf_weight=128.8881728798151 1145.135728770867 386.75979285500944 3683.5628471896052 2476.3986583324149 6669.8399588912725 2244.3013311121613 200.48743913322687 9845.9025057703257 6555.0385793689638 3287.487361362204 527.07045757770538 9010.6841158177704 1439.5035943705589 5588.1155060213059 1157.1491368301213 4981.599925590679 1689.0570033174008 1327.1028900630772 1387.0288832355291 4230.1517109293491 2605.5952464528382 8981.9589344728738 2996.7540546692908 2713.5035716611892 2218.0189759545028 8288.9356107283384 6578.4316147863865 4314.190293032676 300.26682189200073 1498.4184995628893
leaf_count=1627 89214 6354 42586 195921 105087 27343 2451 165588 101584 46183 7647 124529 17754 72585 16489 54347 18319 17973 20157 60782 26865 138934 30169 34386 28220 110610 78064 47105 5391 16791
internal_value=3.66787e-05 0.012742 -0.0318223 -0.000411974 0.0253992 -0.0221215 -0.0472544 0.0319583 0.0134674 0.00763272 -0.0148064 0.00556986 -0.017289 -0.0187727 0.00551365 -0.0307318 -0.0365692 0.000791047 0.00366328 0.00697571 -0.0588205 0.0262721 -0.0598661 -0.024709 -0.0216143 -0.0020451 -0.0122027 -0.0379043 0.0217759 -0.0263834
internal_weight=108457 77536.1 30921.3 38022 39514.1 18986.3 11935 25497.7 14016.4 24390.6 13631.3 21914.2 12486.2 11959.1 7161.09 10163.6 6203.73 12903.5 6774.33 5387.3 5731.24 15651.8 5602.35 6371.03 4931.52 9616.04 8822.73 6003.25 6855.31 6480.02
internal_count=1711055 1365388 345667 745022 620366 219131 126536 409609 210757 495216 249806 299295 160592 152945 103782 113724 67875 174766 97428 77271 58661 244021 57034 80360 62606 128583 105407 65424 106975 71138
is_linear=0
shrinkage=0.05


Tree=3
num_leaves=31
num_cat=3
split_feature=17 7 3 10 8 10 8 7 7 3 7 2 7 7 10 2 10 10 2 7 7 10 10 7 7 7 7 7 7 7
split_gain=10088.2 6242.8 1671.56 1234.69 849.382 628.024 490.629 368.255 906.354 339.494 263.758 266.587 251.816 264.343 241.703 229.082 209.63 192.178 191.808 169.015 243.636 158.244 156.221 147.395 534.164 307.081 166.649 135.594 452.214 371.382
threshold=0.78953251609163166 1.0397207708399181 1.0000000180025095e-35 1.0000000180025095e-35 1.0000000180025095e-35 4.3286071130852664 1.0000000180025095e-35 2.1383330595080281 2.524928003624769 1.0000000180025095e-35 1.0000000180025095e-35 0 2.3502401828962087 2.524928003624769 5.0492355115557004 1 5.6756013817525242 7.2470747936897988 2 2.1383330595080281 2.524928003624769 0.73060162963332453 1.2007562355602046 1.0397207708399181 2.1383330595080281 2.524928003624769 2.9174053685313028 1.0397207708399181 2.1383330595080281 2.524928003624769
decision_type=2 2 2 2 2 2 2 2 2 2 2 1 2 2 2 1 2 2 1 2 2 2 2 2 2 2 2 2 2 2
left_child=1 3 14 -1 10 7 12 21 -9 -5 -2 23 -7 -14 19 17 -6 -8 -11 -3 -21 -4 -10 -12 -25 -26 -27 -13 -29 -30
right_child=4 2 5 9 16 6 15 8 22 18 11 27 13 -15 -16 -17 -18 -19 -20 20 -22 -23 -24 24 25 26 -28 28 29 -31
leaf_value=0.01012777535837958 0.035803441277040757 0.025037774995973358 0.053951596867972088 -0.069803031048673123 0.029261489015452249 0.00076131654690562284 0.0078420580314594503 -0.027516325705743711 0.026887734449134372 -0.035738808848140978 0.0027971594842557505 -0.014149449746948191 -0.043327156050703419 -0.016558575480700673 -0.031409402231030781 -0.0072660215009431013 0.019734312321187272 -0.003644391727737581 -0.055121875983736225 -0.046057392002213642 -0.0050959886815421908 0.014804682708016478 0.009291710388520941 0.044233860206750221 -0.0073250702332058439 0.035202328891699469 0.01069661179609567 0.036838196136410831 -0.027969527659827111 0.0070010199970854158
leaf_weight=785.92249365523458 811.33073989022523 272.74169237911701 616.92044983804226 2765.9005321338773 7630.7192392218858 1345.5346632897854 6877.0440171174705 1571.2801602398977 1954.6670254087076 2100.5565291643143 3211.9387358268723 1637.7351214606315 1263.1013072347268 3417.8471286464483 6469.4467253945768 13538.069304288365 23727.295484907925 7739.5373883796856 4171.1285567805171 517.1287659322843 1218.1626979140565 443.89962282031775 3556.4499873658642 1325.3878141809255 1904.0164652895182 976.43157392647117 2396.4390310076997 791.3187003582716 1165.8271752540022 2176.6700991103426
leaf_count=5634 23675 1879 4337 17938 216160 9307 48295 10745 13680 13906 80616 41830 8580 23414 44258 94095 648197 54100 27343 3474 8381 3095 24957 35414 48410 25954 64120 21296 29912 58053
internal_value=4.29772e-05 -0.013496 -0.0064405 -0.0499831 0.0172307 -0.0023814 -0.00535422 0.010097 0.0059819 -0.0552104 0.00800923 0.00656238 -0.018302 -0.0237818 -0.0267058 -0.00258275 0.0220527 0.00175873 -0.0487748 -0.0115519 -0.0173028 0.0375706 0.0155326 0.0115705 0.0158561 0.00872852 0.0177909 -0.00197024 0.00285016 -0.00519633
internal_weight=108380 60625.3 50801.8 9823.51 47755.1 42324.4 34181.1 8143.22 7082.4 9037.59 16397.1 15585.8 6026.48 4680.95 8477.48 28154.7 31358 14616.6 6271.69 2008.03 1735.29 1060.82 5511.12 9814.21 6602.27 5276.89 3372.87 5771.55 4133.82 3342.5
internal_count=1711055 417418 352597 64821 1293637 294605 237791 56814 49382 59187 429280 405605 41301 31994 57992 196490 864357 102395 41249 13734 11855 7432 38637 254514 173898 138484 90074 151091 109261 87965
cat_boundaries=0 1 2 3
cat_threshold=28 28 12
is_linear=0
shrinkage=0.05


Tree=4
num_leaves=31
num_cat=0
split_feature=16 16 17 17 11 11 11 16 17 16 10 8 16 10 17 10 8 17 16 3 3 16 10 3 1 3 10 1 11 8
split_gain=15336.2 4705.46 2729.38 2254.36 1715.39 1701.71 1580.16 699.295 635.936 602.759 355.177 301.854 286.985 286.084 246.334 236.47 200.216 167.847 159.852 140.731 130.728 114.717 114.074 111.749 96.5051 124.994 95.9986 95.9695 94.8279 87.6135
threshold=0.76654392977528318 0.81260137962846057 0.78953251609163166 0.78953251609163166 1.0000000180025095e-35 1.0000000180025095e-35 1.0000000180025095e-35 0.84033146576543671 0.78953251609163166 0.74014791079184894 1.0000000180025095e-35 1.0000000180025095e-35 0.79082104221947669 1.0000000180025095e-35 0.78953251609163166 1.0000000180025095e-35 1.0000000180025095e-35 0.78953251609163166 0.69687170892281691 1.0000000180025095e-35 1.0000000180025095e-35 0.72879019664003242 1.0000000180025095e-35 1.0000000180025095e-35 2166.5000000000005 1.0000000180025095e-35 1.0000000180025095e-35 1875.5000000000002 1.0000000180025095e-35 1.0000000180025095e-35
decision_type=2 2 2 2 2 2 2 2 2 2 2 2 2 2 2 2 2 2 2 2 2 2 2 2 2 2 2 2 2 2
left_child=2 3 5 4 12 9 7 14 10 18 -8 26 19 -6 24 -7 -4 -9 -1 -2 -11 -17 -10 -14 25 -3 -5 -25 -28 -15
right_child=1 6 16 11 13 15 8 17 22 20 -12 -13 23 29 -16 21 -18 -19 -20 -21 -22 -23 -24 27 -26 -27 28 -29 -30 -31
leaf_value=-0.04994840332768799 -0.026880045939583888 0.00077307204525908508 -0.016905513339700917 0.030722696160163116 0.0022760843831967975 -0.016602016160247614 0.034923178670236199 0.03012494422137095 0.043612841225360459 -0.035647922431506288 -0.022938584026617342 0.017092984438865391 -0.014419821736992539 -0.051293163794463886 0.026992990509511379 -0.081450781706164252 -0.0019081754879997329 0.040085995139316218 -0.036419556265679984 -0.0092602541455307722 -0.019255621441325727 -0.06386152748363759 0.01331275359916557 0.0075459240933961605 0.0052386423015880618 0.020771753785691696 0.0063160261607358359 -0.0046141843593671813 -0.0073808852765629464 0.041995497114086157
leaf_weight=3263.1394736915827 1339.7105455202982 912.97197232395411 3475.6610457319766 306.65619501844049 282.21006680745631 204.63088270276785 295.43525096774101 8007.4855978898704 369.59949273522943 1501.2031391337514 2592.9696145132184 11781.944577130489 1017.3144489228725 2858.3406554628164 8466.211129790172 1689.6305138245225 6186.5790204852819 8962.4319303845987 6598.7372843176126 7353.7634562896565 6407.9409335181117 2053.7056043669581 1946.789400880225 4640.0993312895298 1979.3286297619343 5417.9024106115103 4034.9292416227981 2495.0027536302805 1839.8743568593636 25.391851365566254
leaf_count=20555 9110 6599 71575 11517 2007 1378 2249 59834 9489 9864 17709 408442 7083 18528 199951 10092 134701 225914 42345 50899 42474 12683 44591 32392 14365 39665 131125 17412 56332 175
internal_value=4.70252e-05 0.012064 -0.0294109 -0.000459963 -0.012002 -0.0392462 0.0242743 0.0282293 -0.00136895 -0.0326495 -0.0170203 0.0123982 -0.00565582 -0.0457698 0.0209903 -0.0689397 -0.00730296 0.0353857 -0.040896 -0.0119756 -0.022367 -0.0718008 0.0181474 0.00108335 0.014875 0.0178878 0.00345001 0.00329378 0.00202642 -0.0504717
internal_weight=108308 76926.4 31381.2 37975.2 20011.8 21719 38951.1 33746.3 5204.79 17771 2888.4 17963.4 16845.9 3165.94 16776.4 3947.97 9662.24 16969.9 9861.88 8693.47 7909.14 3743.34 2316.39 8152.42 8310.2 6330.87 6181.46 7135.1 5874.8 2883.73
internal_count=1711055 1365388 345667 745022 137606 139391 620366 546328 74038 115238 19958 607416 116896 20710 260580 24153 206276 285748 62900 60009 52338 22775 54080 56887 60629 46264 198974 49804 187457 18703
is_linear=0
shrinkage=0.05


Tree=5
num_leaves=31
num_cat=0
split_feature=16 16 17 17 11 11 11 16 16 17 16 13 13 11 13 17 3 13 16 16 17 1 16 3 3 13 1 3 1 3
split_gain=13884 4385.89 2426.13 2052.19 1667.8 1519.02 1207.87 554.379 485.576 469.999 383.756 300.672 253.038 213.976 200.956 194.673 164.539 160.573 143.835 142.664 134.183 119.751 113.134 105.169 104.562 93.1537 83.7024 83.1758 110.851 77.5989
threshold=0.76654392977528318 0.81699180487322043 0.78953251609163166 0.78953251609163166 1.0000000180025095e-35 1.0000000180025095e-35 1.0000000180025095e-35 0.74014791079184894 0.85006685903313584 0.78953251609163166 0.7989565723572235 1.0000000180025095e-35 1.0000000180025095e-35 1.0000000180025095e-35 1.0000000180025095e-35 0.78953251609163166 1.0000000180025095e-35 1.0000000180025095e-35 0.7005233644034452 0.73747438813218613 0.78953251609163166 2189.5000000000005 0.70406634886711628 1.0000000180025095e-35 1.0000000180025095e-35 1.0000000180025095e-35 2213.5000000000005 1.0000000180025095e-35 2189.5000000000005 1.0000000180025095e-35
decision_type=2 2 2 2 2 2 2 2 2 2 2 2 2 2 2 2 2 2 2 2 2 2 2 2 2 2 2 2 2 2
left_child=2 3 5 4 10 7 8 18 15 12 16 -6 -8 21 22 27 -2 -15 -1 -4 -10 29 -7 -12 -9 -11 -25 -3 -29 -5
right_child=1 6 19 13 11 14 9 24 20 25 23 -13 -14 17 -16 -17 -18 -19 -20 -21 -22 -23 -24 26 -26 -27 -28 28 -30 -31
leaf_value=-0.046436225631204218 -0.023066958101075868 0.0034823008187986164 -0.013409375692092591 0.0089258785695260391 -0.044983129813244475 -0.082026745444270244 -0.018965617215613045 -0.032659111337338682 0.030447619401616291 0.013885880388972361 -0.011136313732792599 0.0055825319837461435 0.034329675005791198 -0.0067972142206534844 -0.016104204055798734 0.02819936769113365 -0.0065941961526537118 0.030622817235378814 -0.033986755790761915 -0.0012502020209954091 0.04074268336312778 0.0075083639675921857 -0.062214143767215124 0.011264785144676411 -0.018064558167505542 0.042889167566898895 -0.0018055070657678051 0.022914469014205026 0.0088068917157440203 0.018889776637580707
leaf_weight=3658.4716783314943 1788.6986292097718 937.68802060931921 4524.5696749035269 2409.1665810588747 3319.5133768813685 959.7670321315527 2246.490715496242 1516.7020466029644 5940.2699232622981 1775.4022170202807 828.99038860946894 322.54788128193468 247.22420476004481 2028.6950154760852 202.94638862460852 8782.0253049964085 9940.3224838552997 333.8633181117475 6341.9459662809968 5167.6565281711519 6774.6653410103172 4484.4464368624613 2890.6066256687045 4632.2774707898498 6430.5546350479126 327.9975325204432 1665.2671111822128 5435.4668270796537 1872.0029619410634 10343.968573943712
leaf_count=22692 12076 6850 97142 80288 21170 5595 15309 9837 45356 41233 5814 2312 1932 60350 1358 215957 68642 12246 40166 109173 175272 145052 17329 32792 42240 8733 11779 40322 13723 347559
internal_value=5.51547e-05 0.011592 -0.0277691 0.000774809 -0.00952931 -0.036951 0.0248531 -0.0307074 0.0285398 0.00100098 -0.00354618 -0.0405049 -0.013682 0.0126022 -0.0645968 0.0230191 -0.00910632 -0.00150923 -0.0385412 -0.0069264 0.0359329 0.0145363 -0.0671528 0.00560484 -0.0208499 0.0184086 0.00780859 0.0175015 0.0193004 0.0170075
internal_weight=108130 76437 31693.2 42097.8 22497.6 22001 34339.2 17947.7 29742.1 4597.11 18855.6 3642.06 2493.71 19600.1 4053.32 17027.2 11729 2362.56 10000.4 9692.23 12714.9 17237.6 3850.37 7126.53 7947.26 2103.4 6297.54 8245.16 7307.47 12753.1
internal_count=1710299 1364767 345532 800080 154585 139217 564687 114935 497480 67207 131103 23482 17241 645495 24282 276852 80718 72596 62858 206315 220628 572899 22924 50385 52077 49966 44571 60895 54045 427847
is_linear=0
shrinkage=0.05


Tree=6
num_leaves=31
num_cat=7
split_feature=17 7 3 7 7 7 7 2 7 3 2 3 7 7 7 7 2 7 7 2 2 7 2 9 7 7 7 2 7 7
split_gain=7457.56 4293.56 1250.7 813.636 674.7 876.282 769.209 482.169 329.057 239.882 229.914 225.862 197.135 314.325 194.591 726.035 185.385 151.319 186.792 121.211 111.342 102.957 78.3862 67.7129 63.4923 59.8806 83.4105 53.0456 52.6216 47.1466
threshold=0.78953251609163166 1.0397207708399181 1.0000000180025095e-35 1.0000000180025095e-35 2.524928003624769 2.3502401828962087 1.0397207708399181 0 1.0000000180025095e-35 1.0000000180025095e-35 1 1.0000000180025095e-35 2.1383330595080281 2.524928003624769 2.524928003624769 2.1383330595080281 2 2.1383330595080281 2.524928003624769 3 4 2.9174053685313028 5 0.89587973461402759 2.1383330595080281 2.8029010331479989 3.1132683346437333 6 3.0201273556387074 2.3502401828962087
decision_type=2 2 2 2 2 2 2 1 2 2 1 2 2 2 2 2 1 2 2 1 1 2 1 2 2 2 2 1 2 2
left_child=1 3 17 -1 5 6 8 12 -2 -5 -6 -12 -4 29 15 -9 -11 -3 -19 -10 -13 -15 -7 -18 -8 -16 -27 -23 -20 -14
right_child=4 2 7 9 10 22 24 14 19 16 11 20 13 21 25 -17 23 18 28 -21 -22 27 -24 -25 -26 26 -28 -29 -30 -31
leaf_value=0.0086777222975044071 0.032524086422488066 0.0030824043723367335 0.023157061517749433 -0.056705474644646384 0.010605763931871058 -0.010321183645471479 0.039181790900067064 0.012096758096265793 0.0055674449943633507 -0.031369694698891601 0.011038296812493473 0.026980753840006012 -5.7680417756570381e-05 0.017982081675934763 0.0070707533808524632 -0.042863964965317219 -0.049462764795394222 -0.044314562782286487 -0.0078495681391824862 -0.010130530185458127 0.019760859572309469 0.0082135838335890745 -0.027912012876310302 0.037789099871606363 0.017904810758504693 -0.020607886681111905 -0.0054305107258022858 0.001550941974949534 -0.022870621860539092 -0.022545940493219358
leaf_weight=768.96321789640933 773.57871401216835 533.88443649187684 1173.9204184431583 2926.8455977365375 7465.3061333233491 1139.9892144436017 2063.1112753879279 1011.6249409113079 2368.4125093109906 3550.926031941548 5128.986689530313 9147.7863789219409 280.31721004843712 1216.3772734571248 882.11274646222591 1479.951584212482 3051.9160831868649 1028.4892277289182 640.50595390051603 2538.3303951192647 13990.391441889107 3775.8472975064069 1541.5254628611729 22.399482101202011 422.41203844454139 959.71730437129736 15949.710478606634 14243.854747069068 6499.2412872826681 1382.6509792394936
leaf_count=5602 23686 3601 8344 17936 208559 29176 57374 7027 59282 22418 141748 261358 1950 8501 6057 9843 18903 6734 4271 64582 396451 26575 39668 146 11121 6534 110168 99877 43479 9328
internal_value=5.97896e-05 -0.0113881 -0.00544252 -0.0408011 0.015145 0.00422313 0.0123668 -0.00189546 0.00221566 -0.0447843 0.0184605 0.0205239 0.00321834 0.0020999 -0.00745843 -0.0205489 -0.0395178 -0.0227072 -0.0243928 -0.00256265 0.0226355 0.00390284 -0.0205762 -0.0486687 0.0355658 -0.0056294 -0.00629192 0.00295245 -0.0215231 -0.0187552
internal_weight=107959 61379.3 51058.2 10321.1 46579.8 10847.4 8165.84 42356.1 5680.32 9552.09 35732.5 28267.2 22073 20899 20283.1 2491.58 6625.24 8702.12 8168.24 4906.74 23138.2 19236.1 2681.51 3074.32 2485.52 17791.5 16909.4 18019.7 7139.75 1662.97
internal_count=1710299 417294 352289 65005 1293005 284889 216045 294204 147550 59403 1008116 799557 154575 146231 139629 16870 41467 58085 54484 123864 657809 134953 68844 19049 68495 122759 116702 126452 47750 11278
cat_boundaries=0 1 2 3 4 5 6 7
cat_threshold=28 2 28 12 12 12 4
is_linear=0
shrinkage=0.05


Tree=7
num_leaves=31
num_cat=0
split_feature=16 17 7 7 16 16 16 17 17 10 10 16 8 16 16 3 8 16 10 3 1 10 8 7 7 16 16 7 7 17
split_gain=12242.3 4536.12 2089.58 1550.67 1419.03 1200.94 638.803 571.914 339.065 316.84 281.585 250.923 220.975 213.675 156.295 150.065 146.787 137.809 126.976 122.224 132.159 107.254 145.843 108.994 160.299 93.9635 89.1493 87.8957 254.061 86.1103
threshold=0.7989565723572235 0.78953251609163166 1.0397207708399181 1.0397207708399181 0.74255678376063361 0.83389629751712524 0.75947657523217504 0.78953251609163166 0.78953251609163166 1.0000000180025095e-35 1.0000000180025095e-35 0.76327283512609834 1.0000000180025095e-35 0.74255678376063361 0.85907782785924558 1.0000000180025095e-35 1.0000000180025095e-35 0.7005233644034452 1.0000000180025095e-35 1.0000000180025095e-35 2213.5000000000005 1.4162525511477868 1.0000000180025095e-35 2.1383330595080281 2.524928003624769 0.83389629751712524 0.85907782785924558 2.1383330595080281 2.524928003624769 0.80746815628981106
decision_type=2 2 2 2 2 2 2 2 2 2 2 2 2 2 2 2 2 2 2 2 2 2 2 2 2 2 2 2 2 2
left_child=1 2 10 7 17 8 16 9 19 -2 -1 -6 -8 -12 -7 -13 -3 -4 -9 -5 -21 23 -23 -17 -25 -11 -20 -10 -29 -14
right_child=3 6 4 5 11 14 12 18 27 25 13 15 29 -15 -16 21 -18 -19 26 20 -22 22 -24 24 -26 -27 -28 28 -30 -31
leaf_value=-0.010451745267209317 0.027629056977708233 -0.01790385249186674 -0.0428220925893672 -0.0053352801799795378 -0.020648907313739973 0.027009913581697981 0.00015947342372660207 0.039034998972625586 0.040697689993225789 -0.027577324241310899 -0.065877310457491567 -0.020943271352435823 0.0098461075540795633 -0.046793799595996333 0.035967242908451803 0.048572255461978471 -0.0039178997965911731 -0.030924998461304944 0.0037187194658789692 0.013838786553495311 0.0011245542214418055 -0.019216739250010134 -0.0045106162791903664 -0.027961191563105416 0.019617241529001635 -0.011092622405604649 0.026241190243350823 -0.0081424188504041674 0.022251314502828065 0.02015993522873262
leaf_weight=389.03843533899635 377.64680560678244 2943.3998313657939 3726.8347230926156 1386.5081602036953 6202.405819632113 9952.6142538683489 5208.0895549487323 420.2062050178647 537.68514998629689 2028.7523480951786 2421.2542326748371 2025.0989489890635 6738.5395206240937 3721.1240917854011 9536.2054840018973 154.03998817503452 5173.5272260941565 7017.1573774591088 1798.2477866364643 7694.851574730128 2783.1324018836021 2138.9079124471173 7959.969281473197 276.59914973378181 491.79379405081272 1506.2548991814256 581.42488896567374 744.35128850024194 9011.4373826403171 2892.3976925555617
leaf_count=2691 2917 60272 22692 9744 40222 168464 177804 11319 12796 12961 13846 13378 143377 22540 170713 1087 112895 43926 40181 55936 19880 14314 54826 1804 3404 10050 14008 16576 216427 219249
internal_value=6.14332e-05 -0.0151289 -0.0260756 0.018745 -0.0204947 0.0223395 0.00228794 -0.00355673 0.0143767 -0.0159027 -0.0517035 -0.0123694 0.00845672 -0.0543163 0.0313929 -0.00843326 -0.00898955 -0.0350518 0.013696 0.00861561 0.0104617 -0.00613462 -0.00762532 0.0101857 0.00249039 -0.0205532 0.00922163 0.021017 0.0199323 0.0129436
internal_weight=107839 59480.2 36524.2 48359.3 29992.8 41646.8 22956 6712.53 22158 3912.65 6531.42 19248.8 14839 6142.38 19488.8 13046.4 8116.93 10744 2799.88 11864.5 10478 11021.3 10098.9 922.433 768.393 3535.01 2379.67 10293.5 9755.79 9630.94
internal_count=1710299 948327 234730 761972 195653 670536 713597 91436 331359 25928 39077 129035 540430 36386 339177 88813 173167 66618 65508 85560 75816 75435 69140 6295 5208 23011 54189 245799 233003 362626
is_linear=0
shrinkage=0.05


Tree=8
num_leaves=31
num_cat=0
split_feature=16 17 7 7 16 16 16 17 7 17 7 16 16 7 7 7 3 17 7 7 7 7 16 7 3 1 3 1 17 16
split_gain=11115.5 4109.92 1914.06 1365.5 1350.65 988.595 603.279 484.53 279.054 274.52 256.237 236.284 201.514 186.809 252 236.953 175.171 159.325 122.12 181.285 131.212 113.438 97.4985 95.7919 92.6741 122.623 89.6137 87.7333 87.4809 86.6341
threshold=0.80180791674273144 0.78953251609163166 1.0397207708399181 1.0397207708399181 0.75627007412817815 0.83389629751712524 0.76187841967785319 0.78953251609163166 1.0000000180025095e-35 0.78953251609163166 1.0000000180025095e-35 0.7198530316192141 0.74255678376063361 2.524928003624769 2.3502401828962087 1.0397207708399181 1.0000000180025095e-35 0.78953251609163166 2.524928003624769 2.3502401828962087 1.0397207708399181 1.0000000180025095e-35 0.77913418258995193 1.0000000180025095e-35 1.0000000180025095e-35 1726.5000000000002 1.0000000180025095e-35 1790.5000000000002 0.80746815628981106 0.8534154820491322
decision_type=2 2 2 2 2 2 2 2 2 2 2 2 2 2 2 2 2 2 2 2 2 2 2 2 2 2 2 2 2 2
left_child=1 2 10 7 11 9 18 8 -2 24 -1 -4 -12 14 15 23 -6 26 19 20 -3 -9 -18 -8 -5 -26 -7 -28 -15 -19
right_child=3 6 4 5 16 17 13 21 -10 -11 12 -13 -14 28 -16 -17 22 29 -20 -21 -22 -23 -24 -25 25 -27 27 -29 -30 -31
leaf_value=-0.0095648575105174109 0.027880335197156436 -0.017518462892478989 -0.0371726871364483 -0.0036583540021185158 -0.02075656253496673 0.013373074139167591 0.025811064495516609 0.038207207657303538 -0.018669320718798982 0.020721630087601646 -0.06174161466390702 -0.024347407504034094 -0.043479869448417072 0.0088232121171287255 -0.023991901424066441 0.02958600232034533 -0.010925247446107931 0.029140441968615712 -0.0046733558017784237 -0.041069238858085617 0.017136289138684518 0.0092836575128567682 -0.0025300015834178735 -0.0076251692816516996 0.015127967447551778 0.0034426405076898843 0.030948655876627248 0.01932163884948012 0.018386048575679721 0.038585272497418374
leaf_weight=406.6928811436519 355.66615394875407 1102.6145369503647 6208.7211411744356 1265.0292602181435 2623.7939028553665 1295.2906701751053 246.52785187866539 398.22583476174623 3396.7903924435377 9444.6124745709822 2453.389535240829 8518.295408077538 3931.2330671939999 8196.3684516996145 921.28047182224691 776.76866725832224 6815.9191753845662 4136.8072139136493 6523.9449374973774 626.43631595559418 363.08668726868927 2279.2828391771764 7020.5703344419599 1633.8857033224776 5980.1802354343235 3594.5168582573533 5577.0571977831423 2288.064301405102 3376.859113660641 5877.6165845887735
leaf_count=2806 2796 22240 37594 8894 17131 9889 10338 10978 22015 228118 13846 53830 23542 174534 29091 28162 45511 108432 141129 12431 7619 52258 48477 51736 43902 25874 43550 17637 256270 159669
internal_value=6.47535e-05 -0.013787 -0.0239919 0.0187031 -0.0187538 0.0221848 0.00251929 -0.00266323 -0.0142572 0.0144901 -0.048046 -0.0297544 -0.0504972 0.00852632 -0.00145797 0.00635484 -0.00891167 0.0303247 -0.00804427 -0.0185559 -0.00893371 0.0135855 -0.00666554 -0.00324158 0.00906062 0.0107411 0.0255593 0.0275662 0.0116135 0.0346838
internal_weight=107636 61746.4 37978.6 45889.1 31187.3 39459.2 23767.8 6429.97 3752.46 20284.3 6791.32 14727 6384.62 15151.7 3578.46 2657.18 16460.3 19174.8 8616.08 2092.14 1465.7 2677.51 13836.5 1880.41 10839.7 9574.7 9160.41 7865.12 11573.2 10014.4
internal_count=1710299 976287 242737 734012 202543 645965 733550 88047 24811 306788 40194 91424 37388 550131 119327 90236 111119 339177 183419 42290 29859 63236 93988 62074 78670 69776 71076 61187 430804 268101
is_linear=0
shrinkage=0.05


Tree=9
num_leaves=31
num_cat=0
split_feature=16 16 7 7 7 16 10 16 7 7 7 10 10 16 7 7 8 16 16 10 7 7 7 10 16 8 8 10 10 7
split_gain=10075.8 2894.58 1256.18 991.778 951.489 934.203 406.497 318.473 263.315 239.324 675.234 219.122 201.215 173.528 173.342 508.434 167.302 146.863 145.649 111.671 106.701 124.578 443.717 162.48 92.2883 87.1149 81.1775 95.7763 80.9699 78.344
threshold=0.80180791674273144 0.75947657523217504 1.0397207708399181 1.0397207708399181 2.524928003624769 0.84033146576543671 1.0000000180025095e-35 0.72191915820009889 1.0000000180025095e-35 2.1383330595080281 2.524928003624769 0.58835231277292122 4.6721849319703859 0.84086899360887923 2.1383330595080281 2.524928003624769 0.89587973461402759 0.70406634886711628 0.81509598270433947 0.73060162963332453 1.0000000180025095e-35 1.0397207708399181 2.1383330595080281 0.58835231277292122 0.8699939667019746 6.2255475492814139 5.7822843490610341 6.7711279025467732 3.3671058435048637 2.3502401828962087
decision_type=2 2 2 2 2 2 2 2 2 2 2 2 2 2 2 2 2 2 2 2 2 2 2 2 2 2 2 2 2 2
left_child=1 4 6 8 17 14 -2 25 -3 11 -11 -5 -12 -8 19 29 -14 -1 -17 -4 -19 -22 23 -23 -7 28 27 -9 -6 -16
right_child=2 3 5 9 7 24 13 26 -10 10 12 -13 16 -15 15 18 -18 20 -20 -21 21 22 -24 -25 -26 -27 -28 -29 -30 -31
leaf_value=-0.051258725339258404 0.032300995775937709 0.011292485038917832 0.054168609717379627 0.052669862557754833 -0.010011161478499108 0.027531372001240957 -0.014007320381548708 -0.010440116543458776 -0.027256004096115269 -0.026038125166030275 0.011492154563795709 0.0085163986546772184 -0.010358473967927212 0.0039246267254937177 0.012063707931197645 0.010934386720903034 0.0016197174749298063 -0.0012321623992032731 0.01960075725713396 0.022742464368129201 -0.043439370989699064 0.048802330710162739 -0.043405184517480516 -0.0084827527639019015 0.035309398977906109 -0.011209129100172865 -0.0033189156503358043 -0.020061229434490565 -0.030185905236377937 -0.016715419609743907
leaf_weight=2076.4292857460678 741.18751976452768 489.73154178168625 412.14893608354032 379.51936910953373 537.21571834385395 9270.6139610568061 3485.5963535215706 4761.9969168789685 4642.1550792492926 2414.7025755234063 4298.3508548950776 1082.3902198662981 3501.3538221037015 2201.087524288334 282.32817713078111 8075.3296407461166 17411.66222496517 215.68171587772667 12131.193996400572 899.89431997854263 3206.8542875908315 157.24877018295228 1544.1443424951285 581.60316899046302 6479.0322748776525 790.74507292360067 1526.0089698024094 5662.6481052730232 6699.1317214239389 1456.1406327337027
leaf_count=19097 13788 12164 6369 8669 6232 163132 43131 53568 70473 42702 96631 20974 66261 31128 3979 113340 366279 2638 202847 13503 28077 1792 16048 6005 121827 8664 17420 62503 70090 20968
internal_value=6.73451e-05 -0.013044 0.0179532 -0.0033119 -0.0250409 0.0213281 -0.00252717 -0.0192635 -0.0235774 0.000263462 -0.000779833 0.0199789 0.00163936 -0.00706658 0.0149605 0.013905 -0.000385727 -0.0398727 0.0161373 0.0326143 -0.035729 -0.0370843 -0.0281575 0.00370915 0.0307311 -0.0269663 -0.0140896 -0.0156663 -0.0286882 -0.0120417
internal_weight=107414 61979.6 45434.6 34219.9 27759.7 39006.7 6427.87 19977.7 5131.89 29088 27626.1 1461.91 25211.4 5686.68 23257 21945 20913 7781.96 20206.5 1312.04 5705.53 5489.85 2283 738.852 15749.6 8027.09 11950.7 10424.6 7236.35 1738.47
internal_count=1710299 976287 734012 684153 292134 645965 88047 218477 82637 601516 571873 29643 529171 74259 361006 341134 432540 73657 316187 19872 54560 51922 23845 7797 284959 84986 133491 116071 76322 24947
is_linear=0
shrinkage=0.05


Tree=10
num_leaves=31
num_cat=0
split_feature=17 7 3 8 7 1 1 8 7 7 7 7 3 1 1 3 7 7 7 7 7 7 7 7 7 1 8 7 8 1
split_gain=5391.05 2822.29 908.23 588.741 479.243 369.927 237.545 219.652 328.924 224.373 208.218 270.345 205.995 175.121 151.144 147.284 132.871 153.994 114.954 394.75 332.137 175.181 163.502 110.661 90.4978 83.792 80.5196 72.9978 70.6897 68.9943
threshold=0.78953251609163166 1.0397207708399181 1.0000000180025095e-35 1.0000000180025095e-35 1.0000000180025095e-35 1522.5000000000002 1677.5000000000002 1.0000000180025095e-35 2.1383330595080281 2.524928003624769 2.1383330595080281 2.524928003624769 1.0000000180025095e-35 2189.5000000000005 886.50000000000011 1.0000000180025095e-35 2.1383330595080281 2.524928003624769 2.3502401828962087 1.0397207708399181 2.524928003624769 2.9174053685313028 1.0000000180025095e-35 2.9174053685313028 2.8029010331479989 699.50000000000011 2.8617925509761908 3.1132683346437333 1.0000000180025095e-35 267.50000000000006
decision_type=2 2 2 2 2 2 2 2 2 2 2 2 2 2 2 2 2 2 2 2 2 2 2 2 2 2 2 2 2 2
left_child=1 4 16 6 -1 10 18 8 -7 -10 -4 -12 -6 15 -14 -5 -3 -18 19 22 -20 -22 -2 -13 -11 -17 -16 -23 -25 -19
right_child=3 2 5 13 12 7 -8 -9 9 24 11 23 14 -15 26 25 17 29 20 -21 21 27 -24 28 -26 -27 -28 -29 -30 -31
leaf_value=0.0053332196134371276 0.033074477019970849 0.0050681207142640817 0.022903337726405557 0.01077695364648691 -0.046798693543414975 0.010762905586988969 -0.0036238162191377004 -0.003693647055063884 -0.038278139212756551 0.0024323064755355579 -0.017244567250106421 0.01749653206712673 -0.019948495040605009 0.01054082851602324 -0.036672877431618858 0.027430202712556702 -0.038596116034942889 -0.0069821377567861418 -0.01331021118906384 0.035359382191176035 0.030716815715479823 -0.008259532796205029 0.0022901800588128302 -0.0065543658450952632 -0.019161159065611333 0.019499950904639195 0.036935435966393156 0.011143032212753796 0.0032618606723595063 -0.020318825413798657
leaf_weight=756.34650738537312 491.83601255901158 527.82360218092799 1198.8816699199378 3973.5394022669643 3036.7021334022284 923.46227791532874 5016.2581273736432 14423.777209075168 1418.0830646157265 666.42575576528907 1767.6942986352369 1259.8744820468128 2090.8298271363601 7217.1937864562497 4695.2792127914727 4378.2162905307487 1060.8758895546198 1152.6228357926011 1787.3443999411538 1616.32389661856 1011.8137190965936 656.09195923432708 3505.8882021671161 2058.4571862546727 1784.4262627428398 13925.484579715878 37.448824852705002 1856.3945262106135 16822.016566568054 6111.9826378868893
leaf_count=5634 15863 3560 8790 113310 17894 6493 134634 99396 9158 4560 11824 8963 12813 208560 28140 130847 6729 7575 45214 46732 28815 17994 87817 14282 11986 411185 238 52560 119188 40149
internal_value=5.10428e-05 -0.00956246 -0.00469549 0.0131253 -0.0330233 -0.00164902 0.00538373 -0.006775 -0.016049 -0.0224486 0.00261384 0.00150353 -0.0359655 0.0173097 -0.0311443 0.0195026 -0.0192591 -0.0208014 0.00951932 0.014508 0.00424663 0.0131506 0.00607754 0.00314903 -0.0132896 0.0213969 -0.0360904 0.00607639 0.00219164 -0.0182028
internal_weight=107229 61793 51176.4 45436.4 10616.6 42323.1 15942 19216.2 4792.4 3868.94 23106.9 21908 9860.26 29494.4 6823.56 22277.2 8853.3 8325.48 10925.7 5614.05 5311.64 3524.3 3997.72 20140.3 2450.85 18303.7 4732.73 2512.49 18880.5 7264.61
internal_count=1710903 417372 352653 1293531 64719 294640 429629 131593 32197 25704 163047 154257 59085 863902 41191 655342 58013 54453 294995 150412 144583 99369 103680 142433 16546 542032 28378 70554 133470 47724
is_linear=0
shrinkage=0.05


Tree=11
num_leaves=31
num_cat=0
split_feature=16 16 7 16 7 7 10 16 7 7 7 10 10 8 7 7 16 10 8 8 7 10 7 7 10 16 16 16 16 7
split_gain=8962.04 2473.59 1119.52 893.947 834.268 711.252 339.08 275.39 224.868 211.982 582.67 223.501 176.807 171.556 163.127 434.956 155.449 150.66 118.801 118.317 114.559 109.774 106.685 271.511 96.9657 94.9623 206.919 87.9892 86.5951 85.3728
threshold=0.80180791674273144 0.75715122450496131 1.0397207708399181 0.84033146576543671 1.0397207708399181 1.0397207708399181 1.0000000180025095e-35 0.72374940372495866 1.0000000180025095e-35 2.1383330595080281 2.524928003624769 0.73060162963332453 4.5631212055454773 0.89587973461402759 2.1383330595080281 2.524928003624769 0.83389629751712524 2.1139029853608 1.2424533248940002 5.1957269410780187 1.0000000180025095e-35 0.14313038490420291 2.1383330595080281 2.524928003624769 0.73060162963332453 0.76654392977528318 0.76654497051352888 0.81095267976944996 0.8699939667019746 2.1383330595080281
decision_type=2 2 2 2 2 2 2 2 2 2 2 2 2 2 2 2 2 2 2 2 2 2 2 2 2 2 2 2 2 2
left_child=1 5 6 14 8 20 -2 19 -3 11 -11 -6 -12 -14 21 -16 -8 -17 -19 29 -1 -4 24 -24 -9 -15 -27 -20 -5 -7
right_child=2 4 3 28 9 7 16 22 -10 10 12 -13 13 25 15 17 -18 18 27 -21 -22 -23 23 -25 -26 26 -28 -29 -30 -31
leaf_value=-0.0088764562263676464 0.029929476357549053 0.0099881060446545405 0.054733882900363823 0.026473707237926188 0.050466949216078888 -0.0051569189662547411 -0.014080825799201478 0.047014154678269186 -0.025031475043548568 -0.024143761602575666 0.010214764617300429 0.0064218778106622789 -0.010721357030199849 -0.0068879935992096812 -0.010785943387801242 0.029811925437219711 0.0024338552270183715 0.0063232711582121908 0.0095728554049556974 -0.013950715023175894 -0.043746240661970352 0.022200330068807415 -0.039758505907098181 -0.013614716732478167 -0.0045474693421837763 0.018353201542014811 0.00051228702928456202 0.018385445267003614 0.034084349523638563 -0.029875016798161364
leaf_weight=249.2319535240531 727.34715847950429 505.82497682888061 361.58328032772988 9143.8568114824593 390.97417229786515 365.65993920341134 3030.2450402779505 117.30083716474473 4889.3700990248471 2555.2717781057581 4242.1125258766115 1093.8005994185805 3719.7794551299885 3112.7631329344586 1762.6653588879853 1605.5148453246802 2689.682112172246 4087.4884941997007 3890.4901531012729 1611.9638861641288 4288.431903893128 916.47222229465842 1095.9983778540045 10577.253553690389 409.48557850904763 1852.8395901517943 13228.048440421 10415.128822311759 6321.5309486463666 7819.6073614470661
leaf_count=3081 13843 12407 5845 163590 9147 3783 36234 1343 72441 43851 94403 21172 69215 37016 24933 26032 38161 62285 55195 17504 36476 14109 11320 117315 4330 158161 182530 173018 121568 80595
internal_value=5.1722e-05 -0.0122527 0.0170571 0.0202859 -0.00363807 -0.0238074 -0.0022262 -0.0200895 -0.0217482 -0.000402239 -0.00135494 0.0180199 0.000871421 -0.00093731 0.014044 0.0130244 -0.00631513 0.015123 0.0138408 -0.0263324 -0.041831 0.0314046 -0.0150761 -0.0160693 0.00693389 0.00106309 0.00270422 0.0159888 0.0295846 -0.0287708
internal_weight=107078 62125.7 44952 38504.7 35590.8 26534.9 6447.27 21997.3 5395.2 30195.6 28710.8 1484.77 26155.5 21913.4 23039.3 21761.3 5719.93 19998.6 18393.1 9797.23 4537.66 1278.06 12200 11673.3 526.786 18193.7 15080.9 14305.6 15465.4 8185.27
internal_count=1710903 976090 734813 646575 700343 275747 88238 236190 84848 615495 585176 30319 541325 446922 361417 341463 74395 316530 290498 101882 39557 19954 134308 128635 5673 377707 340691 228213 285158 84378
is_linear=0
shrinkage=0.05


Tree=12
num_leaves=31
num_cat=0
split_feature=16 17 7 7 16 16 16 17 17 10 16 16 10 7 7 3 17 7 7 7 10 7 16 10 7 7 7 7 7 10
split_gain=8129.54 3086.98 1275.27 1001.6 944.951 798.24 424.211 376.041 238.451 186.908 176.341 175.07 138.404 141.068 169.238 133.154 123.772 119.553 194.084 178.019 108.743 106.764 85.3401 78.8329 78.7884 139.601 97.4855 78.2808 186.433 127.052
threshold=0.80280325263290642 0.78953251609163166 1.0397207708399181 1.0397207708399181 0.75715122450496131 0.84033146576543671 0.76187841967785319 0.78953251609163166 0.78953251609163166 1.0000000180025095e-35 0.74255678376063361 0.69687170892281691 1.8183832997795706 2.1383330595080281 2.524928003624769 1.0000000180025095e-35 0.78953251609163166 2.524928003624769 2.3502401828962087 1.0397207708399181 2.1139029853608 1.0000000180025095e-35 0.7820556720631886 0.0023111235910171818 2.524928003624769 2.3502401828962087 1.0397207708399181 2.1383330595080281 2.524928003624769 0.73060162963332453
decision_type=2 2 2 2 2 2 2 2 2 2 2 2 2 2 2 2 2 2 2 2 2 2 2 2 2 2 2 2 2 2
left_child=1 2 10 7 11 8 24 9 20 -2 -1 -4 13 -6 -15 -14 -7 18 19 -8 -5 -12 -17 -9 25 26 -3 29 -29 -13
right_child=3 6 4 5 12 16 17 23 -10 -11 21 27 15 14 -16 22 -18 -19 -20 -21 -22 -23 -24 -25 -26 -27 -28 28 -30 -31
leaf_value=-0.049633023607215457 0.023748652594067395 -0.013179294038206153 -0.034525874449968137 0.021842191960614557 0.043229235561301475 0.023924668321268678 -0.0013654248521705087 0.032802763089315186 0.01919312812275651 -0.015547685939153483 -0.0051250952610810974 0.045823140095357817 -0.019858408890662312 -0.022705389379675308 0.014763686697944523 -0.010866160071939747 0.032949330556709212 0.010191925527120787 -0.019390744355629159 0.026993709520385128 0.0070064822020973654 -0.035407166350433852 -0.0026997387355633066 0.0089849849733299649 -0.0033852251956822121 -0.033761911212258855 0.016648123237850854 -0.042654462672886521 -0.020667918295635232 -0.01552152925644648
leaf_weight=2620.4829516485333 332.47235593572259 1142.8729285076261 3555.1837898641825 1404.1183454021811 226.35582760442048 7359.2166041024029 1946.4595914073288 412.03356535825878 10438.687279896811 3367.5038609728217 313.35159855987877 106.60249679535627 2403.5942806135863 488.79687068425119 785.9125144649297 6821.361725400202 7853.9713329849765 11631.389355474152 966.23901538364589 773.19540842343122 10265.268574014306 4093.1408985517919 6024.5168118812144 2215.1466068541631 6588.7466131206602 650.05065574496984 360.29529308900237 1064.3247971907258 10244.586963132024 405.34920214116573
leaf_count=14538 2747 22271 20742 10513 1682 59863 62953 11892 264324 21412 2208 697 15452 3056 5431 45437 225295 436712 29396 28824 76446 23814 41522 50808 141065 12338 7653 6251 63046 2515
internal_value=5.38197e-05 -0.0114059 -0.0200674 0.0166501 -0.0158471 0.0197687 0.00268955 -0.00174521 0.0137028 -0.0120166 -0.0393619 -0.0247973 -0.0076313 0.00685502 0.000395889 -0.00905724 0.0285837 0.00770527 -0.000141737 0.00669705 0.00879159 -0.0332538 -0.00703624 0.0127204 -0.00609878 -0.0144021 -0.00602994 -0.0218714 -0.0227372 -0.00274787
internal_weight=106861 63212.8 39153.6 43648.4 32126.6 37321.3 24059.2 6327.16 22108.1 3699.98 7026.98 15376 16750.5 1501.07 1274.71 15249.5 15213.2 15317.3 3685.89 2719.65 11669.4 4406.49 12845.9 2627.18 8741.97 2153.22 1503.17 11820.9 11308.9 511.952
internal_count=1710903 987603 246391 723300 205831 636441 741212 86859 351283 24159 40560 93251 112580 10169 8487 102411 285158 557885 121173 91777 86959 26022 86959 62700 183327 42262 29924 72509 69297 3212
is_linear=0
shrinkage=0.05


Tree=13
num_leaves=31
num_cat=0
split_feature=16 17 7 16 7 16 16 17 17 16 16 10 8 3 17 7 10 8 7 7 10 8 8 16 1 8 7 7 10 8
split_gain=7380.75 2772.13 1187.18 912.638 890.063 674.696 395.62 319.342 203.645 166.761 162.543 158.661 140.67 131.927 118.298 106.129 105.195 146.15 103.564 117.13 97.2548 96.1445 92.4811 78.8732 71.9513 71.7926 70.4019 189.993 69.8509 65.957
threshold=0.80495717034751546 0.78953251609163166 1.0397207708399181 0.75792891440371568 1.0397207708399181 0.84033146576543671 0.76654392977528318 0.78953251609163166 0.78953251609163166 0.74255678376063361 0.72191915820009889 1.0000000180025095e-35 1.0000000180025095e-35 1.0000000180025095e-35 0.78953251609163166 1.0000000180025095e-35 1.2007562355602046 1.0000000180025095e-35 1.8688348091416842 2.524928003624769 2.1139029853608 1.0000000180025095e-35 1.0000000180025095e-35 0.7820556720631886 1459.5000000000002 5.1957269410780187 2.1383330595080281 2.524928003624769 0.0023111235910171818 1.0000000180025095e-35
decision_type=2 2 2 2 2 2 2 2 2 2 2 2 2 2 2 2 2 2 2 2 2 2 2 2 2 2 2 2 2 2
left_child=1 2 9 10 7 8 21 11 20 -1 25 -2 24 -5 -7 -11 18 -18 -15 -20 -6 -3 -22 -19 -8 -4 -10 -28 -9 -17
right_child=4 6 3 13 5 14 12 28 26 15 -12 -13 -14 16 -16 29 17 23 19 -21 22 -23 -24 -25 -26 -27 27 -29 -30 -31
leaf_value=-0.046932922439394509 0.023251660532871952 -0.011541198847790667 -0.031352309780684574 -0.016721993696953034 0.021677022240622013 0.023033561183419381 0.0061013529219851766 0.031815318800682772 0.037050879502632757 -0.0038482228502620302 -0.018832628566281484 -0.014090835542268183 0.011528262900462423 0.046417928539511127 0.031927446779773286 -0.033820085417128783 -0.015996344340832587 -0.0076655407206814852 -0.017824151321984547 0.01746786811549764 -0.0025018750434493472 -0.0012749249274378207 0.0096731890139326957 0.00093695399334781733 -0.0058269469527950793 -0.017377453123789004 -0.0064020563144997966 0.019993292471165314 0.0088620520212382408 0.036374781177003622
leaf_weight=2632.3524952381849 311.78431570529938 3595.4274102244526 5692.5341013967991 2740.6319850664586 1308.1956555880606 7264.1952412426472 3177.3566684918478 392.22553626541048 505.16321306955069 330.41371730621904 8934.7237517610192 3244.3154678270221 9544.4519170671701 164.89309755712748 7703.9525487422943 4225.3273428548127 2881.6394808106124 5256.6726748915389 387.16518484801054 598.58345609903336 1971.5730098150671 6235.9418446300551 7466.8143391571939 5403.4727340191603 2099.6213987693191 1095.9545074254274 740.98004115000367 8527.9959809901193 2139.229548515752 33.732116654515266
leaf_count=14538 2626 71485 33168 17574 9940 59863 110427 11586 13461 2329 55079 20578 369612 1266 225295 24437 18909 35223 2436 4223 14416 134906 56428 37630 70192 6498 16929 220253 49385 211
internal_value=5.53797e-05 -0.010464 -0.0185304 -0.0145291 0.0165091 0.019539 0.00274763 -0.00115463 0.013651 -0.0369006 -0.0232639 -0.0108168 0.0079063 -0.00665103 0.0276112 -0.0311464 -0.00477246 -0.00600572 0.00974159 0.00360648 0.00890079 -0.0050294 0.00712996 -0.00330506 0.00135528 -0.0290962 0.0188739 0.0178832 0.0124184 -0.0332641
internal_weight=106607 65030.9 40378.1 33156.3 41576.4 35488.9 24652.8 6087.55 20520.7 7221.83 15723.2 3556.1 14821.4 17433.1 14968.1 4589.47 14692.4 13541.8 1150.64 985.749 10746.6 9831.37 9438.39 10660.1 5276.98 6788.49 9774.14 9268.98 2531.46 4259.06
internal_count=1710903 1010143 253521 212006 700760 616585 756622 84175 331427 41515 94745 23204 550231 117261 285158 26977 99687 91762 7925 6659 80784 206391 70844 72853 180619 39666 250643 237182 60971 24648
is_linear=0
shrinkage=0.05


Tree=14
num_leaves=31
num_cat=0
split_feature=16 17 16 7 7 16 7 16 17 16 17 16 7 7 7 7 7 3 1 17 7 3 3 7 7 16 1 7 16 4
split_gain=6725.21 2552.2 1181.29 712.113 646.721 475.319 473.619 396.487 249.574 159.647 158.823 148.954 122.214 199.402 191.749 119.233 96.6703 94.5802 116.829 90.7468 80.3872 75.909 73.6222 72.33 203.083 64.8211 63.0813 59.1041 58.9314 57.794
threshold=0.81095267976944996 0.78953251609163166 0.75792891440371568 1.0397207708399181 1.0397207708399181 0.8534154820491322 1.0397207708399181 0.76187841967785319 0.78953251609163166 0.78865576902894141 0.78953251609163166 0.68801149572036502 2.524928003624769 2.3502401828962087 1.0397207708399181 1.0000000180025095e-35 1.0000000180025095e-35 1.0000000180025095e-35 2189.5000000000005 0.78953251609163166 1.0000000180025095e-35 1.0000000180025095e-35 1.0000000180025095e-35 2.1383330595080281 2.524928003624769 0.72726264033176469 1988.5000000000002 1.0000000180025095e-35 0.70406634886711628 1.5000000000000002
decision_type=2 2 2 2 2 2 2 2 2 2 2 2 2 2 2 2 2 2 2 2 2 2 2 2 2 2 2 2 2 2
left_child=1 2 6 8 16 10 28 25 15 22 17 -8 13 14 20 -2 -4 -5 -19 -7 -9 -13 -6 -12 -25 -3 -14 -10 -1 -24
right_child=3 7 4 5 9 19 11 12 27 -11 23 21 26 -15 -16 -17 -18 18 -20 -21 -22 -23 29 24 -26 -27 -28 -29 -30 -31
leaf_value=-0.051854341020670373 0.023203707501048637 -0.010711714294874903 -0.00050053825851347584 -0.0010969110298631153 -0.018132270792999117 0.024239113345236814 -0.032176697245735332 0.02360633645848044 0.033386628102909988 -8.2143207100133988e-05 0.038046770883949532 -0.026642273773048394 0.012085467532448609 -0.018049740818983615 0.026380988529221706 -0.011514197278619671 -0.029491214354624869 0.016715030364896123 0.004007778985658377 0.033677781981539381 -0.0047569098534828158 -0.017550090862450442 0.0047226098334505898 -0.0049956922307694551 0.021542388463621689 -0.001963034533047948 0.0046195591764880087 0.010006447963218593 -0.03786800788756222 -0.0086426263367827705
leaf_weight=1065.9153287634254 270.67664159834385 3566.4909784924239 311.48936378024518 1267.6607182733715 1914.1143679413944 4907.2681903168559 2907.9986522272229 286.11374130751938 313.24387414194643 8344.9893862456083 550.42080565914512 2985.6429980322719 9351.0468395231292 1116.2924061659724 878.22874778695405 2863.7557530403137 3741.8185770278797 7031.4984783232212 2435.2371305599809 5293.4963443456218 1968.9682463454083 9932.5769842863083 893.3518378296867 783.58715511765331 9010.9836154980585 5210.3926910348237 4056.6774514019489 1972.1725084455684 2566.7182570621371 8551.5030759526417
leaf_count=5827 2342 74928 2243 9357 12074 41434 16712 11638 9725 58148 15243 17725 343254 32464 31875 18229 21766 55348 18512 159553 58210 60308 5988 18638 242727 108399 140797 46080 14312 57047
internal_value=5.6478e-05 -0.00907046 -0.0165561 0.0173778 -0.00907461 0.020277 -0.0256901 0.00316741 0.000645673 -0.005333 0.0159894 -0.0219529 0.00748468 9.59258e-05 0.00656061 -0.0085161 -0.0272633 0.0117288 0.0134462 0.0291371 -0.00115832 -0.0196515 -0.0091906 0.0204104 0.0194193 -0.00551806 0.00982656 0.013211 -0.041972 -0.00737846
internal_weight=106350 69650.3 43216.1 36700 23757.3 31280.2 19458.9 26434.2 5419.85 19704 21079.4 15826.2 17657.3 4249.6 3133.31 3134.43 4053.31 10734.4 9466.74 10200.8 2255.08 12918.2 11359 10345 9794.57 8776.88 13407.7 2285.42 3632.63 9444.85
internal_count=1710903 1073715 272150 637188 157266 560812 114884 801565 76376 133257 359825 94745 618238 134187 101723 20571 24009 83217 73860 200987 69848 78033 75109 276608 261365 183327 484051 55805 20139 63035
is_linear=0
shrinkage=0.05


Tree=15
num_leaves=31
num_cat=0
split_feature=16 16 16 8 7 7 7 7 7 7 7 7 7 7 7 16 16 16 16 7 7 7 8 1 1 7 3 16 7 16
split_gain=6090.33 1433.36 1070 591.794 495.769 391.69 369.393 170.729 391.082 186.738 171.821 165.103 157.762 143.553 372.198 136.385 135.09 247.82 117.549 115.499 285.097 113.059 100.541 73.4555 70.5076 69.4653 68.8182 66.7536 66.5792 57.7721
threshold=0.79469861518805118 0.74368454060988709 0.83389629751712524 1.0000000180025095e-35 1.0397207708399181 2.524928003624769 2.524928003624769 1.0397207708399181 2.1383330595080281 1.0000000180025095e-35 2.524928003624769 1.0000000180025095e-35 2.9174053685313028 2.1383330595080281 2.524928003624769 0.8699939667019746 0.76654392977528318 0.76654497051352888 0.81095267976944996 2.3502401828962087 1.0397207708399181 1.0000000180025095e-35 5.1957269410780187 1547.5000000000002 2488.5000000000005 3.1132683346437333 1.0000000180025095e-35 0.68801149572036502 2.3502401828962087 0.69285618832547369
decision_type=2 2 2 2 2 2 2 2 2 2 2 2 2 2 2 2 2 2 2 2 2 2 2 2 2 2 2 2 2 2
left_child=1 5 4 7 11 29 19 9 -9 -3 28 -2 -12 -6 23 -8 -5 -18 -16 20 21 -4 27 -15 26 -14 -20 -7 -10 -1
right_child=2 3 6 16 13 22 15 8 10 -11 12 -13 25 14 18 -17 17 -19 24 -21 -22 -23 -24 -25 -26 -27 -28 -29 -30 -31
leaf_value=-0.040835237722306933 0.019706338436390788 0.0092206293484643296 0.034340211031849657 -0.0054233089676576605 0.02597860408583624 -0.025981671162730948 0.022346661962764428 0.01463843190138117 -0.0031592951040697505 -0.022529665092869296 0.0078805318631776401 -0.012422955853679446 -0.025626400431135857 -0.005274118005940377 0.0063281244458808887 0.032359770037631817 0.017909047617825406 -0.00013549011187005631 0.0049007061522403049 -0.0044764757358488408 0.033894873386580961 0.0023674268693031418 -0.0086345881584299154 -0.025847954208738724 0.0060800509955946901 -0.0088521245016511037 0.017530658764506199 -0.017241485623131613 -0.026394726830895665 -0.02972199994329542
leaf_weight=1663.3508149422705 447.09804968070239 507.22375543508679 308.18579413183033 8187.6897695260122 1258.342134767212 2911.5942157097161 9992.2890080763027 1486.6139278374612 354.13017157930881 5324.0598831400275 1216.9623199794441 3783.2629386195913 839.87499884422868 1217.2591972332448 9168.0638601342216 5155.1833819365129 2238.0009324336424 12702.607319308445 1245.1006829040125 1043.7944015460089 1273.5885755456984 2688.6376757854596 2649.9374871421605 674.10143500193954 2308.9117997791618 2327.8084067944437 8062.9803829984739 8749.3761155214161 2382.3774451073259 3938.3079923028126
leaf_count=14896 8140 12162 6817 94962 19903 30505 189907 29680 5787 73660 22431 44013 15188 16362 131982 106826 195916 174574 20282 18256 24076 37979 28343 9314 38301 43502 135204 88452 38149 34925
internal_value=4.96448e-05 -0.0109683 0.0130735 -0.00521984 0.00675173 -0.0218133 0.0217753 -0.0131622 -0.00868727 -0.0197679 -0.0135568 -0.00902728 -0.00742106 0.0095406 0.00862844 0.0257545 -0.000261367 0.00256746 0.0105608 0.0104332 0.0140774 0.00565543 -0.017426 -0.0126069 0.0139011 -0.0132996 0.0158412 -0.0194238 -0.0233878 -0.033022
internal_weight=106107 57479.9 48626.8 37567.3 28165.1 19912.6 20461.7 14439.1 8607.77 5831.28 7121.15 4230.36 4384.65 23934.8 22676.4 15147.5 23128.3 14940.6 20785.1 5314.21 4270.41 2996.82 14310.9 1891.36 11617 3167.68 9308.08 11661 2736.51 5601.66
internal_count=1710494 903132 807362 706011 423501 197121 383861 240559 154737 85822 125057 52153 81121 371348 351445 296733 465452 370490 325769 87128 68872 44796 147300 25676 193787 58690 155486 118957 43936 49821
is_linear=0
shrinkage=0.05


Tree=16
num_leaves=31
num_cat=0
split_feature=16 17 16 7 7 7 16 16 17 17 10 8 16 7 7 10 8 10 8 8 16 17 8 10 7 7 7 1 7 7
split_gain=5540.14 2309.09 982.411 613.003 478.446 439.364 435.942 319.158 237.733 168.621 142.202 191.905 134.193 129.608 164.305 126.63 112.624 97.3194 85.8355 81.7121 81.4803 79.3192 74.3667 90.304 93.0033 72.5641 70.1948 69.9687 64.3006 169.727
threshold=0.81095267976944996 0.78953251609163166 0.76031047465747836 1.0397207708399181 1.0397207708399181 1.0397207708399181 0.8534154820491322 0.76654392977528318 0.78953251609163166 0.78953251609163166 1.8183832997795706 1.0000000180025095e-35 0.72191915820009889 2.1383330595080281 2.524928003624769 1.0000000180025095e-35 0.89587973461402759 2.1139029853608 0.89587973461402759 1.0000000180025095e-35 0.78912932117379742 0.78953251609163166 1.4978661367769956 1.9786323112709436 2.1383330595080281 2.524928003624769 1.0000000180025095e-35 691.50000000000011 2.1383330595080281 2.524928003624769
decision_type=2 2 2 2 2 2 2 2 2 2 2 2 2 2 2 2 2 2 2 2 2 2 2 2 2 2 2 2 2 2
left_child=1 2 5 8 26 -1 9 18 15 17 13 -12 -7 -6 -15 -2 27 -5 -3 -19 -13 -8 23 24 -14 -26 -4 -9 -11 -30
right_child=3 7 4 6 10 12 21 16 -10 28 11 20 22 14 -16 -17 -18 19 -20 -21 -22 -23 -24 -25 25 -27 -28 -29 29 -31
leaf_value=-0.03843590105745736 0.02496270133404592 -0.0091526000089838001 -0.00070064731745644513 0.022768342677850526 0.041345634855868979 -0.02501420228332359 0.0227585543006803 0.010865988142103343 0.012895811378964875 0.036183694546257743 -0.016029001476812143 -0.0067591174852330476 0.039060864431615855 -0.018335679727513394 0.016380730293610767 -0.011356804155287692 0.01115169778102749 -0.00067204209613544962 0.00029873835946381028 0.010823749290483933 0.0011154075321039045 0.031738095883876792 -0.012465606901329737 -0.02495786848871194 -0.030114420285398447 0.0035946907994372011 -0.025974619165694809 -0.00050385085080932265 -0.0039773360873461136 0.020286283898407528
leaf_weight=3820.1579580232501 261.64184859395027 4078.3236627969891 297.47233939915895 1346.4999501779675 261.90051801595837 6907.6986193135381 4754.1465132832527 1891.1369442595169 2255.6715879915282 530.45973550342023 3823.7934403354302 7533.6736764702946 100.81731854379177 551.61484023090452 891.84486917313188 2900.3111747056246 9860.4714495940134 1963.2091338261962 5845.3668711157516 7270.0194518491626 5825.1109154000878 5094.8051674161106 6042.7171363011003 3186.8855896890163 307.42849534004927 332.12267060577869 3592.6355989538133 4756.1842920286581 784.97876483108848 8807.6426150929183
leaf_count=21100 2336 80652 2164 10704 2038 39663 41342 63955 55554 15293 24948 50309 667 3432 6283 18356 372688 14932 125647 57490 41031 159426 37004 19194 1777 2022 20773 158416 18574 242724
internal_value=5.05772e-05 -0.00815361 -0.015239 0.0159956 -0.00807434 -0.0231238 0.0187443 0.00350085 0.000495002 0.0146247 -0.0047857 -0.00615246 -0.019658 0.00898536 0.00311393 -0.00835148 0.0077608 0.0102108 -0.00358546 0.00837946 -0.00332542 0.0274036 -0.0159469 -0.0213034 -0.00557309 -0.0126091 -0.0240419 0.00273082 0.0192378 0.0183008
internal_weight=105877 69907.4 43475.9 35969.4 22778 20697.8 30551.8 26431.5 5417.62 20702.8 18887.9 17182.6 16877.7 1705.36 1443.46 3161.95 16507.8 10579.7 9923.69 9233.23 13358.8 9848.95 9969.97 3927.25 740.368 639.551 3890.11 6647.32 10123.1 9592.62
internal_count=1710494 1073763 272405 636731 150978 121427 560485 801358 76246 359717 128041 116288 100327 11753 9715 20692 595059 83126 206299 72422 91340 200768 60664 23660 4466 3799 22937 222371 276591 261298
is_linear=0
shrinkage=0.05


Tree=17
num_leaves=31
num_cat=0
split_feature=17 7 10 8 8 7 7 10 10 1 10 10 8 10 7 8 7 7 7 7 10 8 7 7 7 7 1 1 10 10
split_gain=3193.04 1355.84 497.305 466.477 345.06 275.745 596.046 261.912 229.86 189.874 171.533 161.781 173.376 150.866 137.366 132.972 111.041 286.599 200.574 169.766 110.736 104.687 102.043 141.522 82.992 77.6619 76.4682 75.3268 71.1369 64.2668
threshold=0.78953251609163166 1.0397207708399181 4.8689591460068407 0.89587973461402759 1.0000000180025095e-35 2.1383330595080281 2.524928003624769 1.0000000180025095e-35 0.73060162963332453 1857.5000000000002 6.3852636781074539 7.23055176713821 5.1387309967764621 1.2007562355602046 2.8029010331479989 1.2424533248940002 2.3502401828962087 1.0397207708399181 2.524928003624769 2.9174053685313028 1.0000000180025095e-35 1.0000000180025095e-35 2.3502401828962087 2.524928003624769 3.1132683346437333 3.1132683346437333 1434.5000000000002 2213.5000000000005 7.3063839467918372 0.3497316826816268
decision_type=2 2 2 2 2 2 2 2 2 2 2 2 2 2 2 2 2 2 2 2 2 2 2 2 2 2 2 2 2 2
left_child=1 7 5 22 9 8 -7 -1 -3 16 27 -5 -13 14 -8 -15 17 20 -18 29 -2 -9 -4 -24 -16 -21 -12 -6 -25 -20
right_child=4 2 3 11 10 6 13 21 -10 -11 26 12 -14 15 24 -17 18 -19 19 25 -22 -23 23 28 -26 -27 -28 -29 -30 -31
leaf_value=0.0056024189997223132 0.028403289653105696 0.047728446179847644 -0.0044878202980254732 0.00079268332638236468 0.021517836583613881 -0.019448714656600398 0.044222734558592242 -0.025749161336753673 0.0061777474522311977 -0.0043848086220322447 0.013633223665063489 -0.010253420247247368 0.00020516076079847025 -0.0034707570837363734 -0.0037161361963788907 0.012072790464226263 -0.010272989269026261 0.030972321942893878 0.049799150562019431 -0.011588325222211029 0.0029537206317759405 0.036845095776947896 -0.031323501096733632 -0.011332838485373758 0.020707037267399621 0.0081461204337636133 0.0070527746073303296 0.011501930090189169 -0.022905052413173307 0.020128371401138708
leaf_weight=733.47460241988301 483.50706817023456 659.45845786482096 1547.6922157267109 12878.748334902339 7460.9224940501153 2359.2027914598584 473.43884892016649 10097.12259047851 672.05712158512324 4371.494883319363 10349.334714611992 11335.360753409564 6092.4133229618892 2563.4674072563648 485.03933736309409 2970.2144874604419 1909.520580900833 1569.5771154351532 238.61832424998283 676.55367583408952 3685.4596797302365 67.243187695741653 1695.6316576832905 4187.1536081852391 1229.6397745320573 1894.7076462488621 7699.0087346239015 2508.2866469761357 1944.8465577401221 776.04597638640553
leaf_count=5608 16777 5343 10720 90245 237552 15134 3543 58696 4852 118135 317373 77507 42011 17844 3439 21469 47641 49430 7594 19030 91724 425 10617 28154 9105 55697 231634 77357 12853 22985
internal_value=5.11585e-05 -0.00724171 -0.00382673 -0.00647212 0.010415 0.00537141 0.00254683 -0.0232528 0.0267565 0.00445649 0.0137338 -0.00345693 -0.0065973 0.00926702 0.0203812 0.00487227 0.00789692 0.0127615 0.00281714 0.00978769 0.0059053 -0.0253351 -0.016219 -0.0185385 0.0137983 0.00295357 0.0108262 0.0189978 -0.0150031 0.027106
internal_weight=105615 61992.2 51094.4 39681.8 43623 11412.5 10081 10897.8 1331.52 15605.5 28017.6 30306.5 17427.8 7721.8 2188.12 5533.68 11234 5738.54 5495.45 3585.93 4168.97 10164.4 9375.32 7827.63 1714.68 2571.26 18048.3 9969.21 6132 1014.66
internal_count=1710494 417565 352836 272107 1292929 80729 70534 64729 10195 429013 863916 209763 119518 55400 16087 39313 310878 157931 152947 105306 108501 59121 62344 51624 12544 74727 549007 314909 41007 30579
is_linear=0
shrinkage=0.05


Tree=18
num_leaves=31
num_cat=0
split_feature=16 17 16 11 11 16 16 11 16 17 17 10 17 16 10 10 10 17 10 10 9 1 3 1 3 1 3 16 10 3
split_gain=4961.84 1867.58 876.553 516.241 484.809 408.619 290.722 259 193.243 187.78 136.109 104.712 97.7518 95.1365 81.0707 73.291 72.2478 67.8345 67.8004 66.0752 75.1411 65.8028 80.6378 57.1679 52.2824 55.04 52.0671 52.0629 50.3079 48.8367
threshold=0.81095267976944996 0.78953251609163166 0.74255678376063361 1.0000000180025095e-35 1.0000000180025095e-35 0.8534154820491322 0.7457328862257272 1.0000000180025095e-35 0.78144674642588374 0.78953251609163166 0.78953251609163166 1.0000000180025095e-35 0.80738773450598844 0.7820556720631886 2.1139029853608 1.0000000180025095e-35 5.9707759744582738 0.78953251609163166 0.14313038490420291 3.5380285808558098 1.0000000180025095e-35 3614.5000000000005 1.0000000180025095e-35 2428.5000000000005 1.0000000180025095e-35 1560.5000000000002 1.0000000180025095e-35 0.87226800063066301 1.0000000180025095e-35 1.0000000180025095e-35
decision_type=2 2 2 2 2 2 2 2 2 2 2 2 2 2 2 2 2 2 2 2 2 2 2 2 2 2 2 2 2 2
left_child=1 2 7 5 8 10 -3 19 16 11 14 -5 13 -8 -2 -6 -4 -7 -10 -1 -21 22 -16 -12 -20 -26 -18 28 -11 -17
right_child=3 6 4 9 15 17 12 -9 18 27 23 -13 -14 -15 21 29 26 -19 24 20 -22 -23 -24 -25 25 -27 -28 -29 -30 -31
leaf_value=-0.010201720647692905 0.021446823322333081 -0.0070434033375101806 -0.0050274249521504652 0.023879028693897523 -0.0015752614143042878 0.021996182947550368 -0.00019862104084760902 -0.038373917689398462 0.01344495765363808 0.029351222376504352 0.019951049722058196 -0.0094107072378472809 0.012029857475003342 0.0075590496554281995 -0.0032151665952781998 -0.032871401397281862 -0.020929271055289092 0.030383783867608018 -0.011226517997564529 -0.025491966599488353 -0.016539169791880342 -0.0047735692845376383 0.011468088836708912 0.010579846809890074 0.0027200157243868275 -0.005196336455619413 -0.011014675914670591 0.028184369432518799 0.0052204317620789358 -0.021601147388584062
leaf_weight=1259.9593018963933 1320.3932762183249 5781.3144698860124 4474.5465228958055 256.92164739593863 366.24540532752872 4696.5972492881119 7703.3246739534661 2638.5575992241502 730.98172034695745 250.39390955585986 7887.552854700014 2931.5158973038197 4646.9008389757946 8115.6976544307545 1073.3821531161666 1340.6515791080892 1617.7090915897861 4952.3626674385741 1418.6136490628123 6644.778853148222 3620.7812042534351 883.72603081166744 7255.3873093128204 2050.5028477665037 4818.6100936233997 4033.6913614459336 7298.4756174972281 413.67613028362393 1571.9682138906792 3396.1777640469372
leaf_count=7278 10704 119507 28704 2336 2608 41342 158233 14475 5186 8089 220351 18356 348870 174748 7950 7608 9925 159426 9284 38305 21210 6769 57703 56240 33761 27832 46883 11018 36447 19346
internal_value=5.09356e-05 -0.00768282 -0.0140193 0.0152613 -0.00910988 0.0178185 0.00285738 -0.0242429 -0.00617789 0.00106228 0.0138202 -0.00672825 0.0056542 0.00378133 0.00985998 -0.0231248 -0.0102118 0.0263011 -0.00126813 -0.0210079 -0.0223342 0.00819928 0.00957576 0.0180175 -0.00231526 -0.000887196 -0.0128135 0.012171 0.00853602 -0.0247909
internal_weight=105451 69907 43659.8 35544.4 29495.7 30119.9 26247.2 14164.1 24392.6 5424.48 20470.9 3188.44 20465.9 15819 10532.9 5103.07 13390.7 9648.96 11001.9 11525.5 10265.6 9212.5 8328.77 9938.06 10270.9 8852.3 8916.18 2236.04 1822.36 4736.83
internal_count=1710494 1073763 272405 636731 191137 560485 801358 81268 161575 76246 359717 20692 681851 332981 83126 29562 85512 200768 76063 66793 59515 72422 65653 276591 70877 61593 56808 55554 44536 26954
is_linear=0
shrinkage=0.05


Tree=19
num_leaves=31
num_cat=0
split_feature=16 17 16 16 11 8 8 11 16 17 10 8 17 17 17 16 11 8 10 11 10 8 10 10 10 8 10 10 8 1
split_gain=4509.23 1624.11 677.551 617.288 362.597 292.96 282.954 237.47 231.752 119.147 111.484 172.728 111.463 108.835 105.065 104.12 86.9095 85.9655 83.698 79.0212 75.8581 75.0919 74.4524 68.3792 68.2481 67.4647 79.1997 65.7797 59.567 57.303
threshold=0.80180791674273144 0.78953251609163166 0.83389629751712524 0.74255678376063361 1.0000000180025095e-35 1.0000000180025095e-35 1.0000000180025095e-35 1.0000000180025095e-35 0.74368454060988709 0.78953251609163166 0.14313038490420291 1.0000000180025095e-35 0.78953251609163166 0.80738773450598844 0.78953251609163166 0.86861055157824218 1.0000000180025095e-35 0.89587973461402759 0.58835231277292122 1.0000000180025095e-35 5.9707759744582738 6.2794586315630205 1.4162525511477868 6.3397400589037991 1.0000000180025095e-35 5.1957269410780187 3.5380285808558098 2.2811355508763032 0.89587973461402759 555.50000000000011
decision_type=2 2 2 2 2 2 2 2 2 2 2 2 2 2 2 2 2 2 2 2 2 2 2 2 2 2 2 2 2 2
left_child=1 3 5 7 10 12 9 25 -3 16 -5 -12 19 17 27 23 18 29 -4 22 -13 -22 -2 -8 -21 26 -1 -7 -28 -10
right_child=2 8 6 4 -6 14 15 -9 13 -11 11 20 -14 -15 -16 -17 -18 -19 -20 24 21 -23 -24 -25 -26 -27 28 -29 -30 -31
leaf_value=-0.0098160080304715014 0.013441991044768498 -0.0069796222387152138 0.02816008863218359 0.0067545844506516342 -0.02290019535210655 0.027105739552043435 0.026543359226361765 -0.036487325744939167 0.0073324206521217308 0.01851695184729207 -0.016551905313658032 0.0010255219113220187 0.0062557545057061155 0.011579390136354003 0.015897051333916327 0.030407036215795408 -0.0027928995471673069 0.0058840041365670875 0.0063890163495647764 0.016484706182784453 -0.0089443184467044665 0.0035152967577497364 -0.0049062022323708484 0.017070502526116079 -0.015334967335087166 -0.011041580143038375 -0.029337503252031796 0.0061538850440498553 -0.020368421675041378 -0.0048633441880931204
leaf_weight=1260.4074980691075 762.31268884986639 5503.3699394799769 603.03013647347689 1345.8212211122736 4439.4657611949369 394.91346834599972 3117.1018936317414 2636.2873567789793 1233.1541457660496 3454.3464323682711 4635.9990497678518 3428.1762817166746 3462.1793377390131 4401.314467814751 6418.6691939029843 4287.5735884066671 1685.4221605882049 7935.4017340186983 1647.7239325419068 184.23405160754919 10092.566628210247 1373.8889240222052 2012.4436875134706 4899.1902093393728 1975.1129479706287 1826.6563127413392 2726.3219811543822 7288.9376053847373 5767.0155825987458 4399.1212476072833
leaf_count=7262 5893 113395 5285 9033 25515 3144 63846 14475 24101 100052 29138 22830 84805 337077 173346 94456 11098 171914 13806 1587 66014 9102 14539 95318 11886 10722 15487 55329 33322 86717
internal_value=5.09838e-05 -0.00842033 0.0127008 -0.0146061 -0.00992398 0.00677274 0.019473 -0.0229435 0.00199778 0.0117401 -0.00716453 -0.00812367 -0.000621604 0.00474729 0.0111751 0.0241178 0.00579281 0.00253098 0.012222 -0.00544733 -0.00550036 -0.00745143 0.000134622 0.020754 -0.0126201 -0.0198603 -0.0215118 0.00723071 -0.0232475 -0.00219315
internal_weight=105198 63005 42193.2 39532.6 25315.9 22498.8 19694.4 14216.7 23472.4 7390.52 20876.5 19530.6 8396.28 17969 14102.5 12303.9 3936.18 13567.7 2250.75 4934.1 14894.6 11466.5 2774.76 8016.29 2159.35 11580.4 9753.75 7683.85 8493.34 5632.28
internal_count=1710494 976104 734390 242900 161632 350529 383861 81268 733204 130241 136117 127084 118710 619809 231819 253620 30189 282732 19091 33905 97946 75116 20432 159164 13473 66793 56071 58473 48809 110818
is_linear=0
shrinkage=0.05


Tree=20
num_leaves=31
num_cat=9
split_feature=17 11 3 8 10 8 10 2 3 10 10 10 2 2 8 2 3 2 8 2 12 3 2 2 8 10 2 10 8 10
split_gain=2343.15 893.154 495.888 288.12 285.358 252.857 215.15 163.681 153.768 148.332 146.158 127.745 119.587 101.695 101.611 87.4079 95.158 87.3765 71.6927 69.6595 64.3242 60.9226 64.873 60.7992 57.8693 48.9526 45.0296 40.7279 40.6054 38.0382
threshold=0.78953251609163166 1.0000000180025095e-35 1.0000000180025095e-35 1.0000000180025095e-35 3.4437536634733976 0.89587973461402759 1.0000000180025095e-35 0 1.0000000180025095e-35 6.6896474093397282 5.9707759744582738 5.8711058186825396 1 2 6.2075829764107793 3 1.0000000180025095e-35 4 1.0000000180025095e-35 5 1.0000000180025095e-35 1.0000000180025095e-35 6 7 1.0000000180025095e-35 7.1824962034447797 8 1.0000000180025095e-35 1.0000000180025095e-35 7.9281248631471941
decision_type=2 2 2 2 2 2 2 1 2 2 2 2 1 1 2 1 2 1 2 1 2 2 1 1 2 2 1 2 2 2
left_child=1 2 11 7 13 17 -3 21 -8 19 26 -1 -10 -4 29 16 -12 25 -13 -7 -9 23 -23 -2 -14 -6 -5 -24 -15 -11
right_child=3 6 4 10 5 9 8 20 12 14 15 18 24 28 -16 -17 -18 -19 -20 -21 -22 22 27 -25 -26 -27 -28 -29 -30 -31
leaf_value=-0.0054153959671854584 0.0068010164101859616 0.0068808365644455879 -0.0024815370059507284 0.010537072604060694 -0.0023546261775121836 -0.0027268975870797718 -0.030318887078886438 -0.0042343893564257993 -0.007705276317180515 -0.0029239477240839001 0.0043887504350731844 -0.027702891599218356 -0.0221696224293008 0.0091532424352358307 0.0052650778855112858 0.0059005375641636142 0.015208170593437606 -0.015387979165215726 -0.015083986218513807 0.0073859856984723237 0.020672012966548508 0.019229185883850419 0.02746264503409962 -0.007704525938333079 0.035087283162343774 -0.014399185866802507 0.019951221938862798 0.0064089649995268854 0.019046354900404093 -0.0082102104510414064
leaf_weight=2910.9765612632036 2143.5468362332322 738.84502189047635 1451.7993190642446 1718.0484885936603 3387.4461212074384 2280.8490686668083 3115.3434174004942 5572.6685150163248 2366.7573600234464 10191.815343527123 2656.2983497679234 1483.7785835424438 4677.222140584141 2824.5113872233778 3079.8103578537703 8420.6183556700125 8650.4152900902554 4219.8852460673079 4662.3115780809894 6693.3140283692628 271.8816788457334 1561.6321369153447 241.88002858776599 1077.8254836252891 44.55016116797924 1123.3473676834255 6003.0753865474835 4564.6185976867564 1639.0733275385574 5108.8197021316737
leaf_count=19086 56172 5643 10199 54666 23401 15721 17804 150826 13912 71102 79372 9224 26982 20648 21540 256572 273696 27694 29904 48653 9304 45359 8791 28614 282 7555 199274 129799 12633 35066
internal_value=4.51606e-06 -0.00621076 -0.00343254 0.0089907 -0.00114432 -0.00281296 -0.0191737 0.00352513 -0.0210603 -0.000448396 0.0120639 -0.0140438 -0.0169912 0.0090348 -0.00302111 0.00978135 0.0126552 -0.0102215 -0.0181304 0.00482091 -0.00307052 0.00754034 0.0103827 0.00194486 -0.0215837 -0.0053423 0.0178959 0.00745295 0.0127575 -0.00468901
internal_weight=104883 62000.5 51057.7 42882.5 42000.7 36085.3 10942.7 15434.1 10203.9 27354.6 27448.5 9057.07 7088.53 5915.38 18380.4 19727.3 11306.7 8730.68 6146.09 8974.16 5844.55 9589.5 6368.13 3221.37 4721.77 4510.79 7721.12 4806.5 4463.58 15300.6
internal_count=1709494 417049 352426 1292445 294212 250732 64623 428865 58980 192082 863580 58214 41176 43480 127708 609640 353068 58650 39128 64374 160130 268735 183949 84786 27264 30956 253940 138590 33281 106168
cat_boundaries=0 1 2 3 4 5 6 7 8 9
cat_threshold=28 12 2 28 28 2 4 4 2
is_linear=0
shrinkage=0.05


Tree=21
num_leaves=31
num_cat=0
split_feature=16 17 16 7 16 8 7 17 7 7 16 17 10 8 7 7 17 16 16 17 10 16 10 7 7 7 10 10 4 10
split_gain=4165.77 1257.21 773.179 407.592 316.421 280.898 271.262 192.068 132.153 193.022 106.282 104.957 102.448 131.97 108.147 129.598 95.5869 94.5868 89.5062 78.0758 71.0517 70.9266 65.0875 63.036 151.915 74.1417 64.6458 61.8744 60.7265 58.458
threshold=0.79469861518805118 0.78953251609163166 0.83389629751712524 1.0397207708399181 0.74014791079184894 1.0000000180025095e-35 2.524928003624769 0.80689078357804445 2.3502401828962087 1.0397207708399181 0.74014791079184894 0.79015290627731349 1.2007562355602046 1.7005986908310777 1.8688348091416842 2.524928003624769 0.78191805040034468 0.70406634886711628 0.86233809420812657 0.78191805040034468 3.770966878222461 0.68801149572036502 1.0000000180025095e-35 1.0397207708399181 2.1383330595080281 2.524928003624769 0.14313038490420291 6.5655444681963475 1.5000000000000002 1.6308419060349375
decision_type=2 2 2 2 2 2 2 2 2 2 2 2 2 2 2 2 2 2 2 2 2 2 2 2 2 2 2 2 2 2
left_child=1 3 5 17 21 16 8 10 9 19 -3 20 14 -14 -6 -16 23 -1 27 -4 -7 -5 -19 -2 26 -26 -25 -8 -12 -27
right_child=2 7 6 4 12 11 18 -9 -10 -11 28 -13 13 -15 15 -17 -18 22 -20 -21 -22 -23 -24 24 25 29 -28 -29 -30 -31
leaf_value=-0.039586255683149225 -0.010681286488278433 -0.0083981429722188479 -0.0010886620563715439 -0.025499855162120996 0.04022499127571677 0.0191344384460642 0.023379149335308588 0.0095029589071904813 -0.0072124217301367593 0.029863488385482712 0.01177934035264043 0.014014311990085527 -0.014660595492707052 -0.005779867626309795 -0.018802073052251522 0.013570180800485233 0.0048833327423867439 -0.0022058378779376063 0.026774847192498244 0.015227653031817662 0.0047378949405055453 -0.016448947366443947 -0.024669891883320201 0.046464210510738832 -0.016440364509253288 0.01918691635270163 0.011520187204667317 0.014596240936127481 -0.00053760939253956496 -0.0039708547267643919
leaf_weight=1058.5663295686245 2643.1089663431048 4525.701018827036 1674.705753006041 2960.7984026744962 185.5194119811058 949.98671555891633 3829.9745141752064 4789.5235791825689 1020.862738863565 1191.881894105114 1103.0570455458947 7523.5704421037808 6904.13829751499 10615.152895164676 552.13769012410194 702.56077732425183 4270.9975316263735 343.94294530898333 6203.267695366405 1304.1271549239755 8758.9538601376116 8048.530091792345 5159.8996532605961 178.20485789328814 1012.3439252525568 340.05852606147528 514.39692015200853 4209.0006789583713 10786.165866866708 1372.0251162573695
leaf_count=5827 16102 81823 10895 16575 1473 7592 78128 355854 18308 24111 22990 205238 43329 68981 3307 4798 102616 2310 137318 34019 66904 46402 28817 1557 6784 2679 3855 81627 219630 9645
internal_value=5.82459e-06 -0.00899103 0.0110583 -0.0146123 -0.0121409 0.00567336 0.018696 0.000693331 0.00891183 0.0128586 -0.00187713 0.00958155 -0.00822584 -0.00927965 0.0045931 -0.000675426 -0.000845575 -0.0258986 0.0222626 0.00605459 0.00614655 -0.0188831 -0.0232661 -0.00488313 -0.000398195 -0.00571377 0.0205112 0.0187806 0.000605131 0.000628802
internal_weight=104733 57735.7 46997.5 36531.2 29968.8 27563.6 19433.8 21204.4 5191.58 4170.71 16414.9 17232.5 18959.5 17519.3 1440.22 1254.7 10331.1 6562.41 14242.2 2978.83 9708.94 11009.3 5503.84 6060.14 3417.03 2724.43 692.602 8038.98 11889.2 1712.08
internal_count=1709494 902116 807378 221819 184865 422972 384406 680297 87333 69025 324443 279734 121888 112310 9578 8105 143238 36954 297073 44914 74496 62977 31127 40622 24520 19108 5412 159755 242620 12324
is_linear=0
shrinkage=0.05


Tree=22
num_leaves=31
num_cat=0
split_feature=16 17 16 8 16 7 7 16 1 3 10 17 1 10 16 10 1 16 8 16 0 8 16 16 8 17 7 7 7 7
split_gain=3796.44 1211.66 654.974 403.165 264.199 231.58 224.166 221.118 162.194 139.047 112.296 109.538 104.091 101.94 94.1232 90.9417 85.3851 76.9025 70.0329 69.2727 58.9769 57.5468 57.182 55.0926 53.2636 51.1108 49.6367 91.7791 86.1496 64.0245
threshold=0.81095267976944996 0.78953251609163166 0.76031047465747836 1.0000000180025095e-35 0.8534154820491322 2.524928003624769 2.524928003624769 0.76654392977528318 2121.5000000000005 1.0000000180025095e-35 2.1139029853608 0.78953251609163166 620.50000000000011 0.73060162963332453 0.69687170892281691 6.5231672313721933 1806.5000000000002 0.7820556720631886 5.1957269410780187 0.76654497051352888 64.500000000000014 1.4978661367769956 0.84386114761678221 0.69687170892281691 0.89587973461402759 0.78953251609163166 2.3502401828962087 2.524928003624769 1.0397207708399181 2.9174053685313028
decision_type=2 2 2 2 2 2 2 2 2 2 2 2 2 2 2 2 2 2 2 2 2 2 2 2 2 2 2 2 2 2
left_child=1 2 6 8 15 20 23 21 9 11 -7 -2 -11 -8 -15 -5 19 -12 -16 -9 -4 26 -14 -1 -18 -17 28 -28 -3 -29
right_child=3 7 5 4 -6 10 13 16 -10 12 17 -13 22 14 18 25 24 -19 -20 -21 -22 -23 -24 -25 -26 -27 27 29 -30 -31
leaf_value=-0.034917068903604652 -0.0097402699178099194 -0.0075805024014254253 -0.010186357239859389 0.0186602798677027 0.025977791308907695 0.013825780152777571 0.0072417993570271962 0.015937957802593144 -0.004412133662506445 0.022561310945934325 -0.0078459121321930985 0.011250727021588268 0.0052782832090969515 -0.02331887449927765 -0.015353220743383673 0.0069647648560834628 -0.0058648986088046355 -0.00072059789586540206 -0.0051849535657074097 0.006011042881224964 -0.019984199271748333 -0.00041943836972258263 0.015226459667677715 -0.023615051774475745 0.0043034775350124527 0.014721147469933558 -0.027202108147420176 0.013295358190570079 0.018751751737280192 -0.010468392477053893
leaf_weight=1398.1105746999383 1448.9843336641788 1296.4611376514658 4085.7560477619991 6148.6840223958716 6756.0127353761345 962.16462410893291 505.54734709113836 2217.8030613330193 2638.0486944001168 2004.1547584049404 6635.211096723564 1088.2762748952955 3496.1851402008906 3099.0855237394571 9188.2702261209488 4434.5015607327223 2099.7127838283777 8821.1231510862708 2075.9439565613866 8465.8503677994013 2461.0318700680509 5220.8851750046015 2461.4572403980419 4713.1357422843575 3330.7983722919598 4076.1841659368947 742.02640914544463 333.85978168435395 408.47557455021888 1876.6880997084081
leaf_count=7708 10104 24715 24924 116239 150673 6947 3017 197308 43334 33206 43059 29605 54677 17335 54198 35546 68113 60912 12502 204893 14866 113094 45568 26526 124094 118174 13632 6822 8684 39019
internal_value=7.72991e-06 -0.00669117 -0.0117526 0.013567 0.0177972 -0.00591823 -0.018139 0.00186613 0.00667122 0.00945608 -0.0027477 -0.000736857 0.0127044 -0.0148256 -0.0156023 0.014027 0.00547687 -0.00377941 -0.0134793 0.00807176 -0.0138695 -0.00402392 0.00938847 -0.0262007 0.000371864 0.0106797 -0.00806439 -0.0119868 -0.00127172 -0.00687935
internal_weight=104490 69937.9 43945.4 34552.5 21415.4 22965.3 20980.1 25992.6 13137.1 10499.1 16418.5 2537.26 7961.8 14868.8 14363.3 14659.4 16114.2 15456.3 11264.2 10683.7 6546.79 9878.4 5957.64 6111.25 5430.51 8510.69 4657.51 2952.57 1704.94 2210.55
internal_count=1709494 1072368 271994 637126 420632 150708 121286 800374 216494 173160 110918 39709 133451 87052 84035 269959 594408 103971 66700 402201 39790 205966 100245 34234 192207 153720 92872 59473 33399 45841
is_linear=0
shrinkage=0.05


Tree=23
num_leaves=31
num_cat=0
split_feature=16 17 16 8 16 11 8 16 1 3 17 10 10 8 1 1 16 16 16 16 3 10 11 8 11 10 10 8 17 10
split_gain=3445.4 1090.09 588.653 372.902 248.356 212.642 206.681 199.955 148.752 144.548 96.812 84.2453 84.109 105.785 78.8088 77.6255 74.4801 63.5906 62.0344 59.7803 54.3061 53.1964 59.9647 52.0022 48.4829 64.034 49.1474 48.0529 47.134 46.8763
threshold=0.81095267976944996 0.78953251609163166 0.76031047465747836 1.0000000180025095e-35 0.8534154820491322 1.0000000180025095e-35 1.0000000180025095e-35 0.76654392977528318 1742.5000000000002 1.0000000180025095e-35 0.78953251609163166 6.5231672313721933 1.8183832997795706 1.2424533248940002 620.50000000000011 1806.5000000000002 0.69285618832547369 0.76654497051352888 0.69687170892281691 0.78144674642588374 1.0000000180025095e-35 6.6896474093397282 1.0000000180025095e-35 2.0126758453675748 1.0000000180025095e-35 1.0000000180025095e-35 4.383856482162348 0.89587973461402759 0.78953251609163166 6.6264296053713112
decision_type=2 2 2 2 2 2 2 2 2 2 2 2 2 2 2 2 2 2 2 2 2 2 2 2 2 2 2 2 2 2
left_child=1 2 6 8 11 12 16 23 9 10 -2 -5 -4 -14 -11 17 -1 -9 -8 -15 -7 22 -18 -3 26 -26 -16 -17 -13 -6
right_child=3 7 5 4 29 20 18 15 -10 14 -12 28 13 19 24 27 21 -19 -20 -21 -22 -23 -24 -25 25 -27 -28 -29 -30 -31
leaf_value=-0.032404778059942033 -0.0092550902268177925 -0.0072357770019482797 0.0072673563259146702 0.01792614412290303 0.030033660700934224 -0.026177348139472208 -0.019857166946368618 0.015275052584683547 -0.0024664521573907671 0.021688524508997505 0.010649842175151631 0.0066415488954908106 -0.01011774315027595 -0.0060024205325484338 0.020156205593137529 -0.0055568491475079 -0.013035411469048588 0.0057285123460295425 -0.011284394718821074 0.0012300314366666546 -0.012735645739618535 -0.028797271378079022 -0.023853637964523416 2.7837465580090134e-05 0.028535764787118667 0.00062331960261035224 0.0075933920712803957 0.0040979828407610329 0.014114035909513484 0.021526562389964431
leaf_weight=1751.5412966534495 1432.118044950068 5235.5898766294122 1677.8345674527809 6082.1988958744332 2795.9159638220444 1008.8153090253472 2683.6660003960133 2198.8429428157397 3496.0922944806516 1981.1629463098943 1065.2502969205379 4418.2212017141283 5592.8588972212747 4878.0279158577323 1549.4122077031061 2105.1629522284493 2609.3798322454095 8439.8979218909517 9875.8103245869279 6896.409210216254 2944.9781610202044 1596.8812302350998 2516.0192133486271 4654.8658619755879 232.4990818426013 1767.6445017457008 1564.724013146013 3323.1324679665267 4039.8907196242362 3847.9112886479124
leaf_count=9648 9952 104925 11839 116239 64592 5758 15010 197308 57586 33206 29177 35546 36050 31848 29426 68113 15130 204893 58510 48060 17153 9039 13949 101041 5314 23742 28091 124094 118174 86081
internal_value=9.30874e-06 -0.00635109 -0.0111421 0.012998 0.0170976 -0.00561353 -0.0171874 0.00177604 0.00636295 0.00958083 -0.000764659 0.013438 -0.00342297 -0.00445575 0.0132221 0.00521911 -0.0232215 0.00770162 -0.0131162 -0.0017663 -0.0161653 -0.0208287 -0.018346 -0.00381721 0.00994239 0.0038679 0.0138439 0.000353715 0.0102107 0.0251066
internal_weight=104263 69989.7 44032.2 34273 21184.1 22998.9 21033.3 25957.5 13088.9 9592.81 2497.37 14540.3 19045.1 17367.3 7095.44 16067 8473.82 10638.7 12559.5 11774.4 3953.79 6722.28 5125.4 9890.46 5114.28 2000.14 3114.14 5428.3 8458.11 6643.83
internal_count=1709494 1072368 271994 637126 420632 150708 121286 800374 216494 158908 39129 269959 127797 115958 119779 594408 47766 402201 73520 79908 22911 38118 29079 205966 86573 29056 57517 192207 153720 150673
is_linear=0
shrinkage=0.05


Tree=24
num_leaves=31
num_cat=1
split_feature=16 17 16 16 7 7 8 16 7 7 7 10 17 10 17 2 10 8 16 17 10 17 7 7 10 7 7 10 7 7
split_gain=3140.43 933.635 545.496 347.365 223.659 204.154 187.521 152.637 130.768 123.545 178.34 106.396 86.5692 81.2402 74.6298 73.5678 71.3843 71.1969 66.0868 59.5284 57.8949 57.1895 55.7466 191.465 84.8475 54.8512 173.611 76.5575 71.7091 73.9566
threshold=0.7989565723572235 0.78953251609163166 0.83389629751712524 0.74014791079184894 2.524928003624769 2.524928003624769 1.0000000180025095e-35 0.7457328862257272 1.0397207708399181 2.3502401828962087 1.0397207708399181 1.2007562355602046 0.8058026743232175 6.6264296053713112 0.78953251609163166 0 1.0000000180025095e-35 6.9426395642594496 0.77005389237929101 0.78999681022789259 2.7798904794826123 0.78953251609163166 2.3502401828962087 1.0397207708399181 0.58835231277292122 1.0397207708399181 2.1383330595080281 1.0000000180025095e-35 2.524928003624769 2.9174053685313028
decision_type=2 2 2 2 2 2 2 2 2 2 2 2 2 2 2 1 2 2 2 2 2 2 2 2 2 2 2 2 2 2
left_child=1 3 6 8 9 22 15 -3 -1 10 16 -7 -9 -6 20 -2 -4 18 -13 -18 -8 -15 23 -5 -25 27 -27 -17 -28 -30
right_child=2 7 4 5 13 11 14 12 -10 -11 -12 17 -14 21 -16 25 19 -19 -20 -21 -22 -23 -24 24 -26 26 28 -29 29 -31
leaf_value=-0.028756120095660281 -0.0093920362499622587 -0.0061161292013859501 0.02915976366789054 -0.018138063065274334 0.024122596264842051 0.012647998522292548 0.022190204899512386 0.0010164261628414302 -0.016077029467136943 -0.0077819220753734238 0.028350784117777014 -0.010445767076856504 0.0090095965364016643 0.011959667269263544 0.012762169967130702 0.021136083550406103 -0.0035467064203197384 0.0086327232620578582 -0.0040815820469305916 0.011643763461300758 0.0045979779534019889 0.020881619232911583 -0.023803037388736396 0.029591907980549628 -0.0026047169227429363 0.025914397664215556 -0.0086743133824546247 -0.005792409956531068 0.020006273210407013 -9.1291348483771358e-05
leaf_weight=2488.9823212996125 1771.1188625004143 5817.8927594609559 280.81941358279437 4407.0266449656337 6534.4677704749629 764.24388040415943 497.62708205357194 11891.501468457747 11115.080635540187 1014.5228730319068 1155.8483441304415 7785.8369247401133 4736.6659336304292 3593.852451428771 6684.6320494115353 292.08971287868917 1579.028423871845 751.0371402874589 8568.1720096468925 1090.2489858055487 7768.3019099757075 3590.6545492913574 1595.2034395113587 256.99771727621555 1004.1077723549679 843.66400301642716 1296.8250244380906 2738.6069855764508 668.94857790134847 1449.888987634331
leaf_count=13809 25058 119508 6863 25091 144499 5320 4090 232741 62977 18308 24111 47862 359950 32234 186792 5808 10107 4925 57083 27944 59286 120340 9370 1961 6394 14343 17757 31776 10409 22778
internal_value=1.06216e-05 -0.00725954 0.0103909 -0.0119612 0.0167598 -0.00847771 0.00539397 0.000854462 -0.0183968 0.00784248 0.0117031 -0.00560465 0.00329334 0.0200881 0.00883387 -0.000281758 0.00518047 -0.00642017 -0.00711145 0.00265774 0.00565707 0.0164187 -0.015546 -0.0132222 0.00395656 0.00194181 0.00560295 -0.00319712 0.000586047 0.00625381
internal_weight=104034 61182.7 42851.1 38736.7 18839.4 25132.6 24011.7 22446.1 13604.1 5120.47 4105.95 17869.3 16628.2 13719 14950.6 9061.14 2950.1 17105 16354 2669.28 8265.93 7184.51 7263.34 5668.13 1261.11 7290.02 4259.33 3030.7 3415.66 2118.84
internal_count=1709494 946991 762503 234792 384406 158006 378097 712199 76786 87333 69025 115190 592691 297073 250168 127929 44914 109870 104945 38051 63376 152574 42816 33446 8355 102871 65287 37584 50944 33187
cat_boundaries=0 1
cat_threshold=2
is_linear=0
shrinkage=0.05


Tree=25
num_leaves=31
num_cat=0
split_feature=17 11 10 8 1 10 8 10 8 8 8 10 10 8 10 10 1 10 11 0 10 8 12 1 8 1 10 4 1 1
split_gain=1433.28 601.786 317.837 245.248 217.345 158.29 145.375 188.628 128.893 124.961 108.774 108.059 96.7468 86.3609 72.8009 51.7937 47.3562 47.0905 44.1713 42.9712 36.7936 39.6021 36.3573 35.1614 34.599 34.2466 30.515 30.14 28.8448 27.499
threshold=0.78953251609163166 1.0000000180025095e-35 5.9956597843181099 1.0000000180025095e-35 1894.5000000000002 1.0000000180025095e-35 1.2424533248940002 0.081509403981921358 5.1957269410780187 0.89587973461402759 0.89587973461402759 6.7711279025467732 7.5136656519364324 1.0000000180025095e-35 6.1227990237026413 1.0000000180025095e-35 2584.5000000000005 4.1291433741119539 1.0000000180025095e-35 67.500000000000014 7.6928306031301608 6.9426395642594496 1.0000000180025095e-35 3239.5000000000005 5.2755571088971331 814.50000000000011 5.8428412167779049 2.5000000000000004 1459.5000000000002 641.50000000000011
decision_type=2 2 2 2 2 2 2 2 2 2 2 2 2 2 2 2 2 2 2 2 2 2 2 2 2 2 2 2 2 2
left_child=1 2 6 -4 9 -3 7 -1 12 14 22 -11 23 19 15 -2 -9 -8 27 -7 -10 -22 -6 -5 -13 -20 -12 -17 -19 -16
right_child=4 5 3 8 10 13 17 16 20 11 26 24 -14 -15 29 18 -18 28 25 -21 21 -23 -24 -25 -26 -27 -28 -29 -30 -31
leaf_value=0.0098219224743187616 0.024546322794143063 0.0070276511858115625 -0.015124461780973507 -0.001273688512815511 -0.0051230224912296321 -0.015007103570681433 0.014459717128577534 -0.0029140058391272598 0.0079200784887728248 0.017110687662174006 0.010917398641458827 0.0071029133136337394 -0.0091750231189853398 0.040067197383871794 0.0053032890959066117 0.014345727016586547 -0.012809860081982708 0.0090937144892812849 0.0071244151689097805 -0.021854108186172585 -0.0030242047454783014 0.0067942379162113757 0.0169921394465023 -0.0095316157005404002 0.013430817648223049 -0.0038032427366974336 0.0035688653139831724 0.0067774429368873956 0.0011184726416275587 -0.0037290476147614272
leaf_weight=3068.7671834081411 457.40025009494275 735.85385130159557 5385.8435372319072 9982.8891834774986 4607.2246327865869 6696.6119591919705 2286.132468230091 6316.9155362350866 2125.263997187838 6964.3213092577644 1875.9969716500491 7090.0530853392556 9441.2810580134392 65.913628377020359 1358.9485302572139 2257.5772339687683 1495.0909172501415 2656.9787750085816 1621.8813608912751 3483.4791183061898 3314.0684642754495 1488.182529527694 193.65663503017277 1480.1558400830254 3106.6672483971342 1285.0451821219176 5720.4412977052853 3152.3869539052248 1977.6295480085537 2218.055477514863
leaf_count=22407 17060 5612 34629 69592 125877 38734 17474 43623 15084 237369 62628 225861 63963 419 37733 69831 9878 19354 41244 20047 22716 10270 6637 9957 101134 33085 177084 95265 14060 62598
internal_value=7.34405e-05 -0.00475451 -0.00246911 -0.00535812 0.00721591 -0.015372 0.00292179 -0.000681775 -0.0034682 0.00954963 0.00166038 0.0123098 -0.00542698 -0.0169807 0.00571458 0.00816554 -0.00480791 0.00858731 0.00726465 -0.01735 0.00244256 1.8459e-05 -0.00423095 -0.00233999 0.00903086 0.0022937 0.00538364 0.00993569 0.00569061 -0.00029755
internal_weight=103911 62001.1 51019.2 33217.7 41909.7 10981.9 17801.5 10880.8 27831.8 29512.3 12397.3 17161 20904.3 10246 12351.3 8774.29 7812.01 6920.74 8316.89 10180.1 6927.51 4802.25 4800.88 11463 10196.7 2906.93 7596.44 5409.96 4634.61 3577
internal_count=1711225 417819 353007 226211 1293406 64812 126796 75908 191582 921180 372226 564364 143512 59200 356816 256485 53501 50888 239425 58781 48070 32986 132514 79549 326995 74329 239712 165096 33414 100331
is_linear=0
shrinkage=0.05


Tree=26
num_leaves=31
num_cat=0
split_feature=17 3 7 10 1 3 7 7 10 8 7 1 8 10 10 1 1 7 7 7 7 10 1 1 1 8 7 7 7 7
split_gain=1296.64 639.754 319.285 249.779 199.685 193.013 182.774 369.352 178.683 149.577 132.277 124.735 123.638 120.411 100.734 100.609 95.6866 90.2447 82.8984 78.8965 77.0378 76.0074 75.0022 65.3762 61.7579 55.3957 52.1662 231.7 211.532 130.517
threshold=0.78953251609163166 1.0000000180025095e-35 2.524928003624769 5.9956597843181099 1265.5000000000002 1.0000000180025095e-35 2.3502401828962087 1.0397207708399181 0.73060162963332453 0.89587973461402759 1.0397207708399181 886.50000000000011 4.3630783395783075 0.038873597625763805 3.5380285808558098 363.50000000000006 1223.5000000000002 2.8029010331479989 2.1383330595080281 2.1383330595080281 2.524928003624769 1.0000000180025095e-35 670.50000000000011 2166.5000000000005 1648.5000000000002 3.3140206880897671 2.3502401828962087 2.524928003624769 1.0397207708399181 2.9174053685313028
decision_type=2 2 2 2 2 2 2 2 2 2 2 2 2 2 2 2 2 2 2 2 2 2 2 2 2 2 2 2 2 2
left_child=1 10 6 13 5 15 7 11 18 26 -1 -3 23 17 19 -2 -15 -4 -9 -12 -21 -13 -7 -5 -8 -23 28 -28 -6 -29
right_child=4 2 3 12 9 22 24 8 -10 -11 14 21 -14 16 -16 -17 -18 -19 -20 20 -22 25 -24 -25 -26 -27 27 29 -30 -31
leaf_value=-0.023408970097937527 0.011286382760516269 -0.0014217400480139508 0.047031222123522995 -0.002848354481574774 -0.005654662868989295 0.017796570095359163 -0.013438438434083211 0.043641812219617541 0.0035443785708320647 0.0066582360437603978 0.031152878738947232 0.0046302024780912592 0.0023468707111928984 0.010584496782036643 -0.013758132248957023 -0.0017055842799606194 0.00060285630298375303 0.014250923116043515 -0.0027587230844766442 -0.01997434836370077 0.0070705768492258418 -0.017388404569300225 0.010565957177646851 -0.0097685741077584171 -0.028227741376143225 0.045836153382765511 -0.024356200699027997 0.019701871719550186 0.022887614683329637 -0.0042982985012114307
leaf_weight=3225.9246622025967 2314.7739229444414 2388.4209975311533 271.71642082184553 11527.678700467572 2244.8943815990351 5625.6932066455483 1641.1914784414694 494.06983467191458 1888.290031212382 12176.309727043845 189.33435179293156 445.24897867068648 9198.9884036239237 4210.6269628833979 7817.3848986029625 4182.9011338599958 5586.4897390324622 923.77776528615505 119.55055633932352 440.33486592024565 654.98090374842286 4894.9799345955253 9893.9410442560911 4848.2390252305195 1238.6378742307425 34.892258301377296 1218.6876940783113 738.73608972784132 913.20462908688933 2429.2737243976444
leaf_count=18579 66161 14433 2212 80739 58937 183620 10556 4432 13345 391277 1420 3415 64381 31615 49573 121887 39749 7218 837 2690 4501 28161 318866 32222 7517 224 30185 21877 28916 71680
internal_value=7.08409e-05 -0.00451326 -0.00198484 0.000417655 0.00688474 0.0101578 -0.0086681 -0.00554535 0.0111615 0.00323054 -0.0147092 -0.0109294 -0.00229156 0.00672079 -0.0116258 0.00292276 0.00489279 0.0217014 0.0346017 0.00134978 -0.00380193 -0.0151541 0.013187 -0.00489715 -0.0197994 -0.0169409 -0.00230131 -0.00582895 0.0025987 0.00129821
internal_weight=103779 62040.8 49712.8 36567.5 41738.4 22017.3 13145.3 10265.5 2501.91 19721.1 12328 7763.54 25574.9 10992.6 9102.04 6497.68 9797.12 1195.49 613.62 1284.65 1095.32 5375.12 15519.6 16375.9 2879.83 4929.87 7544.8 4386.7 3158.1 3168.01
internal_count=1711225 417819 341056 258136 1293406 690534 82920 64847 18614 602872 76763 46233 177342 80794 58184 188048 71364 9430 5269 8611 7191 31800 502486 112961 18073 28385 211595 123742 87853 93557
is_linear=0
shrinkage=0.05


Tree=27
num_leaves=31
num_cat=0
split_feature=17 8 10 1 10 7 7 10 7 10 7 8 10 10 8 7 7 7 7 10 10 7 10 10 8 10 7 10 1 1
split_gain=1173.09 510.666 272.835 190.056 163.034 199.053 327.578 251.297 224.528 130.703 139.018 130.009 118.658 115.886 109.625 100.899 280.758 239.791 174.567 96.8598 89.8138 81.2426 75.8874 70.7371 69.3671 64.7247 60.1556 59.2129 49.0048 44.1339
threshold=0.78953251609163166 1.0000000180025095e-35 5.9707759744582738 2694.5000000000005 6.0470454951888195 1.0397207708399181 2.1383330595080281 0.73060162963332453 2.524928003624769 0.73060162963332453 2.8029010331479989 0.89587973461402759 1.0000000180025095e-35 6.8670837425927242 5.1957269410780187 2.3502401828962087 1.0397207708399181 2.524928003624769 2.9174053685313028 1.0000000180025095e-35 7.5136656519364324 3.1132683346437333 1.0261490310845864 1.2007562355602046 1.0000000180025095e-35 4.383856482162348 3.1132683346437333 2.1139029853608 728.50000000000011 3936.5000000000005
decision_type=2 2 2 2 2 2 2 2 2 2 2 2 2 2 2 2 2 2 2 2 2 2 2 2 2 2 2 2 2 2
left_child=1 4 27 11 5 12 7 -7 -8 10 -10 15 -1 -13 20 16 19 -17 22 -2 -4 -20 -19 -18 -5 -23 -12 -3 -21 -14
right_child=3 2 14 24 -6 6 8 -9 9 -11 26 13 29 -15 -16 17 23 18 21 28 -22 25 -24 -25 -26 -27 -28 -29 -30 -31
leaf_value=0.0067226683995365412 0.022942459003886674 0.016825547986086226 -0.0018581254210694913 -0.007258485414151159 -0.015931665277979849 0.043786960664849925 -0.016823548902437143 0.0036748860009260965 0.041388228836501437 -0.0042589524394996622 -0.012595914212666438 0.01513191992651663 -0.01317783963159073 0.0074473191272987627 0.0024387482659950386 -0.013195801219700157 0.041505675658124019 0.044066705008871769 -0.01161417373634703 0.0063353078937418584 -0.008410195072573852 0.015551361433802728 0.015570722241071828 0.019587192904862563 0.0028760315633374828 0.00045489574729111796 0.016928553175279661 0.0053089619006071835 -0.004663435091026083 -0.02673036593792695
leaf_weight=733.42938498966396 527.24717996455729 1303.2380519388244 11649.713042978197 2609.2510489532724 7600.1068486971781 602.94355280324817 3033.0950801903382 1107.9779461370781 363.16496796160936 2852.9727014414966 322.41120748221874 8562.9691503779031 7247.2681117355824 11487.715449444018 6950.1265217084438 2230.281785460189 537.28377722715959 309.62355428934097 936.4385542916134 1809.1979966200888 9491.733204848133 1019.8068575058132 952.00875914189965 1168.9925620020367 4784.4860359430313 2337.158608360216 371.10730474628508 7773.2400778057054 2300.426008769311 655.0131419301033
leaf_count=5612 19814 10398 80636 70107 47087 5398 19120 7930 2937 19321 2332 294101 41883 370601 48273 56247 19121 10537 27332 45856 63993 33093 29442 38171 149784 70793 2765 56435 58407 3699
internal_value=6.86445e-05 -0.00428547 -0.000573848 0.00656821 -0.00982813 -0.00714513 -0.00178576 0.0178107 -0.00661497 0.0013048 0.0163266 0.00814059 -0.0125156 0.0107292 -0.00300889 0.00446699 0.00914812 0.000652997 0.00621313 0.00276701 -0.00479976 0.00140834 0.0225641 0.026489 -0.000700441 0.00504103 0.00320286 0.00696256 0.00017859 -0.0143012
internal_weight=103630 62057.5 37168.1 41572.9 24889.5 17289.4 8653.67 1710.92 6942.75 3909.66 1056.68 34179.2 8635.71 20050.7 28091.6 14128.5 6343.15 7785.32 5555.04 4636.87 21141.4 4293.4 1261.63 1706.28 7393.74 3356.97 693.519 9076.48 4109.62 7902.28
internal_count=1711225 417819 259735 1293406 158084 110997 59803 13328 46475 27355 8034 1073515 51194 664702 192902 408813 181369 227444 171197 124077 144629 131218 39979 57292 219891 103886 5097 66833 104263 45582
is_linear=0
shrinkage=0.05


Tree=28
num_leaves=31
num_cat=0
split_feature=16 16 16 17 17 7 8 8 8 10 16 1 10 1 7 7 10 10 1 8 10 3 7 16 17 4 1 3 3 1
split_gain=2642.31 798.963 311.613 232.978 221.58 161.708 160.068 138.414 126.221 78.6701 67.6001 66.144 61.5 58.1543 56.4878 151.499 72.025 55.3156 54.8156 54.6609 49.5573 47.8541 47.4838 47.398 46.2552 52.8883 45.0864 43.8574 42.8698 47.1646
threshold=0.81260137962846057 0.76258261174514741 0.84605918233744193 0.79201285725908843 0.79015290627731349 2.524928003624769 1.0000000180025095e-35 1.0000000180025095e-35 1.0000000180025095e-35 4.8689591460068407 0.72726264033176469 3936.5000000000005 5.921156888350585 1223.5000000000002 2.3502401828962087 1.0397207708399181 0.58835231277292122 7.1327310945413664 1677.5000000000002 5.2122109552252045 5.8711058186825396 1.0000000180025095e-35 1.8688348091416842 0.72544139781389305 0.78191805040034468 1.5000000000000002 2370.5000000000005 1.0000000180025095e-35 1.0000000180025095e-35 806.50000000000011
decision_type=2 2 2 2 2 2 2 2 2 2 2 2 2 2 2 2 2 2 2 2 2 2 2 2 2 2 2 2 2 2
left_child=1 4 7 5 6 14 10 11 18 -7 -1 20 -9 21 15 -3 22 -10 24 27 28 -5 -17 -8 25 -4 -14 -11 -2 -30
right_child=2 3 8 13 -6 9 23 12 17 19 -12 -13 26 -15 -16 16 -18 -19 -20 -21 -22 -23 -24 -25 -26 -27 -28 -29 29 -31
leaf_value=-0.023951219450821473 -0.0031889633854419995 -0.012313424042704628 -0.006674015552626711 0.001238574325347362 -0.004603192882664745 0.0060972733501685264 -0.013959100513382934 0.016666958100359598 0.025672085536732669 -0.011194776879192528 -0.015229454513235929 -0.012845232873242129 0.010762370662794833 0.0012112261660522207 -0.018538174533590218 0.043148976635332854 0.0012303818438340955 0.017318585677256641 0.0022088542059242027 0.0036885912772548386 -0.0029440271200587131 0.0100286089773355 -0.0039892445465967872 -0.0079455083978897528 0.020601969931201364 0.013417715995018356 0.0017635991696609071 -0.0028162332255395241 0.016821648758612178 0.0051923747117559151
leaf_weight=4030.5866690687835 916.67964501306415 4160.4181919116527 403.90514139086008 2208.5848188544624 8771.6323957415298 3120.6066418075934 5722.1909381225705 3613.014866755344 4261.4745875783265 1852.3305439520627 4950.2524599768221 637.68588434718549 6575.9439789066091 7801.2844337504357 1543.4133485667408 196.53022379055619 1000.7180364839733 3704.4996344735846 1172.4515146669 2757.1454846998677 1875.9490188565105 5179.8054432678036 73.368662521243095 7666.9346499182284 1739.0493476614356 1732.4144942685962 1765.6796822901815 9960.5153619498014 1259.9142144359648 2830.7997812787071
leaf_count=22650 13442 26518 3030 83079 184069 24930 32601 72310 101303 13229 28702 9682 121322 296777 10332 2030 7463 82552 22172 21486 28443 214446 554 46564 54473 13641 31915 75845 20445 45220
internal_value=6.67095e-05 -0.00533804 0.0118772 -0.000649407 -0.0113385 -0.00364941 -0.0139795 0.00787443 0.0178675 -0.00110739 -0.0191438 0.00256017 0.0112178 0.004222 -0.0100972 -0.00769841 0.00741267 0.0217874 0.0116817 -0.00265049 0.00398735 0.00740104 0.030335 -0.0105156 0.0145476 0.00961906 0.00885759 -0.00413004 0.00658409 0.00877412
internal_weight=103486 70996.3 32489.5 39854.7 31141.6 24665 22370 19475.7 13013.8 17690.6 8980.84 7521.03 11954.6 15189.7 6974.45 5431.04 1270.62 7965.97 5047.82 14570 6883.34 7388.39 269.899 13389.1 3875.37 2136.32 8341.62 11812.8 5007.39 4090.71
internal_count=1711225 1091275 619950 776689 314586 182387 130517 342779 277171 135490 51352 117232 225547 594302 46897 36565 10047 183855 93316 110560 107550 297525 2584 79165 71144 16671 153237 89074 79107 65665
is_linear=0
shrinkage=0.05


Tree=29
num_leaves=31
num_cat=0
split_feature=16 16 16 17 17 7 8 8 8 10 16 10 4 10 7 7 10 8 8 10 8 17 4 7 8 10 0 10 7 7
split_gain=2397.4 719.006 288.54 210.417 199.721 145.709 145.036 126.592 118.329 71.0873 64.6809 56.8287 54.394 52.3968 50.3476 136.609 66.7393 50.3119 50.0393 46.9206 50.261 44.9969 50.5405 44.8019 40.8063 40.7936 39.0789 38.4104 45.3424 89.1238
threshold=0.81260137962846057 0.76258261174514741 0.84605918233744193 0.79201285725908843 0.79015290627731349 2.524928003624769 1.0000000180025095e-35 1.0000000180025095e-35 1.0000000180025095e-35 4.8689591460068407 0.68232971914818441 5.921156888350585 1.5000000000000002 6.6264296053713112 2.3502401828962087 1.0397207708399181 0.58835231277292122 0.89587973461402759 4.2121001622835372 7.2909223610953893 6.9426395642594496 0.78191805040034468 1.5000000000000002 1.8688348091416842 5.7822843490610341 5.8711058186825396 55.500000000000007 6.8292887335230441 1.0397207708399181 2.1383330595080281
decision_type=2 2 2 2 2 2 2 2 2 2 2 2 2 2 2 2 2 2 2 2 2 2 2 2 2 2 2 2 2 2
left_child=1 4 7 5 6 14 10 25 21 -7 -1 -9 -5 -10 15 26 23 -14 -11 -8 -21 22 -4 -17 -6 -2 -3 28 -12 -30
right_child=2 3 8 12 24 9 19 11 13 18 27 -13 17 -15 -16 16 -18 -19 -20 20 -22 -23 -24 -25 -26 -27 -28 -29 29 -31
leaf_value=-0.02815746175203749 0.0046993440547917452 -0.0065102446736018359 -0.0081073411207056422 0.013247343682117458 -0.0054981937439179786 0.0058089564135319488 -0.006769093531287843 0.015998681902091354 0.025845131338324515 -0.0045124262353247778 -0.019019502422919311 0.008459382521991566 -0.00062939957490709035 0.0175587173526735 -0.017528299340490168 0.042150246772676633 0.0011694483347344594 0.0055427081397436294 0.0017798958729551503 -0.014070619631876492 -2.4446291433986098e-05 0.016322037928098165 0.0099342361476273625 -0.0037840481847642121 0.005879154241404198 -0.0035637526897824888 -0.016217038441146636 -0.023095048047777039 0.0084568253847149954 -0.014142269010111723
leaf_weight=1374.4657711908221 5453.8756045876071 1945.7696005916223 469.27485640347004 1444.9857268393971 7912.1976096890867 3111.9448418235406 6184.2676245458424 3576.6828708443791 3267.0130980303511 9955.195500283502 2868.9288859888911 8298.8883007671684 5541.6153704430908 4585.0657184440643 1550.5296735865995 191.26252924464643 1000.2297950945795 8168.7889650906436 4628.6109200250357 6529.0324444808066 705.71537506952882 2298.9911004612222 2246.2099382802844 73.476981267333031 875.2927681999281 2056.9850935088471 2219.7954756040126 1661.0509101077914 526.05269204452634 2556.0586726740003
leaf_count=7727 86252 12480 3510 61076 164593 24930 36656 72310 79657 74657 16190 153237 195681 104198 10332 2030 7463 337545 35903 38276 4233 72065 17741 554 19476 30980 14038 9433 3249 14753
internal_value=6.49225e-05 -0.00506859 0.0113696 -0.000616727 -0.0107534 -0.00346467 -0.013259 0.00751684 0.0171746 -0.00105147 -0.0181748 0.0107301 0.00402045 0.0210064 -0.00958173 -0.00731282 0.00707799 0.003048 -0.00251537 -0.00996695 -0.0127005 0.0111745 0.00681639 0.0294014 -0.00436493 0.00243635 -0.0116829 -0.0163723 -0.0144958 -0.0102851
internal_weight=103278 71025.3 32253 39832.2 31193.1 24676.8 22405.6 19386.4 12866.6 17695.8 8986.56 11875.6 15155.4 7852.08 6981.06 5430.53 1264.97 13710.4 14583.8 13419 7234.75 5014.48 2715.48 264.74 8787.49 7510.86 4165.57 7612.09 5951.04 3082.11
internal_count=1711225 1091275 619950 776689 314586 182387 130517 342779 277171 135490 51352 225547 594302 183855 46897 36565 10047 533226 110560 79165 42509 93316 21251 2584 184069 117232 26518 43625 34192 18002
is_linear=0
shrinkage=0.05


Tree=30
num_leaves=31
num_cat=0
split_feature=16 16 16 7 7 7 7 7 7 7 7 7 7 10 10 10 7 7 16 10 7 10 10 7 9 7 7 10 1 3
split_gain=2190.67 491.661 449.116 158.62 144.102 133.951 119.995 242.403 113.398 110.078 179.801 100.284 149.436 98.4637 88.416 86.8737 82.9483 86.0693 79.772 75.3246 66.1681 61.4361 59.9689 64.9423 63.0317 58.9055 132.988 71.146 58.1541 62.8457
threshold=0.7974538013997855 0.74775451997026388 0.83389629751712524 2.524928003624769 2.524928003624769 1.0397207708399181 2.3502401828962087 1.0397207708399181 2.524928003624769 2.1383330595080281 2.524928003624769 2.3502401828962087 1.0397207708399181 0.58835231277292122 2.1139029853608 0.081509403981921358 2.8029010331479989 3.1132683346437333 0.8699939667019746 1.6308419060349375 1.0000000180025095e-35 1.0000000180025095e-35 1.2007562355602046 2.8029010331479989 2.602003343538398 2.3502401828962087 1.0397207708399181 0.73060162963332453 2891.5000000000005 1.0000000180025095e-35
decision_type=2 2 2 2 2 2 2 2 2 2 2 2 2 2 2 2 2 2 2 2 2 2 2 2 2 2 2 2 2 2
left_child=1 8 5 11 6 21 7 20 25 15 -11 12 -4 -9 16 -7 -6 -18 -5 -12 -3 -2 23 -10 -24 26 -1 -28 29 -21
right_child=2 4 3 18 14 9 -8 13 22 10 19 -13 -14 -15 -16 -17 17 -19 -20 28 -22 -23 24 -25 -26 -27 27 -29 -30 -31
leaf_value=-0.019099486384610131 0.014717951152461771 0.0078378053136470265 0.0047856998194432017 0.01479418559573448 0.034298422466420481 0.046538520349197927 -0.017253525462358237 0.033276072208062855 0.040322635444063573 -0.010189486768111922 0.018869719087628845 -0.0068454602892553899 0.026447117475794802 0.0051706643231528788 -0.00143903132363712 0.013437398254500557 -0.01542606293271491 0.012851607346534162 0.0230885330356645 -0.0013322688369261074 -0.011157971745351245 -0.0062157701680594906 -0.011576393970654896 -0.0020119814685537925 -0.00182433685540878 -0.026127783799580265 0.029375685491415678 -0.0049710760973180647 -0.00097378468881711543 0.0082804628031029181
leaf_weight=3725.233082074672 388.80137000512332 501.01718936581165 2936.8477388471365 8798.1714913984761 299.15252478281036 260.84578462317586 2477.9852348547429 398.35454988898709 109.3147241268307 1766.3065354544669 1155.9853651635349 1026.8425769107416 1092.3427091576159 1431.3777669188567 25444.254193832632 825.58136398997158 368.35908908676356 998.54570890124887 4323.3093430474401 1971.1451409067959 5393.4508058698848 3556.5308381002396 13712.576493010856 528.83470174856484 1884.6713194958866 1562.5130691044033 190.35378378909081 725.06724366731942 2753.3563441121951 12373.675956493244
leaf_count=31744 7752 12335 45005 190150 7184 5166 38795 10333 1217 23833 20850 18404 24046 26158 508596 13583 7829 25227 106699 31440 74714 40922 136807 6007 19912 14601 2103 6894 44717 207090
internal_value=7.12152e-05 -0.00613175 0.0086448 0.0146277 -0.00261452 0.00430368 -0.00767975 -0.00460841 -0.0119805 0.00588438 0.00504323 0.00710339 0.0106583 0.0112895 -0.000708366 0.0213848 0.0104504 0.00523123 0.017527 0.00651718 -0.00954337 -0.00415281 -0.00978335 0.00523992 -0.010398 -0.0177309 -0.0149036 0.00217103 0.00568204 0.00695956
internal_weight=102981 59751.1 43229.7 18177.5 37312.5 25052.2 10202.2 7724.2 22438.6 21106.9 20020.5 5056.03 4029.19 1829.73 27110.3 1086.43 1666.06 1366.9 13121.5 18254.2 5894.47 3945.33 16235.4 638.149 15597.2 6203.17 4640.65 915.421 17098.2 14344.8
internal_count=1710113 930456 779657 384304 711171 395353 162335 123540 219285 346679 327930 87455 69051 36491 548836 18749 40240 33056 296849 304097 87049 48674 163943 7224 156719 55342 40741 8997 283247 238530
is_linear=0
shrinkage=0.05


Tree=31
num_leaves=31
num_cat=0
split_feature=16 17 16 16 7 7 7 17 16 7 10 7 10 7 16 1 10 7 7 10 1 16 10 1 1 0 7 17 4 4
split_gain=1985.23 484.593 393.236 248.252 174.276 142.824 233.876 109.982 108.649 105.23 103.931 86.9018 84.1327 76.6899 73.3057 60.1323 57.4588 52.5423 67.0665 50.5768 48.715 48.0631 47.9737 42.4492 40.7368 40.1783 39.787 38.7651 40.1428 37.078
threshold=0.7989565723572235 0.78999681022789259 0.8534154820491322 0.74255678376063361 1.0397207708399181 2.1383330595080281 2.524928003624769 0.80660592023133282 0.82309145174897347 2.524928003624769 1.2007562355602046 2.524928003624769 1.0000000180025095e-35 1.0397207708399181 0.72726264033176469 1758.5000000000002 6.5655444681963475 2.3502401828962087 1.0397207708399181 4.7237921238650999 2550.5000000000005 0.60617271857397148 3.0953963599229204 318.50000000000006 4028.5000000000005 55.500000000000007 5.1269313471631675 0.78953251609163166 2.5000000000000004 1.5000000000000002
decision_type=2 2 2 2 2 2 2 2 2 2 2 2 2 2 2 2 2 2 2 2 2 2 2 2 2 2 2 2 2 2
left_child=1 3 4 13 12 10 15 14 22 25 -6 17 -2 -1 -3 -7 -11 18 -4 -10 27 -15 -8 -16 -14 -5 -18 28 -13 -25
right_child=2 7 11 9 5 6 8 -9 19 16 -12 20 24 21 23 -17 26 -19 -20 -21 -22 -23 -24 29 -26 -27 -28 -29 -30 -31
leaf_value=-0.02206662770214729 0.016706341437079702 -0.0084454837248843818 0.0078520200250020138 -0.0071004952785740198 0.043660596838625026 -0.0035406680955725072 0.014228379030429015 0.0068714206516888587 0.018625717015991469 -0.00035599633233449258 0.013974953338122098 0.0113681688507136 -0.0035992690348119086 -0.027185750070039833 0.010526385895781769 -0.021377282551750351 -0.010144627258021613 -0.004086252115920775 0.027419675274638573 0.010013568162760509 0.0094702891284357705 -0.011836802892145677 0.0039073220258769078 0.0079814642400989257 -0.021583684395396457 -0.01462391677530266 -0.0038109284523704812 0.025475517772258701 0.022709651529267974 -0.0015895418322521356
leaf_weight=2561.2046036869287 497.66214595921338 3205.3843039330095 1656.9281050125137 3349.9546947814524 420.88764008600265 1564.0398347508162 1248.0986063601449 4892.8808005265892 2165.525555960834 6970.4365886636078 984.53601469192654 1410.7618102394044 4180.7445732643828 534.0463922470808 886.73344159824774 677.079789259471 3988.2326468126848 560.35875463671982 595.18979537766427 8012.5525143314153 960.04038323275745 11340.748245798051 11498.192907541059 1105.547656965442 340.5183188105002 3773.644746418111 6554.4997556265444 3158.3756620585918 1745.5689569413662 11947.033368074335
leaf_count=14561 10698 57178 25807 19964 8993 22599 21330 368450 46495 45914 17274 14009 50989 3003 17629 9685 25128 10547 14018 160039 22991 64282 183561 23476 4066 22244 42627 121880 17447 243229
internal_value=6.92654e-05 -0.00566921 0.00848349 -0.00901305 0.00573901 0.00735306 0.00648676 0.000259452 0.00799386 -0.00596227 0.022865 0.0170783 -0.00280601 -0.0142196 -0.00162752 -0.00892941 -0.00387819 0.00961444 0.0130234 0.0118459 0.0199639 -0.0125271 0.00491795 -5.97104e-05 -0.00495376 -0.0110859 -0.00620692 0.0215592 0.0176404 -0.000778882
internal_weight=102787 61110.3 41677.1 39072.8 31589.8 26570.9 25165.5 22037.6 22924.4 24636.8 1405.42 10087.2 5018.93 14436 17144.7 2241.12 17513.2 2812.48 2252.12 10178.1 7274.75 11874.8 12746.3 13939.3 4521.26 7123.6 10542.7 6314.71 3156.33 13052.6
internal_count=1710113 947685 762428 237723 535729 469976 443709 709962 411425 155877 26267 226699 65753 81846 341512 32284 113669 50372 39825 206534 176327 67285 204891 284334 55055 42208 67755 153336 31456 266705
is_linear=0
shrinkage=0.05


Tree=32
num_leaves=31
num_cat=1
split_feature=16 16 16 7 8 8 16 7 7 8 10 10 10 10 7 7 10 7 7 10 7 10 10 7 8 3 2 10 10 16
split_gain=1809.43 479.693 321.326 163.999 130.291 129.331 108.171 101.921 197.421 95.9246 69.1006 65.4269 63.1772 62.7799 62.7485 147.873 103.243 101.519 87.0846 79.2604 62.0346 60.6084 59.2276 56.0164 53.7932 52.9417 65.5306 47.5777 46.6581 43.4017
threshold=0.78865576902894141 0.82309145174897347 0.74014791079184894 2.524928003624769 1.7005986908310777 1.2424533248940002 0.8699939667019746 2.3502401828962087 1.0397207708399181 3.7256208424938388 1.0000000180025095e-35 6.8100440091350576 6.4093551940530853 4.1291433741119539 1.0397207708399181 2.1383330595080281 0.58835231277292122 2.524928003624769 2.9174053685313028 0.58835231277292122 3.1132683346437333 2.1139029853608 0.3497316826816268 1.0000000180025095e-35 5.8362705921142739 1.0000000180025095e-35 0 5.921156888350585 5.3861911216885003 0.68232971914818441
decision_type=2 2 2 2 2 2 2 2 2 2 2 2 2 2 2 2 2 2 2 2 2 2 2 2 2 2 1 2 2 2
left_child=2 5 9 7 11 28 13 8 10 29 -3 14 -6 -5 23 16 -16 -17 19 -19 -20 -22 -10 -4 -14 -15 -27 -7 -2 -1
right_child=1 3 4 6 12 27 -8 -9 22 -11 -12 -13 24 25 15 17 -18 18 20 -21 21 -23 -24 -25 -26 26 -28 -29 -30 -31
leaf_value=-0.018727742789829162 0.00089316662679661421 0.023803900690153857 0.0074390283887062567 0.019994811826334381 0.0049064152529959115 0.01064769018175727 0.021599870588027995 -0.0064617576088790958 0.040672604144463817 -0.0056578226169540216 0.00078039842131769738 -0.011859124120295855 -0.0038468005605146504 0.0010143513202697722 0.041170768032337123 -0.013846013819610507 0.0059547210070898205 0.038576605213365416 -0.016049338175918648 0.0048160667688264937 0.01279114270660316 -0.0041949794420821102 0.018106998829555104 -0.011090841357425201 0.0041310744508722365 0.015801038203101411 0.0074433196607622057 0.0037663069613626875 -0.0055912036174666814 -0.012159706003670306
leaf_weight=3318.9294161386788 6777.5358784971759 358.30692557804286 450.02631704928353 2240.6442940486595 4346.5322733074427 3321.4413004759699 4198.3491348456591 1420.4640377657488 408.1632734388113 4997.1663786768913 3602.8502583960071 4217.6400003260933 9659.1023527011275 1225.6209449330345 279.49728534882888 2178.7246212624013 815.00345521466807 217.89839880913496 884.43488503014669 860.03072086116299 631.9489198802039 3107.4547999603674 1011.1388603840023 4352.8584622582421 2704.6101516606286 5270.8604030935094 4345.3677270170301 10305.008246432059 4696.536129035987 10386.593404321931
leaf_count=32707 93392 9158 11334 49728 101246 56166 106699 24233 9910 50880 50229 69714 189669 24145 8017 34603 15582 5531 16230 15544 15520 60071 21017 60220 56695 112156 90133 159899 62807 96878
internal_value=6.72199e-05 0.00698693 -0.00630494 0.0120283 -0.00345793 0.00215022 0.0146167 0.005451 0.00859602 -0.011588 0.00286299 -0.00641005 -0.000278739 0.0123758 -0.004742 -0.00227361 0.0149477 -0.00466543 -0.0011574 0.0116406 -0.00414092 -0.00132437 0.0245964 -0.00935461 -0.00210161 0.0108012 0.0120485 0.00544364 -0.001761 -0.0137502
internal_weight=102591 49182.3 53408.5 24081.8 34705.8 25100.5 17280.8 6800.92 5380.46 18702.7 3961.16 17995.5 16710.2 13082.5 13777.9 8974.99 1094.5 7880.49 5701.77 1077.93 4623.84 3739.4 1419.3 4802.88 12363.7 10841.8 9616.23 13626.4 11474.1 13705.5
internal_count=1710113 869672 840441 497408 659976 372264 382861 114547 90314 180465 59387 312366 347610 276162 242652 171098 23599 147499 112896 21075 91821 75591 30927 71554 246364 226434 202289 216065 156199 129585
cat_boundaries=0 1
cat_threshold=28
is_linear=0
shrinkage=0.05


Tree=33
num_leaves=31
num_cat=0
split_feature=3 1 8 1 1 8 10 10 8 8 8 10 10 7 7 7 7 10 10 7 10 10 7 7 7 7 10 7 10 7
split_gain=508.408 442.24 232.913 171.994 160.573 116.461 177.879 90.6247 75.8997 56.8766 48.0463 56.1414 47.8716 82.2639 206.758 118.307 84.7058 83.6392 69.7199 62.4958 47.5895 44.5928 44.0438 55.632 240.046 132.103 108.133 105.573 115.042 48.0276
threshold=1.0000000180025095e-35 1774.5000000000002 1.0000000180025095e-35 555.50000000000011 308.50000000000006 1.0000000180025095e-35 6.5450163141586417 5.4189898813686934 0.89587973461402759 3.9415346756528771 3.860674306308975 5.9707759744582738 1.0000000180025095e-35 1.0397207708399181 2.1383330595080281 2.524928003624769 2.9174053685313028 0.73060162963332453 0.14313038490420291 3.1132683346437333 6.2223166653399291 6.6693824375441109 1.0000000180025095e-35 1.0397207708399181 2.1383330595080281 2.524928003624769 0.3497316826816268 2.8029010331479989 0.3497316826816268 3.1132683346437333
decision_type=2 2 2 2 2 2 2 2 2 2 2 2 2 2 2 2 2 2 2 2 2 2 2 2 2 2 2 2 2 2
left_child=4 3 22 20 -1 7 -7 12 -6 -8 11 -4 -5 -14 17 -16 18 -15 -17 -18 -2 -12 -3 -24 26 -26 -25 28 -27 -29
right_child=1 2 10 5 8 6 9 -9 -10 -11 21 -13 13 14 15 16 19 -19 -20 -21 -22 -23 23 24 25 27 -28 29 -30 -31
leaf_value=0.00066301428595147459 0.0146731354469582 0.0070124822893725723 0.0027661873423470464 0.016387710318318111 -0.013329356310145868 0.010678551681496073 -0.00067597858777740404 -0.0052489214526170239 -0.0060768604629495033 0.0050092544907054688 0.011219429286327659 -0.0041736120845334672 -0.0036708401140589544 0.04333924096260032 -0.0086439230032521637 0.042477146826916973 -0.013192948348907305 0.013932561525927598 0.010932265366856443 0.0086559733630974887 0.0073044685403700549 0.00157953220573707 -0.014028007003191923 0.041492049025039744 -0.020383228240307309 0.044237375867909733 0.0056614342191550187 -0.02045946094810034 0.00071662369477457934 -0.0057180987798608673
leaf_weight=4810.0389242754318 4415.9879995035008 434.94593507610261 4619.4023232962936 604.60270453291014 7590.5691024526022 9767.4493381339125 8500.9225578065962 5599.3163912082091 6874.8067565029487 9117.592113844119 1468.9338767379522 7895.0681072557345 3834.5224350942299 424.10935447597876 1771.2261819560081 271.88009116658941 479.21830747649074 562.5081442296505 492.38727469928563 1032.3381885066628 4349.1530652185902 6544.465627447702 3874.4771056873724 271.18932443298399 2218.580266864039 190.2043532487005 941.94718171749264 773.72894412092865 752.96230560634285 1932.6899914052337
leaf_count=68707 80725 8907 88411 13652 102243 197036 147649 81395 110760 165731 29901 129477 49217 10686 26922 6030 8386 10973 9083 19190 76321 111789 46538 6070 30489 3846 15440 12113 11680 30746
internal_value=6.54277e-05 0.00176165 -0.00285792 0.00464022 -0.00725097 0.00332381 0.0052665 -0.000206052 -0.00988254 0.00226613 0.000323705 -0.00161196 0.00277476 0.00184668 0.00604978 0.0010464 0.00858818 0.0265734 0.022154 0.00172907 0.0110169 0.00334662 -0.0085917 -0.00921118 -0.0065757 -0.0107614 0.0136712 -0.00491224 0.00949327 -0.00993246
internal_weight=102417 83141.8 31918.6 51223.2 19275.4 42458.1 27386 15072.1 14465.4 17618.5 20527.9 12514.5 9472.79 8868.19 5033.67 4047.05 2275.82 986.617 764.267 1511.56 8765.14 8013.4 11390.7 10955.8 7081.3 5868.17 1213.14 3649.59 943.167 2706.42
internal_count=1710113 1428403 525407 902996 281710 745950 510416 235534 213003 313380 359578 217888 154139 140487 91270 69611 42689 21659 15113 27576 157046 141690 165829 156922 110384 88874 21510 58385 15526 42859
is_linear=0
shrinkage=0.05


Tree=34
num_leaves=31
num_cat=6
split_feature=16 16 17 17 3 8 4 16 8 8 2 3 2 2 3 16 8 7 17 17 16 2 16 17 4 16 2 2 3 16
split_gain=1619.23 618.474 191.976 175.535 147.855 146.541 109.574 93.5723 88.9148 82.7604 77.6143 72.6947 60.6808 59.3815 51.473 47.777 47.0229 43.1842 38.8937 38.7932 36.6567 35.7404 33.4347 33.0181 35.4751 32.9419 31.4483 29.0792 36.1947 27.5671
threshold=0.82309145174897347 0.76327283512609834 0.78953251609163166 0.78953251609163166 1.0000000180025095e-35 1.0000000180025095e-35 1.5000000000000002 0.8534154820491322 0.89587973461402759 1.2424533248940002 0 1.0000000180025095e-35 1 2 1.0000000180025095e-35 0.68232971914818441 2.6735537653587351 1.0397207708399181 0.66677105297994299 0.78953251609163166 0.69687170892281691 3 0.72726264033176469 0.78953251609163166 2.5000000000000004 0.76386094938731974 4 5 1.0000000180025095e-35 0.77966506051104167
decision_type=2 2 2 2 2 2 2 2 2 2 1 2 1 1 2 2 2 2 2 2 2 1 2 2 2 2 1 1 2 2
left_child=1 3 4 8 17 10 25 27 15 13 11 19 14 -8 -4 -1 -14 -3 29 -2 -10 -5 -23 24 -9 -6 -13 -7 -29 -11
right_child=5 2 12 21 6 7 9 23 20 18 -12 26 16 -15 -16 -17 -18 -19 -20 -21 -22 22 -24 -25 -26 -27 -28 28 -30 -31
leaf_value=-0.022955704418237417 -0.004796960183571267 -0.019348040471464975 0.001934090706558444 0.0029581489707631893 0.030158960312550387 0.0054285389117266119 0.00079583017823773748 0.0093793173824256136 -0.013745696738512002 -0.0021681300772797706 0.00018632038952488123 0.020269932985842638 -0.0006394828690459767 -0.0085166039656390923 0.010684281318453257 -0.013234247762298366 0.0055407878192585535 -0.0080018881997517399 -0.0043719770456616437 0.0098854633544131747 -0.007005773704240598 -0.0088475128253156909 -0.0018779791510691963 0.023154420520621756 0.02045345214436739 0.006776187730887423 0.010622725257504921 0.0032659325714061746 0.014198009783840775 0.0043633109156246599
leaf_weight=1484.0573275238276 1054.3035957925022 1133.1161961629987 2607.4327480215579 1990.5573089048266 159.07945535331964 1754.2093777507544 2374.302715501748 1267.0565533451736 2524.3076851889491 2272.5605382230133 3138.5755769154057 1197.8481282191351 7616.9962911661714 6162.7715201731771 4728.6109839249402 8517.6732531040907 5164.5744680855423 3226.7848735041916 2817.5631856014952 784.74306333903223 10045.265081971884 2827.914271550253 4395.4481453187764 2990.1811973117292 1684.7494088597596 2834.1085471240804 3266.1817105440423 869.66115310974419 5852.2082439055666 5587.7332570180297
leaf_count=8322 7496 6493 88709 40709 934 35968 15662 12992 13971 13514 55937 22652 253496 39921 178208 48463 192527 20696 25838 23115 58903 58275 91638 119950 17416 19770 60848 17011 124023 36656
internal_value=6.31788e-05 -0.00340499 0.000257677 -0.00878466 -0.00253236 0.0114694 -0.000879676 0.0146404 -0.0111587 -0.00226585 0.0066272 0.00981852 0.0039423 -0.0059357 0.00756391 -0.0146767 0.00185629 -0.0109507 0.000668251 0.0014682 -0.00835933 -0.00296905 -0.00460015 0.0194512 0.0156999 0.00801892 0.0132806 0.0112678 0.0127647 0.00247495
internal_weight=102331 78470.9 46685.6 31785.2 26568 23859.7 22208.1 14418.1 22571.3 19214.9 9441.65 6303.08 20117.6 8537.07 7336.04 10001.7 12781.6 4359.9 10677.9 1839.05 12569.6 9213.92 7223.36 5941.99 2951.81 2993.19 4464.03 8476.08 6721.87 7860.29
internal_count=1710113 1212705 892424 320281 179484 497408 152295 327360 129659 131591 170048 114111 712940 55583 266917 56785 446023 27189 76008 30611 72874 190622 149913 150358 30408 20704 83500 177002 141034 50170
cat_boundaries=0 1 2 3 4 5 6
cat_threshold=28 12 12 4 4 2
is_linear=0
shrinkage=0.05


Tree=35
num_leaves=31
num_cat=0
split_feature=16 17 16 16 11 11 1 16 10 17 8 10 10 8 1 8 8 8 1 10 10 16 17 8 10 1 1 1 1 8
split_gain=1540.37 394.971 244.769 227.56 123.471 105.26 98.0792 84.6568 70.7596 70.6852 68.9319 61.3599 58.2903 57.8347 52.8188 43.9717 43.5499 40.7012 40.6063 38.8334 37.5221 35.9512 34.303 32.6206 31.0434 29.0184 28.4819 27.7004 25.7799 24.8124
threshold=0.8078636131861191 0.78953251609163166 0.85517967223594293 0.77005389237929101 1.0000000180025095e-35 1.0000000180025095e-35 2213.5000000000005 0.74368454060988709 1.9786323112709436 0.78191805040034468 1.0000000180025095e-35 5.8711058186825396 1.0000000180025095e-35 2.4414009612931857 707.50000000000011 1.0000000180025095e-35 0.89587973461402759 1.7005986908310777 2166.5000000000005 7.2766797249048922 7.4838840236901385 0.70406634886711628 0.66650849354048136 6.9426395642594496 1.0000000180025095e-35 4915.5000000000009 4764.5000000000009 2980.5000000000005 513.50000000000011 5.8507636298606682
decision_type=2 2 2 2 2 2 2 2 2 2 2 2 2 2 2 2 2 2 2 2 2 2 2 2 2 2 2 2 2 2
left_child=1 3 4 5 6 8 11 28 -1 15 25 -2 -6 20 -9 -4 24 -13 -11 29 -10 -7 -12 -21 -16 -5 -8 -14 -3 -15
right_child=2 7 9 10 12 21 26 14 13 18 22 17 27 19 16 -17 -18 -19 -20 23 -22 -23 -24 -25 -26 -27 -28 -29 -30 -31
leaf_value=0.0011324493643686425 0.013461928296515303 0.0023344998037724387 0.0056820789067884118 -0.0058169334958403937 0.016525158588029866 -0.025450482902512835 0.0037584481529695534 0.0067816121662634347 -0.010649747802432791 0.022298557954772629 0.0015617701392646472 0.0020382955539875107 -0.0021179473829190222 -0.003831773532912832 0.015940907206960248 0.015490279312051398 0.0029784454662078164 0.0091345759643620041 0.0097653765451214472 -0.010476420257633796 -0.018149018526470617 -0.014728235108514568 -0.0048947461111513921 0.00031579177568208958 -0.0034249391677168583 -0.019047188911822933 -0.0048927619981636115 -0.015311119581546413 -0.0063507863448063325 0.012172298792467567
leaf_weight=1681.268037930131 6211.9637495353818 1053.6728824581951 1977.039769269526 6301.2317795529962 393.03624400123954 1004.4061188623309 3766.7598445126787 4885.9840808408335 7385.5536040179431 3723.0559945181012 7559.0836855173111 2815.325571439229 3278.6330620674416 3200.7328343950212 215.21219862718135 2707.7664005383849 8664.7889447766356 7158.3271525669843 782.01054746191949 5764.3051378028467 2154.5669407565147 3526.9963762238622 2826.3924578875303 796.99038669466972 5381.0169975361787 443.63458913564682 1272.8761882018298 452.80488218553364 4517.2717308811843 262.01047927048057
leaf_count=10154 122509 21228 15901 38997 9294 5831 69481 172166 42509 142120 46499 48200 41152 18836 8953 27970 317007 136523 28708 33575 12231 19873 24652 4773 165719 2724 23392 5616 92228 1565
internal_value=6.98782e-05 -0.00431782 0.00866056 -0.0072181 0.00612626 -0.0101865 0.0076645 0.000716688 -0.00871088 0.0156513 -0.00275142 0.00956107 -0.00178979 -0.00955678 0.00229506 0.0113511 0.000757914 0.00713146 0.020123 -0.00690468 -0.0123434 -0.0171049 -0.000195362 -0.00916551 -0.00268019 -0.00668714 0.00157339 -0.00371892 -0.00470808 -0.00262082
internal_weight=102165 67625.1 34539.6 42907.2 25349.7 25776.8 21225.3 24717.9 21245.4 9189.87 17130.3 16185.6 4124.47 19564.2 19147 4684.81 14261 9973.65 4505.07 10024 9540.12 4531.4 10385.5 6561.3 5596.23 6744.87 5039.64 3731.44 5570.94 3462.74
internal_count=1710386 1039520 670866 262219 456167 149347 400105 777301 123643 214699 112872 307232 56062 113489 663845 43871 491679 184723 170828 58749 54740 25704 71151 38348 174672 41721 92873 46768 113456 20401
is_linear=0
shrinkage=0.05


Tree=36
num_leaves=31
num_cat=0
split_feature=16 16 16 17 17 7 7 7 3 7 4 10 10 17 17 10 7 7 10 8 1 4 7 1 3 8 7 1 7 1
split_gain=1395.77 356.861 227.072 143.778 136.633 115.976 101.855 149.991 91.1281 84.0693 78.6469 77.475 75.3443 63.0274 60.3115 58.3834 85.4552 59.6925 55.9526 54.2088 52.6124 50.4145 48.3688 46.5476 47.7902 44.1767 43.5974 39.7317 39.6354 39.4881
threshold=0.8078636131861191 0.76327283512609834 0.85907782785924558 0.78953251609163166 0.7922256480588582 1.0397207708399181 2.1383330595080281 2.524928003624769 1.0000000180025095e-35 1.0397207708399181 1.5000000000000002 1.2007562355602046 1.6308419060349375 0.78953251609163166 0.78191805040034468 3.5380285808558098 2.1383330595080281 2.524928003624769 1.0000000180025095e-35 2.4414009612931857 1105.5000000000002 2.5000000000000004 2.8029010331479989 4028.5000000000005 1.0000000180025095e-35 4.2835627800822236 2.3502401828962087 1742.5000000000002 3.1132683346437333 3416.5000000000005
decision_type=2 2 2 2 2 2 2 2 2 2 2 2 2 2 2 2 2 2 2 2 2 2 2 2 2 2 2 2 2 2
left_child=1 3 5 9 8 18 11 26 -3 -1 -10 -7 22 23 21 16 -11 -18 -2 -17 -12 -4 -9 24 -14 -22 -8 -28 -24 -6
right_child=2 4 14 -5 29 6 7 12 10 15 20 -13 13 -15 -16 19 17 -19 -20 -21 25 -23 28 -25 -26 -27 27 -29 -30 -31
leaf_value=-0.016706658349309275 0.016250974733792969 -0.010174905968705506 0.005472011541105882 -0.0026917017185315575 0.0043313093637495107 0.041401386020299712 0.01083934621490293 0.038494670855144464 0.0077644980265693664 0.02696111097257424 0.0011491735626326452 0.013403246762929116 -0.0043772361046258181 0.010372846777082589 0.020022231271009019 -0.012733483146489429 -0.016126443034337301 0.0023285613001384087 -0.00332202398044461 -0.006997296307566743 -0.0064290177018925965 0.016533104172734549 -0.0026479469362093869 -0.0076335256104126947 0.0068244234098655335 0.0015114173795505333 -0.0046896218528539278 -0.021697752071036108 0.020289151628760917 -0.0035865491815803246
leaf_weight=3965.8540261611342 402.864800831303 3770.1890710876323 1927.1160175092518 9233.0700899315998 11778.665050595067 352.94493549037725 300.54016164317727 270.22682956047356 1982.5633700732142 243.8595489487052 5615.4878024682403 823.77827211096883 1090.130575876683 8213.0550418589264 3948.2177118705586 7769.8753893226385 695.42323932051659 1184.4087952822447 3897.9889237619936 8764.9328204244375 8621.2434673109092 2213.2463792972267 248.85793892573565 743.37901660427451 7523.7938203923404 2198.2819809671491 1120.9235471487045 495.00642954930663 774.50825916603208 1817.6772541515529
leaf_count=22573 9682 26090 17752 190706 486825 8421 4779 5767 14334 1584 42662 15600 8295 260881 153056 43983 3834 7065 49081 50684 63729 21420 5010 5900 64405 17294 16781 7177 16859 68157
internal_value=6.73694e-05 -0.00410073 0.00827595 -0.00794977 -0.00067405 0.00601955 0.00749021 0.00667984 -0.00309261 -0.0100956 -0.00164282 0.021801 0.00803381 0.0071764 0.0156009 -0.00869043 -0.000886198 -0.00449867 -0.0014886 -0.00969279 -0.00277763 0.0113848 0.0196796 0.00437083 0.0054068 -0.0048157 -0.00664742 -0.00989971 0.0147114 0.00327278
internal_weight=101988 67641.5 34346.6 31857.4 35784.1 26258 21957.1 20780.4 22187.8 22624.4 18417.6 1176.72 18864 17570.4 8088.58 18658.5 2123.69 1879.83 4300.85 16534.8 16435 4140.36 1293.59 9357.3 8613.92 10819.5 1916.47 1615.93 1023.37 13596.3
internal_count=1710386 1039520 670866 320429 719091 478638 419875 395854 164109 129723 138019 24021 367117 339481 192228 107150 12483 10899 58763 94667 123685 39172 27636 78600 72700 81023 28737 23958 21869 554982
is_linear=0
shrinkage=0.05


Tree=37
num_leaves=31
num_cat=0
split_feature=17 3 1 1 8 10 3 1 1 7 10 1 8 7 10 10 8 7 7 7 7 10 7 10 8 10 1 10 8 8
split_gain=627.233 355.093 178.721 133.274 107.933 95.3231 92.6136 108.023 91.6945 73.0284 78.4219 68.2924 62.8217 57.4244 60.5225 53.5528 53.4132 46.7335 45.5055 39.6966 81.7761 59.7498 42.9304 39.6854 38.5762 37.2385 35.0586 31.6011 31.4822 29.9803
threshold=0.78953251609163166 1.0000000180025095e-35 1823.5000000000002 2694.5000000000005 1.0000000180025095e-35 6.9955568845824283 1.0000000180025095e-35 714.50000000000011 256.50000000000006 2.524928003624769 0.053476163890834059 267.50000000000006 0.89587973461402759 1.0397207708399181 2.896458352116396 6.8859853102934574 2.3502401828962087 2.8029010331479989 2.1383330595080281 2.3502401828962087 1.0397207708399181 0.73060162963332453 2.1383330595080281 1.0000000180025095e-35 1.4978661367769956 0.0029853542071901994 782.50000000000011 0.58835231277292122 6.0222354711552812 1.0000000180025095e-35
decision_type=2 2 2 2 2 2 2 2 2 2 2 2 2 2 2 2 2 2 2 2 2 2 2 2 2 2 2 2 2 2
left_child=1 11 5 6 -4 9 8 -8 -2 19 17 -1 23 -13 18 -14 -7 -11 27 20 25 22 -22 -9 -5 -3 -12 -15 -6 -16
right_child=3 2 4 24 28 16 7 12 -10 10 26 13 15 14 29 -17 -18 -19 -20 -21 21 -23 -24 -25 -26 -27 -28 -29 -30 -31
leaf_value=-0.0030283754181471174 0.013955200736317784 0.010510895528316277 -0.010199454043240573 -0.0050891497865910218 -0.0031603324014216161 -0.0071991938868749871 0.013480631626926524 0.019698938383641267 -0.0014927108697775065 0.044139840013928858 0.0087805383522633913 -0.019247901100776944 0.011831187819395766 0.046166611094997326 -0.017242557544253755 0.0052142553823396158 -9.4917548992474418e-05 0.014677949422133128 -0.0025375892966361018 -0.0076574551389746491 0.040032857634118971 0.0059851938495969507 -0.0010765643315275139 0.0015397375268045162 0.0021914837933849382 -0.0034950203318465725 0.0026708871443014309 -0.010450178334534046 0.0049779166610941471 -0.0098518342473080667
leaf_weight=2348.9523940458894 1154.0609136261046 539.18801415339112 6675.6478900723159 3408.3913526963443 10191.852676670067 3823.9140558186918 6037.4110283874907 313.74710343545303 5730.3830669177696 173.93882938474417 3597.4536734931171 2398.2547306753695 5336.2918753428385 88.517643831670284 1916.7521634707227 7161.4287895644084 8587.1948283454403 595.15603610128164 721.43920500110835 1528.2343627754599 263.67777598649263 976.38233280275017 83.655759699642658 7329.9043392529711 3902.4789913455024 3960.6153683057055 6760.5692651895806 34.15667824447155 1345.1921379417181 4829.354603394866
leaf_count=14578 33841 4051 41843 94804 70327 25684 208613 12539 169367 1636 27539 14025 193895 765 11692 239403 61117 5020 4748 9711 2900 7243 596 215844 124808 23198 50231 251 9331 30786
internal_value=6.51101e-05 -0.0031162 -0.00121085 0.00490633 -0.00513935 0.00110539 0.00625717 0.00761422 0.00109687 0.00338168 0.00593663 -0.0106995 0.00585575 -0.0125034 -0.0103724 0.00803956 -0.00228377 0.0213411 0.00224958 -0.000485315 0.00139683 0.012321 0.0301316 0.00228511 -0.00120281 -0.00181676 0.00479284 0.0304026 -0.00221143 -0.0119517
internal_weight=101814 61440.1 49102.7 40374.1 18212.7 30890 33063.2 26178.8 6884.44 18478.9 11127.1 12337.4 20141.4 9988.48 7590.22 12497.7 12411.1 769.095 844.114 7351.75 5823.52 1323.72 347.334 7643.65 7310.87 4499.8 10358 122.674 11537 6746.11
internal_count=1710386 417272 340427 1293114 121501 218926 1073502 870294 203208 132125 84426 76845 661681 62267 48242 433298 86801 6656 5764 47699 37988 10739 3496 228383 219612 27249 77770 1016 79658 42478
is_linear=0
shrinkage=0.05


Tree=38
num_leaves=31
num_cat=0
split_feature=16 16 8 8 8 10 16 4 3 8 16 10 0 10 7 8 10 4 16 0 10 10 3 16 7 7 10 7 7 10
split_gain=1253.55 434.132 125.057 123.936 92.2221 92.0286 79.7273 62.5015 71.1636 57.1954 56.0924 49.3639 47.2748 46.8563 44.9801 43.6888 43.4543 38.637 35.3344 33.3229 33.235 30.837 30.1324 29.2777 24.3056 122.576 90.9722 56.25 49.1779 70.421
threshold=0.82309145174897347 0.76327283512609834 1.0000000180025095e-35 1.0000000180025095e-35 1.0000000180025095e-35 4.3286071130852664 0.86315771363349869 1.5000000000000002 1.0000000180025095e-35 5.3729582179059152 0.69285618832547369 7.9281248631471941 59.500000000000007 5.4857146537771397 2.9174053685313028 6.0001757199539174 7.1824962034447797 1.5000000000000002 0.86534914972475618 68.500000000000014 7.7984545499745925 1.0000000180025095e-35 1.0000000180025095e-35 0.79410949773221817 1.0397207708399181 2.1383330595080281 0.73060162963332453 2.524928003624769 2.8029010331479989 1.2007562355602046
decision_type=2 2 2 2 2 2 2 2 2 2 2 2 2 2 2 2 2 2 2 2 2 2 2 2 2 2 2 2 2 2
left_child=1 4 7 18 10 -4 13 8 -3 11 -1 17 -9 -5 -6 16 -16 -7 19 -2 -8 -12 -15 -19 -23 26 -26 -27 29 -29
right_child=3 2 5 6 14 9 20 12 -10 -11 21 -13 -14 22 15 -17 -18 23 -20 -21 -22 24 -24 -25 25 27 -28 28 -30 -31
leaf_value=-0.017862863339837869 0.0061399360894033826 -0.011199750478259123 0.010162432403842632 0.016917235117806698 0.012482952199752553 0.0081992726042301369 0.021579852963821044 -0.0018309381370630866 0.0086622991478173799 0.0060203147534474604 0.0073813802712255506 -0.0054946585104637003 -0.0074054229203895988 -0.00027059571171290361 -0.0038870973577490747 0.00049326748146638513 -0.0090161405221357033 -0.0016258953275254961 0.010674520534711018 -0.0015532372430723891 0.011408776950678726 -0.012752691195816923 0.0099134806367190825 0.0027691850805618401 0.041667042898459031 -0.017281168659359913 0.0015148804281464624 0.040026462978011754 -0.0098375613196769532 -0.002097345022021076
leaf_weight=2307.2711904700845 4682.1539405602962 585.86181759089231 3193.9448495632969 2335.9536568988115 348.71330080926418 1721.1165001541376 3117.6720934985206 8342.4495749073103 1958.6946116792969 4884.2251844690181 272.06437922734767 3408.5669678063132 6990.0299593796954 814.61710868868977 7889.3701264671981 2521.441617032513 8665.0872615547851 8646.9666809439659 2621.9093274194747 2012.6216990062967 1081.8654251722619 3897.5363128706813 6701.3652995359153 6744.7672311523929 174.63227933458984 1982.2187965270132 733.98419961240143 120.85393818560988 2391.838429376483 554.18635962624103
leaf_count=21673 82270 8789 73701 55701 3506 33984 85352 143850 31519 105712 3159 61089 115901 16155 84449 27409 87764 206473 53630 33992 27376 33592 143113 111350 2256 18741 7233 1426 23890 5331
internal_value=6.25931e-05 -0.00296922 0.000112549 0.010226 -0.00746496 0.00216312 0.013191 -0.00316794 0.00408924 0.00115746 -0.0108272 7.007e-08 -0.00437233 0.010732 -0.00531262 -0.00563793 -0.00657179 0.00109452 0.00575416 0.00382717 0.0189596 -0.0092243 0.00880968 0.00030006 -0.00968272 -0.00767435 0.00923196 -0.0107167 -0.00647395 0.00544417
internal_weight=101704 78335.8 46476.6 23368.2 31859.2 28599.6 14051.5 17877 2544.56 25405.6 12434.6 20521.4 15332.5 9851.94 19424.6 19075.9 16554.5 17112.9 9316.68 6694.78 4199.54 10127.3 7515.98 15391.7 9855.25 5957.71 908.616 5049.1 3066.88 675.04
internal_count=1710386 1212797 892368 497589 320429 592309 327697 300059 40308 518608 117301 412896 259751 214969 203128 199622 172213 351807 169892 116262 112728 95628 159268 317823 92469 58877 9489 49388 30647 6757
is_linear=0
shrinkage=0.05


Tree=39
num_leaves=31
num_cat=0
split_feature=16 16 17 1 3 17 3 1 16 7 16 10 7 7 1 3 1 7 1 10 17 7 1 3 1 1 7 7 7 10
split_gain=1137.49 391.348 130.159 129.718 129.408 114.409 97.4391 101.353 71.882 66.06 52.5439 49.3618 68.8307 47.127 43.2448 42.4715 42.3663 39.6912 34.5741 34.4974 32.448 31.5792 31.4886 31.1939 39.175 38.577 31.0197 37.1535 35.0705 39.1607
threshold=0.82309145174897347 0.76327283512609834 0.79201285725908843 2166.5000000000005 1.0000000180025095e-35 0.78953251609163166 1.0000000180025095e-35 1105.5000000000002 0.85907782785924558 1.0397207708399181 0.89087966142384911 3.5380285808558098 2.1383330595080281 2.524928003624769 3029.5000000000005 1.0000000180025095e-35 2891.5000000000005 2.524928003624769 278.50000000000006 0.73060162963332453 0.78953251609163166 2.3502401828962087 345.50000000000006 1.0000000180025095e-35 380.50000000000006 752.50000000000011 1.0397207708399181 2.1383330595080281 2.524928003624769 0.14313038490420291
decision_type=2 2 2 2 2 2 2 2 2 2 2 2 2 2 2 2 2 2 2 2 2 2 2 2 2 2 2 2 2 2
left_child=1 5 6 4 10 9 18 -8 26 -1 20 12 19 -14 -9 -13 23 21 -3 -11 -2 -5 -7 24 -4 -25 -6 -28 -29 -30
right_child=3 2 16 17 8 22 7 14 -10 11 -12 15 13 -15 -16 -17 -18 -19 -20 -21 -22 -23 -24 25 -26 -27 27 28 29 -31
leaf_value=-0.014886659205306164 -0.0044904871719291485 -0.00035471721424318781 0.0080121595370428022 -0.00086904084065207894 0.0047063308573929144 0.0069556449848587644 0.0035793507230358727 -0.0014527391012623392 0.018553159110494467 0.040899670565352986 0.016024952593956598 -0.013206351213968952 -0.014093673344661807 0.0022972678807908222 -0.0073390712373259566 -0.0072645868282688155 -0.0018412551502653245 0.0051476742475479714 -0.010723915393785288 0.002283612011206661 0.0062148209837691757 -0.019933828727107663 -0.0033100387785262755 0.01096632194115613 -0.0046434769759762682 0.0041818163303534309 0.026461170869150993 0.0009105791717982242 0.028877310757870141 0.011838209629581247
leaf_weight=3937.6196973994374 1616.2726966738701 1024.5999667663127 940.94186626933515 945.66738293506205 1535.3620464289561 819.64424950629473 8904.2673817290924 10961.802736955695 5109.5545278396457 138.48525591939688 641.34738136734813 3947.2695742473006 696.8428345695138 1183.0268569216132 4361.7691997755319 12632.368856556714 3047.1400889246725 3642.4766546115279 3732.0500779775903 99.309048816561699 1259.3520089155063 281.9748118892312 8427.8031343417242 2730.1572772520594 1746.3651038659737 9009.4440616513602 447.36228238232434 693.20563451945782 355.11360687762499 6687.5584367699921
leaf_count=22573 12523 7125 34420 15699 23307 16707 70174 84922 129124 998 14610 22101 3834 7065 33005 72566 108245 80557 26276 586 40648 4600 173999 113705 64820 349676 10513 11391 8656 145961
internal_value=6.0377e-05 -0.00282023 0.000107294 0.0097811 0.0117068 -0.00708617 -0.0019476 -0.000663059 0.013752 -0.00900063 0.003084 -0.00776104 -0.000572594 -0.00377864 -0.00312825 -0.0086792 0.00351578 0.00252717 -0.00849035 0.0247726 0.000197799 -0.005248 -0.00240014 0.00464725 -0.000212194 0.00575962 0.0112278 0.0124514 0.0116412 0.0126974
internal_weight=101556 78340.9 46458.5 23215.2 18345.1 31882.4 28984.5 24227.8 14828.2 22634.9 3516.97 18697.3 2117.66 1879.87 15323.6 16579.6 17474 4870.12 4756.65 237.794 2875.62 1227.64 9247.45 14426.9 2687.31 11739.6 9718.6 8183.24 7735.88 7042.67
internal_count=1710386 1212797 892368 497589 396733 320429 221502 188101 328952 129723 67781 107150 12483 10899 117927 94667 670866 100856 33401 1584 53171 20299 190706 562621 99240 463381 199828 176521 166008 154617
is_linear=0
shrinkage=0.05


Tree=40
num_leaves=31
num_cat=0
split_feature=17 3 1 1 8 3 1 10 8 1 10 7 10 7 1 8 10 10 1 9 10 1 1 7 10 7 1 0 0 8
split_gain=501.206 281.685 145.361 112.089 105.697 96.5307 71.1917 68.3954 65.9036 65.6609 55.2736 54.5232 50.0718 56.2573 44.8294 43.1159 36.4531 35.7032 35.4115 31.5067 31.8005 29.9919 27.6387 27.1287 25.6487 25.3698 24.9286 24.7931 24.3264 24.3098
threshold=0.78953251609163166 1.0000000180025095e-35 894.50000000000011 1203.5000000000002 1.0000000180025095e-35 1.0000000180025095e-35 308.50000000000006 6.9955568845824283 1.4978661367769956 267.50000000000006 4.1291433741119539 1.0397207708399181 1.0261490310845864 1.8688348091416842 562.50000000000011 3.0677824455408698 1.0000000180025095e-35 5.2454598008557474 1823.5000000000002 6.2943324088824708 6.9770641725115619 4028.5000000000005 413.50000000000006 6.0946971662386806 5.0492355115557004 2.524928003624769 4354.5000000000009 94.500000000000014 57.500000000000007 3.9219243190762363
decision_type=2 2 2 2 2 2 2 2 2 2 2 2 2 2 2 2 2 2 2 2 2 2 2 2 2 2 2 2 2 2
left_child=1 9 7 5 18 6 -2 22 16 -1 -6 -11 13 -13 -7 23 -5 -10 24 20 -17 -18 -3 26 -4 -15 27 -12 -24 -19
right_child=3 2 4 8 10 14 -8 -9 17 11 15 12 -14 25 -16 19 21 29 -20 -21 -22 -23 28 -25 -26 -27 -28 -29 -30 -31
leaf_value=-0.0020192027316277908 0.010744379634566831 0.012143199668493877 -0.00084999510035469155 0.015739817755883487 0.0071680704245920771 0.014265251723226591 -0.0012988021782329583 -0.001210187161675027 0.011265916816828613 -0.01794353717095732 -0.0013716503321697677 0.042589112526458535 -0.010475745667142025 -0.012260679617733042 0.007707985465796454 0.0046095493987799892 -0.00055746577651341069 0.00055104040040090247 -0.0089325929314825366 0.025339452505520013 -0.0013505969539295358 -0.0079251471033315 0.0073017606481525629 -0.013565928564460275 -0.0073709275310530472 0.0096068223394439808 -0.010430227364369956 -0.012131317102342387 0.0012580118471171838 0.0056336672800240874
leaf_weight=2330.4044376201928 1671.125476191286 1540.6159479152411 3479.1855498002842 299.48051043972373 2013.6594022000208 3500.5047468696721 4618.5622292635962 5198.0770711293444 1592.151155049447 2380.5481527969241 6519.5214801449329 83.407066032290459 6977.3408411871642 271.63225551322103 10205.769840032328 3032.762743412517 7056.3957996140234 4564.9854802764021 6700.6834425032139 126.10405245795846 8540.083137772046 1717.4760330966674 3908.4068066067994 702.75108471140265 2661.4820434981957 259.19927132502198 1073.4695964548737 583.29364496935159 2900.6205443982035 4854.2338375868276
leaf_count=14452 49491 11287 23595 11258 16108 123272 136123 36804 58796 13980 46117 740 43881 1657 349580 22092 205616 149231 41972 904 59217 46694 28527 4760 16958 1847 7071 4069 20981 162121
internal_value=3.18281e-05 -0.00281154 -0.00111265 0.00437933 -0.00279691 0.00702932 0.00190099 0.00329241 0.00174105 -0.00957542 -0.000738048 -0.0113412 -0.00927092 0.00441509 0.00938267 -0.0015117 -0.00141416 0.00434094 -0.00641906 0.000482169 0.00021131 -0.00199968 0.0060955 -0.00413881 -0.00367629 -0.00158302 -0.00332855 -0.00225525 0.00472715 0.00317039
internal_weight=101364 61283.2 48980.7 40080.7 35433 19996 6289.69 13547.7 20084.7 12302.5 22591.6 9972.13 7591.58 614.239 13706.3 20578 9073.35 11011.4 12841.4 11698.9 11572.8 8773.87 8349.64 8879.04 6140.67 530.832 8176.28 7102.82 6809.03 9419.22
internal_count=1709201 417019 340462 1292182 242863 658466 185614 97599 633716 76557 160338 62105 48125 4244 472852 144230 263568 370148 82525 82213 81309 252310 60795 62017 40553 3504 57257 50186 49508 311352
is_linear=0
shrinkage=0.05


Tree=41
num_leaves=31
num_cat=0
split_feature=17 3 1 1 8 3 1 8 1 7 1 1 0 7 8 6 7 0 7 7 1 1 7 7 7 7 4 7 7 7
split_gain=453.071 253.862 131.203 101.974 95.2169 87.8959 65.3494 59.3402 59.129 49.6693 41.5273 41.0573 35.728 35.4255 33.6118 32.8074 32.2359 31.6952 29.2459 29.3299 28.4796 27.4411 23.9604 66.4168 22.6453 52.0717 21.1618 20.9375 151.202 93.6673
threshold=0.78953251609163166 1.0000000180025095e-35 894.50000000000011 1193.5000000000002 1.0000000180025095e-35 1.0000000180025095e-35 363.50000000000006 1.4978661367769956 267.50000000000006 1.0397207708399181 389.50000000000006 670.50000000000011 57.500000000000007 2.9174053685313028 6.5431919030357992 0.1294095225512602 1.0000000180025095e-35 51.500000000000007 2.3502401828962087 2.524928003624769 3546.5000000000005 4133.5000000000009 1.0397207708399181 2.1383330595080281 2.524928003624769 2.8029010331479989 1.5000000000000002 1.0397207708399181 2.1383330595080281 2.524928003624769
decision_type=2 2 2 2 2 2 2 2 2 2 2 2 2 2 2 2 2 2 2 2 2 2 2 2 2 2 2 2 2 2
left_child=1 8 10 5 15 6 -2 16 26 -10 -3 -7 -12 -6 17 20 -5 -15 -11 -20 22 27 -4 -24 -25 -26 -1 -18 -29 -30
right_child=3 2 4 7 13 11 -8 -9 9 18 12 -13 -14 14 -16 -17 21 -19 19 -21 -22 -23 23 24 25 -27 -28 28 29 -31
leaf_value=-0.011031290151666975 0.0087240294851393101 0.0098359052396312721 -0.010007555973401187 0.014874229106859061 0.012748660393153172 0.012500922337427462 -0.0019495992133322559 0.004137715183927566 -0.017070083349068808 0.0025852021231445275 0.0044221109469042971 0.0068269251791640119 -0.0011865811195542351 0.0010125250232291729 0.0055839816641623675 -0.0025676084207310761 -0.0053658923480439831 -0.0030792516850816332 -0.018933054352391152 -0.0085212570562108927 -0.013697188863795838 -0.0076683020348302603 0.0097569136111091553 -0.012342232354075146 0.009419219246571988 -0.0085954262863911293 0.00057256413014926107 0.024368840033436936 -0.014053273661327782 0.0020056044052237467
leaf_weight=500.26151178777218 2221.0504683316685 1973.0997639112175 2794.3140888661146 297.83357971161604 479.22201272472739 5163.6683568051085 4046.9499359251931 11065.412882729433 2377.3231022432446 525.96742301806808 6540.9582286458462 8333.9621977685019 5017.4329556031153 7498.5651027048007 1786.1119076032192 4364.7309281099588 1700.6819666270167 12830.925575911999 757.42647351976484 6322.3497254475951 1696.2141961753368 1648.8088663220406 721.83653429150581 1234.861541070044 548.01826820522547 1496.6213318705559 1830.8606666643173 613.96350501617417 1205.4941843301058 3679.7641040151939
leaf_count=3161 66001 14368 16744 11325 3499 182853 119172 373091 13980 3582 47379 285359 35852 53607 12745 28083 42014 90487 4461 40082 10433 44610 5703 7578 3978 10006 11291 21897 29946 115914
internal_value=3.07347e-05 -0.00267006 -0.0010567 0.00417182 -0.00265543 0.00672544 0.00183257 0.0016746 -0.0090876 -0.0107618 0.00313184 0.00899758 0.00198741 -0.000700785 -0.00099222 -0.00609063 -0.00130526 -0.00156999 -0.00879007 -0.00963516 -0.00790143 -0.00184983 -0.00645479 -0.00397373 -0.00699592 -0.00376702 -0.00191764 -0.00051738 0.000982064 -0.00195711
internal_weight=101275 61297.1 48982.9 39977.6 35451.4 19765.6 6268 20212 12314.2 9983.07 13531.5 13497.6 11558.4 22594.8 22115.6 12856.6 9146.55 20329.5 7605.74 7079.78 8491.87 8848.71 6795.65 4001.34 3279.5 2044.64 2331.12 7199.9 5499.22 4885.26
internal_count=1709201 417019 340462 1292182 242863 653385 185173 638797 76557 62105 97599 468212 83231 160338 156839 82525 265706 144094 48125 44543 54442 254381 44009 27265 21562 13984 14452 209771 167757 145860
is_linear=0
shrinkage=0.05


Tree=42
num_leaves=31
num_cat=2
split_feature=16 16 16 17 16 8 16 4 17 2 10 4 10 8 4 8 17 16 16 7 7 10 9 2 10 8 7 8 8 8
split_gain=1023.32 271.823 161.081 118.172 81.9622 78.4121 57.7314 54.4691 55.7689 51.5508 49.9753 42.0588 39.7865 38.1582 35.3763 34.9887 31.6696 30.294 46.4656 28.7044 48.6003 39.52 28.4761 27.0534 26.7094 27.4956 26.1615 23.474 23.3442 22.8
threshold=0.81095267976944996 0.74014791079184894 0.85907782785924558 0.79355539440304013 0.7820556720631886 1.4978661367769956 0.68801149572036502 2.5000000000000004 0.78953251609163166 0 6.7711279025467732 1.5000000000000002 6.9955568845824283 3.6505739029280164 1.5000000000000002 1.7005986908310777 0.81216103087944347 0.77179456931727786 0.76327283512609834 1.0397207708399181 2.1383330595080281 1.2007562355602046 4.6586997221347959 1 6.9040610827500055 6.9426395642594496 2.524928003624769 5.3913496380844323 2.6735537653587351 1.0000000180025095e-35
decision_type=2 2 2 2 2 2 2 2 2 1 2 2 2 2 2 2 2 2 2 2 2 2 2 1 2 2 2 2 2 2
left_child=1 6 5 4 14 9 -1 8 26 12 -7 -5 19 -8 17 -16 28 18 -3 -2 21 -21 29 -9 -17 -26 -4 -12 -13 -6
right_child=2 3 7 11 22 10 13 23 -10 -11 27 16 -14 -15 15 24 -18 -19 -20 20 -22 -23 -24 -25 25 -27 -28 -29 -30 -31
leaf_value=-0.01301359259071597 0.0024393329640325775 -0.0038208208987559875 -0.0048396205441178786 0.010444427483970082 -0.0029646776345175715 0.012261537401245432 -0.0084330661235278437 0.020585216680078219 0.016078571796111465 -0.0015560648333086471 0.0037488937789375699 -0.0014632198745467703 -0.0033482498951124041 -0.0025151464640771558 -0.0078815204969241211 0.00022996319305247875 0.0066096274666766694 -0.011750869763086213 0.013920315520063974 0.041936777927816034 0.0071513580330370254 0.013674586202840913 0.018168711152392002 0.012057837467496252 -0.0066662020046014854 0.0052668441623674811 0.0075226551060283073 0.010156014083740249 0.0031357666087117029 0.0010112252139431203
leaf_weight=5136.5500488765538 2333.1446821000427 775.52698866277933 642.92178476601839 1403.8593250643462 5913.6822736226022 4830.8213070565835 9816.442613106221 2717.6643635835499 1575.2072031581774 4587.1958982245997 4870.6757854782045 7215.5258061494678 1143.8739584228024 3770.005893795751 9599.4214343382046 3088.2735918946564 2392.5436800313182 349.18296112678945 704.19155719876289 186.1993639911525 3258.1524629509076 368.46903189271688 206.1497492287308 1603.7624981617555 5148.0005540819839 532.67504062876105 1279.9918862357736 2023.4462663400918 4467.7809693459421 9239.5274801366031
leaf_count=51331 32569 5584 4795 62138 45936 105496 91612 69380 64550 77105 95137 202152 19142 37541 68060 24149 210283 2986 4732 4962 61223 7494 1899 40023 38807 4183 13357 41125 139689 81761
internal_value=2.96729e-05 -0.00334505 0.00752194 -0.00145463 -0.00304211 0.00546134 -0.00849809 0.0137415 0.00910332 0.00259789 0.00836192 0.00219179 0.0052068 -0.00679095 -0.00513553 -0.00579583 0.00136872 0.0014961 0.00462211 0.00680752 0.00948051 0.0231621 -0.000289299 0.0174961 -0.00351261 -0.00554724 0.00338936 0.0056294 0.000295466 -0.000540408
internal_weight=101181 69759.3 31421.5 51036.3 35556.6 23602 18723 7819.55 3498.12 11877 11724.9 15479.7 7289.84 13586.4 20197.3 18368.4 14075.9 1828.9 1479.72 6145.97 3812.82 554.668 15359.4 4321.43 8768.95 5680.68 1922.91 6894.12 11683.3 15153.2
internal_count=1709201 1072843 636358 892359 278097 444253 180484 192105 82702 202495 241758 614262 125390 129153 148501 135199 552124 13302 10316 106248 73679 12456 129596 109403 67139 42990 18152 136262 341841 127697
cat_boundaries=0 1 2
cat_threshold=28 28
is_linear=0
shrinkage=0.05


Tree=43
num_leaves=31
num_cat=0
split_feature=16 16 17 1 16 0 11 16 4 10 16 11 10 17 4 1 1 10 4 17 4 17 16 11 10 9 11 17 16 1
split_gain=935.503 298.544 100.982 95.4785 77.0352 74.4458 71.9625 68.3579 51.0263 44.425 43.2478 42.9313 37.5029 36.734 36.2285 29.3735 28.3375 26.5695 26.0703 26.0199 25.2817 38.2367 27.9501 25.0939 29.6381 24.7362 22.3852 22.1148 43.2623 21.9565
threshold=0.82309145174897347 0.75441668335068901 0.7922256480588582 2213.5000000000005 0.70406634886711628 56.500000000000007 1.0000000180025095e-35 0.8699939667019746 1.5000000000000002 6.2926543847486771 0.7820556720631886 1.0000000180025095e-35 1.0000000180025095e-35 0.78953251609163166 2.5000000000000004 4764.5000000000009 288.50000000000006 4.9164957330718631 1.5000000000000002 0.7961314970924519 1.5000000000000002 0.78953251609163166 0.82342144236375836 1.0000000180025095e-35 0.013431555789173955 5.0657496176235997 1.0000000180025095e-35 0.80875223110006711 0.79410949773221817 4764.5000000000009
decision_type=2 2 2 2 2 2 2 2 2 2 2 2 2 2 2 2 2 2 2 2 2 2 2 2 2 2 2 2 2 2
left_child=1 4 5 6 19 10 7 9 -4 -2 -3 17 -8 23 -9 -12 -10 18 -7 25 21 22 -14 24 -6 26 -1 28 -18 -5
right_child=3 2 8 29 13 11 12 14 16 -11 15 -13 20 -15 -16 -17 27 -19 -20 -21 -22 -23 -24 -25 -26 -27 -28 -29 -30 -31
leaf_value=-0.011275045819989667 0.01348044124564431 -0.0027677704652631901 0.010179679872508982 0.0044931956813083016 0.0080372980673034371 0.012668891399555966 0.021953643006438386 0.012973968430857942 0.011650587145513973 0.0071632880775181554 0.0031253681081261919 -0.009896115156171479 0.024499751629383806 -0.0017062520559999726 0.02281654612251989 -0.0088254908637340271 -0.0021916596031457537 -0.0043700571574984961 -0.00090751400011309768 -0.0031106304911582604 0.004486221370483246 0.0087591150538136753 -0.02211045176787153 -0.011402402871671734 -0.0061175740588908928 0.015506625088819871 -0.019033648578087214 0.0050042870598893197 0.0036405386035422761 -0.0035136162512764435
leaf_weight=5446.8991782609373 5169.8000119249336 6604.8130542384461 1964.7945244982839 3550.73824408371 383.10746303200722 408.4309639390558 261.34226442780346 1872.8481041202322 681.40992269758135 6028.2987951375544 9286.2987285926938 2906.8850482804701 35.769237667322159 5355.8755776267499 1866.8229693830945 544.29588926024735 7359.3150587468408 10889.059208934195 2634.1334482245147 879.01086620427668 2377.2306123739108 230.05932709109038 319.05551112443209 2266.4270299077034 10654.478158332407 79.229122336953878 1121.0182215571404 3141.4859761670232 5598.6674128361046 1128.2877901047468
leaf_count=39038 118626 45668 76529 74538 2297 3398 7349 48169 24901 128671 74976 18585 276 108517 54487 4276 188827 83231 21289 26318 33587 6101 1975 13002 60843 586 7944 263414 148710 23073
internal_value=2.91023e-05 -0.00257085 -0.000379016 0.0089314 -0.006925 -0.00203252 0.0105723 0.0120343 0.00255599 0.0100797 0.000361343 -0.00436908 0.00379691 -0.00520269 0.0178873 0.00246368 0.00166337 -0.00321585 0.00091497 -0.0111952 0.00219498 -0.00711766 -0.0174118 -0.00661027 -0.00562627 -0.0122643 -0.0125993 0.00124066 0.000328219 0.00256245
internal_weight=101046 78205.6 52019.6 22840.3 26186 33273.9 18161.2 14937.8 18745.7 11198.1 16435.4 16838.5 3223.46 18659.9 3739.67 9830.59 16780.9 13931.6 3042.56 7526.16 2962.11 584.884 354.825 13304 11037.6 6647.15 6567.92 16099.5 12958 4679.03
internal_count=1709201 1212349 953804 496852 258545 251423 399241 349953 702381 247297 124920 126503 49288 184659 102656 79252 625852 107918 24687 73886 41939 8352 2251 76142 63140 47568 46982 600951 337537 97611
is_linear=0
shrinkage=0.05


Tree=44
num_leaves=31
num_cat=0
split_feature=16 16 4 1 3 16 3 16 16 7 7 7 7 7 10 10 1 10 1 7 16 7 10 10 7 9 7 7 7 7
split_gain=848.516 270.604 94.3614 87.526 103.122 86.5554 83.6172 60.2384 48.3645 46.4562 76.7268 133.171 55.5358 67.2117 57.5084 53.9893 44.6474 41.7425 40.957 37.8004 36.7221 36.3954 33.9345 32.1224 31.9553 31.4134 31.1226 66.9099 87.7805 51.1649
threshold=0.82309145174897347 0.74014791079184894 1.5000000000000002 2213.5000000000005 1.0000000180025095e-35 0.78865576902894141 1.0000000180025095e-35 0.85907782785924558 0.68232971914818441 2.524928003624769 2.3502401828962087 1.0397207708399181 2.9174053685313028 3.1132683346437333 0.081509403981921358 0.081509403981921358 4488.5000000000009 6.8859853102934574 3029.5000000000005 3.0201273556387074 0.89087966142384911 1.8688348091416842 0.0023111235910171818 7.4838840236901385 2.524928003624769 1.2424533248940002 2.524928003624769 2.3502401828962087 1.0397207708399181 2.9174053685313028
decision_type=2 2 2 2 2 2 2 2 2 2 2 2 2 2 2 2 2 2 2 2 2 2 2 2 2 2 2 2 2 2
left_child=1 8 6 4 20 9 -3 -6 -1 10 11 22 14 19 -11 21 26 -15 23 -14 -2 -13 -4 -8 -9 -10 27 28 -7 -28
right_child=3 2 5 -5 7 16 18 24 25 12 -12 15 13 17 -16 -17 -18 -19 -20 -21 -22 -23 -24 -25 -26 -27 29 -29 -30 -31
leaf_value=-0.012201902982409365 -3.3168587663791305e-05 -0.0064324749700416951 0.0054582994279503139 0.0024383149276270603 0.0096475466854162202 -0.0027988341616911692 0.011559576945535506 0.009783108974492593 -0.0073765432503533658 0.035636663300181767 -0.014513813840340306 0.041366152834324946 0.001918074839254307 0.00064611804572548167 0.0040246313876408915 0.0051151381903061476 -0.0068381606391529973 -0.0039049452730495963 -0.0049315558378470016 -0.019130284388584863 0.013388970186788182 -0.00016333637287991942 -0.008951593802960298 0.0023940505082385129 0.018846478917626933 -0.0013455660595532745 0.014432950391226282 -0.012018219561453295 0.014485386551105676 0.0020597962194702272
leaf_weight=4495.5736813619733 2847.4012303780764 1334.0429759789258 451.07191552920267 4671.8950297944248 9592.9977829451673 2999.070796973072 3507.8291721902788 1326.3260812791996 11598.05909281224 164.84936784999445 2145.1882984032854 193.14296478126198 278.86314856307581 8862.5530758313835 1130.4054457661696 1200.4589866367169 1690.7006621100008 11676.576163051184 586.50931277545169 907.31734997779131 620.67367713432759 72.58156832261011 4335.3854310764 1314.0465169916861 3645.8918461729772 2653.0305526824668 890.4638234525919 1204.5717032402754 972.86922375299037 13538.129379887134
leaf_count=45399 53098 20699 10697 97611 201434 35699 62164 26691 108446 4270 32543 5813 4816 190505 20229 21530 25256 225023 9577 15986 14575 1375 59320 23001 103443 26639 13723 15358 15833 218448
internal_value=2.82836e-05 -0.00244222 -0.000790694 0.00853743 0.0101175 -0.00150307 0.00477889 0.0119625 -0.00768019 -0.00317112 -0.0063544 -0.00355502 -0.00200987 -0.00260951 0.00804795 0.00962924 0.000957851 -0.00194118 0.00754431 -0.014182 0.00236896 0.0300225 -0.00759362 0.00906181 0.0164288 -0.0062538 0.00163016 -0.0016958 0.00143469 0.00282341
internal_weight=100908 78203.3 59456.6 22705.2 18033.3 52714.2 6742.43 14565.2 18746.7 31418.4 8397.83 6252.64 23020.6 21725.3 1295.25 1466.18 21295.8 20539.1 5408.39 1186.18 3468.07 265.725 4786.46 4821.88 4972.22 14251.1 19605.1 5176.51 3971.94 14428.6
internal_count=1709201 1212349 1031865 496852 399241 916424 115441 331568 180484 592107 131278 98735 460829 436330 24499 28718 324317 415528 94742 20802 67673 7188 70017 85165 130134 135085 299061 66890 51532 232171
is_linear=0
shrinkage=0.05


Tree=45
num_leaves=31
num_cat=0
split_feature=17 7 10 7 7 8 1 10 7 10 7 8 7 7 7 7 8 8 10 7 7 7 7 7 10 10 7 10 10 6
split_gain=347.557 139.729 149.082 158.662 177.758 98.5595 87.2645 85.1223 74.5184 72.4205 68.0925 61.4374 60.9854 54.661 64.101 53.1054 52.3106 44.718 50.8636 40.3486 142.794 121.842 115.357 81.6122 60.2227 51.9488 45.5534 37.9245 37.6369 36.2177
threshold=0.78191805040034468 1.0397207708399181 2.1139029853608 2.1383330595080281 2.524928003624769 1.2424533248940002 1033.5000000000002 5.9707759744582738 2.3502401828962087 1.0000000180025095e-35 2.8029010331479989 1.0000000180025095e-35 3.1132683346437333 2.524928003624769 3.0201273556387074 3.1132683346437333 0.89587973461402759 6.560322951694908 7.9281248631471941 2.3502401828962087 1.0397207708399181 2.524928003624769 2.9174053685313028 3.1132683346437333 0.3497316826816268 0.58835231277292122 1.0000000180025095e-35 0.14313038490420291 0.14313038490420291 1.0000000180025095e-35
decision_type=2 2 2 2 2 2 2 2 2 2 2 2 2 2 2 2 2 2 2 2 2 2 2 2 2 2 2 2 2 2
left_child=1 9 3 28 -5 8 -2 -7 -4 -1 27 29 -12 -10 -15 -16 19 18 -9 20 26 -21 24 -24 -23 -22 -8 -6 -3 -11
right_child=6 2 5 4 10 7 16 17 13 11 12 -13 -14 14 15 -17 -18 -19 -20 21 25 22 23 -25 -26 -27 -28 -29 -30 -31
leaf_value=0.0077882425184514137 0.006314757210065013 0.03860783069172647 0.0029202823706463892 -0.0091778473934146475 0.038788092342433543 0.0049818063004862453 0.013993822705940177 -0.00096112711914674649 -0.013749958023146392 -0.011257319889077921 -0.0063180806276242471 0.039321626776463531 0.013459805907570161 0.0021597031318910326 -0.018384456946478233 -0.0059468634751620071 0.0035246201414101258 0.0043869004970259716 -0.0061822717080734797 -0.016103808035796415 0.036959332203074215 0.04284361416670307 -0.020051352091260147 0.00034630514553159642 0.010054676647329466 0.01164854345255846 -0.0057391134321989352 0.0080062284436164758 0.010691234167454119 -0.0049669067778121698
leaf_weight=717.57043165434152 17256.435177336447 444.32131946086884 2211.6872319756076 1618.3919789642096 324.71654047816992 5707.177451280877 332.69242639280856 15703.460059748963 2439.4146305685863 6317.1035052388906 534.00947483628988 66.277856178581715 1442.9933352768421 2187.3790214955807 984.66906021907926 6683.911797770299 14033.688604037743 2624.8586878105998 6635.708207026124 1523.1368195898831 277.73025122191757 177.46613456867635 625.60447673499584 2268.7487898701802 663.99111647391692 750.63193992804736 2418.9269541306421 144.63052642345428 165.78064351249486 3587.8809935916215
leaf_count=5528 569054 4724 15250 10112 2932 43061 12843 109052 14564 36866 3993 429 11903 14786 6336 44528 474241 18537 44615 36325 10918 6405 17805 68937 20121 24576 59002 1162 1408 20846
internal_value=2.93803e-05 -0.00236603 -0.00125378 0.00724621 0.00367753 -0.00213332 0.00362537 -0.000527196 -0.00552903 -0.00755364 0.0121821 -0.0086577 0.00811759 -0.00704888 -0.00539033 -0.00754389 0.00161394 -0.00178664 -0.00251203 -0.00135256 0.00258775 -0.00418474 0.000674812 -0.00406258 0.01697 0.0184842 -0.00335325 0.0293026 0.0310222 -0.00897874
internal_weight=100871 60541.9 49853.1 4674.84 4064.74 45178.3 40329.1 30671.2 14507.1 10688.8 2446.35 9971.26 1977 12295.4 9855.96 7668.58 23072.6 24964 22339.2 9038.93 3779.98 5258.95 3735.81 2894.35 841.457 1028.36 2751.62 469.347 610.102 9904.98
internal_count=1710859 410632 346963 36234 30102 310729 1300227 215265 95464 63669 19990 58141 15896 80214 65650 50864 731173 172204 153667 256932 107339 149593 113268 86742 26526 35494 71845 4094 6132 57712
is_linear=0
shrinkage=0.05


Tree=46
num_leaves=31
num_cat=0
split_feature=16 16 16 17 3 4 8 17 16 4 4 17 1 1 8 10 8 10 10 11 1 10 1 1 3 1 1 10 8 3
split_gain=746.24 240.913 102.665 101.569 73.7502 75.5838 60.8233 52.9863 57.641 50.8948 47.9427 47.2286 40.1646 39.9509 37.2941 36.533 35.2557 35.6145 34.7374 33.6466 33.6212 32.4365 31.0303 30.7703 38.5792 27.1723 26.7447 24.6352 22.0523 21.7243
threshold=0.81892817728629963 0.73186383685835932 0.86233809420812657 0.79015290627731349 1.0000000180025095e-35 1.5000000000000002 1.0000000180025095e-35 0.66650849354048136 0.77966506051104167 1.5000000000000002 2.5000000000000004 0.78999681022789259 5080.5000000000009 469.50000000000006 1.2424533248940002 2.896458352116396 3.8815106545092593 6.8670837425927242 6.5231672313721933 1.0000000180025095e-35 2121.5000000000005 7.1651162404189188 3936.5000000000005 1298.5000000000002 1.0000000180025095e-35 5080.5000000000009 605.50000000000011 7.4563734397877255 5.2755571088971331 1.0000000180025095e-35
decision_type=2 2 2 2 2 2 2 2 2 2 2 2 2 2 2 2 2 2 2 2 2 2 2 2 2 2 2 2 2 2
left_child=1 14 6 4 13 18 21 8 28 -5 11 -4 -10 19 -1 -8 17 26 25 -3 -12 22 29 24 -17 -6 -11 -18 -7 -2
right_child=2 3 10 9 5 7 15 -9 12 16 20 -13 -14 -15 -16 23 27 -19 -20 -21 -22 -23 -24 -25 -26 -27 -28 -29 -30 -31
leaf_value=-0.010688059322130459 -0.0020763544519245142 -0.00013530811308241406 0.0027770574439925045 0.0086592088052703225 0.011081626269230012 -0.0045061152507322594 0.018405414271252113 -0.006185617650078125 0.0026803520026420298 0.0059926107419520612 0.018955862750306918 0.015031916567465954 -0.010215189394045275 -0.011021981119851934 -0.0057467137163448589 0.00086261470919173273 0.0085914332550559337 -0.003994941194754853 -0.00034181081975761716 -0.011162509544153348 0.0071806294048988167 -0.0077729418977834424 -0.0084490326401659693 0.0042169702307029181 0.011755737455914024 -0.018235680558141641 -7.8160403112388356e-05 0.0015527374749745556 0.0024564925482535829 0.0056478935132889384
leaf_weight=7121.4637528872117 1127.0944825038314 2343.7087719310075 1779.0065108574927 2281.5601632166654 1852.2808693004772 9303.8214128082618 765.50321372784674 7088.3124347496778 8491.3007289245725 2288.8514831759967 2962.3338013826869 1408.7632806422189 650.03906820714474 3540.515672173351 8232.8769284719601 1000.8069047443569 2076.580631189514 4755.9979167771526 1482.0821166215464 981.42318701371551 762.16202726773918 766.48363340646029 532.0768445879221 4890.6120287049562 4326.9689435968176 82.557506427168846 8748.9077687053941 3097.2316144490615 1295.5998676270247 4731.9906358737499
leaf_count=65724 17884 14559 17333 81384 12911 50979 19132 62366 52949 75260 79404 60142 3856 21607 81359 19939 77518 152787 10161 5692 19318 12472 8760 104366 97788 545 283925 107921 7340 85478
internal_value=2.8595e-05 -0.0024465 0.00750858 -0.00102401 -0.0026474 -0.00158545 0.00553289 -0.00247745 -0.00114596 0.00156733 0.0126938 0.00819282 0.00176335 -0.00732571 -0.00803855 0.00786998 0.00079563 -0.000377843 0.00541839 -0.00339002 0.0165462 0.00194647 0.00311211 0.00708072 0.0097095 0.00983069 0.00118071 0.00437781 -0.00365505 0.004162
internal_weight=100769 75715.1 25053.8 60360.8 37111.6 30246 18141.5 26829.1 19740.8 23249.1 6912.27 3187.77 9141.34 6865.65 15354.3 10983.9 20967.6 15793.8 3416.92 3325.13 3724.5 7157.65 6391.16 10218.4 5327.78 1934.84 11037.8 5173.81 10599.4 5859.09
internal_count=1710859 1168843 542016 1021760 242965 201107 365819 177490 115124 778795 176197 77475 56805 41858 147083 241225 697411 511972 23617 20251 98722 124594 112122 222093 117727 13456 359185 185439 58319 103362
is_linear=0
shrinkage=0.05


Tree=47
num_leaves=31
num_cat=0
split_feature=17 3 1 1 10 3 8 8 7 7 7 7 7 10 8 7 10 7 1 10 7 10 8 8 10 7 7 1 0 10
split_gain=292.707 185.585 107.649 80.3239 80.2862 63.2688 61.2025 55.993 54.8884 153.103 115.892 124.636 77.6589 63.1368 54.3474 53.3692 57.9228 50.5291 48.5372 48.1301 49.3178 45.4637 37.8012 36.9955 32.3751 31.885 34.0889 29.8335 29.6493 28.8386
threshold=0.78953251609163166 1.0000000180025095e-35 1950.5000000000002 814.50000000000011 6.0470454951888195 1.0000000180025095e-35 0.89587973461402759 1.0000000180025095e-35 2.3502401828962087 1.0397207708399181 2.524928003624769 2.9174053685313028 3.1132683346437333 0.3497316826816268 2.9700856263602158 1.0397207708399181 3.5380285808558098 1.0000000180025095e-35 256.50000000000006 0.58835231277292122 1.8688348091416842 5.2057306247678286 3.9796379800581989 3.9607678160667752 0.0040661029745856919 2.1383330595080281 2.524928003624769 527.50000000000011 55.500000000000007 0.58835231277292122
decision_type=2 2 2 2 2 2 2 2 2 2 2 2 2 2 2 2 2 2 2 2 2 2 2 2 2 2 2 2 2 2
left_child=1 15 4 5 6 18 24 8 9 17 -10 13 -13 -12 -4 -1 25 -5 -2 20 -11 -9 -23 28 -3 29 -27 -18 -6 -17
right_child=3 2 14 7 23 -7 -8 21 10 19 11 12 -14 -15 -16 16 27 -19 -20 -21 -22 22 -24 -25 -26 26 -28 -29 -30 -31
leaf_value=-0.013271180662537331 0.011727844242835963 0.010540803527232608 -0.0060590863489634493 0.014178654718254144 -0.00037593202044163698 0.0096378469555750759 0.0087604087929327584 0.009045379014985892 -0.015164795727640575 0.045009096401709643 0.042604802760069949 -0.020590922590115759 0.00027816186746283921 0.0098661701168853977 -5.2265410698296689e-05 0.041117223130608754 -0.0042858273462257181 -0.0051540520733661501 -4.5060316918131564e-07 0.01202460920118217 -0.0030420050263673844 5.6292134255139967e-05 0.0052185560924200135 0.0016411828694470562 0.00057947988020993428 -0.0094039038374962997 0.0085226515206185075 -0.010429072039778229 -0.005457929338953991 -0.0019091711129630301
leaf_weight=3126.0397284328938 1118.7887250529602 904.48972673062235 11025.62033179868 383.28740364918485 5662.9204961489886 7415.6644996586256 4338.2294441154227 3052.3743947204202 1770.3402551133186 250.61239603953436 188.3404915262945 608.59455286152661 1666.3642345769331 675.25569760380313 5718.639195157215 102.23696529492736 4037.6344153303653 2859.507951865904 4170.7738752528094 862.19607210811228 67.858445603400469 8061.154013978783 6331.5446279412135 7093.6627550236881 8306.738638214767 450.02511821314692 645.67464461922646 3871.0028685135767 5819.3266467386857 62.906854718923569
leaf_count=18485 33786 6771 72106 15334 39586 267007 35186 115053 42845 10875 7124 17045 50174 20983 39209 947 25248 71097 124053 29122 2244 268611 217879 51310 56901 2703 4535 24230 39965 445
internal_value=2.77883e-05 -0.00213859 -0.000757119 0.00338387 0.000937077 0.0066579 0.00386379 0.00183043 -0.0012956 0.00274388 -0.00493562 0.000834267 -0.00530471 0.0170061 -0.00400759 -0.00762939 -0.00570601 -0.00286899 0.00248019 0.0181601 0.0347706 0.00350272 0.00232724 -0.0011977 0.00155762 0.00424673 0.00115987 -0.00729273 -0.00295154 0.0247275
internal_weight=100648 61165.1 48869.6 39482.7 32125.4 12705.2 13549.5 26777.4 9332.36 4423.46 4908.9 3138.55 2274.96 863.596 16744.3 12295.5 9169.48 3242.8 5289.56 1180.67 318.471 17445.1 14392.7 18575.9 9211.23 1260.84 1095.7 7908.64 11482.2 165.144
internal_count=1710859 417627 341034 1293232 229719 424846 98858 868386 266843 128672 138171 95326 67219 28107 111315 76593 58108 86431 157839 42241 13119 601543 486490 130861 63672 8630 7238 49478 79551 1392
is_linear=0
shrinkage=0.05


Tree=48
num_leaves=31
num_cat=2
split_feature=16 16 16 0 4 2 16 17 7 7 7 7 7 7 7 7 7 4 17 7 7 7 7 7 7 7 7 17 7 2
split_gain=666.981 211.248 96.5759 93.4126 70.652 51.1556 45.6231 62.6977 45.3803 62.6559 84.5995 43.6016 46.4971 40.1277 52.0671 57.0174 40.0272 39.3443 35.8167 35.4198 34.4858 31.3979 27.5712 26.6683 26.2946 55.4032 25.5417 25.3324 24.9546 24.294
threshold=0.81851854818992831 0.73186383685835932 0.86534914972475618 65.500000000000014 1.5000000000000002 0 0.78530730608817823 0.80689078357804445 2.524928003624769 2.3502401828962087 1.0397207708399181 2.9174053685313028 3.1132683346437333 1.0397207708399181 2.1383330595080281 2.524928003624769 2.9174053685313028 2.5000000000000004 0.78953251609163166 3.1132683346437333 2.524928003624769 2.8029010331479989 3.0201273556387074 1.0000000180025095e-35 2.3502401828962087 1.0397207708399181 1.0000000180025095e-35 0.78953251609163166 3.1132683346437333 1
decision_type=2 2 2 2 2 1 2 2 2 2 2 2 2 2 2 2 2 2 2 2 2 2 2 2 2 2 2 2 2 1
left_child=1 20 5 4 -3 -2 7 -6 9 10 -5 -10 22 23 -15 -16 -17 18 -4 -18 24 -22 -13 -7 25 26 -1 -12 -23 -19
right_child=2 3 17 8 6 13 -8 -9 11 -11 27 12 -14 14 15 16 19 29 -20 -21 21 28 -24 -25 -26 -27 -28 -29 -30 -31
leaf_value=0.0087695391775202119 0.0001198703520308995 0.006324553700097971 0.0034561546570880983 -0.0080703365762407591 -0.0027689113553892621 0.017618782348789067 0.0019220391728064713 0.0060120315573920268 0.0087376430511306655 -0.016225681773655486 0.0023807472604495347 0.0023311679483419686 -0.002182858297153859 0.021196080269122619 -0.0035177134433096065 0.019418634236704681 -0.005422153826245231 0.019747909907917745 0.014604544093159087 0.008016263642633456 0.0068736781626101339 -0.015819709420966607 -0.019832034204953317 -0.00053298457274904558 -0.018144817920927054 0.0042871522133895333 -0.013671726710131319 0.018978749178859791 -0.006020679381253489 0.010340641169308048
leaf_weight=134.09662162326276 3800.1276915064082 4543.6638978105038 1639.8442265987396 3464.7563640195876 18349.397338107228 220.92061304487288 13746.321848913096 2286.1411171304062 857.39991536643356 1494.677530689165 620.24390500038862 182.76901819603518 13517.73211463308 684.42169826664031 1159.9780410090461 734.20501937065274 516.9074993324466 2016.2878716071136 1284.9944824725389 9536.9304576637223 446.75862700026482 694.62858219258487 604.23236133251339 2406.8644581008703 1083.2287858780473 618.73380410578102 2327.9658425971866 365.25693970406428 10049.089760930277 1172.1449819863774
leaf_count=1468 73861 77304 15794 43929 194777 6204 205044 191279 14589 20468 4333 2850 238867 16551 19055 15961 10791 56670 55332 212892 4299 6505 9628 32723 9992 5961 20218 13167 98640 31707
internal_value=2.69837e-05 -0.0023261 0.00707372 -0.000987526 0.000464839 0.00531983 -0.000309539 -0.0017961 -0.00366597 -0.00736848 -0.00439368 -0.00221425 -0.00287069 0.00661033 0.00778406 0.00701577 0.00814838 0.0125421 0.00835407 0.00732534 -0.00755961 -0.00611415 -0.014685 0.000993053 -0.0114442 -0.00908815 -0.0124495 0.00853248 -0.00665423 0.0163839
internal_weight=100561 75387.1 25173.6 60032.6 38925.5 19060.4 34381.9 20635.5 21107.1 5944.93 4450.26 15162.1 14304.7 15260.2 12632.4 11948 10788 6113.27 2924.84 10053.8 15354.5 11190.5 787.001 2627.79 4164.03 3080.8 2462.06 985.501 10743.7 3188.43
internal_count=1710859 1163318 547541 1016235 668404 388038 591100 386056 347831 81897 61429 265934 251345 314177 275250 258699 239644 159503 71126 223683 147083 109444 12478 38927 37639 27647 21686 17500 105145 88377
cat_boundaries=0 1 2
cat_threshold=2 28
is_linear=0
shrinkage=0.05


Tree=49
num_leaves=31
num_cat=0
split_feature=16 16 16 8 10 1 3 8 16 10 11 10 10 17 11 1 8 1 10 8 1 17 16 11 10 9 13 16 8 1
split_gain=604.657 191.661 88.8078 79.652 77.0323 64.9975 85.2109 49.6451 43.0722 39.913 37.9299 52.2278 35.881 32.6259 29.6817 28.7627 36.0028 27.6847 27.5472 26.4431 21.4549 21.38 24.9594 23.8629 21.1749 19.7917 18.8887 18.7344 18.4299 18.3838
threshold=0.81892817728629963 0.74775451997026388 0.87493823853813502 1.0000000180025095e-35 5.2057306247678286 2189.5000000000005 1.0000000180025095e-35 5.1957269410780187 0.71024998019305696 0.0023111235910171818 1.0000000180025095e-35 0.081509403981921358 7.3517661809714019 0.78999681022789259 1.0000000180025095e-35 620.50000000000011 1.0000000180025095e-35 1059.5000000000002 7.3822888898854613 5.2755571088971331 6561.5000000000009 0.79764402887748054 0.60617271857397148 1.0000000180025095e-35 7.5694909328447757 4.7578820629520608 1.0000000180025095e-35 0.84033146576543671 3.9796379800581989 4764.5000000000009
decision_type=2 2 2 2 2 2 2 2 2 2 2 2 2 2 2 2 2 2 2 2 2 2 2 2 2 2 2 2 2 2
left_child=1 8 5 9 17 6 -2 12 21 -3 11 -11 -6 14 -4 -8 -17 -5 27 26 -13 22 -1 -24 -21 -9 -10 -18 -20 -7
right_child=2 3 13 4 7 29 15 25 19 10 -12 20 -14 -15 -16 16 18 -19 28 24 -22 -23 23 -25 -26 -27 -28 -29 -30 -31
leaf_value=-0.017461421230203118 -0.00098378989027387339 0.0071248542739582865 0.012005195382796319 0.01077532295771746 0.00056605630628159623 0.0020442596726568561 0.01327845671912796 0.0029204304800562312 -0.0053595662913423561 0.0049811413533871994 -0.0062635182011898357 -0.0028387238253449851 -0.0036068027081555295 0.017878611473902972 -0.0025341935245553615 0.003598541182613406 0.0091482710689601721 0.0034775836372211676 0.00048954835946993247 0.011104453557083628 -0.014301377308796529 -0.00062654830419813065 -0.0072884814716840307 -0.015113072799573416 -0.0016876760981576564 0.012448751407382982 0.012882620815466386 0.015989085067878387 0.0091738719122841806 -0.0052412280679669425
leaf_weight=881.72051914967597 2778.7899548970163 932.41564399469644 1786.2536110207438 2195.4062970825471 11813.365491685458 3521.4961682464927 2678.3443356067874 5538.2706924770027 11853.68676353246 2335.2846602350473 7486.8082290291786 9432.57913148636 9135.1671000965871 2063.1323733725585 436.8762031160295 3807.3812006767839 2189.3003015872091 3184.8832787470892 1034.7213802281767 427.71321734879166 426.68839080072939 737.26428081840277 6046.9607857204974 1161.5847284123302 1327.7176709026098 604.47522643301636 143.62158276885748 1843.6816081679426 1491.6390698379837 1148.2075334712863
leaf_count=7164 50557 19962 20017 48948 224453 70415 59297 110851 113693 46078 96551 153288 162572 92361 2935 70153 49187 67945 22064 4728 6516 24444 45540 8594 13509 12452 1555 49015 33756 22259
internal_value=2.63611e-05 -0.00219367 0.00680527 -0.000552459 0.000990691 0.00543635 0.00696602 -9.4592e-05 -0.00605209 -0.00298329 -0.00346216 -0.00174228 -0.00125363 0.0133504 0.009148 0.00865944 0.00746608 0.0064554 0.009711 -0.00430253 -0.0033348 -0.0087778 -0.00952062 -0.00854934 0.00142914 0.00385806 -0.00514119 0.0122756 0.00561703 0.000252872
internal_weight=100445 75665.6 24779.8 53085.3 32471.6 20493.6 15823.9 27091.3 22580.3 20613.8 19681.4 12194.6 20948.5 4286.26 2223.13 13045.1 10366.7 5380.29 6559.34 13752.7 9859.27 8827.53 8090.27 7208.55 1755.43 6142.75 11997.3 4032.98 2526.36 4669.7
internal_count=1710859 1168843 542016 949616 627221 426703 334029 510328 219227 322395 302433 205882 387025 115313 22952 283472 224175 116893 154022 133485 159804 85742 61298 54134 18237 123303 115248 98202 55820 92674
is_linear=0
shrinkage=0.05


Tree=50
num_leaves=31
num_cat=0
split_feature=16 16 17 16 1 4 16 3 0 1 1 16 9 0 17 1 1 3 1 0 4 17 16 9 1 3 1 17 10 4
split_gain=531.265 160.992 152.619 79.9743 73.4054 73.2624 67.7745 65.2567 51.3592 45.1637 42.7145 39.0717 38.3961 37.3759 34.3356 33.278 28.9691 51.6661 28.2716 23.3125 23.0921 21.658 19.6717 18.3987 18.3804 17.5 18.0388 17.2445 16.563 16.4347
threshold=0.78912932117379742 0.84033146576543671 0.80562823820593621 0.71024998019305696 2166.5000000000005 1.5000000000000002 0.89087966142384911 1.0000000180025095e-35 60.500000000000007 4239.5000000000009 620.50000000000011 0.87226800063066301 1.0000000180025095e-35 56.500000000000007 0.78999681022789259 288.50000000000006 308.50000000000006 1.0000000180025095e-35 6958.5000000000009 68.500000000000014 2.5000000000000004 0.78953251609163166 0.63151168872206365 2.8029010331479989 1105.5000000000002 1.0000000180025095e-35 1353.5000000000002 0.78999681022789259 7.9171557713989289 3.5000000000000004
decision_type=2 2 2 2 2 2 2 2 2 2 2 2 2 2 2 2 2 2 2 2 2 2 2 2 2 2 2 2 2 2
left_child=2 4 3 22 7 6 14 15 16 11 -9 19 -10 -12 -3 -2 -5 28 21 25 -19 -6 -1 -22 -4 -7 -27 -8 -18 -13
right_child=1 5 24 8 18 9 27 10 12 -11 13 29 -14 -15 -16 -17 17 20 -20 -21 23 -23 -24 -25 -26 26 -28 -29 -30 -31
leaf_value=-0.013972739666108647 0.005665805192564875 -0.016819381959080056 0.0082598402934787925 0.0048050815748970355 -0.0032779681752232955 0.0032075339855516141 0.0037449130920042106 0.009438277469556668 -0.00670740716893275 -0.0027619458420581038 0.0058709101749839024 0.012855827430198001 -0.0013724956676673299 0.0010551366481288923 0.0025379029665539327 -0.0042054638809731551 -0.0062363930310953795 0.0015255462658763262 -0.0098394906752578334 0.0043167848882903108 -0.0029255113863797273 0.0021460175859900486 -0.007594268198033079 0.0047592575077070633 0.0021532426759433838 0.014138344221749255 0.0077674821524711156 0.019680195937020997 -0.015513042384893636 0.020418537038139596
leaf_weight=1461.5014826990664 1116.9020690480247 621.85342375561595 2253.1409237477928 1563.4830124662258 4262.2825303524733 723.39824234973639 385.82701413147151 3770.8651183103211 13292.939748488832 662.65857565309852 8278.9170991694555 2457.2967428816482 4519.2875707698986 7848.6462246086448 362.69915885198861 3624.2988009415567 3004.1734822853468 5583.0406498978846 1011.8458636431023 2193.8067341912538 10940.980955955572 3239.0350321223959 6990.5778373815119 838.56549693597481 2719.5837639584206 2757.436929305084 1860.9603283046745 303.18327125068754 572.93214555643499 1015.1320978188887
leaf_count=13018 16090 5550 175625 15057 30460 14616 3770 65326 127765 15461 141553 68766 46757 130528 14271 53838 28484 56890 15705 48992 108991 88103 57099 9085 202072 65225 43125 12936 5217 29883
internal_value=-3.82992e-05 0.00387504 -0.0034242 -0.00427505 0.00200847 0.00851242 -0.001271 0.0033914 -0.00334795 0.00991535 0.00464743 0.0106785 -0.00535384 0.00352726 -0.00968836 -0.00188005 -0.00176021 -0.00225041 -0.00199416 0.00865639 -0.00112309 -0.000935916 -0.00869721 -0.00237845 0.00492014 0.0104386 0.0115712 0.0107569 -0.0077222 0.0150667
internal_weight=100237 46497 53740.2 48767.5 33152.8 13344.3 1673.56 24639.6 40315.4 11670.7 19898.4 11008 17812.2 16127.6 984.553 4741.2 22503.2 20939.7 8513.16 7535.6 17362.6 7501.32 8452.08 11779.5 4972.72 5341.8 4618.4 689.01 3577.11 3472.43
internal_count=1710258 864198 846060 468363 541603 322595 36527 407335 398246 286068 337407 270607 174522 272081 19821 69928 223724 208667 134268 171958 174966 118563 70117 118076 377697 122966 108350 16706 33701 98649
is_linear=0
shrinkage=0.05


Tree=51
num_leaves=31
num_cat=2
split_feature=16 16 8 0 16 8 8 0 16 7 8 17 8 8 7 7 0 7 7 7 7 7 3 2 17 7 16 8 2 3
split_gain=484.666 159.417 78.1042 69.7408 55.337 47.6854 44.2405 32.2902 31.1589 29.0261 25.8693 25.8515 25.7184 25.4165 25.1679 24.762 24.5731 23.8553 55.0374 94.2984 47.0355 28.5764 21.9623 30.4807 21.5851 20.1939 19.6453 19.5173 19.4884 20.4631
threshold=0.81851854818992831 0.75715122450496131 0.89587973461402759 72.500000000000014 0.8534154820491322 2.9174053685313028 1.2424533248940002 62.500000000000007 0.63151168872206365 1.0397207708399181 3.8393944990995772 0.79015290627731349 6.9971387355792336 7.2445845309701786 1.0000000180025095e-35 4.2555875595453383 54.500000000000007 2.524928003624769 2.3502401828962087 1.0397207708399181 3.0201273556387074 3.1132683346437333 1.0000000180025095e-35 0 0.79437345442631468 3.3497501700808394 0.87366126647385423 2.4414009612931857 1 1.0000000180025095e-35
decision_type=2 2 2 2 2 2 2 2 2 2 2 2 2 2 2 2 2 2 2 2 2 2 2 1 2 2 2 2 1 2
left_child=1 5 7 6 16 8 11 -2 -1 -8 -5 22 15 24 -10 -11 -4 18 19 -16 -19 -22 -3 -24 -7 -23 -9 -17 -6 -30
right_child=2 3 4 10 28 13 9 26 14 12 -12 -13 -14 -15 17 27 -18 20 -20 -21 21 25 23 -25 -26 -27 -28 -29 29 -31
leaf_value=-0.015030694228845424 0.0050410659868146256 -0.0071380975348499069 0.0089820736584715309 -0.0048486862587875535 0.0052942007504033712 -0.0041458681463939174 0.045576314524931348 -0.0021171701942489123 0.0093957148876300939 0.0055944762386546838 0.00061213281300815736 0.0014234455304177971 0.010525377179232727 0.0069541860124092874 -0.0095112635652416753 -0.0030300455427189729 0.0037369865899884169 0.0047225864706251898 -0.016027082394869951 0.0071286818546753214 -0.015094204244744473 0.0025408836068654245 0.0031611179154789251 -0.0035162594606067557 0.001987771022859311 -0.0059173778097175202 0.0065431817528633952 0.0018747066741216596 0.0061293256046576969 0.015812361024463553
leaf_weight=1024.952555866912 6779.6280985898338 2133.5234697181731 4216.987421574071 9203.393939379137 766.37249895744026 7262.6997853070498 39.00941080134362 3498.6508080484346 259.57194908242673 3755.5503605301492 2837.3636543750763 6433.2267605140805 926.55566141242161 700.06498617865145 3877.7038610056043 2450.2915475596674 4746.408097284846 1160.8958993032575 1817.0349524635822 1090.9492850704119 784.18627205770463 781.70379029680043 2483.0938524985686 5433.5334670436569 1787.3562199072912 7254.2121407659724 805.61073747696355 11776.2334988527 649.68958645733073 3406.1222212077118
leaf_count=10935 131633 12968 93564 159694 20614 49853 647 62480 2959 73557 58108 214172 20697 7506 33701 50027 102858 11194 16941 11010 7585 7675 16632 35255 43981 72257 18139 244926 17033 101657
internal_value=-3.59118e-05 -0.00203529 0.00601566 -0.000274401 0.00852817 -0.00504207 0.000842799 0.00289073 -0.00656396 0.00249071 -0.00356186 -0.00105148 0.00240182 -0.00222448 -0.00605428 0.00198324 0.00620463 -0.00629346 -0.0085808 -0.00585769 -0.0047384 -0.00598365 -0.0026357 -0.00142231 -0.00293449 -0.00509459 -0.000496248 0.00102994 0.0128471 0.0142262
internal_weight=100143 75273.1 24869.5 47471.8 13785.6 27801.3 35431 11083.9 18051.2 18947.6 12040.8 16483.4 18908.6 9750.12 17026.3 17982.1 8963.4 16766.7 6785.69 4968.65 9981 8820.1 10050.2 7916.63 9050.06 8035.92 4304.26 14226.5 4822.18 4055.81
internal_count=1710258 1162280 547978 886683 335726 275597 668881 212252 174257 389854 217802 279027 389207 101340 163322 368510 196422 160363 61652 44711 98711 87517 64855 51887 93834 79932 80619 294953 139304 118690
cat_boundaries=0 1 2
cat_threshold=12 2
is_linear=0
shrinkage=0.05


Tree=52
num_leaves=31
num_cat=0
split_feature=16 16 17 1 4 16 16 8 10 8 1 0 10 8 10 17 10 10 10 0 7 7 10 7 7 10 7 7 10 10
split_gain=443.658 151.503 146.028 75.4761 67.4071 60.9566 53.9224 52.8196 44.6895 41.6373 40.5375 40.3133 38.4631 34.8696 51.9329 30.6914 29.4974 29.3156 24.4069 23.3651 23.0672 112.773 75.8013 36.7874 78.1038 59.7158 39.6588 34.8037 30.8793 23.5231
threshold=0.7820556720631886 0.84033146576543671 0.80562823820593621 3239.5000000000005 1.5000000000000002 0.89087966142384911 0.71024998019305696 1.2424533248940002 4.8689591460068407 3.0201273556387074 4239.5000000000009 63.500000000000007 6.5231672313721933 1.0000000180025095e-35 7.4994412808114967 0.78999681022789259 7.4281293653955816 7.0654043207871178 5.2057306247678286 58.500000000000007 1.0397207708399181 2.1383330595080281 0.081509403981921358 2.524928003624769 2.9174053685313028 0.3497316826816268 3.1132683346437333 3.2769667020129059 1.0000000180025095e-35 0.3497316826816268
decision_type=2 2 2 2 2 2 2 2 2 2 2 2 2 2 2 2 2 2 2 2 2 2 2 2 2 2 2 2 2 2
left_child=2 3 6 7 5 15 -1 12 -9 11 13 17 20 18 -15 -3 -11 -8 -6 -10 28 22 -22 -23 25 -25 -26 29 -2 -28
right_child=1 4 -4 -5 10 -7 9 8 19 16 -12 -13 -14 14 -16 -17 -18 -19 -20 -21 21 23 -24 24 26 -27 27 -29 -30 -31
leaf_value=-0.0079639572756412137 0.011055247088823985 -0.016243119385583347 0.0048915002574425361 -0.0039852240605081704 0.0092158026049719687 0.0099219278207547459 -0.0017873137586643336 0.01106782126501827 0.0051910450890560672 0.0021131588529744575 -0.0028463605828514421 -0.0073095200735576937 -0.0040709329184284724 0.015449482338476815 0.0060816965500827382 0.0020814083498630633 -0.0030777193280778227 -0.0069895237188991131 0.0013859473655566104 0.0012805972343384816 0.041131906175380983 -0.0046193508571486415 0.010639311599467639 0.037989557995184713 -0.010492965002119107 0.0090738273516953009 0.036007681854999758 -0.00016792835203848855 -0.0023534369375185753 0.0091077995872265709
leaf_weight=8454.3856065776199 478.16880006249994 624.91262947581708 4706.5612902492285 5224.574208104983 2789.8961785002612 679.7767196521163 10931.315981636755 2176.1554604433477 8402.5971415322274 4495.4579998967238 661.91401534806937 9173.5502293580212 3720.2853251202032 4271.885876102373 2263.3415777999908 360.21819355105981 6995.7584475209005 3599.9267111369409 1547.257551652845 7004.0601821085438 276.50165137229487 2006.4448411110789 775.26209187274799 233.11830216273665 722.92352521792054 762.78319365717471 101.80942832026631 1988.7385444520041 4207.6049197688699 402.85042938217521
leaf_count=70117 10037 5550 363971 80168 58433 16706 103629 42887 145398 47203 15461 85132 52288 121981 58955 14271 68989 33234 31238 118277 6905 26697 13720 4845 11464 12277 1946 33554 48586 6339
internal_value=-3.37671e-05 0.00318702 -0.00347609 0.00160162 0.00780947 -0.00159533 -0.00437832 0.00247923 0.00436068 -0.00351702 0.009167 -0.00471439 0.000368997 0.00989838 0.0122051 -0.00954266 -0.00104701 -0.00307609 0.00642254 0.00341331 0.00175052 0.00351364 0.0186556 0.000952676 0.00360685 0.0158424 -0.000181752 0.00280783 -0.000985122 0.0145345
internal_weight=100040 51683.1 48357 38483.9 13199.2 1664.91 43650.4 33259.3 17582.8 35196 11534.3 23704.8 15676.5 10872.4 6535.23 985.131 11491.2 14531.2 4337.15 15406.7 11956.2 7270.43 1051.76 6218.67 4212.22 995.901 3216.32 2493.4 4685.77 504.66
internal_count=1710258 937983 772275 615388 322595 36527 408304 535220 306562 338187 286068 221995 228658 270607 180936 19821 116192 136863 89671 263675 176370 117747 20625 97122 70425 17122 53303 41839 58623 8285
is_linear=0
shrinkage=0.05


Tree=53
num_leaves=31
num_cat=0
split_feature=16 16 4 8 10 8 3 8 16 10 8 1 10 0 16 1 7 4 16 16 10 10 1 10 8 3 1 8 8 3
split_gain=404.653 139.488 65.0547 63.4559 62.859 56.6437 46.1153 43.2677 40.9263 38.8055 45.5766 35.7012 35.038 34.1712 33.8741 31.613 28.9395 28.5114 28.1965 26.5843 26.4581 25.4966 24.6424 24.3363 31.4636 22.1418 22.0937 21.5728 21.1774 21.071
threshold=0.82309145174897347 0.76327283512609834 1.5000000000000002 1.0000000180025095e-35 7.4994412808114967 1.4978661367769956 1.0000000180025095e-35 2.4414009612931857 0.8762140164844493 5.9707759744582738 7.0250936725460793 3845.5000000000005 6.9587423262161758 47.500000000000007 0.76386094938731974 1365.5000000000002 1.0000000180025095e-35 1.5000000000000002 0.64766222937444862 0.82557117265305535 2.896458352116396 7.9281248631471941 562.50000000000011 7.1327310945413664 6.6535077747682836 1.0000000180025095e-35 192.50000000000003 4.5271940351011493 1.4978661367769956 1.0000000180025095e-35
decision_type=2 2 2 2 2 2 2 2 2 2 2 2 2 2 2 2 2 2 2 2 2 2 2 2 2 2 2 2 2 2
left_child=1 7 6 11 8 13 -3 16 20 -7 21 12 17 -4 -8 -16 -1 19 -18 -2 -5 -11 29 -9 -25 -24 -20 -6 -22 -15
right_child=3 2 5 4 27 9 14 23 -10 10 -12 -13 -14 22 15 -17 18 -19 26 -21 28 -23 25 24 -26 -27 -28 -29 -30 -31
leaf_value=0.0092189616256815234 0.014237056924052444 -0.0045624720014302124 0.00048292171843047248 0.017956976131342551 0.00013167768869883713 0.0052154004510946393 0.029377581194626808 0.0012241738418718108 0.018575985525439948 0.00056053547184448799 0.0099966470247470664 -0.0083381550829232463 -0.0045121201310209689 -0.0030292874543963611 0.0096780374127918289 0.0010134620660545433 -0.013226077630177833 0.006347612145916161 0.0052243827355343319 -0.0055024474597228949 0.0023961787334242329 -0.0040581699554380832 -0.011780937385123862 -0.0047538440906075745 0.0034592160834587731 -0.0042690497743481165 -0.0058040904441209445 0.0070049002523052996 0.0096012219681179296 0.0064662079760099888
leaf_weight=316.27507228869945 205.97901546210051 1018.524157486856 6232.3388663865626 768.7979473923333 2349.6278731478378 4597.1397202108055 165.85696697048843 3981.0654871501029 1395.0647529796697 10954.916594820563 1066.4880401487462 674.45596283115447 1140.434948193375 1580.8499641269445 2752.9394949185662 1704.5145928175189 1269.8376964945346 5932.4489049427211 466.63116905279458 992.08962292550132 1281.650093884673 4108.6690191309899 1088.7486579660326 7514.3276999443769 1380.308704120107 9909.1825064658187 16948.336539054289 2220.5425249896944 4992.911539924331 926.73295607883483
leaf_count=3663 3813 17323 112463 20804 53993 109016 1194 43762 45540 231482 24458 11581 20893 25334 53572 31287 13154 114752 4348 19021 29533 77273 18078 76662 14895 173425 163466 54181 123545 17747
internal_value=-3.14826e-05 -0.0017196 3.86977e-05 0.00596493 0.00819406 -0.000662591 0.00506856 -0.00426281 0.0107519 0.00116292 7.95078e-06 0.0027233 0.0036253 -0.00257961 0.0071903 0.00636473 -0.0057792 0.00492678 -0.00603307 -0.00210872 0.0092022 -0.00069924 -0.00399286 -0.00202503 -0.00347931 -0.00501269 -0.00550858 0.00347122 0.00812951 0.000479984
internal_weight=99937.7 77983.7 46106.9 21954 13008.6 40465.1 5641.84 31876.8 8438.42 20727.2 16130.1 8945.41 8270.95 19737.9 4623.31 4457.45 19001.1 7130.52 18684.8 1198.07 7043.36 15063.6 13505.5 12875.7 8894.64 10997.9 17415 4570.17 6274.56 2507.58
internal_count=1710258 1212602 892652 497656 327596 789276 103376 319950 219422 442229 333213 170060 158479 347047 86053 84859 184631 137586 180968 22834 173882 308755 234584 135319 91557 191503 167814 108174 153078 43081
is_linear=0
shrinkage=0.05


Tree=54
num_leaves=31
num_cat=0
split_feature=16 17 16 1 17 16 3 1 16 3 1 1 1 3 0 0 9 1 1 6 7 7 1 7 7 7 7 7 7 7
split_gain=367.739 128.59 127.879 60.139 57.3394 45.9976 43.5062 45.3272 40.1703 38.5395 44.178 36.5251 35.0854 45.8387 31.3426 30.2161 23.1357 19.5623 19.4247 19.079 16.7459 24.0747 16.5454 16.2289 15.8446 38.8438 48.0811 25.4771 28.8195 18.9972
threshold=0.7820556720631886 0.80517152789659885 0.8304055654796666 3239.5000000000005 0.78953251609163166 0.71024998019305696 1.0000000180025095e-35 620.50000000000011 0.87493823853813502 1.0000000180025095e-35 1434.5000000000002 245.50000000000003 256.50000000000006 1.0000000180025095e-35 47.500000000000007 83.500000000000014 4.8322978221268906 2550.5000000000005 527.50000000000011 -0.12940952255126037 1.0397207708399181 1.8688348091416842 1105.5000000000002 1.0397207708399181 2.524928003624769 2.3502401828962087 1.0397207708399181 2.9174053685313028 3.1132683346437333 3.2769667020129059
decision_type=2 2 2 2 2 2 2 2 2 2 2 2 2 2 2 2 2 2 2 2 2 2 2 2 2 2 2 2 2 2
left_child=1 5 3 6 9 -1 11 -8 -6 -4 -11 -2 -7 18 -15 19 24 -10 -14 20 -9 -22 -3 -12 25 26 -16 -26 -29 -30
right_child=2 22 4 -5 8 12 7 15 17 10 23 -13 13 14 16 -17 -18 -19 -20 -21 21 -23 -24 -25 27 -27 -28 28 29 -31
leaf_value=-0.0073215094711698171 0.0072780150482065209 0.0078999136707440642 -0.0032995846564613132 -0.0041801566857305418 0.007433136942066626 0.0043336533390174554 0.0079025504161819773 -0.0037305124936146783 0.017445460563170045 0.0083672111478345721 -0.0076701694228506383 -0.0041447753399766578 -0.0042991057443401799 -4.2084554976050615e-05 -0.0069819782020318069 -0.0028161212788761617 0.010546202540292956 0.0024483018918477705 -0.0098109844971055564 0.0046802891859537921 0.015065687252209737 0.0016024213491867762 0.0019685413774488017 0.0021897334660498625 0.0060361574081272068 -0.014038928940930506 0.0068901259419801367 -0.013500610719932549 0.0065000676191329645 -0.0034603309093594347
leaf_weight=8449.6928077694029 838.41891854256392 2151.9781311424449 1635.5842562839389 4629.9185410467908 6332.9485911717638 1475.4188211308792 3734.0709491162561 1415.5370825985447 1743.0932315802202 4465.3934132605791 493.57673584297299 4233.4231928735971 2905.8515111133456 8114.6626215986907 2691.5417640297674 2900.2103290376253 278.87053926754743 248.43163369689137 3552.6716694366187 7151.399928052444 345.38666453864425 8597.5742040970363 2591.6948131173849 2701.7562764883041 720.83508345577866 1246.6517736986279 813.41194480285048 698.58494937373325 498.27446132153273 12195.365478188731
leaf_count=69827 11361 170586 13463 68732 236567 13645 60128 17348 82462 45501 3245 59512 26570 79153 22639 43700 2945 10471 32744 113216 6300 139439 195478 26538 7107 10930 8291 6532 4858 120970
internal_value=-2.95094e-05 -0.00315895 0.00291258 0.00111427 0.00636677 -0.00400876 0.00195328 0.00283761 0.00938089 0.00366774 0.00515528 -0.00225649 -0.00321336 -0.00354362 -0.00264623 0.00191097 -0.00375008 0.0155746 -0.00733105 0.00269393 0.00132256 0.00212239 0.00465932 0.000666694 -0.00396142 -0.00645875 -0.00376261 -0.00312062 -0.00361348 -0.00306935
internal_weight=99852.2 48385.5 51466.7 33845.9 17620.8 43641.8 29216 24144.2 8324.47 9296.31 7660.73 5071.84 35192.1 33716.7 27258.2 20410.1 19143.5 1991.52 6458.52 17509.9 10358.5 8942.96 4743.67 3195.33 18864.7 4751.61 3504.95 14113.1 13392.2 12693.6
internal_count=1710258 772275 937983 519736 418247 406211 451004 380131 329500 88747 75284 70873 336384 322739 263425 320003 184272 92933 59314 276303 163087 145739 366064 29783 181327 41860 30930 139467 132360 125828
is_linear=0
shrinkage=0.05


Tree=55
num_leaves=31
num_cat=0
split_feature=16 16 16 0 0 8 10 1 1 8 1 1 4 8 8 6 4 16 10 10 10 8 16 8 9 7 7 7 7 10
split_gain=373.667 97.2652 70.1252 53.3477 49.9566 48.7225 41.2012 32.5219 32.407 32.2486 30.0504 29.0386 26.5404 26.9078 26.1565 25.8256 20.0335 23.1378 18.3966 18.2081 18.0104 29.1362 17.9147 17.5251 17.4782 17.3424 51.0235 42.6615 39.2115 34.5219
threshold=0.79469861518805118 0.84605918233744193 0.72191915820009889 60.500000000000007 60.500000000000007 0.89587973461402759 6.8670837425927242 6958.5000000000009 1223.5000000000002 2.6735537653587351 430.50000000000006 1677.5000000000002 1.5000000000000002 5.629416447756002 6.5169321744776205 1.0000000180025095e-35 1.5000000000000002 0.89608254000280196 6.2460265579482144 7.1824962034447797 6.8670837425927242 1.2424533248940002 0.76327283512609834 7.2141363611348934 2.1383330595080281 1.0397207708399181 2.1383330595080281 2.524928003624769 2.9174053685313028 0.081509403981921358
decision_type=2 2 2 2 2 2 2 2 2 2 2 2 2 2 2 2 2 2 2 2 2 2 2 2 2 2 2 2 2 2
left_child=2 3 14 11 10 8 -7 25 16 18 -4 20 22 15 -1 -14 17 -3 -6 -11 21 -2 -12 -21 -13 -5 29 -28 -29 -27
right_child=1 5 4 7 9 6 -8 -9 -10 19 12 24 13 -15 -16 -17 -18 -19 -20 23 -22 -23 -24 -25 -26 26 27 28 -30 -31
leaf_value=-0.006544720511433082 0.0045600046805651618 -0.0094901256000713904 0.0041932432896845976 -0.0038270937478926507 -0.0035196824265479897 0.015440396312531838 0.0070725015250581932 -0.013290612610094824 -0.0011599288009831686 0.0023803048683697838 -0.0017381189140799288 0.00025429706667464102 -0.0033527620818251122 0.0043251078388121455 0.0035832008188723462 0.00055789408236773077 0.0091203058721864416 0.01040758862765003 -0.0074196108130574773 -0.0037469923419356128 0.0029126167886440414 0.011062292574225849 0.0082176344486247829 0.0060844178689005383 0.00949952169758023 0.041201972524912922 -0.0096121784121782003 0.013991192698125616 0.00052603302761816456 0.0096774847607753404
leaf_weight=11228.791121035814 4746.1951334760524 344.7375609157607 3377.9502678005956 2147.8281269641593 7586.541041621007 2619.8678203867748 3354.5438723568805 458.42318701837212 1868.2673156564124 2662.8730641235597 701.58644498605281 5372.4969017207623 12012.06340153981 1863.3485741838813 675.86934788152575 6509.5757826613262 2519.9737817565911 253.5640779430978 5027.9171201437712 4451.7690856903791 4494.4478115160018 2704.548466635868 1269.4359381222166 504.66938691865653 564.97047912236303 110.72600082121789 976.63613303657621 577.7482106955722 8424.1278043184429 402.63921411521733
leaf_count=107426 76482 5648 56296 26607 123172 79944 91050 7306 39773 53101 7812 89682 205273 36180 6978 114339 55837 5372 74965 76181 78712 55395 31943 9327 10651 2950 13200 10068 151860 7239
internal_value=5.47588e-05 0.00364835 -0.00254962 0.00221615 -0.00166388 0.00769642 0.0107419 -0.000208186 0.00404755 -0.00352278 -0.000202296 0.00399185 -0.000866453 -0.00140215 -0.00596972 -0.00197833 0.00716753 -0.00105735 -0.00507413 -0.000954374 0.00541237 0.00692027 0.00467388 -0.00274595 0.00113401 0.000266294 0.00110427 0.000313389 0.00139024 0.0164769
internal_weight=99814.1 41941.7 57872.4 30980.8 45967.7 10961 5974.41 13098.1 4986.54 20233.8 25734 17882.7 22356 20385 11904.7 18521.6 3118.28 598.302 12614.5 7619.31 11945.2 7450.74 1971.02 4956.44 5937.47 12639.7 10491.9 9978.51 9001.88 513.365
internal_count=1710769 807776 902993 530152 788589 277624 170994 219230 106630 336746 451843 310922 395547 355792 114404 319612 66857 11020 198137 138609 210589 131877 39755 85508 100333 211924 185317 175128 161928 10189
is_linear=0
shrinkage=0.05


Tree=56
num_leaves=31
num_cat=0
split_feature=16 17 16 8 8 10 7 7 7 10 7 7 10 10 1 7 0 10 7 7 1 3 1 16 10 8 7 10 16 8
split_gain=338.865 108.933 100.604 55.4954 53.386 51.172 53.7724 62.4657 141.164 73.0457 67.7283 59.1958 80.2164 47.2878 46.4507 40.5794 37.6548 36.636 36.4863 28.639 26.531 36.3318 29.3458 27.6462 24.5759 24.1369 21.3114 21.082 20.6533 19.5337
threshold=0.78865576902894141 0.80562823820593621 0.8304055654796666 5.1957269410780187 0.89587973461402759 7.1824962034447797 2.524928003624769 2.3502401828962087 1.0397207708399181 1.0261490310845864 1.8688348091416842 2.9174053685313028 0.14313038490420291 7.4281293653955816 5080.5000000000009 3.1132683346437333 59.500000000000007 1.6308419060349375 1.0000000180025095e-35 3.3497501700808394 1619.5000000000002 1.0000000180025095e-35 555.50000000000011 0.8992894014084537 7.4281293653955816 1.2424533248940002 3.0201273556387074 5.5842168749690781 0.87132119606012981 1.2424533248940002
decision_type=2 2 2 2 2 2 2 2 2 2 2 2 2 2 2 2 2 2 2 2 2 2 2 2 2 2 2 2 2 2
left_child=1 3 14 5 20 6 7 8 18 10 -10 12 -8 28 16 26 29 19 -1 -17 21 23 -23 -4 -5 -7 -13 -24 -6 -2
right_child=2 -3 4 24 13 25 11 -9 9 -11 -12 15 -14 -15 -16 17 -18 -19 -20 -21 -22 22 27 -25 -26 -27 -28 -29 -30 -31
leaf_value=0.006134104151063198 0.0016066457570057899 0.0044349004869054512 -0.0042965960208602673 0.0072204897504911441 0.0098062043233762483 -0.0098265368647422243 0.034910882245409787 -0.01175638229431808 0.039093817137530823 0.0033566771261510152 -0.0037604957995823114 0.0010308556497114491 0.0034597330241473109 0.0043550739498652733 -0.0066738247430526768 0.026174645491803945 -0.00023542088123655087 -0.0017929171847160645 -0.0075868832638858992 0.0041186306025921835 -0.0013776189369662456 0.015469525048862757 0.0081431461418102532 0.013207339371970354 -0.0005567228309947905 -0.0051941797397805495 -0.012952540977180431 -0.0006064945073910226 0.016702781937968654 0.0052019144180527818
leaf_weight=523.21987483557314 7097.1187008302659 4913.9650277653709 1339.5913697369397 1291.9938729391433 4327.0596276014112 3950.6522521241568 238.33434268133715 2913.8973422907293 314.4808915220201 1442.8990745209157 130.43940771464258 355.10514329979196 1357.3265051664785 3800.6288324352354 1690.5608868785203 184.30074330419302 11910.353277726099 12883.597102328204 6548.2143244761974 730.69154846761376 2305.8722695210017 904.0579178868793 2069.0605765976943 271.26133381389081 4751.3773311739787 9756.6075292513706 1170.9665385559201 1031.7437727078795 1449.1432104962878 8078.3263253578916
leaf_count=5939 102280 376415 23779 14196 112809 34542 2829 25732 4471 13963 1300 3255 13069 94809 25272 2087 183577 129147 54600 8426 45205 20416 45805 5939 47234 92263 11133 21352 48498 140427
internal_value=5.24693e-05 -0.00265916 0.00318502 -0.00337726 0.00617469 -0.00401475 -0.00281769 -0.00539712 -0.00332884 0.00881816 0.02653 -0.00100768 0.0081574 0.00868646 0.00136705 -0.00196198 0.00186893 -0.00110633 -0.00657166 0.00856123 0.00313808 0.00499228 0.0075429 -0.001349 0.00110594 -0.0065293 -0.00969871 0.00523184 0.0115364 0.00352051
internal_weight=99732.8 53458.1 46274.8 48544.1 17498.4 42500.7 28793.5 11873.2 8959.25 1887.82 444.92 16920.3 1595.66 9576.83 28776.4 15324.7 27085.8 13798.6 7071.43 914.992 7921.59 5615.71 4004.86 1610.85 6043.37 13707.3 1526.07 3100.8 5776.2 15175.4
internal_count=1710769 840601 870168 464186 418612 402756 275951 106005 80273 19734 5771 169946 15898 256116 451556 154048 426284 139660 60539 10513 162496 117291 87573 29718 61430 126805 14388 67157 161307 242707
is_linear=0
shrinkage=0.05


Tree=57
num_leaves=31
num_cat=0
split_feature=16 17 16 17 1 0 1 17 4 4 16 8 8 16 16 16 7 7 7 7 16 16 0 10 9 17 10 1 9 1
split_gain=306.894 115.027 66.684 63.6101 53.9297 44.2781 43.7714 40.9228 52.0033 31.9989 31.8442 31.6961 30.2074 29.0639 39.0346 27.4956 26.8314 24.1634 37.5568 40.3709 22.4751 21.9143 20.0121 19.9035 19.6244 18.8053 18.4399 18.2913 16.1896 16.0687
threshold=0.82309145174897347 0.79015290627731349 0.72879019664003242 0.66650849354048136 1742.5000000000002 55.500000000000007 541.50000000000011 0.78191805040034468 1.5000000000000002 2.5000000000000004 0.87493823853813502 3.1984648276080736 5.7822843490610341 0.82342144236375836 0.90246548730006326 0.55753674434769007 3.1984648276080736 2.524928003624769 2.3502401828962087 1.0397207708399181 0.78644908752337273 0.78912932117379742 57.500000000000007 7.1824962034447797 2.602003343538398 0.81207363506288133 1.8183832997795706 7445.5000000000009 3.7256208424938388 5441.5000000000009
decision_type=2 2 2 2 2 2 2 2 2 2 2 2 2 2 2 2 2 2 2 2 2 2 2 2 2 2 2 2 2 2
left_child=1 2 15 5 7 21 -3 8 13 29 -9 23 20 -2 16 -1 -15 18 19 -6 25 -4 -10 27 -17 -11 -19 -7 -5 -8
right_child=4 6 3 28 17 11 9 10 22 12 -12 -13 -14 14 -16 24 -18 26 -20 -21 -22 -23 -24 -25 -26 -27 -28 -29 -30 -31
leaf_value=-0.021175680837821568 0.019371810634510409 0.0054697881562524135 -0.00017189763368134975 -0.005635144932142397 -0.0049120657207220586 -0.0024401358306966208 0.0035263536943240916 0.0079871832489075995 0.0087543709014505748 -0.0040427417255436372 0.016197157553331679 0.00091339973235347947 0.0057807302436545449 -0.021147462648912221 0.0096299369845826936 -0.0066477593220077404 -0.0037250425471364278 0.014050290265698871 -0.017249027582114097 0.015140922173154228 0.0009242394614910551 0.0039939145178719332 0.0033354875887699853 -0.008060368966418336 0.0012618617110539516 0.0023780275005045141 0.0024021332430473213 -0.015151837134888026 0.0054086568771549888 -0.0077116013742276959
leaf_weight=306.54652304947376 113.2449374049902 4825.7583924503997 8501.7121422439814 10062.540260105394 937.45245190430433 8064.4106095060706 6898.7982853353024 5567.4218058343977 3676.7992939837277 8113.6719033019617 1499.1332898065448 4625.1720730662346 1495.8525604926981 431.48930768668652 265.69563096389174 9221.5574048422277 452.97974017634988 368.12327113235369 390.96584414318204 342.75264135049656 5316.3998136846349 5021.6672248616815 3175.0607965067029 2390.1431147670373 857.08145696669817 1326.8578886496834 4411.3019304941408 293.2857659086585 343.16544523276389 333.46233588363975
leaf_count=1796 1207 152626 46938 87778 14091 46240 227883 207074 35599 195168 72473 27523 50379 3235 2575 52378 4447 9341 6309 7726 142657 32492 30136 13210 4866 116191 103620 1621 3164 10026
internal_value=5.03465e-05 -0.00141109 -0.00286046 -0.00191888 0.0053197 -0.000711791 0.00113266 0.00694701 0.00452463 0.000241458 0.00972889 -0.00254751 -0.000989703 -0.00479645 -0.00717605 -0.00642381 -0.0122246 0.00148975 -0.00368545 0.000456773 -0.001676 0.001375 0.00624333 -0.00403686 -0.00597513 -0.00314031 0.0032993 -0.00288621 -0.00527094 0.0030082
internal_weight=99630.5 77998.1 49687.3 39302.1 21632.4 28896.4 28310.8 15181.8 8115.27 23485 7066.56 15373 16252.8 1263.41 1150.16 10385.2 884.469 6450.6 1671.17 1280.21 14756.9 13523.4 6851.86 10747.8 10078.6 9440.53 4779.43 8357.7 10405.7 7232.26
internal_count=1710769 1212936 318006 258966 497833 168024 894930 356746 77199 742304 279547 88594 504395 11464 10257 59040 7682 141087 28126 21817 454016 79430 65735 61071 57244 311359 112961 47861 90942 237909
is_linear=0
shrinkage=0.05


Tree=58
num_leaves=31
num_cat=0
split_feature=16 17 16 0 16 8 8 1 3 4 1 3 0 1 1 8 1 1 3 4 16 6 8 1 3 17 1 16 16 17
split_gain=280.475 92.692 85.3307 51.0893 48.4868 43.8527 39.0435 36.2743 38.668 43.9142 34.3032 44.864 28.5101 24.49 22.0625 21.8898 21.1853 20.9463 20.7677 20.5294 19.3142 19.1972 18.4789 18.3155 17.3847 16.8528 16.5697 16.4036 24.8685 21.9768
threshold=0.78865576902894141 0.80562823820593621 0.85006685903313584 71.500000000000014 0.68232971914818441 5.1957269410780187 0.89587973461402759 256.50000000000006 1.0000000180025095e-35 1.5000000000000002 1560.5000000000002 1.0000000180025095e-35 47.500000000000007 6958.5000000000009 1173.5000000000002 1.7005986908310777 3614.5000000000005 2622.5000000000005 1.0000000180025095e-35 4.5000000000000009 0.8992894014084537 0.60355339059327384 3.8176519431297078 245.50000000000003 1.0000000180025095e-35 0.78953251609163166 728.50000000000011 0.76327283512609834 0.77179456931727786 0.66706786795161321
decision_type=2 2 2 2 2 2 2 2 2 2 2 2 2 2 2 2 2 2 2 2 2 2 2 2 2 2 2 2 2 2
left_child=1 4 3 10 -1 7 14 -6 25 16 11 23 -11 22 18 -12 27 19 20 24 -4 -14 -5 -2 -8 -9 -13 -10 -29 -30
right_child=2 -3 6 13 5 -7 17 8 9 12 15 26 21 -15 -16 -17 -18 -19 -20 -21 -22 -23 -24 -25 -26 -27 -28 28 29 -31
leaf_value=-0.0081580896338711156 0.0070747523685095529 0.0041396761487574188 -0.0038577113286553293 -0.0020616218895718273 0.0038709747143327771 0.0016100708432346064 0.0026332223714387658 -0.0082100754438013106 0.00064079423120688575 -0.00077619869189284171 -0.001749558707766009 0.0080518352769034848 -0.0050608047736670067 -0.013945439087217515 -0.00079797752918467444 0.0029098831365966093 -0.011778391588251162 0.0022051244110251828 0.0097337360382202878 0.021482450476701744 0.012361045909411707 -0.00094786052764562741 0.003272067920242486 -0.0021527653421432049 0.011675021023805941 -0.0029572214694609661 0.0043502843098113218 0.017309582604984924 -0.0094328878297131324 0.0099780847756450845
leaf_weight=4281.8554191160947 651.10167664382607 4897.6650809179991 684.92458517802879 7035.0895172441378 1744.0000982834026 5458.7010174817406 632.86498123034835 5363.6447122618556 1009.1508694756776 8103.7834977335297 4981.8276120601222 4668.2162384558469 15649.076178066432 370.36772107426077 1699.5886078160256 5102.2627736302093 198.47997891064733 724.07468361500651 1731.8954295674339 451.48318337555975 250.76805433863774 3465.3351602284238 2111.2386083425954 3089.2081187851727 3322.8981419107877 2134.6326022255234 8580.2877840851434 531.21143514523283 236.13821356743574 381.2319574020803
leaf_count=36164 9693 376415 12570 111408 16147 56281 17034 30981 9349 79434 76473 85035 150930 5739 36850 92760 1917 19933 40797 14105 5574 32698 38379 47422 102712 37612 153684 4465 1427 6781
internal_value=4.82213e-05 -0.00241618 0.00290654 0.00181038 -0.00307743 -0.00258609 0.00712914 -0.00317618 -0.0035077 -0.0026946 0.0029181 0.00428932 -0.00326148 -0.00134086 0.00365433 0.000607986 0.00385383 0.0100865 0.006491 0.0113813 0.000488958 -0.00431515 -0.000830451 -0.000546467 0.0102285 -0.00671468 0.00565456 0.00529176 0.00937813 0.00255357
internal_weight=99543 53454.9 46088.1 36589.6 48557.2 44275.4 9498.5 38816.7 37072.7 29574.4 27072.9 16988.8 27218.2 9516.7 4367.18 10084.1 2356.21 5131.32 2667.59 4407.25 935.693 19114.4 9146.33 3740.31 3955.76 7498.28 13248.5 2157.73 1148.58 617.37
internal_count=1710769 840601 870168 620593 464186 428022 249575 371741 355594 287001 465067 295834 263062 155526 95791 169233 23939 153784 58941 133851 18144 183628 149787 57115 119746 68593 238719 22022 12673 8208
is_linear=0
shrinkage=0.05


Tree=59
num_leaves=31
num_cat=0
split_feature=16 17 3 17 4 1 1 1 6 3 16 4 17 7 8 16 16 7 16 8 1 17 0 7 7 7 7 7 7 16
split_gain=256.079 98.5799 61.3346 49.2494 59.7901 41.5665 41.2585 39.2599 37.9595 32.1522 31.1822 29.5824 28.4442 26.7158 26.5571 26.481 33.7333 26.078 25.4912 27.7807 25.2492 23.9002 22.6563 21.8605 24.3776 69.0986 93.785 53.8142 42.4094 21.3465
threshold=0.82309145174897347 0.79015290627731349 1.0000000180025095e-35 0.78191805040034468 1.5000000000000002 430.50000000000006 245.50000000000003 477.50000000000006 0.1294095225512602 1.0000000180025095e-35 0.87493823853813502 1.5000000000000002 0.66538579075336501 1.0397207708399181 5.7822843490610341 0.82342144236375836 0.90246548730006326 3.1984648276080736 0.76938055154672924 6.7861522978065061 6958.5000000000009 0.66573474303533098 59.500000000000007 1.0000000180025095e-35 2.524928003624769 2.3502401828962087 1.0397207708399181 2.9174053685313028 3.1132683346437333 0.55753674434769007
decision_type=2 2 2 2 2 2 2 2 2 2 2 2 2 2 2 2 2 2 2 2 2 2 2 2 2 2 2 2 2 2
left_child=1 2 6 4 15 -4 -1 -3 18 -9 -5 -11 22 -8 23 -2 17 -17 -7 20 21 -20 -6 -13 25 26 -25 -26 -29 -15
right_child=3 7 5 10 12 8 13 9 -10 11 -12 14 -14 29 -16 16 -18 -19 19 -21 -22 -23 -24 24 27 -27 -28 28 -30 -31
leaf_value=0.0013218056906742516 0.014657825190482185 0.0057607662556136349 0.0054104246878216586 0.0060592809517770246 0.008664820226843558 -0.0048246045328871022 -0.012460373739855386 -0.0047068026622714993 0.0001884677731141621 0.0069120812335718819 0.013100730761935075 0.013594595796664725 0.00032567666252745131 -0.032782023902227189 0.0060368231410235576 -0.020800924620619176 0.006072774463368031 -0.0053426489821761965 -0.00014575935329385779 0.010534809742994609 -0.013226824792201242 -0.0050490658007479794 0.0026944556688448091 -0.0050687103499835462 0.01323636143421659 -0.013126152008238271 0.015017624313290496 -0.011822335696445391 0.0005561799380549773 -0.0055980648987398775
leaf_weight=1608.5888350959867 134.11713746190071 3854.310642127879 1941.2559864539653 8213.3192612263374 3559.116512350738 12362.329647608101 2003.9254887290299 2803.6957513936795 12245.847034766804 1917.9086410561576 1944.4813703959808 282.99111008923501 3365.3516111783683 73.002172701060772 1893.5680968295783 520.97539705038071 306.08456635847688 572.8016954511404 8241.4650230705738 452.10528434440494 488.31233695149422 3558.1865701507777 2870.6547333188355 2040.0069645009935 796.15366588300094 1335.8743955353275 812.61403012741357 735.00043837865815 11809.070379379205 6717.1202248325571
leaf_count=9678 1421 121276 12991 298288 29515 72567 12115 79425 79634 66620 93447 11312 39421 415 65099 3867 2996 5575 51029 3470 3265 32679 23303 51253 25904 31903 29099 20878 392161 40163
internal_value=4.61635e-05 -0.00128566 -0.00262687 0.00487918 0.00261253 -0.00172298 -0.00604072 0.00107094 -0.00209376 0.000330936 0.00740721 0.000984137 0.00404997 -0.00738746 0.000407172 -0.00656619 -0.00859961 -0.0127056 -0.00320711 -0.00163757 -0.00208542 -0.00162435 0.00599927 -0.000191317 -0.000413883 -0.00374157 0.000653199 0.000630928 -0.00016912 -0.00589033
internal_weight=99460.2 77973.3 49692.1 21486.9 11329.1 39289.5 10402.6 28281.2 37348.2 24426.9 10157.8 21623.2 9795.12 8794.05 19705.3 1533.98 1399.86 1093.78 25102.4 12740.1 12288 11799.7 6429.77 17811.7 17528.7 4188.5 2852.62 13340.2 12544.1 6790.12
internal_count=1710769 1212936 318006 497833 106098 255635 62371 894930 242644 773654 391735 694229 92239 52693 627609 13859 12438 9442 163010 90443 86973 83708 52818 562510 551198 112255 80352 438943 413039 40578
is_linear=0
shrinkage=0.05


Tree=60
num_leaves=31
num_cat=0
split_feature=16 16 0 1 3 4 6 1 7 7 7 3 10 10 7 7 7 10 7 7 10 10 7 16 17 7 1 7 10 7
split_gain=230.678 89.2779 56.602 53.6448 60.5952 41.746 33.8922 29.9889 30.1111 34.597 43.6382 29.6262 28.821 27.6209 26.6005 57.551 72.2659 43.88 42.3153 39.9408 31.342 28.2245 25.7633 22.4341 21.0662 21.039 20.5828 19.8764 24.2156 24.8249
threshold=0.82309145174897347 0.72879019664003242 65.500000000000014 2052.5000000000005 1.0000000180025095e-35 1.5000000000000002 -0.12940952255126037 790.50000000000011 1.0397207708399181 2.1383330595080281 2.524928003624769 1.0000000180025095e-35 1.4162525511477868 2.1139029853608 2.524928003624769 2.3502401828962087 1.0397207708399181 0.081509403981921358 2.9174053685313028 3.1132683346437333 0.58835231277292122 0.73060162963332453 1.8688348091416842 0.89608254000280196 0.79099423218684051 3.0201273556387074 3546.5000000000005 2.524928003624769 1.2007562355602046 2.8029010331479989
decision_type=2 2 2 2 2 2 2 2 2 2 2 2 2 2 2 2 2 2 2 2 2 2 2 2 2 2 2 2 2 2
left_child=1 27 5 4 23 11 24 -6 -9 12 -11 -3 -10 -12 15 16 -4 22 20 25 -16 -21 -18 -2 -7 -20 -13 -1 29 -29
right_child=3 2 14 -5 7 6 -8 8 9 10 13 26 -14 -15 18 -17 17 -19 19 21 -22 -23 -24 -25 -26 -27 -28 28 -30 -31
leaf_value=-0.007978023141014378 -0.0017825119404549705 -0.0027661342467319426 -0.0057752574544996937 6.316757206009973e-05 0.010726811582729052 -0.0024083680070768666 0.0018822257182430566 -0.0013550896313350032 0.043348232061733577 -0.0069038850004704208 0.018825614345380548 0.0080410434610390571 0.012564288440914366 0.0064352108909165196 0.03100908630199874 -0.013500745727879741 0.041990873078560087 0.004252586510205005 0.0017563125246621821 0.011430640937630875 0.00511316458173584 -0.0018326982692961507 0.0011221446392150358 0.009764621149894747 0.00081132791789788924 -0.016931891378103685 -0.0060916676912684039 0.038097721484411637 -0.0042409963570106167 0.0030971479494019526
leaf_weight=3812.4244508240372 2836.0756805213168 976.83962551271543 3682.5032291715033 5078.5219978005625 4614.3572221924551 13860.484436247498 14602.357787385117 1278.9294397979975 110.91693352209404 582.15440213726833 488.52370625222102 3503.0136476517655 241.7518487223424 5672.5158031610772 138.07412609271705 1591.8534238152206 139.69705700408667 834.46194522734731 195.80104272533208 412.85874883644283 759.88443146133795 14091.452681547496 53.265359062701464 493.87856916943565 8020.0012442939915 652.40333936735988 278.07893848186359 59.485014049336314 10028.463394311257 341.54121145047247
leaf_count=34890 54720 14924 46488 110128 116363 97080 253192 20680 3845 10601 14426 63521 6104 148227 3161 21563 3881 13659 3050 8903 12294 244373 902 12718 274986 10186 4576 686 97065 3670
internal_value=-4.81376e-05 -0.00130923 -0.000510141 0.00455094 0.00594753 0.000591223 1.67376e-05 0.00749019 0.00570688 0.0069797 0.00618126 0.00499626 0.0222461 0.00741768 -0.00252418 -0.00528172 -0.00250386 0.0092215 -0.00145483 -0.00207189 0.00909504 -0.00145516 0.0307095 -6.99114e-05 -0.00122823 -0.0126179 0.00700166 -0.00488855 -0.00375921 0.00828885
internal_weight=99432.6 78034.9 63793 21397.6 16319.1 41240.8 36482.8 12989.1 8374.79 7095.86 6743.19 4757.93 352.669 6161.04 22552.3 6301.78 4709.93 1027.42 16250.5 15352.5 897.959 14504.3 192.962 3329.95 21880.5 848.204 3781.09 14241.9 10429.5 401.026
internal_count=1710862 1213050 1076739 497812 387684 708279 625258 320246 203883 183203 173254 83021 9949 162653 368460 86493 64930 18442 281967 266512 15455 253276 4783 67438 372066 13236 68097 136311 101421 4356
is_linear=0
shrinkage=0.05


Tree=61
num_leaves=31
num_cat=0
split_feature=16 16 8 10 1 8 10 8 10 10 0 1 7 10 7 7 10 7 7 10 7 10 7 7 10 7 7 1 8 7
split_gain=208.771 80.564 55.8874 59.8806 48.8026 44.886 40.8933 36.2792 39.5849 33.9088 30.2805 22.5159 23.0461 21.2592 27.6686 112.285 94.4694 49.4361 63.673 67.5298 52.614 34.2514 29.245 23.713 22.2433 19.8631 19.2997 19.1167 18.4977 18.3997
threshold=0.82309145174897347 0.72879019664003242 0.89587973461402759 5.9707759744582738 2052.5000000000005 5.7186697390068177 0.005927438483865035 1.4978661367769956 7.5272535113028427 6.2223166653399291 88.500000000000014 5665.5000000000009 2.9174053685313028 6.2695314101036592 1.0397207708399181 2.1383330595080281 0.58835231277292122 2.524928003624769 2.9174053685313028 0.081509403981921358 3.1132683346437333 0.14313038490420291 1.5890269151739729 3.2769667020129059 0.3497316826816268 2.3502401828962087 3.4811217321331038 256.50000000000006 3.7256208424938388 1.0397207708399181
decision_type=2 2 2 2 2 2 2 2 2 2 2 2 2 2 2 2 2 2 2 2 2 2 2 2 2 2 2 2 2 2
left_child=1 28 6 11 7 27 -3 9 -9 29 13 12 -4 14 24 16 -16 25 19 -19 -20 23 -18 -22 -8 -17 -25 -5 -1 -2
right_child=4 2 3 5 -6 -7 10 8 -10 -11 -12 -13 -14 -15 15 17 22 18 20 -21 21 -23 -24 26 -26 -27 -28 -29 -30 -31
leaf_value=-0.0057436727446590887 0.0021272002679906046 0.0036007060194176823 0.019118875656442297 0.0079201074113137565 6.0011498616506298e-05 0.0038273215674773271 -0.0075152462177293673 0.011064790618250747 0.0037040848064722113 -0.0016444552695464396 -0.0072520601052823977 -0.0057333697072934099 0.0046100079985327939 -0.0044074750756552305 0.037616036811625321 0.0037533045058293461 0.00059155842328060973 0.036107982372877871 -0.012180235912732384 0.0056324948560293993 0.038329598786315595 -0.0006599880239515813 0.017876908037517233 -0.011052029265183035 -0.0010087134990892891 -0.0087504220692807312 0.018188481350970731 -0.0015289414596063465 -0.0016923025083132107 0.0076551441002493063
leaf_weight=10375.807985750958 2555.2186111211777 2754.9874866926111 283.76100852945819 548.72092647524551 5078.3319494798779 5280.2073428048752 2378.7724253069609 4655.4414554913528 3005.8985755825415 2370.3191774762236 3336.0881658354774 507.75669982656837 7716.8570994772017 6950.5811095698737 318.04582561040297 366.0437737936154 703.15983939124271 219.21370801143348 957.50103852339089 1064.3447583210655 89.433963946532458 2501.7594908177853 375.30961012886837 84.921598627697676 2933.2294751387089 2400.9512396529317 168.20528789795935 21845.406737668905 3867.648187590763 3663.49731641775
leaf_count=97834 41360 47493 5607 9356 110128 99586 30029 131340 75417 48560 47141 9500 158822 99337 8840 5406 12451 5164 15591 17798 1952 42760 6978 1711 36527 33716 3610 377364 38477 91007
internal_value=-4.53878e-05 -0.00124367 -0.000484464 0.000808216 0.0043384 -0.000319624 -0.00217897 0.00567542 0.00817684 0.00344418 -0.00281979 0.00447663 0.0051246 -0.00213242 -0.00104643 0.000605356 0.013669 -0.00171796 0.00120844 0.0108373 -0.00204242 0.00137034 0.0066069 0.016198 -0.00392241 -0.00709631 0.00837858 -0.00129741 -0.00464357 0.00538376
internal_weight=99357.4 78028.7 63785.3 36182.7 21328.7 27674.3 27602.5 16250.4 7661.34 8589.04 24847.6 8508.37 8000.62 21511.5 14560.9 9248.89 1396.52 7852.37 5085.38 1283.56 3801.82 2844.32 1078.47 342.561 5312 2767 253.127 22394.1 14243.5 6218.72
internal_count=1710862 1213050 1076739 660235 497812 486306 416504 387684 206757 180927 369011 173929 164429 321870 222533 155977 28269 127708 88586 22962 65624 50033 19429 7273 66556 39122 5321 386720 136311 132367
is_linear=0
shrinkage=0.05


Tree=62
num_leaves=31
num_cat=0
split_feature=3 1 8 1 1 6 0 1 1 0 7 4 6 7 8 7 7 7 7 7 7 7 7 7 8 7 8 7 7 7
split_gain=102.444 128.385 72.2176 71.659 65.5562 47.5732 28.0802 27.3882 26.3815 25.9474 25.6592 22.9795 19.4556 16.4511 25.8461 21.3154 18.3885 69.3238 37.3527 44.8481 24.5049 20.6747 25.8646 16.3769 16.2413 17.9368 15.5556 15.4348 14.0999 13.4383
threshold=1.0000000180025095e-35 620.50000000000011 3.860674306308975 267.50000000000006 2891.5000000000005 -0.12940952255126037 81.500000000000014 534.50000000000011 327.50000000000006 49.500000000000007 2.524928003624769 2.5000000000000004 0.1294095225512602 6.0366761762234473 2.249904835165133 4.5271940351011493 1.0397207708399181 2.1383330595080281 2.524928003624769 2.9174053685313028 1.0000000180025095e-35 3.1132683346437333 3.3497501700808394 3.0201273556387074 7.0250936725460793 7.4919242581119381 0.89587973461402759 3.4811217321331038 2.524928003624769 2.8029010331479989
decision_type=2 2 2 2 2 2 2 2 2 2 2 2 2 2 2 2 2 2 2 2 2 2 2 2 2 2 2 2 2 2
left_child=3 8 4 -1 5 6 13 11 -2 -7 -4 -5 -6 14 15 16 20 -18 -19 -20 -3 23 -23 -21 25 -12 -9 -24 -8 -30
right_child=1 2 10 7 12 9 28 26 -10 -11 24 -13 -14 -15 -16 -17 17 18 19 21 -22 22 27 -25 -26 -27 -28 -29 29 -31
leaf_value=0.0030969677126530342 0.011363964462552091 0.0084014954482895393 0.035316076220296991 -0.0057817635387417826 -0.005620476330210766 0.0047395841604802305 -0.0094961632257258271 -0.0088041353717563144 0.004734864456342064 0.00058567237147473029 0.0032883356041444691 3.8595398234387712e-05 -0.0013739210133633204 -0.0056603398458696082 0.0032956395518841442 -0.0071498676304279267 0.013286025205860169 -0.0072931719641176496 0.010154829247827284 0.0035638247348662826 -0.0050810136450285892 0.0081915140811892381 -0.0095671360666591976 -0.012226370640073239 0.0066793828900626271 -0.00027938882948405473 -0.0045552737521150745 -0.00018728335238244999 0.010407475589931499 -0.0041568569416139817
leaf_weight=3527.3081665686332 1809.8771273880266 376.46036373823881 60.159565715119243 2967.5422652596608 8066.0465208352543 5839.3234334248118 1359.4188134595752 4306.3355725831352 8789.2310301205143 10554.498379003722 10078.702986708842 3957.2001205403358 4052.1925233989023 1539.2829244933091 3959.390932795126 1391.5618156152777 957.25824390724301 1801.8877935446799 1078.3703841175884 221.51550945173949 3216.6210728073493 849.98665736988187 509.11378910206258 634.73999401321635 2149.2707739537582 5416.0574021507055 4310.3880244758911 3165.7345761815086 170.89421129832044 2162.94281335501
leaf_count=51750 34937 8907 1013 44134 125416 106571 19003 58775 169187 184959 192260 57648 64946 29059 76845 26068 20053 25879 20476 3734 40681 15736 9021 10513 41941 101743 69628 58687 3183 38109
internal_value=-4.27367e-05 0.000740384 -4.01739e-05 -0.00333684 -0.00098071 -8.85616e-08 -0.00144735 -0.00479707 0.00586683 0.00206526 0.0027174 -0.00245567 -0.00420048 -0.000697355 -0.000276742 -0.0012726 -0.000634235 0.000548375 -0.000927561 0.000848147 -0.0036684 -0.00101691 0.000331289 -0.00814141 0.00260625 0.00204127 -0.00667871 -0.00148677 -0.00544824 -0.00309039
internal_weight=99279.3 80210.5 69611.4 19068.8 51907.2 39789 23395.2 15541.5 10599.1 16393.8 17704.2 6924.74 12118.2 19701.9 18162.6 14203.3 12811.7 9218.61 8261.35 6459.46 3593.08 5381.09 4524.84 856.256 17644 15494.8 8616.72 3674.85 3693.26 2333.84
internal_count=1710862 1428927 1224803 281935 887846 697484 405954 230185 204124 291530 336957 101782 190362 345659 316600 239755 213687 164099 144046 118167 49588 97691 83444 14247 335944 294003 128403 67708 60295 41292
is_linear=0
shrinkage=0.05


Tree=63
num_leaves=31
num_cat=0
split_feature=16 17 3 17 1 17 16 16 1 1 1 3 3 16 1 6 9 17 16 8 0 8 1 0 1 1 8 9 17 17
split_gain=187.235 76.7238 53.6113 47.4661 38.4279 34.2099 38.7913 32.4171 32.1473 31.515 30.3652 45.4655 28.0458 27.3519 22.2345 21.8694 22.1034 19.405 27.1424 17.6179 17.1571 16.5957 17.0979 15.4844 15.4608 15.1296 14.7869 14.15 13.7441 13.5762
threshold=0.82309145174897347 0.78953251609163166 1.0000000180025095e-35 0.78953251609163166 541.50000000000011 0.66650849354048136 0.78244425446788779 0.87493823853813502 3029.5000000000005 267.50000000000006 1806.5000000000002 1.0000000180025095e-35 1.0000000180025095e-35 0.63151168872206365 5441.5000000000009 -0.12940952255126037 4.9089648320872419 0.80701439750121928 0.78144674642588374 0.89587973461402759 45.500000000000007 1.4978661367769956 555.50000000000011 99.500000000000014 591.50000000000011 345.50000000000006 1.2424533248940002 6.3207666768368602 0.66514930599664202 0.66790175964937204
decision_type=2 2 2 2 2 2 2 2 2 2 2 2 2 2 2 2 2 2 2 2 2 2 2 2 2 2 2 2 2 2
left_child=1 2 9 10 -3 6 15 -5 24 -1 11 28 -6 -11 17 25 -17 18 -14 -15 -13 22 -22 29 -8 -4 -26 -7 -2 -12
right_child=3 4 5 7 12 27 8 -9 -10 13 23 20 14 19 -16 16 -18 -19 -20 -21 21 -23 -24 -25 26 -27 -28 -29 -30 -31
leaf_value=0.00015560064539155689 1.7093079861515808e-05 0.0049127710703696023 0.0080651528705091152 0.0052655361911572631 -0.005003885968770585 -0.0042668479503367752 0.0079824377630540386 0.012558341010432642 -0.0042646526322150042 -0.022026601859485788 0.00094447436771302653 0.0094648461899576267 -0.0016418446876788726 -0.008586415776451339 -0.0048842280257669624 -0.00032457915997093718 0.022669957893432655 0.0044199558666250692 0.0024600660961904969 -0.0039035372435873533 0.0096322523034967373 0.0069494235054420378 -0.0012954500558259078 -0.01394164751711968 -0.0003580552723122915 -0.0037767815703826525 0.004076013061063824 0.028141471156214098 -0.008798779098569123 -0.0066949640459288869
leaf_weight=1940.9712484106421 1164.2915769219398 4894.1063238056377 276.62745354324579 7996.1105461441912 2462.5882961298339 9374.2267082594335 1304.1959049068391 1882.5391218415461 1866.0407925844193 289.16368294507265 2056.5642527155578 1926.403259281069 8261.9343901481479 4253.9719916591421 1684.1880285623483 7543.9815029231831 105.97609513252974 3600.3901379085146 7878.72202369757 3804.9706109920517 444.74263701215386 2165.8705447688699 1834.2593830730766 260.77494812384248 3405.5180786624551 10811.339967302978 4198.0367498099804 33.802373919636011 712.75287263467908 810.86119173839688
leaf_count=11515 8062 154016 1521 296672 68652 78105 8756 93134 11218 1699 16373 19859 161737 25159 47776 40829 595 281472 189758 22458 4230 24147 16795 2247 20651 58400 28434 299 7104 9189
internal_value=-4.03631e-05 -0.00117412 -0.00237348 0.00411967 0.000876456 -0.00152493 -0.000687952 0.0066553 0.0017027 -0.00558325 0.00191789 0.0035087 4.95005e-05 -0.00691756 0.00063033 -0.00206251 -6.03213e-06 0.0011008 0.000360417 -0.00637543 0.00552359 0.00381546 0.000837069 -0.00227669 0.00295277 -0.00348134 0.00209006 -0.00415041 -0.00333048 -0.00121583
internal_weight=99245.9 77990.8 49208.8 21255.2 28781.9 38919.7 29511.7 9878.65 10773.8 10289.1 11376.5 8248.32 23887.8 8348.11 21425.2 18737.9 7649.96 19741 16140.7 8058.94 6371.28 4444.87 2279 3128.2 8907.75 11088 7603.55 9408.03 1877.04 2867.43
internal_count=1710862 1213050 309639 497812 903411 248808 170404 389806 69059 60831 108006 80197 749395 49316 680743 101345 41424 632967 351495 47617 65031 45172 21025 27809 57841 59921 49085 78404 15166 25562
is_linear=0
shrinkage=0.05


Tree=64
num_leaves=31
num_cat=0
split_feature=8 7 7 7 7 7 7 7 7 7 7 7 0 8 6 1 0 1 1 7 4 0 1 8 6 0 6 9 6 7
split_gain=89.0272 71.8682 68.0433 55.2465 360.399 122.954 202.15 90.1495 91.1709 46.1601 45.3539 41.8451 37.749 35.9183 24.512 20.9766 19.538 17.0155 16.9341 15.5042 13.7368 13.6643 13.1134 12.0169 11.4422 10.4493 10.4449 9.90415 9.8198 9.73575
threshold=0.89587973461402759 1.0000000180025095e-35 2.9174053685313028 1.0397207708399181 2.1383330595080281 2.524928003624769 2.9174053685313028 3.1132683346437333 3.3497501700808394 3.0201273556387074 2.3502401828962087 3.4811217321331038 45.500000000000007 7.2141363611348934 0.1294095225512602 4133.5000000000009 40.500000000000007 1823.5000000000002 336.50000000000006 3.5972184255501678 2.5000000000000004 100.50000000000001 4028.5000000000005 9.2213649572534653 1.0000000180025095e-35 94.500000000000014 1.0000000180025095e-35 5.4315338162543414 -0.37940952255126015 3.4175922930736511
decision_type=2 2 2 2 2 2 2 2 2 2 2 2 2 2 2 2 2 2 2 2 2 2 2 2 2 2 2 2 2 2
left_child=1 21 -2 16 20 10 -7 9 -9 -8 -6 29 28 14 15 18 -3 -12 -14 -13 -5 -1 26 -15 -21 -20 -18 -25 -4 -10
right_child=2 3 12 4 5 6 7 8 11 -11 17 19 13 23 -16 -17 22 -19 25 24 -22 -23 -24 27 -26 -27 -28 -29 -30 -31
leaf_value=0.011235469975316263 0.015397459335367914 -0.00068180969754423908 0.0019974595351921589 0.01744205640097151 0.0016945999299093767 0.0099405656288569649 0.0004252469580273359 0.0081662717631701184 -0.0048841909695379708 -0.014998776298965712 -0.0081135884120862901 0.0039171878160653446 0.0049584947309491995 0.008199197527192113 0.001794909646119237 -0.0053018100146125791 -0.0060788232368799676 -0.013632220198662781 -0.00040302469278949698 -0.0048457665833312605 0.011229533394643226 -0.012025526112065128 -0.010837700587271392 -0.024433350170841493 -9.7129670209029616e-05 -0.0039548039732978492 -0.00288402791529291 0.022922588288099399 0.0046165633576152904 -0.014537901979031102
leaf_weight=1197.5521015767008 840.97155740484595 2661.0382765466347 7344.2948093935847 1447.9244557009079 987.16859953198582 3559.4006704203784 626.58225199067965 2016.9842913448811 359.44155059428886 2147.9327287580818 4577.2427099868655 916.0566294924356 1370.2217735326849 1648.9329248261638 12557.123849614058 2443.6736188563518 7016.8288499321789 2010.1662727734074 20242.56407631468 3472.6595543497242 2308.3457611049525 66.648651559837162 1020.6059334473684 49.666135270614177 1998.6878429199569 2306.7674727546982 4026.3757351832464 14.197062448598443 6980.1494120550342 955.2469092104584
leaf_count=27948 16243 34041 140744 30633 15137 64258 9801 34715 6000 34225 64544 15925 24198 31795 235749 40722 85224 26836 375194 58492 45051 1364 12052 858 34390 40804 50354 297 137550 15718
internal_value=-3.81266e-05 -0.00173731 0.00128267 -0.00208997 -0.000761915 -0.00304901 -0.000571391 -0.00356623 -0.00129694 -0.0115155 -0.00829987 -0.00377512 0.00106668 0.000288632 -2.32223e-05 -0.000889221 -0.00455975 -0.00979761 -0.000438421 -0.00210312 0.0136243 0.0100092 -0.00541514 0.00737499 -0.00311109 -0.000766367 -0.00491399 -0.0139059 0.00327372 -0.0118985
internal_weight=99171.5 43372.9 55798.6 42108.7 27383.8 23627.6 16053 12493.6 9719.08 2774.51 7574.58 7702.09 54957.6 40633.1 38920.4 26363.2 14724.8 6587.41 23919.6 6387.4 3756.27 1264.2 12063.8 1712.8 5471.35 22549.3 11043.2 63.8632 14324.4 1314.69
internal_count=1710862 666708 1044154 637396 455725 380041 273524 209266 165240 44026 106517 130525 1027911 749617 716667 480918 181671 91380 440196 108807 75684 29312 147630 32950 92882 415998 135578 1155 278294 21718
is_linear=0
shrinkage=0.05


Tree=65
num_leaves=31
num_cat=0
split_feature=16 16 8 10 16 1 0 10 4 16 1 3 4 8 1 3 8 1 10 10 9 10 9 1 4 11 10 4 3 16
split_gain=169.793 63.526 43.922 42.8221 40.6793 33.4376 32.486 27.9638 27.391 24.1547 22.2197 35.3402 24.3039 21.8332 20.3641 36.1949 19.9725 19.1247 18.9121 18.8098 18.3063 15.8827 15.6177 15.66 14.3804 14.2103 18.819 16.8268 13.7181 13.8963
threshold=0.791321608723632 0.85517967223594293 1.2424533248940002 6.9040610827500055 0.7198530316192141 4915.5000000000009 60.500000000000007 7.3517661809714019 2.5000000000000004 0.92778075015659234 318.50000000000006 1.0000000180025095e-35 2.5000000000000004 6.1473987767932732 782.50000000000011 1.0000000180025095e-35 6.4746617065281837 1950.5000000000002 3.2845912666110331 7.6928306031301608 4.3107766033702406 7.9171557713989289 2.1383330595080281 192.50000000000003 1.5000000000000002 1.0000000180025095e-35 7.3063839467918372 1.5000000000000002 1.0000000180025095e-35 0.76327283512609834
decision_type=2 2 2 2 2 2 2 2 2 2 2 2 2 2 2 2 2 2 2 2 2 2 2 2 2 2 2 2 2 2
left_child=4 2 5 18 22 7 10 14 9 24 -6 21 -13 19 15 -2 -14 -10 -4 -5 25 -12 23 -1 -3 26 27 28 -8 -30
right_child=1 8 3 13 6 -7 20 -9 17 -11 11 12 16 -15 -16 -17 -18 -19 -20 -21 -22 -23 -24 -25 -26 -27 -28 -29 29 -31
leaf_value=0.0067937134555059349 -0.0014556720699125452 -0.00356237334934523 0.012110275614813627 0.0023419417270985742 0.0055236067690599324 -0.0090225035166556413 -0.0059633606586053352 -0.0059262261586079286 0.010997721350654063 0.01365227414940734 -0.0034138861149233023 0.0030588470639408981 -0.0011767171776892477 0.0058975355860107076 -0.000509110752092493 0.0070754687632848638 0.0078121014979399871 0.0033690348765109436 0.0048976206513128163 -0.0023231281998074707 0.0078502003941286827 -0.012450290972250908 0.00060809217372246639 -0.0055081553775765809 0.0038426006901911476 -0.0059951914326309185 -0.0044391465247293422 -0.0014991506426655099 -0.0011548105862482861 0.015902325683607211
leaf_weight=265.81044140458107 2166.5025831218809 961.08207216439769 1037.924727877602 4195.7509372690693 1738.3771004662849 1051.5758442543447 168.98046841612086 1675.0002321787179 3256.6196873132139 471.87645274680108 3100.2205647793598 6322.1398159959354 12274.993884723168 1869.9923102250323 9119.2904720609076 2917.6337998337112 650.73009237786755 1098.7339328546077 7307.7976655517705 4455.0883296150714 405.76217061607167 576.72167829191312 1320.9590384326875 9665.0828080205247 2062.9828952057287 3075.0168024157174 6198.4742694576271 9070.7209240505472 177.07746623083949 366.62892968952656
leaf_count=2438 31040 20935 23381 77398 28812 15335 2986 24564 94734 12798 47823 122183 215057 35886 144583 49909 12903 28775 146197 78316 7705 8131 13413 92612 57616 40628 101542 160386 2045 9809
internal_value=2.22438e-05 0.00235432 0.00146098 0.00312008 -0.00181586 -0.000387897 -0.00113155 0.000183945 0.00642731 0.00313097 7.36235e-05 -0.000339646 0.000518386 0.000998477 0.000904513 0.00344009 -0.000724186 0.00907322 0.00579463 -6.05187e-05 -0.00265874 -0.00483123 -0.0044995 -0.00517888 0.00148922 -0.0028825 -0.0022836 -0.000917912 0.0064798 0.0103471
internal_weight=99025.5 43647.9 35796.6 18866.6 55377.7 16930 44125.8 15878.4 7851.3 3495.94 24663.2 22924.8 19247.9 10520.8 14203.4 5084.14 12925.7 4355.35 8345.72 8650.84 19462.7 3676.94 11251.9 9930.89 3024.06 19056.9 15981.9 9783.41 712.687 543.706
internal_count=1709940 841467 626609 361178 868473 265431 760010 250096 214858 91349 434909 406097 350143 191600 225532 80949 227960 123509 169578 155714 325101 55954 108463 95050 78551 317396 276768 175226 14840 11854
is_linear=0
shrinkage=0.05


Tree=66
num_leaves=31
num_cat=3
split_feature=17 3 2 2 10 8 3 2 6 7 10 7 10 7 10 10 8 9 3 7 7 7 7 10 7 7 7 17 8 8
split_gain=123.841 78.283 51.3467 42.7452 42.1297 34.4357 33.4369 25.758 23.8751 23.7161 37.3965 25.887 30.9903 26.6545 23.0088 21.5867 19.1848 18.4995 17.735 17.2022 16.682 22.7047 16.3426 29.1664 43.391 30.8725 23.7765 19.1351 15.7944 15.697
threshold=0.78953251609163166 1.0000000180025095e-35 0 1 7.1987309599570812 3.5694334999727624 1.0000000180025095e-35 2 0.1294095225512602 1.0397207708399181 2.896458352116396 2.1383330595080281 0.3497316826816268 2.524928003624769 7.9281248631471941 7.6928306031301608 1.7005986908310777 2.524928003624769 1.0000000180025095e-35 2.524928003624769 2.3502401828962087 2.524928003624769 1.0397207708399181 0.038873597625763805 1.8688348091416842 2.524928003624769 2.8029010331479989 0.66573474303533098 6.9426395642594496 1.0000000180025095e-35
decision_type=2 2 1 1 2 2 2 1 2 2 2 2 2 2 2 2 2 2 2 2 2 2 2 2 2 2 2 2 2 2
left_child=1 9 4 18 -3 8 -5 29 22 -1 11 12 -11 -13 16 19 -12 -17 20 -7 -2 -22 -4 24 -24 -26 -27 -25 -16 -8
right_child=3 2 5 6 -6 15 7 -9 -10 10 14 13 -14 -15 28 17 -18 -19 -20 -21 21 -23 23 27 25 26 -28 -29 -30 -31
leaf_value=-0.0087705756357274213 0.0086406676007630429 0.004046085556407405 -0.0067669845238620026 -0.0036715459497369159 -0.0016789778877621402 0.048759661362954676 0.0012446582780151942 0.00062653249971128143 -0.00033292047890693674 0.041610942242257372 -0.005970647131630335 -0.0073578013402166402 -0.0086740958719401951 0.0096823173612896416 -0.011499301645083032 -0.0036273903341500001 -0.00046486822784078347 0.002630963283519562 0.008411750177987341 0.0032861844538308337 -0.0099687903324680964 0.0031674124389779387 0.033814451068477989 -0.0022835454494391557 -0.008706333379370863 0.033672485565704888 0.0047950831707782027 -0.0067671609839983354 0.0050818376421264116 0.004965952094957763
leaf_weight=3064.8602619525045 1104.7985656200908 9208.8970887251198 3326.814236458391 2907.4066547113471 4935.7289507156238 20.89303070306778 4359.0915612098761 15963.235405077692 8203.2442784421146 93.873144838958979 3476.7375970827416 413.98540226835757 45.486668523401022 514.95214349776506 1564.5048443768173 3118.8846833780408 2903.5243307128549 1900.2398949088529 3299.6148057384416 4539.4126675659791 380.4590860446915 2429.129043744877 118.87236097827554 8689.1970092952251 392.66356413438916 88.664414796978235 363.55750234797597 3277.1374728567898 158.13664272427559 8098.5995683576912
leaf_count=18476 30382 69595 20119 86328 35546 144 138806 511106 56204 925 21522 2496 336 3675 9669 21527 18606 13454 127591 33296 9286 79421 1422 53246 2452 895 2958 29797 996 309664
internal_value=2.13917e-05 -0.00139129 -0.000484343 0.00223596 0.00204689 -0.00153631 0.00143517 0.00195808 -0.00253199 -0.00496273 -0.00369022 0.00510298 0.025198 0.00208831 -0.00484952 0.00100446 -0.00346508 -0.00125798 0.00570364 0.00349452 0.00343541 0.00138858 -0.00364164 -0.00283751 0.00553021 0.00155072 0.0104569 -0.00351144 -0.00997717 0.00366089
internal_weight=98962.6 60420.3 48184.2 38542.3 14144.6 34039.6 31328.3 28420.9 24460.2 12236.1 9171.2 1068.3 139.36 928.938 8102.9 9579.43 6380.26 5019.12 7214 4560.31 3914.39 2809.59 16256.9 12930.1 963.758 844.885 452.222 11966.3 1722.64 12457.7
internal_count=1709940 417356 340655 1292584 105141 235514 1045904 959576 167093 76701 58225 7432 1261 6171 50793 68421 40128 34981 246680 33440 119089 88707 110889 90770 7727 6305 3853 83043 10665 448470
cat_boundaries=0 1 2 3
cat_threshold=12 4 24
is_linear=0
shrinkage=0.05


Tree=67
num_leaves=31
num_cat=0
split_feature=16 17 16 8 16 1 1 3 8 7 8 0 9 1 3 7 7 7 7 7 7 7 3 7 7 7 1 7 0 0
split_gain=150.582 62.9778 57.4962 38.3847 31.0616 29.7215 24.6574 34.0522 22.3597 21.459 21.352 20.043 20.9045 19.4848 22.4082 21.3701 19.7168 87.9861 21.896 68.4167 20.773 36.2201 18.4175 17.2108 15.4898 14.3638 14.1198 14.106 13.8032 13.6329
threshold=0.791321608723632 0.80517152789659885 0.85517967223594293 1.2424533248940002 0.70406634886711628 4915.5000000000009 389.50000000000006 1.0000000180025095e-35 0.89587973461402759 4.2555875595453383 2.8617925509761908 47.500000000000007 4.7578820629520608 506.50000000000006 1.0000000180025095e-35 1.0000000180025095e-35 1.0397207708399181 2.1383330595080281 2.524928003624769 2.9174053685313028 3.1132683346437333 3.3497501700808394 1.0000000180025095e-35 2.3502401828962087 1.0000000180025095e-35 1.0397207708399181 3029.5000000000005 1.8688348091416842 83.500000000000014 81.500000000000014
decision_type=2 2 2 2 2 2 2 2 2 2 2 2 2 2 2 2 2 2 2 2 2 2 2 2 2 2 2 2 2 2
left_child=1 4 3 5 25 13 -6 -8 24 29 -11 -9 -13 22 -15 -16 -17 -18 23 -20 -21 -22 -2 -19 -4 -1 -10 -27 -25 -5
right_child=2 -3 8 9 6 -7 7 11 26 10 -12 12 -14 14 15 16 17 18 19 20 21 -23 -24 28 -26 27 -28 -29 -30 -31
leaf_value=-0.01041531403921917 0.00047170966898330951 0.0036234654239254566 0.022824041326696347 0.0075114636305683661 0.001782048655857203 -0.0084830885525690024 -0.0056487960770838161 0.00039027862152659384 0.0096065367490888193 -0.0011961111115344585 0.0031600197589320951 -0.0025043435353571293 0.0097309550669673599 -0.0067579446358451319 0.011380451682880849 -0.0035637452019702943 0.014853345298208582 0.0061689484090409266 0.012147731251889582 -0.010022366202712647 0.0098126631946047899 -0.0033803560649864743 0.008336631796197369 -0.0055787861499412682 0.0027046091943092728 0.0086506090817934332 0.00010512915327658029 -0.0047641968297229866 -0.018133714680470526 -0.0005773924124736836
leaf_weight=1147.9181597251445 1774.8860473851673 5032.0173918446526 98.316962660290301 3280.6786852921359 4463.9658219618723 1055.0913061518222 5873.3983561117202 9716.4236449515447 3727.4141981187277 3761.6857895147987 11154.727272871416 22739.786838732194 354.54371476685628 1352.9987655868754 401.29630885599181 3355.9196343002841 1001.2508387607522 261.44934355933219 1031.195402696263 718.56627742759883 659.56569628603756 2462.7381454766728 1282.0100567904301 1302.1592470183969 3547.159557855688 202.7840966489166 436.84118387522176 5825.7282703947276 263.16852839756757 619.22044272348285
leaf_count=9488 25313 384788 3370 63350 42813 15335 54960 97841 119818 70846 215724 224551 3861 19127 9276 40567 21508 3988 19363 11972 11762 43740 21967 18025 79500 1700 12170 48471 3488 11258
internal_value=2.05503e-05 -0.00170986 0.00222017 0.00137088 -0.00224315 -0.000357017 -0.00173655 -0.00214258 0.00610663 0.00292485 0.00206147 -0.00151493 -0.00231651 0.000183327 -0.000672582 4.6041e-05 -0.00036536 0.00102859 -0.00103775 0.000712658 -0.00235743 -0.000593419 0.00377012 -0.00570613 0.00324722 -0.00528907 0.00860981 -0.00431296 -0.00768957 0.00622713
internal_weight=98904.9 55356.6 43548.3 35738.6 50324.5 16922.3 43148.1 38684.2 7809.73 18816.3 14916.4 32810.8 23094.3 15867.2 12810.3 11457.3 11056 7700.09 6698.84 4872.07 3840.87 3122.3 3056.9 1826.78 3645.48 7176.43 4164.26 6028.51 1565.33 3899.9
internal_count=1709940 868473 841467 626609 483685 265431 424026 381213 214858 361178 286570 326253 228412 250096 202816 183689 174413 133846 112338 86837 67474 55502 47280 25501 82870 59659 131988 50171 21513 74608
is_linear=0
shrinkage=0.05


Tree=68
num_leaves=31
num_cat=0
split_feature=16 17 16 0 8 10 11 10 12 8 17 8 8 10 1 17 8 10 1 8 10 16 1 6 10 11 10 10 1 3
split_gain=136.069 56.8646 52.2623 35.5028 28.137 30.8279 28.3783 29.5711 25.7462 24.8079 23.597 21.8559 20.6209 30.5601 20.1413 19.7808 19.3552 19.0733 18.796 18.3789 25.8286 15.828 15.3583 15.0408 14.9165 16.0946 17.4197 14.6683 13.7306 20.5285
threshold=0.791321608723632 0.80517152789659885 0.85517967223594293 57.500000000000007 6.869533931231917 7.1987309599570812 1.0000000180025095e-35 0.14313038490420291 1.0000000180025095e-35 3.3140206880897671 0.78999681022789259 1.7005986908310777 1.0000000180025095e-35 7.7609012504257082 5080.5000000000009 0.66650849354048136 1.4978661367769956 2.2811355508763032 397.50000000000006 1.2424533248940002 7.9171557713989289 0.69285618832547369 806.50000000000011 -0.12940952255126037 1.9786323112709436 1.0000000180025095e-35 1.0000000180025095e-35 3.0953963599229204 1446.5000000000002 1.0000000180025095e-35
decision_type=2 2 2 2 2 2 2 2 2 2 2 2 2 2 2 2 2 2 2 2 2 2 2 2 2 2 2 2 2 2
left_child=1 4 3 19 5 6 7 -1 9 21 14 23 24 17 15 -5 -7 -14 -13 22 27 -8 -2 -9 25 -4 -27 -21 29 -19
right_child=2 -3 12 10 -6 16 8 11 -10 -11 -12 18 13 -15 -16 -17 -18 28 -20 20 -22 -23 -24 -25 -26 26 -28 -29 -30 -31
leaf_value=0.0043816356481969432 0.0039014325383804394 0.0034489703974980076 0.012947407637123366 0.00018460555345965339 0.0040477636095387149 -0.0068867673101880526 -0.012011619991467992 -0.0041377793029196263 0.0063172815440607089 0.049849809306268367 0.0018551207749504632 0.0077378812282438564 0.023939458904746694 0.0013305850102883349 -0.010604257786787311 -0.0048248994323317907 -0.0030662271146976224 0.0017139270285113845 -0.00010951271830814211 0.013988159405149823 -0.00062649691557447262 -0.0042841359485342925 -0.00041847329302154056 -0.00043991708180726144 -0.00011625428133082126 0.022104782081953038 -0.00047479674301144717 0.005081672814082101 0.0049988868432574345 0.014626310681531926
leaf_weight=2682.1929751816206 3251.1159693710506 5022.5232152217068 595.44514701096341 6515.8769416883588 1777.8285350720398 4422.1514572068118 745.05092598125339 6890.2021376071498 545.89925447897986 20.573600724339485 7134.0800808658823 837.26923099020496 246.71184222586453 1232.9866664009169 624.62627471610904 2824.9189874585718 13241.16457370529 385.35790190286934 8608.1460931631736 494.14882035879418 2080.032323686406 5992.1299658045173 5603.9557689898647 4576.2067326479591 1867.7654337673448 96.733325048349798 730.23247850965708 7168.7573247761466 1090.3585135010071 1529.6236743587069
leaf_count=29041 52774 384788 16569 44335 18510 38869 6142 65334 6244 176 216011 8642 8796 35877 4407 28439 127017 11108 89894 11612 36959 50657 89368 43159 40931 3372 11531 142704 33332 53342
internal_value=1.98156e-05 -0.00162419 0.00211341 0.00130432 -0.00213036 -0.00235654 -0.00140402 -0.000560943 -0.00412755 -0.00497129 -0.000340139 -0.00119489 0.00582806 0.0080335 -0.00191169 -0.00133041 -0.00402273 0.0105748 0.000586103 0.00281628 0.00431475 -0.0051387 0.00116757 -0.00266197 0.0028217 0.00667952 0.00216642 0.00565601 0.00947773 0.0120279
internal_weight=98834.1 55361.3 43472.7 35697.5 50338.8 48561 30897.7 23594 7303.65 6757.75 17099.5 20911.8 7775.21 4485.04 9965.42 9340.8 17663.3 3252.05 9445.42 18598 9742.94 6737.18 8855.07 11466.4 3290.18 1422.41 826.966 7662.91 3005.34 1914.98
internal_count=1709940 868473 841467 626609 483685 465175 299289 236070 63219 56975 293192 207029 214858 142455 77181 72774 165886 106578 98536 333417 191275 56799 142142 108493 72403 31472 14903 154316 97782 64450
is_linear=0
shrinkage=0.05


Tree=69
num_leaves=31
num_cat=0
split_feature=16 1 3 16 6 16 1 1 16 1 3 4 1 7 7 7 7 7 7 4 9 7 7 7 4 0 1 1 7 7
split_gain=122.935 47.7218 57.2803 45.9776 33.0853 25.7019 25.5352 21.938 22.6803 18.6585 25.1001 23.6762 18.1101 16.5052 34.5338 17.5356 21.5562 30.1906 16.5036 15.2183 15.1055 14.0725 25.955 14.0431 13.4348 12.5423 11.6677 11.5791 11.4329 20.6863
threshold=0.791321608723632 2166.5000000000005 1.0000000180025095e-35 0.8534154820491322 -0.12940952255126037 0.7198530316192141 806.50000000000011 192.50000000000003 0.89087966142384911 397.50000000000006 1.0000000180025095e-35 2.5000000000000004 6958.5000000000009 1.0397207708399181 1.8688348091416842 2.524928003624769 2.9174053685313028 3.1132683346437333 2.524928003624769 2.5000000000000004 4.8322978221268906 2.1383330595080281 1.0397207708399181 3.3497501700808394 4.5000000000000009 65.500000000000014 670.50000000000011 591.50000000000011 1.0397207708399181 2.1383330595080281
decision_type=2 2 2 2 2 2 2 2 2 2 2 2 2 2 2 2 2 2 2 2 2 2 2 2 2 2 2 2 2 2
left_child=4 2 7 6 5 -1 -4 -2 19 -7 -11 -12 -3 -8 -15 -16 -17 -18 21 -9 25 22 26 -19 -20 -6 -5 -21 -27 -30
right_child=1 12 3 18 20 9 13 8 -10 10 11 -13 -14 14 15 16 17 23 24 27 -22 -23 -24 -25 -26 28 -28 -29 29 -31
leaf_value=-0.0052750133934308515 0.007861811743106557 -0.00016272233123214666 0.0054772778319499274 0.010906494448475863 0.00071216934082460944 0.0020012625687770244 -0.0023720428528139804 -0.0060026974535863425 0.0079546369883278928 -0.0062837908251556001 0.0010082599061818705 -0.0027393374346138025 -0.006601681329632245 0.015602555940118468 -0.0041625634440514113 0.011488339710270898 -0.010249513702593095 0.010479266398328968 0.0089631115938750509 0.0020734855141108818 0.011432082658576457 -0.0049775907712802771 0.021060581708685321 0.0021177940860603274 0.01886448308099865 -0.0061177668905266379 -0.0014409603224209075 -0.0041275389385926117 0.012524988376368038 -0.0015242606925274414
leaf_weight=6827.6031517032534 604.88007461978123 9280.8201859742403 6803.6907006436959 281.00058301026002 13898.329468492419 2831.9786340501159 2070.9629470664077 2445.9244104353711 510.24275342933834 3377.324836186599 5993.9390044026077 14196.304932235274 1237.6415540142916 479.85152442008257 1076.9883188968524 631.99264569813386 481.4029893912375 531.79775363812223 3344.204917838797 1679.4607673920691 283.01081030070782 353.10328330751508 239.59591427026317 9008.4583804216236 381.69608139339834 1274.2408930882812 599.51117508811876 1364.4054951653816 273.18533849157393 6404.1437146677636
leaf_count=65687 10233 167197 127880 5346 226287 45529 27534 38199 13303 50854 111293 240753 20968 10885 15381 12184 8249 9949 108327 28540 4957 7935 7897 174791 12755 16233 10531 23383 4914 101966
internal_value=1.90666e-05 0.00201119 0.00294874 0.00399474 -0.00154295 -0.00254056 0.00295632 -0.00121382 -0.00212876 -0.00183336 -0.00229415 -0.00162678 -0.000920354 0.00175534 0.00245536 0.00191757 0.00253221 0.00196742 0.00820607 -0.00306595 -4.52757e-05 0.00372607 0.00646981 0.00258388 0.00997745 -0.000193936 0.00249952 -0.000706108 -0.00177769 -0.000949473
internal_weight=98767.7 43407.6 32889.2 26284.3 55360.1 33227.2 21085.1 6604.91 6000.03 26399.5 23567.6 20190.2 10518.5 14281.5 12210.5 11730.6 10653.7 10021.7 5199.11 5489.79 22132.9 1473.21 1120.11 9540.26 3725.9 21849.9 880.512 3043.87 7951.57 6677.33
internal_count=1709940 841467 653302 539644 868473 514116 386853 113658 103425 448429 402900 352046 188165 258973 231439 220554 205173 192989 152791 90122 354357 31709 23774 184740 121082 349400 15877 51923 123113 106880
is_linear=0
shrinkage=0.05


Tree=70
num_leaves=31
num_cat=0
split_feature=16 4 8 10 7 7 10 7 10 7 7 7 16 7 10 7 10 10 8 10 8 7 7 8 7 7 7 8 4 7
split_gain=109.374 47.4944 45.8879 72.8458 58.2716 159.702 148.741 127.25 86.8899 110.554 50.7701 41.2377 35.1768 33.4213 30.0213 29.6561 29.3959 27.4162 26.4938 26.8453 25.17 26.3213 24.5816 23.741 35.1147 33.1193 23.6478 23.584 23.3118 23.2248
threshold=0.83389629751712524 1.5000000000000002 5.1957269410780187 6.5231672313721933 1.0397207708399181 2.1383330595080281 0.58835231277292122 2.524928003624769 0.038873597625763805 2.8029010331479989 3.1132683346437333 1.0000000180025095e-35 0.90246548730006326 3.2769667020129059 6.8292887335230441 2.3502401828962087 1.0261490310845864 7.3517661809714019 1.0000000180025095e-35 3.3671058435048637 1.0000000180025095e-35 3.4175922930736511 3.4811217321331038 2.6735537653587351 2.9174053685313028 3.1132683346437333 1.5890269151739729 7.0250936725460793 1.5000000000000002 3.0201273556387074
decision_type=2 2 2 2 2 2 2 2 2 2 2 2 2 2 2 2 2 2 2 2 2 2 2 2 2 2 2 2 2 2
left_child=2 12 3 4 11 6 -6 15 9 -9 -11 -1 -2 -12 -4 -7 -13 18 -3 -20 -5 -22 -15 24 -10 29 -8 -16 -27 -26
right_child=1 17 14 20 5 7 26 8 23 10 13 16 -14 22 27 -17 -18 -19 19 -21 21 -23 -24 -25 25 28 -28 -29 -30 -31
leaf_value=0.0066998116266792571 -0.0073154933981835271 0.0038166250905549109 0.010251443801397853 -0.0053734926275749335 0.035613525348895787 0.0032824851527434476 0.0023325918110998121 0.036751307372563317 0.0061610975581001919 -0.0061318516665188486 0.030773154528211527 -0.0062058574330544373 0.0080856284418457224 -0.0064810777102650959 6.2341758425636413e-05 -0.0082729591116300176 -0.0007938194290450564 0.0012866424372696308 0.018148760536958065 0.0074991044974678902 0.0045523766737610716 -0.0024972842321323557 0.013168765686234124 0.0037526886639024631 0.0022011598491364979 0.006643937700599999 0.014729205005430341 0.0059798118637361267 -0.00076741156764610716 -0.011108085036888376
leaf_weight=1039.185774421785 1443.6450122199021 4938.3195252446458 1113.6264812187292 7679.8940222775564 595.55851942766458 635.72941262833774 1120.0640822509304 367.44172074459493 1995.6001259470358 540.54002329288051 205.93328057369217 5549.3557888781652 498.88217959553003 210.91723905783147 6712.335345950909 4385.5012295744382 4579.6020534848794 3611.0804854701273 691.35392078896984 4107.2760593770072 1404.9587365924381 22998.005321606062 648.58625105442479 5790.2231100290082 447.9921627282165 1184.4388059293851 585.95732459565625 2247.5836853096262 10181.938067769166 1221.5662640817463
leaf_count=22394 34496 102419 24506 100231 16097 9057 18745 8476 32647 9365 4472 66441 12646 4054 113157 58163 54352 91933 22488 120400 20648 365670 14380 112803 6822 21455 10440 40030 173747 18106
internal_value=5.70204e-05 0.00394458 -0.000655361 -0.00108983 0.000299002 0.00144286 0.0141004 0.000395555 0.00198275 0.01201 0.00634929 -0.00278574 -0.00336016 0.0126815 0.00250903 -0.00680994 -0.00375891 0.00500763 0.00638761 0.00903343 -0.00287707 -0.00209141 0.00834681 0.0010324 -1.54656e-05 -0.000961002 0.00659038 0.00154673 4.89167e-06 -0.00753682
internal_weight=98733.1 15290.6 83442.5 73369 41286.1 30118 2301.58 27816.4 22795.2 1973.42 1605.98 11168.1 1942.53 1065.44 10073.5 5021.23 10129 13348 9736.95 4798.63 32082.9 24403 859.503 20821.8 15031.5 13035.9 1706.02 8959.92 11366.4 1669.56
internal_count=1710640 384382 1326258 1148565 662016 518829 45282 473547 406327 40747 32271 143187 47142 22906 177693 67220 120793 337240 245307 142888 486549 386318 18434 365580 252777 220130 29185 153187 195202 24928
is_linear=0
shrinkage=0.05


Tree=71
num_leaves=31
num_cat=0
split_feature=17 17 7 10 7 7 7 1 8 7 7 7 10 3 1 10 7 7 7 7 7 10 10 10 7 7 0 10 0 9
split_gain=103.068 58.0659 47.8214 78.4777 82.5986 47.7072 55.2996 47.33 28.7569 32.9513 39.5717 33.6382 27.7272 27.492 26.463 23.6233 24.9641 75.1765 102.201 61.1953 51.8873 46.7541 45.7596 35.2723 29.0793 28.486 21.9904 20.782 19.1985 19.0562
threshold=0.78953251609163166 0.66650849354048136 1.0397207708399181 0.038873597625763805 1.8688348091416842 2.524928003624769 2.6735537653587351 430.50000000000006 2.8617925509761908 2.3502401828962087 2.524928003624769 4.5900436644025815 5.090154282221655 1.0000000180025095e-35 3936.5000000000005 1.0000000180025095e-35 2.524928003624769 2.3502401828962087 1.0397207708399181 2.9174053685313028 3.1132683346437333 0.3497316826816268 3.693163026780951 0.081509403981921358 1.8688348091416842 3.0201273556387074 67.500000000000014 7.23055176713821 99.500000000000014 4.297262267176281
decision_type=2 2 2 2 2 2 2 2 2 2 2 2 2 2 2 2 2 2 2 2 2 2 2 2 2 2 2 2 2 2
left_child=1 2 26 4 -4 -6 -7 -2 9 -5 -11 -12 -10 -9 15 -15 17 18 -17 21 25 -18 -22 24 -20 -21 -1 28 -3 -14
right_child=7 27 3 8 5 6 -8 13 12 10 11 -13 29 14 -16 16 19 -19 23 20 22 -23 -24 -25 -26 -27 -28 -29 -30 -31
leaf_value=-0.0019603947311528144 0.0070269278559680279 -0.0018940912156114643 0.036778957304484994 0.0050106399774641147 -0.0021008456447294734 0.040333133615462591 0.0084672504823005371 -0.002407379410882253 0.010805820662848048 -0.0084273923150010276 0.00021994760409991643 -0.0049561864804011455 0.00059370898005000911 0.014673265979250828 -0.0019059008772303614 -0.0017630623609927506 0.036944326137721251 -0.0091975241856811166 0.041179887416690313 0.0066848169085734141 0.011039363320495404 0.0098918267935115458 0.0023302932316032047 0.011052766722782138 0.0024268618434942781 -0.01373280751924412 -0.0075458580487748174 -0.0063091267996675032 -0.010312816685319758 0.0086531299901743148
leaf_weight=5194.7327550500631 4293.5012543960474 9365.8613900300115 250.32133716344833 1844.328382499516 897.16576873138547 164.48568072915077 790.26001575216651 4055.9339574123733 768.12291986122727 2118.0335819199681 11800.868959866464 4276.1487842723727 13064.910063963383 395.44989877846092 3826.7349732276052 2913.0268587460741 194.69871174637228 1747.5553983747959 201.38325197435915 223.94420694652945 1661.7658605584875 888.86914249230176 16328.604672417976 877.30723459925503 63.725491647608578 720.24024848034605 2666.872218247503 5561.5049857730046 729.9782906556502 777.0696195140481
leaf_count=28692 145295 86541 2752 11945 5121 1485 5877 120477 5495 11474 74141 26376 81898 17520 113621 75830 8979 43671 10823 7583 68229 31627 591836 33523 2395 21826 14538 49545 6476 5049
internal_value=5.46893e-05 -0.00123512 -0.000315719 0.000441402 0.00982161 0.0061778 0.0139572 0.00207949 -0.000127708 -0.00135763 -0.00200314 -0.0011568 0.00155927 0.00145655 0.00197819 0.00254513 0.00235939 -0.000528135 0.00320764 0.00319645 0.00253512 0.0147527 0.00313475 0.0158824 0.0318646 -0.0088901 -0.00385514 -0.00385482 -0.00250281 0.00104615
internal_weight=98663.4 60270.7 44613.3 36751.7 2102.23 1851.91 954.746 38392.7 34649.5 20039.4 18195.1 16077 14610.1 34099.2 30043.3 26216.6 25821.1 5803 4055.44 20018.1 18934.6 1083.57 17990.4 1142.42 265.109 944.184 7861.6 15657.3 10095.8 13842
internal_count=1710640 417405 274843 231613 15235 12483 7362 1293235 216378 123936 111991 100517 92442 1147940 1027463 913842 896322 166242 122571 730080 689474 40606 660065 46741 13218 29409 43230 142562 93017 86947
is_linear=0
shrinkage=0.05


Tree=72
num_leaves=31
num_cat=0
split_feature=16 17 9 17 0 7 7 1 7 7 7 7 7 16 17 17 17 16 7 8 7 7 7 7 7 7 7 7 7 6
split_gain=97.7223 54.3567 36.2083 35.2484 30.9686 28.4857 50.273 28.23 27.982 43.8181 22.7393 23.4121 23.0456 22.2227 18.856 18.0998 16.9026 16.8683 16.4992 18.9242 20.7339 89.372 48.0453 62.1697 33.8394 24.3809 16.3628 15.7277 15.4514 14.934
threshold=0.83389629751712524 0.7922256480588582 4.3372693810700085 0.78953251609163166 47.500000000000007 1.0397207708399181 2.1383330595080281 336.50000000000006 2.524928003624769 2.9174053685313028 3.1132683346437333 3.3497501700808394 3.4811217321331038 0.63151168872206365 0.66677105297994299 0.66538579075336501 0.64721689366924384 0.87493823853813502 1.0000000180025095e-35 0.89587973461402759 2.3502401828962087 1.0397207708399181 2.524928003624769 2.9174053685313028 3.1132683346437333 3.3497501700808394 3.4811217321331038 3.0201273556387074 3.4175922930736511 -0.12940952255126037
decision_type=2 2 2 2 2 2 2 2 2 2 2 2 2 2 2 2 2 2 2 2 2 2 2 2 2 2 2 2 2 2
left_child=1 2 4 15 13 -6 -7 -3 -8 -10 27 -12 -13 -1 -14 16 -2 -5 -9 20 21 -20 -22 -24 -25 -26 -27 -11 -21 -15
right_child=3 7 -4 17 5 6 8 18 9 10 11 12 14 29 -16 -17 -18 -19 19 28 22 -23 23 24 25 26 -28 -29 -30 -31
leaf_value=-0.012588697870886052 -0.0032826252451467058 0.0072623641566960679 0.0078830115631615769 0.0048918639615351004 -0.0054710435765143658 0.0074819508756737265 -0.0068816878228156065 0.011553542993881904 0.0064377585838406555 0.00084939984754326444 0.0045703904241697919 -0.010120159823678544 -0.0010013128196929022 -0.00085066365884136838 -0.0041813971953195382 -0.0016425483195289443 0.0044839985273534945 0.010496364886900776 -0.0027597264075346103 0.0081146578323892486 -0.0097560566409781793 0.014183583598352213 0.012162366652201563 -0.012299311835939429 0.0095218957588056631 -0.012477833987528501 -0.00068119228852066358 -0.011293440254975478 0.0013579978868309207 0.0022130913819194938
leaf_weight=338.08043249696493 831.76751399412751 1805.8246052642353 1008.785696064122 5227.7833937085234 6528.993077063933 1381.8889008262195 2967.2063385918736 351.12870124774054 1534.9796150643378 352.30022489465773 1323.9827674431726 897.73134608566761 15637.267078839242 10065.695097603835 6640.9835545294918 2931.1007278189063 4439.9468647837639 1806.5124568920583 2929.8807895928621 900.55876980721951 1794.5678199436516 1059.8312498829328 842.38730283686891 761.47332505928352 507.27282875962555 355.1932530021295 1704.9930795230903 1097.0394214633852 14003.639851751737 6576.0080960001796
leaf_count=2127 7177 60588 7819 209171 42564 11622 19298 15585 11736 2503 9816 6544 91678 74173 72422 36417 38879 92738 77146 32398 44975 41814 30011 21966 16781 10975 55115 7654 510759 48189
internal_value=5.24133e-05 -0.000620517 -0.00150454 0.00373426 -0.00167566 -0.00246255 -0.00184551 0.00122336 -0.00226879 -0.00177078 -0.00225634 -0.00189635 -0.00226578 0.000102168 -0.00194927 0.00150727 0.00325859 0.00633118 0.000790792 0.000638775 -0.00104914 0.00174111 -0.00291513 2.79417e-05 -0.00304268 -0.000297287 -0.00271503 -0.0083418 0.00176626 0.000359986
internal_weight=98604.8 83367.7 56350.9 15237.1 55342.2 38362.4 31833.4 27016.8 30451.5 27484.3 25949.3 24500 23176 16979.8 22278.3 8202.82 5271.71 7034.3 25210.9 24859.8 9955.6 3989.71 5965.89 4171.32 3328.93 2567.46 2060.19 1449.34 14904.2 16641.7
internal_count=1710640 1326258 408145 384382 400326 275837 233273 918113 221651 202353 190617 180460 170644 124489 164100 82473 46056 301909 857525 841940 298783 118960 179823 134848 104837 82871 66090 10157 543157 122362
is_linear=0
shrinkage=0.05


Tree=73
num_leaves=31
num_cat=0
split_feature=16 4 6 8 10 10 16 9 10 10 8 10 0 10 7 7 10 7 7 10 7 7 8 8 8 7 10 10 7 7
split_gain=88.412 43.2554 42.3521 32.7885 32.1105 32.0077 31.5239 25.3562 27.5838 24.4873 23.9896 24.2026 23.9194 22.8435 21.6341 76.1613 49.756 40.2451 39.6347 47.7829 57.0774 33.6681 21.543 21.2171 20.3685 19.7687 16.5932 17.9042 15.3882 27.9504
threshold=0.83389629751712524 1.5000000000000002 -0.12940952255126037 1.8688348091416842 6.2223166653399291 6.5450163141586417 0.90246548730006326 6.0822163040853816 6.8292887335230441 7.3517661809714019 1.0000000180025095e-35 3.3671058435048637 55.500000000000007 0.007475535878355929 1.0397207708399181 2.3502401828962087 0.14313038490420291 1.8688348091416842 2.524928003624769 1.4162525511477868 2.8029010331479989 3.1132683346437333 4.1971736807086968 6.9971387355792336 4.5271940351011493 3.2769667020129059 1.0000000180025095e-35 0.3497316826816268 2.524928003624769 2.9174053685313028
decision_type=2 2 2 2 2 2 2 2 2 2 2 2 2 2 2 2 2 2 2 2 2 2 2 2 2 2 2 2 2 2
left_child=2 6 3 4 14 -5 -2 8 12 10 13 -12 -4 -3 26 16 17 -16 -17 20 -20 -22 -10 -7 -11 -23 -1 -28 -14 -30
right_child=1 9 7 5 -6 23 -8 -9 22 24 11 -13 28 -15 15 18 -18 -19 19 -21 21 25 -24 -25 -26 -27 27 -29 29 -31
leaf_value=0.0040649786492181301 -0.0071437396183333408 0.011137359994068027 0.0038167082260704443 0.0028782513807150511 -0.0050892517780960975 -0.0018137150829900086 0.007486554623175325 0.023026046428604008 -0.002447509742060771 -0.0020095453865560048 0.017175912200635808 0.0069674482859667757 -0.0020554855445134293 0.0019287133503980061 0.035311884309359477 -0.0072990216025013658 0.0048171361106908329 0.0010187690917580294 0.028103845541740613 -0.0020227839948716627 -0.0082359119128152247 0.025244179441386513 0.0015088299453243558 0.0046283323310944485 0.0056717891204871558 0.0053507621339549272 -0.0071886829753598711 -0.0015709249282144181 0.012537401530840864 0.00078677419115259219
leaf_weight=611.23596872016788 1445.4199745114893 805.60112079139799 9030.8840233813971 6354.6350162397139 9284.619298692327 15530.69195821695 494.03822082420811 127.62219786830246 9014.5396538008936 2161.8389385687187 677.19125039130449 4070.8394135013223 4163.614948624745 4105.7398124178872 287.12245794292539 2427.3283282932825 1162.5939978724346 121.86605631140992 288.61525357654318 5405.423928771168 411.24957031058148 158.65533309802413 5564.8858407870866 1392.7577480897307 1436.4943828349933 586.65257881674916 3081.4153334572911 2627.8268687976524 561.2161305192858 5149.6726519451477
leaf_count=13156 34496 18435 152546 121982 127003 250395 12646 2418 135369 52573 22488 120400 57388 83984 8173 32020 19406 2000 6569 87784 7018 3383 94554 24756 39360 11768 36293 31007 9791 91479
internal_value=5.00683e-05 0.00355737 -0.000589454 -0.00151606 -0.00272036 -0.000147429 -0.00341696 0.000781548 0.000696767 0.00457764 0.00588918 0.00842344 0.001957 0.0034392 -0.00143938 -8.4743e-05 0.0100939 0.0250936 -0.00180889 0.000136388 0.00821241 0.00324856 -0.000937397 -0.00128355 0.00105693 0.00958552 -0.00376471 -0.00460296 0.000256172 0.00194152
internal_weight=98542.3 15197.2 83345.1 49732.7 26454.6 23278.1 1939.46 33612.4 33484.8 13257.7 9659.37 4748.03 18905.4 4911.34 17170 10849.5 1571.58 408.989 9277.92 6850.6 1445.17 1156.56 14579.4 16923.4 3598.33 745.308 6320.48 5709.24 9874.5 5710.89
internal_count=1710640 384382 1326258 782713 385580 397133 47142 543545 541127 337240 245307 142888 311204 102419 258577 178121 29579 10173 148542 116522 28738 22169 229923 275151 91933 15151 80456 67300 158658 101270
is_linear=0
shrinkage=0.05


Tree=74
num_leaves=31
num_cat=2
split_feature=17 17 7 10 7 7 7 2 8 10 10 8 4 7 7 8 10 0 10 9 10 6 9 10 8 10 5 10 7 2
split_gain=84.003 53.7524 38.8027 69.5204 73.6349 40.4554 50.1131 37.258 24.6598 27.8974 24.4683 21.3546 20.2723 18.5728 29.7659 18.3886 19.0246 18.1724 17.0112 15.0937 15.2211 14.9406 15.4305 14.8301 14.4397 16.4075 13.5022 13.3607 12.8606 12.6516
threshold=0.78191805040034468 0.66650849354048136 1.0397207708399181 0.038873597625763805 1.8688348091416842 2.524928003624769 2.6735537653587351 0 2.8617925509761908 7.4708008782255702 5.090154282221655 1.0000000180025095e-35 2.5000000000000004 2.3502401828962087 2.524928003624769 4.8789996228937618 6.8670837425927242 72.500000000000014 7.23055176713821 4.297262267176281 7.9281248631471941 -0.12940952255126037 2.8029010331479989 1.0000000180025095e-35 2.0126758453675748 1.0000000180025095e-35 0.78656609248549325 7.4708008782255702 5.4827179284163234 1
decision_type=2 2 2 2 2 2 2 1 2 2 2 2 2 2 2 2 2 2 2 2 2 2 2 2 2 2 2 2 2 1
left_child=1 2 11 4 -4 -6 -7 -2 9 13 -10 17 -9 -5 29 16 24 23 21 20 -12 -3 -23 26 25 -14 -1 -17 -16 -15
right_child=7 18 3 8 5 6 -8 12 10 -11 19 -13 15 14 28 27 -18 -19 -20 -21 -22 22 -24 -25 -26 -27 -28 -29 -30 -31
leaf_value=0.0028726160284330998 0.0050863988610818332 -0.0040534207027402179 0.035310523145944454 0.0047024206787897012 -0.0017025435891916353 0.038767167854310738 0.0079476463534915911 0.0029267937111802874 0.010169452017204419 -0.0049320861274920764 0.0018667041040247179 0.031616436634042608 0.011536020250311023 -0.001747970330288129 0.00039249798317764434 0.0082359137794359785 -0.0026022850607514848 -0.0075455075387071335 -0.0059771387322838715 0.0077678701956309763 -0.0016770678086710348 -0.00044545112218759498 0.024306018014604351 -0.0028624013809404494 0.0036440838586018162 -0.00069570328702376716 0.02695316110432204 0.0014404401265488917 -0.0066379402011135097 -0.010154332218006308
leaf_weight=331.65288447588682 7247.1166294366121 5844.0332710854709 240.58562888205051 1659.2102095708251 897.51759814843535 158.53191100805998 785.10365445166826 10367.166671557352 762.8538466989994 4093.6696673184633 8278.6242415346205 43.175771564245224 283.67436158470809 774.52640002965927 11711.759066503495 1078.1359689724632 6333.9716387628578 2159.6464175321162 5362.9046106860042 771.26857196167111 4779.3962735086679 3747.2150944108143 64.043908704072237 5246.8119402602315 3230.2877325136214 8176.5009016823024 70.604534193873405 2197.8594733010978 688.7358869984746 1104.0324498936534
leaf_count=2359 247692 53185 2752 10877 5121 1485 5877 358969 5495 23840 52703 257 11832 4253 74759 41005 198175 11779 47345 5049 29195 34476 651 28334 120365 247310 501 74792 4272 5935
internal_value=4.78987e-05 -0.00113226 -0.000260334 0.000422098 0.00929641 0.00589712 0.0131254 0.00185465 -0.000111462 -0.00125033 0.00145197 -0.00345055 0.00111311 -0.00030469 -0.00088651 0.000230888 -0.000395425 -0.00364444 -0.0037192 0.00097109 0.00056964 -0.00246506 -2.95306e-05 -0.00215305 0.000800267 -0.000285567 0.00709925 0.00367684 2.02042e-06 -0.00675176
internal_weight=98490.6 59575.9 44557.7 36705.8 2081.74 1841.15 943.636 38914.7 34624.1 20031.9 14592.1 7851.89 31667.6 15938.3 14279.1 21300.4 18024.4 7808.72 15018.2 13829.3 13058 9655.29 3811.26 5649.07 11690.5 8460.18 402.257 3276 12400.5 1878.56
internal_count=1710640 410500 274843 231613 15235 12483 7362 1300140 216378 123936 92442 43230 1052448 100096 89219 693479 577682 42973 135657 86947 81898 88312 35127 31194 379507 259142 2860 115797 79031 10188
cat_boundaries=0 1 2
cat_threshold=4 20
is_linear=0
shrinkage=0.05


Tree=75
num_leaves=31
num_cat=0
split_feature=17 17 7 7 1 3 1 7 7 7 7 7 8 4 6 7 1 4 17 7 3 1 6 7 7 1 4 0 8 7
split_gain=65.5703 48.0923 39.7236 35.7802 34.1068 27.7502 35.2165 24.0141 25.6115 26.1327 20.0405 26.4501 18.291 17.9703 20.9118 17.8657 17.2048 17.1622 15.7762 15.719 15.6688 15.3033 15.1991 14.555 17.5096 13.2858 17.6516 12.6767 11.5083 20.2941
threshold=0.78191805040034468 0.66650849354048136 1.0397207708399181 2.1383330595080281 318.50000000000006 1.0000000180025095e-35 1203.5000000000002 2.524928003624769 2.9174053685313028 3.1132683346437333 2.3502401828962087 2.524928003624769 1.0000000180025095e-35 1.5000000000000002 -0.5 1.0397207708399181 4133.5000000000009 1.5000000000000002 0.6479041575402984 1.0000000180025095e-35 1.0000000180025095e-35 1041.5000000000002 1.0000000180025095e-35 3.0201273556387074 3.1132683346437333 192.50000000000003 3.5000000000000004 78.500000000000014 1.8688348091416842 3.3497501700808394
decision_type=2 2 2 2 2 2 2 2 2 2 2 2 2 2 2 2 2 2 2 2 2 2 2 2 2 2 2 2 2 2
left_child=1 2 12 -4 -2 10 17 27 -9 -10 15 -12 13 14 -1 -6 -8 -7 -15 -20 -3 -22 28 -13 -25 26 -21 -5 29 -11
right_child=4 20 3 7 5 6 16 8 9 22 11 23 -14 18 -16 -17 -18 -19 19 25 21 -23 -24 24 -26 -27 -28 -29 -30 -31
leaf_value=-0.01667031414171306 0.0074962979987406118 -0.0066702346616628345 0.0075444113334888615 -0.0022696074938339515 0.00045180218090584392 0.0086202635894615468 0.0011896636807453291 0.0062146771665125373 -0.0058890447956944977 0.0047722831739136513 -0.015013643462761784 0.0091720783894447284 0.029085793953382334 -0.0079126557325526672 -0.0033556768838798887 0.015636959455116138 -0.0026650570791317482 0.0031634777108001688 0.0086099102438985265 0.0019568894148319256 -0.00018933396731642715 -0.0039464946825266212 0.002129624964854825 -0.018305810688976701 -0.0023536892439100475 -0.0026380447260881371 0.038896951380132591 -0.0097810904748176254 0.00052882209910203308 -0.0036051502937786578
leaf_weight=527.99165308475494 2326.5646598981693 3034.0930685857311 1718.8538896366954 2650.4862634241581 935.35481135779992 1668.2704733489081 15545.756070736796 1897.3778583407402 1651.6591176390648 863.14212580397725 466.17616699449718 254.62383390264586 43.05630973726511 1145.0144109278917 667.99090644717216 244.28409136645496 3557.0500616682693 10573.322420769371 361.96495393663645 122.15401168167591 4141.8472648598254 7841.0448784064502 10144.119149485603 182.09105680743232 3110.2809546641074 4954.1386403217912 43.983460009098053 712.72639848291874 12650.265232410282 4449.8642377778888
leaf_count=2899 77028 24710 12726 14659 22773 64216 513125 12742 9966 5566 10959 8117 260 6167 3680 8396 104604 387921 2545 656 40358 70438 64581 5022 98060 26866 232 3872 80376 27390
internal_value=2.84705e-05 -0.00101314 -0.000189185 0.000501258 0.00162644 0.00125266 0.00181353 0.000155562 0.000582331 0.000223224 -0.00213277 -0.00381681 -0.00341381 -0.00359267 -0.0092337 0.0035964 0.000471893 0.00390712 -0.00257467 -0.00145978 -0.00346054 -0.00264784 0.000582396 -0.00234523 -0.00323595 -0.00217164 0.0117365 -0.00386143 -0.000291346 -0.00224417
internal_weight=98485.5 59621.8 44604.8 36738.5 38863.8 36537.2 31344.4 35019.6 31656.4 29759 5192.81 4013.17 7866.29 7823.24 1195.98 1179.64 19102.8 12241.6 6627.26 5482.24 15017 11982.9 28107.4 3547 3292.37 5120.28 166.137 3363.21 17963.3 5313.01
internal_count=1710910 410689 275183 231878 1300221 1223193 1069866 219152 200621 187879 153327 122158 43305 43045 6579 31169 617729 452137 36466 30299 135506 110796 177913 111199 103082 27754 888 18531 113332 32956
is_linear=0
shrinkage=0.05


Tree=76
num_leaves=31
num_cat=5
split_feature=16 3 4 16 4 17 16 16 2 16 2 6 7 4 6 2 3 16 9 2 17 4 7 17 2 17 17 17 16 7
split_gain=82.6797 33.8989 36.3263 33.2022 30.8452 36.8252 31.2208 25.9117 23.5634 22.6112 21.6954 20.3573 17.7982 17.3547 16.3221 15.8453 25.2991 15.7067 14.9596 13.441 13.0458 18.9215 14.9273 12.8354 12.4672 11.6655 24.0462 11.1704 9.91972 9.70252
threshold=0.82309145174897347 1.0000000180025095e-35 1.5000000000000002 0.74014791079184894 1.5000000000000002 0.78953251609163166 0.82342144236375836 0.87366126647385423 0 0.90246548730006326 1 0.37940952255126048 1.0397207708399181 4.5000000000000009 -0.60355339059327384 2 1.0000000180025095e-35 0.63151168872206365 4.7749040587885982 3 0.78953251609163166 2.5000000000000004 1.0397207708399181 0.79464354043821872 4 0.66650849354048136 0.68588771510975388 0.77234227789159371 0.75792891440371568 2.3502401828962087
decision_type=2 2 2 2 2 2 2 2 1 2 1 2 2 2 2 1 2 2 2 1 2 2 2 2 1 2 2 2 2 2
left_child=1 10 3 27 5 6 -2 15 28 12 17 18 14 -9 -8 16 19 -1 23 -6 21 22 -19 25 -5 -10 -27 -3 -4 -22
right_child=4 2 8 24 7 -7 9 13 11 -11 -12 -13 -14 -15 -16 -17 -18 20 -20 -21 29 -23 -24 -25 -26 26 -28 -29 -30 -31
leaf_value=-0.012391418837071434 0.015445633421099919 -0.0079284943797711029 -0.00033888981865789277 0.0068901846566800486 0.0023862634342871379 0.0041435806777560284 -0.038180689162521868 0.0064337042937035087 -0.0013688281366363081 0.0027663206850483141 -0.0050350251344170004 0.00080063362153436329 -0.0088732437365095194 0.018325268984171809 -0.014149884564899665 0.00081135563757091928 0.0055405344399697557 -0.01149374814081865 0.0068389371116745956 -0.0062528048264714128 0.0065882615219410613 0.0002361698247752375 -0.0030221596935410865 -3.7647931583429647e-05 0.001765605633206691 -0.0082505633446554646 -0.0022884720639735848 0.0032428490983794516 0.0042831986565024637 0.00011885571923486891
leaf_weight=305.25410102494061 138.10395005717874 753.12914952635765 1798.3088644705713 3324.7926451358944 1131.2852541659959 1316.3923585005105 112.59970375150442 2723.961768659763 17362.56821860373 297.67829228378832 6423.8322794795968 12706.083104969468 805.66574017703533 345.76102346461266 189.71379586681724 6276.9980847621337 6775.0131057617255 734.58551958948374 528.89724497823045 734.34340523462743 793.16831756895408 3365.0845288746059 1779.9390733242035 9466.2573814522475 1879.8050977070816 2110.0468322969973 8519.3134620101191 318.3575620399788 3274.5495329108089 2151.9703540140763
leaf_count=3158 1506 4258 18274 62164 21886 52941 692 86254 99290 3057 88154 206743 7715 11356 1189 135039 162194 4378 9677 13967 21095 19986 10592 360715 32640 15993 116104 6252 68999 64642
internal_value=2.71969e-05 -0.000723879 -0.000200617 0.00340582 0.00282275 -0.00200034 -0.00723937 0.00358967 -0.000606497 -0.00946814 -0.0028111 -0.000931658 -0.0127551 0.00777312 -0.0231004 0.00272881 0.00411604 -0.00123948 -0.00151133 -0.00103495 -0.000855129 -0.00221574 -0.00549702 -0.00162923 0.00505591 -0.00216747 -0.00347201 -0.00460929 0.00263948 0.00186116
internal_weight=98443.5 77595.9 62042.1 6276.08 20847.5 2860.15 1543.76 17987.4 55766 1405.66 15553.8 50693.2 1107.98 3069.72 302.313 14917.6 8640.64 9130 37987.1 1865.63 8824.75 5879.61 2514.52 37458.2 5204.6 27991.9 10629.4 1071.49 5072.86 2945.14
internal_count=1710910 1213114 1001109 105314 497796 67100 14159 430696 895795 12653 212005 808522 9596 97610 1881 333086 198047 123851 601779 35853 120693 34956 14970 592102 94804 231387 132097 10510 87273 85737
cat_boundaries=0 1 2 3 4 5
cat_threshold=4 4 28 4 28
is_linear=0
shrinkage=0.05


Tree=77
num_leaves=31
num_cat=0
split_feature=16 1 8 16 1 8 6 7 4 7 16 0 9 4 0 16 7 7 7 7 7 1 7 16 7 6 16 0 4 4
split_gain=74.7607 31.2138 30.9717 31.8854 30.6868 28.06 26.9427 25.7451 21.4891 20.2295 19.7702 17.589 16.6181 16.3048 16.1393 15.8449 15.2308 87.6892 37.2442 56.6133 19.6339 16.5063 16.0493 12.7117 12.3687 12.3426 10.6205 12.3296 10.347 9.4324
threshold=0.82309145174897347 4764.5000000000009 6.869533931231917 0.63151168872206365 256.50000000000006 1.0000000180025095e-35 -0.37940952255126015 3.0201273556387074 1.5000000000000002 1.0000000180025095e-35 0.86861055157824218 88.500000000000014 2.524928003624769 4.5000000000000009 34.500000000000007 0.74368454060988709 1.0397207708399181 2.1383330595080281 2.524928003624769 2.9174053685313028 3.1132683346437333 736.50000000000011 3.3497501700808394 0.70725437830069748 3.0201273556387074 -0.37940952255126015 0.83817368627292865 60.500000000000007 1.5000000000000002 1.5000000000000002
decision_type=2 2 2 2 2 2 2 2 2 2 2 2 2 2 2 2 2 2 2 2 2 2 2 2 2 2 2 2 2 2
left_child=2 5 3 29 -5 9 11 -7 15 -2 -9 23 -4 -12 -10 -8 21 -18 26 -20 24 28 -22 -6 -21 -23 -19 -28 -11 -1
right_child=1 -3 12 4 6 7 8 10 14 16 13 -13 -14 -15 -16 -17 17 18 19 20 22 25 -24 -25 -26 -27 27 -29 -30 -31
leaf_value=-0.016187404370139682 0.014341213988680563 -0.0054273659648315055 -0.0010007625422984224 0.004293593076947648 -0.0047806221073227011 0.017446265284097758 -0.0029677230778921669 0.003138214894093082 0.0033080660612872488 -0.0053860298467050425 0.0068478079217970007 -0.0049614016602948915 0.0074583534947472475 0.020436003954246697 -0.00072597704457467451 0.005276485098554602 0.016809505240100098 -0.0018139317441369593 0.014740820967485489 0.0036777061767683411 0.01141781632761227 -0.0094086473691435343 -0.0022458237731016388 -0.001191697281368074 -0.01650182645582365 -0.0013983942260193687 -0.0054398988722845739 -0.017186197740411836 0.0046494277862657194 -0.006152249587839189
leaf_weight=290.68859208747745 271.20909477723762 1121.1097444952466 868.29544899100438 2922.124848479405 2700.6883387416601 385.50248716166243 725.46085547283292 8512.8089869590476 2713.4738863538951 344.8342171497643 2350.5791381103918 4163.7317028702237 1752.2476634820923 243.64917937340215 28740.510583474766 2964.1186143225059 850.25508704828098 578.84853960201144 712.51700568664819 100.2749154586345 284.06037480849773 896.83677028678358 882.87962171901017 28545.020915361587 312.83636556752026 1036.9135298030451 521.41482853796333 390.87376816896722 1006.670638082549 1204.1469741705805
leaf_count=3004 8762 23239 15177 41892 25553 10459 6742 213085 44549 5041 79875 60476 31638 8958 453364 53672 24464 8993 18174 2095 6644 12690 20466 463452 6783 14778 10496 7574 15220 13595
internal_value=2.60142e-05 0.00268767 -0.000687645 -0.000874412 -0.000727334 0.00314988 -0.000935288 0.00474361 4.54866e-05 0.00091362 0.00430273 -0.0019087 0.00465549 0.00812401 -0.000377968 0.00365547 0.000453766 0.00230005 -0.000960439 0.00304028 -0.00223602 -0.00215048 0.00108022 -0.0015019 -0.0116036 -0.0051134 -0.0071114 -0.0104726 0.0020889 -0.00810371
internal_weight=98394.6 20804.1 77590.5 74970 73475.1 19683 70553 11492.5 35143.6 8190.42 11107 35409.4 2620.54 2594.23 31454 3689.58 7919.22 4633.96 3783.71 2292.57 1580.05 3285.26 1166.94 31245.7 413.111 1933.75 1491.14 912.289 1351.5 1494.84
internal_count=1710910 497796 1213114 1166299 1149700 474557 1107808 312377 558327 162180 301918 549481 46815 88833 497913 60414 153418 105689 81225 54162 35988 47729 27110 489005 8878 27468 27063 18070 20261 16599
is_linear=0
shrinkage=0.05


Tree=78
num_leaves=31
num_cat=0
split_feature=16 10 11 4 1 9 4 17 16 16 16 1 13 10 0 16 11 6 4 16 10 6 9 3 9 10 16 16 17 10
split_gain=67.632 37.9277 29.2936 32.3002 28.4197 26.8805 25.017 30.6317 28.5847 24.8287 22.508 22.3231 21.565 20.1825 19.5297 18.6252 18.1698 17.1794 16.3287 14.4621 14.9964 14.3004 14.2518 13.2328 13.1039 13.9569 12.9414 11.6355 11.0378 11.8434
threshold=0.82309145174897347 6.5231672313721933 1.0000000180025095e-35 2.5000000000000004 3936.5000000000005 4.3241107269113215 1.5000000000000002 0.78953251609163166 0.82342144236375836 0.75792891440371568 0.87366126647385423 389.50000000000006 1.0000000180025095e-35 0.58835231277292122 55.500000000000007 0.90246548730006326 1.0000000180025095e-35 0.60355339059327384 4.5000000000000009 0.76654497051352888 2.1139029853608 -0.60355339059327384 4.2413008733233104 1.0000000180025095e-35 1.0000000180025095e-35 7.8713931138502788 0.69687170892281691 0.77005389237929101 0.78191805040034468 8.3107877663986738
decision_type=2 2 2 2 2 2 2 2 2 2 2 2 2 2 2 2 2 2 2 2 2 2 2 2 2 2 2 2 2 2
left_child=1 2 3 9 6 17 7 8 -2 -1 14 -5 13 -4 23 16 -10 24 -12 -11 -21 -18 -13 -8 25 -3 -15 -22 29 -16
right_child=4 5 12 11 -6 -7 10 -9 15 19 18 22 -14 26 28 -17 21 -19 -20 20 27 -23 -24 -25 -26 -27 -28 -29 -30 -31
leaf_value=-0.0003960988400143414 0.016048594960199707 -0.0026452614178589604 -0.0047622664349437878 0.0058058989695856482 -0.0037803244011673266 0.0051201240362259218 -0.00054552585187479818 0.0044294182987830747 -0.0074147586549218047 0.010394426498772522 0.0065465312008417464 -0.00050263967521738129 0.005365948207275123 -0.0094416352231376666 -0.00030679486509384719 0.0029258204369351261 -0.036465915404244528 0.00026290413675241408 0.018694035092331342 0.0089023338717371166 -0.0097478252596374347 -0.013540719323573577 0.024393231334984042 0.0058547034043408717 -0.0012606546900151227 -0.0060252184385527503 0.00067873841654331429 0.0033467354773306988 0.0033127606356009053 -0.021348815759607037
leaf_weight=2677.569577479735 131.37127277255058 14383.1904462534 4918.5901376781985 1569.7043751711026 1628.7436397047713 1371.7786740218289 942.69870606064796 1247.771496001631 767.52404638379812 1152.6427850616165 2557.5608193380758 17330.184301136062 945.2836299398914 342.43261091969907 3717.7831088528037 286.34733130782843 108.4704233519733 6828.2302582515404 310.19519862439483 1319.6306913457811 176.97921607177705 182.42763952165842 57.67640920355916 5635.5726066739298 12475.898305648006 3877.6999617419206 4074.3891242966056 4094.4721702942625 3173.4248352982104 68.096204422414303
leaf_count=27921 1459 212186 58436 25188 34057 24341 18386 50851 7371 52201 82285 292442 20066 3253 34555 2958 663 106205 10537 21727 2331 1141 1242 133699 203583 51134 48962 61896 119185 649
internal_value=2.49762e-05 -0.000653167 0.00045621 0.00128461 0.00255997 -0.00175464 0.00309981 -0.00133765 -0.00621252 0.00367744 0.0038366 9.54564e-05 -0.00183052 -0.00255921 0.0029842 -0.00838722 -0.0114479 -0.00200569 0.00786048 0.00529482 0.0042435 -0.0220891 -0.000420059 0.00493752 -0.00250967 -0.003363 -0.000105886 0.00280419 0.00113782 -0.000685275
internal_weight=98354.3 77596.4 38659.6 28378.9 20758 38936.8 19129.2 2723.91 1476.14 9421.29 16405.3 18957.6 10280.7 9335.41 13537.6 1344.77 1058.42 37565 2867.76 6743.72 5591.08 290.898 17387.9 6578.27 30736.8 18260.9 4416.82 4271.45 6959.3 3785.88
internal_count=1710910 1213114 615665 484948 497796 597449 463739 64443 13592 166076 399296 318872 130717 110651 306474 12133 9175 573108 92822 138155 85954 1804 293684 152085 466903 263320 52215 64227 154389 35204
is_linear=0
shrinkage=0.05


Tree=79
num_leaves=31
num_cat=0
split_feature=16 1 3 1 16 1 3 4 0 6 1 16 16 16 16 7 7 7 7 7 0 9 4 1 0 4 1 1 7 1
split_gain=62.7437 42.2193 32.8372 49.2855 23.0019 22.9241 27.3644 26.715 18.7494 18.3685 18.0665 17.4996 29.4133 16.9946 16.7485 14.3155 24.7817 22.144 15.8792 16.0559 13.7417 16.4613 13.2282 12.1007 12.3874 10.5516 10.2793 10.1849 10.102 9.98338
threshold=0.79082104221947669 4622.5000000000009 1.0000000180025095e-35 934.50000000000011 0.63151168872206365 256.50000000000006 1.0000000180025095e-35 1.5000000000000002 93.500000000000014 1.0000000180025095e-35 176.50000000000003 0.76327283512609834 0.76386094938731974 0.89087966142384911 0.87226800063066301 1.0397207708399181 1.8688348091416842 2.524928003624769 2.9174053685313028 3.1132683346437333 47.500000000000007 4.3241107269113215 1.5000000000000002 288.50000000000006 34.500000000000007 1.5000000000000002 13521.000000000002 389.50000000000006 1.0397207708399181 4764.5000000000009
decision_type=2 2 2 2 2 2 2 2 2 2 2 2 2 2 2 2 2 2 2 2 2 2 2 2 2 2 2 2 2 2
left_child=4 2 10 14 25 -6 -7 11 9 15 -2 -8 -13 22 23 -5 -17 -18 -19 -20 -9 27 28 -4 -25 -1 -3 -22 -12 -14
right_child=1 26 3 8 5 6 7 20 -10 -11 13 12 29 -15 -16 16 17 18 19 -21 21 -23 -24 24 -26 -27 -28 -29 -30 -31
leaf_value=-0.015369888618004982 0.0081924584396381415 -0.0034090773607139352 0.012087420709846171 -0.0036611910895661386 0.0040811137762390027 -0.003514296204268292 -0.00018862047977955397 0.00051861211644710272 -0.0033192208498663634 0.003574862341794759 -0.015954168802087602 0.027623048118655388 0.0059057454754535711 0.0066591411659098227 0.010703351629178487 0.013000234320557925 -0.0066782291316919888 0.0094826288639571661 -0.0086210633845540639 0.0013321342724269306 0.004945295766488611 0.0065773181715521774 -0.0017515088215680535 0.0091345704657788789 0.003469573532709146 -0.0050430238321891386 -0.013218243794874513 -0.0019036982369812377 -0.0047599795696841845 -0.012642267153270921
leaf_weight=308.12053739000112 463.95120672695339 2556.0292467968538 502.72283487673849 1801.6162117691711 2193.1268922928721 9802.7498459885828 1568.9687891919166 11156.975509392563 2123.62416990567 7561.7555299992673 292.0120932534337 158.14901286363602 1582.7444216832519 516.20230489224195 1235.0721018495969 423.84269221546128 935.08958141086623 568.8037541504018 424.65398369077593 8835.8934824988246 554.5560891632922 605.95379923377186 4820.7954695858061 1091.4232971044257 8330.0895565743558 1254.2379007684067 298.2420932459645 25617.798209712375 650.50301720388234 76.032626621425152
leaf_count=3196 7943 43634 10290 25033 31716 134077 16816 188652 38914 150035 3261 1161 44357 13889 41277 10171 14020 12057 7658 184776 9577 11012 80547 22213 165624 14210 5037 407240 10661 1856
internal_value=2.39157e-05 0.00144379 0.00185724 0.00249223 -0.00109979 -0.000924565 -0.0011393 -0.000575873 0.00115351 0.00161568 -0.00132877 0.00367958 0.00701989 -0.00203223 0.00521247 0.000475187 0.00114126 0.000674316 0.00137378 0.000875718 -0.000955691 -0.00156995 -0.00281069 0.00452913 0.00412583 -0.00707964 -0.00443403 -0.00175858 -0.00822819 0.00505557
internal_weight=98311.7 43432.3 40578.1 33834.6 54879.4 53317.1 51123.9 41321.2 22675.3 20551.7 6743.46 3385.89 1816.93 6279.51 11159.3 12989.9 11188.3 10764.4 9829.35 9260.55 37935.3 26778.3 5763.31 9924.24 9421.51 1562.36 2854.27 26172.4 942.515 1658.78
internal_count=1710910 847040 798369 682068 863870 846464 814748 680671 442664 403750 116301 64190 47374 108358 239404 253715 228682 218511 204491 192434 616481 427829 94469 198127 187837 17406 48671 416817 13922 46213
is_linear=0
shrinkage=0.05


Tree=80
num_leaves=31
num_cat=0
split_feature=17 10 1 7 7 10 7 10 7 7 10 7 7 7 3 0 10 1 1 3 17 0 7 6 17 1 10 0 3 10
split_gain=56.551 38.6749 31.4157 30.3822 65.0818 129.642 61.0612 79.7789 78.8873 50.0671 33.8713 26.3252 23.7449 23.6046 19.3751 18.2555 17.9923 17.6623 17.2884 21.2444 15.3663 14.1642 13.6578 13.6172 13.3 12.9983 12.7096 12.3061 11.8108 11.705
threshold=0.7929547680373682 7.4838840236901385 870.50000000000011 1.0397207708399181 2.1383330595080281 0.14313038490420291 2.524928003624769 1.0261490310845864 2.8029010331479989 3.1132683346437333 1.0000000180025095e-35 7.9228047664642416 1.5890269151739729 3.2769667020129059 1.0000000180025095e-35 100.50000000000001 0.58835231277292122 760.50000000000011 220.50000000000003 1.0000000180025095e-35 0.6479041575402984 60.500000000000007 3.4811217321331038 -0.60355339059327384 0.65947605478848759 6958.5000000000009 6.4549615041176027 45.500000000000007 1.0000000180025095e-35 0.009263592076547986
decision_type=2 2 2 2 2 2 2 2 2 2 2 2 2 2 2 2 2 2 2 2 2 2 2 2 2 2 2 2 2 2
left_child=1 3 18 10 5 -5 17 8 -8 -10 15 23 -7 -11 -3 -1 20 28 -2 -20 -12 -18 -15 26 -16 -4 -9 -25 -6 -22
right_child=2 14 25 4 6 12 7 11 9 13 16 -13 -14 22 24 -17 21 -19 19 -21 29 -23 -24 27 -26 -27 -28 -29 -30 -31
leaf_value=0.0094723531173079075 0.011412832800275769 -0.0060135413234165755 0.00090890122112383337 0.033475830009756749 -0.004966267819808406 -0.00087874819016670004 0.031110219911924499 0.00016128713915105293 -0.007073843162276397 0.026522273789046948 -0.013085990947804146 0.011902996222893893 0.010941497019921108 -0.0029713250657609934 -0.00043727644975771399 -0.023036603178728427 0.001152062811482 -0.0074768320777607979 0.00045418991317286694 0.0052023562649261921 -0.0016051051764153651 -0.0040257841276401174 0.011538002113373816 0.0031829035628172342 -0.0033718427155232621 -0.0047061545785558635 -0.0032593882574445399 9.8093527721911604e-05 0.0035333874059092166 -0.0068474243412821982
leaf_weight=746.19059627363458 723.61112712696195 3619.5908067468554 19338.214991394896 430.83944344334304 886.33784186001867 1261.8887531198561 377.72034144960344 6178.3989205500111 519.10817073471844 216.79090371821076 567.28674554824829 473.9006955800578 640.53718439210206 211.42523046582937 7491.9850606340915 45.837249305099249 2975.7579453215003 3045.6020773034543 3783.9010723684914 6241.7495681727305 2050.9734650664032 2374.8666461305693 696.48340086918324 4426.4696041163988 7966.7615484832786 1088.6933963489719 4844.8976635560393 11990.798079701141 758.44580014515668 2214.4632524708286
leaf_count=7564 26332 26397 705198 6700 6242 11286 4757 56433 4725 2462 3007 4679 5906 2127 45744 421 20420 22034 124409 262231 14576 16124 7697 39858 82429 33999 40727 104486 6107 15462
internal_value=1.77198e-06 -0.000816671 0.00176102 -5.88829e-05 0.000627077 0.00870979 8.2431e-05 0.000913537 0.0105052 0.00577045 -0.00236886 0.000218925 0.00310107 0.0116988 -0.00272064 0.00759095 -0.0031435 -0.00522204 0.003949 0.00341029 -0.00535493 -0.00114612 0.00815921 1.71403e-05 -0.00194962 0.000609635 -0.00134215 0.000929829 -0.00104689 -0.00432673
internal_weight=98189.5 67013.4 31176.2 47935 36959.6 2333.27 34626.4 29936 2021.53 1643.81 10975.4 27914.5 1902.43 1124.7 19078.3 792.028 10183.3 4690.39 10749.3 10025.7 4832.72 5350.62 907.909 27440.6 15458.7 20426.9 11023.3 16417.3 1644.78 4265.44
internal_count=1710539 558370 1152169 403800 326226 23892 302334 267951 21768 17011 77574 246183 17192 12286 154570 7985 69589 34383 412972 386640 33045 36544 9824 241504 128173 739197 97160 144344 12349 30038
is_linear=0
shrinkage=0.05


Tree=81
num_leaves=31
num_cat=1
split_feature=17 17 2 0 6 8 7 7 7 7 10 10 7 7 7 7 10 7 7 10 10 10 9 10 7 8 8 10 8 10
split_gain=51.2954 39.9142 32.4411 23.2981 23.5325 20.0545 28.7903 90.5606 77.639 77.4458 50.1488 41.5595 42.2793 38.2368 51.4621 30.9891 27.5623 27.4823 24.5095 24.4547 22.9073 19.8837 15.2154 16.8189 14.6559 13.8443 13.4747 27.9647 12.1479 12.0478
threshold=0.78953251609163166 0.66650849354048136 0 63.500000000000007 1.0000000180025095e-35 2.0126758453675748 2.3502401828962087 1.0397207708399181 2.524928003624769 2.9174053685313028 0.73060162963332453 0.58835231277292122 2.1383330595080281 3.1132683346437333 3.4175922930736511 3.4811217321331038 2.896458352116396 1.0000000180025095e-35 3.0201273556387074 7.1824962034447797 0.14313038490420291 1.0261490310845864 6.0822163040853816 7.6120171634897886 3.7012257604091228 5.7667560492893086 2.8029010331479989 6.6693824375441109 0.89587973461402759 0.011468778866561308
decision_type=2 2 1 2 2 2 2 2 2 2 2 2 2 2 2 2 2 2 2 2 2 2 2 2 2 2 2 2 2 2
left_child=1 3 -2 4 26 6 7 17 21 10 -10 12 -9 18 20 -16 -17 -4 -11 -7 -15 -8 23 -3 -18 -21 29 -28 -25 -1
right_child=2 22 5 -5 -6 19 8 11 9 13 -12 -13 -14 14 15 16 24 -19 -20 25 -22 -23 -24 28 -26 -27 27 -29 -30 -31
leaf_value=0.0029583117196778758 0.0044944090747885993 -0.002219980993447663 0.010773012446548188 -0.001587102244350357 0.0027353496959498648 0.0043614879473369925 -0.016482757490350629 0.038333087911102501 0.032580690831360913 0.0036790648968249764 0.0068993758022813786 0.0088355569250079796 -0.0070151771913700856 0.02799137453970409 -0.015265906265692575 0.0088179118327167353 0.0041532543117934794 -0.0026493551333158969 -0.014300862709823656 -0.0010321391320524738 0.0066593308887152288 -0.0066441357540586226 0.02217018762462622 -0.012973685452199114 -0.0038620376989471927 0.0035161780875295279 0.0079114386083855345 -0.00027317409849819392 -0.0048934578247533025 -0.0019149083632405651
leaf_weight=1447.748415004462 7060.2716275416315 11660.757207349874 427.39852145919576 17141.1513296552 9742.8903356809169 6524.7992013487965 826.68099209479988 261.8144234828651 236.33400485478342 243.35411404026672 971.5500853038393 987.4554353998974 63.952851551584899 143.65321332821622 425.46585565945134 602.41697323648259 676.76582074631006 3540.3193557653576 857.10505162598565 5881.231445257552 1015.4036189317703 1355.6866990737617 59.443156976252794 538.79677345231175 3625.7185638616793 2338.2201980375685 1359.6373721957207 4490.5830590799451 3403.0113585675135 10231.457505974919
leaf_count=9201 247171 106933 18861 104316 61228 251989 20669 14052 10772 7712 33324 36326 2118 5787 13472 23487 22667 88773 24491 199795 33988 32070 586 4381 121616 84388 9304 28079 30518 62465
internal_value=1.9678e-06 -0.000907949 0.00143801 -0.000142614 0.000765273 0.00074034 -0.000470283 0.00256338 -0.00192933 0.000164701 0.0119242 0.0139445 0.0294306 -0.00170675 -0.00024532 -0.00232159 -0.00119876 -0.00120351 -0.0103248 0.00207601 0.00930322 -0.010371 -0.00307824 -0.00317444 -0.00260126 0.000261739 -0.000329699 0.00162899 -0.00599793 -0.00131083
internal_weight=98141.1 60075.5 38065.6 44413.5 27272.3 31005.3 16261.1 5280.94 10980.1 8797.77 1207.88 1313.22 325.767 7589.88 6489.42 5330.37 4904.9 3967.72 1100.46 14744.3 1159.06 2182.37 15662 15602.6 4302.48 8219.45 17529.4 5850.22 3941.81 11679.2
internal_count=1710539 417011 1293528 274593 170277 1046357 510185 160130 350055 297316 44096 52496 16170 253220 221017 181242 167770 107634 32203 536172 39775 52739 142418 141832 144283 284183 109049 37383 34899 71666
cat_boundaries=0 1
cat_threshold=4
is_linear=0
shrinkage=0.05


Tree=82
num_leaves=31
num_cat=1
split_feature=10 8 1 3 8 1 1 10 11 10 11 8 1 2 10 4 10 8 17 10 0 8 1 9 17 17 10 9 8 10
split_gain=47.8825 68.0029 47.1605 49.25 35.691 31.5277 25.1829 24.9812 19.4474 27.6396 17.423 16.1265 14.518 14.2715 13.769 13.5486 13.1784 13.0585 11.3914 11.2112 12.3393 10.9463 10.3334 10.4388 10.2566 9.97542 9.71182 9.51687 11.1509 9.48223
threshold=7.4281293653955816 3.9415346756528771 1574.5000000000002 1.0000000180025095e-35 6.0001757199539174 413.50000000000006 192.50000000000003 4.383856482162348 1.0000000180025095e-35 1.0000000180025095e-35 1.0000000180025095e-35 0.89587973461402759 6958.5000000000009 0 7.9281248631471941 1.5000000000000002 1.0261490310845864 2.1383330595080281 0.78191805040034468 1.8183832997795706 35.500000000000007 1.8688348091416842 256.50000000000006 6.2045557219564262 0.66166140763983117 0.79024133761996584 6.4317282485479534 2.4414009612931857 7.7075120936029826 8.2689961142939996
decision_type=2 2 2 2 2 2 2 2 2 2 2 2 2 1 2 2 2 2 2 2 2 2 2 2 2 2 2 2 2 2
left_child=1 2 3 6 11 -5 25 8 19 -10 22 -2 18 15 -13 -8 -11 -9 24 20 -7 -21 -3 26 -4 -1 -24 -6 29 -29
right_child=4 10 12 5 27 7 13 17 9 16 -12 14 -14 -15 -16 -17 -18 -19 -20 21 -22 -23 23 -25 -26 -27 -28 28 -30 -31
leaf_value=0.002359152131599972 -0.0052651807177099413 0.017622228647089167 -0.00098786064967246938 0.0079109661612820591 -0.00080938736824986014 0.016258787117215564 -0.0056845468385408153 -0.00048459941291360137 0.011571722105245227 -0.0025064008649850768 0.03809689146547527 -0.00059214316788874658 -0.0055563188838000039 -0.0044172448478497078 -0.0032933327411956677 0.00027132164566485512 0.0046260292308790644 0.0027445124638957753 0.00018217624121741964 0.0016844186977199816 0.0065495116966004675 0.0084319191981986376 0.0070232016789707925 0.027103715714074741 -0.0039344321167102993 0.012150040639784178 0.0032142900178411312 0.0036120863096945643 0.0086461989515686302 -0.0032589058241919385
leaf_weight=806.58493949659169 4470.876962217968 159.87072468083352 7125.5666049085557 2391.4284972352907 2069.9374115034007 373.96988347731531 1146.3799735684879 9707.6040424951352 538.10475913621485 2470.6881169378757 40.095245716162026 9557.582816674374 2141.1880259634927 4225.3286658097059 9316.38677348895 5715.8727707928047 877.69409041013569 4621.3546589785255 8430.2975522824563 2272.6036076066084 2618.3721293346025 817.20139935426414 2641.7693941905163 51.951473076827824 5043.7892220588401 384.00798594765365 4566.251576046925 2058.6579340500757 801.4049447318539 664.10602053115144
leaf_count=5216 61756 3432 42875 47658 37330 8895 16548 166463 14040 32983 718 171914 32891 62510 146739 84468 11737 97112 263514 45789 60640 20483 63130 1267 39145 12331 92410 40576 15760 10209
internal_value=2.21578e-06 0.000716708 0.000171606 0.00122755 -0.00170552 0.00243321 -0.00139318 0.00189408 0.00381621 0.00105352 0.00522575 -0.00256508 -0.0016378 -0.00213521 -0.00192548 -0.000722588 -0.000636814 0.000556849 -0.00123049 0.00558157 0.00776293 0.00346902 0.00504812 0.00477123 -0.00220912 0.00551706 0.00461027 0.00188154 0.00346206 0.00193619
internal_weight=98106.9 69168 61708 38967.2 28939 26689 12278.2 24297.6 9968.63 3886.49 7459.94 23344.8 22740.8 11087.6 18874 6862.25 3348.38 14329 20599.7 6082.15 2992.34 3089.81 7419.84 7259.97 12169.4 1190.59 7208.02 5594.11 3524.17 2722.76
internal_count=1710539 1226255 1065298 686873 484284 505800 181073 458142 194567 58760 160957 380409 378425 163526 318653 101016 44720 263575 345534 135807 69535 66272 160239 156807 82020 17547 155540 103875 66545 50785
cat_boundaries=0 1
cat_threshold=5
is_linear=0
shrinkage=0.05


Tree=83
num_leaves=31
num_cat=0
split_feature=16 1 17 8 10 8 10 10 7 7 7 10 7 7 10 7 16 1 8 10 6 10 8 10 10 0 1 16 8 1
split_gain=58.6206 38.1458 37.9154 34.7585 34.6306 26.1613 18.9961 16.8979 23.737 36.7552 60.7455 36.4214 24.5035 29.979 26.6642 22.4239 15.9041 16.3894 15.0939 14.1726 14.0587 13.6303 12.6054 17.7254 12.4707 11.9865 10.8505 10.7847 10.7526 10.4103
threshold=0.7820556720631886 1265.5000000000002 0.80689078357804445 3.0677824455408698 7.5272535113028427 1.4978661367769956 4.508883231672506 4.383856482162348 2.524928003624769 2.1383330595080281 1.0397207708399181 0.081509403981921358 2.9174053685313028 3.1132683346437333 1.6308419060349375 3.2769667020129059 0.63151168872206365 207.50000000000003 5.2443855436100657 1.0000000180025095e-35 -0.37940952255126015 0.007475535878355929 5.7822843490610341 7.7984545499745925 7.7064854422034319 52.500000000000007 176.50000000000003 0.84605918233744193 4.166635176627655 2289.5000000000005
decision_type=2 2 2 2 2 2 2 2 2 2 2 2 2 2 2 2 2 2 2 2 2 2 2 2 2 2 2 2 2 2
left_child=2 4 16 7 5 20 -7 8 9 10 21 -12 14 -14 -10 -15 -1 -18 -6 -19 -2 -3 25 -24 28 -21 -22 -8 -5 -4
right_child=1 3 29 24 18 6 27 -9 12 -11 11 -13 13 15 -16 -17 17 19 -20 22 26 -23 23 -25 -26 -27 -28 -29 -30 -31
leaf_value=-0.0067489942459354919 0.00049722443143087756 0.0036502581721486009 0.0047754505322352503 0.001557527980006503 -0.0023956428038022903 0.011856647348854004 0.0037246076743768877 -0.0028757062897532149 0.027282670193776361 -0.010652717599763231 0.035603976247592997 0.0058078396793965689 -0.011504680661439901 0.018142381434383643 0.002513968863528256 0.0022404047005171661 0.0047133571705879349 0.0072218401031958332 0.0029710961784059475 -0.00093250651271156292 0.01529247991352551 -0.0048538828434381712 0.006086068526286818 -0.0013430328026710642 0.0001330109383121875 -0.0027548692563122788 0.0034505960568186264 0.0088592637449106705 0.0064432892356216442 -0.00114053249012702
leaf_weight=1488.6298704855144 6313.1323588080704 663.604046611581 3114.3324523642659 2090.5089848381467 4278.7909947987646 1142.6790353823453 4757.4286538786255 9776.2489855014719 218.55174482893199 939.27654625894502 176.26292986050248 245.27307997830212 346.98025584733114 259.60302213765681 216.09521680464968 1518.0601508431137 1038.3400157932192 445.69164300616831 1888.3494111257605 15165.442067577038 199.63112038606778 1624.8987621944398 1184.8048089216463 2490.9124012249522 3256.1490865675732 22278.702106369659 6239.052306657657 1302.6696988078766 2441.1411285805516 976.86444565886632
leaf_count=14291 109679 11710 263877 43049 78586 29725 90633 166135 5544 13369 5445 5277 6273 5462 4094 32000 9918 5258 39658 149379 3201 19669 13498 25543 60951 215243 111715 44066 52141 75150
internal_value=2.25129e-06 0.0012035 -0.00124165 -0.000245703 0.00252238 0.00353447 0.00594335 -0.00158019 0.000459765 -0.00212928 0.000824869 0.0182669 0.00415151 0.00193867 0.0149683 0.00456267 -0.00166888 -0.00149138 -0.000752373 -0.00164638 0.00217384 -0.00238791 -0.0017425 0.00105161 0.0024934 -0.00201678 0.00381775 0.00482835 0.00418942 0.00336288
internal_weight=98078.1 49894.4 48183.7 23772.7 26121.7 19954.6 7202.78 15984.9 6208.61 3649.32 2710.04 421.536 2559.29 2124.64 434.647 1777.66 44092.5 42603.9 6167.14 41565.6 12751.8 2288.5 41119.9 3675.72 7787.8 37444.1 6438.68 6060.1 4531.65 4091.2
internal_count=1710539 938382 772157 431119 507263 389019 164424 274978 108843 55470 42101 10722 53373 43735 9638 37462 433130 418839 118244 408921 224595 31379 403663 39041 156141 364622 114916 134699 95190 339027
is_linear=0
shrinkage=0.05


Tree=84
num_leaves=31
num_cat=0
split_feature=16 1 3 1 8 16 16 1 7 7 7 7 7 7 7 7 7 0 7 8 7 7 7 7 1 7 1 1 8 6
split_gain=52.9448 35.6514 35.6541 34.9126 21.6322 18.4354 16.8142 17.5473 16.1055 16.7846 69.7526 47.414 38.7185 34.2592 26.4499 21.9889 17.7595 15.2056 14.871 13.7111 13.7067 13.9186 14.5203 13.2611 12.8779 12.7083 11.9916 10.7345 10.4981 10.1928
threshold=0.7820556720631886 2166.5000000000005 1.0000000180025095e-35 620.50000000000011 4.3241107269113215 0.84605918233744193 0.89608254000280196 176.50000000000003 1.0000000180025095e-35 1.0397207708399181 2.1383330595080281 2.524928003624769 2.9174053685313028 3.1132683346437333 3.3497501700808394 3.4811217321331038 3.0201273556387074 50.500000000000007 3.6505739029280164 1.0000000180025095e-35 2.524928003624769 2.3502401828962087 1.0397207708399181 3.4175922930736511 430.50000000000006 2.3502401828962087 6958.5000000000009 267.50000000000006 7.2445845309701786 0.37940952255126048
decision_type=2 2 2 2 2 2 2 2 2 2 2 2 2 2 2 2 2 2 2 2 2 2 2 2 2 2 2 2 2 2
left_child=8 2 6 27 26 17 7 -2 -1 19 -11 25 -13 16 -15 23 -14 -5 -17 -10 21 22 -7 -16 -20 -12 -3 -4 -26 -9
right_child=1 4 3 5 -6 20 -8 29 9 10 11 12 13 14 15 18 -18 -19 24 -21 -22 -23 -24 -25 28 -27 -28 -29 -30 -31
leaf_value=0.0074719928753875092 0.0073492737037914417 -0.0015331529484341022 0.013387185002097663 0.002937753751473645 0.0031941015727105383 -0.00034518654168383351 0.0080306306267732743 -0.00345920816638158 -0.0037306246461208566 0.0091705202819153866 0.0013726304374225115 0.0063036343398543129 0.0013797527314780194 0.0055406984010335026 0.00046142567282789242 0.0044607799177131032 -0.010283627574818497 3.7548700866642304e-05 0.0021435669928457713 0.02280523238397332 0.0061942942482690888 -0.0093029853633442294 0.013381445518383647 -0.011258374209818294 -0.0016311372217370464 -0.0076903719521847786 -0.0067717350697659969 0.0055515083255103558 0.003520951511549777 0.0011078820124526419
leaf_weight=532.00518548768014 497.95630183583125 8824.1176227936521 476.68157515674829 7357.9468456143513 2298.451741299592 795.97200951492414 471.9907377967611 5153.4357787379995 6917.1427414333448 1653.611665640492 437.50793707882985 1846.895354624372 420.03064433811232 1590.7533318223432 341.78387866867706 1281.8900507297367 1463.8252297132276 11715.389858056791 2833.6538537810557 49.024669896811247 3595.6273979838006 295.71664868388325 254.18009285908192 821.52662279782817 23627.189569018316 3337.099225725513 1246.7672047354281 5262.359232026618 1031.9257209245116 1601.2718181004748
leaf_count=12161 7954 149949 10388 130712 44175 13969 12736 81696 85341 30708 6262 30913 6350 26228 5418 20962 21322 199993 46650 780 114772 5907 8277 12401 403242 44639 19824 111809 18780 26221
internal_value=2.3763e-06 0.00114481 0.001913 0.00269878 -0.00118276 0.0018615 -0.00111368 -0.00170877 -0.00117946 -0.00127604 -0.000887767 -0.00131387 -0.000743706 -0.00113325 -0.000741893 -0.00107572 -0.00768312 0.00115636 -0.000803258 -0.00354388 0.0045832 0.000278995 0.00297722 -0.00781506 -0.0010487 -0.0066399 -0.00218169 0.00620234 -0.00141553 -0.00237653
internal_weight=98033.7 49847.9 37478.5 29753.9 12369.3 24014.8 7724.65 7252.66 48185.9 47653.9 40687.7 39034.1 35259.5 33412.6 31528.7 29938 1883.86 19073.3 28774.7 6966.17 4941.5 1345.87 1050.15 1163.31 27492.8 3774.61 10070.9 5739.04 24659.1 6754.71
internal_count=1710539 938382 724434 595827 213948 473630 128607 115871 772157 759996 673875 643167 592266 561353 533681 507453 27672 330705 489634 86121 142925 28153 22246 17819 468672 50901 169773 122197 422022 107917
is_linear=0
shrinkage=0.05


Tree=85
num_leaves=31
num_cat=0
split_feature=16 17 1 10 8 10 7 7 7 10 7 7 10 7 10 8 16 10 6 7 16 0 1 7 9 7 10 8 0 1
split_gain=57.2849 37.0918 32.0908 29.1474 39.0723 26.2538 42.1194 52.9826 91.7088 46.4669 55.0106 40.1038 53.2776 43.9885 27.1345 18.775 16.9343 16.4287 16.0713 14.248 13.4589 13.4069 13.1251 12.3411 11.9915 11.2054 11.081 10.9461 10.875 12.4384
threshold=0.7820556720631886 0.80562823820593621 6958.5000000000009 7.8356244818714931 3.860674306308975 5.090154282221655 2.524928003624769 2.3502401828962087 1.0397207708399181 0.3497316826816268 1.8688348091416842 2.9174053685313028 0.73060162963332453 3.1132683346437333 0.3497316826816268 5.0530509062989237 0.87777679991217206 1.0000000180025095e-35 0.1294095225512602 3.2769667020129059 0.87366126647385423 48.500000000000007 133.50000000000003 3.0201273556387074 2.4414009612931857 2.3502401828962087 8.2020490081997703 5.1209788959100075 56.500000000000007 591.50000000000011
decision_type=2 2 2 2 2 2 2 2 2 2 2 2 2 2 2 2 2 2 2 2 2 2 2 2 2 2 2 2 2 2
left_child=1 18 3 4 5 6 7 8 17 10 -10 12 -8 23 19 26 -16 -2 22 -15 25 -9 -1 -13 -17 -6 -5 -4 -7 -30
right_child=2 -3 27 15 20 28 11 21 9 -11 -12 13 -14 14 16 24 -18 -19 -20 -21 -22 -23 -24 -25 -26 -27 -28 -29 29 -31
leaf_value=0.011694399577459628 0.0072252934261139937 0.0030085371097168805 -0.007520992452406134 -0.0023878991899237562 0.041089234352186324 0.0011803703512564101 0.029900486611924418 -0.00099082861885773309 0.036212798825943401 0.0066857792927485131 0.00088483370667547358 0.0036066564350483695 0.0063073971098860163 0.026477226584967907 0.0034261654767324167 -0.0019756506145155723 0.016584948060094591 -0.0011363755828716815 -0.00029908355717564726 0.01064925163659191 0.014102001768342039 -0.0098013632696485765 -0.0024439037675380664 -0.0098805409484541626 0.0042842234595912142 0.0048191220230318172 -0.0089471822859353307 0.0068629442020344397 0.0025527744676209982 -0.0021289554370792487
leaf_weight=165.06274521863088 661.89168036961928 4589.4053891352378 1335.5784984179772 3761.4463431988843 21.375903956592083 9306.8402320011519 371.30128535162657 650.0922462423332 374.83038730779663 787.13370295101777 156.0738620813936 230.72113804053515 672.99820880359039 182.44143031677231 3965.905150980223 1364.3283839197829 260.56227127229795 5221.9031624309719 13711.17976885289 644.30499385902658 433.41263985214755 1285.7813244857825 29780.837180138566 640.34067442873493 1741.6561833899468 5592.534685570281 776.86485634976998 146.80274477042258 1750.5350779094733 7484.0876935445704
leaf_count=1487 16553 364038 21511 67434 475 173582 10478 9952 12933 16893 3094 4441 14103 4641 83878 26777 10012 66034 127635 16286 16647 18902 279462 12056 35594 117473 12367 2751 31686 132209
internal_value=-3.93258e-05 -0.00126734 0.00114986 0.00137208 0.00190421 0.00125695 0.00273368 0.000500797 0.00247474 0.0143959 0.0258272 0.00566161 0.0146959 0.00406909 0.00585789 -0.00146076 0.00423741 -0.000195738 -0.00171683 0.0141421 0.00561263 -0.00684267 -0.00236597 -0.00630814 0.00153452 0.00495723 -0.00351071 -0.00609653 -2.58367e-05 -0.00124148
internal_weight=98068.2 48246.5 49821.7 48339.4 40695.1 34647.7 16106.3 9137.71 7201.83 1318.04 530.904 6968.58 1044.3 5924.28 5053.21 7644.3 4226.47 5883.79 43657.1 826.746 6047.32 1935.87 29945.9 871.062 3105.98 5613.91 4538.31 1482.38 18541.5 9234.62
internal_count=1711384 772622 938762 914500 772328 637733 300256 144361 115507 32920 16027 155895 24581 131314 114817 142172 93890 82587 408584 20927 134595 28854 280949 16497 62371 117948 79801 24262 337477 163895
is_linear=0
shrinkage=0.05


Tree=86
num_leaves=31
num_cat=0
split_feature=17 17 1 7 10 7 7 7 10 9 7 10 7 7 7 7 7 10 7 10 10 7 10 7 9 10 3 7 10 1
split_gain=43.5605 35.5412 25.597 23.9589 49.4474 51.6185 34.0973 29.711 21.5262 21.9372 21.3591 20.0306 25.7049 81.4366 75.5629 48.5566 49.9175 37.2452 38.2865 33.55 24.7954 19.4425 16.4169 20.1873 15.3549 14.8917 14.5266 14.4412 14.2532 13.9481
threshold=0.78191805040034468 0.66650849354048136 363.50000000000006 1.0397207708399181 1.8183832997795706 1.8688348091416842 2.524928003624769 2.8029010331479989 7.9281248631471941 4.7578820629520608 3.1132683346437333 5.5842168749690781 2.524928003624769 2.3502401828962087 1.0397207708399181 2.9174053685313028 3.1132683346437333 0.73060162963332453 1.8688348091416842 0.58835231277292122 0.58835231277292122 1.0000000180025095e-35 1.4162525511477868 3.3497501700808394 2.6735537653587351 0.14313038490420291 1.0000000180025095e-35 3.4811217321331038 0.14313038490420291 1124.5000000000002
decision_type=2 2 2 2 2 2 2 2 2 2 2 2 2 2 2 2 2 2 2 2 2 2 2 2 2 2 2 2 2 2
left_child=1 3 -2 -1 5 28 -7 25 9 -6 -9 12 13 14 21 19 -17 18 -16 -14 -15 -4 23 -18 29 -8 -3 -25 -5 -10
right_child=2 26 11 4 8 6 7 10 24 -11 -12 -13 15 20 17 16 22 -19 -20 -21 -22 -23 -24 27 -26 -27 -28 -29 -30 -31
leaf_value=-0.0026851395746347166 0.005676991342850159 -0.0060796878299078719 0.0096417139417718789 0.031288107943313284 0.00032944276923201602 -0.0021725948736988454 0.030988311689524518 -0.0040814457068381769 -0.0068410746880177608 0.018063468495419482 0.010033218624432193 -1.299142437060224e-05 0.031314844307269045 -0.014745793640732441 0.037598646026796252 -0.0087467696449774791 0.025248868816043876 0.0080971907890582968 0.0011743470601231366 0.0092719975082308764 -0.0025806935232209763 -0.0011516021156080054 0.0034801050297366904 -0.0077234607102103954 0.001450701110643083 0.0051291276238513107 -0.0022074853964919408 0.010359540906335325 0.0070121368660515911 -0.0016334175112632902
leaf_weight=7839.5248889382929 3036.4928533807397 3038.348898043856 481.50872608134523 244.33218410238624 26485.889641975984 1190.8113443814218 201.83783166855574 381.05253150686622 2395.4083538688719 175.53980476781726 903.64087097719312 22445.217375274282 249.23548350762576 926.52744361013174 282.00589427584782 784.73778757127002 191.8794102142565 576.02490679966286 96.945945230312645 561.56907951179892 764.48327047750354 3125.8006536816247 4349.2545850351453 135.21821127319708 1684.5809888727963 76.881154634058475 11941.450307707302 601.73890637978911 80.34794944152236 2775.7426374256611
leaf_count=43362 103262 24739 21696 3023 166315 6785 1992 2535 14411 1189 7091 748593 11947 23077 15823 23974 8091 22299 3558 20749 18729 79747 169770 4718 10644 601 110558 25006 681 16419
internal_value=-3.70301e-05 -0.000886686 0.00127052 -0.00017666 0.000360701 0.00642472 0.0042019 0.00905719 -0.000196343 0.000446204 0.00584667 0.000894374 0.00244584 0.000126123 0.00359994 0.00455621 0.00301939 0.0161062 0.0282803 0.0160478 -0.00924611 0.000289105 0.00476877 0.0108029 -0.00269516 0.0238554 -0.00299288 0.00704164 0.0252806 -0.00404574
internal_weight=98024 59415.4 38608.6 44435.6 36596.1 3078.9 2754.22 1563.41 33517.2 26661.4 1284.69 35572.1 13126.9 6253.3 4562.29 6873.63 6062.83 954.977 378.952 810.805 1691.01 3607.31 5278.09 928.837 6855.73 278.719 14979.8 736.957 324.68 5171.15
internal_count=1711384 410345 1301039 275048 231686 22708 19004 12219 208978 167504 9626 1197777 449184 184929 143123 264255 231559 41680 19381 32696 41806 101443 207585 37815 41474 2593 135297 29724 3704 30830
is_linear=0
shrinkage=0.05


Tree=87
num_leaves=31
num_cat=0
split_feature=16 1 16 4 3 1 0 6 8 7 1 16 10 10 8 8 10 1 0 9 0 7 4 7 16 10 8 7 8 8
split_gain=51.1375 29.1598 27.6009 26.5018 25.1606 29.1974 21.0715 17.9856 17.6487 17.2298 15.8963 14.8571 14.2133 13.2624 17.3015 17.1813 11.4322 11.2015 10.5269 10.2192 10.1223 9.85832 9.66873 13.0247 13.5375 8.7747 10.5367 16.4577 8.58739 8.49353
threshold=0.7820556720631886 5080.5000000000009 0.87226800063066301 2.5000000000000004 1.0000000180025095e-35 620.50000000000011 56.500000000000007 0.1294095225512602 2.4414009612931857 4.7578820629520608 541.50000000000011 0.92778075015659234 6.6063040438487688 6.4549615041176027 3.9019216517693867 1.0000000180025095e-35 7.9281248631471941 894.50000000000011 80.500000000000014 4.8322978221268906 86.500000000000014 3.0201273556387074 2.5000000000000004 1.0397207708399181 0.84829995261970514 0.005927438483865035 1.2424533248940002 3.9219243190762363 5.8707073513045964 2.1383330595080281
decision_type=2 2 2 2 2 2 2 2 2 2 2 2 2 2 2 2 2 2 2 2 2 2 2 2 2 2 2 2 2 2
left_child=7 2 4 11 10 12 25 13 9 -8 22 18 -6 15 -15 20 -10 -5 -4 -9 -1 -17 23 -2 -25 -7 -27 -28 -23 -29
right_child=1 -3 3 17 5 6 8 19 16 -11 -12 -13 -14 14 -16 21 -18 -19 -20 -21 -22 28 -24 24 -26 26 27 29 -30 -31
leaf_value=-0.0014365756717970354 -0.0086831357999082818 -0.0038777773112079841 0.0011612383521102129 0.014531176012924774 0.0072549339941661156 0.0079859688330631892 -0.0010702225219909886 7.5671633689705379e-05 0.0029532619214589018 -0.0087643362699305945 -0.0044744827851699691 0.0098479383183259078 0.0018819852719055429 -0.0040355238873932622 -0.00084243694567128044 0.0097089488337744195 -0.0016710414597615264 0.0065809234572841773 -0.0096895762671630244 0.011519241794804116 -0.0061384062048181641 0.00055405030857891291 0.0027523123621167392 0.0023219475628898684 -0.013876096264764708 0.00047751248762915199 0.0088928330074628231 -0.0020281350441274902 0.014557173858862089 0.0030001277099695107
leaf_weight=7888.5294563723728 551.75020423950627 2788.535047465004 1446.7073186961934 736.52531113149598 3004.3159578479826 647.55171252740547 8321.477589729242 15069.782173072919 4745.2451597722247 797.33656898932531 3017.6079289591871 433.46417613700032 2085.1371638202108 10781.260862669442 6994.6247589504346 331.14034665143117 1860.5573020745069 1111.9159170631319 264.3640233296901 197.64729085657746 1338.974310124293 5519.5937918447889 2024.8765953704715 1144.4210489923134 145.37431627698243 6217.1067756055854 1100.4244086081162 968.13286254554987 111.69973416393623 6337.1688309297897
leaf_count=116686 6452 45953 39664 25687 60754 13029 135931 248223 94811 14718 46440 12558 40940 155479 116421 5955 32702 37951 6684 3554 18458 105003 32453 17835 3406 101011 22590 18955 2843 128238
internal_value=-3.4864e-05 0.00108985 0.00138482 0.0053612 0.0010153 0.00154377 0.000967437 -0.00119494 -0.000317278 -0.00174299 -0.00175479 0.00157942 0.00505365 -0.00185201 -0.00277908 -0.000767116 0.0016508 0.00974876 -0.000515235 0.000223816 -0.00211884 0.00132483 0.000367841 -0.00225401 0.000496247 0.00229037 0.00203814 0.00319243 0.00083181 0.00233376
internal_weight=97983.2 49750 46961.5 3992.98 42968.5 36084.5 30995 48233.3 15724.6 9118.81 6884.03 2144.54 5089.45 32965.8 17775.9 15189.9 6605.8 1848.44 1711.07 15267.4 9227.5 5962.43 3866.42 1841.55 1289.8 15270.4 14622.8 8405.73 5631.29 7305.3
internal_count=1711384 938762 892809 122544 770265 663679 561985 772622 278162 150649 106586 58906 101694 520845 271900 248945 127513 63638 46348 251777 135144 113801 60146 27693 21241 283823 270794 169783 107846 147193
is_linear=0
shrinkage=0.05


Tree=88
num_leaves=31
num_cat=2
split_feature=16 0 16 6 6 8 10 2 3 3 2 10 10 8 8 10 8 8 10 7 7 7 10 7 10 7 7 6 10 10
split_gain=46.1756 25.6015 17.6804 16.6138 16.2251 14.2868 13.7055 13.2779 13.3557 12.3115 12.4033 12.0509 11.953 15.5945 15.506 11.4788 11.6139 10.659 10.5682 10.4714 10.0729 24.7436 30.9047 10.8449 24.2247 17.822 13.57 10.056 9.94195 9.73951
threshold=0.7820556720631886 59.500000000000007 0.87493823853813502 -0.37940952255126015 0.1294095225512602 2.8617925509761908 8.2174910681638984 0 1.0000000180025095e-35 1.0000000180025095e-35 1 5.7623678269252423 6.4549615041176027 3.9019216517693867 1.0000000180025095e-35 7.3978148159172425 1.2424533248940002 5.4049245766661995 1.8183832997795706 2.524928003624769 2.1383330595080281 1.0397207708399181 0.053476163890834059 2.524928003624769 0.053476163890834059 2.9174053685313028 3.1132683346437333 -0.60355339059327384 1.0000000180025095e-35 8.3676890553033072
decision_type=2 2 2 2 2 2 2 1 2 2 1 2 2 2 2 2 2 2 2 2 2 2 2 2 2 2 2 2 2 2
left_child=4 3 5 9 12 6 7 8 -3 -2 -11 -7 14 -14 -1 16 20 -12 -18 -4 21 28 -23 -22 25 -25 -27 -9 -5 -21
right_child=1 2 19 15 -6 11 -8 27 -10 10 17 -13 13 -15 -16 -17 18 -19 -20 29 23 22 -24 24 -26 26 -28 -29 -30 -31
leaf_value=-0.0020125668822435772 -0.0026030005014544646 -0.0012935507660814267 -0.0011718061419164435 0.013093967442021957 0.00021265844084968874 0.0068872073010066348 -0.022681185674334164 -0.0041084448044399332 0.0061378929009936311 0.0057308500290349706 0.00030781597015808941 0.00045730155484718514 -0.0038309173424741906 -0.00080010438884032826 0.0012592861133657997 0.00088853724958381716 0.018220892913977962 0.0057169842117577637 0.0056811427522943667 0.0080556445198418213 -0.0034950040340708285 0.039334520858356183 0.0086969413466915762 0.036226030327662744 0.00081718534165147469 -0.0066747775933300949 0.018770108648963887 -0.0010082380656223173 0.0016480462537466136 -0.026167943867018595
leaf_weight=9228.986647053156 2195.6534611461684 1417.791962672025 514.90982568031177 209.84717622585595 15266.283018351067 828.48120231740177 76.391851957887411 4207.1182333594188 1054.0830618306063 1485.5433981455863 9090.774669891689 6050.6020766156726 10789.02163548721 6996.4194836285897 5959.5474019772373 3657.0106082274579 175.6067199469544 1012.1406939555891 3889.2477082945406 1118.4717528591864 980.74127606721595 104.01367933535948 394.47688345611095 80.174340274650604 2033.2860871539451 86.880430175922811 132.02245199773461 6914.7825804036111 1977.8795615425333 21.182336693629622
leaf_count=135144 36522 20672 11096 5473 251777 19043 977 68285 19961 32299 173255 113926 155479 116421 113801 70091 5021 21595 87651 38760 14919 3713 8744 2466 39202 1663 3305 113922 25688 513
internal_value=-3.29757e-05 0.00103648 -0.00022645 0.00205598 -0.00113499 -0.000626805 -0.00156203 -0.00144335 0.00186789 0.00082995 0.00148039 0.00123169 -0.00175893 -0.00263866 -0.000728785 0.00328764 0.0041594 0.000848883 0.00622288 0.00474587 0.00276129 0.00503661 0.0150897 0.000916495 0.0027715 0.0160579 0.00867128 -0.002179 0.00274594 0.00741954
internal_weight=97949.4 49709.1 22203.8 27505.3 48240.3 20549.3 13670.2 13593.8 2471.88 13784.1 11588.5 6879.08 32974 17785.4 15188.5 13721.2 10064.2 10102.9 4064.85 1654.56 5999.32 2686.22 498.491 3313.1 2332.36 299.077 218.903 11121.9 2187.73 1139.65
internal_count=1711384 938762 407155 531607 772622 356786 223817 222840 40633 263671 227149 132969 520845 271900 248945 267936 197845 194850 92672 50369 105173 43618 12457 61555 46636 7434 4968 182207 31161 39273
cat_boundaries=0 1 2
cat_threshold=4 4
is_linear=0
shrinkage=0.05


Tree=89
num_leaves=31
num_cat=0
split_feature=16 4 17 6 16 10 8 8 10 16 8 16 1 4 3 4 0 16 16 16 1 17 0 17 10 10 11 1 9 1
split_gain=42.8954 39.5365 26.4953 25.2515 22.4728 19.1187 22.2806 17.6351 23.2825 16.0596 14.5424 14.3965 21.0328 14.9065 24.8374 14.0343 13.6782 13.074 12.6993 14.9409 12.0005 13.161 11.8976 11.5952 11.4258 11.3817 12.3944 15.4261 10.7807 11.1568
threshold=0.8304055654796666 1.5000000000000002 0.78953251609163166 -0.37940952255126015 0.86002122308110285 7.3978148159172425 4.4716224665663962 1.8688348091416842 6.6693824375441109 0.87366126647385423 3.6242520361853052 0.74255678376063361 1560.5000000000002 1.5000000000000002 1.0000000180025095e-35 4.5000000000000009 45.500000000000007 0.82557117265305535 0.84386114761678221 0.84605918233744193 5925.5000000000009 0.64592994198069786 106.50000000000001 0.64679273484672806 7.6120171634897886 4.508883231672506 1.0000000180025095e-35 569.50000000000011 6.2943324088824708 207.50000000000003
decision_type=2 2 2 2 2 2 2 2 2 2 2 2 2 2 2 2 2 2 2 2 2 2 2 2 2 2 2 2 2 2
left_child=3 2 4 7 18 6 11 22 20 16 -7 -5 13 14 -13 24 -3 -16 -2 -20 -9 -22 25 -18 -11 26 27 -1 29 -10
right_child=1 9 -4 5 -6 10 -8 8 28 15 -12 12 -14 -15 17 -17 23 -19 19 -21 21 -23 -24 -25 -26 -27 -28 -29 -30 -31
leaf_value=0.0064512112514033331 -0.011604513457478009 0.0051682623412666545 0.0020454410011220294 -0.0015117855040452856 -0.0041528628908317124 -0.0030898397259370228 0.0062232637977330564 0.0029640775378942871 0.011256759140287027 0.0071333664614999688 0.00031798140488475474 -0.0028188585309213946 -0.00062994209262915498 0.0019184603793966901 0.011433388488844856 0.016208384508631195 -0.0072838473151772241 -0.011022970306462468 -0.083173291280708328 -0.025471930086744844 0.056174574640071834 -0.0088578183244229607 -0.0071748418695685313 0.0017123067817557749 -0.00057934420059609689 -0.0030770122868279738 -0.0028070820955578253 -0.00046814506066354705 0.013648345679484275 -0.0016959737176216205
leaf_weight=1020.2177570294589 236.63559619709849 3169.6672859215178 942.55422280821949 5637.6422626795247 738.3561603166163 5738.0753384311683 1982.2772275358438 5374.3037488143891 168.36392453638837 2009.9283317746595 6889.1480639367364 492.19753522472456 8105.1927641713992 10352.572258915287 1283.5449807802215 331.28111936897039 375.38815532997251 68.261151342652738 12.153819032013415 145.8254833035171 7.9865163117647162 300.62084126705304 1207.2337490525097 7814.441889856942 630.91884542163461 11838.071966832038 3867.7147710500285 3827.2741166232154 117.96743421396241 13231.19529885659
leaf_count=17515 2105 77273 41718 54687 7131 81733 39985 103002 2632 65965 113507 7562 139435 188672 25049 11471 3129 843 97 1229 44 5146 16084 188079 20249 164774 50529 66658 2268 212813
internal_value=-3.11358e-05 0.00230143 -0.00414821 -0.00050066 -0.00930091 0.000383853 0.00111397 -0.00137627 -0.000271807 0.00323548 -0.0012306 0.00072352 0.00134425 0.00265619 0.00679792 0.00650765 0.00237934 0.0102994 -0.0189333 -0.0299111 0.00241349 -0.00717483 -0.0023508 0.00129996 0.00529074 -0.00206745 -0.000696148 0.000988124 -0.00140073 -0.00153322
internal_weight=97917 16407.2 2075.53 81509.9 1132.97 40548.9 27921.7 40961 19200.4 14331.6 12627.2 25939.4 20301.8 12196.6 1844 2972.13 11359.5 1351.81 394.615 157.979 5682.91 308.607 21760.5 8189.83 2640.85 20553.3 8715.21 4847.49 13517.5 13399.6
internal_count=1711384 418446 52280 1292938 10562 651473 456233 641465 325905 366166 195240 416248 361561 222126 33454 97685 268481 25892 3431 1326 108192 5190 315560 191208 86214 299476 134702 84173 217713 215445
is_linear=0
shrinkage=0.05


Tree=90
num_leaves=31
num_cat=1
split_feature=16 8 7 7 7 7 7 7 16 7 7 0 7 7 7 7 8 16 7 8 0 16 0 8 5 16 8 16 7 2
split_gain=35.7018 33.3056 18.7935 68.7457 63.2609 52.5786 69.9566 49.4128 18.7843 17.517 17.323 15.8336 14.4285 15.5811 13.6157 12.5659 27.999 11.4163 10.0204 31.5034 9.86603 9.61973 9.55936 9.37066 9.19796 8.885 8.7996 8.28387 8.08348 7.80779
threshold=0.7820556720631886 1.4978661367769956 3.0201273556387074 3.1132683346437333 2.524928003624769 2.3502401828962087 1.0397207708399181 3.3497501700808394 0.63151168872206365 1.0000000180025095e-35 1.0397207708399181 51.500000000000007 3.4811217321331038 3.6505739029280164 2.1383330595080281 4.7050052835523761 2.8029010331479989 0.88055761635375041 6.2681484161238128 4.0689902272260703 65.500000000000014 0.80495717034751546 37.500000000000007 4.5053345884235583 -0.5 0.89608254000280196 0.89587973461402759 0.87226800063066301 2.9174053685313028 0
decision_type=2 2 2 2 2 2 2 2 2 2 2 2 2 2 2 2 2 2 2 2 2 2 2 2 2 2 2 2 2 1
left_child=8 2 4 -4 5 6 9 -5 -1 -2 -3 -10 -9 -14 -8 -12 -17 21 27 -20 26 -16 -11 24 -13 -15 -7 -18 -6 -24
right_child=1 10 3 7 28 20 14 12 11 22 15 23 13 25 17 16 18 -19 19 -21 -22 -23 29 -25 -26 -27 -28 -29 -30 -31
leaf_value=-0.0063234858151702909 0.006636599034144295 0.033741207027599245 -0.01349341616751753 0.0079772074886352868 0.0094289218631302546 -0.0042644598730434266 0.010514345804998109 -0.0086397323834148006 0.00043058525949428146 0.0025372724825513697 0.0040761471773304398 -0.00057327655563579048 0.0045215719845809795 -0.0031321949071194278 -0.0066867220400556445 -0.002911712372377492 0.0035979373262690177 -0.029824883963836014 -0.0048476491239923779 0.002784886623316473 -0.0097065792086345175 0.0079551995603793346 -0.0006268401067432498 0.00039156555128497234 -0.0026458776473422454 0.009339502130673907 0.041564378945190661 0.011142875968900868 0.0017702479862364317 -0.0040926895244795944
leaf_weight=1555.212292322889 675.96035584900528 43.742796163540334 1162.3239543838426 1418.3309964798391 2026.7357935793698 2104.9658042145893 1909.7352234544232 802.98846852825955 17887.493205906358 1107.0650828313082 6790.2227213359438 8346.4523506765254 905.40847899019718 4119.7939625792205 166.02032888587564 2937.613448954653 5025.0744574209675 27.566845088731498 1641.2184168878011 7670.4672981263138 1203.6735331276432 345.89279341325164 3050.6369712734595 5503.9635753892362 14925.701147028245 147.93388029048219 10.526683148927985 392.19266346422955 415.09757452085614 3501.225461628288
leaf_count=17378 17078 846 20112 27774 42197 30343 45503 15102 299552 14380 142528 131944 17680 76458 2153 59158 99342 822 33252 161805 16794 6023 39145 95835 227870 4907 199 14769 7198 42373
internal_value=5.10527e-05 0.000992846 -0.000287159 -0.00218955 0.000696718 -0.000589756 0.00110395 -0.000412712 -0.000917764 -0.00107906 0.00230427 -0.000737602 -0.00240392 -0.00143598 0.00853292 0.00224804 0.0015454 0.00151875 0.00243435 0.00143962 -0.00609266 0.00320663 -0.00176003 -0.00146376 -0.00190255 -0.00269988 -0.00403642 0.00414417 0.00812699 -0.00248615
internal_weight=97821.2 49602.4 25101.9 8556.78 16545.1 14103.3 10784.1 7394.46 48218.8 8334.89 24500.5 46663.6 5976.12 5173.14 2449.22 24456.8 17666.6 539.48 14729 9311.69 3319.17 511.913 7658.93 28776.1 23272.2 4267.73 2115.49 5417.27 2441.83 6551.86
internal_count=1710520 937941 426241 162033 264208 214813 167477 141921 772579 112976 511700 755201 114147 99045 54501 510854 368326 8998 309168 195057 47336 8176 95898 455649 359814 81365 30542 114111 49395 81518
cat_boundaries=0 1
cat_threshold=12
is_linear=0
shrinkage=0.05


Tree=91
num_leaves=31
num_cat=0
split_feature=16 8 10 1 3 10 1 16 7 7 10 8 1 1 0 8 10 8 7 16 7 3 8 10 1 0 8 10 7 16
split_gain=32.2609 26.1264 23.7784 23.4675 27.7957 22.7385 24.112 14.6547 14.044 14.6524 13.6207 21.8494 21.3639 12.9128 12.7863 12.6753 12.3938 13.0768 10.7512 10.6297 10.5313 10.4071 10.1766 9.57153 9.44413 9.68312 9.33433 14.0146 9.13693 8.78423
threshold=0.81308362570867387 1.4978661367769956 5.8428412167779049 192.50000000000003 1.0000000180025095e-35 0.011468778866561308 541.50000000000011 0.60617271857397148 2.524928003624769 2.8029010331479989 6.1227990237026413 4.8322978221268906 1894.5000000000002 430.50000000000006 48.500000000000007 6.2255475492814139 7.9505305930663832 4.0689902272260703 3.1132683346437333 0.72726264033176469 6.1366459725839873 1.0000000180025095e-35 5.0271592211193568 7.9614086878922565 267.50000000000006 84.500000000000014 0.89587973461402759 7.9171557713989289 6.3359399913222516 0.87226800063066301
decision_type=2 2 2 2 2 2 2 2 2 2 2 2 2 2 2 2 2 2 2 2 2 2 2 2 2 2 2 2 2 2
left_child=3 5 -3 -1 7 8 -7 -5 21 -10 11 12 19 -9 -8 -12 17 20 -11 -6 -4 -2 28 29 -21 -26 -15 -28 -18 -16
right_child=1 2 16 4 10 6 14 13 9 18 15 -13 -14 26 23 -17 22 -19 -20 24 -22 -23 -24 -25 25 -27 27 -29 -30 -31
leaf_value=0.0062132086632025732 -0.0030933913319060769 0.0071563290464651862 0.0025136991412949721 -0.013516752963409762 -0.0015775922828798247 0.0037338218916953048 0.00057475863664268885 -0.0003612431314870628 0.030332447848195949 -0.0043517580290074447 -0.0011529510721388046 0.011319832042962722 -0.0013681751713753533 -0.0053009920327429065 -0.0037841075320282818 0.0019635904484430048 0.00077269568985116925 0.0056806451131807059 0.01540406364194692 0.014543723824649607 -0.0038078160121982683 0.0048035926228740386 0.0021101463508662547 -0.014532782007542131 0.0027462437330433957 -0.0015160515126951459 -7.2821589597884973e-05 -0.0063337902914367694 -0.0074140275297347423 0.0017405440153524885
leaf_weight=1272.934140431229 565.03198967501521 2855.5058563705534 3657.8700835625641 304.59637231193483 2014.168981615454 2236.8826131098904 3095.625541002024 4817.9350326531567 93.583586195018142 114.25938893202692 29031.240008132067 481.67127026803792 8804.8110338211991 4133.5179375563748 5168.1923706103116 3675.5584009620361 600.87854711478576 2916.3167314804159 173.34484126791358 156.72100277617574 803.57538851210847 1594.6572780790739 1458.2765329848044 185.96410347009078 10169.893663752824 1533.4188245222904 2961.6902941791341 1280.1192613169551 787.46103584114462 835.87393144983798
leaf_count=17749 8921 84403 88194 3300 20215 45275 62603 65508 3260 2705 443587 11663 136958 52405 93478 64430 12299 76769 5190 3165 20516 32704 34860 3198 189655 26069 45059 16653 17545 22184
internal_value=4.87182e-05 0.00151382 0.00312232 -0.000514259 -0.000637716 1.78112e-05 -0.000926301 -0.00267398 0.00429923 0.0131473 -0.000145744 0.000782013 0.000558204 -0.00242365 -0.00204891 -0.000802717 0.00199569 0.00307701 0.00755547 0.00178072 0.0013751 0.00273753 -0.000806847 -0.003361 0.00235105 0.00218778 -0.00361006 -0.0019623 -0.00387078 -0.00301498
internal_weight=97781.6 27143.3 13079.9 70638.3 69365.3 14063.4 11522.5 13497.9 2540.88 381.188 55867.5 23160.7 22679 13193.3 9285.66 32706.8 10224.4 7377.76 287.604 13874.2 4461.45 2159.69 2846.62 6190.03 11860 11703.3 8375.33 4241.81 1388.34 6004.07
internal_count=1710520 614104 334586 1096416 1078667 279518 226738 182925 52780 11155 895742 387725 376062 179625 181463 508017 250183 185479 7895 239104 108710 41625 64704 118860 218889 215724 114117 61712 29844 115662
is_linear=0
shrinkage=0.05


Tree=92
num_leaves=31
num_cat=0
split_feature=17 16 1 10 7 10 7 7 7 7 10 7 4 7 7 16 16 16 1 1 17 10 10 4 17 9 1 16 17 16
split_gain=32.5328 20.1658 17.7979 17.7579 20.9557 45.0357 60.0176 34.9874 21.8311 41.8867 67.4422 50.3052 18.93 18.9052 16.313 15.7445 14.8946 13.0018 12.9373 12.722 12.197 11.8603 12.7029 11.8459 11.4936 11.4479 12.1396 10.6308 10.493 10.3451
threshold=0.7929547680373682 0.60617271857397148 1163.5000000000002 6.8292887335230441 2.524928003624769 0.053476163890834059 2.8029010331479989 3.1132683346437333 2.3502401828962087 1.0397207708399181 0.73060162963332453 1.8688348091416842 3.5000000000000004 1.5890269151739729 3.2769667020129059 0.84033146576543671 0.84758461834173138 0.86411256026364247 2428.5000000000005 548.50000000000011 0.64679273484672806 1.0000000180025095e-35 1.0261490310845864 1.5000000000000002 0.81243880862274753 2.602003343538398 207.50000000000003 0.69687170892281691 0.66573474303533098 0.88523969389886492
decision_type=2 2 2 2 2 2 2 2 2 2 2 2 2 2 2 2 2 2 2 2 2 2 2 2 2 2 2 2 2 2
left_child=1 18 16 4 8 6 -6 -8 9 20 11 -11 -5 -12 -9 28 24 25 -1 -10 -3 -22 -23 29 -2 26 -14 -24 -7 -17
right_child=2 3 -4 12 5 15 7 14 19 10 13 -13 17 -15 -16 23 -18 -19 -20 -21 21 22 27 -25 -26 -27 -28 -29 -30 -31
leaf_value=-0.011875404199779671 0.0015478334845107408 -0.0073609403759848542 0.00025136336912313511 -0.0023772262674185366 0.030944029908594396 0.0010172821678802776 -0.0066867729101433753 0.025618189614560145 0.00099295336698338615 0.030292147546413337 -0.0036906684645072645 -0.00021657297689900779 0.01682951248810451 0.0062090498206148759 0.0075660380807037412 -0.01554832313872471 0.0068549447972337113 0.010552808145233636 0.0067787795042284354 -0.0061704469484295914 0.0051187138122610219 -0.0034137405130627374 -0.010414870223743048 0.0058152066838670184 0.0065469977458131297 0.0041478069490351087 -0.0008927922881482533 0.0011032809926091265 -0.0015683674432922922 0.0052965906301513481
leaf_weight=597.20785627886653 11504.508175236173 841.14329711347818 16312.915929380804 18451.130013924558 271.13127009244636 11426.032101169229 422.65194070804864 156.15814341697842 798.11615196801722 405.16997851803899 1012.5354673564434 202.71740663982928 97.723390409722924 920.82486986275762 630.14230550685897 129.19209082610905 1843.4987729801796 299.58743483573198 110.07792660221457 2774.3323668446392 713.90853603649884 4479.46445675008 211.74606835469604 2018.147490337491 1277.4079440338537 1419.4964098939672 8620.941842678003 3714.6338155008852 5975.8773945355788 110.37265399284661
leaf_count=3925 347120 4540 583375 153476 3848 69554 3815 1896 5944 6774 9125 1853 690 8102 6898 1657 101417 4814 738 20059 7550 31458 1506 32633 120155 11623 65042 25923 73320 1690
internal_value=4.64362e-05 -0.000574292 0.00138688 -0.000484437 0.00023761 0.00127224 0.00968316 0.00491499 -0.00112304 -0.000138055 0.00559177 0.0201181 -0.00141457 0.00102439 0.0111512 0.000639023 0.00265342 0.000287151 -0.00897217 -0.00457008 -0.00159986 -0.0010685 -0.00159398 0.00456738 0.00204744 -1.62038e-05 -0.000694151 0.000482118 0.000129361 -0.00594462
internal_weight=97748.8 66810.5 30938.3 66103.2 37214.3 21139.7 1480.08 1208.95 16074.6 12502.1 2541.25 607.887 28888.9 1933.36 786.3 19659.6 14625.4 10437.7 707.286 3572.45 9960.9 9119.75 8405.84 2257.71 12781.9 10138.2 8718.67 3926.38 17401.9 239.565
internal_count=1710520 558453 1152067 553790 318145 195311 16457 12609 122834 96831 25854 8627 235645 17227 8794 178854 568692 82169 4663 26003 70977 66437 58887 35980 467275 77355 65732 27429 142874 3347
is_linear=0
shrinkage=0.05


Tree=93
num_leaves=31
num_cat=0
split_feature=3 1 1 6 8 10 10 1 16 16 1 16 4 17 7 10 16 1 10 16 16 4 4 17 1 10 10 1 8 17
split_gain=29.6612 41.9416 32.8479 25.5255 19.1606 33.158 17.4767 20.9544 13.7589 13.0233 13.1113 12.1966 12.0517 14.1076 11.0295 10.8321 10.4271 9.77386 10.7095 9.60277 9.44538 9.16792 8.80024 8.52572 8.30276 8.99929 8.01492 9.43791 8.6822 7.93617
threshold=1.0000000180025095e-35 422.50000000000006 192.50000000000003 0.1294095225512602 2.602003343538398 6.5450163141586417 6.2223166653399291 2891.5000000000005 0.84317066732663426 0.64766222937444862 469.50000000000006 0.81308362570867387 2.5000000000000004 0.78953251609163166 1.0397207708399181 0.009263592076547986 0.80836355027193563 814.50000000000011 0.0050012057349847058 0.78144674642588374 0.89087966142384911 3.5000000000000004 3.5000000000000004 0.81216103087944347 2052.5000000000005 0.0023111235910171818 7.7201148991340069 1459.5000000000002 6.0001757199539174 0.64644959165753857
decision_type=2 2 2 2 2 2 2 2 2 2 2 2 2 2 2 2 2 2 2 2 2 2 2 2 2 2 2 2 2 2
left_child=2 8 21 4 6 16 7 17 15 -4 12 23 13 14 -11 -2 -6 18 -3 -7 -12 -1 -10 -5 25 -13 27 -21 -28 -19
right_child=1 3 9 11 5 19 -8 -9 22 10 20 24 -14 -15 -16 -17 -18 29 -20 26 -22 -23 -24 -25 -26 -27 28 -29 -30 -31
leaf_value=0.0032069019508978143 0.012663189173570561 0.010260359974962281 -0.0094045130814136828 0.00057148339805331786 0.0026908733050004948 -0.0015774589758560096 -0.0027684701497567312 -0.0034532717519953344 0.0098120212591682777 -0.010751360048648021 -0.0035409877103575594 0.020154464348867935 0.0014132993546303631 0.0018952709942285058 -0.0027759138738999325 0.0033213725795285497 0.0075989182149018538 -0.0065630821013618794 0.0018373847559894478 0.0051078740239656091 0.0056770369830871099 0.012452921595185708 0.025757307244027958 0.0060028809723790761 0.0007756854830628223 0.0041105244182755157 -0.0022743443897088383 6.4247604940353571e-05 0.0027983747833150423 0.00011981129880609977
leaf_weight=1163.2935327528976 348.65764258708805 425.95568160107359 629.80301736295223 16415.004746645689 3064.7290886319242 7893.9993791584857 11413.985388982575 4099.3815344404429 466.34781129937619 618.40905119478703 9453.7152397343889 88.988105827476829 3911.1408753539436 1077.4753481722437 1449.7555792434141 2820.9782015201636 1672.8027387526818 463.70536497980356 3309.2362555451691 1847.2006855085492 286.31336063146591 348.39713736996055 106.24418963491917 755.78316814126447 2318.1718787360005 4906.7236453443766 2668.1251215143129 1863.0037082973868 1233.4516996154562 10585.228119433858
leaf_count=17717 6636 8915 6455 212604 60136 131779 178498 63786 13851 3731 138588 2757 58265 34745 9473 51947 46634 2862 63170 40663 7953 5115 3398 68726 48492 119046 50167 36562 24922 192927
internal_value=4.43441e-05 0.000471513 -0.00173233 0.000213834 -0.000428083 0.000762929 -0.00122386 -0.000290231 0.00563756 -0.00234564 -0.00208096 0.00153887 -0.000439778 -0.00274381 -0.00516068 0.00434897 0.00442388 0.000586825 0.00279793 -0.000355614 -0.00327002 0.00533782 0.0127707 0.00081055 0.00324874 0.00439631 0.000911533 0.00257532 -0.000670646 -0.000160659
internal_weight=97706 78767.7 18938.3 75025.5 50540.8 20243.3 30297.5 18883.5 3742.23 17426.6 16796.8 24484.7 7056.78 3145.64 2068.16 3169.64 4737.53 14784.1 3735.19 15505.8 9740.03 1511.69 572.592 17170.8 7313.88 4995.71 7611.78 3710.2 3901.58 11048.9
internal_count=1710520 1428478 282042 1352646 901021 390863 510158 331660 75832 259210 252755 451625 106214 47949 13204 58583 106770 267874 72085 284093 146541 22832 17249 281330 170295 121803 152314 77225 75089 195789
is_linear=0
shrinkage=0.05


Tree=94
num_leaves=31
num_cat=1
split_feature=17 3 4 1 6 1 1 4 8 10 7 8 7 0 1 10 7 8 4 2 1 10 10 0 7 17 8 3 0 8
split_gain=28.5336 20.4184 26.8354 23.4298 16.9986 16.1889 16.0981 14.3115 12.5065 18.632 11.975 13.0473 13.2607 11.2745 11.0735 10.7468 15.7339 11.6288 11.589 11.1848 10.2681 14.3449 9.50892 9.95964 9.37438 8.85765 8.78525 8.7141 8.58248 8.5665
threshold=0.7929547680373682 1.0000000180025095e-35 3.5000000000000004 422.50000000000006 0.1294095225512602 256.50000000000006 371.50000000000006 2.5000000000000004 2.602003343538398 6.751162847909371 4.4601277074540464 1.0000000180025095e-35 3.3497501700808394 90.500000000000014 5441.5000000000009 7.2470747936897988 1.0397207708399181 7.1842499338898849 1.5000000000000002 0 1774.5000000000002 3.9900364437180573 5.2454598008557474 86.500000000000014 4.2268071048866842 0.65766009501192657 1.2424533248940002 1.0000000180025095e-35 63.500000000000007 2.1383330595080281
decision_type=2 2 2 2 2 2 2 2 2 2 2 2 2 2 2 2 2 2 2 1 2 2 2 2 2 2 2 2 2 2
left_child=1 2 15 -3 8 -2 25 14 10 -10 11 13 -13 20 27 16 18 -17 -1 22 21 24 23 -18 -5 -4 -21 -7 -9 -14
right_child=5 3 6 4 -6 7 -8 28 9 -11 -12 12 29 -15 -16 17 19 -19 -20 26 -22 -23 -24 -25 -26 -27 -28 -29 -30 -31
leaf_value=-0.011969305482372612 0.0074172258794206747 0.0045337840686205623 0.010486923357087031 0.0019601583337768018 0.00097664506394312851 -0.0002920012582380225 -0.00091616241101437487 0.0011486509763068912 0.0033300817325783941 -0.0008971938440921561 -0.0045780397677208 0.0047470671592536162 -0.0019072990358561311 -0.006228649818426921 -0.0056273328253992191 -0.0068515815124165508 0.0060667956647920927 0.0093110196587586312 -0.0037466199048838676 -0.0081986189064563574 -0.0035072563353364195 -0.0025977994510835486 -0.001573136693733412 -0.0082231816553080105 0.046171949336804796 0.0018410105038045685 0.00034880270562954432 0.0036045923964732776 -0.00098787698499934007 0.0040048581468623019
leaf_weight=599.89034577924758 1044.500442401506 2595.2011321755126 558.92128638923168 3076.0661791888997 16577.681387581863 1740.683583302889 3174.0188555326313 11695.424501345027 3531.3493172479793 9954.2646165331826 3164.693872555159 1529.5359029341489 3125.9354863958433 1485.936515067704 394.01803764235228 2944.7175337867811 1055.2054203264415 115.66039870865643 1499.8860531523824 729.33375451155007 4178.1167412810028 3332.1521463710815 1491.4671178981662 137.86347415484488 12.036562243476508 630.30444414447993 511.43112033046782 8165.0892066457309 7858.9209041860886 762.07765964698046
leaf_count=4132 39645 24403 3071 26667 141441 58671 23181 434064 35071 85675 26928 14171 28124 11249 12954 21546 8877 906 10447 5653 31383 25991 11401 1144 101 5672 4088 330154 276579 7131
internal_value=4.22583e-05 -0.00053908 -0.0022801 -9.99912e-05 -0.000337043 0.00129856 0.000942841 0.00108449 -0.000974715 0.000209763 -0.00174763 -0.00123583 0.000803081 -0.0021499 0.00259289 -0.0038279 -0.00260232 -0.00624075 -0.00609578 -0.000733545 -0.00157804 -0.000322563 0.00108433 0.00441554 0.00213248 0.00590448 -0.00463807 0.00291987 0.000289977 -0.000748475
internal_weight=97672.4 66773.7 13448.7 53325 50729.8 30898.6 4363.24 29854.1 34152.2 13485.6 20666.6 17501.9 5417.55 12084.3 10299.8 9085.46 6025.08 3060.38 2099.78 3925.3 10598.4 6420.25 2684.54 1193.07 3088.1 1189.23 1240.76 9905.77 19554.3 3888.01
internal_count=1710520 558453 100118 458335 433932 1152067 31924 1112422 292491 120746 171745 144817 49426 95391 401779 68194 45742 22452 14579 31163 84142 52759 21422 10021 26768 8743 9741 388825 710643 35255
cat_boundaries=0 1
cat_threshold=7
is_linear=0
shrinkage=0.05


Tree=95
num_leaves=31
num_cat=0
split_feature=17 17 16 1 0 16 8 1 16 17 0 9 16 1 1 8 8 6 7 9 3 8 7 7 7 7 7 7 7 7
split_gain=33.2974 26.1074 26.1453 20.9115 19.4692 17.4148 16.1047 14.0973 12.3953 11.3335 10.9053 10.6715 10.1015 10.5447 9.5833 9.16221 10.0816 9.60032 14.3793 10.2175 9.53079 9.06074 28.6893 53.4266 35.48 31.5304 24.6593 19.0367 9.85667 9.39063
threshold=0.78191805040034468 0.66650849354048136 0.71516687015749547 256.50000000000006 57.500000000000007 0.84758461834173138 5.2443855436100657 1193.5000000000002 0.90246548730006326 0.64679273484672806 44.500000000000007 3.9981586158983733 0.7989565723572235 1560.5000000000002 2009.5000000000002 9.2213649572534653 6.4960202730614363 0.1294095225512602 7.8011866957746134 5.9725357258298626 1.0000000180025095e-35 1.0000000180025095e-35 2.3502401828962087 1.0397207708399181 2.524928003624769 2.9174053685313028 3.1132683346437333 3.0201273556387074 1.0000000180025095e-35 2.1383330595080281
decision_type=2 2 2 2 2 2 2 2 2 2 2 2 2 2 2 2 2 2 2 2 2 2 2 2 2 2 2 2 2 2
left_child=1 2 7 -2 9 10 8 -1 -6 -4 -5 12 -11 -14 -7 16 17 19 -19 20 -3 22 23 28 -24 -26 -27 -23 -12 -25
right_child=3 15 4 5 6 14 -8 -9 -10 11 21 -13 13 -15 -16 -17 -18 18 -20 -21 -22 27 24 29 25 26 -28 -29 -30 -31
leaf_value=-0.0055048365044491898 0.0073053842404716511 -0.0067354603634426045 -0.0017795505368193212 0.0021170295874204798 -0.0014837873939401367 0.0053059958680533523 0.0032378085557809404 -0.00054255127287545731 0.011821154731530732 0.00073208801819865557 0.0071660954906277684 0.01045680683283747 0.0046957097739994879 0.00041512414292072609 -0.00024659465427883705 -0.050560095210031492 0.003335912739754083 -0.00019394035870734568 -0.012709246453249001 0.046344486348856462 -0.0029310883585241549 0.011483444653387504 -0.0094284490956973513 0.01440307944691289 0.0085884049858307616 -0.011770998501134756 -0.00015678299271583871 0.00044807104764162369 -0.0022124395016258659 0.0022686048707177158
leaf_weight=3194.5891756415367 1324.3838555053808 2091.4465634450316 2413.0684143155813 8101.4917780905962 16603.529508276843 3168.2844350668602 2165.867391500622 2592.9327980652452 176.91829966008663 10359.093915637583 309.09366274671629 355.17695631459355 4270.965845759958 2169.4890864044428 1029.6053990586661 9.9366876073181611 697.77513899561018 4171.924328439869 242.86713077127934 10.193316429853438 7734.355580303818 401.02243804559112 1813.6548336651176 784.41340178530663 715.98507206328213 638.81394853722304 1606.0111571666785 15334.803229749203 2992.4760960731655 200.11302066827193
leaf_count=16990 45296 17012 15212 269518 102365 159686 14253 13569 1683 57992 13291 2487 34509 15930 43231 94 6667 38009 2232 99 71282 14018 41475 31975 24516 16431 46563 516689 71859 5846
internal_value=-1.47056e-05 -0.000758016 -0.000148191 0.00113179 0.00032267 0.000911385 -0.000819793 -0.00328163 -0.00134351 0.00142885 0.000524396 0.00188016 0.00169883 0.00325378 0.00394413 -0.00256409 -0.00253219 -0.00281951 -0.000882434 -0.00368895 -0.00374086 4.04949e-06 -0.00125553 0.00171398 -0.00392129 -0.000547858 -0.00346186 0.000729304 -0.00133442 0.0119366
internal_weight=97680.3 59260.1 44301.6 38420.2 38514.1 37095.8 18946.3 5787.52 16780.4 19567.8 32897.9 17154.7 16799.5 6440.45 4197.89 14958.5 14948.6 14250.8 4414.79 9836 9825.8 24796.4 9060.56 4286.1 4774.47 2960.81 2244.83 15735.8 3301.57 984.526
internal_count=1710779 410385 274990 1300394 244431 1255098 118301 30559 104048 126130 1052181 110918 108431 50439 202917 135395 135301 128634 40241 88393 88294 782663 251956 122971 128985 87510 62994 530707 85150 37821
is_linear=0
shrinkage=0.05


Tree=96
num_leaves=31
num_cat=0
split_feature=16 4 16 16 1 8 10 8 10 7 7 7 10 7 7 10 7 7 10 10 7 7 7 7 7 7 7 7 1 4
split_gain=27.2375 28.2796 21.3796 20.1336 20.6832 19.8015 21.399 20.7824 17.2123 24.9694 39.8676 91.2737 42.4738 65.0369 35.4271 54.4349 38.8129 34.3924 19.385 16.9422 16.9191 31.266 19.844 18.4117 22.6751 18.6232 15.3633 15.571 14.5873 14.3525
threshold=0.84086899360887923 1.5000000000000002 0.89087966142384911 0.68801149572036502 192.50000000000003 1.7005986908310777 7.4281293653955816 3.9415346756528771 4.383856482162348 2.524928003624769 2.3502401828962087 1.0397207708399181 0.14313038490420291 1.5890269151739729 2.9174053685313028 0.58835231277292122 3.1132683346437333 3.2769667020129059 0.14313038490420291 0.0023111235910171818 3.0201273556387074 2.6735537653587351 3.1132683346437333 3.3497501700808394 3.4811217321331038 3.6505739029280164 9.0737184878621182 2.524928003624769 4133.5000000000009 3.5000000000000004
decision_type=2 2 2 2 2 2 2 2 2 2 2 2 2 2 2 2 2 2 2 2 2 2 2 2 2 2 2 2 2 2
left_child=3 2 -2 -1 -5 8 7 -7 9 10 11 19 13 -13 15 -11 -16 18 -18 -6 21 -10 -22 -24 -25 -26 27 -9 29 -3
right_child=1 28 -4 4 5 6 -8 26 20 14 -12 12 -14 -15 16 -17 17 -19 -20 -21 22 -23 23 24 25 -27 -28 -29 -30 -31
leaf_value=-0.0033707326007760526 -0.0088633514617812992 0.0023854320225657581 0.0032644838866776843 0.0059805782408084984 0.0038968372425900555 0.00064021198574673393 -0.00064750052631666209 0.036574620161826409 -0.0014140081324306606 0.025228922211509887 -0.0063690724079904382 0.034251617943906555 0.0045563837912982871 0.0016207621065264387 -0.0071140480991329028 0.0022798818167830072 0.02731566239629812 0.001264487165148129 0.0082269779375600521 -0.0026259508830146529 -0.0092262811086415378 0.0071938797832508342 0.002530082777288778 -0.010489660165068826 0.003518070343905859 -0.0034674185020736993 0.024008863895834592 0.0036216684405047843 -0.0039565602499686235 0.0065676520421035821
leaf_weight=5095.6501471884549 926.50342267705128 6557.1992189101875 597.89545939536765 1361.375067894347 1164.8663118439727 13903.74707806902 18518.413871371187 36.063401509542018 10195.080661528278 417.5476494608447 2759.925254676491 389.906100878492 881.44139322033152 251.00323053263128 1107.4688031072728 677.93461627932265 198.22214856278151 2632.3225293005817 404.21583773987368 6847.0421018926427 1233.9638873781078 1176.6746746106073 1538.5398514200933 999.39061824558303 1107.0493133240379 6906.6409321650863 95.708810086362064 6007.1073025348596 666.61194177018479 2985.4038127777167
leaf_count=51498 18136 180605 16617 20596 25199 261514 307951 659 135538 11496 38538 13276 16811 5181 18416 12572 4736 51247 7466 84931 17207 17998 23537 14860 17322 110198 2338 123395 16002 84939
internal_value=-1.38358e-05 0.00224579 -0.00410661 -0.000322466 -0.000130255 -0.000234964 0.00057787 0.00171005 -0.00100152 0.000170818 -0.00107701 0.000454908 0.0116779 0.0214722 0.00299205 0.011027 0.000964941 0.0037309 0.0145078 -0.00167759 -0.00189919 -0.00052332 -0.00322674 -0.00252513 -0.00338805 -0.00250241 0.0041331 0.00381832 0.00319431 0.00369384
internal_weight=97640.9 11733.6 1524.4 85907.3 80811.7 79450.3 38561 20042.6 40889.2 17731.9 12294.2 9534.26 1522.35 640.909 5437.71 1095.48 4342.23 3234.76 602.438 8011.91 23157.3 11371.8 11785.6 10551.6 9013.08 8013.69 6138.88 6043.17 10209.2 9542.6
internal_count=1710779 316299 34753 1394480 1342982 1322386 695857 387906 626529 289869 183936 145398 35268 18457 105933 24068 81865 63449 12202 110130 336660 153536 183124 165917 142380 127520 126392 124054 281546 265544
is_linear=0
shrinkage=0.05


Tree=97
num_leaves=31
num_cat=1
split_feature=0 16 6 1 8 9 16 7 7 7 7 7 7 16 7 7 7 4 1 16 16 7 8 8 0 16 8 2 8 7
split_gain=25.4757 23.1106 17.0156 13.9122 13.6824 13.1982 12.9102 12.1085 33.1502 53.0404 30.8971 24.3993 16.261 15.0593 14.08 15.933 11.8887 11.0347 11.1727 10.1743 10.1494 9.97356 11.386 9.38915 8.93702 8.87983 8.50684 8.18 8.07871 7.63557
threshold=65.500000000000014 0.84086899360887923 -0.37940952255126015 405.50000000000006 6.869533931231917 2.9700856263602158 0.64766222937444862 2.524928003624769 2.3502401828962087 1.0397207708399181 2.9174053685313028 3.1132683346437333 3.2769667020129059 0.87777679991217206 3.4811217321331038 3.4175922930736511 3.0201273556387074 3.5000000000000004 541.50000000000011 0.71024998019305696 0.89087966142384911 3.6505739029280164 1.8688348091416842 1.0000000180025095e-35 39.500000000000007 0.69687170892281691 9.2213649572534653 0 7.2445845309701786 6.0946971662386806
decision_type=2 2 2 2 2 2 2 2 2 2 2 2 2 2 2 2 2 2 2 2 2 2 2 2 2 2 2 1 2 2
left_child=1 2 4 -4 6 19 -1 8 9 23 -9 16 -13 14 15 -14 -12 -3 -19 -5 -20 -16 27 25 -8 -2 28 -23 -24 -21
right_child=7 17 3 5 -6 -7 24 10 -10 -11 11 12 13 -15 21 -17 -18 18 20 29 -22 22 26 -25 -26 -27 -28 -29 -30 -31
leaf_value=-0.0075953544269539187 -0.011015922273129371 0.0020344883194455786 0.0042961448397287215 -0.002841650127932996 0.0056502176209296982 0.0053788612406869326 0.00096018860143436537 0.0068430361312717056 -0.007601471231985452 0.007358461414484061 0.0011336245048638577 0.0059401848215560153 -4.4277064152629203e-05 0.0066513756227497174 0.0044038144485090301 -0.012655665224567975 -0.010088448123333506 0.015483278938246079 0.0036044794283890689 0.0012316492780198854 0.017098459993915637 -0.00073604792952134779 -0.00059145009636981955 0.023128699162434305 -0.0011755143117887926 -0.0027557815482889877 -0.024385505178469241 -0.0053845376802028671 0.0047198971533803829 -0.0012117991407730379
leaf_weight=687.38478186912835 346.26102666929364 5706.6046071667224 3054.3261667708866 2159.3358191680163 839.6530598346144 1428.1404122747481 6476.9775738059543 1348.2679212205112 2471.1736859767698 1534.9533795625903 306.43586409557611 926.29944104654714 465.44340266333893 652.08584690326825 889.39468619180843 542.17849241942167 1026.8918166854419 287.13567757466808 1547.0018768431619 16743.845351455268 153.14152250858024 1658.8177199847996 13844.98358574044 33.921766482293606 20097.781935094856 5391.2614166759886 36.804102585185319 2234.4981233226135 754.97394375642762 3951.845205694437
leaf_count=7462 3318 154063 48622 21350 15847 26623 108597 25555 33357 30437 5027 16585 7984 23021 15444 8563 15865 8344 42879 287367 6038 26667 245553 623 327300 70082 643 37825 14276 75462
internal_value=-1.28728e-05 0.000583985 0.000227608 0.00111573 -0.000636359 0.000715697 -0.00082998 -0.00110621 -0.00259539 -0.000902231 -0.000516407 -0.000941558 -0.000543613 -0.000828536 -0.00106731 -0.00683018 -0.0075093 0.00315191 0.00636067 0.00042431 0.00481996 -0.000768295 -0.00101654 -0.00309922 -0.000654987 -0.00325428 -0.000377317 -0.00341969 -0.000316797 0.000765072
internal_weight=97597.8 63133.2 55439.3 27337.5 28101.8 24283.2 27262.1 34464.6 9777.57 7306.4 24687.1 23338.8 22005.5 21079.2 20427.1 1007.62 1333.33 7693.88 1987.28 22855 1700.14 19419.5 18530.1 5771.44 26574.8 5737.52 14636.8 3893.32 14600 20695.7
internal_count=1710779 1129954 918630 459424 459206 410802 443359 580825 137817 104460 443008 417453 396561 379976 356955 16547 20892 211324 57261 384179 48917 340408 324964 74023 435897 73400 260472 64492 259829 362829
cat_boundaries=0 1
cat_threshold=6
is_linear=0
shrinkage=0.05


Tree=98
num_leaves=31
num_cat=0
split_feature=17 17 16 1 0 8 16 1 10 0 10 16 17 16 17 16 1 0 17 6 16 8 17 10 8 7 1 3 1 1
split_gain=29.3813 23.9341 21.0819 18.1401 16.433 13.826 13.6456 12.8238 15.9106 12.0571 11.6793 10.4342 10.243 9.70853 9.03705 8.68728 9.70234 7.91264 9.19344 8.47834 10.0553 7.86048 7.52297 7.4866 11.1239 10.0261 8.30898 7.45948 8.42761 7.80171
threshold=0.78191805040034468 0.66650849354048136 0.71516687015749547 256.50000000000006 57.500000000000007 5.2443855436100657 0.91801832754575818 1193.5000000000002 8.0018238329025895 79.500000000000014 8.2689961142939996 0.90246548730006326 0.64679273484672806 0.83099800792170264 0.66055304745908205 0.7989565723572235 1446.5000000000002 99.500000000000014 0.66677105297994299 0.1294095225512602 0.80836355027193563 2.3502401828962087 0.81243880862274753 7.6256066418514106 6.1706556649511866 6.6522174514715386 6223.5000000000009 1.0000000180025095e-35 1634.5000000000002 894.50000000000011
decision_type=2 2 2 2 2 2 2 2 2 2 2 2 2 2 2 2 2 2 2 2 2 2 2 2 2 2 2 2 2 2
left_child=1 2 7 -2 12 10 9 8 -1 13 11 -6 -4 22 -10 23 -17 19 -19 27 -21 -12 -5 24 -14 -26 -25 28 -3 -29
right_child=3 17 4 6 5 -7 -8 -9 14 -11 21 -13 15 -15 -16 16 -18 18 -20 20 -22 -23 -24 26 25 -27 -28 29 -30 -31
leaf_value=-0.003474198489502318 0.0068340771445745728 -0.0050409517252802127 -0.0017360575516247997 0.00049931706725210481 -0.001204331608513597 0.003011253497384148 0.011644278446116561 -0.00032822505501788692 -0.016703536362821011 -0.0011314002433123575 -0.033664726870265504 0.011201675723023968 0.0013677191916225892 0.0030656112547523717 -0.0018318176599848625 0.0046481031600321713 0.0006593341741309625 0.013218851925467297 -0.0077327179026001587 -0.0021125507456480133 0.0029132428963321707 -0.0083459804474223659 0.0036249911934782505 -0.0020310768064856232 -0.0094263270777792292 0.023722923217119742 0.014140880447556832 0.00033580912279678279 -0.022426702491837341 -0.0032312869955015431
leaf_weight=2653.0577303990722 1316.2459679297172 1921.3180872499943 2412.5369354542345 22191.698735998943 16355.721867316402 2161.2933233305812 291.07158829271793 2591.0345801711082 400.28880955278873 6763.6981874317862 35.808621481060982 171.2610195800662 7911.6984296962619 5685.6261869054288 137.15166976302862 4129.3335223980248 2416.8263881020248 55.271869387477636 993.22809722367674 2723.6350670158863 1568.296295505017 213.01043003052473 2107.9024320608005 2457.714321218431 29.566379547119141 99.81897196918726 82.078531533479691 2125.6742909569293 72.327946625649929 5496.3133638184518
leaf_count=14230 45296 15620 15212 583094 100915 14253 16221 13569 2048 214906 208 1647 44557 248516 712 33579 17970 436 8706 21594 17775 1278 192361 13566 175 619 452 20995 610 49659
internal_value=-1.21564e-05 -0.000710471 -0.000126115 0.0010659 0.000296895 -0.000752722 0.000860924 -0.00294129 -0.00506339 0.000775514 -0.00123765 -0.00107577 0.00131415 0.00120565 -0.0129084 0.0017438 0.00317546 -0.00243971 -0.00662825 -0.00212393 -0.000276097 -0.0119897 0.000770458 0.00085807 0.00160554 0.0161479 -0.00150845 -0.00294871 -0.00567169 -0.00223647
internal_weight=97570.5 59214.3 44258.2 38356.2 38476.7 18937.1 37040 5781.53 3190.5 36748.9 16775.8 16527 19539.6 29985.2 537.44 17127 6546.16 14956.1 1048.5 13907.6 4291.93 248.819 24299.6 10580.9 8041.08 129.385 2539.79 9615.63 1993.65 7621.99
internal_count=1710779 410385 274990 1300394 244431 118301 1255098 30559 16990 1238877 104048 102562 126130 1023971 2760 110918 51549 135395 9142 126253 39369 1486 775455 59369 45351 794 14018 86884 16230 70654
is_linear=0
shrinkage=0.05


Tree=99
num_leaves=31
num_cat=0
split_feature=17 17 16 1 8 7 10 16 16 1 8 7 7 7 7 10 10 7 7 7 10 10 10 7 10 10 7 7 7 10
split_gain=26.5284 21.5847 19.0314 16.4556 15.9952 18.1737 15.1175 12.525 12.4345 11.4767 10.8157 28.559 72.7593 53.6208 60.3851 43.541 41.7324 37.2453 29.2772 30.8769 23.2978 19.8901 19.6453 17.2552 16.3553 13.5535 11.4401 11.2381 11.1119 10.431
threshold=0.78191805040034468 0.66650849354048136 0.71516687015749547 256.50000000000006 1.0000000180025095e-35 2.8029010331479989 7.5694909328447757 0.92778075015659234 0.55753674434769007 1823.5000000000002 1.4978661367769956 2.3502401828962087 1.0397207708399181 2.524928003624769 2.9174053685313028 0.3497316826816268 0.58835231277292122 1.8688348091416842 3.1132683346437333 3.3497501700808394 0.14313038490420291 1.0261490310845864 6.8670837425927242 3.0201273556387074 0.0023111235910171818 3.693163026780951 2.8029010331479989 3.4811217321331038 2.6735537653587351 6.8859853102934574
decision_type=2 2 2 2 2 2 2 2 2 2 2 2 2 2 2 2 2 2 2 2 2 2 2 2 2 2 2 2 2 2
left_child=1 2 8 -2 6 -6 9 10 29 -4 11 12 24 21 15 26 17 -14 23 20 -20 -13 -12 -16 -5 27 -15 -21 -17 -1
right_child=3 -3 4 7 5 -7 -8 -9 -10 -11 22 13 16 14 18 28 -18 -19 19 25 -22 -23 -24 -25 -26 -27 -28 -29 -30 -31
leaf_value=-0.0029754739336522603 0.0065181357794763502 -0.00231656475731463 0.00038168343106949923 0.0076380710947461994 0.012432105322599909 0.0009475933451965952 -0.0065424874377274581 0.012837574727423556 -0.0023247328739272764 -0.0027224859133313547 0.0035821521744942722 -0.013392308557740568 0.036543156574647871 0.03310906721542612 0.0028357317662648443 0.00189380935493986 0.0073701862821823122 0.00079969813775929675 0.028253444247272969 -0.0065260909008736812 0.0050682370932170527 -0.0045081606497914851 0.00029693694655194802 -0.011405424735254693 -0.001453756251875908 -0.0030744010976815448 -0.0086130997632087678 0.0067052729768258589 0.012057049501816408 -0.024387797513844841
leaf_weight=108.1581679880619 1311.1764749609865 14962.943835427985 10253.361208220944 555.49943963531405 349.82064101472497 22544.936194376089 1122.8942949548364 215.49363446142524 5552.2893979176879 4196.164479944855 7429.6191610554233 1010.5213796696626 264.37148768547922 210.36739852977917 269.07487344555557 682.43830602988601 1193.8633205634542 100.62062876624987 123.94639823026955 207.51520295068622 861.12677223002538 1673.102947847452 11743.424627310596 1015.2335729207844 4515.4851035661995 3777.4650676655583 17.82177141495049 708.04865230293944 443.87027056980878 119.9624063372612
leaf_count=620 45296 135395 62396 24333 2484 149177 6272 12048 29309 24102 293897 25055 16036 10736 8489 23303 44724 3731 5401 6830 28842 39460 406054 28262 112941 120893 876 27131 16056 630
internal_value=-1.14751e-05 -0.000674917 -0.000119771 0.00101338 0.0002822 0.00112307 -0.000954057 0.000818406 -0.00279479 -0.000519772 0.00074803 -0.000145829 0.00244636 -0.0017081 0.000274845 0.00993412 0.0118936 0.0266894 -0.00160431 -6.22988e-05 0.00798551 -0.0078535 0.00156997 -0.00842177 -0.000457795 -0.00175154 0.0298505 0.00370635 0.00589907 -0.0142356
internal_weight=97540.6 59210.5 44247.6 38330.1 38467.2 22894.8 15572.4 37018.9 5780.41 14449.5 36803.4 17630.4 6629.84 11000.5 8316.91 1354.5 1558.86 364.992 6962.41 5678.1 985.073 2683.62 19173 1284.31 5070.98 4693.03 228.189 915.564 1126.31 228.121
internal_count=1710779 410385 274990 1300394 244431 151661 92770 1255098 30559 86498 1243050 543099 201765 341334 276819 50971 64491 19767 225848 189097 34243 64515 699951 36751 137274 154854 11612 33961 39359 1250
is_linear=0
shrinkage=0.05


Tree=100
num_leaves=31
num_cat=0
split_feature=17 3 1 4 10 7 7 7 7 7 10 10 7 10 9 10 7 1 10 17 7 10 7 7 4 1 7 7 10 10
split_gain=26.8558 20.7659 22.1053 21.4503 14.505 15.2655 46.3793 52.1107 28.4594 27.8189 26.1354 23.7901 35.6018 17.2801 13.8524 13.4707 21.3559 12.0971 11.1173 11.0639 10.3591 14.98 9.56918 9.54447 9.40322 9.29262 9.18734 8.79768 10.9063 8.68143
threshold=0.7929547680373682 1.0000000180025095e-35 413.50000000000006 3.5000000000000004 5.5517371800545616 2.524928003624769 2.3502401828962087 1.0397207708399181 2.9174053685313028 3.1132683346437333 0.3497316826816268 0.081509403981921358 1.8688348091416842 0.58835231277292122 6.2943324088824708 7.7984545499745925 8.9997427593548593 1560.5000000000002 0.0029853542071901994 0.65097512213835806 3.3497501700808394 0.081509403981921358 8.4003222333682306 3.4811217321331038 3.5000000000000004 245.50000000000003 3.0201273556387074 1.0397207708399181 0.013431555789173955 4.2609455309841389
decision_type=2 2 2 2 2 2 2 2 2 2 2 2 2 2 2 2 2 2 2 2 2 2 2 2 2 2 2 2 2 2
left_child=1 3 -3 19 5 6 7 18 10 26 -7 12 -9 -8 15 16 17 29 -2 27 21 -11 -19 -22 -17 -5 -10 -1 -29 -4
right_child=4 2 14 25 -6 8 13 11 9 20 -12 -13 -14 -15 -16 24 -18 22 -20 -21 23 -23 -24 -25 -26 -27 -28 28 -30 -31
leaf_value=-0.011426305151837414 0.0072941430163965138 0.0045886197427767545 0.0023427749057898461 0.0071319509370806533 0.00043106815706759043 0.029718773991646588 -0.011604828410738318 0.037872042761592596 0.0046756444988451757 0.026806065014208187 0.0078994275622087697 0.0087095552117019588 -0.0017687052173804331 -0.00081341048958282879 0.014183048809649502 -0.0030767178115109358 0.018423344985899804 -0.0009968688290023077 -0.00055775375775899219 -0.0025685885508312427 -0.0039879033347899676 0.006755498422577751 0.013089084788403 0.0045415909319608322 0.00012830895051151384 -0.00021039571954086596 -0.0091221887159822108 0.010768717941952952 -0.0056494924182622841 0.00014242873304259074
leaf_weight=659.33146184682846 540.1072450960055 2422.5455534285866 6477.4055869956501 485.10807848069817 19330.261649361346 192.32239426951855 819.43948728777468 200.667662369553 154.98347104946151 118.75660849828273 479.19822629028931 539.13119299616665 78.915353978984058 677.80482555599883 164.57308139558882 6664.4938520630822 157.71252366900444 19362.457706051879 2726.6084856619127 6503.7897171285003 361.26552193565294 432.07471708767116 121.32635014038533 3559.5515996487811 3485.3404610035941 3858.6614219439216 544.5112509066239 107.20751942694187 1790.0978397578001 14557.72547818115
leaf_count=3668 24851 22877 60628 3609 716082 10919 22492 13691 5745 5771 20105 24085 3185 18270 1568 55668 1582 158332 76999 53668 13806 17718 1127 159751 27543 28188 17600 696 10224 129926
internal_value=4.32043e-05 -0.000519576 -7.80124e-05 -0.00227914 0.00126587 0.00267825 0.000808531 0.00356745 0.00446476 0.00320725 0.0141485 0.0148473 0.026683 -0.00671954 -0.000299721 -0.000346615 5.9994e-05 -1.1482e-05 0.000740451 -0.00366406 0.0046577 0.0110783 -0.000909155 0.00375568 -0.00197615 0.000609591 -0.00606507 -0.00645081 -0.00472178 0.000819987
internal_weight=97573.4 66817.8 53413.6 13404.2 30755.6 11425.3 5582.67 4085.43 5842.66 5171.14 671.521 818.714 279.583 1497.24 50991 50826.5 40676.6 40518.9 3266.72 9060.43 4471.65 550.831 19483.8 3920.82 10149.8 4343.77 699.495 2556.64 1897.31 21035.1
internal_count=1710374 559304 459251 100053 1151070 434988 183573 142811 251415 220391 31024 40961 16876 40762 436374 434806 351595 350013 101850 68256 197046 23489 159459 173557 83211 31797 23345 14588 10920 190554
is_linear=0
shrinkage=0.05


Tree=101
num_leaves=31
num_cat=1
split_feature=17 8 10 10 7 7 4 16 4 5 1 16 1 17 16 2 8 16 17 8 16 10 7 7 1 1 4 9 10 8
split_gain=24.2669 15.1783 21.8134 18.3854 14.2224 13.9085 13.7258 16.7152 12.9582 12.4533 11.736 14.4734 14.0427 10.4123 9.32964 9.19875 9.05411 9.06251 9.07944 8.67746 8.67596 9.14019 8.00834 7.99827 7.88399 7.87006 7.86282 10.3636 7.60594 7.40412
threshold=0.7929547680373682 3.8393944990995772 7.3212652209669749 7.5136656519364324 2.524928003624769 8.9997427593548593 2.5000000000000004 0.86315771363349869 4.5000000000000009 0.25881904510252091 4764.5000000000009 0.80066463566611257 1298.5000000000002 0.65947605478848759 0.55753674434769007 0 9.2213649572534653 0.60617271857397148 0.67205958784229547 2.1383330595080281 0.81509598270433947 5.0492355115557004 8.6284660937658852 5.2122109552252045 5080.5000000000009 1710.5000000000002 4.5000000000000009 1.8688348091416842 2.896458352116396 6.1125747596674556
decision_type=2 2 2 2 2 2 2 2 2 2 2 2 2 2 2 1 2 2 2 2 2 2 2 2 2 2 2 2 2 2
left_child=1 2 10 4 -3 20 -2 -8 16 13 11 -1 19 14 -4 -15 17 25 23 -13 21 -6 -20 24 -19 -5 -11 -28 -21 -24
right_child=6 3 9 8 5 -7 7 -9 -10 26 -12 12 -14 15 -16 -17 -18 18 22 28 -22 -23 29 -25 -26 -27 27 -29 -30 -31
leaf_value=-0.00089060403595799605 0.0026424251350565375 0.039364666581716647 -0.029983551403440868 -0.022658854224216804 0.0098351479987212366 0.021567611228388253 6.990544468749935e-05 0.0062813785027022173 0.0041522544188992792 -0.0059418288127985885 -0.0034816617559052521 0.0016906237470687862 -0.00078635496902327163 -0.0002434836354004196 0.00059058444641787826 -0.0054937065243562096 -0.023466419523391055 -0.0066358718736571377 -0.0052015239569221184 0.018675984664396943 0.0062801601436375783 0.00088914602083276732 -0.0067366395214847373 0.00059715566983310818 -0.050227183271800008 0.0071940231242602392 0.0010404387378495981 -0.036495865450798616 0.0048998009722194301 0.0051828010439115349
leaf_weight=23373.338624333963 10773.048921415815 27.049095090478659 25.132245965301991 85.423968158662319 308.68726245686412 99.241251057945192 18803.212045883294 1149.2850255486555 1342.4708347758278 3540.9763577412814 2803.0114520937204 6942.1208421019837 5667.5941395321861 1366.3311948375776 3469.3761365162209 2165.5715824654326 45.149493921548128 240.55660090968013 1727.6915410840884 108.06190085690469 1275.7691251039505 3804.4134766724892 189.18643219396472 5709.9611286334693 10.839971311390398 29.771535456180573 648.2138998284936 18.925522647798061 1375.8298077592626 418.48650275543332
leaf_count=163914 422732 245 137 544 2720 1049 661239 67099 10726 27703 21365 73685 59240 13237 20156 20846 372 1519 23332 1768 18442 29479 2590 36906 64 199 4775 142 18091 6058
internal_value=4.12367e-05 -0.000493542 -0.000904467 0.000888429 0.00319771 0.00301945 0.00120423 0.000427693 -0.000411229 -0.00285262 -0.000360971 -0.000127503 0.00113805 -0.00156433 0.000370698 -0.00347888 -0.00113563 -0.00101578 -0.000822398 0.00243246 0.00267787 0.00156054 -0.00346506 0.000212866 -0.00851549 -0.0149436 -0.0050037 -2.43974e-05 0.00590303 0.00147193
internal_weight=97544.7 66819.2 51504.5 15314.7 5515.16 5488.11 30725.5 19952.5 9799.54 11234.5 40270 37466.9 14093.6 7026.41 3494.51 3531.9 8457.07 8411.92 8296.72 8426.01 5388.87 4113.1 2335.36 5961.36 251.397 115.196 4208.12 667.139 1483.89 607.673
internal_count=1710374 559304 425059 134245 51935 51690 1151070 728338 82310 86996 338063 316698 152784 54376 20293 34083 71584 71212 70469 93544 50641 32199 31980 38489 1583 743 32620 4917 19859 8648
cat_boundaries=0 1
cat_threshold=5
is_linear=0
shrinkage=0.05


Tree=102
num_leaves=31
num_cat=0
split_feature=10 8 8 10 0 11 17 10 11 10 8 9 8 1 8 8 10 1 8 8 11 0 17 0 10 0 9 17 17 9
split_gain=23.1817 34.8049 26.9602 22.9374 16.9109 15.1396 14.3313 15.3979 11.9206 15.8292 11.8247 11.2695 10.0144 9.91404 9.64311 9.16006 9.11417 8.76411 9.54359 8.03236 7.71335 7.68019 7.65646 7.53881 7.47842 11.2794 7.29388 8.53142 7.85181 8.08398
threshold=5.4508634131887623 3.8815106545092593 1.2424533248940002 7.7984545499745925 94.500000000000014 1.0000000180025095e-35 0.6479041575402984 0.011468778866561308 1.0000000180025095e-35 1.0000000180025095e-35 7.5286005116747496 0.89587973461402759 9.2213649572534653 3295.5000000000005 1.0000000180025095e-35 5.8215644129176907 8.2496718489733301 728.50000000000011 4.9593358439305844 5.6646935841241897 1.0000000180025095e-35 25.500000000000004 0.78999681022789259 137.50000000000003 7.5412414394450034 49.500000000000007 2.740319461670996 0.65850104367233386 0.65732326985283174 4.8402344967050359
decision_type=2 2 2 2 2 2 2 2 2 2 2 2 2 2 2 2 2 2 2 2 2 2 2 2 2 2 2 2 2 2
left_child=2 4 6 5 14 15 -1 8 -8 -10 -5 -12 16 -9 -2 19 20 23 -19 21 -13 -3 24 -4 -21 -26 -17 28 29 -28
right_child=1 3 17 10 -6 -7 7 13 9 -11 11 12 -14 -15 -16 26 -18 18 -20 22 -22 -23 -24 -25 25 -27 27 -29 -30 -31
leaf_value=-0.0036295556476536833 -0.0021409299939551246 0.015310922610706693 0.0068014384074882479 -0.0010149089679143623 -0.0045939832766858273 0.038960268246327728 0.0054031249224013441 0.0003721482927882647 0.0063277182188814542 -0.00056860258567720777 -0.021037666330632636 0.010914180799002218 -0.013753029168082241 -0.0029880464559800994 -0.0004741340691800924 0.0030390169514745917 0.00073671872794833901 0.0023043282274923869 0.013018927410212584 -0.017113812219127542 -0.050722303413204578 0.0020148657010517776 0.0032163348471179252 -0.03594416755233968 0.034868404831074486 -0.0097489404787208106 0.0084331594993672064 0.0056614443061848022 0.043309910686651798 0.028480150999266419
leaf_weight=2102.7378360889852 13252.146268754266 110.2782387426123 1952.3575957519934 9932.9384391084313 3688.4938668054529 28.886767070740461 2515.4892254571896 14628.295502005145 1099.536865092814 3420.6786322835833 41.950119161047041 611.69274333771318 64.371196522377431 2582.6995412437245 25137.164751479868 1523.2268043216318 403.34677503490821 5538.3852255581878 215.92875691736117 157.44683183729649 5.118303522001951 7175.6397472103126 160.63736143149436 10.369561556261031 19.45321874320507 52.107405252754688 210.92847912758589 785.70095014246181 23.509252615272999 66.031033106148243
leaf_count=12735 187937 2367 47500 171225 55971 523 55538 255956 28576 45710 643 12787 1102 40345 441775 32864 6691 127281 6518 1170 97 143352 6655 198 147 386 1418 22291 150 466
internal_value=3.92447e-05 -0.000525621 0.00109134 0.00111747 -0.00136022 0.00281361 0.000330129 0.000673524 0.00264423 0.00110892 -0.000464328 0.00439052 0.0053741 -0.000132086 -0.00104952 0.00271209 0.00658101 0.00369047 0.00270639 0.00184206 0.0104027 0.00221611 -0.00515223 0.0065756 -0.0110224 0.00237995 0.00527128 0.00840177 0.0155675 0.0132126
internal_weight=97517.5 63451.1 34066.5 21373.3 42077.8 10313.8 26349.4 24246.7 7035.7 4520.22 11059.4 1126.48 1084.53 17211 38389.3 10285 1020.16 7717.04 5754.31 7675.56 616.811 7285.92 389.645 1962.73 229.007 71.5606 2609.4 1086.17 300.469 276.96
internal_count=1710374 1090017 620357 404334 685683 211789 438860 426125 129824 74286 192545 21320 20677 296301 629712 211266 19575 181497 133799 154077 12884 145719 8358 47698 1703 533 57189 24325 2034 1884
is_linear=0
shrinkage=0.05


Tree=103
num_leaves=31
num_cat=0
split_feature=6 8 10 10 16 1 17 10 3 7 8 7 7 10 7 10 7 7 7 7 10 16 10 10 17 17 16 0 0 10
split_gain=26.0987 16.0625 21.0075 19.4587 14.4826 12.1261 11.4917 10.7083 10.5607 10.3987 10.2268 9.16325 47.6203 79.1921 22.4885 37.6133 47.0195 29.1052 18.9186 12.3774 11.55 10.2823 10.0201 12.3637 9.80151 8.50298 8.3586 10.1432 8.22019 8.06372
threshold=-0.12940952255126037 2.9174053685313028 7.6928306031301608 6.2223166653399291 0.80495717034751546 2166.5000000000005 0.81216103087944347 3.6130255612326443 1.0000000180025095e-35 2.524928003624769 6.7861522978065061 1.0397207708399181 2.1383330595080281 0.053476163890834059 2.524928003624769 0.053476163890834059 2.8029010331479989 3.1132683346437333 1.5890269151739729 3.2769667020129059 0.73060162963332453 0.87493823853813502 1.0000000180025095e-35 0.3497316826816268 0.78953251609163166 0.64721689366924384 0.82557117265305535 76.500000000000014 63.500000000000007 0.14313038490420291
decision_type=2 2 2 2 2 2 2 2 2 2 2 2 2 2 2 2 2 2 2 2 2 2 2 2 2 2 2 2 2 2
left_child=1 3 -3 11 6 7 10 9 -9 25 -2 22 13 -13 20 16 -16 -18 -15 -19 24 -17 -1 -24 -14 26 -6 -28 -10 -11
right_child=4 2 -4 -5 5 -7 -8 8 28 29 -12 12 14 18 15 21 17 19 -20 -21 -22 -23 23 -25 -26 -27 27 -29 -30 -31
leaf_value=0.0039563962646015404 -8.5272162056365634e-05 0.0020424767246531544 -0.001251893702517063 -0.0026117367913126126 0.0065153423998520676 -0.00026143004469585086 0.0052842114718040616 -0.0017059901186317864 0.0045073686852575272 0.016411199060255319 0.0052712669279968861 0.031111649893111881 -0.0037852639368213866 -0.0018941662444575621 0.028691982158176602 -0.00081310528615931472 -0.0068278722766282642 0.023612028502716223 0.011817051675302642 0.0069073306971471063 -0.0014463697757661487 0.0081892917011389798 -0.0042592327508724371 -2.6292847396898463e-06 -0.011976483532132718 0.0046014203619063393 -0.0098381721613439235 -0.055461949914719956 0.00067387184664364011 0.0066187550782409958
leaf_weight=700.37251629726961 23940.744752871804 10550.599931913428 8939.2804683265276 15334.202984078787 46.735211115330458 3337.0891905711032 1123.3404482270125 1387.3269946840592 3889.5180951240472 337.20648156479001 925.51307521248236 317.10567080485635 829.55786869674921 734.77243541413918 236.52430710475892 9179.1397974919528 390.94060603249818 138.1327166990377 382.57010041503236 562.26902610156685 1820.7267312798649 328.53937292052433 3746.9380679884925 3131.8143891277723 652.42909768922254 1727.0342231150717 48.94508459046483 16.219282981008291 2183.3992163618095 558.2948760590516
leaf_count=17007 296256 217562 152890 235875 290 65520 103105 27006 93458 10110 12901 11505 5163 14484 7252 170214 7143 3737 7970 13413 25148 12285 46457 38878 16473 32499 343 110 49935 15385
internal_value=3.73954e-05 -0.000638027 0.000531472 -0.00123028 0.00102821 0.00235468 0.000337563 0.00321103 0.00222996 0.00588765 0.000114096 -0.000315294 0.000378658 0.00905906 -0.000502043 0.000598893 0.0084816 0.00410144 0.00280046 0.0102018 -0.00411399 -0.000502026 -0.00174115 -0.00232125 -0.00739136 0.00373598 -0.00962101 -0.0211938 0.00312911 0.0103062
internal_weight=97497.3 57975.9 19489.9 38486 39521.4 13531.8 25989.6 10194.7 7460.24 2734.44 24866.3 23151.8 15572.7 1434.45 14138.3 10835.5 1327.87 1091.34 1117.34 700.402 3302.71 9507.68 7579.12 6878.75 1481.99 1838.93 111.9 65.1644 6072.92 895.501
internal_count=1710374 1003456 370452 633004 706918 294656 412262 229136 170399 58737 309157 397129 294787 33959 260828 214044 31545 24293 22454 17150 46784 182499 102342 85335 21636 33242 743 453 143393 25495
is_linear=0
shrinkage=0.05


Tree=104
num_leaves=31
num_cat=0
split_feature=6 10 8 8 10 16 1 3 8 10 5 1 1 8 10 16 8 10 1 8 10 9 0 9 0 3 1 10 16 0
split_gain=23.7444 14.8684 16.1869 14.1974 17.3198 13.2837 17.9846 16.0015 12.5148 12.1048 10.7859 10.5378 10.5156 9.5895 9.29005 8.89198 8.79021 9.37661 8.74145 8.33021 8.69133 8.22142 8.14668 7.60186 7.46647 7.46177 9.18978 10.206 7.06143 6.9346
threshold=-0.37940952255126015 7.3212652209669749 3.9796379800581989 1.8688348091416842 7.7863315258484374 0.74255678376063361 1522.5000000000002 1.0000000180025095e-35 2.8617925509761908 6.2223166653399291 0.37940952255126054 327.50000000000006 256.50000000000006 6.5854815236201967 8.3373012069060888 0.86411256026364247 3.9219243190762363 4.8689591460068407 2808.5000000000005 7.5286005116747496 8.2689961142939996 6.0509113120781883 73.500000000000014 0.89587973461402759 143.50000000000003 1.0000000180025095e-35 806.50000000000011 0.0035319497600778465 0.83817368627292865 56.500000000000007
decision_type=2 2 2 2 2 2 2 2 2 2 2 2 2 2 2 2 2 2 2 2 2 2 2 2 2 2 2 2 2 2
left_child=3 2 5 9 12 -2 7 -7 10 18 14 -9 -5 -6 -3 21 17 28 25 -10 29 -4 -16 -22 -19 -1 27 -27 -14 -21
right_child=1 8 15 4 13 6 -8 11 19 -11 -12 -13 16 -15 22 -17 -18 24 -20 20 23 -23 -24 -25 -26 26 -28 -29 -30 -31
leaf_value=-0.0021330677520578919 -0.0012056523154204775 -0.00048149121804429883 0.0039787882799882475 0.0092920979541741399 -0.0025884402657592024 5.1838789035962504e-05 -0.000111207922108449 0.011021704095275029 0.00023740234517259141 -0.0030168887903430082 -0.0052831936856244516 0.003354322215330289 0.0021059751876019912 0.0018837766343631588 -0.011326432133940308 0.016406217688507207 0.0025278928252037538 -0.00064696044760506437 -0.0032876273138126065 0.017251316185310419 -0.053066420463799072 0.030516359750045831 -0.063623146276726564 -0.00047877595246917408 -0.025198418026734299 0.011953253482846631 -0.00053349220350633808 0.001827728451736999 0.011550588614920107 0.0046844500349402683
leaf_weight=3832.2352682151832 5295.60537075717 3734.1849321285263 2893.3943227273412 388.18933651316911 6311.1362633891404 4218.2799419397488 9750.6486206110567 468.93690941063687 9367.3174376017414 9053.9584183716215 1987.3693309803493 10094.914156214101 1329.6894032550044 1479.6712107881904 27.785899358335882 158.49788236944005 5500.0452454769984 7401.3886952758767 2838.0252886698581 189.77049100771546 7.1048293877392998 29.482708135154098 10.173386647365986 209.84107116051018 31.09723192313686 272.47431416530162 7219.3932611648925 2871.9750192689244 232.51561417337507 260.42101285886019
leaf_count=54792 51378 57537 62708 7547 102852 72106 179252 10772 167366 133381 29834 215026 28327 27116 325 6704 114996 137976 43191 4325 72 673 115 3444 474 6225 124209 53728 8489 5434
internal_value=3.57407e-05 0.00081662 0.00142183 -0.000744209 0.000170945 0.00106542 0.00155565 0.00265515 -0.000444446 -0.00153959 -0.00230221 0.00369468 0.00117078 -0.00173905 -0.000731667 0.00487194 0.000953277 -9.56361e-06 -0.000754377 0.000621862 0.00602009 0.00424647 -0.0253424 -0.00220099 -0.000749683 -0.000247939 0.000449124 0.00270513 0.00351169 0.0099818
internal_weight=97465.5 48703.7 32909.8 48761.8 22673.7 29828.4 24532.8 14782.1 15794 26088.1 5759.51 10563.9 14882.9 7790.81 3772.14 3081.37 14494.7 8994.69 17034.1 10034.5 667.137 2922.88 37.9593 216.946 7432.49 14196.1 10363.8 3144.45 1562.21 450.192
internal_count=1710374 867071 598619 843303 427777 528534 477156 297904 268452 415526 87811 225798 297809 129968 57977 70085 290262 175266 282145 180641 13275 63381 440 3516 138450 238954 184162 59953 36816 9759
is_linear=0
shrinkage=0.05


Tree=105
num_leaves=31
num_cat=0
split_feature=16 3 1 1 4 6 0 8 16 1 16 4 0 0 7 8 4 7 7 4 17 7 4 17 16 7 16 8 16 1
split_gain=21.1522 18.3259 23.8086 19.7439 18.0214 15.7586 12.3029 12.5208 12.0857 10.6069 10.5013 9.43814 10.8677 9.34169 12.7774 18.1006 11.8893 9.66449 8.95023 8.4406 13.3515 8.42115 8.22318 9.50488 8.00417 10.8931 9.60359 8.73208 7.83564 9.22552
threshold=0.87493823853813502 1.0000000180025095e-35 620.50000000000011 430.50000000000006 3.5000000000000004 0.60355339059327384 38.500000000000007 2.1383330595080281 0.75532837185646529 133.50000000000003 0.92778075015659234 2.5000000000000004 63.500000000000007 90.500000000000014 3.7012257604091228 1.0000000180025095e-35 2.5000000000000004 1.0000000180025095e-35 2.3502401828962087 3.5000000000000004 0.78191805040034468 2.9174053685313028 2.5000000000000004 0.64947002063415427 0.88697388101925345 2.524928003624769 0.90246548730006326 6.1473987767932732 0.7820556720631886 1950.5000000000002
decision_type=2 2 2 2 2 2 2 2 2 2 2 2 2 2 2 2 2 2 2 2 2 2 2 2 2 2 2 2 2 2
left_child=1 3 8 9 10 6 -4 13 -3 -1 22 12 -11 14 15 17 21 -8 -9 20 -5 -17 23 24 25 -2 27 -26 -20 -30
right_child=4 2 5 19 -6 -7 7 18 -10 11 -12 -13 -14 -15 -16 16 -18 -19 28 -21 -22 -23 -24 -25 26 -27 -28 -29 29 -31
leaf_value=0.0083726434546990743 -0.025279920751693098 -0.00046841499305981451 0.0014491610512032595 -0.0057661560471646313 0.010619752284564205 0.0015112589210366375 0.0055771894779599778 0.02103690842072907 0.0036196330259939142 5.0890971210141432e-05 0.0086383242210934675 0.0016495683565795024 -0.0061092179447519036 -0.0039389351611153348 -0.0031608666299957622 0.019773411531896462 0.0010519885001357083 -0.0014743713679609659 -0.00086894966454276667 -0.001122905279922617 -0.0010635966008656955 0.006012140538754312 0.0046852066189247803 -4.4555053595117652e-05 -0.044584736223373674 0.010058022715787323 -0.0080376645775691504 0.057664113970015141 0.0022307692012990122 -0.00078329312112999201
leaf_weight=398.07425555540249 32.658390950411558 2425.0798323787749 7264.701405472355 4119.8185098003596 763.95034056366421 12423.618631828343 505.79990411130711 51.000246612355113 7104.1700902287848 2129.881132229697 489.39025381067768 3861.2879728688858 1078.5442641805857 3460.9629939026199 5724.8248015572317 130.73290294362232 1949.0491734165698 12351.273832273204 10998.331757814623 3994.1324999039061 2382.1298075597733 742.99206606578082 807.14748774981126 1356.9704363658093 41.300444129854441 65.63635078817606 55.496648136526346 2.1992390379309645 6402.6985644954257 4206.9023854983971
leaf_count=5782 218 24829 131801 25426 27809 221463 12330 930 160099 31073 15041 56131 15127 51650 99819 2737 34387 181782 191284 57399 68012 13811 28889 41754 364 680 527 24 131237 77684
internal_value=4.67874e-05 -9.79899e-05 0.000242536 -0.00153377 0.00379988 -9.37632e-05 -0.000464472 -0.000763282 0.00257927 0.000431416 0.00197231 -1.57307e-05 -0.00201989 -0.00152881 -0.00113912 -0.000400963 0.00322462 -0.00119696 0.000115592 -0.00293197 -0.00404327 0.0080712 0.000590811 -0.00153546 -0.0117899 -0.001683 -0.0218252 -0.0394153 6.62122e-05 0.00103564
internal_weight=97320.8 93706 75742.1 17963.9 3614.75 66212.9 53789.3 46524.6 9529.25 7467.79 2850.8 7069.71 3208.43 24865.6 21404.7 15679.8 2822.77 12857.1 21658.9 10496.1 6501.95 873.725 2361.41 1554.26 197.291 98.2947 98.9963 43.4997 21607.9 10609.6
internal_count=1710099 1594793 1335843 258950 115306 1150915 929452 797651 184928 108113 87497 102331 46200 396516 344866 245047 50935 194112 401135 150837 93438 16548 72456 43567 1813 898 915 388 400205 208921
is_linear=0
shrinkage=0.05


Tree=106
num_leaves=31
num_cat=0
split_feature=6 8 16 11 9 4 12 17 4 1 3 3 16 1 16 17 1 17 17 4 1 17 8 17 16 5 1 16 16 8
split_gain=20.1172 16.4927 15.3868 11.8685 10.8378 10.3562 9.86307 8.65605 10.2372 8.51974 13.7701 11.6499 7.83753 6.98539 7.52273 6.98064 6.54978 13.2893 6.41313 6.26035 10.6952 9.28147 7.78244 6.14115 6.12217 5.7643 12.5888 10.549 8.96699 8.64793
threshold=-0.12940952255126037 0.89587973461402759 0.86861055157824218 1.0000000180025095e-35 6.0822163040853816 3.5000000000000004 1.0000000180025095e-35 0.78191805040034468 3.5000000000000004 555.50000000000011 1.0000000180025095e-35 1.0000000180025095e-35 0.85006685903313584 4028.5000000000005 0.82557117265305535 0.64644959165753857 4488.5000000000009 0.65657385268711743 0.64644959165753857 2.5000000000000004 1183.5000000000002 0.66166140763983117 4.8322978221268906 0.81234105417026281 0.76654392977528318 0.78656609248549325 2166.5000000000005 0.80001580797950045 0.85159189476411157 3.5694334999727624
decision_type=2 2 2 2 2 2 2 2 2 2 2 2 2 2 2 2 2 2 2 2 2 2 2 2 2 2 2 2 2 2
left_child=1 9 4 12 6 -4 7 25 23 11 15 -1 -3 -12 -15 -11 -7 -18 -16 21 -21 22 -14 -9 -13 -2 27 29 -29 -27
right_child=2 3 5 -5 -6 16 -8 8 -10 10 13 24 19 14 18 -17 17 -19 -20 20 -22 -23 -24 -25 -26 26 -28 28 -30 -31
leaf_value=-0.0014791260734665695 0.00036114654918402406 -8.0346831542900732e-05 0.0032755110072748166 0.023800794534563977 0.015106580143890769 0.013531635017845526 0.0079178306903574854 0.0021595520409664684 -0.00021937006193616392 -0.017875753982730138 -0.0011193971493151315 -0.0010439634733074286 -0.011991385151290276 -0.0028878806379569657 -0.052871892411265969 -0.0049913471856688207 -0.073823139350870579 0.0079359758181936271 -0.0098135501873378023 0.0092683475581683602 0.00088895140542644623 0.0027298726743118715 0.0057186748187588428 0.0069153554405099547 0.0049223722340879725 -0.00033124809714620094 -0.006069503564803228 0.005319632437542212 -0.0083739833136335876 -0.0071806673877284517
leaf_weight=3875.855558689218 17771.27631025482 30082.496936253738 1526.9366489206441 53.133370757568628 129.90013858722523 414.05247065238655 459.69029846182093 8130.8599655297585 5308.5526692946441 110.23361772298813 14478.985941489926 609.25852384604514 234.20564786344767 1915.2947346200235 8.8773179873824102 2268.4021085617132 6.5557851120829609 20.549222609959543 334.18577261455357 720.48313736962155 807.71984554175287 835.30135974893346 84.381347097456455 740.63155774143524 1461.0341898612678 1933.960366409272 1182.4365890324116 1046.6655191350728 134.96600409597158 604.9955393075943
leaf_count=52798 120220 526571 45468 960 2825 14844 11278 237283 172219 616 231584 6116 2494 25895 56 31921 60 711 6042 26328 26199 33427 885 68708 31537 11654 7673 8549 1447 3731
internal_value=4.45622e-05 -0.000548726 0.000915856 0.000188851 0.000689359 0.00522506 0.000639169 0.000548381 0.00151736 -0.00151455 -0.0020287 0.000138381 0.00015056 -0.00152281 -0.0041092 -0.00558845 0.0119729 -0.0118388 -0.0109278 0.00274043 0.00483948 -3.95483e-05 -0.00730068 0.00255659 0.00316656 -5.75977e-05 -0.00157536 -0.000147079 0.00375555 -0.00196336
internal_weight=97291.9 57879.8 39412 32817.7 37443.9 1968.09 37314 36854.3 14180 25062.1 19116 5946.15 32764.6 16737.3 2258.36 2378.64 441.157 27.105 343.063 2682.09 1528.2 1153.89 318.587 8871.49 2070.29 22674.3 4903.02 3720.59 1181.63 2538.96
internal_count=1710099 1003429 706670 616864 645587 61083 642762 631484 478210 386565 296114 90451 615904 263577 31993 32537 15615 771 6098 89333 52527 36806 3379 305991 37653 153274 33054 25381 9996 15385
is_linear=0
shrinkage=0.05


Tree=107
num_leaves=31
num_cat=1
split_feature=10 0 16 0 1 4 10 3 1 16 1 2 16 4 16 16 4 16 16 10 4 9 17 16 16 17 16 6 1 9
split_gain=19.549 19.3469 18.0786 16.0925 12.7125 12.0193 11.9666 11.2474 18.1904 17.1165 11.7705 11.2851 10.9939 18.7255 16.603 13.2466 12.6017 16.6201 21.1561 10.9678 10.6459 10.4666 11.3125 9.75332 9.45156 9.17935 8.61032 8.12422 7.85025 7.63257
threshold=7.9281248631471941 103.50000000000001 0.87493823853813502 34.500000000000007 133.50000000000003 3.5000000000000004 1.0000000180025095e-35 1.0000000180025095e-35 1806.5000000000002 0.76327283512609834 389.50000000000006 0 0.76654497051352888 2.5000000000000004 0.77913418258995193 0.76610238362442118 1.5000000000000002 0.77005389237929101 0.77179456931727786 7.3361692672983736 2.5000000000000004 2.524928003624769 0.64619791601474053 0.92778075015659234 0.76386094938731974 0.77234227789159371 0.64766222937444862 0.60355339059327384 2933.5000000000005 3.0201273556387074
decision_type=2 2 2 2 2 2 2 2 2 2 2 1 2 2 2 2 2 2 2 2 2 2 2 2 2 2 2 2 2 2
left_child=1 2 3 26 -5 23 -6 11 9 -9 -11 20 13 24 16 -15 17 -14 19 -19 -8 -2 -23 -4 -12 -20 -1 29 -28 -10
right_child=21 -3 5 4 6 -7 7 8 27 10 12 -13 14 15 -16 -17 -18 18 25 -21 -22 22 -24 -25 -26 -27 28 -29 -30 -31
leaf_value=-0.0088371520082173218 -0.0024698550162428438 -0.0026964852424665418 0.0012838837869972755 0.0096584199699358275 0.0057007022141066059 0.010589494023184277 -0.0023325255412017568 -0.00071912461551375338 -0.0014823703566936932 0.0063555674397111558 0.025276227043758495 -0.0031743768375051651 -0.022722816843276539 -0.0059447819877548038 0.0017936649758762441 0.0054621589161452369 -0.0034065659721210875 0.0291595091176792 -0.019938610266246333 -0.009600973866567733 0.0015042286117007463 -0.013262541863007708 0.0010303746609838548 0.010152374643556568 0.0092982513932099078 0.0093621482641723947 0.0034528158152753335 0.0012102741404559107 -0.001402786113890722 0.004325487210097673
leaf_weight=161.77912187203765 10578.154240684584 4931.1124331909232 1901.1253705550916 348.81038003973663 936.45247030630708 619.01665180851705 3114.8294104197994 9450.7758616190404 16648.187763338443 1341.024345362559 111.65327186044306 5017.3655097461306 39.742940235882998 398.08348195813596 16839.823260948993 705.67406332422979 2616.2008869559504 132.98593278322369 52.79352904856205 21.153912903741002 4309.3047026991844 143.5412494763732 3894.7640832718462 370.42936809081584 541.09942657244392 54.142327941488475 6423.759828715818 4023.5002216501161 956.33530994970351 585.58831288199872
leaf_count=1851 162070 79332 59281 5221 22927 23287 45181 97609 273789 32039 896 73128 396 4616 321870 66077 33867 1109 346 180 62745 877 70620 11423 42585 1677 118600 68921 15927 11652
internal_value=4.24341e-05 0.000340517 0.000533202 0.000383326 0.000137851 0.00441319 8.82414e-05 8.61276e-06 0.000323183 0.00107063 0.00181073 -0.00134566 0.00152743 0.00531818 0.0011904 0.00134811 -0.00229219 0.00739945 0.0119849 0.0238401 -0.000105357 -0.00164316 0.000522334 0.0027301 0.0120313 -0.00510344 0.00257348 -0.000812723 0.00282361 -0.00128502
internal_weight=97269.2 82652.8 77721.6 74831.1 67289.2 2890.57 66940.4 66003.9 53562.4 32305.2 22854.4 12441.5 21513.4 1756.51 19756.8 1103.76 2917.02 300.819 261.076 154.14 7424.13 14616.5 4038.31 2271.55 652.753 106.936 7541.87 21257.3 7380.1 17233.8
internal_count=1710099 1476532 1397200 1303209 1166831 93991 1161610 1138683 957629 603267 505658 181054 473619 114174 359445 70693 37575 3708 3312 1289 107926 233567 71497 70704 43481 2023 136378 354362 134527 285441
cat_boundaries=0 1
cat_threshold=6
is_linear=0
shrinkage=0.05


Tree=108
num_leaves=31
num_cat=0
split_feature=6 16 8 11 17 0 1 3 17 17 9 16 4 8 16 0 3 16 16 1 8 8 1 17 4 17 1 17 1 13
split_gain=17.9134 15.2757 14.0671 11.5401 11.2326 10.303 9.00615 10.296 10.8076 8.58944 8.23786 8.19774 7.9592 7.62547 8.39464 9.00659 7.4295 7.14059 9.54073 6.61205 6.56931 6.25277 6.17373 6.12468 10.1892 7.28957 6.39973 8.14293 7.06073 5.84166
threshold=0.1294095225512602 0.86861055157824218 0.89587973461402759 1.0000000180025095e-35 0.64871561802065936 34.500000000000007 612.50000000000011 1.0000000180025095e-35 0.65732326985283174 0.64552233679973303 6.0822163040853816 0.92778075015659234 3.5000000000000004 7.2445845309701786 0.7005233644034452 44.500000000000007 1.0000000180025095e-35 0.8098785320624321 0.8166034492718256 2488.5000000000005 9.2213649572534653 7.5657931483356977 13521.000000000002 0.78999681022789259 1.5000000000000002 0.6619687418888992 527.50000000000011 0.66455897883778314 591.50000000000011 1.0000000180025095e-35
decision_type=2 2 2 2 2 2 2 2 2 2 2 2 2 2 2 2 2 2 2 2 2 2 2 2 2 2 2 2 2 2
left_child=2 5 4 11 -1 -2 7 23 17 -3 -7 13 -11 14 -4 -16 19 -9 -19 -8 -15 22 -5 24 -6 -26 -27 28 -28 -18
right_child=1 9 3 21 6 10 16 8 -10 12 -12 -13 -14 20 15 -17 29 18 -20 -21 -22 -23 -24 -25 25 26 27 -29 -30 -31
leaf_value=-0.0038963587041385746 0.003735621176467226 -0.029844630943738005 -0.0027535343930183546 0.028919350763925059 -0.0089337894160694768 0.00042630679641509603 -0.0048295903369578799 0.0054387351242734562 0.0014622113934369531 0.0042904917312454908 0.014831750212104101 0.01106003567485786 0.01286821080255194 0.0044988239454559547 0.001655809664578413 -0.00026461106996570255 -0.0012760273334098576 0.038429482928900305 0.011148669621242911 0.010566351525283723 -0.014399158363954176 -0.040198066496223948 -0.086220364834966784 0.0015537243213484689 0.0020435186522625979 -0.0023715094585883344 -0.026068487849200423 -0.0076452758798520792 -0.09035293714232065 0.004118991970919624
leaf_weight=3540.4685984551907 2669.3051828881726 16.691163264214993 2589.0015525957569 54.424977558664978 482.73991889320314 26919.194280053023 1989.7003419836983 377.03176129609346 2047.210424637422 1204.9326131902635 99.610543010290712 172.26664764573798 348.699173332192 1294.4544899449684 8068.3456783052534 25093.592942239251 15788.983350753086 41.978056445717812 135.48695809394121 72.270020447205752 47.680198340211064 3.7561075966805211 1.1896751159802068 1599.2397562195547 1054.8415856696665 884.59372028522193 23.07768397778273 101.50437564216554 5.241655506193637 518.22211483400315
leaf_count=20631 48366 153 25902 1015 3184 464208 29440 2137 47849 36408 2133 6524 12560 25964 164225 478690 264369 304 1163 1060 820 68 14 45547 5871 6541 115 801 28 14009
internal_value=4.04109e-05 0.00102639 -0.000426653 0.000213084 -0.00125973 0.000772186 -0.000888145 0.000673239 0.00313937 0.0058324 0.000479416 0.000177992 0.00621569 0.000127454 -1.14487e-05 0.00020263 -0.00146215 0.00933147 0.0176017 -0.00428998 0.00382746 0.0222394 0.0264564 -0.000872362 -0.0023927 -0.000866717 -0.00389292 -0.0142596 -0.037967 -0.00110458
internal_weight=97245.7 31258.4 65987.3 37324.7 28662.6 29688.1 25122.1 6752.95 2601.71 1570.32 27018.8 37265.3 1553.63 37093.1 35750.9 33161.9 18369.2 554.497 177.465 2061.97 1342.13 59.3708 55.6147 4151.24 2552 2069.26 1014.42 129.824 28.3193 16307.2
internal_count=1710099 563828 1146271 703222 443049 514707 422418 113540 51453 49121 466341 702125 48968 695601 668817 642915 308878 3604 1467 30500 26784 1097 1029 62087 16540 13356 7485 944 143 278378
is_linear=0
shrinkage=0.05


Tree=109
num_leaves=31
num_cat=0
split_feature=10 7 10 7 7 7 10 7 7 7 7 7 10 9 0 10 7 16 7 7 16 0 0 17 16 7 17 17 16 17
split_gain=18.9616 30.0799 49.1266 90.2629 46.7247 83.9881 63.2697 78.1867 46.0506 27.309 17.6017 15.431 24.0264 12.8124 10.9993 10.6292 13.7743 11.1096 10.4454 23.7931 10.3168 10.0082 9.5853 9.9567 9.806 9.28891 8.65922 8.43594 8.05415 8.03792
threshold=5.4508634131887623 2.524928003624769 0.14313038490420291 2.8029010331479989 2.3502401828962087 1.0397207708399181 0.14313038490420291 1.8688348091416842 3.1132683346437333 3.2769667020129059 1.5890269151739729 1.0000000180025095e-35 0.58835231277292122 6.2943324088824708 35.500000000000007 7.9281248631471941 8.4003222333682306 0.92778075015659234 3.4811217321331038 3.5972184255501678 0.87777679991217206 47.500000000000007 100.50000000000001 0.66293891151079853 0.83162149820580356 2.1383330595080281 0.64552233679973303 0.78953251609163166 0.63151168872206365 0.66650849354048136
decision_type=2 2 2 2 2 2 2 2 2 2 2 2 2 2 2 2 2 2 2 2 2 2 2 2 2 2 2 2 2 2
left_child=1 4 3 -3 5 11 7 -7 -5 -10 27 22 -13 15 26 16 17 21 -11 -20 -4 28 -1 24 -24 -12 -6 -8 -2 -16
right_child=13 2 20 8 14 6 10 -9 9 18 25 12 -14 -15 29 -17 -18 -19 19 -21 -22 -23 23 -25 -26 -27 -28 -29 -30 -31
leaf_value=0.0057441247316281962 -0.0085258943075052235 0.029351040011013504 0.0010983750393614487 -0.0054743563866429673 0.0653022075877112 0.031462437642677192 -0.0049204803513550662 -0.0017851933815917491 0.024413839382073536 -0.0017928512420574997 0.013767799974680743 -0.0032644202915089872 0.001722166763536507 0.010353511562940346 -0.0032186738254153936 -0.0017094515028520021 0.0053979887797043985 0.010813450150441866 0.028157353988357944 0.0056604360790843853 0.0091204926429472016 -0.00082426944189601921 -0.048964735342696832 0.002763869832195421 0.037453840829796449 0.0030545185947239784 0.0014770119949231828 0.0053070101623569864 0.00091129774886653827 -0.0079341934990662544
leaf_weight=1100.6922407653183 229.77909308020025 445.98529368825257 12695.685738118831 739.27459280285984 5.3763882592320433 550.30550120514818 550.35225085075945 260.54989110864699 264.49261917779222 280.63229520991445 458.34873268380761 6541.9925080211833 3829.6548372148536 272.11736633768305 1562.2757084742188 14457.805586135946 1087.77530071605 224.11465801857412 140.27547084121034 724.7890940126963 413.84556116396561 32973.557103718165 23.592140845954422 37.254501011688262 3.813160613179206 362.22962341597304 459.11357698310167 318.18897081818432 14068.162593904883 2143.763351670932
leaf_count=27895 2643 13815 260211 13673 28 20436 4340 4993 7203 6094 9926 82673 49082 6033 8605 230224 25222 7549 3664 18622 16778 563759 141 1171 37 5864 6917 13545 254831 44125
internal_value=3.84592e-05 0.000992537 0.00259591 0.00888079 -0.000390462 0.000990167 0.00929863 0.0207791 0.00463348 0.00993239 0.00378749 -0.00081021 -0.00142316 -0.000472573 -0.00503732 -0.000519304 -0.000165131 -0.000292541 0.00658924 0.00930845 0.00135162 -0.000345195 0.00464505 -0.0140644 -0.0369405 0.00903861 0.00221578 -0.00117365 0.000759635 -0.00594637
internal_weight=97225.8 33912.5 15705 2595.45 18207.5 14037 2499.97 810.855 2149.46 1410.19 1689.12 11537 10371.6 63313.3 4170.53 63041.2 48583.4 47495.6 1145.7 865.065 13109.5 47271.5 1165.35 64.6598 27.4053 820.578 464.49 868.541 14297.9 3706.04
internal_count=1710099 619838 340060 63071 279778 220103 59104 25429 49256 35583 33675 160999 131755 1090261 59675 1084228 854004 828782 28380 22286 276989 821233 29244 1349 178 15790 6945 17885 257474 52730
is_linear=0
shrinkage=0.05


Tree=110
num_leaves=31
num_cat=0
split_feature=0 10 8 7 7 8 7 7 10 7 7 10 7 7 7 7 7 10 10 8 7 7 7 7 8 7 10 10 8 7
split_gain=22.1858 13.2813 22.8716 14.9708 13.0792 11.071 14.2422 53.2792 46.3644 50.1699 25.6403 47.3183 55.6235 21.7637 21.8317 19.9062 15.642 12.605 10.3758 13.6579 10.371 9.31381 11.1305 8.87313 11.627 10.0877 8.86925 10.1985 8.56396 8.15346
threshold=65.500000000000014 7.8713931138502788 3.9607678160667752 6.0366761762234473 2.524928003624769 1.4978661367769956 2.3502401828962087 1.0397207708399181 0.73060162963332453 1.8688348091416842 2.524928003624769 0.58835231277292122 2.8029010331479989 3.0201273556387074 3.1132683346437333 3.1132683346437333 3.2769667020129059 3.0953963599229204 7.5272535113028427 2.602003343538398 1.5890269151739729 3.3497501700808394 3.4811217321331038 4.2835627800822236 3.1567740231385479 5.4827179284163234 1.0000000180025095e-35 0.3497316826816268 6.5854815236201967 2.6735537653587351
decision_type=2 2 2 2 2 2 2 2 2 2 2 2 2 2 2 2 2 2 2 2 2 2 2 2 2 2 2 2 2 2
left_child=1 2 3 5 -4 6 7 26 9 -9 -8 12 -12 29 -15 -14 -17 -7 19 -2 -10 -16 -23 -19 25 -25 -1 -28 -3 -13
right_child=18 28 4 -5 -6 17 10 8 20 -11 11 13 15 14 21 16 -18 23 -20 -21 -22 22 -24 24 -26 -27 27 -29 -30 -31
leaf_value=0.00461874091982367 -0.0011800697778507031 -0.0017235178775322714 0.040846185230698585 -0.0034791906465274913 0.0033043903150118841 0.0073232470765941908 -0.004282992589791668 0.030358609664072608 0.00088643825375363792 -0.00071161433512525476 0.02758136246032802 0.00046241488011389747 -0.0043389308741558445 -0.0083948313184689233 0.0026063030468814704 0.022382540183340537 0.0048595749080384268 0.003219058749286375 -0.0024472159639700132 0.0015378032309175857 0.0076649779542693284 -0.0069672621244402447 -0.00098989821697571486 0.00015725427056353106 0.0034044161818995509 -0.0054229013574698436 -0.0026794280009029003 0.00070342510358421719 0.0021708400083905849 0.0062814274017676322
leaf_weight=820.61902135564014 18716.322809032863 8761.2183414180763 23.27276834147051 2321.2364715337753 7431.3315078923479 979.51474876049906 4083.0728175514378 388.72193870181218 1165.5852479897439 195.15310483472422 308.05503920465708 1189.2311154622585 464.34336648136377 1144.1347501077689 1455.9291526526213 166.55834313528612 541.08761082775891 4346.9904883420095 9558.8686609012075 6138.3559102481231 1093.7806093827821 903.61596104130149 5639.1138177146204 4272.0355702312663 2232.6201565153897 999.38427069317549 4033.5514463745058 4977.1487024230883 1682.861403634306 1219.0644892239943
leaf_count=21126 302423 139775 514 47496 161035 26062 57217 14709 21862 3718 9590 20774 8699 17790 25792 4532 12593 82982 155328 123351 19871 15155 100893 84013 44939 19820 51800 62810 32000 21641
internal_value=-2.67631e-05 0.000532101 0.000856639 0.000431172 0.00342159 0.000644147 0.000115267 0.00138568 0.0074138 0.0199738 -0.000825584 0.000257733 0.00867493 -0.000820764 -0.00193465 0.00370541 0.00898395 0.00187205 -0.00104725 -0.000508837 0.00416799 -0.00101058 -0.00181543 0.0014215 0.000380195 -0.000900662 -0.000357666 -0.000810876 -0.00109602 0.00340796
internal_weight=97252.8 62839.2 52395.2 44940.5 7454.6 42619.3 29788.8 12674.6 2843.24 583.875 17114.2 13031.1 1480.04 11551.1 9142.79 1171.99 707.646 12830.5 34413.5 24854.7 2259.37 7998.66 6542.73 11851 7504.04 5271.42 9831.32 9010.7 10444.1 2408.3
internal_count=1710310 1129208 957433 795884 161549 748388 490572 195896 60160 18427 294676 237459 35414 202045 159630 25824 17125 257816 581102 425774 41733 141840 116048 231754 148772 103833 135736 114610 171775 42415
is_linear=0
shrinkage=0.05


Tree=111
num_leaves=31
num_cat=0
split_feature=0 16 1 10 7 7 10 7 7 7 7 10 7 16 7 17 6 9 10 7 7 7 10 7 7 7 10 10 7 7
split_gain=20.0299 13.2548 11.5143 9.47992 19.7231 15.7862 41.3405 16.7111 12.7328 50.2935 17.9377 26.7712 17.4448 11.5952 10.4349 9.59909 9.42249 9.2165 8.8584 10.0229 25.0154 37.4887 27.352 19.0651 18.5205 20.7159 18.4549 17.9928 11.5412 11.331
threshold=65.500000000000014 0.63151168872206365 430.50000000000006 3.6130255612326443 2.524928003624769 2.8029010331479989 0.3497316826816268 3.1132683346437333 2.3502401828962087 1.0397207708399181 2.1383330595080281 0.73060162963332453 1.5890269151739729 0.85517967223594293 3.3497501700808394 0.66650849354048136 0.91597561503675351 2.524928003624769 7.5272535113028427 2.524928003624769 2.3502401828962087 1.0397207708399181 1.6308419060349375 2.1383330595080281 2.9174053685313028 3.1132683346437333 1.0261490310845864 0.053476163890834059 3.0201273556387074 2.8029010331479989
decision_type=2 2 2 2 2 2 2 2 2 2 2 2 2 2 2 2 2 2 2 2 2 2 2 2 2 2 2 2 2 2
left_child=1 -1 -3 4 8 6 -6 -7 9 -4 11 -11 -13 14 -9 -10 18 -5 19 20 21 -2 23 -23 26 28 29 -27 -26 -21
right_child=16 2 3 17 5 7 -8 13 15 10 -12 12 -14 -15 -16 -17 -18 -19 -20 24 -22 22 -24 -25 25 27 -28 -29 -30 -31
leaf_value=-0.0051973916389407111 -0.0024326400905046669 0.0023817546169105502 -0.00079571620415986037 -0.00025421639270053331 0.027050716134417948 -0.0034615010014309392 -9.2840394199848815e-05 0.011236262070725537 0.00075477392499094119 0.026032961133098578 -0.00027522335231895976 -0.0032924826251674445 0.021568539307281653 0.015426987178357327 0.0025362204450953977 -0.0070455413867043896 0.0020072865231201271 0.0021904262663680787 -0.0025686053074371927 0.024890487310979967 -0.0067291607211570591 0.026840750422864469 0.0029073975213528224 -0.00092424197030613027 0.0023677689907240741 0.010233243993166913 0.0033757258270748418 -0.00020265579319168146 -0.0097546411695877706 -0.013774914359520059
leaf_weight=1002.4100967673585 5090.6631751307286 7896.4631415561307 4872.2802368351258 38154.081694740802 255.36763458722271 752.17365367664024 311.24532186379656 411.24331070110202 670.18773421645164 342.94402503501624 213.2127780476585 195.38090714020655 110.45109686069191 240.7171176164411 2128.5298936283216 958.47340988507494 2429.6300664949231 4288.8341217264533 8843.7946336665191 167.18450205260888 2153.5036226799712 240.00316190300509 975.77261768421158 83.282457981724292 254.84362248750404 427.83167126774788 944.73925358429551 11936.02638306981 855.2897947342135 21.369890832807869
leaf_count=11260 65597 137435 72523 677917 8325 14205 6486 9461 3740 13474 3643 4194 2580 9667 48143 20276 42720 85879 143061 5053 29098 8186 17035 1372 4207 10437 16375 224127 13327 507
internal_value=-2.52195e-05 0.000506094 0.000598603 0.000337392 0.00161332 0.004393 0.0121405 0.00315036 6.57444e-05 0.00117385 0.0123066 0.0164415 0.00568606 0.00493898 0.00394494 -0.00383574 -0.000994562 -7.18655e-06 -0.00122252 -0.000708299 -0.00206868 -0.000497972 0.00708348 0.0196881 8.7332e-05 -0.000429007 0.0062262 0.000158462 -0.00697181 0.0205083
internal_weight=97227.9 62804 61801.6 53905.1 11462.2 4099.28 566.613 3532.66 7362.93 5734.27 861.989 648.776 305.832 2780.49 2539.77 1628.66 34423.9 42442.9 31994.3 23150.5 8543.23 6389.72 1299.06 323.286 14607.3 13474 1133.29 12363.9 1110.13 188.554
internal_count=1710310 1129208 1117948 980513 216717 96287 14811 81476 120430 96414 23891 20248 6774 67271 57604 24016 581102 763796 538382 395321 121288 92190 26593 9558 274033 252098 21935 234564 17534 5560
is_linear=0
shrinkage=0.05


Tree=112
num_leaves=31
num_cat=2
split_feature=0 16 2 8 6 6 0 0 0 9 16 8 17 16 16 0 17 17 4 8 16 16 8 5 8 16 16 2 17 11
split_gain=18.0784 12.4742 11.1884 11.3186 8.61001 8.50426 6.93751 6.84715 6.80067 6.76054 6.50651 6.45523 6.11654 6.03413 5.93972 6.58786 7.27523 5.77375 7.05274 11.4006 10.6776 12.7678 7.34215 7.01525 8.40301 6.9544 5.82075 5.77378 7.74826 5.6251
threshold=65.500000000000014 0.72544139781389305 0 3.9415346756528771 -0.37940952255126015 0.91597561503675351 143.50000000000003 42.500000000000007 105.50000000000001 6.9255908548202774 0.8762140164844493 4.5271940351011493 0.64847379174494335 0.7974538013997855 0.63151168872206365 49.500000000000007 0.64847379174494335 0.78999681022789259 1.5000000000000002 8.8000242701465474 0.82912253149780868 0.7005233644034452 5.5234569284970156 -0.60355339059327362 5.3913496380844323 0.92778075015659234 0.89087966142384911 1 0.64847379174494335 1.0000000180025095e-35
decision_type=2 2 1 2 2 2 2 2 2 2 2 2 2 2 2 2 2 2 2 2 2 2 2 2 2 2 2 1 2 2
left_child=1 14 4 7 -3 8 10 -4 9 17 -7 -10 -12 29 15 16 -1 18 19 20 21 23 26 24 -2 -19 -22 28 -23 -5
right_child=5 2 3 13 -6 6 -8 -9 11 -11 12 -13 -14 -15 -16 -17 -18 25 -20 -21 22 27 -24 -25 -26 -27 -28 -29 -30 -31
leaf_value=-0.023993103965351138 0.0055605551393545271 0.00065655409304460539 0.00087196120004058076 0.00052834415793459372 0.0026304654898610513 0.0010719735262744226 0.023642858489007108 -0.00090927552441854285 -0.0036523648283186896 0.019289006846609683 -0.03458989200917939 0.001546975073102385 0.018508480188645402 0.003491787815238056 -0.00083159887441945624 -0.00052025904677928283 -0.0064779562192971585 -5.4157000991958851e-05 -0.001108988293616737 -0.0746312369418803 -0.015706486965603519 -0.033525566372903208 -0.040346408149224904 -0.023172757881231753 -0.053189832601188515 0.017194682332264625 0.00064452376576144485 0.00054347425753626386 -0.0049363641534315439 0.036277578760820287
leaf_weight=67.712753266096115 50.50175553560257 11281.710384293459 7885.9119864448439 4188.41805341281 10825.473474944476 2304.3731140089221 36.168046890757978 17081.748971110675 4102.9709427759517 41.588588900864124 5.8100926689803591 698.62153155170381 81.521073120180517 3249.7758350903168 7252.6875278856605 458.15512331109494 476.45196829177439 10284.421488666208 15065.032653154805 5.7702261395752421 179.85780346207321 27.972870353609324 22.821981141343713 107.31664525717497 6.9203135147690764 58.769853156991303 78.04789269156754 1110.7208676133305 155.13635919615626 11.032637571915982
leaf_count=362 302 218061 147564 81549 216674 39328 542 309782 63179 912 54 12471 2796 75075 69032 5101 5797 341807 104124 43 1531 162 250 649 37 3413 792 7669 1041 211
internal_value=-2.37672e-05 0.000481167 0.000755409 0.000163595 0.00162241 -0.000944607 0.00190834 -0.000346681 -0.00116109 -0.000854788 0.00157966 -0.00289587 0.0149759 0.00187411 -0.00133019 -0.00493798 -0.00865744 -0.000885641 -0.00145755 -0.0044667 -0.00423392 -0.00251522 -0.0131637 -0.0156253 -0.00151984 4.38506e-05 -0.0107583 -0.000845963 -0.00882203 0.000622263
internal_weight=97203.4 62779.1 54524.1 32416.9 22107.2 34424.3 2427.87 24967.7 31996.5 27194.9 2391.7 4801.59 87.3312 7449.23 8255.01 1002.32 544.165 27153.3 16810.1 1745.07 1739.3 1458.57 280.728 164.739 57.4221 10343.2 257.906 1293.83 183.109 4199.45
internal_count=1710310 1129208 1048916 614181 434735 581102 42720 457346 538382 462732 42178 75650 2850 156835 80292 11260 6159 461820 116600 12476 12433 9860 2573 988 339 345220 2323 8872 1203 81760
cat_boundaries=0 1 2
cat_threshold=12 2
is_linear=0
shrinkage=0.05


Tree=113
num_leaves=31
num_cat=0
split_feature=10 7 7 7 10 7 10 7 7 7 16 9 7 7 7 7 7 7 4 17 16 17 0 10 7 17 16 0 0 17
split_gain=18.7678 14.2985 57.1116 78.4371 69.0002 66.978 49.3175 71.4325 40.0283 20.7607 14.9798 14.6142 13.7287 13.3002 35.6859 12.6512 11.8903 17.186 11.3929 11.0805 10.4358 10.089 10.2671 9.97293 9.9026 9.16687 10.4745 8.85716 8.76868 8.53322
threshold=7.4994412808114967 2.524928003624769 2.3502401828962087 1.0397207708399181 0.14313038490420291 1.8688348091416842 0.73060162963332453 2.8029010331479989 3.1132683346437333 3.2769667020129059 0.88196383705282499 0.89587973461402759 1.5890269151739729 3.0201273556387074 3.1132683346437333 2.1383330595080281 3.4811217321331038 3.5972184255501678 4.5000000000000009 0.6479041575402984 0.88335524003988442 0.64721689366924384 82.500000000000014 3.5380285808558098 8.9997427593548593 0.79437345442631468 0.60617271857397148 90.500000000000014 144.50000000000003 0.66573474303533098
decision_type=2 2 2 2 2 2 2 2 2 2 2 2 2 2 2 2 2 2 2 2 2 2 2 2 2 2 2 2 2 2
left_child=1 2 3 11 5 -5 7 -3 -9 -10 13 19 21 -8 -15 23 -11 -18 25 28 -17 22 -6 -14 -16 26 -2 -4 -1 -20
right_child=18 6 27 4 12 -7 10 8 9 16 -12 -13 15 14 24 20 17 -19 29 -21 -22 -23 -24 -25 -26 -27 -28 -29 -30 -31
leaf_value=-0.0057564897995968627 -0.012243032330798358 0.024621540387059136 -0.0039765994763365725 0.030780143940694882 -0.006967706053567552 -0.00031587070997460948 0.0032467584834413813 -0.0053687386403304983 0.020145093058350754 -0.0027942197839348638 0.0064030751484353519 0.02967622605233074 0.021249861024169175 -0.0067159018375483812 0.00037038434452190783 0.0030269579104856576 0.023216380961399215 0.0054180469861890585 0.0039201270699612545 -0.00052059232496733164 -0.038691202290898397 0.0017886689672294009 -0.047272553709086458 0.0083524172773952448 0.013356257149760241 0.00014785032983439178 -0.0019931980044528719 -0.0096033108282924454 0.037626836997683343 -0.00078162753584275896
leaf_weight=1281.584529928863 252.95738677307963 490.02525646029972 5415.73577690823 516.68130331090651 104.65332469344139 260.45928303245455 3618.1595696057193 812.34819418564439 297.4926134487614 324.14006712147966 1049.2861305642873 39.083015359006822 190.75956921419129 1840.8563994448632 35232.892882002518 676.49661739496514 160.54800950177014 873.883016416803 1772.5516977496445 13694.784466564655 15.330200394615529 1611.4880266264081 18.610372871160507 699.4872612641193 147.42133740242571 5842.5352203194052 17015.907861150336 803.11566895665601 11.754208646714686 2118.2075247820467
leaf_count=6990 1772 15500 75564 20464 668 4934 62576 15123 8270 7005 40533 830 4630 28031 674725 10326 4198 22632 10188 195577 459 32015 116 13306 3845 235785 151607 10681 63 51897
internal_value=-2.25282e-05 0.000408433 -0.000540969 0.000812743 0.00694811 0.0203583 0.000944876 0.00718395 0.00372227 0.00818168 0.000504234 -0.000858757 0.00380607 0.000352674 7.13491e-05 0.00717451 0.00556199 0.00818042 -0.00114273 -0.00093838 0.00210252 0.000734091 -0.0130529 0.011116 0.000424493 -0.00156413 -0.00214334 -0.00470324 -0.00536221 0.0013604
internal_weight=97189.2 70187.1 25340 19121.2 4093.97 777.141 44847.1 2958.44 2468.41 1656.06 41888.6 15027.2 3316.83 40839.3 37221.2 1582.07 1358.57 1034.43 27002.2 14988.1 691.827 1734.75 123.264 890.247 35380.3 23111.4 17268.9 6218.85 1293.34 3890.76
internal_count=1710310 1259061 376623 290378 86918 25398 882438 72728 57228 42105 809710 203460 61520 769177 706601 28721 33835 26830 451249 202630 10785 32799 784 17936 678570 389164 153379 86245 7053 62085
is_linear=0
shrinkage=0.05


Tree=114
num_leaves=31
num_cat=0
split_feature=3 1 1 16 6 1 17 8 16 8 7 1 8 7 7 7 7 7 7 7 7 16 4 17 7 8 16 4 17 8
split_gain=18.3239 21.2879 15.4735 14.2481 13.96 11.6454 9.78831 9.14167 9.17506 8.74113 15.234 10.5262 10.7045 8.95304 19.4567 27.554 34.7234 16.9704 25.83 11.3103 14.8478 8.48041 8.31426 8.17342 8.09513 12.1243 7.88394 7.66232 7.4175 7.25757
threshold=1.0000000180025095e-35 894.50000000000011 192.50000000000003 0.74775451997026388 0.78656609248549303 308.50000000000006 0.81261958850918492 7.8623047044466476 0.60617271857397148 3.9415346756528771 6.0366761762234473 4764.5000000000009 1.8688348091416842 3.3497501700808394 3.1132683346437333 3.0201273556387074 2.524928003624769 2.3502401828962087 1.0397207708399181 3.4811217321331038 3.5972184255501678 0.87226800063066301 4.5000000000000009 0.76318956511694935 4.4829865921051741 2.8029010331479989 0.78085514856165184 2.5000000000000004 0.79015290627731349 1.2424533248940002
decision_type=2 2 2 2 2 2 2 2 2 2 2 2 2 2 2 2 2 2 2 2 2 2 2 2 2 2 2 2 2 2
left_child=2 3 28 -2 9 -5 21 8 -4 10 11 12 13 14 15 16 17 18 -3 29 -21 -7 -20 -24 -14 -26 -11 -23 -1 -15
right_child=1 4 7 5 -6 6 -8 -9 -10 26 -12 -13 24 19 -16 -17 -18 -19 22 20 -22 27 23 -25 25 -27 -28 -29 -30 -31
leaf_value=0.0010503850873431677 -0.00090945512895154843 -0.0015463270374161744 -0.010705776455059409 0.0073634672937228154 0.0018663142680008069 0.0014457796761122789 0.0087093662964654924 0.013680764311546948 -0.0017763125173749221 -0.00058332062086270447 -0.004211606161578149 -0.0028723439960780328 0.0031768301304132109 -0.010135353632469854 0.0057036097640561639 -0.0081991756525762668 0.0060185057024920233 -0.0044841581368286858 0.0066800347758616463 0.0051685460926314515 -0.0024746536430953051 0.0023856039118370742 -0.008691128145164732 0.0079507312846780025 -0.0026128120932229545 0.0022051685202405043 0.0019523152548897881 0.011262983284827981 0.0085949704480845126 0.0016492680019153981
leaf_weight=1026.9043122734874 4197.1195675441995 6070.9903711890802 292.63809615001082 1083.6804261545185 7292.2052428566385 13892.427624673117 525.24751916644163 94.32059588516131 16953.158323139884 6121.3054800578393 3093.5132770622149 4285.1567307142541 3373.0977512509562 661.04040939128026 1304.5236064614728 1120.9370990213938 2004.6791394636966 2815.7128076450899 1551.793793764431 721.68430650047958 5314.8465283117257 560.37399128149264 191.28855851106346 120.10490374360234 2370.7766922144219 2906.7513426267542 6140.9553342121653 429.27175494050607 477.15864063613117 162.82820836780593
leaf_count=6667 41596 82346 3270 25632 132746 253977 55146 1559 254022 108163 56072 65143 65109 10918 24261 17496 38556 38290 33191 13073 94148 17430 1482 4623 44392 56572 128103 17106 16271 2950
internal_value=-2.11483e-05 0.000315687 -0.00142096 0.00169151 -0.00017826 0.00235348 0.00200111 -0.00184293 -0.00192783 -0.000474482 -0.000848444 -0.000550985 -0.000226871 -0.000811879 -0.000134419 -0.000683289 -2.27542e-05 -0.00114935 3.41193e-05 -0.0023109 -0.00156089 0.00176434 0.00518383 -0.00227234 0.00126364 4.08302e-05 0.000686529 0.00623628 0.00344388 -0.00780626
internal_weight=97156.5 78312.3 18844.2 20688.1 57624.2 16491 15407.3 17340.1 17245.8 50332 38069.7 34976.2 30691.1 22040.4 15180 13875.5 12754.6 10749.9 7934.18 6860.4 6036.53 14882.1 1863.19 311.393 8650.63 5277.53 12262.3 989.646 1504.06 823.869
internal_count=1710310 1428521 281789 410887 1017634 369291 343659 258851 257292 884888 648622 592550 527407 361334 240245 215984 198488 159932 121642 121089 107221 288513 39296 6105 166073 100964 236266 34536 22938 13868
is_linear=0
shrinkage=0.05


Tree=115
num_leaves=31
num_cat=0
split_feature=1 3 1 16 0 10 9 16 4 16 9 6 11 10 12 1 4 11 10 16 9 16 0 1 1 10 10 4 1 16
split_gain=16.8495 18.2166 18.054 15.473 13.571 12.4866 11.144 10.311 10.5921 8.6733 8.30713 8.29761 7.99362 12.8083 7.83714 7.36284 7.25216 7.06635 8.19315 7.32558 6.90765 6.81813 6.81333 6.73083 6.58027 6.22013 6.05773 6.91861 5.97917 8.61661
threshold=192.50000000000003 1.0000000180025095e-35 677.50000000000011 0.85695822758365758 44.500000000000007 6.0211199136467881 2.249904835165133 0.89608254000280196 2.5000000000000004 0.81095267976944996 5.1503930356556173 0.78656609248549303 1.0000000180025095e-35 0.038873597625763805 1.0000000180025095e-35 1183.5000000000002 4.5000000000000009 1.0000000180025095e-35 0.14313038490420291 0.71270853614292051 6.1851745148996118 0.75068315415772469 65.500000000000014 562.50000000000011 527.50000000000011 7.1651162404189188 8.1516019702766869 1.5000000000000002 1376.5000000000002 0.76466052569005039
decision_type=2 2 2 2 2 2 2 2 2 2 2 2 2 2 2 2 2 2 2 2 2 2 2 2 2 2 2 2 2 2
left_child=-1 7 3 5 9 17 12 8 22 -4 11 24 13 -6 25 -11 -5 18 -3 -19 -8 -7 -2 -24 -10 -14 -15 -28 -27 -30
right_child=1 2 4 16 6 21 20 -9 10 15 -12 -13 14 26 -16 -17 -18 19 -20 -21 -22 -23 23 -25 -26 28 27 -29 29 -31
leaf_value=0.004891607605567741 -0.0022501401435461323 0.0099011763281986655 0.00034297555326405949 0.0064330013042374293 0.0030115664330755947 -0.0028870483736342916 0.0012437365274720821 0.0061622980958046733 3.8228979159531675e-05 0.0055710446596069167 0.02158712020840094 0.0031420951520896748 -0.0023916139155329618 -0.00060724407237187602 0.0031380872422695377 0.0014728770423833868 0.02199646409132102 -0.011936010591305118 0.0034141342275484095 0.0014365408829159882 0.010816558626910342 0.00089294957367894298 -0.0081046584255545645 -0.0025056089204630876 -0.0026507658197527199 -0.014660737549606912 -0.012412616558291801 -0.0024826688673132129 0.0064710077807596912 -0.0097622050101952296
leaf_weight=1681.2286883816123 4384.3246690412052 595.18990291911177 10752.062904813327 1038.473533334909 2398.5216734579299 1636.8563884655014 5228.6224066754803 414.79825634602457 4235.2682747025974 1676.1487608759198 41.205682614352554 1126.1285753725097 5817.0672170794569 33878.471499433741 591.68698418792337 3166.4297915794887 80.664677999215201 110.55455313995481 2671.314882684499 1390.6094951615669 195.49324990762398 4398.8665252118371 1233.615063088946 950.20544587867334 4915.8068280192092 206.70107035338879 195.09895199583843 1738.56922479067 127.08870135247707 229.12283023074269
leaf_count=27168 64406 14547 177854 35312 52718 16256 99187 11792 62051 42374 721 16986 72631 614594 14510 71029 3033 1063 57666 21569 4367 91873 17610 13737 71766 2534 2838 24119 1160 2930
internal_value=-7.04063e-05 -0.000157829 0.000167275 0.00195835 -0.00015529 0.00137861 -0.000552691 -0.00162582 -0.00181713 0.00113432 -0.000818036 -0.000907868 -0.000809771 -0.000525696 -0.00236674 0.00289136 0.00755478 0.00329121 0.00459614 0.000451708 0.00158876 -0.000132166 -0.00338668 -0.00566845 -0.00140625 -0.00287727 -0.000762604 -0.00348456 -0.00789597 -0.00397054
internal_weight=97106.2 95425 78123.6 11922.5 66201.1 10803.4 50606.4 17301.4 16886.6 15594.6 10318.4 10277.2 45182.3 38210.7 6971.67 4842.58 1119.14 4767.67 3266.5 1501.16 5424.12 6035.72 6568.15 2183.82 9151.08 6379.98 35812.1 1933.67 562.913 356.212
internal_count=1710401 1683233 1424164 241319 1182845 202974 891588 259069 247277 291257 151524 150803 788034 694269 93765 113403 38345 94845 72213 22632 103554 108129 95753 31347 133817 79255 641551 26957 6624 4090
is_linear=0
shrinkage=0.05


Tree=116
num_leaves=31
num_cat=0
split_feature=8 10 1 0 10 8 10 8 10 8 17 0 8 10 17 10 11 10 17 8 17 0 10 1 8 4 8 4 1 3
split_gain=16.6581 23.2472 17.2922 13.9003 12.561 11.4775 9.7238 9.54211 10.3048 8.536 7.87383 7.03007 6.8333 6.51168 6.5104 6.404 8.00563 17.3088 8.70887 8.3832 8.13458 12.8839 7.39381 7.43184 6.57315 6.2405 6.07312 6.74187 8.51696 6.14194
threshold=5.1209788959100075 7.1824962034447797 4764.5000000000009 45.500000000000007 7.5272535113028427 0.89587973461402759 4.8689591460068407 1.0000000180025095e-35 8.05455004015543 7.2445845309701786 0.81225086885273801 105.50000000000001 3.8815106545092593 8.3107877663986738 0.64947002063415427 1.0000000180025095e-35 1.0000000180025095e-35 0.026146630606959865 0.65766009501192657 1.0000000180025095e-35 0.6479041575402984 64.500000000000014 6.0211199136467881 1534.5000000000002 1.0000000180025095e-35 3.5000000000000004 1.7005986908310777 2.5000000000000004 714.50000000000011 1.0000000180025095e-35
decision_type=2 2 2 2 2 2 2 2 2 2 2 2 2 2 2 2 2 2 2 2 2 2 2 2 2 2 2 2 2 2
left_child=1 2 3 5 -2 14 -7 -3 -9 -6 11 15 -8 -11 -1 -5 17 18 -17 20 21 -18 23 -23 -20 -22 27 29 -29 -19
right_child=4 7 -4 10 9 6 12 8 -10 13 -12 -13 -14 -15 -16 16 19 26 24 -21 25 22 -24 -25 -26 -27 -28 28 -30 -31
leaf_value=-0.0025097080987763511 0.0043033644181423424 -0.0035076417027497852 -0.0028090546594943012 0.0049105501984549674 -0.00011566585593530245 0.0066660665618902401 0.0012973923532118184 -0.000464672972397531 -0.0031465922324202668 0.0055084354105399231 0.0039319643885167991 -0.0025208477797578248 0.0064160379235837011 -0.0016209022260392681 0.0011736573043368273 0.0086782272061262655 -0.00024933591731832438 -0.0024514603438863291 0.0009325519090731928 0.02766066887467061 -0.0020856872548568441 -0.015781333155874849 -0.030416687278310997 0.0020307599583193263 0.008508787870435101 0.0010365552352534187 0.00082108551081792576 0.0010190950683822285 -0.0024764201155145727 0.0017750109631128139
leaf_weight=1405.7691303901374 3305.7888512010686 5155.3013748629019 4363.7340779514052 660.07922054082155 6874.0924056749791 1662.6911962695885 3724.7386564454064 15254.986737160012 4680.6574157942086 1331.1643885462545 1211.7539993799292 2918.3170007695444 790.37483170581982 421.76142228208482 8182.2774773843121 767.49404303357005 370.93562218546867 1129.0774346268736 1523.8328959331848 24.64171950193122 4807.7652462003753 196.04965525865555 55.656807094812393 83.503570631146431 352.51992176938802 2398.9408613936976 10798.390016744379 2358.3601085618138 6674.4242960782722 3601.3963781087659
leaf_count=8571 75660 70055 69165 14092 124052 41708 75230 267765 67081 27952 110313 41261 17841 6517 152018 5937 1979 15573 34700 406 56897 1062 299 441 10294 27747 192651 35394 98725 59015
internal_value=-6.68305e-05 -0.000312004 0.000221958 0.000459422 0.00168275 0.00171651 0.00339718 -0.0015902 -0.00109436 0.000678554 -3.68839e-05 -0.000161086 0.00219342 0.00379309 0.000633614 3.12591e-05 -6.03871e-05 0.000347239 0.00419126 -0.00145751 -0.00154819 -0.00666963 -0.0137742 -0.0104608 0.00235594 -0.00104637 -6.65368e-05 -0.000762948 -0.00156378 0.00076623
internal_weight=97086.5 85153.7 60062.7 55699 11932.8 15765.9 6177.8 25090.9 19935.6 8627.02 39933.1 38721.4 4515.11 1752.93 9588.05 35803.1 35143 27205.5 2643.85 7937.49 7912.85 706.146 335.21 279.553 1876.35 7206.71 24561.6 13763.3 9032.78 4730.47
internal_count=1710401 1476220 1071319 1002154 234181 295368 134779 404901 334846 158521 706786 596473 93071 34469 160589 555212 541120 452289 50931 88831 88425 3781 1802 1503 44994 84644 401358 208707 134119 74588
is_linear=0
shrinkage=0.05


Tree=117
num_leaves=31
num_cat=0
split_feature=1 3 1 8 10 1 16 8 5 16 16 1 10 17 17 7 7 17 10 8 10 7 1 10 7 8 10 8 7 7
split_gain=15.3058 16.0967 16.3629 12.6635 12.4477 15.1697 15.6463 11.3616 10.918 9.729 9.36961 9.25484 8.67409 8.5507 8.21775 7.86612 8.58606 9.21493 7.87672 7.75168 7.62135 7.15312 7.64245 7.06339 7.80519 6.65992 9.21224 8.95202 9.45865 19.0814
threshold=192.50000000000003 1.0000000180025095e-35 413.50000000000006 5.803626672146776 6.9040610827500055 1203.5000000000002 0.73747438813218613 3.3140206880897671 0.25881904510252091 0.84605918233744193 0.89608254000280196 13521.000000000002 0.013431555789173955 0.64552233679973303 0.81243880862274753 2.524928003624769 2.3502401828962087 0.6479041575402984 0.73060162963332453 3.4498615536424366 7.5272535113028427 5.7477980882242035 18447.000000000004 7.5272535113028427 7.4705089550475146 7.3152181684169335 8.0018238329025895 0.89587973461402759 2.3502401828962087 1.0397207708399181
decision_type=2 2 2 2 2 2 2 2 2 2 2 2 2 2 2 2 2 2 2 2 2 2 2 2 2 2 2 2 2 2
left_child=-1 10 -3 4 5 6 -4 11 -6 14 25 12 -7 -9 -8 16 17 -11 -17 21 -21 -10 -23 24 -5 26 27 28 29 -2
right_child=1 2 3 23 8 7 9 13 19 15 -12 -13 -14 -15 -16 18 -18 -19 -20 20 -22 22 -24 -25 -26 -27 -28 -29 -30 -31
leaf_value=0.004669816932356745 -0.0023432385516462058 0.0036467058151418356 -0.0024673735655378446 0.0018324058219537608 -0.00026234531617509542 0.0018495178915090245 0.0013350425524112112 0.027607918770480539 -0.0026699037482652396 -0.015552158220580013 0.005911664970106866 -0.007886813959281886 -0.00103834906241622 0.0020785630348449475 0.0081656979164586099 0.019419450291119911 -0.007451364104881843 0.0059613658952910736 0.0065275578425037636 0.0025405236105857064 -0.002157939245621388 -0.0068017995843829646 -0.069850737741968497 0.0011993927286793513 0.0089867284233011626 0.0074957937363904041 -0.0051236282169210565 8.8137953091255928e-05 -0.0040877234254492094 0.0061055246957594797
leaf_weight=1678.4224475007504 3683.6139785456471 3224.1465884968638 2105.8455099826679 841.46831664768979 16267.170810480136 2998.7860306974035 11358.158020328032 33.129937581717968 4484.1267654304393 53.818762645125389 413.26828531548381 451.18673514295369 19563.793111158768 3284.4993925178424 458.07789454306476 133.50268182647415 196.60263174725696 662.41586653841659 1053.0539924828336 1246.6587982750498 2805.2618149220943 1163.6461733626202 4.8263010717928401 4999.0725670494139 697.0136928181164 194.26954904105514 1868.9826927687973 6016.4612819324248 4310.5568097308278 816.40101786050946
leaf_count=27168 43954 66895 20930 19021 277424 54679 189328 218 69716 413 11792 6844 330652 71228 46752 5664 4105 16067 38906 24279 48867 20271 76 94360 17469 3262 24537 99531 62073 13920
internal_value=-6.34379e-05 -0.000146721 0.00015903 8.82341e-06 -0.000192333 0.000336155 0.00154927 -0.000401972 -0.00105416 0.00215711 -0.00152649 -0.000796313 -0.000654523 0.0023335 0.00159985 0.00529361 0.00180421 0.00434481 0.00797806 -0.00238143 -0.000712358 -0.00357786 -0.00706222 0.00211113 0.00507369 -0.00170849 -0.00181559 -0.0013986 -0.00241385 -0.000810448
internal_weight=97068.2 95389.8 78086.3 74862.1 68324.6 42352.9 16021.5 26331.4 25971.7 13915.6 17303.6 23013.8 22562.6 3317.63 11816.2 2099.39 912.837 716.235 1186.56 9704.52 4051.92 5652.6 1168.47 6537.55 1538.48 16890.3 16696 14827 8810.57 4500.01
internal_count=1710401 1683233 1424164 1357269 1226419 785786 322165 463621 440633 301235 259069 392175 385331 71446 236080 65155 20585 16480 44570 163209 73146 90063 20347 130850 36490 247277 244015 219478 119947 57874
is_linear=0
shrinkage=0.05


Tree=118
num_leaves=31
num_cat=0
split_feature=1 3 1 9 6 1 4 17 9 7 10 10 7 10 7 7 10 7 7 7 7 10 10 7 4 4 1 10 6 17
split_gain=13.8328 14.5265 14.7949 9.94578 9.66368 9.85522 8.31715 17.0406 7.5898 7.58943 7.75664 7.60113 7.33092 30.9997 27.925 25.1008 33.6332 29.9791 21.592 25.284 17.1529 13.695 11.6812 8.53046 8.26793 8.00145 7.81413 7.31968 7.00607 7.62737
threshold=192.50000000000003 1.0000000180025095e-35 413.50000000000006 6.1851745148996118 -0.60355339059327384 3936.5000000000005 2.5000000000000004 0.78953251609163166 5.1503930356556173 10.459095259825459 8.1284998982695829 8.3107877663986738 2.524928003624769 1.6308419060349375 2.3502401828962087 1.0397207708399181 1.2007562355602046 1.8688348091416842 2.8029010331479989 3.1132683346437333 3.2769667020129059 0.14313038490420291 0.0023111235910171818 3.4811217321331038 2.5000000000000004 2.5000000000000004 2121.5000000000005 7.8233373950840157 0.78656609248549303 0.66455897883778314
decision_type=2 2 2 2 2 2 2 2 2 2 2 2 2 2 2 2 2 2 2 2 2 2 2 2 2 2 2 2 2 2
left_child=-1 6 -3 4 5 -4 7 -2 28 11 -11 12 14 18 15 22 17 -17 21 -20 -21 -14 -6 -22 -19 -18 27 -16 -8 -30
right_child=1 2 3 -5 9 -7 8 -9 -10 10 -12 -13 13 -15 26 16 25 24 19 20 23 -23 -24 -25 -26 -27 -28 -29 29 -31
leaf_value=0.0044427879192264928 -0.0046254100819499867 0.003470560231887956 -0.00038732776151251713 0.0096220072683234643 0.0057900771354954814 -0.0031675728967694191 -0.0011010139209698723 0.00059512435880168654 0.020788912347387077 0.029723417893107493 0.0052710829097879818 -0.0043333703741243118 0.027012320655590002 0.00049335889029112495 -0.0023997464586330377 0.027395739757829281 0.0072566680671601325 0.012152914500949517 -0.0052413525032199955 0.023002269027472235 -0.0033577932390231047 0.0021209342542381202 -0.0013256632997039474 0.0087563558612709144 -0.012635628996457938 -0.00027493920235530041 -0.0082848771438486998 -0.021245286937070937 0.007564235206294981 -0.00065665273623568914
leaf_weight=1676.0437321863137 4470.9800262311473 3218.5435208049603 25817.813517863629 268.07351603778079 638.96976375859231 3636.3664371469058 9249.6433508903719 2403.4036908298731 41.465345203410834 39.878443605732173 173.68321498204023 836.24515721714124 200.22407232224941 30795.209564032499 1908.5924323508516 288.35745171946473 544.86222759867087 62.75038627255708 433.06243427284062 183.5313276653178 184.6461098738946 76.323619117029011 5922.6703135091811 682.32206924073398 72.506889819633216 999.58565297769383 1031.0925928642973 52.954184370115399 514.30898247659206 625.04779709689319
leaf_count=27168 28743 66895 467940 6158 15793 57033 137058 75092 747 957 3362 11455 7036 588235 27481 11580 10764 1255 8332 5082 4207 1879 76337 18198 1430 18392 13701 662 2834 14595
internal_value=-6.01918e-05 -0.000139325 0.000151201 8.46801e-06 -2.60865e-05 -0.000730572 -0.00144999 -0.00280022 -0.000560095 0.000433723 0.00983708 0.000389011 0.000478605 0.000862223 -0.000605273 0.000852723 0.00580533 0.0182859 0.00731594 0.00492494 0.00911594 0.0201426 -0.000632735 0.0061763 -0.00113539 0.00238212 -0.00476089 -0.0029085 -0.000645305 0.00305428
internal_weight=97049.2 95373.1 78068.3 74849.7 74581.6 29454.2 17304.8 6874.38 10430.5 45127.5 213.562 44913.9 44077.7 32555.3 11522.3 8529.7 1968.06 423.615 1760.11 1483.56 1050.5 276.548 6561.64 866.968 135.257 1544.45 2992.64 1961.55 10389 1139.36
internal_count=1710401 1683233 1424164 1357269 1351111 524973 259069 103835 155234 826138 4319 821819 810364 632969 177395 135551 43421 14265 44734 35819 27487 8915 92130 22405 2685 29156 41844 28143 154487 17429
is_linear=0
shrinkage=0.05


Tree=119
num_leaves=31
num_cat=0
split_feature=16 4 1 3 1 6 7 1 4 4 1 16 16 16 16 4 1 1 7 1 10 6 1 3 7 7 10 7 7 10
split_gain=12.7883 14.6086 12.2703 13.9588 12.6338 8.16162 8.13853 7.68072 7.64237 7.6412 9.01005 9.67489 15.9101 10.8743 13.1458 8.45318 8.00843 6.98908 6.70392 8.2644 6.65165 6.48037 6.37906 6.99169 6.35573 23.0636 15.6044 18.378 12.5437 39.7813
threshold=0.8762140164844493 4.5000000000000009 192.50000000000003 1.0000000180025095e-35 397.50000000000006 -0.60355339059327384 10.459095259825459 3936.5000000000005 2.5000000000000004 2.5000000000000004 2891.5000000000005 0.75441668335068901 0.77179456931727786 0.77005389237929101 0.76654497051352888 1.5000000000000002 2213.5000000000005 577.50000000000011 4.8789996228937618 2289.5000000000005 6.5450163141586417 0.1294095225512602 2550.5000000000005 1.0000000180025095e-35 2.524928003624769 2.1383330595080281 0.053476163890834059 2.6735537653587351 1.0397207708399181 0.73060162963332453
decision_type=2 2 2 2 2 2 2 2 2 2 2 2 2 2 2 2 2 2 2 2 2 2 2 2 2 2 2 2 2 2
left_child=2 22 -1 8 -5 7 9 20 -4 10 11 16 13 14 -13 18 -7 21 -15 -20 -6 -10 -2 -24 25 28 27 -26 -11 -30
right_child=1 -3 3 4 5 6 -8 -9 17 24 -12 12 -14 15 -16 -17 -18 -19 19 -21 -22 -23 23 -25 26 -27 -28 -29 29 -31
leaf_value=0.0041915962840043336 0.0028410497068987253 0.0142026908364944 -0.0029179065976536848 0.0034058093514296611 0.00039769292036351809 -0.0019059335026199279 0.0092920886087527917 -0.0028981728003510286 -0.0005835902707008344 -0.00081718493590947686 -0.0016318141710390942 0.0068593453700336125 0.0014948755974740803 0.028260687304079088 -0.0057592457824334458 0.0063097738697266694 0.007246477325980178 -0.0020681763188934153 0.010238951470092279 -0.088620542268410596 -0.0012259328778386276 0.0032511545243863586 0.030601363255938863 -0.005456915417527847 0.028538552009998282 -0.0057612151163667418 9.8257389917592298e-06 0.0044623113138672803 0.028756277195605834 0.0010818484167142495
leaf_weight=1588.0258641801775 2736.876148032723 266.40376662090421 6353.5794247961603 2699.2622213310096 12460.790176680079 2312.8107906924561 253.02469742810354 3582.7937830062583 3713.379300779663 3981.292852031067 2319.054158992134 1337.7027294205036 7899.1712592206895 128.70383567456156 244.05403529759496 145.63446160871536 266.55668139085174 4898.2285008854233 36.188324837945402 2.2452062815427771 12775.481476739049 1566.454508069437 13.963631434831766 360.90165125671774 91.347413647454232 2173.9506128923967 21262.742098314688 599.05395281082019 154.88850400294177 803.48386132624
leaf_count=24785 88596 10133 91485 53816 227691 23487 5118 55433 53335 54318 38126 53597 147652 1051 3050 1634 2603 70956 339 20 216653 23197 316 10196 3019 29949 385080 13832 6009 14925
internal_value=-5.70578e-05 0.00296528 -0.00016608 -0.000241248 4.6791e-05 -7.77009e-05 0.000350606 -0.000731803 -0.00155725 0.000298904 0.00122824 0.0017643 0.00248182 0.00659686 0.00491238 0.0151156 -0.000960106 -0.000707866 0.0227885 0.00446379 -0.000424243 0.000554126 0.00200322 -0.00411375 -0.00017084 -0.00146969 0.000250033 0.00764785 0.000419019 0.00555448
internal_weight=97028 3378.15 93649.9 92061.9 75530.2 72831 44011.9 28819.1 16531.6 43758.9 14692.1 12373.1 9793.7 1894.53 1581.76 312.772 2579.37 10178.1 167.137 38.4335 25236.3 5279.83 3111.74 374.865 29066.8 7113.62 21953.1 690.401 4939.67 958.372
internal_count=1710401 109241 1601160 1576375 1337402 1283586 783809 499777 238973 778691 271559 233433 207343 59691 56647 3044 26090 147488 1410 359 444344 76532 99108 10512 507132 105201 401931 16851 75252 20934
is_linear=0
shrinkage=0.05


Tree=120
num_leaves=31
num_cat=0
split_feature=10 8 8 7 7 8 7 16 7 7 1 10 10 7 7 7 7 7 10 7 10 7 7 7 7 7 7 10 10 0
split_gain=14.735 17.926 14.6315 14.9193 14.4768 14.2096 15.6144 11.3397 9.5505 20.1132 9.37949 9.33026 8.94117 9.37171 8.55577 8.18407 7.92854 70.4366 85.3426 23.8398 32.0318 54.2751 23.586 22.1558 16.2899 14.4514 12.9383 11.7397 15.2067 9.50855
threshold=5.4508634131887623 1.2424533248940002 4.4484992763719129 6.3017023852040754 3.0201273556387074 1.0000000180025095e-35 2.9174053685313028 0.84033146576543671 2.3502401828962087 1.0397207708399181 3845.5000000000005 2.896458352116396 7.9281248631471941 8.9997427593548593 5.8066387294484665 2.6735537653587351 2.1383330595080281 1.0397207708399181 0.3497316826816268 2.524928003624769 0.053476163890834059 2.8029010331479989 3.1132683346437333 3.2769667020129059 3.4811217321331038 1.5890269151739729 3.5972184255501678 0.58835231277292122 0.0080356655800481996 35.500000000000007
decision_type=2 2 2 2 2 2 2 2 2 2 2 2 2 2 2 2 2 2 2 2 2 2 2 2 2 2 2 2 2 2
left_child=1 10 3 5 -3 8 -7 -6 9 -2 14 -9 13 15 16 -4 17 27 -19 29 21 -21 -23 -24 -25 -20 -26 28 -1 -18
right_child=2 4 12 -5 7 6 -8 11 -10 -11 -12 -13 -14 -15 -16 -17 19 18 25 20 -22 22 23 24 26 -27 -28 -29 -30 -31
leaf_value=0.00096468990959740783 -0.002251147456237502 0.013453559247959483 0.033755798854095936 -0.003244419931188236 0.0017373378575483258 0.0078871097315642864 -6.5775637881323581e-05 0.015856469323135339 -0.0028925817751754373 0.0039272841155861401 -0.0026038177066663505 0.0046562687234645459 -0.00040419833127161835 0.0088839119680021849 0.030679978658294235 0.0014516314263761396 0.0030894046196970337 0.028415095121979692 -0.00053998727224129929 0.025703516799183437 -0.00052406578442652817 -0.0046851773568289479 0.024533756449610807 -0.0079356873985601435 0.027676558034015655 0.011344728159145738 0.005199817204102934 0.002278535563279312 -0.0036861532620665188 -0.0042701731870709832
leaf_weight=3627.6231351625174 4183.9997323285788 315.38181068166159 19.652975084260106 6007.3471880955622 6315.4492974895984 632.59045183705166 25345.253801423125 250.21178334346041 8587.3058756976388 1922.4972363514826 2664.6970721660182 723.9306787319947 7954.9098687376827 457.06774438917637 23.501303538214415 8228.3586505614221 496.89280714932829 493.52326225489378 749.14371270174161 326.17549461568706 5434.4834885047749 574.43559822812676 172.09514645207673 189.00465792324394 81.554215213283896 388.39266479946673 297.87297870544717 3431.1252228231169 3409.3921165680513 3759.2956839879043
leaf_count=59768 50317 7315 406 108657 137074 11155 444740 10101 124613 32083 40442 27008 136618 11471 629 170546 7681 20515 15798 11488 103519 10513 5006 4040 2179 8824 7032 43999 43047 54671
internal_value=-1.50102e-05 0.000829261 -0.000464534 -0.000918534 0.00296561 -0.000574992 0.000127886 0.00251185 -0.00181764 -0.000306003 0.000207234 0.00753308 0.000807512 0.0019148 0.000526602 0.0015286 0.000496358 0.00138647 0.0110512 -0.000454028 0.00132466 0.00744654 0.00291792 0.00881573 0.00405703 0.00351785 0.010031 -0.000119417 -0.00128862 -0.00341097
internal_weight=97063.2 33724.2 63339 46679 7604.97 40671.6 25977.8 7289.59 14693.8 6106.5 26119.2 974.142 16660 8705.08 23454.5 8248.01 23431 12099.2 1631.06 11331.8 7075.62 1641.14 1314.96 740.527 568.432 1137.54 379.427 10468.1 7037.02 4256.19
internal_count=1711255 620649 1090606 771565 181498 662908 455895 174183 207013 82400 439151 37109 319041 182423 398709 170952 398080 191951 45137 206129 143777 40258 28770 18257 13251 24622 9211 146814 102815 62352
is_linear=0
shrinkage=0.05


Tree=121
num_leaves=31
num_cat=0
split_feature=10 8 10 8 5 10 17 8 10 1 1 0 0 0 8 8 17 11 0 4 17 1 9 8 1 10 1 3 10 9
split_gain=13.3171 16.3523 18.7459 13.2042 10.4697 10.3664 8.61508 8.44599 8.07949 7.9985 7.8997 7.95553 7.7061 7.51599 7.39824 16.9635 14.7053 7.22437 6.32658 6.2846 7.97634 6.22391 6.1223 8.54704 6.06175 5.69998 5.64943 11.0019 5.60425 6.93642
threshold=5.4508634131887623 1.0000000180025095e-35 1.6308419060349375 4.4484992763719129 0.25881904510252091 7.1824962034447797 0.64679273484672806 1.2424533248940002 7.9281248631471941 3845.5000000000005 584.50000000000011 37.500000000000007 134.50000000000003 115.50000000000001 6.0764941372188597 6.0556116797489983 0.66455897883778314 1.0000000180025095e-35 67.500000000000014 2.5000000000000004 0.65720204867814613 736.50000000000011 6.1279596970873662 9.2213649572534653 2550.5000000000005 0.0023111235910171818 814.50000000000011 1.0000000180025095e-35 8.1887372139233978 3.3140206880897671
decision_type=2 2 2 2 2 2 2 2 2 2 2 2 2 2 2 2 2 2 2 2 2 2 2 2 2 2 2 2 2 2
left_child=1 6 10 4 28 12 18 -4 17 25 -3 -12 -6 14 15 21 -17 -5 -1 20 -15 -9 23 -10 -14 26 27 -8 -2 -30
right_child=3 2 7 8 5 -7 9 13 22 -11 11 -13 24 19 -16 16 -18 -19 -20 -21 -22 -23 -24 -25 -26 -27 -28 -29 29 -31
leaf_value=-0.0014182311304574548 -0.00014286553375730357 0.014653439319324019 -0.0012236950892224817 0.0017531902065096945 -0.00055751474822428098 -0.0031288925976456598 6.2869876733409529e-05 0.0051992096480948146 -0.00046545934501999705 -0.0025640466550443919 0.015666384664719535 0.0042263014653223293 -0.019289558300415986 -0.052107333803860435 0.020069501614418346 -0.22245258058954209 -0.0050729183374482647 0.032489409147991789 -0.0087904758040591793 -0.0016184960841437745 -0.0097412982859347505 0.0016442211016498842 0.0085251635131408082 -0.021067949565998043 0.0039738933470517468 0.00037559821534978124 0.00076620599153011035 0.013505684251563883 -0.0033566266518673727 -0.034639644325631914
leaf_weight=864.60838479176164 27603.577109707985 299.06868478050455 2139.4447689768858 8677.6508257715032 9724.7068820851855 8198.5290380939841 282.99600018607453 1663.5918748895638 7717.3344497499056 2215.1258532549255 174.13633371400647 1193.7077717890497 96.552250902634114 15.466799408197401 60.56270617665723 1.5622207336127751 1.5498059093952177 19.160074959043413 438.65336241573095 135.28437047498301 39.439003390260041 4736.8705651722848 188.27292565675452 50.67087448714301 39.440546760335565 18378.339713298483 723.11772487917915 329.32714257086627 1007.7052155979909 18.036931511946023
leaf_count=5201 462209 8318 41655 182022 165482 128864 5119 40330 131939 33877 4870 31552 1303 108 1959 15 51 401 2582 2573 1028 108965 3907 772 525 305453 17890 9103 12969 213
internal_value=-1.40385e-05 0.000789095 0.00243065 -0.000441244 -0.000872389 -0.00181512 4.99582e-05 0.00150911 0.000767515 0.000284685 0.00729219 0.00568271 -0.000722807 0.00238774 0.00267598 0.00251148 -0.114196 0.00182091 -0.00389959 -0.00740878 -0.0216757 0.00256822 -0.000383921 -0.00059985 -0.0125427 0.00060478 0.00375879 0.00729285 -0.000277718 -0.00390672
internal_weight=97034.5 33692.9 10460.7 63341.6 46688.5 18059.2 23232.2 8793.77 16653.1 21928.9 1666.91 1367.84 9860.7 6654.33 6464.14 6403.57 3.11203 8696.81 1303.26 190.19 54.9058 6400.46 7956.28 7768.01 135.993 19713.8 1335.44 612.323 28629.3 1025.74
internal_count=1711255 620649 241424 1090606 771565 296174 379225 196684 319041 371442 44740 36422 167310 155029 151320 149361 66 182423 7783 3709 1136 149295 136618 132711 1828 337565 32112 14222 475391 13182
is_linear=0
shrinkage=0.05


Tree=122
num_leaves=31
num_cat=0
split_feature=10 8 7 10 8 7 8 7 7 7 10 7 7 10 7 7 10 7 7 10 10 10 4 17 16 8 0 16 7 17
split_gain=12.0251 14.7911 20.1079 13.4135 11.9888 18.29 11.9206 11.8437 13.7881 66.0006 89.1207 19.4572 31.7219 58.6814 19.7133 25.4488 20.2411 16.076 14.3559 10.2679 9.59029 15.9568 9.14701 12.8409 10.0998 9.12502 9.06845 8.97271 8.62497 8.41457
threshold=5.4508634131887623 1.0000000180025095e-35 3.0201273556387074 1.6308419060349375 1.0000000180025095e-35 2.9174053685313028 2.602003343538398 4.1026092131977068 2.1383330595080281 1.0397207708399181 0.3497316826816268 2.524928003624769 2.8029010331479989 0.58835231277292122 3.1132683346437333 3.2769667020129059 0.14313038490420291 1.5890269151739729 3.4811217321331038 0.017757639903529885 0.58835231277292122 0.0080356655800481996 4.5000000000000009 0.79437345442631468 0.83956342806292783 7.9151655875557365 35.500000000000007 0.85517967223594293 4.8789996228937618 0.66254140008263762
decision_type=2 2 2 2 2 2 2 2 2 2 2 2 2 2 2 2 2 2 2 2 2 2 2 2 2 2 2 2 2 2
left_child=1 7 -3 27 -2 -6 28 8 9 20 -11 26 13 -13 -14 16 -16 -12 -17 -20 21 -1 23 -7 25 29 -10 -4 -5 -24
right_child=4 2 3 6 5 22 -8 -9 11 10 17 12 14 -15 15 18 -18 -19 19 -21 -22 -23 24 -25 -26 -27 -28 -29 -30 -31
leaf_value=0.00078323042983717724 -0.0016665970976558688 0.010290191508257093 0.0048389892176493102 0.00018982484234764159 0.0081538046827657803 -0.00099841929368583364 0.0034517811875980665 0.0080914718676077177 0.0023107013166300035 0.026828830765409074 -0.001421700809881633 0.023314980084793928 -0.0063171262167328497 0.0004356934642922769 0.028344022626943334 -0.0083681823356218116 0.0053285569530595982 0.01050746087977945 0.014924509344764487 -0.00035892153715780234 0.0015861957294379281 -0.0037689432923053256 0.0027642337682783191 0.00102968822662191 0.0077931858787974083 0.01404311012126349 -0.0046284883281847372 0.018254053833610725 -0.0063583022992162799 -0.00073693483951882334
leaf_weight=3865.7679232037626 14769.086327683181 734.39871132234111 1351.9855774785392 4690.8720932395663 671.6644957610406 29433.201254765037 2968.042037518695 448.76017942233011 530.57141151279211 539.51165517116897 844.39069589134306 397.35997351701371 1444.0548390923068 950.97716745967045 124.33286819187924 558.31457976764068 412.35172389261425 424.35409918893129 128.92167111765593 744.65387541474774 3799.3417589655146 3834.6723416624591 2860.5030234828591 10620.915409005247 573.63278288859874 129.75208210991696 4180.7575361113995 137.30474744178355 563.26240421133116 4289.5802864716388
leaf_count=63869 208139 16813 33767 96458 11949 276784 75107 8777 8129 22248 17329 13289 24213 17778 3360 10209 7316 9465 2928 13631 48452 48155 16044 458019 18072 2443 60077 6252 13027 99156
internal_value=-1.32548e-05 0.000750214 0.00231286 0.0017096 -0.000419102 -3.98383e-05 0.000918745 4.75099e-05 -0.000110952 0.000926846 0.00980662 -0.001569 0.000685275 0.0071783 -0.00188013 0.00137464 0.0106605 0.00256822 -0.00210579 0.0018966 -0.000469433 -0.00148367 -0.000154713 -0.000460638 0.00140556 0.000902229 -0.00384702 0.00607579 -0.000512158 0.000663763
internal_weight=97023.3 33675 10445.9 9711.47 63348.3 48579.2 8222.18 23229.1 22780.3 13308 1808.26 9472.3 4760.97 1348.34 3412.63 1968.57 536.685 1268.74 1431.89 873.576 11499.8 7700.44 47907.6 40054.1 7853.47 7279.84 4711.33 1489.29 5254.13 7150.08
internal_count=1711255 620649 241424 224611 1090606 882467 184592 379225 370448 209518 49042 160930 92724 31067 61657 37444 10676 26794 26768 16559 160476 112024 870518 734803 135715 117643 68206 40019 109485 115200
is_linear=0
shrinkage=0.05


Tree=123
num_leaves=31
num_cat=0
split_feature=6 8 7 7 7 17 7 7 7 7 7 7 7 16 4 16 16 17 8 7 7 8 7 8 17 8 16 9 8 9
split_gain=10.4629 8.306 27.7337 14.5011 32.0735 16.8578 14.749 30.8193 19.6192 13.9429 15.8316 8.14059 6.97115 6.94702 9.18097 6.57744 6.54823 6.49886 6.2763 6.83005 13.9863 8.54613 8.09612 12.5449 7.1387 6.54874 6.38359 6.19966 6.07407 5.92766
threshold=0.1294095225512602 1.0000000180025095e-35 3.0201273556387074 2.3502401828962087 1.0397207708399181 0.78999681022789259 2.524928003624769 2.9174053685313028 3.1132683346437333 3.3497501700808394 3.4811217321331038 3.0201273556387074 2.1383330595080281 0.86639497381457864 2.5000000000000004 0.83543132370545947 0.86114492682801036 0.64679273484672806 7.4220747473157358 3.4175922930736511 3.1984648276080736 1.8688348091416842 6.0366761762234473 4.297262267176281 0.65720204867814613 2.740319461670996 0.83817368627292865 2.9700856263602158 9.2213649572534653 0.89587973461402759
decision_type=2 2 2 2 2 2 2 2 2 2 2 2 2 2 2 2 2 2 2 2 2 2 2 2 2 2 2 2 2 2
left_child=1 3 -3 4 -1 17 16 -8 11 -10 -11 -9 -7 27 -15 -13 -5 -6 19 20 25 -21 -23 -24 -22 -4 -27 -2 29 -20
right_child=13 2 18 6 5 12 7 8 9 10 -12 15 -14 14 -16 -17 -18 -19 28 21 24 22 23 -25 -26 26 -28 -29 -30 -31
leaf_value=-0.0012206229703988127 0.00038778627427465674 0.00783630872444834 -0.0004120815564520445 -0.0041355279685066403 -0.0075133816608808513 0.011995049757410389 0.0044121333402881609 -0.00056356493015151962 0.0045446080394275458 -0.0094922928993604484 -0.00080418515578973128 -0.0080944183567444924 0.0019483516013794324 0.00015755263716578805 0.0076296997235292818 -0.019117703927147706 -0.012354960040474417 0.0028098987634163114 -0.013252106950855831 -0.0019719559733515067 9.189553199316511e-05 0.00081145568095398991 -0.0029580333798924509 0.00017617315926673664 0.0087404489494486114 -0.010694298531865798 -0.059157344317276164 0.003507317512237762 -0.014021848820007211 0.0052800294402912742
leaf_weight=10598.395164539106 27809.139885225799 1120.0413671399001 1176.9828203546349 4218.5586500074714 167.43152210116386 809.77056779153645 1960.7180878135841 323.616634035483 877.11540617421269 657.00162727478892 2596.8287080973387 1085.6616564304568 219.45552243664861 819.53661869070493 824.84439805918373 154.5936364820227 257.08193565579131 1704.3915980244055 45.156569617800415 7131.3736561750993 334.4992412365973 14158.216919662198 4802.5506427683868 9524.0388929047622 832.254273110535 70.729474522639066 7.5170606244355431 1689.4395189126953 46.510401031933725 970.65141920605674
leaf_count=140837 478946 22006 20711 55204 1176 37531 37566 4915 15116 10485 42759 15416 7009 23811 28852 3433 5313 14367 823 127871 2276 268736 88497 183180 19925 1242 279 32426 813 19734
internal_value=-1.23737e-05 -0.0003695 7.87701e-05 -0.00107294 5.44734e-05 0.00471278 -0.00232752 -0.000994488 -0.00285598 -0.00105028 -0.00255846 -0.00762572 0.00985285 0.000742763 0.00390569 -0.00946843 -0.00460765 0.0018865 -0.000143446 -0.00024931 0.00231996 -0.000424027 -3.64917e-05 -0.000874474 0.00626098 -0.00134326 -0.0153501 0.000566448 0.0036472 0.0044562
internal_weight=96994.1 65851.1 40220.5 25630.6 13499.4 2901.05 12131.2 7655.54 5694.82 4130.95 3253.83 1563.87 1029.23 31143 1644.38 1240.26 4475.64 1871.82 39100.5 38038.2 2421.98 35616.2 28484.8 14326.6 1166.75 1255.23 78.2465 29498.6 1062.32 1015.81
internal_count=1711255 1147220 756093 391127 200920 60083 190207 129690 92124 68360 53244 23764 44540 564035 52663 18849 60517 15543 734087 712717 44433 668284 540413 271677 22201 22232 1521 511372 21370 20557
is_linear=0
shrinkage=0.05


Tree=124
num_leaves=31
num_cat=1
split_feature=10 7 7 7 10 7 10 7 7 7 7 7 10 10 10 17 10 1 5 10 7 16 17 2 7 7 1 17 10 10
split_gain=11.2251 12.661 25.482 40.4617 46.5593 52.1104 23.0788 47.8828 27.4922 20.7948 20.5332 12.6489 11.0158 9.20957 14.3884 9.17529 17.5187 9.09741 8.90641 9.08469 18.39 8.15421 10.7343 7.71988 7.34046 7.84994 7.61413 8.13119 7.12172 6.7979
threshold=5.4508634131887623 2.524928003624769 2.3502401828962087 1.0397207708399181 0.14313038490420291 1.8688348091416842 1.6308419060349375 2.8029010331479989 3.1132683346437333 3.3497501700808394 3.4811217321331038 3.5972184255501678 0.14313038490420291 0.58835231277292122 0.0080356655800481996 0.66650849354048136 1.0261490310845864 634.50000000000011 0.25881904510252091 8.3107877663986738 10.274602580264551 0.7005233644034452 0.65097512213835806 0 1.5890269151739729 2.1383330595080281 656.50000000000011 0.64552233679973303 3.693163026780951 0.14313038490420291
decision_type=2 2 2 2 2 2 2 2 2 2 2 2 2 2 2 2 2 2 2 2 2 2 2 1 2 2 2 2 2 2
left_child=1 2 3 13 5 -5 7 12 -9 -10 -11 29 -3 14 -1 23 -17 -13 19 20 -2 22 -20 -4 26 28 27 -6 -26 -12
right_child=18 6 15 4 24 -7 -8 8 9 10 11 17 -14 -15 -16 16 -18 -19 21 -21 -22 -23 -24 -25 25 -27 -28 -29 -30 -31
leaf_value=0.00078617046171576685 0.0001238116003969104 0.023354010042072867 0.0030843855550575627 0.027210713595130533 -0.095715334797678811 -0.00077567567946691706 0.00072382519098432828 -0.0042935694712269816 0.016073962550640846 -0.007869548228580955 0.02436316178420609 0.012938933765225622 0.0072966905804458379 0.0016354778567395558 -0.0035356127806194801 -0.0092177458327005104 -0.00063981837217080969 0.0019697957898798203 -0.011282286614068847 -0.0039841470237973724 0.01481238386888762 -0.0008879814165914853 -0.0022823538136311642 -0.0035986787366523131 0.017097711882081663 0.00016617201296551616 -0.0038832671907025628 0.0075032002260292567 0.0043183643062661087 0.004640793607135262
leaf_weight=3866.5458096414804 37517.045933391899 394.62414411897771 728.73010802268982 470.68595917406492 1.9237466827034939 257.22922953125089 11962.683825953631 930.17085696337745 414.12132024322636 318.21570817055181 133.49184946343303 238.35599589813501 146.44666952244006 3822.8045702460222 3837.0274374159053 1401.177101672627 1034.8024458554573 913.25962730543688 426.47613437473774 1338.6773505266756 214.30690664146096 22358.466529638041 1484.7545839091763 1032.9005345851183 199.12287739664316 362.72526581026614 631.51702832011506 233.12450178992003 240.93049266887829 64.949174745474011
leaf_count=63884 652182 13833 4090 20408 13 4941 252225 17323 11448 6694 3716 6503 3558 48966 48186 29263 20827 23681 2226 18511 5164 395953 16570 5632 4994 5870 12934 5074 5011 1575
internal_value=-1.16526e-05 0.000726517 -0.000171101 0.000858379 0.00676861 0.0173209 0.00177483 0.00531285 0.00285315 0.00604548 0.00355607 0.00624915 0.0190079 -0.000370833 -0.00136644 -0.00358593 -0.00557385 0.00424014 -0.000403669 6.36282e-05 0.00020724 -0.00115594 -0.00429062 -0.000837029 0.00216729 0.00561207 -0.00102393 0.00665841 0.010101 0.0179081
internal_weight=96977.3 33637.6 18121.2 13923.6 2397.26 727.915 15516.3 3553.64 3012.56 2082.39 1668.27 1350.06 541.071 11526.4 7703.57 4197.61 2435.98 1151.62 63339.7 39070 37731.4 24269.7 1911.23 1761.63 1669.34 802.779 866.565 235.048 440.053 198.441
internal_count=1711255 620649 280093 220281 59245 25349 340556 88331 70940 53617 42169 35475 17391 161036 112070 59812 50090 30184 1090606 675857 657346 414749 18796 9722 33896 15875 18021 5087 10005 5291
cat_boundaries=0 1
cat_threshold=20
is_linear=0
shrinkage=0.05


Tree=125
num_leaves=31
num_cat=1
split_feature=17 17 17 17 9 16 16 9 9 1 0 9 5 1 1 11 1 8 8 8 10 16 16 1 9 10 2 9 8 0
split_gain=10.7775 18.7688 12.1304 11.8536 9.47956 9.5194 8.95117 8.94303 8.79294 8.31105 7.99803 7.86264 8.24476 8.103 7.79902 7.77242 7.38835 7.32518 7.63532 6.82196 7.92799 6.66355 6.06048 9.04794 8.85704 7.87761 6.54188 6.02197 6.01869 5.89767
threshold=0.7929547680373682 0.66650849354048136 0.64679273484672806 0.78191805040034468 4.3630783395783075 0.69285618832547369 0.91801832754575818 6.3207666768368602 3.5114340430413216 3479.5000000000005 63.500000000000007 4.5485858369352732 -0.70710678118654735 8052.5000000000009 1050.5000000000002 1.0000000180025095e-35 707.50000000000011 1.4978661367769956 8.054522155445909 1.0000000180025095e-35 3.5380285808558098 0.85076711066071142 0.7388774152071611 2166.5000000000005 0.89587973461402759 7.9281248631471941 0 3.9219243190762363 1.0000000180025095e-35 59.500000000000007
decision_type=2 2 2 2 2 2 2 2 2 2 2 2 2 2 2 2 2 2 2 2 2 2 2 2 2 2 1 2 2 2
left_child=1 2 8 7 5 15 14 -3 17 -9 22 16 -13 -14 19 -4 -6 -1 -19 -2 -21 -5 26 25 -25 28 27 -7 -24 -20
right_child=6 3 4 21 11 10 -8 9 -10 -11 -12 12 13 -15 -16 -17 -18 18 29 20 -22 -23 23 24 -26 -27 -28 -29 -30 -31
leaf_value=-0.0033093532831158946 0.00028413152155845552 -0.0023912529126768338 -0.0011451274246271784 -0.00039816906570284841 0.044270934869250489 -0.0054860239523949602 0.010467920842095593 0.029612419793372525 -0.012239458520867524 -0.036179194601968556 -0.00024644298174612931 0.013790615126517343 0.0011157194929892189 -0.058166490547715569 4.258588074780959e-05 -0.0082089176846452862 0.011924452608802892 0.00063702554576404067 -0.0024112122403383922 0.0084280668754553086 0.0021777793536360995 0.0044669757296056786 0.0015991024096574905 -0.001395534919741156 0.0048478726849884388 -0.00069299973555308494 0.00047503603847915977 0.034854232423947709 0.0038631066881745675 -0.0640778580715676
leaf_weight=2781.0085061434656 5252.39301096485 14845.415778673254 2293.1381798088551 6691.2903831708245 23.616822998970747 683.04191143810749 237.74935790873133 36.002232000231743 199.38144197687507 5.5386062338948241 13587.213022613898 160.0109048075974 354.45466049015522 5.859463319182395 17506.008929246571 469.08172006905079 69.915502350777388 2488.1344450563192 7.4452986270189276 547.09913924802095 6982.0833468087949 786.53744709072635 5584.6093877125531 3439.7266570143402 680.41434701159596 1884.1041765213013 3093.5681528821588 9.3782886862754804 6188.5201850607991 8.0903427973389608
leaf_count=16378 182017 134866 11873 121846 151 3599 15437 391 1276 56 84222 1108 2442 38 633450 3007 470 15591 49 29304 291494 26382 35088 21198 4471 12334 16295 52 45217 50
internal_value=2.64514e-05 -0.000331145 0.000268215 -0.0015106 0.000581399 0.000481601 0.000804022 -0.00232643 -0.00193197 0.0208405 0.000703699 0.00674512 0.00434593 0.000151666 0.000728163 -0.0023447 0.0200919 -0.00154308 0.000418842 0.00166715 0.00263195 0.00011356 0.00130239 0.00168922 -0.000364477 0.00230878 -0.000514002 -0.00486932 0.00278917 -0.0345247
internal_weight=96900.8 66375.5 44010.7 22364.8 38526.7 37912.8 30525.3 14887 5484.06 41.5408 35150.6 613.857 520.325 360.314 30287.6 2762.22 93.5323 5284.68 2503.67 12781.6 7529.18 7477.83 21563.4 17777.4 4120.14 13657.2 3785.99 692.42 11773.1 15.5356
internal_count=1710152 558450 274909 283541 241565 237356 1151702 135313 33344 447 222476 4209 3588 2480 1136265 14880 621 32068 15690 502815 320798 148228 138254 118308 25669 92639 19946 3651 80305 99
cat_boundaries=0 1
cat_threshold=16
is_linear=0
shrinkage=0.05


Tree=126
num_leaves=31
num_cat=0
split_feature=6 16 1 6 1 3 1 10 10 17 7 7 9 1 10 6 17 9 9 16 10 17 1 16 16 17 16 7 7 5
split_gain=15.3004 9.35707 7.67643 8.04054 7.56946 9.20952 10.0235 8.98845 7.05146 6.66201 6.50556 5.62917 8.37863 6.73566 8.22063 7.50428 9.32592 5.92983 5.61871 5.81865 6.76661 5.57982 5.47886 5.17918 5.0268 6.7393 9.18303 5.97131 6.18729 5.77451
threshold=-0.12940952255126037 0.92778075015659234 176.50000000000003 0.37940952255126048 3760.5000000000005 1.0000000180025095e-35 256.50000000000006 6.5450163141586417 0.0035319497600778465 0.64871561802065936 1.0397207708399181 2.524928003624769 2.3502401828962087 4488.5000000000009 7.6801760644129917 -0.78656609248549325 0.64592994198069786 1.2424533248940002 5.9094397911047301 0.64766222937444862 0.0045439603260511432 0.65097512213835806 158.50000000000003 0.8098785320624321 0.80495717034751546 0.64721689366924384 0.83266243676362361 3.9981586158983733 4.3630783395783075 0.78656609248549325
decision_type=2 2 2 2 2 2 2 2 2 2 2 2 2 2 2 2 2 2 2 2 2 2 2 2 2 2 2 2 2 2
left_child=1 4 3 -2 5 18 -7 -8 -4 11 -9 -6 13 -13 15 16 -15 -16 19 21 22 -1 -21 -5 29 26 27 -26 -29 -10
right_child=2 -3 8 23 9 6 7 10 24 -11 -12 12 -14 14 17 -17 -18 -19 -20 20 -22 -23 -24 -25 25 -27 -28 28 -30 -31
leaf_value=-0.017735981055591318 0.014118947253122236 0.008501705554186622 0.0049656205765600042 -0.0031535372109056884 -0.014393509484075549 0.0079373317083326535 0.00068701362824852221 -0.0051476108080409141 0.00059367609139256616 -0.0016254788299564166 -0.00062776163301807276 -0.011995148556073431 -0.02302678539521083 0.018514581402081232 0.0079872030252951861 0.0056296355433246778 -0.018413590745911181 0.039731247641872747 0.023751197552697854 0.0085401721953493378 -0.0011436631767462921 -0.0041479017178298839 -0.0083311046913385721 0.01211117906099482 -0.0038062607108917536 0.0016934429345002206 -0.0091779138201092021 0.031692169298545222 0.0048001309766118787 -0.0012391302928397884
leaf_weight=101.01529072225094 219.41541962325573 287.71337049012072 948.97587054385804 192.93559246510267 182.55540642514825 394.94265413680114 19819.563505009981 830.62167280772701 19370.544812022941 5260.5375126171857 19164.622515694704 120.58042596280575 52.473943613469601 20.804401554167271 58.37071880698204 130.07733254134655 95.936715506017208 19.668763592839241 21.801263187080622 53.08763728197664 10257.822272324003 299.71712971013039 514.35211615171283 78.046006978489459 224.56275603547692 12090.057483613491 345.85996191576123 24.34402234852314 176.21485082060099 5522.8718040133826
leaf_count=580 3564 9506 20216 2778 1007 8396 375789 10280 310601 89829 340269 704 309 118 314 750 551 111 392 793 152072 3643 7791 1664 1472 276442 3051 182 1281 85697
internal_value=2.51985e-05 -0.000492737 0.000787507 0.00700395 -0.000537823 -0.000342723 1.10563e-05 -6.75684e-05 0.000708741 -0.00222767 -0.000815521 -0.00688303 -0.00412938 -0.00190321 0.0018427 -0.00262973 -0.0118326 0.0159878 -0.00160745 -0.00165669 -0.00143768 -0.00757314 -0.00675269 0.00124289 0.000601742 0.00140441 -0.00312802 0.0017939 0.00806431 0.000187048
internal_weight=96880.1 57686.3 39193.8 490.397 57398.6 51457.5 40209.8 39814.8 38703.4 5941.01 19995.2 680.468 497.912 445.438 324.858 246.818 116.741 78.0395 11247.8 11226 10825.3 400.732 567.44 270.982 37754.5 12861 770.982 425.122 200.559 24893.4
internal_count=1710152 1003204 706948 8006 993698 900005 734734 726338 698942 93693 350549 3864 2857 2548 1844 1419 669 425 165271 164879 160656 4223 8584 4442 678726 282428 5986 2935 1463 396298
is_linear=0
shrinkage=0.05


Tree=127
num_leaves=31
num_cat=0
split_feature=6 0 16 0 1 1 3 10 8 1 8 6 9 16 4 16 1 0 1 10 16 16 1 16 0 10 8 8 10 9
split_gain=13.8123 9.36726 8.02211 7.47247 8.44096 7.40875 7.65913 8.21825 13.5735 6.73718 6.6769 6.66904 6.60923 6.54104 6.36262 7.62651 6.0224 7.99795 5.90483 5.66069 5.57283 5.56206 6.92346 5.89811 6.74064 5.82387 8.0252 5.39059 5.89364 5.82585
threshold=-0.12940952255126037 90.500000000000014 0.92778075015659234 34.500000000000007 176.50000000000003 3845.5000000000005 1.0000000180025095e-35 5.090154282221655 2.0126758453675748 814.50000000000011 1.0000000180025095e-35 0.37940952255126048 5.7945356795747589 0.74775451997026388 4.5000000000000009 0.64766222937444862 256.50000000000006 73.500000000000014 308.50000000000006 0.0040661029745856919 0.80611008359770719 0.83226813079564554 1484.5000000000002 0.89087966142384911 30.500000000000004 6.2460265579482144 1.4978661367769956 7.5286005116747496 8.1178964400585354 2.4414009612931857
decision_type=2 2 2 2 2 2 2 2 2 2 2 2 2 2 2 2 2 2 2 2 2 2 2 2 2 2 2 2 2 2
left_child=1 2 5 13 11 6 12 8 9 -8 -3 -5 14 -2 15 -1 17 -9 -10 -6 -12 -17 23 -23 25 -25 -27 28 -21 -29
right_child=3 10 -4 4 19 -7 7 16 18 -11 20 -13 -14 -15 -16 21 -18 -19 -20 27 -22 22 -24 24 -26 26 -28 29 -30 -31
leaf_value=-0.0094488577750439368 -0.0011443684963366892 -0.0041663203421734921 0.008532899561055917 0.014164382757731568 0.0042131706819169262 -0.0021541327565579083 0.0028038194070667214 0.0044261171087314087 0.02658108094929347 -0.00020807511308678975 0.00043899805771735034 0.0018822910450424493 0.025226432754344132 0.0040726806457845556 0.0017328931310819418 -0.0010708126090530009 -0.00032099378192693211 0.033540624938629728 0.0051686123117728397 0.00045184191751010183 -0.0039793037630563846 -0.0072548697921528769 0.010332231737742999 -0.0034353440975444754 0.0058217943505494696 -0.12208252453833415 0.010696788554153756 -0.0036885530656417978 -0.0020002374366617399 0.0083065244753757362
leaf_weight=321.67660616338253 767.29433938581496 2712.6055379319005 258.8192649630364 199.3720568488352 968.82680319459178 4837.4542761729099 2593.9176266458817 206.73906324570999 32.85882103908807 6532.6802141051739 2443.8015459449962 248.01485586771742 23.386873729992658 2769.0177551088855 1405.9950849823654 7076.3166351560503 25425.216506652068 26.626494906842709 1598.2287336138543 31026.440756690456 1008.079088459257 948.78290469478816 71.292640981264412 6.8064840440638346 152.46376140182838 3.1876985440030694 1.7697759494185445 135.09904163936153 2660.6381573881954 403.7344016013667
leaf_count=3366 7695 38449 8637 3222 19970 76915 51940 4318 1015 116371 37558 4048 409 59529 20618 98382 456033 531 40787 561361 22867 19094 1461 198 4113 74 68 2784 39999 8340
internal_value=2.3985e-05 -0.000468046 -0.000247666 0.000748482 0.000530976 -0.000291995 -9.79743e-05 0.000238751 0.00139878 0.000647951 -0.00231004 0.00735564 -0.00132277 0.00294071 -0.00138493 -0.00189571 -0.000247606 0.00774802 0.00559997 0.000444222 -0.000851312 -0.00160159 -0.00477301 -0.00574055 0.00300801 -0.0334593 -0.0746814 0.000337535 0.000258174 0.00529906
internal_weight=96867.1 57688.7 51524.2 39178.4 35642.1 51265.4 46427.9 36416.3 10757.7 9126.6 6164.49 447.387 10011.7 3536.31 9988.29 8582.3 25658.6 233.366 1631.09 35194.7 3451.88 8260.62 1184.3 1113.01 164.228 11.764 4.95747 34225.9 33687.1 538.833
internal_count=1710152 1003204 904330 706948 639724 895693 818778 670995 210113 168311 98874 7270 147783 67224 147374 126756 460882 4849 41802 632454 60425 123390 25008 23547 4453 340 142 612484 601360 11124
is_linear=0
shrinkage=0.05


Tree=128
num_leaves=31
num_cat=0
split_feature=6 0 17 17 17 9 17 4 8 10 10 10 0 8 5 4 0 10 9 10 4 8 8 10 0 9 7 7 17 0
split_gain=12.4671 8.44624 7.1786 15.0504 8.47363 8.4038 7.32976 7.16234 8.69342 9.78751 7.40524 9.60498 6.7595 6.02125 5.82241 7.08928 5.80446 7.84213 7.74038 5.78394 7.24061 7.04545 6.1532 7.58228 9.31378 7.53021 8.9849 6.55807 7.36725 5.92858
threshold=-0.12940952255126037 90.500000000000014 0.79120384633656837 0.66650849354048136 0.65142626681888982 3.795426061844291 0.68588771510975388 1.5000000000000002 1.0000000180025095e-35 8.3107877663986738 8.1178964400585354 6.8859853102934574 34.500000000000007 1.0000000180025095e-35 -0.25881904510252113 1.5000000000000002 86.500000000000014 1.6308419060349375 1.7005986908310777 8.2883070050159819 1.5000000000000002 7.6629377400468597 0.89587973461402759 8.3107877663986738 50.500000000000007 2.4414009612931857 9.1421150615478712 6.4808108456015434 0.64619791601474053 30.500000000000004
decision_type=2 2 2 2 2 2 2 2 2 2 2 2 2 2 2 2 2 2 2 2 2 2 2 2 2 2 2 2 2 2
left_child=1 2 3 4 19 6 14 8 10 -10 11 -6 -2 -3 15 -5 -9 -18 -19 29 -21 22 -22 24 -24 -26 -27 -25 -29 -1
right_child=12 13 -4 5 7 -7 -8 16 9 -11 -12 -13 -14 -15 -16 -17 17 18 -20 20 21 -23 23 27 25 26 -28 28 -30 -31
leaf_value=-0.0055589457277773965 0.0027980405755164833 -0.0039551178787273272 0.00056876368898593841 0.003601585628958303 -0.0044491972251766102 0.0057473031632687844 -0.0016220910455253185 0.0011481582742300844 0.0023696192851620501 -0.023403079155071851 0.046918841229755037 -0.020822056956633049 0.00050455887523279564 -0.00080815013422489877 -0.0029305605173976824 -0.00901595549076528 -0.011920331892613135 0.01485238723130463 -0.0094324143829438573 -0.027784483947523527 0.059131842358918107 0.020123554498752722 -0.067347654450075928 -0.032298949504742581 0.011964873818320294 -0.094788876849969825 0.013496382184841532 0.023063444748417549 -0.0063560190061811659 -0.00051668330070500298
leaf_weight=621.30079543590546 3530.9883606510703 2714.5343705106061 18042.285951634636 126.20872594416142 563.01236539892852 318.74618087336421 7093.4178639287129 10941.184072416276 771.20145028829575 38.68558943271637 6.416060045361518 106.52294165641069 35634.836110345321 3454.1088383644819 1931.7865847423673 943.99433888122439 42.07370550557971 225.7108979858458 38.393337815999985 40.436171226203442 3.3616044074296942 25.174434766173363 11.492940634489058 19.057752028107643 13.060468070209028 4.6205036193132392 3.2723415046930313 25.908342212438583 119.12702400609851 9447.1039201170206
leaf_count=3934 67224 38449 646431 1103 3466 3758 85178 68041 5208 251 35 613 639724 60425 16126 7904 262 1338 235 266 17 168 70 109 76 27 21 148 729 58816
internal_value=2.28487e-05 -0.000444543 -0.000235211 -0.000668454 4.38383e-05 -0.00224617 -0.00249855 0.000907158 -0.00235547 0.00113854 -0.00654181 -0.00705412 0.000711327 -0.00219298 -0.00456953 -0.00752797 0.00133817 0.00812819 0.0113221 -0.00101992 -0.00830422 -0.00480448 -0.00794378 -0.00909104 -0.0311766 -0.0113367 -0.0498942 -0.00472405 -0.00110068 -0.000827831
internal_weight=96858 57692.2 51523.6 33481.3 23067.1 10414.2 10095.4 12733.2 1485.84 809.887 675.951 669.535 39165.8 6168.64 3001.99 1070.2 11247.4 306.178 264.104 10333.9 265.512 225.075 199.901 196.539 32.4463 20.9533 7.89285 164.093 145.035 10068.4
internal_count=1710152 1003204 904330 257899 143830 114069 110311 79449 9573 5459 4114 4079 706948 98874 25133 9007 69876 1835 1573 64381 1631 1365 1197 1180 194 124 48 986 877 62750
is_linear=0
shrinkage=0.05


Tree=129
num_leaves=31
num_cat=0
split_feature=6 8 7 0 7 7 8 7 16 17 17 8 16 16 17 7 7 7 16 8 4 1 0 6 1 16 1 17 9 5
split_gain=11.2523 7.84694 18.8167 8.36223 6.69538 10.9403 8.89295 9.37214 10.2321 8.88824 10.1627 8.11794 7.37535 8.7706 6.80347 6.74378 8.60267 6.57192 6.64758 6.42845 7.58965 6.26468 6.7518 6.6984 5.77822 5.74506 5.64125 5.53333 5.34864 5.25381
threshold=-0.12940952255126037 1.0000000180025095e-35 2.9174053685313028 90.500000000000014 3.4175922930736511 3.1984648276080736 1.8688348091416842 4.2835627800822236 0.84448544042843798 0.66706786795161321 0.7914957306172431 2.4414009612931857 0.79684296209349126 0.79846759594625516 0.64847379174494335 3.4811217321331038 3.5972184255501678 4.2555875595453383 0.82261271408649084 9.2213649572534653 3.5000000000000004 176.50000000000003 34.500000000000007 0.37940952255126048 1758.5000000000002 0.74775451997026388 220.50000000000003 0.79132261787374347 6.2943324088824708 0.60355339059327384
decision_type=2 2 2 2 2 2 2 2 2 2 2 2 2 2 2 2 2 2 2 2 2 2 2 2 2 2 2 2 2 2
left_child=1 3 -3 -1 5 11 7 8 14 -9 12 -4 -11 -14 17 -16 24 18 -6 26 27 23 25 -2 -17 -23 -8 -21 -28 -18
right_child=21 2 4 -5 6 -7 19 9 -10 10 -12 -13 13 -15 15 16 29 -19 -20 20 -22 22 -24 -25 -26 -27 28 -29 -30 -31
leaf_value=-0.00079532790943534753 0.012838723830837874 0.0080796711390092573 0.00078228265310427859 -0.0037547809462873624 -0.010864770419972162 0.0064044838607152741 0.006018964963339115 -0.0011050139471973041 0.0075247247486074148 -0.0077577447933289273 -0.0038522027552952 -0.012320452125359024 -0.082329865101227487 -0.018411324453490672 -0.0080116575652965857 0.0023893223327886744 0.00037518153531177341 0.033297849471236984 0.012636942711376487 -0.04734391046175726 0.013885729487758106 -0.001153193014738253 0.00039695540269715904 0.0010515742893169092 0.013987042855365742 0.0037723384728108305 -2.0267205306949827e-05 -0.0015565729390723583 0.009485907154710883 -0.005364245137674464
leaf_weight=19681.888565921225 217.49328145477921 713.48252856358886 1221.2445369113702 2716.3523743553087 328.80936792492867 1003.6664855782874 400.04201895277947 1180.2235793024302 368.56439381232485 298.17164274677634 912.72419680468738 130.88096023956314 5.5196629092097274 193.79059728980064 267.68316132994369 308.72799009736627 1646.9013126785867 9.554347097873686 33.119466237723827 20.65908409096301 12.265302840154616 755.97414067853242 35181.853593647713 270.35235295444727 164.68435074388981 2729.5062819647137 25391.970516097965 9.6948169060051423 148.83666926948354 526.10194213083014
leaf_count=302551 3564 14464 21501 38449 1851 19100 7750 7258 11714 2778 32967 2456 62 2782 4493 5833 29369 56 269 150 249 7585 632454 4442 2881 58903 481287 317 3348 9269
internal_value=2.1746e-05 -0.000422233 4.22661e-05 -0.00115424 -0.00012355 0.00244963 -0.000311643 -0.00200588 -0.000374962 -0.0043065 -0.00698587 -0.000486016 -0.0127352 -0.0201815 -0.00126112 -0.000448763 0.000316218 -0.00763364 -0.00871417 9.55302e-05 -0.0193073 0.000675954 0.000604915 0.00630657 0.00642378 0.00270403 0.000127408 -0.0327198 3.51291e-05 -0.00101438
internal_weight=96850.7 57695.6 35297.3 22398.2 34583.8 2355.79 32228 6244.58 3654.15 2590.43 1410.21 1352.13 497.482 199.31 3285.58 2914.1 2646.42 371.483 361.929 25983.5 42.6192 39155.2 38667.3 487.846 473.412 3485.48 25940.8 30.3539 25540.8 2173
internal_count=1710152 1003204 662204 341000 647740 43057 604683 111582 65735 45847 38589 23957 5622 2844 54021 51845 47352 2176 2120 493101 716 706948 698942 8006 8714 66488 492385 467 484635 38638
is_linear=0
shrinkage=0.05


Tree=130
num_leaves=31
num_cat=0
split_feature=8 7 8 1 7 8 7 7 7 7 7 7 7 17 7 16 4 16 7 0 17 16 8 7 7 8 0 7 7 17
split_gain=11.7536 17.8111 17.9871 9.48581 9.4616 9.15628 8.55689 44.4556 38.5649 35.8232 30.801 49.3176 30.5866 14.9975 10.4295 10.0239 9.32516 9.13098 8.72525 9.71451 12.0992 8.56118 8.46366 8.31076 8.26471 16.204 13.6639 8.12361 7.94105 7.62872
threshold=3.0677824455408698 4.6101453514146771 1.2424533248940002 8052.5000000000009 2.3502401828962087 7.5657931483356977 3.0201273556387074 3.1132683346437333 2.524928003624769 3.3497501700808394 2.3502401828962087 1.0397207708399181 3.4811217321331038 0.78191805040034468 2.1383330595080281 0.888741551162327 2.5000000000000004 0.87366126647385423 1.0000000180025095e-35 104.50000000000001 0.64947002063415427 0.86861055157824218 0.89587973461402759 3.6505739029280164 4.6298509007569537 1.7005986908310777 44.500000000000007 3.0201273556387074 4.1026092131977068 0.75399479309382211
decision_type=2 2 2 2 2 2 2 2 2 2 2 2 2 2 2 2 2 2 2 2 2 2 2 2 2 2 2 2 2 2
left_child=1 2 6 27 5 -2 8 21 10 17 11 18 -11 16 -15 22 -13 -9 19 -1 -21 -8 -12 -14 25 26 -3 -4 -5 -10
right_child=4 24 3 28 -6 -7 7 9 29 12 15 13 23 14 -16 -17 -18 -19 -20 20 -22 -23 -24 -25 -26 -27 -28 -29 -30 -31
leaf_value=0.0041212217652501501 0.026389892983599474 -0.053460128749221139 0.0075740504081356647 -0.00048125193904005842 0.00072885209019199872 -0.038689028802845415 -0.0071037840046738829 0.0046545255899734404 0.0026871558837452611 -0.0080626032600496743 -0.0034976575951093103 0.0064415710583446131 0.0030717670834493477 0.011077776037199267 0.0011527915007557745 -0.01712286986680157 0.00045355276694941367 0.020158548055825242 -0.0014014456185356102 -0.06341432047324734 -0.0054337796695488848 -0.022176618123827246 0.032744260333685007 -0.0012006385092431953 -0.0020283633606259488 0.0006792205641141043 -0.014682909850115581 0.0016430691089580043 -0.016719893506285857 0.0070680638082143317
leaf_weight=1105.9059834717773 56.65970027493313 30.405168522614986 611.19121415563859 193.28694591484964 30600.626412950456 5.9747154526412478 2307.226537254639 2206.5129734729417 2498.3487580809742 1548.1375385210849 6545.663333681412 1056.8969294857234 1462.5575698881876 1211.457349182805 338.695071476046 135.99712640698999 1689.5263376347721 99.237210508901626 14538.274249491747 11.351527683436869 43.393156451638788 98.217473122756928 16.149007139727473 5133.1557481202763 10898.857825691113 136.63344529550523 89.849691778887063 10425.939656246221 123.32149395905435 1650.0094374262262
leaf_count=28363 1192 517 12575 3194 591595 113 34472 38912 18818 25738 88373 9213 26229 57430 10982 3087 13520 3459 181550 71 1054 2718 318 88499 201120 2591 1501 200734 2000 60549
internal_value=-4.06986e-05 -0.000415518 -4.63413e-05 0.00172673 0.000768588 0.020182 -0.000507038 -0.0015908 -5.53157e-05 -0.000180074 -0.000752318 0.000230677 -0.00173781 0.00497723 0.00890925 -0.00368693 0.0027579 0.0053218 -0.00106839 0.00310347 -0.0174563 -0.00771923 -0.00340846 -0.00025326 -0.0022373 -0.0111018 -0.0244873 0.0019715 -0.00680633 0.00442966
internal_weight=96869.5 66206.2 55050.5 11353.7 30663.3 62.6344 43696.7 12855 30841.7 10449.6 26693.3 19995.5 8143.85 4296.58 1550.15 6697.81 2746.42 2305.75 15698.9 1160.65 54.7447 2405.44 6561.81 6595.71 11155.7 256.888 120.255 11037.1 316.608 4148.36
internal_count=1710487 1117587 911858 218503 592900 1305 693355 220027 473328 182837 393961 302183 140466 91145 68412 91778 22733 42371 211038 29488 1125 37190 88691 114728 205729 4609 2018 213309 5194 79367
is_linear=0
shrinkage=0.05


Tree=131
num_leaves=31
num_cat=0
split_feature=1 3 8 7 8 7 10 16 10 7 7 7 8 7 7 7 1 7 7 7 7 10 7 7 10 7 10 4 16 16
split_gain=10.7036 13.3783 9.48839 15.4929 12.9758 15.4269 12.1153 13.924 11.6485 11.0585 10.7277 14.7422 10.0887 9.96489 10.2788 8.63026 8.28915 7.76183 7.27868 24.8837 15.3151 17.5996 12.0647 11.0023 17.1194 15.9558 10.7082 7.24472 8.5066 7.18358
threshold=192.50000000000003 1.0000000180025095e-35 3.0677824455408698 4.4601277074540464 1.0000000180025095e-35 2.9174053685313028 7.9281248631471941 0.84317066732663426 0.013431555789173955 2.3502401828962087 2.524928003624769 2.6735537653587351 1.0000000180025095e-35 3.1132683346437333 3.1984648276080736 3.4811217321331038 527.50000000000011 4.7578820629520608 3.0201273556387074 3.1132683346437333 3.2769667020129059 1.6308419060349375 3.4811217321331038 2.524928003624769 0.081509403981921358 2.8029010331479989 0.3497316826816268 2.5000000000000004 0.88523969389886492 0.8348966178517222
decision_type=2 2 2 2 2 2 2 2 2 2 2 2 2 2 2 2 2 2 2 2 2 2 2 2 2 2 2 2 2 2
left_child=-1 16 3 4 8 -6 7 9 10 -4 -3 -12 -5 -13 -15 -16 -2 -9 23 -20 21 -21 -22 26 25 -25 -10 28 -28 -7
right_child=1 2 6 12 5 29 -8 17 18 -11 11 13 -14 14 15 -17 -18 -19 19 20 22 -23 -24 24 -26 -27 27 -29 -30 -31
leaf_value=0.0039126528504254956 -0.00025969990762853608 0.00084876350965098601 0.027937987723218434 0.0036611002735907443 0.0078785631741408093 0.00053556331069845359 -0.00052753415428817097 -0.0030257762156344712 -0.0037430699563243347 0.0011632113391737062 0.022315496100050309 -0.0027040055293786089 -0.002373008775977679 0.032813770030686328 -0.0059100419072336281 0.015811249181219532 -0.0024500168698717356 0.0070113580601140913 -0.0088175724532218568 0.026955058661150423 -0.0074318754733488984 0.0029639493834937268 -0.00025825926409926546 0.027486254477668389 0.0016266432130714375 -0.015637314656228727 0.001797891475896307 -0.0012115367849733134 -0.010279117533746093 0.0038876481958773287
leaf_weight=1684.2012804870028 8543.981666107662 4943.8596153827384 38.661386156454682 745.92499878397211 883.35057229618542 10597.49963962473 9155.4222621018998 218.43852141406387 2785.2975830461364 15330.897631997243 136.34102961840108 272.03035748540424 9708.7805884056725 45.166275800671428 81.924384952057153 103.50314347306266 8736.2665364125278 1629.1316000092775 1217.0111724091694 85.403558239340782 816.4486196055077 728.63735261093825 2077.4998962208629 115.83245718968101 2324.414432390593 26.325019526295364 4069.8684884498361 7710.7387181501836 151.22434827452525 1882.1288894987665
leaf_count=27172 128010 88267 829 12913 19171 182940 156182 7899 42337 299642 5410 5320 184806 1346 1825 2379 130464 57296 18333 2127 13440 12043 34996 4126 40997 497 59067 108215 3219 59219
internal_value=-3.85339e-05 -0.000108463 0.000170789 -0.000224107 0.000213486 0.0014931 0.000942073 0.00172356 -0.000404011 0.00123056 0.00163672 0.00773338 -0.00194249 0.00377786 0.0114245 0.00621449 -0.00136704 0.00582467 -0.00091933 -0.00261394 -0.000577827 0.00548093 -0.0022821 -0.00043364 0.00265678 0.0195005 -0.00095159 -0.000299964 0.00136522 0.00104111
internal_weight=96846.2 95162 77881.8 51509.2 41054.5 13363 26372.6 17217.1 27691.5 15369.6 5582.82 638.965 10454.7 502.624 230.594 185.428 17280.2 1847.57 22108.7 4925 3707.99 814.041 2893.95 17183.7 2466.57 142.157 14717.1 11931.8 4221.09 12479.6
internal_count=1710487 1683315 1424841 902993 705274 261330 521848 365666 443944 300471 104547 16280 197719 10870 5550 4204 258474 65195 339397 80939 62606 14170 48436 258458 45620 4623 212838 170501 62286 242159
is_linear=0
shrinkage=0.05


Tree=132
num_leaves=31
num_cat=0
split_feature=6 10 0 10 7 9 9 16 16 0 0 16 10 7 16 16 9 0 4 9 16 16 16 10 4 0 16 10 9 7
split_gain=10.5295 8.17311 7.07169 6.11052 10.2301 5.99446 5.43299 5.38953 5.29909 5.36587 5.26185 4.98208 4.92491 4.8398 4.96697 4.84355 4.79443 4.45671 5.27288 4.45413 4.44509 5.89293 4.48218 4.88434 5.26744 4.89697 4.65816 4.36801 6.41246 5.85463
threshold=-0.12940952255126037 0.0023111235910171818 90.500000000000014 8.2174910681638984 8.4003222333682306 4.4127799275304271 3.3497501700808394 0.70725437830069748 0.91801832754575818 48.500000000000007 31.500000000000004 0.833417584468649 7.3978148159172425 8.4835329845754135 0.73607016656695079 0.7457328862257272 4.3882378946731615 54.500000000000007 3.5000000000000004 4.4005842009683471 0.82404114050261568 0.82342144236375836 0.82971768279302405 0.0069378392448368369 3.5000000000000004 141.50000000000003 0.82857035382597222 8.2689961142939996 0.89587973461402759 8.9997427593548593
decision_type=2 2 2 2 2 2 2 2 2 2 2 2 2 2 2 2 2 2 2 2 2 2 2 2 2 2 2 2 2 2
left_child=2 -2 3 4 7 6 11 -1 9 -3 -8 -5 -6 14 -12 -16 27 -7 -19 -18 21 -4 23 26 -25 -26 -22 -11 -29 -30
right_child=1 8 20 5 12 17 10 -9 -10 16 13 -13 -14 -15 15 -17 19 18 -20 -21 22 -23 -24 24 25 -27 -28 28 29 -31
leaf_value=-0.0020582789458077166 0.0061684092397952459 0.0013197575694022601 -0.0015165286241541028 -0.0015963300891285691 0.011993153647588755 0.012668787513383725 -0.040951865896055609 -0.00013307847997133889 0.007481578580643149 7.1891262594423304e-05 0.0037230507449670866 -0.010009293460946764 0.0028402736344774028 -0.0051919203431461452 -0.082489453138705121 -0.024280189568122879 0.052636507066088557 -0.0081430266495689848 0.01392069028388896 0.0045685444915132128 -0.058505746826280583 0.028160781277887417 -0.0034673945406891067 -0.0034493998659873709 -0.024985936042650373 0.02955568190757675 0.025309389547399204 -0.011332336265972853 0.0034180366620845228 -0.0068385516717498207
leaf_weight=3963.9033911311999 647.31303103803657 12181.630937357433 5017.0728247191291 1375.4862524867058 163.83982772333547 99.771663289517164 13.151229085400699 43850.938286451157 270.115908091655 24783.605301535456 15.23543789796531 201.79255805397406 1427.179632880725 223.82066868757829 3.9034750675782552 42.302702508401126 4.870204295963048 88.998669333290309 38.921095778234303 461.88675724714994 9.3420817684382182 16.78312150016427 971.99625050951727 115.90457465546206 60.253589626401663 4.4170838361605993 2.0153224328532806 204.74439843883738 322.32593001052737 244.80617745826021
leaf_count=39301 15274 226898 72817 17130 4356 1700 226 800919 8917 434986 134 4562 29836 3710 35 648 87 1445 646 9471 174 324 22810 2060 1111 73 26 2568 4425 3818
internal_value=-3.64944e-05 0.000596764 -0.000465799 -0.000273803 -0.000161436 -0.00291315 -0.00384314 -0.00029268 0.000503023 0.000453682 -0.0100298 -0.00267266 0.00378282 -0.00860419 -0.0210345 -0.0291977 4.82509e-05 0.00474799 -0.00142988 0.00507009 -0.00206146 -0.00141758 -0.00484617 -0.0118286 -0.00982828 -0.0212607 -0.0436331 -4.34703e-05 -0.00374753 -0.00100928
internal_weight=96828.3 39121.3 57707 51509.2 49405.9 2103.38 1875.69 47814.8 38474 38203.9 298.414 1577.28 1591.02 285.262 61.4416 46.2062 26022.2 227.691 127.92 466.757 6197.78 5033.86 1163.93 191.933 180.575 64.6707 11.3574 25555.5 771.877 567.132
internal_count=1710487 706444 1004043 904648 874412 30236 26445 840220 691170 682253 4753 21692 34192 4527 817 683 455355 3791 2091 9558 99395 73141 26254 3444 3244 1184 200 445797 10811 8243
is_linear=0
shrinkage=0.05


Tree=133
num_leaves=31
num_cat=0
split_feature=1 6 0 16 10 16 17 9 5 0 5 10 16 9 1 17 17 0 10 17 1 16 0 17 10 6 5 16 17 16
split_gain=9.8141 9.35488 7.61159 7.8541 6.64858 7.48525 8.86111 7.54901 7.00684 5.54727 7.17915 5.76831 5.30476 5.29283 5.88119 5.40236 11.3337 6.3049 5.85366 8.13408 10.8444 10.2139 7.86002 6.33754 6.55466 5.80657 5.44966 6.51829 5.44903 5.39024
threshold=233.50000000000003 -0.37940952255126015 88.500000000000014 0.65926078882424599 8.3107877663986738 0.91801832754575818 0.64927455643692611 4.8322978221268906 0.60355339059327384 48.500000000000007 0.37940952255126054 3.3671058435048637 0.82001866795414602 6.2943324088824708 577.50000000000011 0.79120384633656837 0.66650849354048136 17.500000000000004 8.2689961142939996 0.65947605478848759 2808.5000000000005 0.80280325263290642 82.500000000000014 0.65766009501192657 8.4037503961772533 -0.60355339059327384 -0.25881904510252113 0.9412002501742075 0.68588771510975388 0.82912253149780868
decision_type=2 2 2 2 2 2 2 2 2 2 2 2 2 2 2 2 2 2 2 2 2 2 2 2 2 2 2 2 2 2
left_child=-1 2 3 -2 5 7 8 9 -7 11 -11 -3 -6 15 -15 16 17 -5 29 23 22 25 -21 -20 -25 -22 28 -28 -18 -19
right_child=1 4 -4 13 12 6 -8 -9 -10 10 -12 -13 -14 14 -16 -17 26 18 19 20 21 -23 -24 24 -26 -27 27 -29 -30 -31
leaf_value=0.0028175924048078754 -0.004464542035281821 0.0030181108323968724 -0.0023649383823099524 -0.019694844213525148 -0.00185266777899804 -0.032955095707282993 0.011322419891674807 0.0071068056365750755 0.019250541102696847 0.00054580756035618218 -0.0010484272254306394 0.00062302148350062091 -0.010988759147125444 0.042296047817142135 0.006404340045829824 0.00047959694734593422 -0.0075043469627841409 -0.00016980802918842622 -0.007124252878386775 0.012478811525889947 -0.024024218573783528 -0.086765506566733874 -0.048488692412535915 -0.045616523258555121 0.012728701202491935 0.038065796304503609 -0.0012207082466256668 -0.028335823172426628 -0.0026559283795992736 0.0023931498852849003
leaf_weight=2924.8558296996634 1149.6669962415472 3238.2551233407576 5524.6475026865955 40.646788742393255 824.67070095892996 21.235241528600458 265.47435415396467 417.47922120708972 9.216990761458872 19586.799107647501 11043.08381623961 11238.149923011661 196.80293916957453 12.798217539675532 105.48405404901132 14214.08555379021 811.46319346688688 14858.978820500895 374.51611594110727 131.80708011984825 15.83206129074097 5.3438496589660636 5.5073702409863463 20.862817369401458 6.2575104460120192 4.9404621571302423 5346.0658355411142 22.256401022896171 2027.3153582084924 2380.0703106932342
leaf_count=47805 12280 63052 88919 264 10046 216 9771 9303 86 348199 189862 208211 4310 288 2409 513361 6869 86688 2267 819 87 39 35 132 39 26 58433 387 24691 21593
internal_value=-3.46226e-05 -0.000123465 -0.000621376 -0.000389456 0.000376756 0.000465698 0.00839206 0.000414173 -0.017154 0.00035223 -2.89667e-05 0.00115878 -0.00361288 -0.000273445 0.0102878 -0.000304469 -0.000732261 -2.50062e-05 1.99e-05 -0.0049877 0.00441654 -0.0251165 0.0100335 -0.00881441 -0.0321544 -0.00925695 -0.00227005 -0.00133312 -0.00404185 0.000184041
internal_weight=96824.6 93899.7 47058.5 41533.9 46841.2 45819.7 295.927 45523.8 30.4522 45106.3 30629.9 14476.4 1021.47 40384.2 118.282 40265.9 26051.9 17844.8 17804.1 565.067 163.431 26.1164 137.314 401.636 27.1203 20.7725 8207.1 5368.32 2838.78 17239
internal_count=1710487 1662682 819626 730707 843056 828700 10073 818627 302 809324 538061 271263 14356 718427 2697 715730 202369 111989 111725 3444 1006 152 854 2438 171 113 90380 58820 31560 108281
is_linear=0
shrinkage=0.05


Tree=134
num_leaves=31
num_cat=0
split_feature=17 17 17 7 16 7 10 7 0 16 1 7 16 10 16 1 7 7 0 5 17 1 10 16 3 1 0 10 17 16
split_gain=9.21076 12.9092 10.0303 9.66883 9.12963 8.30475 18.4224 27.2484 8.20839 7.50812 6.77514 6.27169 6.74917 6.22194 9.51995 9.62842 7.65876 14.6018 7.04314 6.55673 9.51721 7.34154 8.34046 5.95294 9.78558 8.91235 8.04772 7.77073 10.3989 7.0826
threshold=0.7929547680373682 0.66650849354048136 0.68588771510975388 2.3502401828962087 0.55753674434769007 1.0397207708399181 0.038873597625763805 1.8688348091416842 117.50000000000001 0.92778075015659234 133.50000000000003 2.524928003624769 0.80439182228627082 8.2689961142939996 0.81198915421310569 699.50000000000011 3.4811217321331038 3.4175922930736511 56.500000000000007 -1.0000000180025095e-35 0.64679273484672806 1484.5000000000002 8.3676890553033072 0.84605918233744193 1.0000000180025095e-35 1399.5000000000002 128.50000000000003 7.4994412808114967 0.64552233679973303 0.86411256026364247
decision_type=2 2 2 2 2 2 2 2 2 2 2 2 2 2 2 2 2 2 2 2 2 2 2 2 2 2 2 2 2 2
left_child=1 4 11 -4 -1 -6 7 -7 -5 10 -2 12 -3 16 -15 -16 17 -8 -19 -17 21 -21 -23 -18 26 27 -25 -26 29 -29
right_child=9 2 3 8 5 6 13 -9 -10 -11 -12 -13 -14 14 15 19 23 18 -20 20 -22 22 -24 24 25 -27 -28 28 -30 -31
leaf_value=-0.009763440007687434 0.013143632056855488 -0.0032056574058169224 0.0016273708941576684 -0.0011337398818004878 -0.0013025888758766736 0.024501326969282117 -0.00029845116602759204 0.0034271485864228492 -0.0087525634088033103 0.011069197643271222 0.00058291605412110013 -0.0021229297741152116 -0.0098870836334520769 -0.00099387090334517622 0.0043057532356133741 -0.024690633653988159 0.0006360480722563211 -0.0027499344596430297 -0.013332588298981755 -0.0053769552252287888 -0.00069286753438320956 -0.14383180466243006 -0.025026900368304045 -0.004125177302487259 0.012379783585457599 0.00089299652591038302 -0.084733534761748358 -0.09850599644766618 0.0039419677375441267 -0.0076763736036810888
leaf_weight=231.74936394393444 107.74009817978367 957.20435573905706 3452.0739457486197 13005.147196790203 7709.3437965996563 168.15032250992954 8693.3172857817262 1746.6222392469645 363.40515449550003 173.14612153056078 30181.116486220388 3986.1402929453179 624.59605181217194 1181.4812688976526 73.227092664688826 115.56098018586636 21563.890532019548 306.11593487113714 323.24406911805272 4.9014657437801343 79.293883256614208 3.1477096751332283 2.7837231457233429 269.6964291408658 525.31134488806129 657.34018009528518 3.1323311403393737 4.1779273226857168 301.11375042423606 4.4134774431586266
leaf_count=1284 4208 6980 44214 187867 43101 2751 53865 12467 4914 11499 1135997 34496 5313 6587 630 978 129524 1872 1904 43 651 24 22 2445 6697 6800 27 39 3241 47
internal_value=-3.28366e-05 -0.000363264 -0.00134058 -0.000731684 0.000134385 0.000186831 0.00050555 0.00527783 -0.00134085 0.000686946 0.000627596 -0.00318003 -0.00584391 0.000237674 -0.00295531 -0.0112639 0.000380485 -0.000830878 -0.00818527 -0.0168069 -0.00669838 -0.0506571 -0.0880746 0.000864565 0.00365618 0.00524794 -0.00505064 0.00867623 0.00239438 -0.051846
internal_weight=96818.6 66356.6 22388.6 16820.6 43968 43736.3 36026.9 1914.77 13368.6 30462 30288.9 5567.94 1581.8 34112.1 1460.4 278.915 32651.8 9322.68 629.36 205.688 90.1268 10.8329 5.93143 23329.1 1765.19 1492.36 272.829 835.017 309.705 8.5914
internal_count=1710487 558783 283784 236995 274999 273715 230614 15218 192781 1151704 1140205 46789 12293 215396 8935 2348 206461 57641 3776 1718 740 89 46 148820 19296 16824 2472 10024 3327 86
is_linear=0
shrinkage=0.05


Tree=135
num_leaves=31
num_cat=0
split_feature=1 6 10 8 7 7 8 10 8 7 8 17 7 8 7 7 7 7 7 7 10 7 10 7 7 10 7 17 17 10
split_gain=8.78759 7.73418 8.28942 11.7338 12.4177 10.8358 9.38185 9.17414 8.80885 7.1515 7.13707 6.2779 6.96972 12.7496 15.0876 12.5498 26.8016 19.0714 20.4697 30.1334 36.3545 41.3346 19.8139 18.6151 13.5726 17.54 15.2333 10.1395 8.69116 8.90776
threshold=192.50000000000003 0.78656609248549303 7.9281248631471941 3.0677824455408698 5.2907859277095151 2.3502401828962087 1.0000000180025095e-35 5.4508634131887623 2.249904835165133 9.9430677726003402 7.7585470058242878 0.64927455643692611 4.2555875595453383 1.0000000180025095e-35 3.0201273556387074 3.0201273556387074 3.1132683346437333 2.524928003624769 2.3502401828962087 1.0397207708399181 0.14313038490420291 1.8688348091416842 0.73060162963332453 2.6735537653587351 3.3497501700808394 0.14313038490420291 3.4811217321331038 0.78999681022789259 0.65732326985283174 0.053476163890834059
decision_type=2 2 2 2 2 2 2 2 2 2 2 2 2 2 2 2 2 2 2 2 2 2 2 2 2 2 2 2 2 2
left_child=-1 2 3 4 8 -5 -6 -7 11 -9 -4 -2 13 15 -15 17 -17 18 19 -13 21 -21 23 -19 25 -18 -26 -22 -28 -30
right_child=1 -3 10 5 6 7 -8 9 -10 -11 -12 12 -14 14 -16 16 24 22 -20 20 27 -23 -24 -25 26 -27 28 -29 29 -31
leaf_value=0.0036802979828791244 -0.0018189211668685841 0.001233242754916489 -0.0016004051396044873 0.027421276399531458 0.0083855835629853097 0.0043598853502956839 -0.0039426370981905344 0.00064283344429933158 0.0018260082181118045 0.014555840882492871 0.0038240974892661873 -0.00067012535872165615 -0.0020000708911266066 0.0076267009093853675 0.0010562256716236005 -0.0087084741481659889 0.024375190607408347 0.022177301292918519 -0.00323660805363735 0.027351278902185628 -0.00013093405305820058 -0.002263770240410913 0.00233307168328606 -0.0017676592952699619 -0.0084682805788212287 0.0023851777616578146 0.0079017161316097193 0.0063289623346143081 0.011657996824729514 -0.0025706550220082388
leaf_weight=1674.3081939269323 6136.6704206299037 11649.651289312635 11940.440539211966 39.30166033655405 162.57336622895673 1959.1854967013933 3040.494436332956 15281.159933059011 5280.1943989400752 92.924078233074397 638.81457537412643 11236.298209950328 4289.4880638015456 989.56709511578083 7462.4545451404992 1345.552153408993 102.11376627860591 262.10296726133674 4840.8281222367659 337.11076037143357 1512.5628863796592 181.12825291231275 2062.3959369356744 117.57716954313219 710.66532572172582 809.96685233758762 303.53832595050335 1015.1079170273151 119.86600572057068 1336.0019793868996
leaf_count=27118 37195 213656 187566 890 2977 50498 58398 304799 103726 2600 12029 166145 86673 22197 154439 22433 3059 10000 72139 16476 11645 3860 38280 3029 12542 14833 1793 40287 3299 27490
internal_value=8.93965e-05 2.62792e-05 -0.000141899 6.76231e-05 -0.000298062 0.00119702 -0.00331691 0.00113756 -0.0001064 0.000726926 -0.00132493 -0.000332286 -9.85688e-05 0.000136185 0.0018255 -0.000406858 -0.00273989 0.000104611 -0.000426746 0.000525632 0.00493676 0.0170006 0.00426548 0.0147622 -0.000365355 0.00484711 -0.00229007 0.00246335 0.000205451 -0.00139917
internal_weight=96930 95255.7 83606.1 71026.8 53654.3 17372.6 3203.07 17333.3 50451.2 15374.1 12579.3 45171 39034.3 34744.8 8452.02 26292.8 4727.7 21565.1 19123 14282.2 3045.91 518.239 2442.08 379.68 3382.15 912.081 2470.07 2527.67 1759.41 1455.87
internal_count=1712071 1684953 1471297 1271702 912915 358787 61375 357897 851540 307399 199595 747814 710619 623946 176636 447310 85449 361861 310552 238413 72268 20336 51309 13029 63016 17892 45124 51932 32582 30789
is_linear=0
shrinkage=0.05


Tree=136
num_leaves=31
num_cat=1
split_feature=10 8 9 10 8 17 5 9 8 10 10 8 8 16 16 8 0 16 0 4 2 10 16 6 9 16 17 17 4 16
split_gain=7.79846 10.2845 6.83671 6.31322 13.9202 8.89814 8.00236 6.97246 6.32442 6.38893 5.6569 6.98104 5.53083 5.82961 5.49499 5.3932 5.77534 5.35597 5.5618 5.24351 7.76346 6.6502 5.70502 5.56621 5.99933 5.15615 8.42341 5.64766 7.65224 9.04397
threshold=8.2689961142939996 7.2445845309701786 2.524928003624769 5.4508634131887623 1.2424533248940002 0.64679273484672806 0.12940952255126045 6.2943324088824708 3.7726948748059121 5.2057306247678286 7.5694909328447757 2.8029010331479989 4.3241107269113215 0.70725437830069748 0.68801149572036502 6.7159890799278301 140.50000000000003 0.87777679991217206 93.500000000000014 2.5000000000000004 0 2.1139029853608 0.8304055654796666 0.1294095225512602 3.3842466058243152 0.55753674434769007 0.69057772757248759 0.66166140763983117 1.5000000000000002 0.96660353535353549
decision_type=2 2 2 2 2 2 2 2 2 2 2 2 2 2 2 2 2 2 2 2 1 2 2 2 2 2 2 2 2 2
left_child=1 3 -3 4 5 -1 7 25 9 17 12 -12 13 -8 -4 16 -14 18 19 20 -6 -22 23 -21 -25 26 -5 28 29 -27
right_child=-2 2 14 6 8 -7 10 -9 -10 -11 11 -13 15 -15 -16 -17 -18 -19 -20 22 21 -23 -24 24 -26 27 -28 -29 -30 -31
leaf_value=-0.0036898007660840001 -0.0024978390180133412 -0.00044073950658656029 0.021311316034396597 -0.018000787155522592 -0.0019784094976731232 0.00032207700278530057 -0.0041956315074030718 0.017159008109032838 0.005996102288300941 -0.0020868686938541551 -0.0038899090980088961 -0.00087602698018185053 0.0027452430446441821 -0.00043443576910309956 0.0057832307366588931 -0.0066869268969778038 -0.03508237519937496 0.011240028925414718 -0.0030138813647619901 -0.00089579412225842246 0.013362509328192161 0.0048539674706832266 0.0064585719567597268 0.0041988688653332995 -0.10254598330963489 -0.0021297194951362852 0.0039288083651151879 -0.00019541173755128636 0.0015477705782437775 -0.045196047901733143
leaf_weight=1464.6750987321138 2836.7198428874835 500.03789969719946 60.774134525097907 98.625856392085552 330.80678089195862 24519.274235767545 1124.4345779381692 60.991892252117395 1123.4997545557562 857.78133533010259 3020.0567033383995 5281.3219644613564 2145.7360657281242 12294.675491581671 910.96541429217905 169.83739372435957 10.137861345428972 171.79239772865549 455.60947900824249 1847.8650406636298 287.36146579124033 1143.4684229707345 498.4563094812911 830.46735203359276 1.3183715404011298 1257.3436390049756 78.756488147191703 22267.971537118778 11241.667983382009 12.309899114072321
leaf_count=8902 40528 10384 710 547 6954 430357 10888 1375 30935 18491 44027 93085 45335 214154 21441 3823 194 8344 9413 37207 8279 26931 16959 17572 29 7945 1613 527185 68346 118
internal_value=8.51027e-05 0.000162994 0.00430983 9.70818e-05 0.000645015 9.59336e-05 -0.000213997 0.000268281 0.00253512 0.00192991 -0.000916322 -0.00197248 -0.000359467 -0.0007496 0.00675438 0.00189156 0.00256736 0.00254881 0.00227208 0.00275962 0.00494766 0.00651724 0.00154678 0.000633114 0.00402968 0.000238811 -0.0082642 0.000282178 0.0011322 -0.00254727
internal_weight=96904.7 94068 1471.78 92596.2 33532.4 25983.9 59063.9 35017.7 7548.43 6424.93 24046.2 8301.38 15744.8 13419.1 971.74 2325.71 2155.87 5567.15 5395.35 4939.74 1761.64 1430.83 3178.11 2679.65 831.786 34956.7 177.382 34779.3 12511.3 1269.65
internal_count=1712071 1671543 32535 1639008 620373 439259 1018635 607129 181114 150179 411506 137112 274394 225042 22151 49352 45529 131688 123344 113931 42164 35210 71767 54808 17601 605754 2160 603594 76409 8063
cat_boundaries=0 1
cat_threshold=2
is_linear=0
shrinkage=0.05


Tree=137
num_leaves=31
num_cat=1
split_feature=1 1 16 16 16 16 4 9 8 3 1 16 4 2 17 9 1 16 17 1 16 8 17 5 7 17 17 16 4 16
split_gain=8.19687 7.01809 9.25777 15.0843 16.9319 11.0626 8.59554 8.20289 7.01859 6.64309 8.48548 10.1628 8.46133 7.61318 6.58104 7.45296 6.52311 6.46013 11.3939 9.35826 11.3764 6.65203 6.20742 6.04128 5.9825 6.03933 5.79906 13.3237 18.1041 13.7611
threshold=133.50000000000003 3936.5000000000005 0.77913418258995193 0.76654497051352888 0.76654392977528318 0.76870561270000703 3.5000000000000004 6.2943324088824708 5.629416447756002 1.0000000180025095e-35 1059.5000000000002 0.84448544042843798 4.5000000000000009 0 0.66677105297994299 2.0126758453675748 9779.0000000000018 0.78755097527171725 0.65142626681888982 5925.5000000000009 0.79846759594625516 6.7633072077471583 0.65732326985283174 0.60355339059327384 6.8249168531491975 0.6479041575402984 0.70361808073131904 0.77128401431808402 1.5000000000000002 0.77005389237929101
decision_type=2 2 2 2 2 2 2 2 2 2 2 2 2 1 2 2 2 2 2 2 2 2 2 2 2 2 2 2 2 2
left_child=-1 2 3 4 -2 -5 -3 9 14 23 11 -11 -13 -14 15 -8 -17 22 19 20 -19 -21 24 -4 -10 -26 27 28 29 -7
right_child=1 6 7 5 -6 26 8 -9 17 10 -12 12 13 -15 -16 16 -18 18 -20 21 -22 -23 -24 -25 25 -27 -28 -29 -30 -31
leaf_value=0.0069306391059967762 -0.00021097232381309903 -0.0027387683208984913 0.00018024545377589725 -0.0066155253634754378 0.0040274531668803857 -0.016816387278315952 0.0025938570718386936 0.013914624799332843 0.049442005163630669 0.0011335470896299317 0.00031130051528593591 0.0034686772230430141 0.020733123777807477 0.0039412901552985545 -0.0020732817029068453 -0.016920144142305877 0.01719659479499518 0.0080308794671342162 0.00367519558034618 0.030861680268255639 -0.10549895023888196 -0.059736743406254005 0.0059690903263982919 -0.0028982528790593067 -0.0084406796245263729 0.025165657740674564 -0.0031412752745197665 -0.0021474675841865495 0.00089583042584327798 0.019946557844498988
leaf_weight=434.79796053399332 30309.020573480986 4767.052419976797 5785.2888146275654 1251.9353620777838 2554.9587117272895 28.599591836333275 1824.7829711735249 116.72694831062108 16.50776594877243 11662.565292630345 22866.890104486607 3151.6747182535473 132.10680650779977 161.08197163464502 2376.1238963748328 85.094896554946899 16.772195868194103 3.1974168270826357 115.19150969013572 5.859556779265402 7.120862677693367 3.096871092915535 179.58813629858196 2199.5394255334977 18.520941704511642 48.055812977254391 3006.0836511417292 2649.9540521278977 883.14520074054599 231.50694198906422
leaf_count=6886 309143 77037 95912 15404 259073 168 10384 3122 91 210518 430912 98330 4537 5332 55441 487 96 21 2626 41 55 24 3939 36156 101 269 63328 15970 5215 1453
internal_value=8.09042e-05 5.00281e-05 0.000190723 -0.000356646 0.000118537 -0.00229628 -0.0012428 0.000676785 0.00027453 0.000643163 0.000918813 0.00183835 0.00422448 0.012349 -0.000312482 0.0018591 -0.0113029 0.00663447 -0.00227846 -0.0378593 -0.0703185 -0.000464608 0.0111971 -0.000667773 0.0224976 0.0158167 -0.00150099 -0.000201075 0.00431049 0.0159043
internal_weight=96892.8 96458 86991.1 40915.2 32864 8051.22 9466.97 46075.9 4699.91 45959.1 37974.3 15107.4 3444.86 293.189 4302.77 1926.65 101.867 397.139 134.466 19.2747 10.3183 8.95643 262.673 7984.83 83.0845 66.5768 6799.29 3793.21 1143.25 260.107
internal_count=1712071 1705185 1554573 669754 568216 101538 150612 884819 73575 881697 749629 318717 108199 9869 66408 10967 583 7167 2767 141 76 65 4400 132068 461 370 86134 22806 6836 1621
cat_boundaries=0 1
cat_threshold=20
is_linear=0
shrinkage=0.05


Tree=138
num_leaves=31
num_cat=0
split_feature=10 8 6 8 10 10 8 0 16 0 10 8 17 0 8 8 0 10 17 17 11 16 10 16 16 5 0 0 17 5
split_gain=7.04138 9.14561 6.21932 6.35742 12.9287 6.32392 13.4044 5.81034 5.71143 5.43546 8.50976 6.88359 5.13541 6.11947 5.97581 5.12364 4.74744 4.69837 4.68648 4.58715 5.97031 7.91608 5.80204 5.52901 7.59563 5.76991 5.7141 5.17306 4.71798 4.76748
threshold=8.2689961142939996 7.2445845309701786 -0.37940952255126015 2.9174053685313028 5.7623678269252423 3.6130255612326443 1.0000000180025095e-35 16.500000000000004 0.8699939667019746 45.500000000000007 8.095881606010435 3.1984648276080736 0.65766009501192657 23.500000000000004 3.1567740231385479 9.2213649572534653 97.500000000000014 0.0023111235910171818 0.64592994198069786 0.64679273484672806 1.0000000180025095e-35 0.83543132370545947 0.0029853542071901994 0.73607016656695079 0.74872642346660323 -0.37940952255126059 71.500000000000014 127.50000000000001 0.64619791601474053 0.78656609248549325
decision_type=2 2 2 2 2 2 2 2 2 2 2 2 2 2 2 2 2 2 2 2 2 2 2 2 2 2 2 2 2 2
left_child=1 2 3 -1 -5 6 17 -7 16 10 11 12 13 -6 -15 -3 18 -4 -8 20 22 27 -19 25 26 -24 -25 -22 29 -23
right_child=-2 15 5 4 9 7 8 -9 -10 -11 -12 -13 -14 14 -16 -17 -18 19 -20 -21 21 28 23 24 -26 -27 -28 -29 -30 -31
leaf_value=-0.00071142541258197034 -0.0023762754171686874 0.0046858997525078359 0.0044111056947994777 0.0046818017868091146 0.07309501196447403 0.022653089893934962 0.023869438721196762 0.00015960625200646419 0.016752592113930858 -0.00058900810520480648 -0.0042733258349282174 0.0020029763365522271 0.0056508748864437077 0.011289585763993847 0.048195162378763978 -0.010028745999030477 -0.0039428248826923014 -0.066947121291519224 0.0049857436011864842 0.00064741956437328421 -0.0070451629306718172 -0.029596775268283273 0.041700200775735219 -0.061118991646557187 0.0022215132736763303 0.0028406362639635772 0.0096670595429897144 0.037485477819441115 -0.050000824789680764 0.019075453629740405
leaf_weight=32051.067861879012 2838.9731761394069 1406.1613539136015 781.91728684934787 1675.2553492239676 5.1077018305659285 28.733023929875344 33.490327585488558 35305.572656533681 102.18011542712338 9551.0029515069909 491.27070789178833 2438.9180113510229 202.3231272851117 73.774274863302708 12.884246513247488 61.756982865277678 149.24944473011419 3.0012783333659163 1734.1993450743612 7473.2003734495956 214.3322409838438 17.465382814407352 17.124798528850079 8.6589361205697042 144.10261998698115 21.602607116103172 4.2504308968782416 6.7265126258134833 16.747756123542786 7.0668435245752326
leaf_count=530668 40528 31389 18251 41427 31 573 267 628095 4938 174963 7871 49082 5063 460 82 1146 3274 19 43075 128109 1139 94 93 49 1082 116 23 36 91 37
internal_value=7.70754e-05 0.00015114 8.90484e-05 -0.000318873 0.000551801 0.000500795 0.00156358 0.000177897 0.00523445 1.02234e-05 0.00178528 0.00287434 0.0101006 0.0199113 0.0167766 0.00406684 0.00462049 0.000713221 0.00534351 0.000348797 -0.00449129 -0.00944343 0.00204556 0.00310342 -0.00107005 0.0200239 -0.0378126 -0.00569016 -0.0295426 -0.0155761
internal_weight=96878.1 94039.1 92571.2 46501.6 14450.5 46069.6 10735.3 35334.3 2019.12 12775.3 3224.28 2733.01 294.089 91.7662 86.6585 1467.92 1916.94 8716.2 1767.69 7934.28 461.079 262.339 198.741 195.739 157.012 38.7274 12.9094 221.059 41.28 24.5322
internal_count=1712071 1671543 1639008 809647 278979 829361 200693 628668 51554 237552 62589 54718 5636 573 542 32535 46616 149139 43342 130888 2779 1397 1382 1363 1154 209 72 1175 222 131
is_linear=0
shrinkage=0.05


Tree=139
num_leaves=31
num_cat=0
split_feature=1 0 3 1 4 16 4 4 17 0 16 10 0 7 7 16 1 17 7 7 10 7 10 17 10 7 7 16 6 1
split_gain=7.86833 9.47352 8.30889 8.48973 8.56541 7.99294 22.4354 15.5958 8.75186 8.71273 8.39563 7.84552 7.51583 7.7543 8.47698 7.2093 12.6572 13.1762 7.09386 8.61099 10.5048 7.01215 10.8984 6.75251 6.67524 6.38491 9.08998 7.41779 5.92793 7.83715
threshold=318.50000000000006 119.50000000000001 1.0000000180025095e-35 3936.5000000000005 3.5000000000000004 0.83751361435807059 1.5000000000000002 2.5000000000000004 0.80671862792643323 148.50000000000003 0.8762140164844493 0.0040661029745856919 94.500000000000014 6.0946971662386806 1.0397207708399181 0.87226800063066301 1726.5000000000002 0.66538579075336501 1.0397207708399181 2.1383330595080281 0.053476163890834059 2.524928003624769 2.2811355508763032 0.65657385268711743 2.1139029853608 3.1132683346437333 2.9174053685313028 0.81198915421310569 0.91597561503675351 591.50000000000011
decision_type=2 2 2 2 2 2 2 2 2 2 2 2 2 2 2 2 2 2 2 2 2 2 2 2 2 2 2 2 2 2
left_child=1 -1 -2 5 -5 7 9 8 12 10 15 -8 13 14 28 -7 -17 -18 -13 20 -20 -21 -23 -22 -16 26 27 -6 -4 -30
right_child=2 -3 3 4 25 6 11 -9 -10 -11 -12 18 -14 -15 24 16 17 -19 19 21 23 22 -24 -25 -26 -27 -28 -29 29 -31
leaf_value=0.0020936041940502852 -0.0011654123279108807 -0.010308613843110229 -0.0012183243407022071 -0.0027456420244756224 0.0010045743109963088 -0.0084298309833450609 0.011900140731347977 -0.00045954156683916496 0.0051367416391829013 -0.15105489545778128 -0.00079064480819956344 -0.0012573013297300193 -0.002552823105652878 -0.00047348588030362513 0.0057867800617627946 -0.015964466198300709 -0.14834116891166521 -0.018576934719358455 0.031506458240198772 -0.0025750769877889599 -0.0076120669299281907 0.010672932405128331 0.0024581336203157232 0.011393056482821738 0.0020587918751124173 0.0015706887796121409 -0.012305551802748343 -0.00817540708132212 -0.014185872297730476 0.012481187907546751
leaf_weight=6137.8535951937083 14002.410735717043 157.93794051301666 2520.5552948494442 4736.6773961177096 1071.8249385142699 426.54267995851114 218.87466770177707 37815.446153988363 1359.5814095374662 1.028122043237089 480.06984760356136 1190.0983538217843 1391.9449698068202 4684.0410246225074 1395.707915911451 27.667107814457268 4.1971438005566588 3.6639265068806708 52.199735122732818 608.25832861568779 61.090460062026978 435.79118495550938 5491.0066558313556 198.92569233267568 8596.9544993052259 3128.3156497986056 199.88429455924779 276.90593951521441 33.301772828679532 159.56569387251511
leaf_count=102529 208907 2270 26259 76540 14178 10459 7117 628855 116583 25 13053 18765 16621 61699 22681 681 36 152 3305 11964 703 17199 172989 7790 109646 51593 2854 4598 349 1671
internal_value=7.32762e-05 0.00178248 -4.55322e-05 0.000159261 -0.00124696 0.000356376 0.00172553 0.000139053 0.0012629 -0.00558003 -0.00542128 0.0025601 0.000982484 0.00126546 0.00190651 -0.0102323 -0.0318723 -0.08786 0.00230575 0.00292503 0.0110372 0.00253747 0.00306216 0.00692783 0.00257949 0.000270868 -0.00235486 -0.000880154 -0.00057186 0.00787668
internal_weight=96868.3 6295.79 90572.5 76570.1 9413.61 67156.5 9199.41 57957.1 20141.7 943.169 942.141 8256.25 18782.1 17390.1 12706.1 462.071 35.5282 7.86107 8037.37 6847.27 312.216 6535.06 5926.8 260.016 9992.66 4676.93 1548.62 1348.73 2713.42 192.867
internal_count=1712071 104799 1607272 1398365 149763 1248602 264238 984364 355509 24406 24381 239832 238926 222305 160606 11328 869 188 232715 213950 11798 202152 190188 8493 132327 73223 21630 18776 28279 2020
is_linear=0
shrinkage=0.05


Tree=140
num_leaves=31
num_cat=0
split_feature=0 5 8 8 9 1 16 16 17 1 16 5 1 10 10 8 16 17 0 16 16 1 10 5 16 17 9 9 8 1
split_gain=7.59996 8.61312 8.86146 6.59477 13.0276 7.1198 12.333 6.74429 8.9939 12.0625 8.31033 8.8518 6.345 6.24274 5.39266 7.08522 6.09546 5.58715 6.35829 6.93712 7.32865 8.43653 5.61247 5.44239 5.37124 6.07627 7.88725 9.88398 8.37959 5.96812
threshold=44.500000000000007 -0.78656609248549292 7.0250936725460793 5.2284276452838947 2.6735537653587351 6958.5000000000009 0.76654392977528318 0.68801149572036502 0.65142626681888982 1988.5000000000002 0.68232971914818441 -0.5 318.50000000000006 7.4281293653955816 5.2057306247678286 1.2424533248940002 0.85517967223594293 0.6479041575402984 51.500000000000007 0.77437798501052046 0.78244425446788779 1365.5000000000002 0.0029853542071901994 0.37940952255126054 0.74014791079184894 0.65097512213835806 5.2496487501035594 1.4978661367769956 4.923617305492666 1016.5000000000001
decision_type=2 2 2 2 2 2 2 2 2 2 2 2 2 2 2 2 2 2 2 2 2 2 2 2 2 2 2 2 2 2
left_child=24 2 12 4 5 7 -7 8 9 -3 11 -11 -2 -5 15 17 -17 18 19 22 21 -21 -9 -16 25 26 27 -1 -29 -30
right_child=1 3 -4 13 -6 6 -8 14 -10 10 -12 -13 -14 -15 23 16 -18 -19 -20 20 -22 -23 -24 -25 -26 -27 -28 28 29 -31
leaf_value=-0.0057452733758545926 0.0045581693517898654 -0.012067547758199845 0.0071165678470311473 0.0036844564941839551 -0.0063102387637487215 0.0015692012042860485 -0.0070224635261193881 -0.047409287629589861 -0.0013104211760198528 0.039508436163097016 -0.02700550390257174 0.0034440821221753768 0.00029371585211490202 7.5360978904557386e-05 -0.00017083944999923134 0.0018013476792045286 0.0096895113869499769 0.0001386590495503117 -0.0018116716340934218 -0.017892549220504955 -0.015510213164104353 -0.09968883972819291 0.0026394980544763064 -0.0015814275119161053 0.0011442539980591976 0.0002617033410691289 -0.05488524189761497 0.022542909723237373 -0.014813080339468222 0.0092832346478236745
leaf_weight=904.0844703540206 922.28908946993761 473.19649897515774 525.65196484560147 1571.367039012257 1031.0652445801534 675.69300938211381 1093.9104560208507 6.0424171760678282 1753.8450962081552 21.099714040756226 17.162488788366318 87.874072358012199 16079.401228498667 5044.9610309139825 15579.894942185609 2973.3768763579428 266.88548263534904 11659.825360375457 809.27323266491294 6.7750581353902799 96.684451218694448 5.8954738676548004 76.770245790481567 12186.751289926935 19395.934309799457 3375.3253227854148 7.5771898180246344 59.623136624693871 44.559310153126717 60.703271463513374
leaf_count=4822 15397 2591 10766 36218 18834 6696 19714 35 20258 114 91 472 283304 92869 264775 66548 11405 208582 4919 39 662 33 420 205813 396826 38226 41 307 232 319
internal_value=9.85925e-06 -0.000243404 0.000722732 -0.000548857 -0.000749611 -0.000629644 -0.00374188 -0.000509973 -0.00311741 -0.00840525 0.00533376 0.0104269 0.000525049 0.000932515 -0.000369464 0.000364765 0.00245106 -0.000169159 -0.00375309 -0.011929 -0.020196 -0.0559516 -0.00101231 -0.000789945 0.000784754 -0.000781517 -0.00405235 -0.00369203 0.0075661 -0.000917115
internal_weight=96813.5 72965.7 17527.3 55438.3 48822 47791 1769.6 46021.4 2353.18 599.333 126.136 108.974 17001.7 6616.33 43668.2 15901.5 3240.26 12661.3 1001.44 192.168 109.355 12.6705 82.8127 27766.6 23847.8 4451.87 1076.55 1068.97 164.886 105.263
internal_count=1711328 1270555 309467 961088 832001 813167 26410 786757 23526 3268 677 586 298701 129087 763231 292643 77953 214690 6108 1189 734 72 455 470588 440773 43947 5721 5680 858 551
is_linear=0
shrinkage=0.05


Tree=141
num_leaves=31
num_cat=0
split_feature=17 17 4 8 1 16 8 4 7 16 16 0 17 1 5 8 7 7 10 7 7 7 7 7 10 10 7 5 7 7
split_gain=7.24415 16.1414 11.7736 11.2623 9.85615 9.5962 9.45161 8.0298 7.99304 7.82398 7.72865 8.22128 7.66855 15.52 7.34958 7.10852 7.08767 15.0714 17.4735 13.8374 17.8395 9.77042 12.2842 18.162 9.54388 8.15426 6.93621 6.78756 8.02328 8.82509
threshold=0.78953251609163166 0.66650849354048136 3.5000000000000004 7.1061961336042883 469.50000000000006 0.81851854818992831 3.9796379800581989 2.5000000000000004 5.0657496176235997 0.86315771363349869 0.67579385809283876 47.500000000000007 0.65097512213835806 2518.5000000000005 -1.0000000180025095e-35 8.8000242701465474 2.1383330595080281 1.0397207708399181 0.081509403981921358 2.524928003624769 2.9174053685313028 3.1132683346437333 3.4175922930736511 3.4811217321331038 0.58835231277292122 0.3497316826816268 3.0201273556387074 0.25881904510252091 3.4811217321331038 9.2146309104867701
decision_type=2 2 2 2 2 2 2 2 2 2 2 2 2 2 2 2 2 2 2 2 2 2 2 2 2 2 2 2 2 2
left_child=1 2 10 4 5 6 8 -2 -4 16 12 -12 13 14 -1 -13 17 -9 -19 24 25 26 -23 -24 -18 -21 -22 28 -6 -30
right_child=7 -3 3 -5 27 -7 -8 9 -10 -11 11 15 -14 -15 -16 -17 19 18 -20 20 21 22 23 -25 -26 -27 -28 -29 29 -31
leaf_value=-0.0058970843590160785 0.0015590429283540866 -0.0017155906596814886 0.0031287254564399767 0.0099450010588803053 -0.00037034215794005411 0.014479895589214104 0.013925008801800627 0.00028374783906989288 -0.0092628334851578894 0.0036912924647153297 0.00099124793568528924 -0.00083486471079340617 -0.00089834611286600675 0.011894686101149002 -0.017753054464805993 -0.022441706485177078 -0.0095550666189079831 0.027490842606759876 0.0051387792736871532 0.019877504278067667 0.0028276068945414646 0.0052399251133201843 -0.011032482236499748 -0.00027073161702223161 -0.0021000103230921475 0.0050523817407819105 -0.0076313248305862006 -0.00084243325044458355 0.0029817631303360932 -0.012293240031131773
leaf_weight=278.17007898539305 12998.126026405487 15580.308862511534 1102.7948953770101 363.29966002330184 3593.7357054278255 217.54151518456638 179.8601543083787 3029.2444628519006 147.54836962372065 1368.4778691355605 8725.1319441348314 17841.224362214096 824.45103794336319 82.221866488456726 246.59347912669182 38.14735421910882 647.65239887358621 102.88913091435097 582.12142463284545 105.7126225004904 200.91942643839866 970.58292317716405 403.29215298360214 14060.560774482321 1273.3597723180428 756.59407015470788 751.21111278049648 5112.9487423114479 5121.6632268205285 96.336232878267765
leaf_count=1511 474595 142686 6100 2390 21514 1875 1003 79879 811 77549 57121 113363 4459 442 1349 257 15475 7665 22536 6224 6226 32744 12056 482754 29995 25687 20061 30735 31675 591
internal_value=9.39939e-06 -0.00033269 0.000157308 0.00124251 0.00103948 0.00469621 0.00320806 0.00055629 0.00166644 1.88675e-05 -0.000459523 -0.00026696 -0.00403847 -0.00830362 -0.0114684 -0.000880965 -0.000200745 0.00179833 0.00849608 -0.000588074 -0.00013977 -0.000508635 -0.000205396 -0.000570799 -0.00461342 0.00686984 -0.00542427 0.000606769 0.00144766 0.00269975
internal_weight=96802.7 59552 43971.7 15935.7 15572.4 1647.74 1430.2 37250.7 1250.34 24252.6 28035.9 26604.5 1431.44 606.985 524.764 17879.4 22884.1 3714.26 685.011 19169.9 17248.9 16386.6 15434.4 14463.9 1921.01 862.307 952.131 13924.7 8811.74 5218
internal_count=1711328 417882 275196 96694 94304 9789 7914 1293446 6911 818851 178502 170741 7761 3302 2860 113620 741302 110080 30201 631222 585752 553841 527554 494810 45470 31911 26287 84515 53780 32266
is_linear=0
shrinkage=0.05


Tree=142
num_leaves=31
num_cat=0
split_feature=10 7 10 7 7 7 7 7 10 7 7 10 10 0 17 1 1 0 17 16 10 16 1 17 16 0 17 1 17 17
split_gain=7.20638 11.1723 17.4837 44.5262 15.5774 15.78 14.9221 34.4098 38.8548 49.0905 8.68755 8.25135 7.40915 7.68447 6.32815 7.9192 7.20287 6.25289 6.28565 7.49904 6.01792 5.89462 5.85399 5.71429 5.50522 5.49729 5.4373 6.74928 5.35173 12.1595
threshold=5.1302678963166395 2.524928003624769 0.053476163890834059 2.8029010331479989 3.1132683346437333 3.2769667020129059 2.3502401828962087 1.0397207708399181 0.14313038490420291 1.5890269151739729 1.5890269151739729 2.6764046121486698 1.0000000180025095e-35 116.50000000000001 0.64619791601474053 318.50000000000006 1008.5000000000001 35.500000000000007 0.75399479309382211 0.72374940372495866 5.090154282221655 0.8762140164844493 461.50000000000006 0.79458753185793818 0.8992894014084537 25.500000000000004 0.70959667852265762 422.50000000000006 0.78953251609163166 0.66677105297994299
decision_type=2 2 2 2 2 2 2 2 2 2 2 2 2 2 2 2 2 2 2 2 2 2 2 2 2 2 2 2 2 2
left_child=1 6 3 -3 26 -6 7 11 9 -9 14 12 13 -1 16 -16 -10 18 19 25 -19 23 -15 -4 -7 -8 27 -5 29 -2
right_child=28 2 21 4 5 24 17 8 10 -11 -12 -13 -14 22 15 -17 -18 20 -20 -21 -22 -23 -24 -25 -26 -27 -28 -29 -30 -31
leaf_value=0.0032646972432195387 -0.00013885565226071469 0.022250031083841729 -2.8222500803518303e-05 0.01962132580529715 0.018214081135126028 0.0030488484686227698 -0.046305354915996716 0.02746912175997749 -0.058259166076984274 0.00075082856779888326 0.0057477009695850595 0.0021894605281689208 -0.0017635545694479526 -0.083891744281679767 0.016391081785357382 -0.0026926351007034058 -0.004899062236710972 -0.0037745028482746197 -0.0036937082757405358 0.012099805426030509 0.02059686359069219 0.0071821242953097608 -0.014178799661658607 0.0025555785617825009 0.035560368092364979 -0.0010331571745391403 -0.0074627212510165646 -0.0014055169294692638 0.00029062511219320989 -0.0021246208535995264
leaf_weight=1106.0417693112977 30924.589614572003 346.01669839560054 7604.9870774406008 44.092516705393791 221.85150678572245 988.99448058567941 9.2200559973716718 402.19253281923011 10.473825309425594 300.26723859086633 693.96012143301778 2247.8386230063625 7666.8087094952352 3.3561539431102565 59.194079468026757 665.94414648553357 15.963133525103329 3478.2581420131028 201.24221380567178 198.01266039162874 25.515309645794332 362.60269232257269 29.313724487088621 2977.7085743322968 13.194590957369654 24.585742115974426 362.66421565576456 283.81665294244885 25248.318365576444 10268.890904569998
leaf_count=28641 190880 12983 80336 312 6773 25236 52 18241 71 7098 13994 28589 97369 65 1302 14484 108 49422 5085 1251 342 15590 536 139751 684 137 10364 1964 866798 92870
internal_value=9.00791e-06 0.000647427 0.00174038 0.00574352 0.0027604 0.00614793 -0.000194757 0.000610932 0.00640165 0.0160484 0.00171382 -0.000514376 -0.0012046 0.00255877 -0.00201083 -0.0011348 -0.0260393 -0.00289647 0.00277154 0.00838404 -0.00359702 0.000913579 -0.0213404 0.000698795 0.00347689 -0.0133805 -0.003244 0.00142187 -0.000282559 -0.000633876
internal_weight=96785.9 30344.1 13205.9 2260.63 1914.61 1224.04 17138.2 13201.4 2148 702.46 1445.54 11053.4 8805.52 1138.71 751.575 725.138 26.437 3936.83 433.061 231.818 3503.77 10945.3 32.6699 10582.7 1002.19 33.8058 690.573 327.909 66441.8 41193.5
internal_count=1711328 560780 293993 58316 45333 32693 266787 210498 55298 25339 29959 155200 126611 29242 15965 15786 179 56289 6525 1440 49764 235677 601 220087 25920 189 12640 2276 1150548 283750
is_linear=0
shrinkage=0.05


Tree=143
num_leaves=31
num_cat=0
split_feature=10 8 8 1 1 3 4 10 11 10 8 8 0 16 16 4 16 1 8 1 4 16 16 16 0 8 10 1 16 6
split_gain=6.51416 10.8993 9.55366 7.24914 6.95685 6.95419 9.73336 8.19513 6.8947 6.19678 6.67836 9.91834 6.1866 6.25307 5.46352 5.25448 9.68433 6.98102 8.89927 5.19471 5.17893 8.0197 8.47855 8.3801 5.65086 4.98905 5.58 4.94525 5.5364 8.07617
threshold=5.1302678963166395 1.2424533248940002 4.5053345884235583 806.50000000000011 256.50000000000006 1.0000000180025095e-35 1.5000000000000002 0.0023111235910171818 1.0000000180025095e-35 8.1178964400585354 9.2213649572534653 7.4220747473157358 79.500000000000014 1.0000000180025095e-35 0.85517967223594293 1.5000000000000002 0.81354795087357534 8762.0000000000018 2.1383330595080281 11188.500000000002 1.5000000000000002 0.70406634886711628 0.82557117265305535 0.86639497381457864 45.500000000000007 4.5900436644025815 8.074580684388863 6223.5000000000009 0.81260137962846057 -0.70710678118654757
decision_type=2 2 2 2 2 2 2 2 2 2 2 2 2 2 2 2 2 2 2 2 2 2 2 2 2 2 2 2 2 2
left_child=1 3 12 5 -4 6 -1 -7 9 10 11 25 13 -2 15 16 17 -3 -19 -5 21 -9 -23 -24 -25 26 -6 -11 -29 -30
right_child=2 14 4 19 8 7 -8 20 -10 27 -12 -13 -14 -15 -16 -17 -18 18 -20 -21 -22 22 23 24 -26 -27 -28 28 29 -31
leaf_value=-0.0048535081273287199 0.054397312815145107 0.011187995012840126 0.0080153483671033029 -0.0003869634663894552 0.0045272676546044745 0.010171388446775518 0.001027732660622631 -0.016036632293505017 0.0216433560818576 -0.001233561402940688 -0.016750086980610191 0.0070483235469346794 -0.0017831530536465822 -0.00035400566937684254 0.0076473775505705131 0.0015392522509987631 -0.0036154121810747864 0.043301306302389292 -0.087556831630810697 -0.0067387493396541933 0.0011808597189898143 0.0098169551461445952 -0.011117832518392191 0.027901156464313678 -4.0589284184563205e-05 0.00067280239707448062 0.028254078315523009 0.012571124344648377 -0.048734793473185919 0.0069080895808298504
leaf_weight=874.91972607560456 5.2155406177043906 427.51532854372635 326.01022982597351 14924.508160516154 484.47999727725983 336.35128877591342 3590.6766404428054 40.492856121622026 38.966435937676579 4552.9889589441009 51.431497407145798 705.05416882224381 9177.4744720435701 41004.101952572819 475.10865098098293 5061.3447102443315 170.66479446040466 1.9508803132921446 3.8897630656138062 328.98713379586115 3316.3673090445809 575.83856783690862 112.08365791430697 28.628360308241099 49.17647079215385 9920.9923535143025 26.115385339595377 123.1675365450792 9.7660928741097468 19.626579861156642
leaf_count=12644 68 9266 6470 253275 9632 9122 52051 435 762 73220 879 16915 144364 691911 21063 113791 5784 32 52 4893 63218 10358 2981 718 1097 203742 418 1612 163 392
internal_value=8.70617e-06 0.000616031 -0.000268411 0.000138274 0.000784946 0.00127014 -0.000124546 0.00266691 0.000636998 0.000585497 0.00122578 0.00130879 -0.000609659 -0.000347042 0.00249719 0.00206529 0.00647315 0.0104462 -0.0438479 -0.000523959 0.00205464 0.0056489 0.00679566 -0.00236644 0.0102406 0.000920867 0.00574082 -0.000936852 0.00791811 -0.01158
internal_weight=96763.9 30318.5 66445.4 24178 16258.6 8924.53 4465.6 4458.94 15932.6 15893.6 11188.1 11136.6 50186.8 41009.3 6140.47 5665.37 604.021 433.356 5.84064 15253.5 4122.59 806.22 765.727 189.888 77.8048 10431.6 510.595 4705.55 152.56 29.3927
internal_count=1711328 560780 1150548 410792 314205 152624 64695 87929 307735 306973 231586 230707 836343 691979 149988 128925 15134 9350 84 258168 78807 15589 15154 4796 1815 213792 10050 75387 2167 555
is_linear=0
shrinkage=0.05


Tree=144
num_leaves=31
num_cat=0
split_feature=0 9 1 16 4 16 6 10 9 1 10 10 0 16 1 17 16 0 1 16 16 17 0 0 16 17 16 1 17 9
split_gain=6.21469 6.27014 5.86887 5.01636 7.06961 5.37804 4.83139 5.36537 5.63018 4.53168 6.57228 5.14935 4.82153 4.48656 4.33457 7.64554 6.87211 6.16635 5.12699 5.61199 7.57864 5.36501 4.52261 5.56391 4.35018 5.70965 5.63251 4.91488 7.64133 4.60019
threshold=44.500000000000007 6.2045557219564262 158.50000000000003 0.82001866795414602 1.5000000000000002 0.82195321906785457 -0.60355339059327384 7.3212652209669749 2.0126758453675748 7445.5000000000009 7.1651162404189188 0.0080356655800481996 105.50000000000001 0.76534125549268184 656.50000000000011 0.65720204867814613 0.82534422365416249 22.500000000000004 1790.5000000000002 0.87777679991217206 0.85794940443780132 0.64927455643692611 40.500000000000007 33.500000000000007 0.96660353535353549 0.64619791601474053 0.86861055157824218 233.50000000000003 0.64644959165753857 4.8713658868283671
decision_type=2 2 2 2 2 2 2 2 2 2 2 2 2 2 2 2 2 2 2 2 2 2 2 2 2 2 2 2 2 2
left_child=3 2 -2 -1 14 -6 -4 8 9 -8 11 12 -11 -12 24 16 -16 -18 -19 20 21 -20 23 -21 26 -26 27 28 -5 -29
right_child=1 -3 6 4 5 -7 7 -9 -10 10 13 -13 -14 -15 15 -17 17 18 19 22 -22 -23 -24 -25 25 -27 -28 29 -30 -31
leaf_value=0.00030689529262387561 0.0044123921831527883 0.0080807162335227844 -0.0007977783021613365 -0.16909409505527984 0.0099641282121358497 0.002376195214120956 0.00041898364123207991 -0.00074230497917601832 0.0040599394085129451 -0.013675978413040558 0.033313705661094734 -0.0030982667558417058 -0.060604167997407379 0.002266484916782292 -0.09875407114540985 -0.002166305758682372 -0.066107850563722648 -0.0048257125362999517 -0.067698287083112915 0.031467908507249391 -0.10007828258496076 0.001696981470784664 0.055085492212104382 -0.070754324663025378 -0.16138864922435142 -0.015489948638273196 0.012225011500258894 0.0020389493669627119 -0.016565436882301842 -0.090650729905032854
leaf_weight=18212.06864117994 669.72802662220784 226.75830519897863 28377.743431900162 0.84788665920496242 246.27258326881565 4508.2507232513744 27083.518827492371 14586.252463173587 1031.9201501314528 46.495841713156551 19.636939531192183 858.4759389157407 6.2036845227703443 28.559246199205518 2.559091977775096 395.21876135538332 5.6955800727009764 62.743586219847202 4.6639069914817863 2.4459544345736486 4.968791637569665 6.9140753298997879 2.7089920341968536 2.9206630736589432 0.6941890604794051 19.711648317985237 116.74108765390702 197.13680477603339 26.009976163972169 1.347757156472652
leaf_count=297926 10593 5229 485795 6 4709 116446 486191 244226 23704 792 182 13237 98 508 20 11799 40 554 33 20 38 51 23 25 6 583 2929 4896 626 43
internal_value=8.33261e-06 -0.000220672 -0.000246562 0.000709532 0.00201713 0.00276923 -0.000289875 4.02398e-05 0.000432827 0.000299357 -0.00307777 -0.00402956 -0.0192003 0.0149163 -0.00217336 -0.00523576 -0.0179224 -0.0156996 -0.0124134 -0.0317487 -0.0484248 -0.0262572 0.00242034 -0.0241643 0.00197339 -0.0204533 0.00331118 -0.00130673 -0.0213807 0.00140956
internal_weight=96755.2 72935.3 72708.5 23819.9 5607.85 4754.52 72038.8 43661.1 29074.8 28042.9 959.372 911.175 52.6995 48.1962 853.329 490.839 95.6206 93.0615 87.366 24.6224 16.5468 11.578 8.07561 5.36662 362.489 20.4058 342.084 225.342 26.8579 198.485
internal_count=1711328 1270555 1265326 440773 142847 121155 1254733 768938 524712 501008 14817 14127 890 690 21692 12603 804 784 744 190 122 84 68 45 9089 589 8500 5571 632 4939
is_linear=0
shrinkage=0.05


Tree=145
num_leaves=31
num_cat=0
split_feature=7 7 10 7 7 10 7 10 7 7 7 7 7 5 10 7 17 17 4 0 7 7 7 0 9 1 1 7 4 7
split_gain=7.83308 52.8886 59.4939 21.8099 29.9722 32.8888 27.0851 26.1264 18.1196 17.5868 14.5832 11.5983 35.6283 10.5243 10.4969 9.46817 8.30113 15.6688 12.0617 8.14346 8.08203 7.73258 7.40206 7.26087 7.02533 7.12258 6.97986 6.69382 6.44049 6.17346
threshold=1.0397207708399181 2.1383330595080281 0.73060162963332453 2.524928003624769 2.9174053685313028 0.58835231277292122 3.1132683346437333 2.896458352116396 3.0201273556387074 1.5890269151739729 3.2769667020129059 3.4175922930736511 3.4811217321331038 0.78656609248549325 6.4317282485479534 2.8029010331479989 0.66650849354048136 0.78191805040034468 3.5000000000000004 81.500000000000014 2.6735537653587351 1.8688348091416842 3.4811217321331038 40.500000000000007 1.0000000180025095e-35 13521.000000000002 8762.0000000000018 2.3502401828962087 1.5000000000000002 3.5972184255501678
decision_type=2 2 2 2 2 2 2 2 2 2 2 2 2 2 2 2 2 2 2 2 2 2 2 2 2 2 2 2 2 2
left_child=24 2 21 27 5 15 8 10 26 14 -8 -9 -13 -11 -4 -5 18 -18 29 -17 -7 -2 -12 -16 -1 -26 -6 -3 -19 -14
right_child=1 3 9 4 6 20 7 11 -10 13 22 12 16 -15 23 19 17 28 -20 -21 -22 -23 -24 -25 25 -27 -28 -29 -30 -31
leaf_value=-0.0011182082140291682 0.023292286551267229 0.0012697630692131028 -0.0020910216842916973 0.019707725241731602 0.0026593107978872999 0.00060532918013700681 0.012572784730990078 0.0027894692246558882 -0.0061639553473565442 0.011543607623910126 -0.0020684353384890128 -0.008653512298493973 0.0054016744816964895 -0.0022805311903616038 -0.0062032589535051851 0.0070642242987836949 -0.0024260358376793946 0.002731201098418028 0.0020960297967455971 -0.041254013173945461 0.0055607450480951951 0.00082477117156881663 0.0043879370289761971 0.008402065676519712 0.019590155597291298 -0.079958216550376424 -0.025413347807839007 -0.0031852180580446282 -0.00017167913844124295 -0.00038972590884912676
leaf_weight=15670.884969931096 497.35786105319858 964.12133405171335 1228.5382689922117 403.83665462699719 883.7265823292546 1883.5834217877127 478.34429569053464 3360.3413277133368 2838.6200524889864 755.69112525507808 550.73048966401257 1229.1541946819052 474.84955750405788 168.34478674083948 102.32477820198983 45.850631409324706 8452.5705249244347 2117.2356347804889 8989.3363048583269 10.768174760974942 1461.0426028622314 41.490811377763748 2289.2086899641436 505.38210872141644 55.716867594048381 1.8567175576463331 22.711178135126829 6721.8888103133067 19590.726529092295 14866.851835588925
leaf_count=210909 22326 15282 23710 14886 15059 32768 12989 58490 44467 15204 11686 19713 3053 3307 1886 1236 77850 82928 54976 249 27735 1397 58832 8455 1241 24 308 92144 701571 95928
internal_value=-3.31471e-05 0.000165271 0.00636559 -9.8212e-05 0.000179583 0.00449479 -6.86575e-05 0.000179215 -0.00419865 0.00339896 0.00449626 -6.32519e-05 -0.000235291 0.00902507 0.000567793 0.0170231 -4.54026e-05 -0.00059969 0.000641687 -0.00212529 0.00277002 0.0215623 0.0031359 0.00594284 -0.00105416 0.0163798 0.00195594 -0.00262639 0.000111447 -0.000210473
internal_weight=96663.1 80934.6 3299.13 77635.5 69949.5 3805.08 66144.4 62399.3 3745.06 2760.28 3318.28 59081.1 55720.7 924.036 1836.25 460.455 54491.6 30160.5 24331 56.6188 3344.63 538.849 2839.94 607.707 15728.5 57.5736 906.438 7686.01 21708 15341.7
internal_count=1710609 1498435 76285 1422150 1314724 76874 1237850 1178016 59834 52562 83507 1094509 1036019 18511 34051 16371 1016306 862349 153957 1485 60503 23723 70518 10341 212174 1265 15367 107426 784499 98981
is_linear=0
shrinkage=0.05


Tree=146
num_leaves=31
num_cat=1
split_feature=16 6 9 3 1 16 9 1 16 5 0 0 16 0 9 1 0 1 0 16 16 2 0 16 8 16 4 0 5 5
split_gain=7.88242 7.54904 6.7938 6.18079 9.5658 6.11793 7.98979 5.87952 6.89957 5.81703 5.34801 5.06814 5.40207 4.77793 5.56098 4.72848 4.68691 6.88572 4.42858 5.22171 7.17753 4.35361 4.18991 7.24611 4.18092 4.57025 4.14806 4.09931 4.08629 4.05153
threshold=0.92778075015659234 0.78656609248549303 6.2943324088824708 1.0000000180025095e-35 422.50000000000006 0.80930611173658218 1.7005986908310777 220.50000000000003 0.79684296209349126 0.98296291314453421 149.50000000000003 126.50000000000001 0.60617271857397148 100.50000000000001 1.2424533248940002 133.50000000000003 72.500000000000014 18447.000000000004 70.500000000000014 0.83543132370545947 0.81610623468164911 0 118.50000000000001 0.78912932117379742 5.8507636298606682 0.79797155113418816 4.5000000000000009 60.500000000000007 0.25881904510252091 -0.98296291314453399
decision_type=2 2 2 2 2 2 2 2 2 2 2 2 2 2 2 2 2 2 2 2 2 1 2 2 2 2 2 2 2 2
left_child=1 2 3 11 5 7 13 9 10 -5 -9 12 15 -7 -15 -1 17 -6 19 20 -8 26 -23 29 25 -10 -14 -22 -4 -24
right_child=-2 -3 28 4 16 6 18 8 24 -11 -12 -13 21 14 -16 -17 -18 -19 -20 -21 27 22 23 -25 -26 -27 -28 -29 -30 -31
leaf_value=0.030357928866582635 0.006313782729844908 0.001125062323311031 0.013688176019244911 0.0109166708691553 0.00012235700763067549 0.0078905520132891774 0.0039404881996265443 0.0014688044536704708 -0.030324103466610415 -0.029217107383174526 -0.089693995949839289 -0.0073635663021414249 -0.0008724995595735959 -0.0056778672451337376 -0.12638129574914864 -0.0088939925427759855 -0.00089104790925986625 -0.0084919055962501665 0.01430820029849999 0.001548558792991702 -0.043079052348622894 -0.0030546161074391496 -0.046604306169116053 -0.017874155994722314 -0.028698026551069622 -0.003598866089561992 0.0016712750044521113 0.0011613088314778681 -8.1531908764677539e-05 0.039797098176385416
leaf_weight=7.890371559187769 486.99807882984169 11730.348507562885 140.19498149584979 195.34778843889944 47560.133617809974 943.02087482763454 17.949949796311557 1578.1764452599455 17.234898906201124 9.4661308627109957 1.6104218633845437 318.80675837257877 11558.733527817298 48.475625782972202 0.97338926699012418 277.9205775950104 16776.620985204587 233.11852085124701 20.700839283876121 44.045669194310904 28.52892652573064 2414.7455757712014 1.464923127554363 10.541716235689817 21.170048218220472 222.71198109025136 1860.5785971153527 6.4132426576688877 87.510534245055169 18.383571553509682
leaf_count=85 16247 214443 3321 3584 875122 24785 338 28458 320 177 16 4263 172824 1058 22 3118 286284 3607 606 1565 752 36065 18 187 355 3442 27076 158 2042 271
internal_value=-3.13263e-05 -6.34632e-05 -0.000228607 -0.000251933 -4.06776e-05 0.00264722 0.00563574 0.0010255 0.000131406 0.00906176 0.00137587 -0.00112068 -0.000997442 0.00709613 -0.00805388 -0.00781037 -0.000172047 8.03397e-05 -0.00668506 -0.0111681 -0.0217579 -0.000874701 -0.00281093 0.0156273 -0.00739777 -0.00551849 -0.00051942 -0.0349592 0.00839628 0.0334202
internal_weight=96639.8 96152.8 84422.5 84194.8 67725.7 3155.83 1110.11 2045.72 1840.9 204.814 1579.79 16469.1 16150.3 992.47 49.449 285.811 64569.9 47793.3 117.639 96.9378 52.8921 15864.4 2445.14 30.3902 261.117 239.947 13419.3 34.9422 227.706 19.8485
internal_count=1710609 1694362 1479919 1474556 1230649 65636 29284 36352 32591 3761 28474 243907 239644 25865 1080 3203 1165013 878729 3419 2813 1248 236441 36541 476 4117 3762 199900 910 5363 289
cat_boundaries=0 1
cat_threshold=14
is_linear=0
shrinkage=0.05


Tree=147
num_leaves=31
num_cat=0
split_feature=8 10 7 7 7 7 10 7 7 7 10 10 7 7 10 7 7 16 7 7 10 16 7 8 16 16 16 7 10 7
split_gain=7.15245 9.28708 7.58903 7.40142 26.8939 18.5975 20.6168 13.2061 27.7786 25.0022 25.0727 21.8812 21.3868 49.973 32.3081 37.4298 18.3985 11.619 10.8991 8.63217 9.39918 9.03043 8.63828 8.21292 8.28501 8.16119 7.5837 7.06676 7.33608 7.02099
threshold=1.4978661367769956 5.1302678963166395 3.8393944990995772 3.3497501700808394 3.1984648276080736 3.4811217321331038 1.4162525511477868 3.0201273556387074 2.524928003624769 3.1132683346437333 0.14313038490420291 0.14313038490420291 2.3502401828962087 1.0397207708399181 0.73060162963332453 1.8688348091416842 2.8029010331479989 0.84829995261970514 3.5972184255501678 1.5890269151739729 6.4093551940530853 0.74872642346660323 2.1383330595080281 1.0000000180025095e-35 0.8389280719161325 0.9412002501742075 0.7005233644034452 3.6505739029280164 5.5842168749690781 3.4175922930736511
decision_type=2 2 2 2 2 2 2 2 2 2 2 2 2 2 2 2 2 2 2 2 2 2 2 2 2 2 2 2 2 2
left_child=3 2 -2 4 7 29 18 8 12 17 -11 16 13 -1 15 -15 -10 -9 -7 20 25 -21 -23 24 -14 -16 -20 28 -8 -5
right_child=1 -3 -4 5 -6 6 27 9 11 10 -12 -13 23 14 19 -17 -18 -19 26 21 -22 22 -24 -25 -26 -27 -28 -29 -30 -31
leaf_value=-0.0010854915943807658 0.0055551416947172572 0.00015430654253444933 0.001254585430321354 -0.0013793781957071004 0.007336183436128298 0.019747134989176733 -0.0026129755291304292 -0.0050132529179182555 0.019618840292944854 0.020723790672783376 -0.00013853393259014441 0.0024241357305130069 -0.0025660642391397018 0.022689125975451876 -0.0017237478832954176 -0.00014901264555513606 -0.0012455719089652488 -0.017297403432636714 0.026372125961401469 -0.0017419791487391558 0.0056605183902365963 0.011108813111074207 0.002879130264755796 0.013200394363087646 -0.0078971656960513843 -0.085146689922708199 0.0028364943503543867 -0.0019119205768115225 0.0045523139620062616 -0.0084325508183633741
leaf_weight=15656.47258500848 1379.6096044587903 43153.978014535038 4000.4077970627695 498.70452947029844 1175.91845956631 144.37134821084328 579.13751586712897 2323.897690590471 358.9050528651569 163.76786347501911 1194.1901181030553 3744.6472732811235 5794.3750937869772 487.8559624645859 1213.7018913743086 283.7540361196734 149.74326457874849 209.87872687773779 36.591384535655379 331.23177355155349 614.64402999682352 728.96646272949874 566.77726305508986 76.878001711331308 833.6339473281987 2.9388193916529408 529.71483749034815 8260.5133805666119 932.23906923970208 1206.2650161623023
leaf_count=210686 33001 801340 100560 8688 21933 3865 11053 33824 13654 4926 20630 66128 75164 22312 23414 5487 3086 5213 431 3155 10472 16520 9718 1226 15375 90 13148 140722 15093 19695
internal_value=-2.9715e-05 0.000398519 0.00235739 -0.000461815 -0.000100494 -0.0015265 -0.000738791 -0.000352246 -5.95039e-06 -0.00309687 0.00237743 0.00374588 -0.000606059 0.000217305 0.00503949 0.0142906 0.0134765 -0.00603078 0.00748363 0.00297538 0.000620798 0.00562564 0.00750903 -0.00304811 -0.00323658 -0.00192526 0.00435723 -0.00133678 0.00180668 -0.00636949
internal_weight=96633.7 48534 5380.02 48099.7 35912.2 12187.5 10482.6 34736.3 30844.5 3891.73 1357.96 4253.3 26591.2 19886.3 4229.87 771.61 508.648 2533.78 710.678 3458.26 1831.28 1626.98 1295.74 6704.89 6628.01 1216.64 566.306 9771.89 1511.38 1704.97
internal_count=1710609 934901 133561 775708 563013 212695 184312 541080 476487 64593 25556 82868 393619 301854 91168 27799 16740 39037 17444 63369 33976 29393 26238 91765 90539 23504 13579 166868 26146 28383
is_linear=0
shrinkage=0.05


Tree=148
num_leaves=31
num_cat=0
split_feature=16 6 9 17 6 7 8 6 17 16 16 1 17 7 7 7 17 17 7 7 7 7 7 17 17 8 1 16 0 7
split_gain=7.28234 6.81232 6.147 5.94943 11.4681 7.10295 10.2495 6.4924 5.70616 5.55968 5.24302 5.99076 8.99967 5.18595 4.98724 30.2451 9.88979 8.98976 9.13786 19.8096 19.3619 18.0385 11.5294 9.61076 7.48606 7.35301 7.75507 6.84102 7.04032 5.89991
threshold=0.92778075015659234 0.78656609248549303 6.2943324088824708 0.64927455643692611 -0.78656609248549325 2.6735537653587351 5.4701654074033046 -0.12940952255126037 0.81276744559496406 0.9412002501742075 0.60617271857397148 2428.5000000000005 0.79070731004043626 7.5488193449910801 1.0397207708399181 2.1383330595080281 0.78191805040034468 0.66573474303533098 2.524928003624769 3.0201273556387074 3.1132683346437333 3.4175922930736511 3.4811217321331038 0.78191805040034468 0.66706786795161321 1.0000000180025095e-35 13521.000000000002 0.69687170892281691 107.50000000000001 2.3502401828962087
decision_type=2 2 2 2 2 2 2 2 2 2 2 2 2 2 2 2 2 2 2 2 2 2 2 2 2 2 2 2 2 2
left_child=1 2 8 4 -2 9 -7 -8 10 -6 11 12 13 -1 25 16 -16 -17 29 24 -21 -22 -23 -24 -20 27 -27 28 -12 -19
right_child=3 -3 -4 -5 5 6 7 -9 -10 -11 14 -13 -14 -15 15 17 -18 18 19 20 21 22 23 -25 -26 26 -28 -29 -30 -31
leaf_value=-0.0081064008898629608 0.024237182973524885 0.0010705413332019679 0.0080082966877020548 0.0081369884538441527 -0.10625176365744221 0.0072060084354854774 -0.01702119911633046 -0.14224558374774235 0.0022920801554640511 -0.034214635144528771 -0.004770518386265795 0.0053211321646365111 0.0019796654085991448 -0.024689431460417039 0.0028509924779226512 0.00034650169961900746 0.0091314372138044438 0.00227221765388411 -0.009350365686508353 -0.0067245970135388676 0.0041663849863934795 -0.0071995619060034781 -0.0022151892899391827 -0.00014271715000784539 0.0047889415825336512 0.018543907609148234 -0.080047975443746783 -0.00096252191260552591 -0.025930874512750425 -0.0039524351597476706
leaf_weight=432.35572163015604 18.121229149401188 11722.683820541017 226.60153237124905 426.44332012208179 3.43301800638437 20.847542069852356 2.0940824523568153 2.0467166751623145 2171.2002410651185 12.185178942978382 663.11405698023736 138.93581410869956 236.55685417260975 52.915579024702311 1806.4821158051491 29056.545090558007 959.89609738718718 432.02054261649027 98.206368139013648 1360.0925706145354 1842.8356229637284 717.5056187142618 8054.3035108987242 18312.814964185236 2001.5371724446304 64.113456275314093 2.0585860842838875 12528.964290372562 41.785470005124807 3203.0476736049168
leaf_count=2731 169 214443 5363 15691 27 231 23 23 203125 83 6339 1620 5207 312 15959 182473 40977 9289 904 27228 46768 15762 74019 576737 55178 1121 22 152540 382 55863
internal_value=-2.80594e-05 -5.88995e-05 -0.000215765 0.00608227 -0.00883774 -0.0235979 -0.0070654 -0.0789172 -0.000237904 -0.050049 -0.000304888 -0.00418664 -0.00601667 -0.00991467 -0.000263712 -9.01577e-05 0.00503022 -0.000307815 -0.000835603 -0.00056881 -0.0008944 -0.00062028 -0.000945964 -0.00077579 0.00412764 -0.00114903 0.0154768 -0.00123217 -0.00602488 -0.00321265
internal_weight=96611.7 96126.6 84403.9 485.171 58.7278 40.6065 24.9883 4.1408 84177.3 15.6182 82006.1 860.764 721.828 485.271 81145.3 67845.3 2766.38 65078.9 36022.4 32387.3 30287.6 28927.5 27084.6 26367.1 2099.74 13300 66.172 13233.9 704.9 3635.07
internal_count=1710609 1694362 1479919 16247 556 387 277 46 1474556 110 1271431 9870 8250 3043 1261561 1101157 56936 1044221 861748 796596 740514 713286 666518 650756 56082 160404 1143 159261 6721 65152
is_linear=0
shrinkage=0.05


Tree=149
num_leaves=31
num_cat=1
split_feature=16 6 8 10 7 10 16 9 3 1 8 7 4 7 2 10 16 10 16 7 7 9 8 1 9 7 7 7 8 8
split_gain=6.61243 6.49894 5.31327 8.31066 7.42039 5.21766 5.75013 5.14946 5.10946 8.21652 5.87508 6.19906 5.19188 5.813 6.00871 5.10094 4.95957 5.10527 4.55394 4.53436 5.10595 4.57603 9.87474 6.38019 7.22492 5.79344 5.53669 7.26999 7.96202 4.54279
threshold=0.92778075015659234 -0.12940952255126037 3.8815106545092593 8.095881606010435 6.1366459725839873 4.617019767326525 0.88055761635375041 4.8402344967050359 1.0000000180025095e-35 298.50000000000006 0.89587973461402759 2.8029010331479989 1.5000000000000002 2.1383330595080281 0 5.5842168749690781 0.86233809420812657 8.1887372139233978 0.83589105763589855 8.6284660937658852 7.710877287670681 3.9607678160667752 5.7822843490610341 806.50000000000011 4.7405652883788738 6.9377992826203219 5.8593596889746626 5.992712987207276 5.5234569284970156 4.5695295849856103
decision_type=2 2 2 2 2 2 2 2 2 2 2 2 2 2 1 2 2 2 2 2 2 2 2 2 2 2 2 2 2 2
left_child=1 2 4 5 7 -4 19 8 10 -10 12 -12 -1 -14 16 -6 17 -15 -16 20 21 -7 23 25 -25 26 -23 -28 -29 -21
right_child=-2 -3 3 -5 15 6 -8 -9 9 -11 11 -13 13 14 18 -17 -18 -19 -20 29 -22 22 -24 24 -26 -27 27 28 -30 -31
leaf_value=-0.0057456424453252095 0.0058096228339015489 0.00044367247260643905 0.0079645163695769225 -0.0016189804255627442 0.0069620467030516373 0.0012877017195366204 0.0093884539401847059 -0.096300420555537308 0.0060559047446178474 -0.00029396899896664023 0.018347007714228602 1.5133567456872562e-05 -2.896647844488945e-05 -0.012749504116381837 -0.0017869591182016161 -0.0036103000262326605 0.014939657133792767 0.068203833308475556 -0.0088721803707117446 -0.015340001390434468 -0.0021920063719721833 0.0089724536730427882 0.0052564811156230948 -0.019471322892791888 0.012530347197145675 -0.018970540263756379 -0.21486590500396213 -0.043117053483131218 -0.17110746958357165 0.0050723928585185846
leaf_weight=983.37147788191214 482.90518979169428 38810.456641086144 279.3650293208193 3468.5661537516862 119.19576618215069 6804.5811697524041 201.47470893105492 1.4023610004223872 517.76198402629234 31716.167483245255 46.869367371313274 2869.2606877554208 2465.1899368907325 268.07399001950398 2130.6024425928481 2663.4230083203875 18.007304360158741 1.961803670041262 253.80372070753947 28.216432050801814 1453.7606040714309 2.0348774506710496 98.80010629305616 56.34382536355406 25.67369204107672 17.269280888605863 0.92836184427141955 6.4995248555205762 1.4944841517135499 801.42021367233247
leaf_count=13245 16247 700294 8091 54066 3282 129739 8265 33 10728 550714 810 45617 31980 3649 28267 46686 419 21 5480 522 29840 33 2039 1107 522 338 9 140 20 18406
internal_value=-2.65911e-05 -5.59146e-05 -0.000394286 0.000483758 -0.000658295 0.00122968 0.0010316 -0.000489802 -0.000486547 -0.000191973 -0.00153724 0.000309772 -0.00241718 -0.00178009 -0.00339542 -0.00315742 -0.0101159 -0.0121614 -0.00253052 0.000850495 0.000504854 0.00106385 -0.00622275 -0.0165104 -0.00945394 -0.0370141 -0.0654519 -0.0824255 -0.0670449 0.00437816
internal_weight=96594.9 96112 57301.5 13246.4 44055.1 9777.86 9498.5 41272.5 41271.1 32233.9 9037.14 2916.13 6121.01 5137.64 2672.45 2782.62 288.043 270.036 2384.41 9297.02 8467.39 7013.63 209.044 110.244 82.0175 28.2265 10.9572 8.92237 7.99401 829.637
internal_count=1710609 1694362 994068 253137 740931 199071 190980 690963 690930 561442 129488 46427 83061 69816 37836 49968 4089 3670 33747 182715 163787 133947 4208 2169 1629 540 202 169 160 18928
cat_boundaries=0 1
cat_threshold=16
is_linear=0
shrinkage=0.05


Tree=150
num_leaves=31
num_cat=0
split_feature=8 7 0 1 16 1 10 16 17 17 5 0 10 5 8 7 8 16 1 16 10 16 7 16 7 7 10 8 1 1
split_gain=6.56632 10.7005 8.70069 9.32354 6.92109 6.17847 5.78954 12.1238 10.6608 5.65266 5.84055 8.13262 5.52039 11.8874 6.06885 6.68303 9.08959 11.0212 5.75054 5.66369 5.42589 5.31567 5.27658 8.52973 9.22329 7.21489 6.97057 5.66731 5.72911 6.44756
threshold=4.5053345884235583 7.5488193449910801 105.50000000000001 7445.5000000000009 0.76534125549268184 256.50000000000006 8.4037503961772533 0.84448544042843798 0.65257852565643415 0.72364430882431663 0.78656609248549325 65.500000000000014 6.9040610827500055 0.37940952255126054 1.7005986908310777 5.4827179284163234 3.3140206880897671 0.80888836419351062 1265.5000000000002 0.75532837185646529 4.508883231672506 0.87226800063066301 4.6491756246494491 0.86411256026364247 4.6101453514146771 2.6735537653587351 4.1920641472587095 6.3216667670889342 1193.5000000000002 1287.5000000000002
decision_type=2 2 2 2 2 2 2 2 2 2 2 2 2 2 2 2 2 2 2 2 2 2 2 2 2 2 2 2 2 2
left_child=1 2 3 12 -5 -2 -3 -8 -9 10 -6 -12 14 -14 -1 18 19 -18 -16 -17 -13 -10 23 25 -25 -7 -24 28 -27 -30
right_child=5 6 -4 4 9 22 7 8 21 -11 11 20 13 -15 15 16 17 -19 -20 -21 -22 -23 26 24 -26 27 -28 -29 29 -31
leaf_value=9.205764529419372e-05 0.0076658553855593076 -0.0041682760083920556 -0.0022754159892785452 0.00054981813066065795 -0.0065787523398228576 0.017172640563089033 -0.013677730765864985 -0.24259605564027376 -0.11278118187364723 -0.0023118347371570884 -0.0077377144690484864 -0.059473525555328692 0.00028080282453391209 -0.0021036735240838513 0.0031939655743046477 0.0020964004627711196 -0.0012020675342117924 0.0066788621036021015 0.00076152779541398697 -0.0058221425569711478 -0.02305719909179851 0.0089875218093726939 0.012709767073276527 -0.030506597164046197 -0.17979747672573904 0.002697240819893218 0.00084129691511608106 -0.033258595031488626 -0.044993790255337909 -0.007470944504882975
leaf_weight=35609.209923462709 332.78772263973951 1136.0065608429722 4343.6522862955462 784.96751403994858 543.059336386621 39.161199283786118 43.590589414350688 1.0076006352901448 2.0207594046369199 733.0005048760213 64.326475940644741 15.408628605306147 15928.095871857833 7779.8874989850447 4991.3827513868455 295.69981171190739 1294.1980014690198 674.99444862664677 4734.4891555379145 955.44351586466655 30.426802039146423 1.6105570225045083 124.69678663345985 13.91150705469772 1.1176884006708849 171.15714305639267 15697.288522205781 17.366669792681932 12.179321729112415 190.75727121718228
leaf_count=600129 6750 21026 67160 7803 3477 868 382 10 41 21111 420 96 259768 125048 109540 3296 25427 19509 96317 24523 194 28 3998 583 43 3153 305445 338 234 3560
internal_value=1.6753e-05 -0.00017111 -0.000100194 2.67413e-05 -0.00320163 0.000921671 -0.00488862 -0.0218557 -0.0987016 -0.00532594 -0.00870816 -0.0192054 0.000123739 -0.000501674 0.000429108 0.00135618 -0.000618054 0.00149934 0.00200987 -0.00395065 -0.0352994 -0.0587745 0.000783705 -0.00458188 -0.041609 -0.00328959 0.000934835 -0.00533661 -0.00404037 -0.00972289
internal_weight=96562.9 79962.5 78778.2 74434.6 2171.19 16600.4 1184.24 48.2295 4.63892 1386.22 653.221 110.162 72263.4 23708 48555.4 12946.2 3220.34 1969.19 9725.87 1251.14 45.8354 3.63132 16267.6 445.651 15.0292 430.622 15822 391.46 374.094 202.937
internal_count=1710277 1385305 1363818 1296658 33101 324972 21487 461 79 25298 4187 710 1263557 384816 878741 278612 72755 44936 205857 27819 290 69 318222 8779 626 8153 309443 7285 6947 3794
is_linear=0
shrinkage=0.05


Tree=151
num_leaves=31
num_cat=0
split_feature=8 7 8 7 8 7 7 7 7 10 7 7 10 7 7 7 10 7 8 1 16 10 7 4 1 10 10 16 17 0
split_gain=5.92933 9.99025 8.08084 11.3174 27.5439 11.8259 11.6184 19.3115 14.9263 23.2134 18.661 29.2691 31.551 35.8512 16.7005 12.0129 17.7493 13.267 9.98025 9.85337 8.68846 8.55161 10.468 8.51239 9.66672 8.30856 8.28598 8.05072 7.0675 7.00017
threshold=4.5053345884235583 6.3359399913222516 2.1383330595080281 3.7012257604091228 1.0000000180025095e-35 3.7494348669884658 3.0201273556387074 3.1132683346437333 2.524928003624769 0.081509403981921358 2.3502401828962087 1.0397207708399181 0.14313038490420291 1.5890269151739729 2.6735537653587351 3.3497501700808394 0.14313038490420291 3.4811217321331038 1.0000000180025095e-35 318.50000000000006 0.86002122308110285 6.4317282485479534 1.5890269151739729 2.5000000000000004 670.50000000000011 5.7070038385092419 0.019886087638216744 0.60617271857397148 0.64721689366924384 20.500000000000004
decision_type=2 2 2 2 2 2 2 2 2 2 2 2 2 2 2 2 2 2 2 2 2 2 2 2 2 2 2 2 2 2
left_child=1 2 3 4 6 -5 8 -8 10 14 11 28 13 -13 -10 16 -9 -17 25 -14 -12 22 -21 27 -25 -7 -19 -6 29 -1
right_child=-2 -3 -4 5 23 18 7 15 9 -11 20 12 19 -15 -16 17 -18 26 -20 21 -22 -23 -24 24 -26 -27 -28 -29 -30 -31
leaf_value=-0.043973771388397344 0.00087610931138765082 -0.0020871657622011266 0.00088827301163737615 -0.0074438538774051974 -0.020589381200751603 0.0055081730158577195 -0.0067206467274567722 0.021012516626240676 0.021081790082800488 0.00148685974561104 -0.002319477134082554 0.024152607518451261 0.010611629077755053 0.00088964783968771598 -0.00039721995874252188 -0.0067259596380901919 0.001462071549415243 0.022174808011963199 -0.0019195303967372375 -0.0037464023255375368 -0.0097246597423380314 0.005007039232871012 0.0032293889234071859 0.0062059518457167851 0.00051256771883707191 -0.00047283418455801546 0.00060859896562660734 0.005822605587539836 -0.00042079813221770142 -0.0041131740536233625
leaf_weight=11.12236664444208 16593.326496556168 6217.9766772561707 18998.378422202542 806.94686451926827 29.221455282531679 882.00781301548705 1869.1005506687798 129.28157702437602 279.89701187354513 2941.9704365180805 6191.854605271481 376.33568074950017 309.22320990916342 295.79645063751377 133.74052979005501 1005.3780524167232 1138.0820428356528 47.286375103518367 9915.3888230503071 1163.6618025575299 423.17726508481428 1033.0895386314951 999.9148661068175 950.68577250931412 3455.2493712396827 1699.4633424594067 766.44683024473488 2280.635868832469 14476.95634379657 1134.6941736685112
leaf_count=60 324972 115149 366818 13961 305 17119 28234 3702 10892 50557 81856 18200 5596 6992 3095 16004 18893 1193 182454 22896 8587 16831 19442 17886 63463 26002 12613 45955 204352 6198
internal_value=1.5987e-05 -0.000162499 -2.16555e-07 -0.000308544 9.87694e-05 -0.00157737 -0.000468087 -0.00270971 -9.49597e-05 0.00304621 -0.000493984 0.000274137 0.00399143 0.0139149 0.014137 -0.000280779 0.00345638 -0.00288443 -0.00119856 0.00208896 -0.0027932 0.00126453 -0.000522483 0.00302996 0.00174105 0.00157069 0.00186182 0.00548847 -0.000719985 -0.0045001
internal_weight=96556.3 79963 73745 54746.6 41442.8 13303.8 34727 4955.58 29771.4 3355.61 26415.8 19800.8 4178.02 672.132 413.638 3086.47 1267.36 1819.11 12496.9 3505.89 6615.03 3196.67 2163.58 6715.79 4405.94 2581.47 813.733 2309.86 15622.8 1145.82
internal_count=1710277 1385305 1270156 903338 663802 239536 536193 80639 455554 64544 391010 300567 89957 25192 13987 52405 22595 29810 225575 64765 90443 59169 42338 127609 81349 43121 13806 46260 210610 6258
is_linear=0
shrinkage=0.05


Tree=152
num_leaves=31
num_cat=0
split_feature=0 1 4 17 8 7 10 7 7 10 7 7 7 7 7 17 7 0 7 8 7 1 7 1 17 17 7 7 8 4
split_gain=5.74757 6.02027 8.81317 6.08253 5.69019 8.85558 8.11101 9.57141 16.2826 7.43542 6.64292 13.7657 14.4227 8.96925 9.56128 8.90132 7.65793 7.44326 6.46878 10.1526 6.39074 7.40864 6.05769 6.52023 6.19865 5.99565 5.70367 5.95313 5.7304 5.68565
threshold=94.500000000000014 389.50000000000006 4.5000000000000009 0.79024133761996584 1.4978661367769956 1.0397207708399181 0.022502003570911078 2.524928003624769 2.6735537653587351 5.1302678963166395 3.0201273556387074 3.1132683346437333 3.3497501700808394 3.4811217321331038 3.7012257604091228 0.69057772757248759 2.6735537653587351 90.500000000000014 3.7494348669884658 1.0000000180025095e-35 3.1984648276080736 4354.5000000000009 4.0689902272260703 18447.000000000004 0.69057772757248759 0.66573474303533098 3.1132683346437333 3.1984648276080736 1.0000000180025095e-35 1.5000000000000002
decision_type=2 2 2 2 2 2 2 2 2 2 2 2 2 2 2 2 2 2 2 2 2 2 2 2 2 2 2 2 2 2
left_child=1 2 3 29 6 -6 7 -3 -9 22 15 -12 20 -14 -15 17 -17 25 -16 -20 21 -13 -7 -24 -25 -8 28 -28 -10 -1
right_child=-2 4 -4 -5 5 9 10 8 26 -11 11 12 13 14 18 16 -18 -19 19 -21 -22 -23 23 24 -26 -27 27 -29 -30 -31
leaf_value=-0.0031793563780595441 -0.0012098929131220595 0.00023041505396927109 0.0062104006268988571 0.0028041097556868819 0.019797651187873376 0.00480656934238562 -0.00047789174162103778 0.019095827162467653 -0.0043120518613688624 0.00014077078290179363 -0.0058961522396760117 -0.0012517674249095446 -0.0058094137567917883 0.0022347695934086427 -0.0076337266122444934 0.00058972274599313965 0.0060591710995380882 -0.010503559686081338 0.0012324624418120985 -0.0030508552460721335 0.0059157528764924687 0.013174569045359753 0.0011314880643779781 -0.062777397811991251 -0.00042767554713885655 -0.004228075289718229 0.017302571483147722 0.0037439976765237196 0.0091490463289376628 0.00075483591368826028
leaf_weight=1181.1378826070577 8708.3084121493157 6400.6529110264964 851.42387816938572 2673.0266037273686 58.779564044438303 1563.9506759953219 7690.2447573579848 176.46354263206013 368.59868555213325 36686.135041894857 1671.6521940417588 911.7910035692621 1236.4530236986466 1595.3889882885851 484.79399856226519 7068.2211046922021 703.69105231016874 210.78947055153549 2063.9514720141888 4195.819526030682 920.38116083107889 98.621031994465739 2939.254530123435 7.8019505068659774 8.1508155367337149 1237.260787807405 96.681199121754616 497.78910381044261 100.64976832107641 4127.6709060175344
leaf_count=8550 141182 108107 13961 99254 1259 37604 45234 7364 6840 685907 25104 16502 20043 28250 7924 174875 22150 1272 33876 74341 16896 1525 75181 53 262 9736 3147 12236 2459 29183
internal_value=1.53329e-05 0.000136817 0.00137476 0.00085894 -1.61163e-06 0.000404171 -0.000445404 0.00100938 0.00502967 0.000376506 -0.000814833 -0.00165638 -0.00104047 -0.0018353 -0.00124612 -0.000158975 0.00108494 -0.0012169 -0.0020695 -0.00163857 0.00290175 0.000156312 0.00229018 0.000958464 -0.0309208 -0.000997629 0.00269619 0.00594909 -0.00142476 -0.000120468
internal_weight=96535.5 87827.2 8833.26 7981.84 78994 41264.1 37729.9 7640.84 1240.18 41205.3 30089.1 13178.9 11507.2 9576.41 8339.95 16910.2 7771.91 9138.3 6744.56 6259.77 1930.79 1010.41 4519.16 2955.21 15.9528 8927.51 1063.72 594.47 469.248 5308.81
internal_count=1710277 1569095 150948 136987 1418147 800266 617881 140153 32046 799007 477728 224461 199357 164434 144391 253267 197025 56242 116141 108217 34923 18027 113100 75496 315 54970 24682 15383 9299 37733
is_linear=0
shrinkage=0.05


Tree=153
num_leaves=31
num_cat=0
split_feature=8 7 0 8 7 7 16 8 8 16 17 7 0 17 16 8 16 17 7 7 8 0 0 7 8 17 17 17 7 8
split_gain=5.25865 9.2392 7.36038 5.84489 6.98468 7.33269 5.54207 6.10893 5.07 5.03235 6.42982 7.35205 5.26276 5.22686 4.88528 4.63762 4.66512 4.52178 5.77955 11.1421 4.4533 5.02543 4.2779 4.26242 5.23664 4.21476 5.32895 10.3745 8.99752 9.8766
threshold=4.5053345884235583 7.5488193449910801 105.50000000000001 4.5900436644025815 4.6491756246494491 2.6735537653587351 0.77801758033059409 2.249904835165133 1.2424533248940002 0.86233809420812657 0.64947002063415427 4.6101453514146771 133.50000000000003 0.73118974531857261 0.85794940443780132 7.5657931483356977 0.76031047465747836 0.64552233679973303 7.710877287670681 6.7268325636048019 6.869533931231917 88.500000000000014 147.50000000000003 7.8937586058704321 3.9981586158983733 0.79024133761996584 0.65732326985283174 0.65850104367233386 8.4480574296156323 3.0201273556387074
decision_type=2 2 2 2 2 2 2 2 2 2 2 2 2 2 2 2 2 2 2 2 2 2 2 2 2 2 2 2 2 2
left_child=1 2 -1 -2 5 15 8 -8 -3 12 -11 -12 20 -13 -6 -5 -17 18 19 -16 -7 -22 -19 -10 -25 26 28 -28 29 -9
right_child=3 6 -4 4 14 9 7 25 23 10 11 13 -14 -15 17 16 -18 22 -20 -21 21 -23 -24 24 -26 -27 27 -29 -30 -31
leaf_value=2.9375936675764738e-05 0.005408576943325946 0.032370861877336815 -0.0020873427396946808 0.020957055328649003 0.00057811417520231448 -0.0055489089780543753 0.0096937762606978933 -0.045094366751271653 -0.0068538045392111425 -0.13940956545184022 -0.014397124375591703 -0.28621595076108702 -0.068238717475031477 -0.064955620033616823 0.018614337250008019 -0.096982735356969704 0.0030783165893913294 0.0047913389162440442 0.011206732727113113 -0.13346320670822889 -0.025446161654518282 -0.13976474078063791 -0.086907238854487187 0.0078092940184034667 -0.0044930522276921498 -0.0043918802611965782 -0.060614585891957007 -0.015425443433392319 -0.027791207509766044 0.0076043473802569275
leaf_weight=74403.811064885231 667.48568644933403 11.069194925948976 4346.8328336805571 35.147674286272377 14579.764439860359 343.13820889219642 45.099616402992979 9.9105824902653676 243.4255687315017 1.3876560665667046 11.775491316337137 0.42492973059415706 3.4605888468213371 0.71778462873771787 2.1226292923092824 1.7153217028826464 3.6298468033783138 920.23355615837499 4.4078567028045654 2.7842238247394562 4.4208196531981221 1.2284925798885522 1.2736370437778521 176.52846050076187 169.61023304611444 233.49266444379464 13.76526629924774 164.28088342770934 33.830027997493744 86.416597776114941
leaf_count=1296658 12648 204 67160 822 270398 6411 749 67 4157 16 535 5 63 37 24 19 84 33706 47 28 79 14 36 2919 2800 8137 86 1536 238 594
internal_value=1.46343e-05 -0.000153468 -8.74615e-05 0.000824865 0.000632653 -0.00583275 -0.00453104 -0.00798696 -0.00115474 -0.00806324 -0.0371338 -0.0261475 -0.0068826 -0.147233 0.000802326 0.0143583 -0.0290323 0.00431423 -0.030348 -0.0676768 -0.00627384 -0.0503057 0.0046646 -0.00178419 0.00178106 -0.009459 -0.0132978 -0.0189191 -0.00560819 0.00218246
internal_weight=96523.2 79938.1 78750.6 16585.1 15917.6 407.047 1187.43 586.796 600.633 366.554 14.3059 12.9182 352.248 1.14271 15510.6 40.4928 5.34517 930.822 9.31471 4.90685 348.788 5.64931 921.507 589.564 346.139 541.696 308.203 178.046 130.157 96.3272
internal_count=1710277 1385305 1363818 324972 312324 8085 21487 11407 10080 7160 593 577 6567 42 304239 925 103 33841 99 52 6504 93 33742 9876 5719 10658 2521 1622 899 661
is_linear=0
shrinkage=0.05


Tree=154
num_leaves=31
num_cat=0
split_feature=17 4 8 7 0 8 7 7 10 16 4 10 16 17 0 8 6 16 17 17 7 7 17 16 0 0 16 0 0 17
split_gain=4.80025 5.01026 4.69211 8.55593 6.45982 5.36286 6.22661 6.67418 6.27024 4.74433 5.30319 6.38794 9.23174 5.14966 8.30766 8.83573 6.22403 5.96135 7.54263 6.40189 5.53578 4.72539 5.23044 9.83314 5.1953 5.64727 4.70302 4.94041 4.69084 6.79211
threshold=0.81276744559496406 3.5000000000000004 4.5053345884235583 8.1637985654617218 105.50000000000001 4.5900436644025815 4.6491756246494491 2.6735537653587351 4.1920641472587095 0.80729070885896803 3.5000000000000004 7.23055176713821 0.74461886588509996 0.65947605478848759 92.500000000000014 8.1260746660832073 0.78656609248549303 0.64766222937444862 0.65257852565643415 0.64871561802065936 8.8235743385912446 6.0075831725221649 0.64856198614102312 0.67579385809283876 53.500000000000007 28.500000000000004 0.69687170892281691 148.50000000000003 57.500000000000007 0.64644959165753857
decision_type=2 2 2 2 2 2 2 2 2 2 2 2 2 2 2 2 2 2 2 2 2 2 2 2 2 2 2 2 2 2
left_child=2 -2 3 4 -1 -4 7 -7 -8 10 11 12 -10 14 15 17 -17 18 -12 -19 -16 24 23 -23 25 -13 -24 -28 -11 -30
right_child=1 -3 5 -5 -6 6 8 -9 9 28 13 21 -14 -15 20 16 -18 19 -20 -21 -22 22 26 -25 -26 -27 27 -29 29 -31
leaf_value=-5.4318648719094939e-05 0.0038644273100138238 -0.00076757654293137711 0.0051930151709857833 -0.0071458235237208054 -0.0020529095482318747 0.014009157487216751 0.012646316720021429 -0.0077831465363545384 0.0099010679342676142 0.0036393929678292382 0.03656988147322681 0.02309287570247678 -0.00021259883377576584 0.00016266646376298418 0.018619685410300152 0.031471775520770788 -0.031498070246092302 -0.0038345364975016245 -0.01844466051139626 0.003884022038474873 -0.0032035187322657661 -0.016363068126531571 0.0026427995256983611 0.0050284014416856725 -0.0020233574323172162 -0.017944562399795267 -0.0023582527411211245 -0.067959647569722212 -0.013858803053516248 0.00091572375835615111
leaf_weight=73188.732437937055 1595.2345888698474 920.76335767004639 647.05020547611639 441.3947245804593 4279.4897379158065 38.966169977560639 109.21680449857377 357.2834560428746 311.45086304564029 2192.1714594704099 24.594747588038445 9.0022750557400268 818.89410077687353 2641.1833753017709 139.29795263707638 37.823985241353512 4.3784074932336798 423.4393558204174 8.3439496010541898 734.86257895082235 36.719044826924801 59.227044105529785 523.2941958932206 577.96112344413996 179.35793502861634 121.93916919594631 3877.1816079658456 2.8720928616821757 80.726998493075371 2137.2800535350107
leaf_count=1131923 153017 83629 10771 6677 59310 774 3021 6076 3486 55741 124 99 15051 48490 761 227 26 2365 43 4183 210 297 5655 3250 2221 1476 57980 30 684 52680
internal_value=1.39658e-05 0.00216928 -4.37207e-05 -0.000204276 -0.000164725 0.000733487 0.00054669 -0.00564015 0.000709569 0.000622319 4.57794e-05 -0.000841217 0.00257408 0.00146501 0.00390546 0.00245535 0.0249388 0.00165882 0.0226337 0.00106236 0.0140671 -0.00156269 -0.00119402 0.00304005 -0.00755129 -0.0151232 -0.00180672 -0.00240681 0.00199914 0.000377987
internal_weight=96520.1 2516 94004.1 77909.6 77468.2 16094.5 15447.5 396.25 15051.2 14942 10531.8 6481.18 1130.34 4050.64 1409.46 1233.44 42.2024 1191.24 32.9387 1158.3 176.017 5350.84 5040.54 637.188 310.299 130.941 4403.35 3880.05 4410.18 2218.01
internal_count=1710277 236646 1473631 1197910 1191233 275721 264950 6850 258100 255079 145974 89545 18537 56429 7939 6968 253 6715 167 6548 971 71008 67212 3547 3796 1575 63665 58010 109105 53364
is_linear=0
shrinkage=0.05


Tree=155
num_leaves=31
num_cat=0
split_feature=1 4 17 7 10 6 10 17 4 6 10 7 10 7 17 6 0 0 16 0 4 17 16 9 7 7 1 1 7 10
split_gain=7.53511 9.23691 8.39224 7.59615 8.2714 7.48039 7.33679 8.18527 6.63225 7.00458 6.06084 5.81173 5.79231 6.08079 5.55496 5.39934 6.01534 5.4723 5.0319 6.14414 5.80261 8.60696 7.17079 6.87277 7.11433 7.36044 7.66258 6.49541 5.87033 5.00678
threshold=430.50000000000006 4.5000000000000009 0.78999681022789259 1.0397207708399181 0.013431555789173955 0.78656609248549303 0.0080356655800481996 0.65482602348022312 1.5000000000000002 -0.60355339059327384 0.014662886873677681 11.226501042751813 7.8713931138502788 9.9430677726003402 0.76318956511694935 -0.5 118.50000000000001 113.50000000000001 0.82662244037511168 17.500000000000004 1.5000000000000002 0.64619791601474053 0.92778075015659234 3.0201273556387074 7.3929553077427315 7.8937586058704321 256.50000000000006 267.50000000000006 5.7349567871884704 0.081509403981921358
decision_type=2 2 2 2 2 2 2 2 2 2 2 2 2 2 2 2 2 2 2 2 2 2 2 2 2 2 2 2 2 2
left_child=1 2 3 8 6 12 -5 -8 9 -1 -6 18 13 -2 -3 -10 17 29 19 -12 21 27 -22 24 28 26 -26 -20 -23 -17
right_child=5 14 -4 4 10 -7 7 -9 15 -11 11 -13 -14 -15 -16 16 -18 -19 20 -21 22 23 -24 -25 25 -27 -28 -29 -30 -31
leaf_value=-0.015523879411127482 -0.0001746722324068656 0.0080908429741027733 0.0026695103241155291 0.0049382274788423632 -0.048614325418526241 0.0010639272900850533 0.046872276436145083 0.0086484509031371608 0.0022162067952378513 -0.0032979831525394177 0.042995873176255146 0.052117775679278368 -0.0013219374369125726 0.014449175761354084 0.00097236563336635426 -0.008384696749494918 -0.028953460978312241 0.047351394522303407 -0.10432503630418842 0.00079771816157083071 -0.0020380180763922427 -0.012427933386756705 0.032225214868817104 0.038694460729644137 -0.026150926397064497 -0.019995545662861464 -0.15450926973012535 -0.022308276747538765 0.012536447640684012 3.5808679644643902e-05
leaf_weight=190.68512720987201 61396.174689072184 724.47755187377334 3567.7798497225158 247.2211682246998 6.3567366842180482 10526.910410826094 24.230504246428609 33.190390167757869 615.13681915029883 303.81710064038634 8.6451025828719121 5.3926612399518481 12931.925261513796 71.167217836715281 440.81569672492333 315.61644940450788 23.599657576531172 5.2932103797793379 4.1518957614898664 3923.9852977320552 535.20844437554479 121.22859445214272 15.718878906220196 7.3118140101432791 2.1457241475582114 10.205958329141138 2.5379068031907082 5.7672556489706039 29.22533768415451 400.59136876184493
leaf_count=1201 1107443 4717 130834 2156 56 194384 194 315 3870 1919 55 42 208501 2110 14333 2011 146 31 35 25189 6039 1235 219 81 21 115 27 51 306 2435
internal_value=-2.05017e-05 0.00117653 0.000703756 -0.000322002 0.000694814 -0.000183586 0.00867779 0.0247782 -0.00305355 -0.00801241 0.000174932 0.000241321 -0.000360099 -0.000157741 0.00539801 -0.0012508 -0.00411307 -0.00330057 0.000181368 0.000890482 -0.00362051 -0.0113457 -0.00106043 -0.0087436 -0.0108414 -0.0438102 -0.0957041 -0.0566383 -0.00757866 -0.00367492
internal_weight=96496.5 11570.3 10405 6837.26 4982.52 84926.2 304.642 57.4209 1854.74 494.502 4677.88 4671.52 74399.3 61467.3 1165.29 1360.24 745.101 721.501 4666.13 3932.63 733.502 182.574 550.927 172.655 165.344 14.8896 4.68363 9.91915 150.454 716.208
internal_count=1710071 197633 178583 47749 36136 1512438 2665 509 11613 3120 33471 33415 1318054 1109553 19050 8493 4623 4477 33373 25244 8129 1871 6258 1785 1704 163 48 86 1541 4446
is_linear=0
shrinkage=0.05


Tree=156
num_leaves=31
num_cat=1
split_feature=10 8 7 17 5 2 7 10 7 17 8 17 0 0 17 10 10 16 16 3 9 8 17 0 17 17 17 10 9 7
split_gain=5.25066 11.3812 7.27565 8.00223 7.03147 6.84019 7.05691 6.68534 8.79797 8.91406 6.94689 6.50201 5.99203 6.38773 5.98142 5.8333 5.51168 6.33162 5.26848 5.93399 5.24151 5.20276 9.60819 5.35505 4.85901 4.82136 6.30596 5.60803 4.80067 5.84209
threshold=7.5272535113028427 3.8815106545092593 8.9997427593548593 0.66650849354048136 0.60355339059327384 0 6.1685636116899003 6.9770641725115619 6.187236373491543 0.64847379174494335 2.740319461670996 0.66706786795161321 118.50000000000001 112.50000000000001 0.81225086885273801 5.517698183068191 5.7070038385092419 0.63151168872206365 0.78808961172201986 1.0000000180025095e-35 1.0000000180025095e-35 5.6472105679022233 0.65766009501192657 52.500000000000007 0.74546069913024915 0.64847379174494335 0.64644959165753857 7.0824830468531319 2.9700856263602158 5.8333466071730617
decision_type=2 2 2 2 2 1 2 2 2 2 2 2 2 2 2 2 2 2 2 2 2 2 2 2 2 2 2 2 2 2
left_child=1 5 15 -4 -2 12 -7 8 9 -8 -10 -5 13 14 18 20 24 -18 -1 -20 21 -3 23 -23 -12 26 -9 -28 -21 -30
right_child=4 2 3 11 -6 6 7 25 10 -11 16 -13 -14 -15 -16 -17 17 -19 19 28 -22 22 -24 -25 -26 -27 27 -29 29 -31
leaf_value=-0.00017838972068295045 -0.0001629265167898418 0.0023440789621727246 0.026635535474485463 -0.092954051876322927 -0.0020791794966191312 -0.00033951786780929172 -0.15101559279868104 -0.0026912921903244416 0.0099354357301387683 -0.022198810550269062 0.020528407712531706 0.0052498466508915168 -0.0040345399192554046 0.0095496095857374591 0.0052837713380061851 0.0012293638538027748 -0.074441689299239819 -0.0051869174198837815 -0.00020400333113852442 0.0022454762996664177 0.0082658257181584104 -0.12404025828466739 -0.0028898247527088926 -0.028566265680544708 -0.0027156096729444271 -0.0070952192605326916 -0.096642063678876497 -0.030754796245424893 -0.098711905454169357 -0.011909233517126024
leaf_weight=12404.404976986814 19944.264501522295 415.41232601762749 61.771697271615267 1.7170139290392388 6299.1681298208423 35784.146499069175 1.4214379489421869 19.376260422170162 146.09174701618031 24.332009844947606 42.0186324454844 91.849779203068465 675.74370585032739 203.97515556449071 681.05484846862964 7060.9700732165948 3.3358077481389037 310.17668305477127 4066.2525150286965 7083.2638523268979 602.38839774392545 2.9997200816869762 16.57538932794705 2.8776184841990471 48.360698709264398 463.06515222974122 3.7882398888468769 21.899932444095612 2.4214909637812516 9.7160672335885447
leaf_count=149187 334065 11364 510 18 104058 616994 10 116 3122 624 348 3842 10356 3413 66536 150116 38 6536 66576 152221 17363 23 633 22 2103 9394 22 126 60 275
internal_value=-1.94305e-05 0.000205997 0.00194987 0.0126686 -0.000622882 -2.62541e-05 -0.000459784 -0.00443466 -0.000745571 -0.0293087 0.000591923 0.00344774 0.000609795 0.000738398 0.000664275 0.00174434 -0.00278772 -0.0059238 0.000530772 0.00131889 0.00523988 0.00107698 -0.0223665 -0.077295 0.00809086 -0.00861459 -0.0242271 -0.0404712 0.00219164 -0.0292267
internal_weight=96494.8 70251.4 8256.56 155.338 26243.4 61994.8 36868 1083.87 575.737 25.7534 549.984 93.5668 25126.8 24451.1 24247.1 8101.22 403.892 313.512 23566.1 11161.7 1040.25 437.865 22.4527 5.87734 90.3793 508.13 45.0644 25.6882 7095.4 12.1376
internal_count=1710071 1271948 183891 4370 438123 1088057 639433 22439 12781 634 12147 3860 448624 438268 434855 179521 9025 6574 368319 219132 29405 12042 678 45 2451 9658 264 148 152556 335
cat_boundaries=0 1
cat_threshold=12
is_linear=0
shrinkage=0.05


Tree=157
num_leaves=31
num_cat=0
split_feature=1 4 6 6 0 10 1 8 16 10 8 8 0 16 0 16 8 9 6 4 5 0 16 1 16 9 9 8 1 0
split_gain=6.6976 8.36108 6.6929 5.50452 6.56581 4.91595 8.51307 4.83519 6.99875 5.79617 4.60008 5.02514 4.99296 4.45501 4.3279 6.18984 6.22206 5.48494 4.33724 5.08686 4.16072 4.15731 4.15549 4.00678 5.46345 4.92333 4.34215 3.99657 3.95133 3.8559
threshold=430.50000000000006 4.5000000000000009 0.78656609248549303 0.91597561503675351 104.50000000000001 8.1516019702766869 3356.5000000000005 3.860674306308975 0.77913418258995193 5.7337176977867523 9.2213649572534653 7.4977615469851502 25.500000000000004 0.64766222937444862 50.500000000000007 0.65926078882424599 5.9255909116924723 4.1026092131977068 1.0000000180025095e-35 1.5000000000000002 -0.70710678118654735 24.500000000000004 0.80222380880663502 3184.5000000000005 0.75627007412817815 2.3502401828962087 3.2384861814448418 2.0126758453675748 6958.5000000000009 16.500000000000004
decision_type=2 2 2 2 2 2 2 2 2 2 2 2 2 2 2 2 2 2 2 2 2 2 2 2 2 2 2 2 2 2
left_child=1 3 5 10 -5 7 27 13 -9 22 11 12 -1 20 17 16 -16 18 19 -8 -2 -22 -10 25 -25 -15 28 -7 -26 -4
right_child=2 -3 29 4 -6 6 14 8 9 -11 -12 -13 -14 23 15 -17 -18 -19 -20 -21 21 -23 -24 24 26 -27 -28 -29 -30 -31
leaf_value=0.0071464336508815429 0.001098784814880434 0.0051292294887607609 0.031907426000254924 -0.0028196370431434552 -0.02857418507757974 -0.007966544041504155 -0.034660012744360778 -0.00054774701970441303 0.012033484194891577 0.0012344876599710711 -0.05480313848780758 0.012423134303948116 0.00065570154449770838 -0.00014737289399245732 -0.050802603121887772 0.0022935136389606852 0.013439321446529033 -0.017138675856758462 0.027579275685713684 0.011145830103240054 -0.03201691060884073 -0.0051941623138231537 0.0034301118332956369 0.00075695720243812263 -0.0014441174607347214 -0.0065293628148155591 0.031827635209133807 -0.0022062809869018082 -0.0043179565526522612 0.00097861050038612575
leaf_weight=305.96585861453786 319.96623364835978 1164.0433442399371 10.086864377371965 601.61612240574323 25.808467810973525 325.57958143670112 6.4511847216635934 6916.6268338100053 207.36548273684457 6654.8348254496232 3.6979987672530106 94.897893353831023 9365.1134873160627 45081.757294859737 10.969046304002406 425.6778581594117 5.7421787157654753 16.019332924392074 40.590966023504734 100.22387980204076 14.741643361747263 720.21909986250103 434.32324052974582 2271.9405175549909 4952.5941787788179 304.2340951859951 9.4229724113829416 4008.6390709495172 1576.9029160328209 10511.494232034776
leaf_count=5376 3542 19050 194 10802 416 3698 101 131114 4017 142519 55 2017 159917 797982 87 5703 67 257 561 1326 164 7873 13744 22248 89041 5863 198 60814 27135 194190
internal_value=-1.84027e-05 0.00111065 -0.000172102 0.000660738 -0.00387902 -0.000339018 -0.00186306 -0.000230638 0.000591836 0.00167209 0.000952289 0.000973401 0.00086105 -0.000442213 0.00368946 0.00112167 -0.0287283 0.0106464 0.0136688 0.00837572 -0.00366029 -0.00573217 0.00621034 -0.000379574 -0.00135531 -0.000190153 -0.00208922 -0.00263898 -0.00213816 0.00100826
internal_weight=96487.5 11561.1 84926.4 10397.1 627.425 74404.8 4939.89 69464.9 14213.2 7296.52 9769.68 9765.98 9671.08 55251.8 605.674 442.389 16.7112 163.285 147.266 106.675 1054.93 734.961 641.689 54196.9 8810.86 45386 6538.92 4334.22 6529.5 10521.6
internal_count=1710071 197633 1512438 178583 11218 1318054 72614 1245440 291394 160280 167365 167310 165293 954046 8102 5857 154 2245 1988 1427 11579 8037 17761 942467 138622 803845 116374 64512 116176 194384
is_linear=0
shrinkage=0.05


Tree=158
num_leaves=31
num_cat=0
split_feature=17 9 16 4 8 9 4 3 0 7 5 4 8 17 3 16 4 16 0 4 0 7 8 9 4 17 17 4 4 0
split_gain=5.2152 6.48118 6.68727 5.99293 7.01271 6.01839 10.9564 5.80306 7.77925 5.74261 8.89251 9.11589 5.7151 7.54145 6.53533 5.62863 6.49926 5.93367 5.22766 6.6194 5.05638 5.57874 8.43098 5.64574 6.13763 5.38854 10.6961 10.5975 9.71971 10.0882
threshold=0.64679273484672806 3.5114340430413216 0.8304055654796666 2.5000000000000004 8.3046185838021707 5.9388537289014298 3.5000000000000004 1.0000000180025095e-35 18.500000000000004 6.0649466493956785 -0.5 2.5000000000000004 3.860674306308975 0.64592994198069786 1.0000000180025095e-35 0.783556043238819 2.5000000000000004 0.76386094938731974 84.500000000000014 4.5000000000000009 45.500000000000007 10.274602580264551 8.8000242701465474 1.0000000180025095e-35 1.5000000000000002 0.66166140763983117 0.6619687418888992 3.5000000000000004 3.5000000000000004 118.50000000000001
decision_type=2 2 2 2 2 2 2 2 2 2 2 2 2 2 2 2 2 2 2 2 2 2 2 2 2 2 2 2 2 2
left_child=1 2 12 -3 5 -5 -7 9 -9 -4 -11 -12 13 -1 15 16 17 -14 -10 -20 -2 22 25 24 -24 28 27 -27 -22 -30
right_child=20 3 7 4 -6 6 -8 8 18 10 11 -13 14 -15 -16 -17 -18 -19 19 -21 21 -23 23 -25 -26 26 -28 -29 29 -31
leaf_value=0.0013609901636147332 0.00069038773987289601 0.00075923843438988547 -0.011182664778251892 -0.010952162640204564 -0.068260996836851245 -0.10244960441558582 0.0023776003333533012 -0.094277058731953245 -0.0011482527978540764 -0.079699138384259585 0.032569434114415839 -0.078101876794464231 -0.0082413998988542288 -0.0032734027871205032 0.0013107752613172327 -0.0066175061605542587 0.028148959699641252 0.039540505299088986 -0.02084815369514495 0.01828111881392867 -0.00035232134115831742 0.0052564849739098925 -0.123035617153787 -0.013105901055774992 -0.017086808149924346 -0.0099894499393980082 -0.00036767237244017217 0.000991542263114796 0.0014709086232430185 0.0098896745616598846
leaf_weight=1486.7551067201421 24276.361348472768 72.934747815132141 120.53733050823212 103.05103613808751 6.4205744788050643 5.1403893381357175 4.8392734751105309 2.3500654064118853 486.80725032091141 8.1613678708672541 5.3429939299821836 2.8548551052808762 29.711314544081688 2143.2990705426782 780.89310862869024 27.875360123813152 66.137277141213417 8.3158992081880552 69.567630790174007 12.796307429671286 13000.873759847134 473.36243631830439 2.5267929555848232 69.129348197951913 2.9779284428805113 573.9715595766902 44313.319357394008 355.98581439815462 7598.1701013911515 373.32605565339327
leaf_count=8327 467065 477 845 638 43 34 33 23 4492 63 42 23 149 12209 4575 160 334 43 571 110 81986 9999 23 1288 35 3251 1063278 1946 45831 2178
internal_value=-1.74509e-05 -0.00152074 -0.00119053 -0.0105343 -0.01743 -0.0145426 -0.0516175 -0.00570891 -0.00349411 -0.0149553 -0.042753 -0.00597123 -0.00048595 -0.0013753 0.00305034 0.0133383 0.0186786 0.00220768 -0.00311928 -0.0147689 7.24394e-05 -0.000152257 -0.000190879 -0.0169865 -0.0657197 -0.000171948 -0.000479043 -0.00578595 0.000490541 0.00186518
internal_weight=96483.8 5443.79 5251.4 192.386 119.451 113.031 9.97966 708.418 571.521 136.897 16.3592 8.19785 4542.99 3630.05 912.933 132.04 104.164 38.0272 569.171 82.3639 91040 66763.6 66290.3 74.6341 5.50472 66215.6 45243.3 929.957 20972.4 7971.5
internal_count=1710071 33191 31966 1225 748 705 67 6169 5196 973 128 65 25797 20536 5261 686 526 192 5173 681 1676880 1209815 1199816 1346 58 1198470 1068475 5197 129995 48009
is_linear=0
shrinkage=0.05


Tree=159
num_leaves=31
num_cat=0
split_feature=1 17 4 17 8 1 0 10 7 8 1 0 7 5 7 8 7 0 10 17 0 9 0 0 17 6 17 10 9 9
split_gain=6.63304 4.64268 9.1994 14.5152 9.35612 8.46333 7.53204 7.52119 8.11285 7.26553 7.04313 5.95318 5.66802 5.65346 8.12256 8.83903 8.13579 6.75837 6.85659 6.80924 6.05442 5.55859 5.46955 6.78218 7.02785 6.69893 8.17485 5.79764 5.72172 8.13041
threshold=133.50000000000003 0.79332696476305109 3.5000000000000004 0.66677105297994299 7.1312986703816295 397.50000000000006 136.50000000000003 7.7984545499745925 9.629872736755642 8.8000242701465474 918.50000000000011 81.500000000000014 5.9622923416208602 0.12940952255126045 3.795426061844291 2.8617925509761908 1.0397207708399181 138.50000000000003 0.0064211745527299165 0.66455897883778314 103.50000000000001 0.89587973461402759 42.500000000000007 24.500000000000004 0.64871561802065936 0.91597561503675351 0.64980279191392787 3.1831492687949772 3.6242520361853052 2.6735537653587351
decision_type=2 2 2 2 2 2 2 2 2 2 2 2 2 2 2 2 2 2 2 2 2 2 2 2 2 2 2 2 2 2
left_child=-1 2 7 4 5 6 -4 8 -2 -9 11 -3 -6 14 15 17 -17 18 20 -19 -7 -11 23 -16 -25 -24 28 -28 29 -27
right_child=1 10 3 -5 12 13 -8 9 -10 21 -12 -13 -14 -15 22 16 -18 19 -20 -21 -22 -23 25 24 -26 26 27 -29 -30 -31
leaf_value=0.0061612473600929545 -0.00039811864862623436 0.0020302977416148792 0.0049174849903583879 -0.0011739315491312867 -0.043007687644061515 0.009727969291154227 0.042581549386844331 -0.001868631051935496 0.020528023261075248 -0.065017060129296034 -9.787485815307973e-05 -0.0014337510607074504 0.01017866180162276 -0.00034909769080996699 0.017705630584321227 0.047360536375398908 -0.019409782767970903 0.023338294355111599 -0.00040640999849049156 -0.032740178856604976 -0.022933835670506664 -0.013886705197549221 0.003230207661426605 -0.0097324607143446616 0.0011609098068612572 -0.0018280250539880812 0.061627396797529814 0.015060974911805747 -0.060623633460311459 0.056025374279310529
leaf_weight=432.55086414935067 33994.159792018589 8786.4618308278732 1121.5118597242981 8452.6363425501622 5.0820516720414153 251.91207830421627 13.432881463319061 8966.4689967227168 46.379599838517606 5.8092928901314727 18230.239777026232 1444.1357077592984 349.58599702268839 5694.7411867454648 46.673479188233614 4.8300378918647757 82.266925357282162 51.348036672919989 3734.2019845349714 6.050995208323001 15.035180442035196 62.5399215426296 3648.7034224532545 207.47329498827457 517.03248106315732 96.482875905930996 6.9141077622771254 200.96134525164962 3.8048789203166953 6.4807997792959204
leaf_count=6905 305613 367390 6718 109099 33 1699 77 75422 533 38 690798 55344 2351 34556 305 36 530 294 22478 44 91 551 22531 1284 3364 603 52 1269 23 40
internal_value=-1.65294e-05 -4.43494e-05 -0.000269915 0.000503264 0.00138575 0.00120445 0.00536327 -0.000709984 -0.000369607 -0.00199243 0.000491353 0.00154132 0.00941655 0.000880599 0.00166919 5.31634e-05 -0.015707 0.000391378 0.000146998 0.0174265 0.00788837 -0.0182325 0.00308421 -0.000768452 -0.00195857 0.00383385 0.0108339 0.0166098 -0.000411633 0.00181342
internal_weight=96485.9 96053.4 67592.5 24517.2 16064.5 15709.9 1134.94 43075.4 34040.5 9034.82 28460.8 10230.6 354.668 14574.9 8880.17 4145.65 87.097 4058.55 4001.15 57.399 266.947 68.3492 4734.53 771.179 724.506 3963.35 314.644 207.875 106.769 102.964
internal_count=1710071 1703166 589634 207477 98378 95994 6795 382157 306146 76011 1113532 422734 2384 89199 54643 25172 566 24606 24268 338 1790 589 29471 4953 4648 24518 1987 1321 666 643
is_linear=0
shrinkage=0.05


Tree=160
num_leaves=31
num_cat=1
split_feature=3 17 0 16 16 0 10 10 10 2 8 17 16 0 16 17 7 17 7 7 10 16 4 10 4 10 8 0 17 0
split_gain=6.43206 10.9118 8.58174 7.01463 10.2827 7.13488 6.71821 6.52798 6.50333 6.18964 6.0532 8.07357 10.3177 8.47741 7.28973 5.85296 6.81234 20.2218 9.53145 7.97472 7.66794 6.664 6.66367 5.12894 5.10614 6.56218 5.65937 5.27925 7.41162 6.45527
threshold=1.0000000180025095e-35 0.65097512213835806 33.500000000000007 0.8389280719161325 0.75873290655478343 20.500000000000004 1.0000000180025095e-35 0.0054532521037914386 0.0099550349582244787 0 4.6491756246494491 0.64927455643692611 0.7974538013997855 83.500000000000014 0.63151168872206365 0.66232178865563784 2.1383330595080281 0.78953251609163166 2.524928003624769 1.0397207708399181 0.053476163890834059 0.83432843161832604 1.5000000000000002 7.981745789098361 2.5000000000000004 7.2766797249048922 0.89587973461402759 52.500000000000007 0.65720204867814613 55.500000000000007
decision_type=2 2 2 2 2 2 2 2 2 1 2 2 2 2 2 2 2 2 2 2 2 2 2 2 2 2 2 2 2 2
left_child=1 2 3 4 7 -5 -2 -1 -4 -6 14 12 -12 -13 -10 24 17 22 21 -19 -21 -18 23 -17 27 -26 -27 28 -3 -29
right_child=6 15 8 5 9 -7 -8 -9 10 -11 11 13 -14 -15 -16 16 18 19 -20 20 -22 -23 -24 -25 25 26 -28 29 -30 -31
leaf_value=-0.052387863675595552 0.0042955832487644669 -0.0025845784063177266 0.0037773738476731197 0.035815759017309989 0.0075395337367049481 -0.040511664726199603 0.00014629416789864162 -0.014539254389008164 -0.018897955758383291 -0.012662022972980858 0.013535912269785816 -0.0027966064187091265 -0.012258691571625489 -0.044063487709766598 -0.0035860571065307492 -0.011433509355014963 -0.0041198750296743926 0.0036550226021907894 -0.00084413217255590353 0.03392618939467807 0.0096119293874513938 -0.014667574857108668 -0.0015418799104948101 0.049008466268698266 0.0048836587531628619 -0.008135056143967789 0.0018593715275499933 -0.016134881537622135 0.0078708679302363464 -0.001859132390442564
leaf_weight=12.400531515479086 988.09920061053708 343.32864921912551 368.53363872691989 3.4119362831115714 102.5587566383183 29.828227065503597 76767.969355964102 140.14618569612503 80.099086031317711 47.245784435421228 185.77857531607151 85.134544350206852 48.990249823778868 14.575865074992178 2629.0042304778472 250.55484340712428 973.16702132346109 1327.1625596834347 7264.3566712411121 39.045766141265631 191.26817564712837 176.98054313799366 1024.9837550856173 3.5597332417964926 1505.8771125786006 198.1318592056632 496.79466150701046 88.204722445458174 334.77668416872621 774.59871618077159
leaf_count=70 26003 2005 2201 24 569 227 1402525 751 471 261 954 497 340 86 14893 1898 16509 33683 165715 2662 7305 4053 7751 28 8362 1064 2636 499 1827 4340
internal_value=-1.38477e-06 -0.000832891 -0.00324605 -0.0108753 -0.00847843 -0.032677 0.000199022 -0.017616 -0.0024957 0.000826364 -0.00325527 0.0030907 0.00815324 -0.00882908 -0.00403878 -0.000229679 -0.00079939 0.00131965 -0.00151373 0.00514546 0.013734 -0.00574292 -0.00333881 -0.0105868 0.0014834 0.00302894 -0.000990159 -0.000724009 0.00257722 -0.00331855
internal_weight=96496.6 18740.5 3747.71 335.591 302.351 33.2402 77756.1 152.547 3412.12 149.805 3043.58 334.479 234.769 99.7104 2709.1 14992.8 11251.1 2836.57 8414.5 1557.48 230.314 1150.15 1279.1 254.115 3741.71 2200.8 694.927 1540.91 678.105 862.803
internal_count=1710209 281681 21344 1902 1651 251 1428528 821 19442 830 17241 1877 1294 583 15364 260337 239604 53327 186277 43650 9967 20562 9677 1926 20733 12062 3700 8671 3832 4839
cat_boundaries=0 1
cat_threshold=4
is_linear=0
shrinkage=0.05


Tree=161
num_leaves=31
num_cat=0
split_feature=1 17 10 0 10 8 8 8 9 16 1 9 17 16 1 1 4 1 17 16 10 8 8 17 8 0 10 10 0 1
split_gain=6.27577 6.21211 6.37723 5.93851 4.46206 7.27932 7.7799 6.05657 5.87337 6.09197 5.47103 6.05462 7.05043 5.10033 5.01709 5.79465 4.71913 5.40824 4.78181 5.0097 5.64707 4.89678 7.3058 7.10697 8.29211 11.8533 5.81026 5.78922 5.52945 5.28541
threshold=18447.000000000004 0.64679273484672806 1.0000000180025095e-35 29.500000000000004 8.1062906233978556 4.8789996228937618 4.7664292796317111 7.6145587555815375 0.89587973461402759 0.8114014806255968 6561.5000000000009 4.8940944640863338 0.66166140763983117 0.84507417055615919 958.50000000000011 1124.5000000000002 3.5000000000000004 5925.5000000000009 0.79015290627731349 0.55753674434769007 7.1164062560542058 5.2443855436100657 6.6535077747682836 0.64847379174494335 6.893148997887363 45.500000000000007 7.3517661809714019 5.7070038385092419 30.500000000000004 7445.5000000000009
decision_type=2 2 2 2 2 2 2 2 2 2 2 2 2 2 2 2 2 2 2 2 2 2 2 2 2 2 2 2 2 2
left_child=1 -1 -3 -2 5 6 -4 10 9 -9 -6 -12 -13 16 -11 -16 18 -18 19 20 -7 28 29 24 26 -26 -24 -25 -21 -23
right_child=3 2 4 -5 7 13 -8 8 -10 14 11 12 -14 -15 15 -17 17 -19 -20 21 -22 22 23 27 25 -27 -28 -29 -30 -31
leaf_value=-0.0016117675967936872 -0.037204960297647388 0.0039400079182333762 7.3217720238816139e-05 -0.0049978335974011322 -0.0017554886770361833 0.030644788073586882 -0.0052718460099999559 -0.038165698901110698 0.0045260815688672055 0.059825881498469041 0.009239881099565141 -0.1342602237958592 -0.012002844431748668 0.0053190789995065796 -0.15205029932517689 0.011984762541069645 0.0022090451830984203 0.011458590277262946 0.0020065092637698298 0.019283023228785633 -0.040649863286183328 0.0015712483660424909 -0.078861900593765452 0.043996084074504643 -0.028046883394286039 0.043085365996968321 -0.001344033575301246 -0.006619259201476612 -0.0060496878840713333 0.023579936742899439
leaf_weight=5466.5293497350067 14.847321933135389 1081.692620519083 72830.059072479606 397.28605334926397 6641.2319629746489 3.4175297915935543 687.20567611022852 15.899196651764216 606.55532825505361 3.5037976326420894 164.13611541222781 1.5020754933357228 5.486912602558732 817.58001796039753 0.72076639439910684 2.1276938286609948 2809.8358969101682 167.45409713732079 2063.9632082502358 22.403870228677988 14.83000725507736 1476.3201867574826 3.0818162709474555 5.7074968591332427 7.5221511647105208 26.450526393949986 11.21082032471895 554.18927980214357 559.04271067399532 27.792653195559978
leaf_count=33350 234 28870 1319961 6008 102941 20 13994 190 11422 55 2224 10 102 30345 10 52 56829 3179 80573 171 85 10746 21 49 51 168 70 4250 4040 189
internal_value=-1.31153e-06 2.50986e-05 0.00012385 -0.00615811 7.77435e-05 0.00018402 2.32545e-05 -0.00109465 0.00360053 -0.0216291 -0.00152804 0.00729917 -0.0382784 0.001563 0.0197607 -0.0295222 0.00116692 0.00272927 0.000192964 -0.00118725 -0.0272973 -0.00101037 0.000108107 -0.00451633 0.013893 0.0273354 -0.0180586 -0.00610329 -0.00507359 0.00197792
internal_weight=96489.6 96077.5 90610.9 412.133 89529.2 82088.1 73517.3 7441.16 628.807 22.2515 6812.36 171.125 6.98899 8570.8 6.35226 2.84846 7753.22 2977.29 4775.93 2711.97 18.2475 2693.72 2112.27 608.162 48.2653 33.9727 14.2926 559.897 581.447 1504.11
internal_count=1710209 1703967 1670617 6242 1641747 1524741 1333955 117006 11729 307 105277 2336 112 190786 117 62 160441 60008 100433 19860 105 19755 15544 4609 310 219 91 4299 4211 10935
is_linear=0
shrinkage=0.05


Tree=162
num_leaves=31
num_cat=1
split_feature=1 17 7 16 17 4 7 16 6 0 16 9 6 17 0 8 7 17 9 2 16 4 17 8 6 7 7 17 17 17
split_gain=5.65339 5.60476 5.65654 5.37651 4.55897 4.97421 4.52556 6.72347 4.33063 4.25958 4.25716 6.36021 5.99981 7.06536 4.82401 4.60139 10.5833 6.77941 5.91642 5.53828 4.14821 10.4438 12.4821 5.92028 9.63017 4.16272 5.00206 4.3914 6.87645 4.04114
threshold=18447.000000000004 0.64679273484672806 1.0000000180025095e-35 0.76803114533102257 0.79589844428841128 1.5000000000000002 5.7604765783287295 0.79797155113418816 -0.37940952255126015 25.500000000000004 0.91801832754575818 4.0689902272260703 0.91597561503675351 0.66514930599664202 140.50000000000003 7.7585470058242878 5.8215644129176907 0.64833465767453446 2.6735537653587351 0 0.90672370460688689 2.5000000000000004 0.65257852565643415 2.0126758453675748 0.37940952255126048 3.1132683346437333 3.0201273556387074 0.66455897883778314 0.66650849354048136 0.77234227789159371
decision_type=2 2 2 2 2 2 2 2 2 2 2 2 2 2 2 2 2 2 2 1 2 2 2 2 2 2 2 2 2 2
left_child=1 -1 -3 -2 5 -5 -7 -8 -4 -6 15 14 -13 -14 -12 20 -17 -18 -19 -20 -10 22 23 -22 -25 26 -23 -27 -29 -9
right_child=3 2 8 4 9 6 7 29 10 -11 11 12 13 -15 -16 16 17 18 19 -21 21 25 -24 24 -26 27 -28 28 -30 -31
leaf_value=-0.0015305848011730985 0.00041845842842791123 0.0037218141114695362 -0.00027231843713374323 -0.047215520065244904 -0.10115203516000459 -0.016821597035001933 -0.020322965200576235 0.041831835155512934 0.0003577257245227108 0.0047328445765612778 0.0079013453892678217 -0.017352361241138946 -0.26420617560289 -0.037593364439485091 -0.073150771840992321 -0.078094642895406491 0.04028534391038132 -0.004010654139421835 0.013919782570227489 0.00049849322675766692 -0.035873842913457986 -0.0045531225910766622 -0.011508984399006363 -0.18361761419260217 -0.043546890879041053 0.048783926033618634 -0.12402420808827185 -0.13319935999821722 0.013239081111344829 -0.0062418812296998957
leaf_weight=5468.59795265086 187.40142587199807 1075.7487178184092 44895.172413090011 11.060846287757157 0.96932761371135612 131.56561816856265 15.97697529196739 11.69341477006674 43711.451165445615 47.180718412622809 295.06371444300748 5.0971878985874346 0.59853194653987862 0.80868311179801822 1.847267698496579 3.7752507068216792 13.95492886379361 132.09649852337316 183.20870632864535 140.19527576165274 6.3723715525120479 16.218162019504238 78.544968664646149 2.2985854893922806 2.632402490824461 9.1781541518866998 0.92615044955164094 0.82673507556319492 26.438913295045495 6.9814131576567879
leaf_count=33350 2815 28763 809289 108 35 1288 145 97 806083 1602 10381 236 8 40 50 79 94 2973 3978 3189 63 546 3010 25 29 116 46 13 1606 152
internal_value=-1.1972e-06 2.3892e-05 0.000117717 -0.00583979 -0.0110423 -0.014748 -0.0125875 0.00348843 7.44107e-05 0.00260123 0.000423188 0.00632561 -0.0425843 -0.133979 0.00739707 0.000382787 0.00528675 0.00595729 0.0049056 0.0085475 0.000329869 -0.00815918 -0.0185787 -0.0677051 -0.108841 0.00931073 -0.0110071 0.0188689 0.00879885 0.0238599
internal_weight=96483.9 96071.1 90602.5 412.83 225.428 177.278 166.217 34.6518 89526.7 48.15 44631.5 303.415 6.5044 1.40722 296.911 44328.1 473.231 469.455 455.5 323.404 43854.9 143.436 89.8483 11.3034 4.93099 53.5881 17.1443 36.4438 27.2656 18.6748
internal_count=1710209 1703967 1670617 6242 3427 1790 1682 394 1641854 1637 832565 10715 284 48 10431 821850 10313 10234 10140 7167 811537 5454 3127 117 54 2327 592 1735 1619 249
cat_boundaries=0 1
cat_threshold=14
is_linear=0
shrinkage=0.05


Tree=163
num_leaves=31
num_cat=0
split_feature=1 10 7 8 7 8 16 16 7 1 7 7 10 1 5 16 16 5 16 1 16 5 10 8 7 8 7 7 10 8
split_gain=5.08973 5.07462 9.76322 5.25628 14.0317 5.65349 5.84238 5.77349 7.35223 4.92951 4.86571 7.15627 13.0514 6.60937 5.55192 6.55784 5.62758 5.4133 4.82629 4.80532 6.98026 5.91848 4.6481 5.07216 12.7427 9.15939 8.14337 7.39992 8.4516 5.74312
threshold=18447.000000000004 8.1178964400585354 10.459095259825459 3.9607678160667752 6.2681484161238128 9.2213649572534653 0.81795106996748246 0.82057497473814756 8.9414146194452275 422.50000000000006 4.6491756246494491 4.5695295849856103 7.8946129313377549 934.50000000000011 -0.9159756150367534 0.86002122308110285 0.83626041066535683 -0.37940952255126059 0.76803114533102257 6561.5000000000009 0.81095267976944996 0.98296291314453421 1.0000000180025095e-35 2.8617925509761908 4.6101453514146771 0.89587973461402759 3.0201273556387074 4.6298509007569537 2.7798904794826123 1.0000000180025095e-35
decision_type=2 2 2 2 2 2 2 2 2 2 2 2 2 2 2 2 2 2 2 2 2 2 2 2 2 2 2 2 2 2
left_child=1 2 3 4 22 6 9 -7 -9 -5 11 -8 13 -13 16 -16 -15 -17 -2 -3 21 -21 -1 24 25 -24 -27 -26 -29 -30
right_child=18 19 -4 5 -6 7 10 8 -10 -11 -12 12 -14 14 15 17 -18 -19 -20 20 -22 -23 23 -25 27 26 -28 28 29 -31
leaf_value=0.0032570559504803819 0.00039755818875494451 -0.0014237769454873352 0.016274802944367599 0.0039458440282192147 -0.0032439787337452605 -0.0080704718098775219 -0.00166035087177242 -0.19048537708857474 -0.037801730290188629 0.00018322912310462201 0.003217708533483324 0.01912534905235903 -0.16410914275478253 -0.19497139743515157 -0.0047943137604139693 -0.01679561922430136 -0.025352285154905757 -0.16450401751822288 -0.010453510816246132 0.0098780448386173413 -0.011865842039217221 0.071514401818550691 -0.00022822008581456347 0.0012101558154906898 -0.010816273069971995 0.0059311865553176467 0.00096233187711692843 0.0069165766139840231 0.0025837041453509622 -0.0024874960432175407
leaf_weight=1135.7024517094251 187.39103237586096 7371.5091781155206 93.531571856699884 943.68302988447249 3317.5073747900315 38.403235101141036 152.89093768736348 0.87787374667823126 7.7402429319918156 11223.312670846004 3329.2717781302053 6.6321924258954885 1.7407869482412923 1.0997757483273769 7.5788041464984364 1.1270484086126091 0.88051671488210548 1.3795232749544082 226.1291431337595 147.80503554968163 40.478372985497117 4.0001242784783235 39216.426681896904 8054.8327506522182 231.53219490824267 883.91134327603504 12284.058529338334 271.72323842928745 609.14248980442062 6688.6982795936055
leaf_count=29247 2815 110695 2623 17578 64068 505 4523 19 202 206849 97217 205 31 21 191 36 36 59 3427 1813 697 51 608474 159717 4154 18664 234812 7355 10269 123856
internal_value=-9.93887e-07 2.28324e-05 0.000129069 0.000111988 -6.72749e-05 0.000941125 0.000993073 -0.0163702 -0.0533547 0.000475061 0.00279249 -0.00537495 -0.033162 -0.0209707 -0.0430104 -0.0279813 -0.119552 -0.0980888 -0.00553623 -0.00122023 0.00658289 0.0115022 8.46325e-05 3.18349e-05 -0.000125864 0.000154894 0.00129587 -0.00201115 -0.00174183 -0.00206421
internal_weight=96481 96067.5 88503.7 88410.2 72693.5 15716.6 15669.6 47.0214 8.61812 12167 3502.6 173.33 20.4386 18.6979 12.0657 10.0854 1.98029 2.50657 413.52 7563.79 192.284 151.805 69376 68240.3 60185.5 52384.4 13168 7801.1 7569.56 7297.84
internal_count=1710209 1703967 1590711 1588088 1260616 327472 326746 726 221 224427 102319 5102 579 548 343 286 57 95 6242 113256 2561 1864 1196548 1167301 1007584 861950 253476 145634 141480 134125
is_linear=0
shrinkage=0.05


Tree=164
num_leaves=31
num_cat=0
split_feature=3 1 4 16 16 16 16 16 1 16 16 16 8 7 8 7 0 0 7 1 6 7 9 0 16 16 16 4 7 0
split_gain=5.72596 6.01439 5.23961 7.44766 6.07376 5.44612 6.0416 8.05753 5.08745 7.35143 4.93787 4.88665 4.79296 4.72881 5.129 5.03519 4.71251 4.70829 4.56153 4.48566 4.43497 4.42404 4.44458 4.39521 5.61586 4.32599 12.429 4.64279 4.32396 4.22205
threshold=1.0000000180025095e-35 318.50000000000006 1.5000000000000002 0.91123607964539388 0.81354795087357534 0.88055761635375041 0.84386114761678221 0.85440826606604225 13521.000000000002 0.76803114533102257 0.76103813896685846 0.82261271408649084 8.1260746660832073 2.3502401828962087 1.2424533248940002 1.0397207708399181 29.500000000000004 130.50000000000003 1.0000000180025095e-35 790.50000000000011 0.1294095225512602 8.8792635320585376 3.1567740231385479 65.500000000000014 0.87366126647385423 0.82971768279302405 0.82857035382597222 1.5000000000000002 9.4566141688164986 51.500000000000007
decision_type=2 2 2 2 2 2 2 2 2 2 2 2 2 2 2 2 2 2 2 2 2 2 2 2 2 2 2 2 2 2
left_child=2 25 4 12 10 6 11 -8 18 -10 -1 -6 13 15 -15 -4 -11 -13 19 -3 -17 -7 -23 24 -9 26 28 -28 -2 -26
right_child=1 8 3 -5 5 21 7 23 9 16 -12 17 -14 14 -16 20 -18 -19 -20 -21 -22 22 -24 -25 29 -27 27 -29 -30 -31
leaf_value=-0.0036673980847753336 0.0029168538756841949 0.010191248670880969 2.1430570279085476e-05 0.01094620009880228 -0.013423062833636366 0.00019451222727996455 -0.0322667546348658 0.0055976787208716766 0.0015655507156712451 -0.031389746290752411 0.0013970242565357414 -0.00053233524082907672 0.015040462029522167 -0.0023543154807076929 -0.00021627433639632334 0.0019970449363796469 -0.0068402570867193693 -0.049112415927337234 0.0001261069172389898 0.0018144052516221706 0.010207020598777844 -0.094261686261369215 0.0058657706919241111 -0.021794565060972836 -0.035470482859258273 0.0085640765542735944 -0.083040134396501097 -0.019962932239015567 -0.01827302468426973 0.0032244928790998093
leaf_weight=995.05710879247636 1129.5579175525345 203.88796175504103 3442.3807893330231 142.44921642937697 127.74653896596283 280.76313968515024 55.744403481483459 60.158606741577387 363.73045755783096 20.442977895960212 932.21059095580131 255.09817440947518 49.220096019562334 4824.1838322104886 6701.9251901926473 547.19048737036064 446.63954979134724 5.0870063481852403 74482.80175864324 739.23388463864103 235.19576693326235 2.4976919782347968 1.9924328164197502 49.20488584972918 18.697736806236211 313.1298263091594 5.4487525504082424 6.2790443950798362 24.599187199026346 11.315673640463499
leaf_count=9943 21061 6226 41592 4856 1971 6361 1065 1019 5581 297 15805 4571 868 69907 108515 9477 6808 75 1359219 18698 4258 63 68 732 334 9865 59 166 548 201
internal_value=-8.73143e-07 0.000188249 -0.000785452 -0.000435335 -0.00278209 -0.00625424 -0.00902397 -0.0162005 0.000126999 -0.00376425 -0.00121776 -0.00541431 -0.000537948 -0.000586629 -0.00111114 0.000844351 -0.00791472 -0.00148215 0.000169861 0.00362535 0.00446507 -0.000592938 -0.0498315 -0.0097748 -0.00321587 0.00334622 0.00194482 -0.0492687 0.00246522 -0.0208817
internal_weight=96473.9 77735.8 18738.1 15942.5 2795.57 868.306 583.053 195.121 76256.7 830.813 1927.27 387.932 15800.1 15750.9 11526.1 4224.77 467.083 260.185 75425.9 943.122 782.386 285.253 4.49012 139.377 90.172 1479.01 1165.88 11.7278 1154.16 30.0134
internal_count=1710209 1428528 281681 239473 42208 16460 9968 3351 1396829 12686 25748 6617 234617 233749 178422 55327 7105 4646 1384143 24924 13735 6492 131 2286 1554 31699 21834 225 21609 535
is_linear=0
shrinkage=0.05


Tree=165
num_leaves=31
num_cat=0
split_feature=6 10 8 9 8 10 9 17 8 10 10 17 9 8 17 9 5 17 8 8 17 17 0 5 5 3 17 3 10 9
split_gain=6.82014 6.84046 4.98479 4.23591 4.18849 7.7733 9.90728 8.22589 6.60817 6.09638 9.33192 5.58063 4.94334 4.67023 5.23321 4.65141 4.70839 7.61496 6.1041 10.5474 5.17855 4.79521 4.78426 4.36293 4.87392 4.24924 4.21861 4.13547 4.1165 4.22893
threshold=-0.60355339059327384 7.4994412808114967 5.1209788959100075 5.6185859816918615 5.6149496020273224 6.0720160888000096 4.6200466650627661 0.65257852565643415 5.9255909116924723 6.1735934429012671 6.1227990237026413 0.66872963121499296 5.5032948732385458 5.3254430739639957 0.74546069913024915 2.249904835165133 -0.78656609248549292 0.64721689366924384 6.3860368591801864 6.8150914436671455 0.65947605478848759 0.64847379174494335 77.500000000000014 0.91597561503675362 -1.0000000180025095e-35 1.0000000180025095e-35 0.65732326985283174 1.0000000180025095e-35 7.2909223610953893 4.2835627800822236
decision_type=2 2 2 2 2 2 2 2 2 2 2 2 2 2 2 2 2 2 2 2 2 2 2 2 2 2 2 2 2 2
left_child=-1 2 3 -2 5 7 9 -4 11 10 -7 26 13 -8 -15 -10 17 18 -17 -20 27 -18 -23 24 -12 -9 -6 -19 -11 -30
right_child=1 -3 4 -5 8 6 12 25 15 28 23 -13 -14 14 -16 16 21 20 19 -21 -22 22 -24 -25 -26 -27 -28 -29 29 -31
leaf_value=-0.0004128966631389332 0.00066100443617716055 -0.00042366301977813948 0.042859343142519879 0.042303869924854465 -0.0048816418424895017 0.0099229738493486971 -0.019211871897976032 -0.017105196745450784 0.00013926915226804518 0.0031973230209287988 -0.072475347202394555 0.0014970433469361864 0.004263470341412225 -0.13544552099450397 -0.029323510183354141 0.032238076875160615 0.027145742888036669 -0.025340590648615803 -0.11891266140514614 -0.0025930381473728645 0.011621626742207743 -0.0024312217348986045 0.015099253650678818 -0.13614060927651794 0.01981598520143352 0.014731711640702364 -0.022143519787422756 0.037170265302128858 0.014755964918000181 -0.063038525782946317
leaf_weight=38367.241285075434 40038.629676268436 16283.747496973723 25.467485912144184 6.1076106056570998 90.212227500975132 9.6325328676030058 3.7104746815748495 11.752506094519047 423.7367332810536 358.33070097537711 4.7407835265621543 176.6447497792542 4.2913822769187382 2.9517330154776573 1.915645665489137 3.2376328334212294 19.275659129023552 2.8576298654079428 3.2397930994629842 4.8908842355012894 127.49034357536584 187.33656250545755 49.125397807918489 1.6115217623300848 2.0487348181195539 96.849284301977605 58.247351706027985 35.688797730952501 125.30269339447841 1.7716165357269336
leaf_count=666999 724051 275312 181 141 624 208 73 318 10249 7691 107 6738 135 22 69 24 136 16 23 33 4021 5162 1251 33 63 3331 419 273 2587 33
internal_value=0.000104561 0.000445915 0.000784047 0.000667356 0.00333424 0.00655691 0.00377143 0.0172839 0.00156099 0.0048788 -0.0236671 -0.00450852 -0.0395487 -0.0614673 -0.0936793 0.00386379 0.00750742 0.0137664 -0.0258226 -0.0489424 0.016477 0.00316556 0.00121077 -0.0621811 -0.0446265 0.0112864 -0.0116543 0.032536 0.00593933 0.0136714
internal_weight=96528.1 58160.8 41877.1 40044.7 1832.36 650.377 516.308 134.069 1181.98 503.439 18.0336 325.104 12.8692 8.57785 4.86738 856.879 433.143 177.405 11.3683 8.13068 166.037 255.738 236.462 8.40104 6.78952 108.602 148.46 38.5464 485.405 127.074
internal_count=1710323 1043324 768012 724192 43820 14851 11021 3830 28969 10722 411 7781 299 164 91 21188 10939 4390 80 56 4310 6549 6413 203 170 3649 1043 289 10311 2620
is_linear=0
shrinkage=0.05


Tree=166
num_leaves=31
num_cat=0
split_feature=6 0 7 1 9 0 1 17 9 17 7 1 1 7 16 7 9 4 7 7 7 17 1 16 0 0 17 16 17 16
split_gain=6.15693 3.7471 3.5123 5.3804 5.75466 5.80133 5.46032 5.55356 5.09891 8.27355 8.29218 7.41239 7.57019 7.08905 6.55801 5.16955 5.53186 5.32777 6.6917 6.66206 4.99526 7.15194 6.98565 4.90825 6.82837 4.87734 4.32793 4.10234 7.91532 4.04784
threshold=-0.60355339059327384 16.500000000000004 8.4003222333682306 499.50000000000006 3.3842466058243152 93.500000000000014 699.50000000000011 0.65482602348022312 2.8617925509761908 0.66293891151079853 6.3017023852040754 752.50000000000011 707.50000000000011 7.6836338306551282 0.72191915820009889 6.5228275521598329 4.2121001622835372 3.5000000000000004 7.5488193449910801 8.2023454415064947 5.6750385347198877 0.64721689366924384 1059.5000000000002 0.96660353535353549 68.500000000000014 130.50000000000003 0.65482602348022312 0.76103813896685846 0.66650849354048136 0.82610307988643317
decision_type=2 2 2 2 2 2 2 2 2 2 2 2 2 2 2 2 2 2 2 2 2 2 2 2 2 2 2 2 2 2
left_child=2 -2 8 4 -4 -6 7 -5 29 10 20 12 14 -14 -12 -16 17 18 -17 -20 21 -10 -23 -8 -25 -13 -18 -9 -29 -1
right_child=1 -3 3 6 5 -7 23 27 9 -11 11 25 13 -15 15 16 26 -19 19 -21 -22 22 -24 24 -26 -27 -28 28 -30 -31
leaf_value=-0.00013414910576018969 0.013492660510954791 0.00041146018282418406 0.0017125384470992975 -0.020762752770341578 0.020911966853429553 -0.031560519314958617 0.0019501207889384552 -0.013644682993150714 -0.076330623252866575 -0.00045314469675195853 -0.040094566816039089 -0.0018792058192955736 -0.083977264415409786 -0.0026603389821679181 0.053037409607926723 -0.044991597804294299 0.043479718391402522 0.011979992321746569 0.011879911513831755 -0.05018958360838658 -0.034352541769196172 0.055774078702519825 -0.015831630106786992 -0.0057589899213966352 -0.17816216789699957 -0.055231320598013278 -0.024339723893802838 0.030885076702915029 -0.0033031851379793178 -0.0015218399393953442
leaf_weight=28769.425402448047 54.796015370637178 58095.600726203294 120.36570299277082 53.175198927521706 93.854704172816128 5.5807058243080965 1450.6339850518852 51.301550325006247 2.7710489109158543 800.68068580981344 17.909608542919159 324.04189082980156 7.7124257758259755 4.1076811552047729 3.5003696382045737 20.428008366376162 7.7419868335127813 13.175360869616268 15.773743174970152 5.9551909789443007 45.516882166266441 5.490693822503089 8.9711562395095807 1.580354064702987 0.90222715632989992 4.3410978093743315 3.3791583254933357 21.218193840235472 83.768063124734908 6429.479470832739
leaf_count=445464 1083 1042241 2396 340 1952 97 27808 699 19 21580 92 2049 47 25 21 132 57 84 104 36 292 34 58 59 25 24 21 157 3000 160327
internal_value=9.93938e-05 0.000423787 -0.000392194 0.00171396 0.00906587 0.017967 0.000742 -0.00680518 -0.000500841 -0.00358642 -0.00869782 -0.00620956 -0.0181514 -0.0557183 -0.0130976 -0.00618585 -0.00930538 -0.0157728 -0.0244464 -0.00513131 -0.0256722 -0.00274507 0.0113547 0.00182991 -0.0684143 -0.0025845 0.0228728 -0.00205627 0.00360642 -0.000387627
internal_weight=96523.2 58150.4 38372.8 1882.38 219.801 99.4354 1662.58 209.463 36490.4 1291.5 490.816 428.067 99.6835 11.8201 87.8634 69.9538 66.4534 55.3323 42.1569 21.7289 62.7498 17.2329 14.4619 1453.12 2.48258 328.383 11.1211 156.288 104.986 35198.9
internal_count=1710323 1043324 666999 36533 4445 2049 32088 4196 630466 24675 3095 2692 619 72 547 455 434 356 272 140 403 111 92 27892 84 2073 78 3856 3157 605791
is_linear=0
shrinkage=0.05


Tree=167
num_leaves=31
num_cat=0
split_feature=6 10 16 4 3 16 16 17 16 10 1 17 7 7 16 17 0 0 7 1 17 5 17 17 1 10 17 1 1 7
split_gain=5.68826 6.75293 4.47657 7.31164 9.69052 7.19959 13.9189 6.40024 7.78551 6.5706 6.65108 5.69233 6.77419 5.43692 5.28174 5.10097 4.95607 5.57926 4.85859 4.48599 4.37701 6.25499 5.60127 4.74088 5.79095 4.38464 4.24228 4.17963 4.17783 4.74453
threshold=-0.12940952255126037 7.3978148159172425 0.8078636131861191 1.5000000000000002 1.0000000180025095e-35 0.76327283512609834 0.76386094938731974 0.77234227789159371 0.75947657523217504 2.2811355508763032 982.50000000000011 0.79594696446324931 8.4003222333682306 6.1366459725839873 0.80611008359770719 0.66650849354048136 147.50000000000003 74.500000000000014 2.6735537653587351 1105.5000000000002 0.72364430882431663 0.91597561503675362 0.66790175964937204 0.65186974613117965 430.50000000000006 0.005927438483865035 0.65732326985283174 7445.5000000000009 233.50000000000003 6.9570214070142606
decision_type=2 2 2 2 2 2 2 2 2 2 2 2 2 2 2 2 2 2 2 2 2 2 2 2 2 2 2 2 2 2
left_child=-1 2 3 4 20 7 13 8 28 -10 -11 12 -4 15 16 19 17 27 -19 -7 21 -2 23 24 -23 -25 -27 -8 -6 -30
right_child=1 -3 11 -5 5 6 14 -9 9 10 -12 -13 -14 -15 -16 -17 -18 18 -20 -21 -22 22 -24 25 -26 26 -28 -29 29 -31
leaf_value=-0.00022107678732787717 -0.0093153365768959603 -0.00042226694117051183 0.0024435266903093046 0.00021237189224190229 -0.044122670556055149 0.055057395831937778 0.0057602962750379193 0.0097992797269612977 -0.073771318202201758 0.033973545433954512 -0.044491846400567664 -0.00055416386574399547 0.025833283539336283 -0.025791846158055406 -0.051431964246321904 -0.011457173708852811 -0.065767684148508213 0.025105382871924389 0.0069892800905823589 0.026249564823896145 0.003986440657276269 -0.026252711248944467 -0.029753076579123128 -0.024726383403204696 0.0264977464748751 0.063872001359287722 0.020143646560415993 -0.027119422244712206 -0.0016805625332234832 0.034612845274109204
leaf_weight=57596.151717891917 251.0003214571625 12047.808967194986 7169.4154666424729 16106.185998402769 5.5814759358763686 25.155101589858532 571.85810193791986 134.05381925636902 6.8589411266148117 4.6594490185379964 6.4243813529610634 1866.2235531588085 31.090300916694105 3.9213415235280982 3.8641904573887578 5.3800525777041903 2.3211213913746169 74.258397584082559 73.783762424718589 29.201283894479275 172.99648757628165 11.318710729479792 7.8850295171141616 3.2310834974050548 9.6288414970040304 9.1770844459533709 14.019487656652926 9.8316147355362755 258.3533201739192 9.3300749883055669
leaf_count=1003579 1485 206465 102698 263358 34 165 14359 2959 42 30 39 103614 597 33 113 85 36 1507 1893 182 4919 62 59 18 54 50 79 221 1532 56
internal_value=9.44712e-05 0.00056138 0.00100231 0.0005419 0.00365642 0.00601496 0.00881061 0.000758581 -0.00340319 -0.0353082 -0.0115064 0.00190671 0.00254452 0.0312407 0.00687038 0.0349846 0.00717813 0.00741015 0.0160764 0.0395813 -0.00237128 -0.00596254 0.00926636 0.0157607 -0.00200521 0.0298426 0.0374436 0.00520457 -0.00130828 -0.00041556
internal_weight=96521 38924.8 26877 17810.3 1704.09 1224.84 799.575 425.261 291.208 17.9428 11.0838 9066.73 7200.51 63.6578 735.917 59.7364 732.053 729.732 148.042 54.3564 479.257 306.261 55.2602 47.3752 20.9476 26.4277 23.1966 581.69 273.265 267.683
internal_count=1710323 706744 500279 293370 30012 23286 18594 4692 1733 111 69 206909 103295 465 18129 432 18016 17980 3400 347 6726 1807 322 263 116 147 129 14580 1622 1588
is_linear=0
shrinkage=0.05


Tree=168
num_leaves=31
num_cat=0
split_feature=1 6 10 8 1 7 8 10 9 10 10 1 7 8 4 16 1 9 0 8 8 16 16 16 10 7 4 16 9 0
split_gain=5.62564 5.19773 5.45618 5.52894 5.69873 4.7678 4.78756 6.37614 5.6526 4.77895 6.36451 4.84209 4.76244 6.58631 6.50509 6.97536 6.42871 5.66568 5.57193 5.35371 6.14487 7.66995 5.32792 4.65338 4.50688 4.3967 7.17854 7.01237 8.01479 4.32656
threshold=133.50000000000003 -0.60355339059327384 7.3978148159172425 5.1957269410780187 453.50000000000006 9.1421150615478712 5.5234569284970156 6.0211199136467881 1.2424533248940002 6.6479593082028634 6.6063040438487688 838.50000000000011 6.0222354711552812 1.2424533248940002 2.5000000000000004 0.77743808325340902 422.50000000000006 3.5408542930527882 44.500000000000007 1.2424533248940002 3.9607678160667752 0.67579385809283876 0.88523969389886492 0.77508345293757996 4.772496593442102 6.8051685367398056 1.5000000000000002 0.85006685903313584 2.249904835165133 35.500000000000007
decision_type=2 2 2 2 2 2 2 2 2 2 2 2 2 2 2 2 2 2 2 2 2 2 2 2 2 2 2 2 2 2
left_child=-1 -2 3 12 -5 6 7 -6 -9 10 -10 -12 13 -3 18 16 -16 -18 23 -14 21 24 -17 -15 -21 26 27 -8 -29 -11
right_child=1 2 -4 4 5 -7 25 8 9 29 11 -13 19 14 15 22 17 -19 -20 20 -22 -23 -24 -25 -26 -27 -28 28 -30 -31
leaf_value=0.0058075229117300221 -0.00038835195279970491 0.00024656992578409769 -0.00036453389107205073 0.013944183494274457 0.020438981715674265 0.019629956556701519 -0.020463277581923761 0.01194246993727412 -0.010881815849396848 -0.030099959386878646 -0.16472794387483436 -0.040475467927156769 0.013093255199123549 0.010952266982065114 0.0060195315684310573 0.0019532079388108465 -0.0014709091145726017 0.045629754184256639 0.0022043952648270844 0.047486072051488019 0.00053090400244563344 -0.0036461440517091531 0.013264733077573716 0.0040142047224284959 -0.029110871820163788 0.0033423327628530719 -0.0015189622355536465 -0.037264985641317416 -0.25350221957478758 0.0059521730900412729
leaf_weight=428.28392782923765 38203.859663695795 24124.44813228189 17829.090838257223 123.5284763216041 72.922028546687216 40.549912862014025 29.995111093856398 119.38467206852511 39.551800530403852 9.0726079265587014 1.1544236019253724 2.4441545950248837 61.413925513159484 375.66037943540141 321.82829450629652 4281.6262948461808 3326.8259838726372 6.3969432725571087 2715.144633668242 2.0176267437636843 1313.5753623822238 1186.9748716661707 106.69531874055974 677.59639983274974 39.85396689735353 574.00401762477122 396.94856663933024 1.091651715338229 0.70543293887749303 100.56905549159274
leaf_count=6905 664208 397719 302425 3048 2078 1332 719 2521 970 215 21 60 1170 8283 5634 90212 60350 93 58004 22 30653 25924 5338 16265 426 14679 8830 56 17 2146
internal_value=8.97853e-05 6.42994e-05 0.000363068 0.000686959 0.00365295 0.00273732 0.0022291 0.00730872 0.00379084 -0.00257847 -0.016674 -0.0803357 0.000570603 0.000720216 0.00168759 0.00088444 -0.00072894 -0.00138052 0.00340187 -0.00149424 -0.00184661 -0.00438806 0.00222823 0.00648877 -0.02542 0.000480935 -0.00334994 -0.0262111 -0.122147 0.00296894
internal_weight=96513.2 96084.9 57881.1 40052 1511.92 1388.39 1347.84 345.099 272.177 152.792 43.1504 3.59858 38540.1 35936.2 11811.8 8043.37 3655.05 3333.22 3768.4 2603.84 2542.42 1228.85 4388.32 1053.26 41.8716 1002.74 428.741 31.7922 1.79708 109.642
internal_count=1710323 1703418 1039210 736785 36692 33644 32312 8011 5933 3412 1051 81 700093 641898 244179 161627 66077 60443 82552 58195 57025 26372 95550 24548 448 24301 9622 792 73 2361
is_linear=0
shrinkage=0.05


Tree=169
num_leaves=31
num_cat=0
split_feature=1 6 1 16 0 17 17 16 1 1 17 7 16 1 7 0 17 7 16 17 10 4 1 0 6 10 4 10 1 6
split_gain=5.08679 4.84878 4.02309 7.89542 9.5256 6.30568 5.01858 4.18417 6.3633 5.54952 5.80439 5.20354 5.02189 4.93909 4.88578 4.27687 4.14386 4.0723 6.3183 5.51811 3.96536 4.77626 3.68793 5.02101 6.0793 4.38291 5.76463 5.58302 5.34214 4.43839
threshold=133.50000000000003 0.78656609248549303 1173.5000000000002 0.78470489524025855 25.500000000000004 0.64947002063415427 0.66677105297994299 0.77128401431808402 1388.5000000000002 1309.5000000000002 0.6619687418888992 6.0366761762234473 0.72374940372495866 1287.5000000000002 5.6039604435878507 47.500000000000007 0.80781103754314965 4.9308638091439496 0.74461886588509996 0.65070748628260666 8.3107877663986738 2.5000000000000004 1484.5000000000002 96.500000000000014 0.91597561503675351 4.4484112556745874 2.5000000000000004 8.1762674831843487 1376.5000000000002 0.98296291314453421
decision_type=2 2 2 2 2 2 2 2 2 2 2 2 2 2 2 2 2 2 2 2 2 2 2 2 2 2 2 2 2 2
left_child=-1 -2 3 16 5 -5 7 9 20 10 11 14 -13 -12 17 -14 -3 19 -19 -4 -9 -22 23 25 -25 28 -27 29 -11 -28
right_child=1 2 6 4 -6 -7 -8 8 -10 22 13 12 15 -15 -16 -17 -18 18 -20 -21 21 -23 -24 24 -26 26 27 -29 -30 -31
leaf_value=0.0055272327088970695 -7.0875693470596771e-05 -0.002402767095124519 -0.016942331011123201 0.052215377189409898 0.0014667781761414534 0.013122027677838233 0.0005334445453300179 0.01040466675729435 0.00041666813998449234 0.011318566468689794 0.027200487713728645 -0.060518485910441455 -0.059552599816408924 -0.027264756723406988 0.044182167000913167 -0.00059414708633776913 0.0048675233720030658 0.0038452068148772871 -0.080544426612801701 0.012359105915947979 0.0099990698089886393 -0.077085919505763767 0.0055435473484142014 0.020531861539292956 -0.055028721068413736 0.030179028016598115 -0.0071229922959024847 0.046701471139202574 0.057597185654061391 0.02762592127366198
leaf_weight=427.52239400357939 84416.299126102356 2558.4109592398163 31.645510631613433 12.413009900599716 2569.2490154467523 61.026862007100135 3280.3959436926525 227.7780931070447 1408.7734941523522 11.762074735015632 21.351326920092109 8.486040413379671 3.9596009403467205 5.170416258275508 5.0970381647348395 13.782461687922476 212.253841875121 4.4516217857599241 4.4205026924610138 32.640472337603569 3.4574808627367011 2.8910428211092949 1059.2306781969965 5.1409801505506021 5.5203946828842163 31.277282081544399 49.317120730876923 6.9381537288427344 13.272394768893717 11.293688192963598
leaf_count=6905 1488122 26794 176 95 54434 1498 93958 1748 9722 69 119 43 22 30 26 75 19816 23 25 180 25 20 5728 29 28 174 265 38 75 61
internal_value=8.53585e-05 6.11435e-05 0.00101682 1.90916e-05 0.0019743 0.0197297 0.00188126 0.00337112 0.00168523 0.00546188 -0.00430695 -0.00960947 -0.0288834 0.0165825 -0.00314961 -0.0137523 -0.00184581 -0.00644728 -0.0382016 -0.00206486 0.00931833 -0.0296584 0.00653394 0.0143323 -0.0185929 0.0171663 0.0124325 0.00421524 0.0358539 -0.000648184
internal_weight=96505.2 96077.7 11661.4 5413.35 2642.69 73.4399 6248.05 2967.66 1642.9 1324.76 131.005 104.483 26.2281 26.5217 78.2551 17.7421 2770.66 73.1581 8.87212 64.286 234.127 6.34852 1193.75 134.522 10.6614 123.861 98.8262 67.549 25.0345 60.6108
internal_count=1710323 1703418 215296 102637 56027 1593 112659 18701 11515 7186 719 570 140 149 430 97 46610 404 48 356 1793 45 6467 739 57 682 538 364 144 326
is_linear=0
shrinkage=0.05


Tree=170
num_leaves=31
num_cat=1
split_feature=3 1 1 7 16 8 16 0 9 1 8 17 0 17 8 9 0 16 1 17 1 7 7 1 9 2 16 16 7 0
split_gain=5.88202 9.37851 6.49779 6.00423 6.47712 5.8866 4.72833 8.08993 5.76266 5.33984 9.64754 8.60151 6.42549 6.54965 5.20296 4.63547 4.54868 5.28574 5.20569 4.80864 4.62053 6.88527 7.10835 4.49611 4.71457 4.455 4.76648 4.41599 4.37882 6.65017
threshold=1.0000000180025095e-35 413.50000000000006 3029.5000000000005 9.4566141688164986 0.8534154820491322 3.1984648276080736 0.77246205384380451 29.500000000000004 2.740319461670996 345.50000000000006 6.2255475492814139 0.79589844428841128 54.500000000000007 0.67205958784229547 7.7585470058242878 5.310736838221497 94.500000000000014 0.80495717034751546 3936.5000000000005 0.81293856166977319 3614.5000000000005 3.7012257604091228 5.7477980882242035 5080.5000000000009 7.9815274041935371 0 0.64766222937444862 0.80930611173658218 1.0397207708399181 146.50000000000003
decision_type=2 2 2 2 2 2 2 2 2 2 2 2 2 2 2 2 2 2 2 2 2 2 2 2 2 1 2 2 2 2
left_child=2 3 25 27 6 -4 7 -5 -9 10 11 -8 14 -14 15 -12 18 20 19 -3 -18 -22 -23 24 -19 26 -1 28 -2 -30
right_child=1 16 5 4 -6 -7 9 8 -10 -11 12 -13 13 -15 -16 -17 17 23 -20 -21 21 22 -24 -25 -26 -27 -28 -29 29 -31
leaf_value=-0.0054142614500230371 -0.0029055349721688797 0.00031834946351516239 0.016015439884399397 -0.13157228109417007 0.034823856379752258 -0.011906228441604225 -0.14589346851633667 -0.040014926501751813 0.014202950073936099 -0.0040965785335931306 -0.003013877624568834 0.0090329023280799024 -0.10518613955659806 -0.011217506027762246 0.058382742665829261 -0.11732295759580497 -0.001021088122444413 -0.0023501155599716505 -0.00095634435572294516 0.0031132665681578337 -0.0016868740185456193 0.011954497865124881 0.00075437446370339202 -0.010106908933983747 -0.11192023643131076 -0.001848937991899403 -4.9049388048051161e-05 0.005554126308585771 0.0029947414389248804 -0.069476592123298056
leaf_weight=429.73054440133274 408.60958356317133 57750.903195662191 99.309473443776369 1.1630341797135795 6.8197160293348125 23.306588625535369 3.5919925514608648 6.197315992787483 23.42845400236547 12.996879080310462 4.8131744703277963 1.1936206109821794 3.9071093425154677 3.5294732414186001 2.8307038475759327 1.087234172504395 3500.7455557961948 2011.0368464919738 8129.2069794414565 1581.0819478014018 471.68332434585318 290.32897665770724 276.6610331563279 209.10457182023674 0.9822218669578423 6876.687303571729 11284.169937669998 1187.5737728199456 1695.6099792877212 3.1714072786271563
leaf_count=4465 5772 958603 1460 29 277 357 49 135 509 301 102 66 31 125 57 20 52930 41068 130966 154173 6154 4129 4304 3655 28 102897 172251 31944 31999 43
internal_value=3.15063e-05 0.000223414 -0.000764178 0.00280457 -0.011524 0.0107082 -0.0164063 -0.00221688 0.00286129 -0.0292745 -0.0448918 -0.107252 -0.0264333 -0.0605877 0.00265721 -0.024077 0.000106339 -0.00113013 0.000230251 0.000392829 -0.000152177 0.0027764 0.00648943 -0.00312882 -0.00240361 -0.000839845 -0.000245665 0.00311575 0.00174165 0.00285945
internal_weight=96301.5 77588.3 18713.2 3366.52 71.5587 122.616 64.739 30.7888 29.6258 33.9502 20.9533 4.78561 16.1677 7.43658 8.73111 5.90041 74221.7 6760.54 67461.2 59332 4539.42 1038.67 566.99 2221.12 2012.02 18590.6 11713.9 3294.96 2107.39 1698.78
internal_count=1708899 1427469 281430 71459 1701 1817 1424 673 644 751 450 115 335 156 179 122 1356010 112268 1243742 1112776 67517 14587 8433 44751 41096 279613 176716 69758 37814 32042
cat_boundaries=0 1
cat_threshold=5
is_linear=0
shrinkage=0.05


Tree=171
num_leaves=31
num_cat=0
split_feature=3 1 16 4 4 17 1 16 17 1 0 0 8 5 8 5 0 16 11 16 10 10 17 17 16 16 4 16 17 1
split_gain=5.30939 8.7897 7.47875 7.58949 6.37597 13.5218 9.97904 6.33667 6.04687 5.99161 7.02337 6.76128 7.09831 6.96972 6.49654 6.01567 9.42141 5.44381 5.61674 8.3868 5.33592 5.35173 5.64886 8.0238 6.3223 5.69475 5.29132 5.96204 6.55022 5.11604
threshold=1.0000000180025095e-35 620.50000000000011 0.84086899360887923 1.5000000000000002 2.5000000000000004 0.78953251609163166 555.50000000000011 0.60617271857397148 0.81293856166977319 1008.5000000000001 49.500000000000007 120.50000000000001 3.7726948748059121 -0.9159756150367534 5.2443855436100657 1.0000000180025095e-35 71.500000000000014 0.85159189476411157 1.0000000180025095e-35 0.85695822758365758 8.1178964400585354 8.1516019702766869 0.65225122156717497 0.65014413137671034 0.75345912493539058 0.88196383705282499 4.5000000000000009 0.86002122308110285 0.64552233679973303 950.50000000000011
decision_type=2 2 2 2 2 2 2 2 2 2 2 2 2 2 2 2 2 2 2 2 2 2 2 2 2 2 2 2 2 2
left_child=4 2 3 -2 5 7 -6 -1 -5 10 29 12 15 -14 20 16 -11 -17 19 -19 -12 -22 23 -23 -25 -24 -4 28 -28 -9
right_child=1 -3 26 8 6 -7 -8 9 -10 11 14 -13 13 -15 -16 17 -18 18 -20 -21 21 22 25 24 -26 -27 27 -29 -30 -31
leaf_value=-0.014254554290398702 0.004167789428790424 9.9243261921807629e-06 0.0040755745859904369 4.4800117739698936e-05 0.0014801148233713379 0.001070430916150226 -0.0015243176770665082 -0.00080615495547232702 0.0089525180654039336 0.0025301626755259345 -0.0053889983840538312 0.030808192931636693 -0.04262618119938176 -0.0055885542229875754 0.00369225644718193 0.00054647078871370781 0.024553709895281273 -0.096186469999926305 -0.057552916230041308 0.0038068118592808685 -0.034386188573911645 -0.01259743532582807 0.0024234849418789846 -0.0201612156868149 -0.10043300725125433 -0.057840235765521941 -0.13441351538420718 0.027611788775771154 0.0058041359726537086 -0.023332687142199292
leaf_weight=129.97859355062246 1564.5926155913621 67774.867508366238 1376.8930634211283 6563.5711649509612 5768.5540786855854 2625.1635274558794 5305.9082690556534 1655.9289266271517 196.21432548644952 165.48990512266755 2346.4261091034859 19.539611753076315 14.97297280281782 83.742605866864324 187.84030884876847 151.60481641069055 68.727153843268752 2.3951738700270679 8.4467577189207095 16.843568542972207 29.49822510778904 32.016530208289623 62.641797184944153 4.4812157154083234 5.4195149093866348 4.181852012872695 0.84748934581875701 52.508987290784717 48.367273996351287 25.594513680785894
leaf_count=846 31385 1224028 44077 102697 86535 83530 78984 10699 21599 1102 15126 122 101 533 1201 944 449 22 50 166 184 178 391 23 30 45 8 2184 1491 169
internal_value=2.99769e-05 0.000212335 0.00161174 0.00102969 -0.000725922 -0.00183697 4.0655e-05 -0.00335865 0.000303362 -0.00306878 -0.00368069 0.00194149 0.00084032 -0.0112063 -0.00527359 0.00371619 0.00899261 -0.0031767 -0.0235646 -0.00864209 -0.00595141 -0.0154976 -0.0103736 -0.0247624 -0.0641008 -0.00134784 0.00488856 0.0158929 0.00338956 -0.00114903
internal_weight=96293.3 77577.9 9802.99 8324.38 18715.4 7640.93 11074.5 5015.77 6759.79 4885.79 4354.03 531.763 512.223 98.7156 2672.51 413.507 234.217 179.29 27.6855 19.2387 2484.67 138.239 108.741 41.9173 9.90073 66.8236 1478.62 101.724 49.2148 1681.52
internal_count=1708899 1427469 203441 155681 281430 115911 165519 32381 124296 31535 28046 3489 3367 634 17178 2733 1551 1182 238 188 15977 851 667 231 53 436 47760 3683 1499 10868
is_linear=0
shrinkage=0.05


Tree=172
num_leaves=31
num_cat=0
split_feature=3 1 1 4 1 7 16 7 16 8 8 7 16 16 8 1 0 16 1 4 7 16 16 4 16 1 1 0 7 16
split_gain=4.79158 7.99487 5.84894 5.63631 10.1179 5.53669 5.42403 5.3794 5.86494 5.27391 4.56438 4.2472 4.37305 6.73884 4.21055 6.53082 4.09019 4.7871 4.6403 4.89937 4.59101 4.83317 4.69437 4.60366 4.29509 4.79817 4.18313 6.67862 4.03493 3.94402
threshold=1.0000000180025095e-35 413.50000000000006 3029.5000000000005 2.5000000000000004 555.50000000000011 2.3502401828962087 0.63151168872206365 9.4566141688164986 0.8534154820491322 3.1984648276080736 7.2445845309701786 9.8259840948066035 0.77060823560870795 0.77913418258995193 6.2255475492814139 327.50000000000006 94.500000000000014 0.80495717034751546 3936.5000000000005 1.5000000000000002 10.772435055090876 0.77246205384380451 0.76031047465747836 1.5000000000000002 0.817412184997793 18447.000000000004 11188.500000000002 131.50000000000003 9.2974350746264296 0.80729070885896803
decision_type=2 2 2 2 2 2 2 2 2 2 2 2 2 2 2 2 2 2 2 2 2 2 2 2 2 2 2 2 2 2
left_child=2 7 3 6 5 -5 -1 28 11 -4 -6 -9 -13 -14 15 -15 18 20 -3 24 21 22 -18 -24 25 -20 -19 -28 29 -2
right_child=1 16 9 4 10 -7 -8 8 -10 -11 -12 12 13 14 -16 -17 17 26 19 -21 -22 -23 23 -25 -26 -27 27 -29 -30 -31
leaf_value=-0.0088668584104483021 0.001419166756603845 0.00036490920849272532 0.015247434912958161 0.0037770590196508935 -0.0018093545436958496 0.00039399889172615988 -0.0015555463108228775 -0.031533151222719567 0.033956654401457669 -0.011144563180505369 0.010609789172627027 0.012991836330337953 -0.11681453054410325 -0.11854892159781703 -0.0030979679121139487 0.043564970679352291 -0.00022599225632808501 -0.002680700828367581 -0.0018525184904327507 -0.00059774809476232076 0.025036655500004602 0.0018502237279853159 0.0075307161367263245 -0.0059039015652922917 -0.013767003283539936 -0.031060365166662236 -0.0086095094238458469 -0.058675470701389669 0.02919666392953851 0.0050031667358687269
leaf_weight=262.75620240997523 2039.9892708356492 59315.619035031181 99.033787649124861 1726.0297714287881 5150.6850512982346 4040.5524318895768 7336.9315296593122 25.270656953100115 6.6046988228335968 23.402016601525247 75.062346356455237 17.931328498758376 1.6700298683717871 1.9982688408345013 17.498789180535823 0.90153257828205813 2005.9527481244877 2183.2190100932494 351.31506301742047 7640.977203420829 18.02500329259783 1708.2157911234535 69.804395868675783 737.21001105895266 124.67752574663609 14.647242405451832 32.850493095815182 8.3552074250765127 14.50572300609201 1230.7109312971588
leaf_count=2761 36716 1112776 1460 22721 76498 63814 112560 544 277 357 1259 402 26 40 382 30 19683 44030 5164 122969 315 22636 2012 22871 2630 203 582 139 283 32759
internal_value=2.85165e-05 0.00020177 -0.000689589 -0.000761321 -3.74561e-05 0.0014066 -0.00180833 0.00258841 -0.0109431 0.0102029 -0.00163097 -0.0154865 -0.00534878 -0.020251 -0.0123454 -0.0681486 9.38057e-05 -0.00107839 0.000211354 -0.000908747 -0.000147206 -0.000247609 -0.00152155 -0.00474185 -0.00575209 -0.00302153 -0.00297858 -0.0187613 0.00288446 0.00276777
internal_weight=96282.4 77567.9 18714.5 18592 10992.3 5766.58 7599.69 3357.08 71.8753 122.436 5225.75 65.2706 39.9999 22.0686 20.3986 2.8998 74210.9 6763.63 67447.2 8131.62 4539.21 4521.18 2812.97 807.014 490.64 365.962 2224.42 41.2057 3285.21 3270.7
internal_count=1708899 1427469 281430 279613 164292 86535 115321 71459 1701 1817 77757 1424 880 478 452 70 1356010 112268 1243742 130966 67517 67202 44566 24883 7997 5367 44751 721 69758 69475
is_linear=0
shrinkage=0.05


Tree=173
num_leaves=31
num_cat=0
split_feature=10 7 7 10 7 10 7 7 10 7 10 17 7 7 10 10 8 7 10 8 7 17 4 1 16 17 17 16 6 10
split_gain=4.68165 6.61583 28.9884 48.9465 13.8794 14.3339 18.5261 15.4514 12.544 10.9426 10.0139 15.9617 8.74242 7.76688 7.7308 7.1041 7.03234 6.44759 8.77722 6.42339 7.27375 7.27111 7.72676 6.20075 6.02151 5.69893 6.39841 5.63325 7.77084 7.19798
threshold=5.4508634131887623 1.0397207708399181 2.1383330595080281 0.73060162963332453 2.524928003624769 2.1139029853608 2.8029010331479989 3.1132683346437333 0.3497316826816268 1.5890269151739729 1.0261490310845864 0.78953251609163166 3.2769667020129059 3.4811217321331038 3.0044186012158729 3.8484391261645716 1.0000000180025095e-35 3.5972184255501678 0.3497316826816268 1.2424533248940002 3.1984648276080736 0.70361808073131904 2.5000000000000004 1603.5000000000002 0.84605918233744193 0.65482602348022312 0.65142626681888982 0.791321608723632 -0.78656609248549325 0.081509403981921358
decision_type=2 2 2 2 2 2 2 2 2 2 2 2 2 2 2 2 2 2 2 2 2 2 2 2 2 2 2 2 2 2
left_child=1 14 3 -3 10 6 8 -8 24 23 11 -4 19 16 -1 -11 -14 18 -15 -9 21 22 -21 -5 -6 26 -10 -24 -29 -30
right_child=-2 2 4 9 5 -7 7 12 25 15 -12 -13 13 17 -16 -17 -18 -19 -20 20 -22 -23 27 -25 -26 -27 -28 28 29 -31
leaf_value=-0.0011437739450753325 -0.00022571963541092048 0.020269935604524374 -0.00044646205164621525 0.0018355394285292565 0.014871134970810855 0.00030879179683728847 -0.002752591157365084 0.014800578803831427 -0.0027155778997047485 0.015632634628885318 0.00065156391432134148 -0.0083190701472516219 -0.008186899112928565 0.021133809986655389 0.0020168923967128316 0.0023453856033909277 0.0045742742853591067 0.0036713415135460701 0.0005840853615822261 0.00044421253440401099 0.017643656369953728 0.0037106447546492432 -0.031629894960731784 -0.0071821008056112863 0.03245825869738686 0.007121743278590293 -0.04453508431470974 -0.18556963927742098 -0.13172720667424265 0.014848016049896249
leaf_weight=8995.9905794700608 63094.928769390564 508.29732450447045 1443.3637817492709 508.95442289067432 310.98935933527537 11262.719050360844 1016.941899411846 301.90705457120202 40.725439831614494 187.95208234107122 2150.3099360768683 1162.3339886222966 245.68777221487835 130.49691800912842 2464.7368740648963 216.43656494887546 192.58264612662606 1368.3280233629048 86.341942296829075 7.4888675771653679 27.554682609159499 22.132290079724044 5.8313978067599219 304.79798215720803 57.699230919592083 144.63447912922129 11.79566368088126 1.8467116802930839 1.6613043025135987 1.6892733983695505
leaf_count=129362 1089497 23703 9050 10991 11107 239364 18799 8603 321 4735 30488 29654 4683 3806 31501 4656 4797 36347 2101 83 945 1100 43 5505 3271 4223 93 26 24 21
internal_value=2.71305e-05 0.000507917 0.00102074 0.00723691 0.000484019 0.00121995 0.00380075 0.0024106 0.0121795 0.00179858 -0.00187403 -0.00395823 0.00460427 0.00331191 -0.000464043 0.00852104 -0.00257945 0.00494076 0.0129512 0.0116698 -0.00218871 -0.0156322 -0.0387508 -0.0015421 0.0176235 0.00199911 -0.0121078 -0.0653656 -0.103217 -0.0578278
internal_weight=96277.2 33182.2 21721.5 1726.44 19995.1 15239.1 3976.33 3410.49 565.844 1218.14 4756.01 2605.7 2393.55 2023.44 11460.7 404.389 438.27 1585.17 216.839 370.112 68.2045 40.6498 18.5176 813.752 368.689 197.156 52.5211 11.0287 5.19729 3.35058
internal_count=1708899 619402 458539 49590 408949 339757 100393 81378 19015 25887 69192 38704 62579 51734 160863 9391 9480 42254 5907 10845 2242 1297 197 16496 14378 4637 414 114 71 45
is_linear=0
shrinkage=0.05


Tree=174
num_leaves=31
num_cat=0
split_feature=3 1 10 16 5 16 1 10 7 17 17 17 6 1 5 9 9 8 1 10 8 8 17 7 16 9 8 17 17 1
split_gain=4.29975 7.51466 7.36796 8.19138 6.26366 7.1272 5.29447 6.20093 5.22968 6.24892 8.97451 8.11117 5.89675 5.65613 5.65435 5.62778 4.88251 4.76317 4.96515 4.64586 5.05093 4.51096 5.14704 6.56218 4.48437 7.17746 4.22053 6.39739 5.40383 5.17591
threshold=1.0000000180025095e-35 926.50000000000011 7.6801760644129917 0.75873290655478343 0.25881904510252091 0.76654497051352888 3029.5000000000005 8.2331078129966908 10.091397630864071 0.65732326985283174 0.64644959165753857 0.65947605478848759 1.0000000180025095e-35 1547.5000000000002 -0.70710678118654735 4.1510089048756029 4.5900436644025815 6.1125747596674556 158.50000000000003 8.3676890553033072 8.054522155445909 8.40368848434521 0.79165838560506629 9.9430677726003402 0.76654392977528318 1.4978661367769956 1.2424533248940002 0.64552233679973303 0.65257852565643415 691.50000000000011
decision_type=2 2 2 2 2 2 2 2 2 2 2 2 2 2 2 2 2 2 2 2 2 2 2 2 2 2 2 2 2 2
left_child=6 2 3 -2 5 -5 -1 -8 21 10 13 14 19 -10 -11 -15 -16 -6 -19 -12 -21 -3 23 -23 25 -20 28 29 -7 -28
right_child=1 8 -4 4 17 26 7 -9 9 11 12 -13 -14 15 16 -17 -18 18 24 20 -22 22 -24 -25 -26 -27 27 -29 -30 -31
leaf_value=-0.00072250513574930353 -0.00046120937862908877 -0.00013916647961771905 -0.00072466721789811212 0.0055906886890142518 0.0037174310185050783 0.0030008629604867439 0.011796677113073317 -0.051333043960506246 0.019678930462111641 -0.075446077824106089 0.018868329945093295 0.003057173735918611 0.033699121418534587 0.0068360908256525216 0.020272228829476893 -0.057674065204403414 -0.054304178290910832 -0.17444574825002168 -0.11040471363771619 -0.020736924561442119 0.041866318065262136 -0.013806437394333121 0.004655970103817463 -0.078109828137995108 -0.0028122425442497455 -0.013591789551783633 -0.04272668259786834 0.0023501861443412392 -0.0014399067104143412 0.0022276270770610544
leaf_weight=18592.176513088634 4081.89888292877 55414.163142789155 4879.0184905470815 824.58491086168215 4920.6156444617081 890.90704536437988 118.18382993340492 4.0222001224756232 7.6002074182033565 5.4417732842266551 50.516481265425682 332.24689344968647 45.112845122814178 5.3933491408824912 5.2487275227904302 9.0601353868842107 3.771940104663372 0.438712312374263 2.5358563242480141 17.22394930571318 3.9633281454443923 75.954730901867151 40.770812924019992 4.1861982326954594 104.64476732490584 7.8125733230262995 14.311412468552591 2825.0173792408314 2964.8461425937712 11.587175536900757
leaf_count=279613 42250 981568 88691 42485 116277 6464 1762 55 49 39 356 8947 314 33 32 57 25 15 44 111 26 596 1632 45 3416 102 119 68316 65361 99
internal_value=2.59165e-05 0.000190074 0.00098405 0.00148479 0.00211685 0.00120405 -0.000654322 0.00971887 -0.000115043 0.00505134 0.0140137 0.00146159 0.0195365 -0.0152401 -0.0351939 -0.033602 -0.0109115 0.00348191 -0.00655776 0.0106259 -0.00902626 -0.000160216 -0.00980732 -0.0171654 -0.00591725 -0.0373155 0.000664717 0.00212341 -0.000413826 -0.0226139
internal_weight=96263.3 77548.9 21528.2 16649.2 12567.3 7531.25 18714.4 122.206 56020.7 485.58 138.87 346.709 116.817 22.0537 14.4624 14.4535 9.02067 5036.05 115.432 71.7038 21.1873 55535.1 120.912 80.1409 114.993 10.3484 6706.67 2850.92 3855.75 25.8986
internal_count=1708899 1427469 433639 344948 302698 182844 281430 1817 993830 9989 946 9043 807 139 96 90 57 119854 3577 493 137 983841 2273 641 3562 146 140359 68534 71825 218
is_linear=0
shrinkage=0.05


Tree=175
num_leaves=31
num_cat=0
split_feature=8 1 3 16 1 1 1 16 9 8 1 8 17 16 16 9 16 9 10 17 1 5 17 17 1 10 1 1 10 8
split_gain=7.17891 5.47013 6.54691 6.67007 5.47655 5.29456 5.20447 5.04533 4.9241 4.85325 4.54129 4.6106 7.73474 5.35492 4.52173 4.50009 6.0329 4.6909 7.45921 7.24029 6.43501 5.95887 5.46957 6.76696 5.62668 5.75829 4.96879 7.63413 4.61357 4.5484
threshold=7.2445845309701786 133.50000000000003 1.0000000180025095e-35 0.63151168872206365 267.50000000000006 3479.5000000000005 3130.5000000000005 0.81892817728629963 1.2424533248940002 7.0796054472661298 245.50000000000003 8.40368848434521 0.64552233679973303 0.7457328862257272 0.85907782785924558 3.3497501700808394 0.80888836419351062 1.4978661367769956 8.2020490081997703 0.65225122156717497 176.50000000000003 -0.98296291314453399 0.64927455643692611 0.64721689366924384 397.50000000000006 8.3107877663986738 1000.5000000000001 691.50000000000011 8.0124655851543718 6.9162192344924618
decision_type=2 2 2 2 2 2 2 2 2 2 2 2 2 2 2 2 2 2 2 2 2 2 2 2 2 2 2 2 2 2
left_child=1 9 3 5 14 -3 15 -8 10 -1 -2 12 -12 -13 -4 17 -17 18 -5 20 -20 -22 23 24 -19 26 27 28 -26 -21
right_child=8 2 4 6 -6 -7 7 -9 -10 -11 11 13 -14 -15 -16 16 -18 22 19 29 21 -23 -24 -25 25 -27 -28 -29 -30 -31
leaf_value=0.0057755336479423753 -0.064343262399371423 -0.0072874845317447944 0.003078539046196151 -0.00089144926997950012 -1.4327624379679858e-05 0.068589488494849041 0.0027864583205191285 0.026394245385868612 0.0037124684538260774 -0.09285350691048086 -0.085720674366147109 -0.052998935845943965 0.00068601839443103595 -0.0054142162070191652 0.016641849240535026 -0.010377562208285578 0.0073006530371095835 0.021601498649288495 0.066469836898588402 -0.0028013661875351892 -0.079620395987038545 -0.018353451097334581 0.00087186766678428113 0.021375408258850641 0.012367452355983554 0.036346174557411293 0.017179206330153626 -0.048485035576302689 -0.033337751668639996 -0.05673274741329163
leaf_weight=427.00697339395992 3.1361947637051335 466.94390794355422 662.63267896370962 15672.829565253342 75163.989169511711 2.3104356061667195 71.721222775056958 33.065776297822595 1787.2488745639566 1.2509305309504259 2.631544589996337 9.6076293643564004 163.84131712466478 15.37172747030854 67.729602437932044 247.747722748667 59.935342388693243 22.877448000013828 2.1576818004250518 260.48382836673409 4.1308977678418151 101.09276179969311 1027.0646733217873 77.751210454851389 15.595858648419382 6.5518956482410422 10.472895853221415 15.837807737290857 8.5473382174968702 3.969018197618424
leaf_count=6867 57 5125 13584 235158 1375225 22 977 639 37747 24 18 82 3250 297 2532 3765 1376 125 12 3807 25 548 19013 428 83 34 57 84 45 54
internal_value=-8.81073e-05 -0.00015061 -0.000176295 -0.00103046 2.75405e-05 -0.00691389 -0.000873971 0.0102359 0.0028901 0.00548744 -0.00466314 -0.00368551 -0.000679868 -0.0237164 0.00433632 -0.000940355 -0.00693392 -0.000833321 -0.0010575 -0.00805673 -0.0190059 -0.0207587 0.00220284 0.0108748 0.000654391 -0.00775206 -0.0134786 -0.0215093 -0.00381341 -0.00361079
internal_weight=96415.5 94433.7 94005.4 18111.1 75894.4 469.254 17641.8 104.787 1981.84 428.258 194.588 191.452 166.473 24.9794 730.362 17537 307.683 17229.4 16044.7 371.834 107.381 105.224 1184.7 157.634 79.8832 57.0058 50.4539 39.981 24.1432 264.453
internal_count=1711060 1669609 1662718 271377 1391341 5147 266230 1616 41451 6891 3704 3647 3268 379 16116 264614 5141 259473 239604 4446 585 573 19869 856 428 303 269 212 128 3861
is_linear=0
shrinkage=0.05


Tree=176
num_leaves=31
num_cat=0
split_feature=8 1 8 7 10 7 1 10 1 7 8 7 10 7 0 6 6 10 8 0 7 1 7 7 17 10 6 4 17 1
split_gain=6.49018 4.94544 4.74752 22.675 8.47432 11.2586 7.4141 7.18371 7.03229 6.38995 6.18291 14.4358 14.1896 6.48926 5.9696 5.85424 5.84162 6.638 5.78649 5.39236 5.02616 12.7712 7.96997 8.66833 4.95089 8.52157 9.96892 8.60091 5.86947 5.7358
threshold=7.2445845309701786 133.50000000000003 1.0000000180025095e-35 3.0201273556387074 7.5983332249403341 5.1445790166580574 1560.5000000000002 4.1291433741119539 1574.5000000000002 7.29403750994513 1.7005986908310777 3.9219243190762363 6.4780755832061372 3.1132683346437333 144.50000000000003 0.98296291314453421 0.60355339059327384 8.3107877663986738 4.9593358439305844 69.500000000000014 3.1132683346437333 918.50000000000011 3.4175922930736511 3.4811217321331038 0.65335973669709346 6.1488434300979602 0.78656609248549303 1.5000000000000002 0.64679273484672806 2237.5000000000005
decision_type=2 2 2 2 2 2 2 2 2 2 2 2 2 2 2 2 2 2 2 2 2 2 2 2 2 2 2 2 2 2
left_child=1 -1 4 6 5 -3 14 18 19 15 11 12 24 -12 -4 16 -6 -18 -5 -8 21 -14 -22 -24 25 29 27 -27 -29 -9
right_child=-2 2 3 7 9 -7 8 10 -10 -11 13 -13 20 -15 -16 -17 17 -19 -20 -21 22 -23 23 -25 -26 26 -28 28 -30 -31
leaf_value=0.0052222142094504199 0.0027503698260484231 -0.0004642436180773175 0.009009916557763854 0.0016077278224434187 -0.0042203909119508344 0.011789147522641919 -0.020412581673985089 -0.0058318107528904694 0.0022534224209246009 0.034099850318827341 -0.0094163773193431648 -0.0032954091838594867 0.011123861319643883 8.1450867397140524e-05 -0.054072967528187701 -0.018954231611976836 0.0027723773792616862 -0.068129861713372403 0.015480783535604526 -0.12256884315608352 0.0093309232195456487 -0.012865176107633977 -0.0075645685163829874 0.003991468558748843 -0.00066064323422026193 -0.04367174207012775 0.041606006835328946 0.025351592472000681 -0.0024794634296353931 -0.018440566033850827
leaf_weight=427.55329148285091 1978.6850103402976 34679.669700498227 961.71577060804702 4556.025396484416 2118.5094871688634 188.48078074073419 4.1943976031616321 354.23555015400052 601.40101684839465 11.340758610982446 180.6322087100707 4778.0770544647239 92.115284821484238 41016.467392174993 3.7649506966117761 59.971725881099701 419.75903952633962 3.3272573361173263 76.424986175727099 1.8666776334866879 584.00833227531984 139.50713347457349 190.17624086886644 1106.178030918818 1630.115988333011 10.190063692629336 16.640631746500731 25.33112496510148 75.13651917502284 121.00772985816002
leaf_count=6891 41451 545456 20602 112699 27776 3631 89 2374 11697 180 3033 82624 1355 772135 70 766 5832 26 2509 33 9753 2046 2910 18248 35353 63 105 156 468 729
internal_value=-8.3677e-05 -0.000143059 -0.000167461 0.00012188 -0.000603816 -0.000398008 0.00604103 -4.75488e-05 0.00171335 -0.00335025 -0.000221004 -0.00139879 0.000687033 3.98068e-05 0.00876392 -0.0035135 -0.00314916 0.00221478 0.0018366 -0.0518745 0.00362498 -0.00332483 0.00448106 0.00229619 -0.00209212 -0.00596484 0.00552418 9.82152e-05 0.00453764 -0.00904229
internal_weight=96412.5 94433.8 94006.3 56525.2 37481.1 34868.2 1572.94 54952.3 607.462 2612.91 50319.8 9122.72 4344.64 41197.1 965.481 2601.57 2541.6 423.086 4632.45 6.06108 2111.99 231.622 1880.36 1296.35 2232.66 602.542 127.298 110.658 100.468 475.243
internal_count=1711060 1669609 1662718 1079051 583667 549087 32491 1046560 11819 34580 931352 156184 73560 775168 20672 34400 33634 5858 115208 122 34312 3401 30911 21158 39248 3895 792 687 624 3103
is_linear=0
shrinkage=0.05


Tree=177
num_leaves=31
num_cat=0
split_feature=8 9 7 8 16 8 1 1 10 10 7 7 16 17 16 17 8 7 7 7 7 10 7 10 1 1 1 10 17 10
split_gain=5.91697 8.39918 5.67267 6.41152 4.81832 4.98331 9.26511 4.73581 4.70861 7.36721 4.34742 4.45684 4.0472 7.27836 5.25545 4.80643 4.00734 20.9905 7.37037 9.04806 25.7944 28.9869 40.1225 8.2221 7.09593 6.87365 6.83019 6.74288 6.64385 6.39734
threshold=6.869533931231917 2.4414009612931857 10.274602580264551 8.40368848434521 0.92778075015659234 6.7399279934816994 974.50000000000011 133.50000000000003 8.3676890553033072 8.2020490081997703 6.8249168531491975 7.1781639499794494 0.77381419507802174 0.68588771510975388 0.75947657523217504 0.64847379174494335 1.0000000180025095e-35 3.0201273556387074 4.135134555718313 2.3502401828962087 1.0397207708399181 0.14313038490420291 1.5890269151739729 5.7337176977867523 670.50000000000011 3239.5000000000005 1560.5000000000002 7.5983332249403341 0.78953251609163166 4.1291433741119539
decision_type=2 2 2 2 2 2 2 2 2 2 2 2 2 2 2 2 2 2 2 2 2 2 2 2 2 2 2 2 2 2
left_child=4 2 3 -2 7 -6 -7 -1 9 12 -3 -12 13 14 -5 -14 18 26 19 20 -9 22 -22 24 -20 -25 -18 -21 -23 -19
right_child=1 10 -4 8 5 6 -8 16 -10 -11 11 -13 15 -15 -16 -17 17 29 23 27 21 28 -24 25 -26 -27 -28 -29 -30 -31
leaf_value=0.0051297829576129198 -0.001222246494873644 -0.0091103665029127635 0.018270783905114878 -0.029645953829633667 0.0052577514233737048 0.046805542547282808 -0.21280075045640814 -0.00095879849940801046 0.057201270891753343 -0.054714538260342421 0.018886100138728115 0.0038937201980848782 0.043885664393640993 0.0078828297675802624 -0.093244365135313451 -0.0079545484614986436 0.0084145869833459931 0.0016846664843392922 0.018917976371592388 -0.0013123875671435981 0.024589539465766665 0.00012785015761382609 -0.00049904579503434645 -0.0010958975338376266 0.0046891133802085851 0.010798981262847852 0.0016297620598229147 -0.0050210572107433574 0.0047576298907700699 -0.00026346849941953599
leaf_weight=418.6775138862431 886.440218528267 62.588398534804583 34.313374168705195 14.478419438004499 455.64746375358663 0.65244591049849876 0.72624248033389449 15401.801622849889 2.1159248314797869 11.773778543807564 50.841967027634382 1982.5753199330065 5.3360861912369719 10.652237489353864 4.1878861486911765 27.587872669100761 956.49290016666055 4610.6759743103758 119.93928418075666 14907.729800641537 352.49045856040902 2295.6880269562826 290.85064041754231 937.71150667220354 325.17974680708721 139.5240107672289 605.90721553517506 1335.3873082897626 1169.7154671528842 48989.492326988373
leaf_count=6660 17991 1321 830 80 15409 31 25 207281 26 148 1095 41571 35 327 23 471 20463 114261 2484 238960 17782 16849 6899 14656 6182 2008 11762 17782 47252 900396
internal_value=-7.94398e-05 0.00207214 -0.00170602 -0.00241814 -0.000150754 0.00497056 -0.0899455 -0.00017596 -0.0163425 -0.0184449 0.00386907 0.00426858 -0.0115841 -0.0250952 -0.0439146 0.000447353 -0.000199991 7.0632e-05 -0.000600469 -0.000745546 -1.97953e-05 0.0035001 0.0132471 0.00280677 0.00852314 0.000444732 0.0057834 -0.00161729 0.00169059 -9.58903e-05
internal_weight=96407.2 3092.89 996.886 962.572 93314.3 457.026 1.37869 92857.3 76.1322 74.0163 2096.01 2033.42 62.2425 29.3185 18.6663 32.924 92438.6 55162.6 37276 35753.7 19510.5 4108.74 643.341 1522.35 445.119 1077.24 1562.4 16243.1 3465.4 53600.2
internal_count=1711060 63918 19931 19101 1647142 15465 56 1631677 1110 1084 43987 42666 936 430 103 506 1625017 1046882 578135 552805 296063 88782 24681 25330 8666 16664 32225 256742 64101 1014657
is_linear=0
shrinkage=0.05


Tree=178
num_leaves=31
num_cat=0
split_feature=8 17 7 9 8 17 6 6 7 5 1 17 4 17 17 4 4 1 8 17 1 7 7 7 7 7 7 7 17 6
split_gain=5.4357 4.57199 4.7074 6.42157 9.40226 5.15954 4.99438 6.1843 4.26103 4.72305 4.06319 5.58001 7.69681 4.04219 12.9912 7.6748 5.80782 9.4811 9.07693 5.41437 5.07359 4.89352 13.2811 9.76718 13.141 13.9795 7.34826 13.9544 4.74227 4.24032
threshold=7.2445845309701786 0.64592994198069786 7.5784011615071156 1.0000000180025095e-35 7.9844626742186673 0.6479041575402984 -0.12940952255126037 -0.5 8.8235743385912446 0.37940952255126054 1024.5000000000002 0.76318956511694935 4.5000000000000009 0.78953251609163166 0.66650849354048136 2.5000000000000004 1.5000000000000002 2808.5000000000005 1.0000000180025095e-35 0.66706786795161321 413.50000000000006 2.1383330595080281 1.0397207708399181 2.524928003624769 3.0201273556387074 3.1132683346437333 3.4175922930736511 3.4811217321331038 0.66677105297994299 -0.37940952255126015
decision_type=2 2 2 2 2 2 2 2 2 2 2 2 2 2 2 2 2 2 2 2 2 2 2 2 2 2 2 2 2 2
left_child=13 -2 5 4 6 -3 7 -4 -5 -10 -7 12 -12 14 16 -15 17 18 29 28 -20 22 -17 -23 -25 -26 -27 -28 -16 -1
right_child=1 2 3 8 -6 10 -8 -9 9 -11 11 -13 -14 15 19 21 -18 -19 20 -21 -22 23 -24 24 25 26 27 -29 -30 -31
leaf_value=-0.0054974342859950773 -0.013448134716912197 0.024571626420490066 0.012408244169361794 0.008065713757455328 -0.052351851760642935 0.00341043866789132 0.038610050844272145 -0.07140198278626711 0.0046991707551673929 -0.0021785463672918059 -0.028937446435047261 -0.00065418385145663829 0.010912915372439297 0.0012779696955416541 -0.0017667178622088092 -1.6760669768103619e-06 0.00026805237331679383 -0.0083150708718207674 -0.0037593079434592256 -0.0013227586746696236 0.0023455805683830228 -0.0038318308110129305 0.0075427433509219341 0.0050717743222115806 -0.006991039533850856 0.0039007662626935669 -0.0093373591218930217 -0.00023096055009637004 -0.0072389970267923917 -0.001065620533462476
leaf_weight=1035.9788816720247 43.821769386529922 15.09873143583536 6.1141009517014053 501.45154847530648 12.442892372608183 79.656328035052866 6.6733831674791899 3.439200672786682 799.29966123541817 362.97077771788463 56.856736969202757 70.239301985595375 15.398284509778021 12655.624269391177 819.53977737948298 3228.8142629051581 37889.399194603786 468.58078776299953 411.62468830123544 13603.579750300385 1964.9042107798159 2054.230781677179 711.97341768234037 1112.2329972460866 799.87625897768885 1014.5071380829904 433.41559311095625 14323.187994081993 765.89018375240266 1126.7472360283136
leaf_count=6321 284 100 150 10461 205 1798 144 71 17413 7731 419 2564 111 463141 6640 87466 236320 2840 2737 125934 13558 49867 34190 42995 21871 36708 13195 512388 6395 7043
internal_value=-7.53796e-05 0.00252174 0.00288441 0.00380905 -0.0196532 -0.00371143 0.00542065 -0.0177635 0.00421336 0.0025513 -0.00563372 -0.0106895 -0.0204449 -0.000129662 -0.000388403 0.000283983 5.65437e-05 -0.00154374 -0.000844741 -0.00164503 0.00128819 -0.000247287 0.00136136 -0.000568469 -0.00018937 -0.000542494 -0.000215438 -0.000498424 -0.00441027 -0.00318853
internal_weight=96393.6 1973.46 1929.64 1692.39 28.6696 237.249 16.2267 9.5533 1663.72 1162.27 222.151 142.494 72.255 94420.1 58086.2 36333.9 42897.2 5007.84 4539.26 15189 2376.53 23678.2 3940.79 19737.5 17683.2 16571 15771.1 14756.6 1585.43 2162.73
internal_count=1711060 41451 41167 36175 570 4992 365 221 35605 25144 4892 3094 530 1669609 407788 1261821 268819 32499 29659 138969 16295 798680 121656 677024 627157 584162 562291 525583 13035 13364
is_linear=0
shrinkage=0.05


Tree=179
num_leaves=31
num_cat=0
split_feature=1 0 0 11 10 4 16 17 5 10 0 5 1 0 16 10 16 10 10 0 17 1 16 0 0 0 0 0 0 0
split_gain=4.24619 4.82828 4.3466 3.79839 8.81263 8.06172 10.7746 5.47305 6.88135 6.47663 6.89878 8.57004 5.33208 5.0993 5.64467 4.49654 6.15578 4.42155 9.53796 6.44242 5.30745 5.17643 11.856 6.66514 6.27416 7.69513 6.93501 7.9675 5.56658 6.42771
threshold=133.50000000000003 74.500000000000014 75.500000000000014 1.0000000180025095e-35 1.8183832997795706 2.5000000000000004 0.86639497381457864 0.65257852565643415 0.37940952255126054 0.022502003570911078 37.500000000000007 -0.9159756150367534 605.50000000000011 86.500000000000014 0.74014791079184894 0.009263592076547986 0.80384775445858248 0.73060162963332453 6.1227990237026413 39.500000000000007 0.69057772757248759 2622.5000000000005 0.77575088592607722 47.500000000000007 52.500000000000007 44.500000000000007 41.500000000000007 36.500000000000007 69.500000000000014 131.50000000000003
decision_type=2 2 2 2 2 2 2 2 2 2 2 2 2 2 2 2 2 2 2 2 2 2 2 2 2 2 2 2 2 2
left_child=1 -1 -3 4 5 7 -7 8 9 10 11 -2 -9 15 -15 16 -10 -5 19 -19 21 -20 23 -23 25 26 27 -24 -25 -30
right_child=3 2 -4 17 -6 6 -8 12 13 -11 -12 -13 -14 14 -16 -17 -18 18 20 -21 -22 22 24 28 -26 -27 -28 -29 29 -31
leaf_value=0.0077630301827587636 -0.048520052831006119 -0.053830979166261596 -0.0026085276158986891 -0.0016573924394391389 -0.00011740691078849217 -0.00015870422073192833 0.011367925794453752 0.0067847203295190884 -0.01879705060549261 0.0043561429029971271 0.022001465286615219 0.010546825721465715 0.0011955457799775612 0.029810921220442689 -0.032594900911847073 0.01034934250867418 0.013573006347501465 0.0054095563094871358 -0.0051290852807989139 0.00057985708948832813 0.00023412391506032567 0.03090577720549503 0.0049693156277128012 -0.0055145848262478925 -0.00062232367029996629 -0.047801454078977491 0.036399122799840304 -0.061649413782348929 0.022192990599676169 -0.035198924489604953
leaf_weight=332.01318782870658 7.7214990090578786 4.3337173489853731 93.429395107552409 7727.4432446472347 73343.160287101986 4137.6169567767065 213.18519064970315 590.04012911999598 39.509413719177246 150.60376941598952 177.49111614748836 30.000324027612805 1541.6272180795204 4.4482731819152859 19.54269234277308 98.515120852738619 23.37729487195611 837.49377897754312 1472.7402446903288 3933.3493975168094 1333.3190789162181 35.454752005636692 11.126521855592733 53.990543201565742 82.194175638258457 19.209123685956001 7.0207287222146979 7.5226076841354361 52.222509019076824 5.3813135772943488
leaf_count=5492 75 77 1415 112990 1332988 86704 9277 16447 269 1215 1548 259 43154 25 153 791 245 10945 8503 49664 27255 209 59 320 449 106 38 43 313 32
internal_value=-7.15592e-05 0.00488726 -0.00487916 -9.37693e-05 4.47251e-05 0.00173534 0.00040609 0.00389099 0.00833204 0.0123091 0.0178745 -0.00154392 0.00274262 0.000484493 -0.021024 0.00368153 -0.00676391 -0.000808329 2.73697e-05 0.00142768 -0.00214155 -0.00395482 0.00235398 0.0120203 -0.00883192 -0.0238675 -0.00595737 -0.0219031 0.00602021 0.0168315
internal_weight=96385.1 429.776 97.7631 95955.3 80376.8 7033.68 4350.8 2682.88 551.21 365.817 215.213 37.7218 2131.67 185.393 23.991 161.402 62.8867 15578.5 7851.02 4770.84 3080.18 1746.86 274.122 147.049 127.073 44.879 25.6699 18.6491 111.594 57.6038
internal_count=1711060 6984 1492 1704076 1493150 160162 95981 64181 4580 3097 1882 334 59601 1483 178 1305 514 210926 97936 60609 37327 10072 1569 874 695 246 140 102 665 345
is_linear=0
shrinkage=0.05


Tree=180
num_leaves=31
num_cat=0
split_feature=17 9 4 16 7 1 16 1 9 1 1 9 3 9 5 0 8 16 6 16 1 0 16 8 16 1 1 5 3 16
split_gain=4.19504 8.91248 8.78222 8.40843 7.01241 6.21919 6.21389 6.09481 6.86062 5.9775 5.96578 6.79226 6.14415 6.21333 12.5576 5.6986 5.66452 5.08756 5.05603 8.84662 7.36327 6.81881 6.1574 4.87564 7.10259 6.20815 9.12136 5.52867 6.45488 6.16884
threshold=0.64679273484672806 3.5114340430413216 2.5000000000000004 0.83589105763589855 7.368024129342877 1050.5000000000002 0.8348966178517222 562.50000000000011 3.860674306308975 245.50000000000003 1114.5000000000002 3.6762205501217919 1.0000000180025095e-35 5.07203900872703 -0.37940952255126059 113.50000000000001 3.8176519431297078 0.80930611173658218 0.37940952255126048 0.83689497029231574 721.50000000000011 55.500000000000007 0.83817368627292865 4.0859410030639109 0.82912253149780868 684.50000000000011 2213.5000000000005 0.91597561503675362 1.0000000180025095e-35 0.76466052569005039
decision_type=2 2 2 2 2 2 2 2 2 2 2 2 2 2 2 2 2 2 2 2 2 2 2 2 2 2 2 2 2 2
left_child=1 3 4 6 5 -3 23 8 -4 16 11 -9 -13 14 17 18 -5 -14 19 20 -11 -22 -20 -1 27 -26 -27 28 -25 -30
right_child=-2 2 7 9 -6 -7 -8 10 -10 15 -12 12 13 -15 -16 -17 -18 -19 22 -21 21 -23 -24 24 25 26 -28 -29 29 -31
leaf_value=-0.001135422136227991 9.1400133809456814e-05 -0.0835894916595364 -0.037805824359483667 -0.022408845952991679 0.0074809801330964808 -0.0021305198026671038 0.022360153607461505 -0.11145963982004026 0.038054438603619734 0.024371430102073148 -0.016356378685430842 -0.091216294092164862 -0.070341603992930185 -0.06636294788914418 0.033420228799291837 -0.030720598023936421 -0.098683009481219969 0.011751322235553266 0.030510872764827453 -0.00050545083500211851 -0.11783674314240918 -0.024345755536209046 -0.014934152415314423 0.01385570512787053 -0.0778379055054082 0.018156495459462848 -0.065589739076499495 0.017007210765578717 -0.004372166788888323 0.0055101453111371648
leaf_weight=3807.1795943630859 90901.980641525006 4.2380660399794561 4.5540561825036994 19.509875487536195 65.038615010678768 5.2404545024037361 30.241246685385704 3.1791997924447051 8.6250814869999868 2.6862948127090913 74.031893894076347 4.11087588220835 7.2813413515687042 6.75329865515232 8.6975676864385587 21.625149771571159 2.7811458185315123 2.5476164519786835 7.8746972121298304 398.43358710035682 3.9442297369241714 3.8580565899610519 139.3755605109036 107.17646043002605 4.5846497192978886 9.3417045325040799 4.9871876090764991 72.189832970499992 314.81659635901451 316.85461782664061
leaf_count=21671 1676705 28 28 155 427 35 228 18 53 23 463 22 41 46 55 167 26 24 61 3577 30 27 1259 556 36 78 36 416 1632 2059
internal_value=1.05351e-05 -0.00133533 -0.0118518 -0.000947415 0.00162553 -0.0385527 -0.00023111 -0.0202362 0.0118409 -0.0065187 -0.0242019 -0.0420348 -0.0345251 -0.0253062 -0.0103402 -0.00553853 -0.0319252 -0.0490635 -0.0045594 -0.00169867 -0.0470258 -0.0716075 -0.0125038 -0.00037844 0.00309402 -0.0271951 -0.0109915 0.00380036 0.00250998 0.000584931
internal_weight=96363.7 5461.76 194.298 5267.46 74.5171 9.47852 4667.37 119.781 13.1791 600.089 106.602 32.5699 29.3907 25.2798 18.5265 577.798 22.291 9.82896 556.172 408.922 10.4886 7.80229 147.25 4637.13 829.951 18.9135 14.3289 811.038 738.848 631.671
internal_count=1709982 33277 1240 32037 490 63 26712 750 81 5325 669 206 188 166 120 5144 181 65 4977 3657 80 57 1320 26484 4813 150 114 4663 4247 3691
is_linear=0
shrinkage=0.05


Tree=181
num_leaves=31
num_cat=1
split_feature=17 9 16 7 10 1 16 5 16 10 1 10 8 8 8 8 8 7 10 16 10 10 16 16 10 5 2 1 6 16
split_gain=3.77928 7.99785 7.54756 5.96989 6.10713 7.80418 6.11136 6.6408 5.67378 8.96166 5.25389 8.23562 5.21337 5.15307 5.76978 5.95831 8.71223 4.97104 8.7201 4.89181 7.13138 4.84896 6.31613 5.75398 9.21808 5.39967 7.06389 5.05033 4.98394 4.97838
threshold=0.64679273484672806 3.5114340430413216 0.83589105763589855 7.4184808527387913 8.2883070050159819 620.50000000000011 0.83817368627292865 -0.70710678118654735 0.8348966178517222 7.9914240025309793 245.50000000000003 7.8823718724382426 7.6145587555815375 3.9019216517693867 6.893148997887363 6.4960202730614363 5.7822843490610341 2.524928003624769 2.896458352116396 0.86315771363349869 5.9466709513156291 6.6063040438487688 0.67579385809283876 0.81892817728629963 6.5450163141586417 -0.9159756150367534 0 670.50000000000011 -0.70710678118654757 0.7466950757825056
decision_type=2 2 2 2 2 2 2 2 2 2 2 2 2 2 2 2 2 2 2 2 2 2 2 2 2 2 1 2 2 2
left_child=1 2 8 13 5 -5 7 -7 21 -10 11 19 17 -3 15 16 -15 -12 -19 -4 -21 23 -23 25 -25 26 -1 -28 -27 -30
right_child=-2 3 10 4 -6 6 -8 -9 9 -11 12 -13 -14 14 -16 -17 -18 18 -20 20 -22 22 -24 24 -26 28 27 -29 29 -31
leaf_value=0.0010569438298174301 8.6833124046271004e-05 0.031084321020442458 0.0083936962896802112 0.024251179956835071 -0.024763264937283848 -0.032717221527079648 0.029521390285836075 -0.00306357632629749 0.030273277893303259 -0.063840788333906884 -0.011518372011716337 -0.11162925170234726 -0.080616044345892965 -0.052397793172808474 0.025401754086719797 -0.1036069858185323 0.016768686046513 0.021635176174528981 -0.0040972926212813751 -0.015405946742598264 -0.10452663757991194 -0.0084102368644291513 0.0020392374303647644 0.0072962726809910937 -0.079794646004766823 -0.0048320201736758691 -0.0062430968770072238 -0.022255281753729941 0.0053058100700612773 -0.00182576897707366
leaf_weight=126.46389059722424 90898.92857492948 3.118043676018714 9.0916916280984932 23.333592139184475 37.774948976933956 26.984695732593536 9.8477222472429258 62.862447112798691 27.10897117853165 2.7897055372595778 191.94854348711669 2.7060332745313636 2.2851143442094317 17.954172231256972 3.3725760132074347 3.6268730312585822 6.0994964130222789 36.352276999503374 348.99369269609451 7.730877008289097 3.1631153784692287 155.39635440707207 2083.6063799783587 205.67765341326594 3.0838846117258063 739.04754241928458 91.457023199647665 106.69304920732975 359.61221884191036 765.90245843678713
leaf_count=724 1676705 18 68 143 235 163 102 377 208 20 1272 20 24 119 22 21 40 469 3379 63 30 803 11608 1507 23 4214 526 612 1939 4528
internal_value=1.00619e-05 -0.00126708 -0.000899107 -0.0112115 -0.00717829 -0.00177896 -0.00787132 -0.0119698 -0.000219295 0.0214919 -0.00616679 -0.0297682 -0.00524275 -0.0301908 -0.0363435 -0.0438665 -0.0348587 -0.0049444 -0.00166978 -0.0186843 -0.0412825 -0.000359287 0.001314 -0.00192167 0.00600974 -0.00267801 -0.0086294 -0.0141507 -0.0016419 0.000452836
internal_weight=96363 5464.09 5269.11 194.975 160.803 123.028 99.6949 89.8471 4666.84 29.8987 602.271 22.6917 579.58 34.1712 31.0531 27.6805 24.0537 577.295 385.346 19.9857 10.894 4636.94 2239 2397.94 208.762 2189.18 324.614 198.15 1864.56 1125.51
internal_count=1709982 33277 32037 1240 1020 785 642 540 26712 228 5325 181 5144 220 202 180 159 5120 3848 161 93 26484 12411 14073 1530 12543 1862 1138 10681 6467
cat_boundaries=0 1
cat_threshold=18
is_linear=0
shrinkage=0.05


Tree=182
num_leaves=31
num_cat=0
split_feature=4 17 1 8 0 6 1 9 3 17 0 8 5 8 4 17 8 8 1 1 0 6 8 8 5 5 1 0 6 17
split_gain=4.02428 6.10072 7.24248 5.99317 5.02052 4.46484 4.42244 5.60778 4.97592 5.10124 4.48605 4.10107 3.82256 3.46606 5.12356 8.3608 5.18037 4.94519 4.23461 5.48799 5.20769 4.83575 3.95378 4.2476 3.90995 3.65298 3.43538 5.32406 5.25369 4.81293
threshold=4.5000000000000009 0.79658193056511484 397.50000000000006 1.8688348091416842 105.50000000000001 0.91597561503675351 6958.5000000000009 0.89587973461402759 1.0000000180025095e-35 0.81309123678669082 38.500000000000007 2.0126758453675748 -0.78656609248549292 7.36232791083878 3.5000000000000004 0.66254140008263762 7.4977615469851502 7.4220747473157358 838.50000000000011 966.50000000000011 29.500000000000004 1.0000000180025095e-35 6.4321355873363304 6.3860368591801864 -0.98296291314453399 -0.60355339059327362 714.50000000000011 16.500000000000004 -0.98296291314453399 0.6479041575402984
decision_type=2 2 2 2 2 2 2 2 2 2 2 2 2 2 2 2 2 2 2 2 2 2 2 2 2 2 2 2 2 2
left_child=4 2 -2 26 6 -5 8 11 -1 10 13 -8 -9 22 15 16 -15 -16 -18 -20 -21 -22 23 -10 -25 -26 28 -28 -4 -29
right_child=1 -3 3 5 -6 -7 7 12 9 -11 -12 -13 -14 14 17 -17 18 -19 19 20 21 -23 -24 24 25 -27 27 29 -30 -31
leaf_value=-0.0007866770585869524 0.0056309453450018847 -0.0015496769029477435 -0.012246743108198529 0.0016661328621008582 -0.0018578606119394711 0.0072672191798393146 -0.0017959675840871399 0.012480018083285034 0.0011673355764791587 0.0030973888458991905 -3.5582247853942779e-05 -0.0069132064175960132 0.00052230588713563636 -0.067062322810119437 -0.053995026969863337 -0.00098926586656471172 0.0093672335749527113 0.01869837217214022 -0.096794838397744221 0.021551660684617696 -0.061831425243043171 -0.0026236794368400067 0.0074655289402378693 -0.10929014167841562 0.023951621142198929 -0.029719692407597288 0.06912422909169727 -0.0052278290704038353 0.0033375613785845055 -0.00021617303894788437
leaf_weight=15140.301946304739 849.43976690340787 2453.4170524070505 57.238502519670874 5411.2030226588249 4009.5375616676174 380.83741617295891 1255.6661445647478 87.776507114991546 8621.190110737225 1510.468498303555 48752.706061365781 568.92990233516321 280.12445121165365 7.7835156619548789 2.5774230705574181 62.764895477797836 8.1960235387086886 25.34995424002409 2.9020350947976139 4.8868284523487118 8.6384141333401185 5.7402673140168181 252.33166159503162 1.2211239053867782 4.1846141093410596 13.079527653288093 2.7321996688842765 529.02468378841877 979.74799868511036 5071.8819894329645
leaf_count=229387 8576 129352 585 59158 64094 4163 18534 1563 150658 148863 808472 9592 4760 54 44 1845 64 478 23 32 58 40 4808 24 87 210 26 3051 9785 51596
internal_value=9.61339e-06 0.000741021 0.00116415 0.000858963 -0.000133132 0.00203441 -4.28734e-05 -0.0022561 2.23271e-05 0.000228935 0.000153941 -0.00339158 0.00337526 0.00117821 -0.00696396 -0.0122093 -0.0306701 0.0119895 -0.0213412 -0.032695 -0.0230395 -0.0381945 0.00129618 0.001116 -0.0228262 -0.0167104 -0.000166281 -0.000655501 0.00247736 -0.000689541
internal_weight=96361.9 15735.5 13282.1 12432.7 80626.4 5792.04 76616.8 2192.5 74424.3 59284 57773.6 1824.6 367.901 9020.85 128.839 100.912 38.1471 27.9274 30.3636 22.1675 19.2655 14.3787 8892.01 8639.68 18.4853 17.2641 6640.63 5603.64 1036.99 5600.91
internal_count=1709982 266292 136940 128364 1443690 63321 1379596 34449 1345147 1115760 966897 28126 6323 158425 2638 2116 271 522 217 153 130 98 155787 150979 321 297 65043 54673 10370 54647
is_linear=0
shrinkage=0.05


Tree=183
num_leaves=31
num_cat=3
split_feature=4 17 8 2 0 10 11 10 10 10 8 17 9 2 5 17 5 0 17 17 9 17 17 0 6 9 0 2 8 0
split_gain=3.63281 5.50638 4.65372 5.24185 4.52833 4.63559 6.90546 6.31891 6.78564 5.27033 8.33578 6.11548 6.08322 5.76956 7.60338 5.05263 14.9321 5.03792 5.89606 4.98178 4.97214 4.91097 5.4924 6.40627 5.27375 4.84683 5.02664 4.61186 4.58087 4.5305
threshold=4.5000000000000009 0.79658193056511484 1.8688348091416842 0 105.50000000000001 5.1302678963166395 1.0000000180025095e-35 1.0261490310845864 0.0050012057349847058 1.9786323112709436 2.0126758453675748 0.65257852565643415 1.7005986908310777 1 0.37940952255126054 0.65257852565643415 0.98296291314453421 93.500000000000014 0.74546069913024915 0.64927455643692611 3.6762205501217919 0.65482602348022312 0.65850104367233386 99.500000000000014 -0.98296291314453399 2.1383330595080281 50.500000000000007 2 4.3107766033702406 37.500000000000007
decision_type=2 2 2 1 2 2 2 2 2 2 2 2 2 1 2 2 2 2 2 2 2 2 2 2 2 2 2 1 2 2
left_child=4 2 3 -2 5 6 9 8 -8 11 12 19 21 14 -12 16 -16 29 -19 -1 -15 -11 23 24 -23 26 -14 -13 -21 -9
right_child=1 -3 -4 -5 -6 -7 7 17 -10 10 13 27 25 20 15 -17 -18 18 -20 28 -22 22 -24 -25 -26 -27 -28 -29 -30 -31
leaf_value=0.0028400314594782283 0.0033385884665557927 -0.0014709904993748858 0.0021290223831489734 -0.00033684287255785774 -0.0017639723020603879 -0.00030234128410545327 0.00088287194617321782 0.0057842101966620535 -0.0025811496951936891 -0.0026975961347231172 0.0026121938557631817 0.0034373691461412979 -0.1511976224763342 0.00066085589909720133 0.030562327720557277 0.0085728479043632403 -0.041647381454965764 0.021147928796860036 -0.003480672106043246 0.0096814315387449262 0.027241506938822071 -0.018865747479284857 -0.00012539999746308486 -0.044062742320140118 0.0081681999133787625 0.0081082701054242638 -0.022327190823058028 0.0002038998526900206 -0.059111394361906044 6.7565227703527807e-05
leaf_weight=711.86478829011321 1144.0579930669628 2455.3712755248416 6053.4830774208531 6078.7930442737415 4011.7418139353395 52743.646692097187 2133.0125796510838 422.60638691019267 4192.4699620530009 1779.0397479049861 657.20008017797954 1864.27581190411 1.7214999147690826 1598.9363725660369 68.677923567593098 284.50376382144168 7.9924516081809989 67.409778296947479 37.999583667144179 498.69104589521885 17.789237848017365 18.968830138444901 4504.9544972211588 6.2800918146967879 368.48187451064587 1.837446443736553 1.3501152428798375 2695.5521875089034 2.4317218102514735 1926.5361304734834
leaf_count=5594 11283 129352 66239 59418 64094 927624 39424 5605 53884 11719 17818 50695 27 38523 550 8767 58 402 909 4101 529 112 112347 37 2237 31 30 73669 23 24881
internal_value=9.17095e-06 0.000704191 0.00110648 0.00024948 -0.000126441 -4.06953e-05 0.000537429 -0.00057748 -0.00141305 0.00118611 0.000450622 0.00237324 -0.00048848 0.00283219 0.00575844 0.0116429 0.0230349 0.00157582 0.0122694 0.00552851 0.000947469 -0.000447577 0.000369555 0.00603269 0.00684467 -0.0561273 -0.0945532 0.00153388 0.00934761 0.00109598
internal_weight=96357.7 15731.7 13276.3 7222.85 80626 76614.2 23870.6 8780.03 6325.48 15090.5 9317.73 5772.82 6682.63 2635.1 1018.37 361.174 76.6704 2454.55 105.409 1212.99 1616.73 6677.73 4898.69 393.731 387.451 4.90906 3.07162 4559.83 501.123 2349.14
internal_count=1709982 266292 136940 70701 1443690 1379596 451972 125105 93308 326867 192785 134082 126540 66245 27193 9375 608 31797 1311 9718 39052 126452 114733 2386 2349 88 57 124364 4124 30486
cat_boundaries=0 1 2 3
cat_threshold=4 24 5
is_linear=0
shrinkage=0.05


Tree=184
num_leaves=31
num_cat=0
split_feature=17 9 4 16 7 8 16 10 1 1 9 10 8 17 1 16 8 5 8 1 10 17 17 4 17 5 5 4 17 4
split_gain=3.29748 7.20686 7.60363 6.79391 5.79818 5.70667 5.18312 8.04181 5.1448 5.13923 6.03438 5.94361 8.05305 5.24785 10.1299 8.51851 5.84403 4.80456 5.80488 4.72916 6.79873 4.50798 7.47845 7.21798 7.1485 7.26231 8.0456 7.02043 7.2367 6.72508
threshold=0.64679273484672806 3.5114340430413216 2.5000000000000004 0.83589105763589855 7.368024129342877 7.6629377400468597 0.8348966178517222 7.9914240025309793 1050.5000000000002 562.50000000000011 3.860674306308975 8.2883070050159819 7.36232791083878 0.64592994198069786 910.50000000000011 0.79025479400323906 6.3017023852040754 0.25881904510252091 6.560322951694908 245.50000000000003 7.8823718724382426 0.66166140763983117 0.78191805040034468 3.5000000000000004 0.65657385268711743 0.91597561503675362 1.0000000180025095e-35 3.5000000000000004 0.6619687418888992 1.5000000000000002
decision_type=2 2 2 2 2 2 2 2 2 2 2 2 2 2 2 2 2 2 2 2 2 2 2 2 2 2 2 2 2 2
left_child=1 3 4 6 8 19 -1 -8 -3 10 -4 13 17 14 16 -16 -11 18 -13 20 -5 23 27 24 -2 26 -26 28 -23 -24
right_child=21 2 9 5 -6 -7 7 -9 -10 11 -12 12 -14 -15 15 -17 -18 -19 -20 -21 -22 22 29 -25 25 -27 -28 -29 -30 -31
leaf_value=-0.00032129810858760963 -0.00059889307423545163 -0.073868674452256741 -0.034825474914022367 -0.01749530850674012 0.0073372400747660181 -0.086695471343418429 0.029244488022258566 -0.05870565787257126 -0.00082049554228722519 -0.12111300168265056 0.036240983912753162 -0.045300753991857352 -0.084577303781596183 -0.0046636053376830546 -0.035051803052612955 0.02019032506383088 -0.03575960607873379 -0.069509929687152736 0.031483042331596697 -0.0046463943160600114 -0.099702727882128278 -0.0060724108361317527 0.0022114984798585172 0.0016523937308961058 0.0027462253087201949 0.0071491905738516508 -0.0015699390431260553 0.00028824075127033879 -0.0012243983760783946 5.1537222198714823e-05
leaf_weight=4636.3060957174748 13388.286546811461 4.4242472201585752 4.6090316921472541 20.223370719701055 64.920401096343994 2.1735298521816722 26.688633728772405 2.8795083016157141 5.2954619601368904 4.1202829256653768 8.4880554378032667 4.5220611393451708 8.1491634994745237 46.629199605435133 20.926659464836124 10.469996266067026 3.9071580022573471 3.817704737186431 5.401805117726326 578.72251153364778 2.872248910367488 811.91582742333412 4035.8665871445555 10376.940334726125 2609.8318694457412 530.5623064097017 1841.5606590919197 8817.2113665142097 14823.998578891158 33651.704491318204
leaf_count=26484 86667 28 28 161 427 21 208 20 35 25 53 26 51 294 113 82 24 22 32 5123 20 4641 150395 63144 15996 3217 11259 68785 123336 1149265
internal_value=8.78963e-06 -0.001184 -0.0106062 -0.000834135 0.00194505 -0.00582391 -0.000188214 0.0206794 -0.0340708 -0.0183459 0.0112318 -0.0219346 -0.0451968 -0.0160171 -0.0294455 -0.0166299 -0.0795694 -0.0218429 -0.00350544 -0.00553183 -0.0277189 8.05181e-05 -0.000158989 0.000598242 2.77554e-06 0.00161967 0.000960609 -0.000839945 -0.00147614 0.000282842
internal_weight=96353.4 5465.55 195.681 5269.87 74.6401 603.992 4665.87 29.5681 9.71971 121.041 13.0971 107.944 21.8907 86.0533 39.4241 31.3967 8.02744 13.7416 9.92387 601.818 23.0956 90887.9 62140.7 28747.2 18370.2 4981.95 4451.39 24453.1 15635.9 37687.6
internal_count=1709982 33277 1240 32037 490 5325 26712 228 63 750 81 669 131 538 244 195 49 80 58 5304 181 1676705 1496422 180283 117139 30472 27255 196762 127977 1299660
is_linear=0
shrinkage=0.05


Tree=185
num_leaves=31
num_cat=0
split_feature=0 16 4 17 7 7 17 16 17 7 8 6 9 17 9 9 4 16 16 16 16 17 16 16 16 16 17 10 17 16
split_gain=4.99551 5.47692 21.2619 14.0243 8.56425 7.91191 7.59951 7.52385 7.3802 6.92027 7.19508 13.4342 7.88307 12.6047 7.39471 6.96445 6.75139 6.87991 13.0854 6.72948 7.7344 10.8364 9.94683 14.0175 18.7473 9.06394 8.86534 7.68002 7.80083 7.51817
threshold=72.500000000000014 0.82309145174897347 1.5000000000000002 0.71544264689159509 4.3882378946731615 4.3372693810700085 0.66293891151079853 0.82557117265305535 0.64679273484672806 8.9414146194452275 6.4559841094561436 0.78656609248549303 4.6001450180613412 0.66166140763983117 1.4978661367769956 3.5114340430413216 1.5000000000000002 0.76654497051352888 0.77437798501052046 0.817412184997793 0.76187841967785319 0.65097512213835806 0.77179456931727786 0.77005389237929101 0.76729533979433506 0.77913418258995193 0.66232178865563784 8.2496718489733301 0.66538579075336501 0.76386094938731974
decision_type=2 2 2 2 2 2 2 2 2 2 2 2 2 2 2 2 2 2 2 2 2 2 2 2 2 2 2 2 2 2
left_child=1 16 3 4 5 -3 8 -5 -4 15 11 14 -12 -14 -11 -10 19 -18 -19 20 21 -1 23 24 26 27 29 28 -24 -22
right_child=-2 2 6 7 -6 -7 -8 -9 9 10 12 -13 13 -15 -16 -17 17 18 -20 -21 22 -23 25 -25 -26 -27 -28 -29 -30 -31
leaf_value=-0.0071596505489002291 -0.0005662997811918196 -0.010724304029990916 -0.0014558258381759245 0.0083280711849543047 -0.0017195861210524456 -0.061180463950752634 0.0010334920976754428 -0.0017817585204397421 0.0045723994072530477 0.040185130411797443 0.01390225992992423 -0.097711842523604223 -0.01053889297424189 -0.1398894252843956 -0.025864570568716168 0.021765217436038979 0.00044211607077116735 -0.0034906788093242895 -0.00027147285568882913 -0.0060774861021883134 0.023368332976662735 0.0014286851350920082 -0.019583343139789454 0.017274965494350779 -0.016530058388828619 0.0027025318462492714 0.0030424673231060901 0.033089094734562882 -0.0015437114335147034 -0.0010313283607560645
leaf_weight=476.2166802957654 24911.100663311081 625.78869309276342 606.54325453005731 231.90933023532853 363.07561096921563 7.8671761341392985 8579.6373422814067 891.40852941432968 3390.4235317166895 5.2426390983164337 39.752426195889711 5.6792248040437689 15.497525129467251 2.1439103335142127 22.104751236736774 59.943742081522942 24350.562601445708 3678.638119418174 22246.666542418301 274.55086461314932 121.92112311348319 1605.7496548476629 101.34222787618637 274.40340129006654 96.646843147464097 2767.6674649594352 360.35598038276657 11.381239421665667 146.64277399238199 42.602318231016397
leaf_count=2603 419217 5177 5201 7311 3648 79 289962 36435 30037 48 403 50 172 19 202 603 421168 46140 338848 7046 735 19253 582 2367 859 39051 28152 120 3517 241
internal_value=4.33439e-05 0.000256038 0.00111071 -0.00352526 -0.00784244 -0.0113507 0.00188297 0.000305419 0.00364029 0.00451326 -0.0091414 -0.0277346 0.00155786 -0.0262585 -0.0132025 0.00487109 3.16685e-05 -0.0001614 -0.000728258 0.00157745 0.00192744 -0.00053576 0.00323469 0.00786251 0.00370692 0.00186496 0.00743319 -0.00707262 -0.00891584 0.0170502
internal_weight=96313.5 71402.4 14847 2120.05 996.731 633.656 12727 1123.32 4147.33 3540.79 90.4205 33.0266 57.3939 17.6414 27.3474 3450.37 56555.3 50275.9 25925.3 6279.48 6004.93 2081.97 3922.96 895.93 621.526 3027.03 524.879 259.366 247.985 164.523
internal_count=1709246 1290029 379347 52650 8904 5256 326697 43746 36735 31534 894 300 594 191 250 30640 910682 806156 384988 104526 97480 21856 75624 32354 29987 43270 29128 4219 4099 976
is_linear=0
shrinkage=0.05


Tree=186
num_leaves=31
num_cat=0
split_feature=10 8 7 8 16 4 16 8 7 8 1 17 10 7 16 7 5 16 17 6 17 17 16 6 8 1 16 17 1 5
split_gain=4.72809 6.31714 8.75465 9.60823 7.81116 8.50835 8.85638 7.16844 11.7609 8.08123 6.46722 8.30975 6.32382 6.31084 5.99214 6.54026 7.3299 8.53433 7.79731 7.09209 6.32702 8.42102 7.83781 5.64308 6.22832 6.18175 5.6129 7.58232 9.57136 6.45323
threshold=7.9281248631471941 3.860674306308975 5.4827179284163234 1.4978661367769956 0.833417584468649 1.5000000000000002 0.83266243676362361 3.4175922930736511 6.2850661277898343 1.0000000180025095e-35 220.50000000000003 0.73118974531857261 6.1735934429012671 2.3502401828962087 0.81795106996748246 4.6491756246494491 -0.9159756150367534 0.85076711066071142 0.66232178865563784 -0.12940952255126037 0.64679273484672806 0.66254140008263762 0.89087966142384911 -0.70710678118654757 3.9019216517693867 1077.5000000000002 0.81509598270433947 0.66790175964937204 541.50000000000011 -0.25881904510252113
decision_type=2 2 2 2 2 2 2 2 2 2 2 2 2 2 2 2 2 2 2 2 2 2 2 2 2 2 2 2 2 2
left_child=1 2 3 -1 5 6 26 9 -9 -4 11 12 -7 -3 -15 16 18 -18 19 -16 22 -22 -17 24 25 -19 -5 28 29 -28
right_child=-2 13 7 4 -6 10 -8 8 -10 -11 -12 -13 -14 14 15 20 17 23 -20 -21 21 -23 -24 -25 -26 -27 27 -29 -30 -31
leaf_value=-0.00018978844811209629 -0.00078559682844763076 0.02351857990102019 0.0080546708899089086 0.0063440851181965942 0.0037909963200583735 0.003763770534291166 -0.10298261234222579 0.0039122624330401286 -0.0037275863750976575 -0.00325387883227575 0.0002145965970826206 -0.0032607677364201396 0.025218050593783355 0.00056115730638920584 -0.014736690300712894 -0.011036024122034478 0.0061355798145021736 -0.2581717132398561 -0.012669718310007107 -0.11103606535481703 0.0091162092442319716 0.0026055523076152715 0.041053429603047142 -0.0053912355087937895 -0.032444119011180682 -0.044901350051333978 -0.014296604429460572 0.0028959240041285007 -0.0073023644917048205 -0.088299240085175631
leaf_weight=45691.060644221259 14657.417227069382 31.599383785855025 163.90511935995892 1041.0576413730159 2505.8556453336496 59.133927185088396 1.9063536534085859 1200.6128456967417 867.88724016910419 4370.5645778989419 12391.934817318572 89.372089491225779 81.94265978038311 9990.9627607674338 3.2179100997745991 110.12128446996212 103.87575512425974 0.63004713179543859 18.461231831926852 4.7108362540602711 660.22974662855268 2004.6344284808729 7.7284515909850588 29.014545908663422 17.863670674618334 0.73749261582270265 4.979383647441864 149.11109877051786 38.859447509050369 7.2137944661080819
leaf_count=743341 233623 861 2999 18388 79434 395 34 24392 17436 85755 216191 3050 496 188368 32 1035 2645 24 673 45 6497 75918 93 1148 654 20 44 5258 332 65
internal_value=4.12631e-05 0.000189698 -1.54478e-06 0.000182607 0.00122193 0.000757633 0.00470436 -0.00173242 0.000706786 -0.00284511 0.000368936 0.00866822 0.0162252 0.0012011 0.00114665 0.00312206 -0.00615548 -0.00193551 -0.030481 -0.0719526 0.00371722 0.00421859 -0.00762006 -0.019313 -0.0403171 -0.143158 0.00486976 -0.00279827 -0.0194295 -0.0580784
internal_weight=96306.6 81649.2 68665.4 62062.4 16371.4 13865.5 1243.13 6602.97 2068.5 4534.47 12622.4 230.449 141.077 12983.8 12952.2 2961.23 178.511 152.122 26.39 7.92875 2782.71 2664.86 117.85 48.2458 19.2312 1.36754 1241.22 200.164 51.0526 12.1932
internal_count=1709246 1475623 1197610 1067028 323687 244253 24121 130582 41828 88754 220132 3941 891 278013 277152 88784 5241 4491 750 77 83543 82415 1128 1846 698 44 24087 5699 441 109
is_linear=0
shrinkage=0.05


Tree=187
num_leaves=31
num_cat=1
split_feature=0 16 4 16 17 17 16 16 16 8 9 17 17 17 4 16 16 17 1 16 16 17 16 16 16 16 17 16 2 8
split_gain=4.49521 4.64433 19.0225 12.6639 15.576 12.4445 12.6024 9.50195 17.1014 8.94028 8.445 7.14479 6.81988 6.49066 5.83982 6.23734 11.7736 6.664 6.13631 5.99058 6.96781 9.79142 9.00652 12.7963 16.8995 8.17395 8.06052 6.8555 6.64883 8.58113
threshold=72.500000000000014 0.82309145174897347 1.5000000000000002 0.82557117265305535 0.66677105297994299 0.78999681022789259 0.85907782785924558 0.84386114761678221 0.84605918233744193 3.9219243190762363 1.7005986908310777 0.65947605478848759 0.66293891151079853 0.64679273484672806 1.5000000000000002 0.76654497051352888 0.77437798501052046 0.66254140008263762 13521.000000000002 0.817412184997793 0.76187841967785319 0.65097512213835806 0.77179456931727786 0.77005389237929101 0.76729533979433506 0.77913418258995193 0.66232178865563784 0.76386094938731974 0 3.9796379800581989
decision_type=2 2 2 2 2 2 2 2 2 2 2 2 2 2 2 2 2 2 2 2 2 2 2 2 2 2 2 2 1 2
left_child=1 14 3 4 -3 6 7 9 11 -5 -11 -9 13 -4 19 -16 17 18 -17 20 21 28 23 24 26 -24 27 -22 29 -1
right_child=-2 2 12 5 -6 -7 -8 8 -10 10 -12 -13 -14 -15 15 16 -18 -19 -20 -21 22 -23 25 -25 -26 -27 -28 -29 -30 -31
leaf_value=0.01920848514072486 -0.00053896867659955158 -0.04737163492635138 -0.0013463318618857809 -0.014074935242390386 0.0085827932086027219 4.7949419023208368e-05 -0.0032766073810372321 -0.13488770473230891 -0.02044555713122103 0.020409990994210526 -0.012557052238512138 -0.051713680832786615 0.00095600619851665214 0.0042499324812251228 0.00042984062437843038 -0.0004864487141177562 -0.00025103346332366644 -0.0050966623383283914 -0.034805552128953011 -0.0057350590750812804 0.022313693118312949 0.0013342279840553454 -0.006737936681563245 0.016486900687698505 -0.01566486381648962 0.0025405270791598769 0.0028591833578696059 -0.001007325237589113 -0.0089397158560522438 -0.028562910539593769
leaf_weight=47.03230981528759 24913.515922884922 13.000054210424421 607.29389863833785 301.9422303782776 287.3441888440866 745.231353467796 572.45086454600096 4.4739357605576497 114.53495660237968 41.331091003492475 36.652872528880835 6.1056932248175144 8570.016096679261 3528.6343960184604 24349.24881107104 1517.5131751783192 22250.1161622894 2152.2946143131703 13.137692257761953 275.58029869385064 121.07809410244226 1605.1974979210645 259.67359948158264 272.64680104143918 97.114882045425475 2763.1729945284314 359.60043090791442 42.59993552416563 417.27640618011355 11.748684242367743
leaf_count=258 419217 99 5201 2514 7946 34499 5797 30 964 398 346 57 289962 31534 421168 8479 338848 37591 70 7046 735 19253 4219 2367 859 39051 28152 241 2282 63
internal_value=3.92879e-05 0.000241103 0.00102871 -0.00335224 0.00616087 -0.00491979 -0.00835566 -0.0141126 -0.0260638 -0.010177 0.00491531 -0.0868865 0.00176074 0.00342821 3.45885e-05 -0.000144866 -0.000684474 -0.00330306 -0.000781012 0.0014731 0.00180433 -0.000533422 0.00304682 0.00745852 0.00349078 0.00174347 0.00704587 0.016244 -0.00683087 0.00825581
internal_weight=96297.6 71384 14829 2123.07 300.344 1822.72 1077.49 505.041 125.115 379.926 77.984 10.5796 12705.9 4135.93 56555 50282.3 25933.1 3682.95 1530.65 6272.72 5997.14 2081.25 3915.89 893.04 620.393 3022.85 523.278 163.678 476.057 58.781
internal_count=1709246 1290029 379347 52650 8045 44605 10106 4309 1051 3258 744 87 326697 36735 910682 806156 384988 46140 8549 104526 97480 21856 75624 32354 29987 43270 29128 976 2603 321
cat_boundaries=0 1
cat_threshold=1
is_linear=0
shrinkage=0.05


Tree=188
num_leaves=31
num_cat=1
split_feature=10 8 16 7 8 7 8 10 17 7 16 0 4 10 16 17 0 10 17 4 0 2 16 7 7 7 16 17 0 0
split_gain=4.2269 5.8058 8.80204 6.88819 7.28985 7.16287 9.30191 6.39964 10.8698 5.62096 5.10471 7.57005 7.36458 5.68964 4.9871 4.97495 10.3252 4.90622 4.80449 6.68922 6.92616 7.13539 9.60832 7.72786 6.31314 8.96338 5.8787 5.42222 6.03901 6.7953
threshold=7.9281248631471941 2.6735537653587351 0.82857035382597222 4.5900436644025815 1.4978661367769956 4.6298509007569537 1.0000000180025095e-35 0.3497316826816268 0.70361808073131904 10.274602580264551 0.82309145174897347 132.50000000000003 1.5000000000000002 6.5655444681963475 0.76031047465747836 0.65657385268711743 114.50000000000001 4.1291433741119539 0.65947605478848759 4.5000000000000009 29.500000000000004 0 0.72374940372495866 3.7494348669884658 3.1132683346437333 3.7494348669884658 0.72191915820009889 0.65257852565643415 60.500000000000007 65.500000000000014
decision_type=2 2 2 2 2 2 2 2 2 2 2 2 2 2 2 2 2 2 2 2 2 1 2 2 2 2 2 2 2 2
left_child=1 3 9 4 -1 7 15 8 14 -3 12 -12 -6 17 -5 16 -7 -14 19 27 -21 26 23 -23 -24 -26 -22 28 -19 -30
right_child=-2 2 -4 5 10 6 -8 -9 -10 -11 11 -13 13 -15 -16 -17 -18 18 -20 20 21 22 24 -25 25 -27 -28 -29 29 -31
leaf_value=-0.00013562407029019485 -0.00074432441018761725 0.00036581034265788253 0.0030080571034435495 -0.039232230567980877 0.0065085876529211734 -0.0055407687985053466 -0.0018317766966472007 -0.0071170523983461829 0.0011932610141026547 0.017326111053606066 0.0044326730474448873 -0.027567750350991217 0.0021045941061924893 0.0024251293146585902 -0.12153528491289277 0.0071523318393834009 0.069908082347191855 5.5243721261746196e-05 -0.00053462981234728613 -0.045596951818590366 -0.014381360491008612 0.078821468452959328 0.032706387178691738 -0.0048654883533691372 -0.049036431065937254 -0.0054871869684181701 0.017839406869930793 -0.014550973979492694 -0.032903022932100533 -0.0071708206475809824
leaf_weight=44101.153013056144 14661.350667964667 19406.582450389862 3910.8827127793338 3.412451505661009 526.39112429087982 148.21474989131093 5801.4325389259029 334.93842908926308 7.7071256660856307 48.975366395432502 1583.3125209375285 18.699349901871756 929.95263048843481 1976.5655909697525 3.995833732187748 469.39164377516136 4.6776291206479064 268.10349728167057 1534.6653216388077 7.030990704894065 16.600556612014771 5.0869958400726301 5.6004783436655989 6.0267441272735596 20.024643056094646 28.82145506888628 96.144419267773628 199.21575307846069 31.689199283719063 134.7666836604476
leaf_count=714724 233623 361142 124232 22 9691 865 111183 6213 289 1332 46875 429 19311 29590 37 10193 26 1628 34624 42 85 25 33 30 117 174 562 1185 185 779
internal_value=3.7349e-05 0.000177743 0.000843596 -8.92951e-05 0.000107892 -0.00158818 -0.00120863 -0.00855323 -0.0403771 0.000408504 0.00156137 0.00405915 0.000869878 0.000305619 -0.0836243 0.00460083 -0.00323247 -0.000970171 -0.00218498 -0.00527703 0.00307849 0.00499788 -0.00774577 0.0334398 -0.0175753 -0.0233404 0.0120284 -0.00772045 -0.00458912 -0.0120696
internal_weight=96291.4 81630.1 23366.4 58263.6 51489.9 6773.77 6423.72 350.054 15.1154 19455.6 7388.7 1602.01 5786.69 5260.29 7.40829 622.284 152.892 3283.73 2353.78 819.111 185.336 178.305 65.5603 11.1137 54.4466 48.8461 112.745 633.775 434.559 166.456
internal_count=1709246 1475623 486706 988917 860089 128828 122267 6561 348 362474 145365 47304 98061 88370 59 11084 891 58780 39469 4845 1068 1026 379 55 324 291 647 3777 2592 964
cat_boundaries=0 1
cat_threshold=22
is_linear=0
shrinkage=0.05


Tree=189
num_leaves=31
num_cat=1
split_feature=0 10 4 5 2 6 0 17 4 1 0 0 1 1 16 10 16 6 17 17 1 6 0 10 0 10 10 17 5 16
split_gain=4.04642 4.64506 5.23868 4.93919 5.33117 6.29593 4.87321 4.31166 5.73108 7.38523 6.28633 5.56501 4.90175 5.41555 4.8372 4.22703 7.16556 4.2668 4.04587 6.24765 5.65947 8.44171 5.4995 5.48783 5.1525 10.17 7.22607 5.05902 4.57873 4.13224
threshold=72.500000000000014 8.3373012069060888 1.5000000000000002 0.12940952255126045 0 0.91597561503675351 138.50000000000003 0.64619791601474053 2.5000000000000004 605.50000000000011 116.50000000000001 98.500000000000014 684.50000000000011 775.50000000000011 0.73319592718436488 6.5003130712322372 0.71749132347905142 -0.12940952255126037 0.65070748628260666 0.65186974613117965 405.50000000000006 0.91597561503675351 132.50000000000003 7.8593811758287044 89.500000000000014 0.0045439603260511432 8.1633780594801681 0.64644959165753857 -0.9159756150367534 0.91123607964539388
decision_type=2 2 2 2 1 2 2 2 2 2 2 2 2 2 2 2 2 2 2 2 2 2 2 2 2 2 2 2 2 2
left_child=-1 3 -3 4 18 7 -7 8 9 -6 11 12 -11 -14 -9 17 -17 -15 20 22 21 23 24 -2 25 -20 -27 -23 -25 -22
right_child=1 2 -4 -5 5 6 -8 14 -10 10 -12 -13 13 15 -16 16 -18 -19 19 -21 29 27 -24 28 -26 26 -28 -29 -30 -31
leaf_value=0.0002270654093398232 -0.008629305871661273 -0.020148734256061677 -0.0035612889024399814 -0.0012625586286220056 0.079179277882187996 0.0029583283121215652 0.023725896474281846 0.0021126032615668465 -0.011297949202197934 -0.042914797293927463 0.043783070709609115 -0.030894954597845067 0.05461631109427556 -0.031040789175806889 -0.0012305148344559863 -0.039603003967951814 0.031984444130571957 0.020449571617000083 0.092881757191443523 0.001778783713348407 0.0011075519259812639 0.0073939962353051563 0.064603923370669059 -0.019290550269134815 -0.0013630075936412311 0.016749358774275032 -0.046749921949329948 -0.057256826362305648 0.028132020214113936 -0.045965892085445367
leaf_weight=71366.412169729592 185.15658096596599 54.468926750589162 377.42780407005921 10202.834105083253 3.1895252987742415 769.49077050178312 29.324218987487257 1280.2816007398069 207.3579976670444 4.9899005740880957 7.8405652642250052 14.528520226478575 5.7583174668252459 12.705414447933437 6986.6761634149589 4.3676404356956509 17.506745904684067 5.8878653943538657 4.229656094685196 3854.2082215822302 675.8582868296653 3.941286742687228 4.7602129355072966 6.8891761600971249 61.362622026354074 92.966888256371021 4.7071180418133727 13.028818678110836 19.489453107118607 4.6943989545106879
leaf_count=1290029 1117 743 4953 169540 21 13641 429 12756 1215 32 47 83 35 77 129821 22 108 38 28 78946 4251 25 31 40 375 570 30 80 116 47
internal_value=3.55411e-05 -0.00051304 -0.00565322 -0.000422367 0.000177886 -0.000523802 0.0037207 -0.000920922 -0.00697703 0.0046932 0.00146461 -0.00358221 0.00416565 0.00924779 -0.000712775 0.00279211 0.0176906 -0.0147355 0.00150632 0.00219023 -0.00150317 -0.00831157 0.0116281 -0.00558957 0.0100835 0.0169762 0.0136892 -0.0422417 0.0157469 0.000782843
internal_weight=96282.3 24915.9 431.897 24484 14281.2 9349.91 798.815 8551.09 284.132 76.7745 73.585 65.7444 51.2159 46.226 8266.96 40.4677 21.8744 18.5933 4931.29 4022.23 909.058 228.505 168.026 211.535 163.266 101.904 97.674 16.9701 26.3786 680.553
internal_count=1709246 419217 5696 413521 243981 158325 14070 144255 1678 463 442 395 312 280 142577 245 130 115 85656 79980 5676 1378 1034 1273 1003 628 600 105 156 4298
cat_boundaries=0 1
cat_threshold=20
is_linear=0
shrinkage=0.05


Tree=190
num_leaves=31
num_cat=1
split_feature=0 5 10 4 17 7 10 16 10 0 0 0 6 9 5 9 7 16 17 10 2 16 6 7 16 9 9 17 16 7
split_gain=3.1922 4.30778 6.92222 5.03831 5.00219 4.39473 4.25158 4.27415 5.1024 3.93608 3.92313 4.50978 5.37371 5.01387 4.374 4.36233 4.19079 3.85038 3.79963 3.95141 6.14319 5.49696 6.83213 3.90242 3.59614 3.56706 3.77682 6.08119 5.43803 4.3074
threshold=72.500000000000014 1.0000000180025095e-35 8.2689961142939996 2.5000000000000004 0.79236532205295684 8.9414146194452275 7.047759265866147 0.74872642346660323 8.2020490081997703 138.50000000000003 129.50000000000003 90.500000000000014 0.91597561503675351 2.1383330595080281 -0.70710678118654735 4.8481086751891054 9.0737184878621182 0.70725437830069748 0.73118974531857261 7.7201148991340069 0 0.74872642346660323 -0.60355339059327384 1.0000000180025095e-35 0.83543132370545947 6.1452574458972729 3.7494348669884658 0.64644959165753857 0.71024998019305696 10.091397630864071
decision_type=2 2 2 2 2 2 2 2 2 2 2 2 2 2 2 2 2 2 2 2 1 2 2 2 2 2 2 2 2 2
left_child=-1 2 5 4 10 9 -7 8 -8 -2 11 12 14 16 -4 -16 -13 -15 19 20 21 -11 -23 -22 -20 26 -5 -28 29 -29
right_child=1 -3 3 25 -6 6 7 -9 -10 18 -12 13 -14 17 15 -17 -18 -19 24 -21 23 22 -24 -25 -26 -27 27 28 -30 -31
leaf_value=0.00020985552580493136 8.2876596823280423e-05 -0.0011481200844004698 -0.027995479795265628 0.00018731441916586072 0.0022137785237811201 0.04416461780067453 0.0073495910180401127 0.0016943889654351023 0.035867637450122607 -0.048811192054789877 -0.066467286541970219 -0.012486272049045892 -0.059403641727334935 -0.032621830067420733 0.0034046317925375347 -0.070555971116616351 -0.076592531064120478 0.01999143331033891 0.0025387287195203258 0.024945209219725865 -0.044327766505920387 -0.04477401403090478 0.014539099814051862 0.011301175423516129 -0.016540021260340234 0.031723223883861271 -0.083841264364117818 -0.070880912353958422 -0.0037367149455046524 0.0029538840289734941
leaf_weight=71401.599295601016 12076.452383367345 11666.719664432341 44.845892166718841 233.07832697220147 43.4380859923549 7.3239095164462915 53.9752132659778 198.07592508289963 22.109403962269425 8.900186747312544 3.9444499220699063 18.193176398053769 9.0002626515924913 4.1522228419780758 24.851371191442016 2.1675822436809531 2.9648401569575062 21.396043032407761 152.4509626836516 33.435000360012054 3.2086859196424475 6.8423206508159664 16.716401442885399 180.43799822404981 29.474015516228974 7.7169461809098712 2.9475800022482863 5.9181267544627172 49.289703101385385 2.9648921191692352
leaf_count=1291048 207087 193633 345 3078 1483 238 676 4912 210 54 29 131 67 21 200 21 22 171 3643 208 20 47 117 1153 970 149 18 46 819 35
internal_value=3.9774e-05 -0.000447295 0.000169029 -0.00574582 -0.0124972 0.000389572 0.00656798 0.00556362 0.0156366 0.00025053 -0.0173561 -0.0158376 -0.0229822 -0.00346774 -0.0184208 -0.00252882 -0.0214694 0.0114405 0.00494305 0.00894935 0.00647453 -0.011723 -0.00268761 0.00979582 -0.000552256 -0.00183352 -0.00271373 -0.0137767 -0.0102265 -0.046237
internal_weight=96334.6 24933 13266.3 476.87 174.954 12789.4 281.484 274.161 76.0846 12507.9 131.516 127.571 80.8651 46.7063 71.8648 27.019 21.158 25.5483 431.466 249.541 216.106 32.4589 23.5587 183.647 181.925 301.916 294.199 61.1203 58.1727 8.88302
internal_count=1710651 419603 225970 6635 2490 219335 6036 5798 886 213299 1007 978 633 345 566 221 153 192 6212 1599 1391 218 164 1173 4613 4145 3996 918 900 81
cat_boundaries=0 1
cat_threshold=8
is_linear=0
shrinkage=0.05


Tree=191
num_leaves=31
num_cat=0
split_feature=8 7 7 17 5 8 8 6 0 0 10 8 8 17 7 10 17 4 8 7 7 1 10 8 1 7 0 10 17 6
split_gain=4.15285 9.81098 5.01459 4.79059 5.84071 7.40303 4.77131 4.48169 4.39524 4.13922 5.91253 4.90295 4.60365 3.99252 3.93153 8.29589 7.51273 5.99438 5.12319 6.48777 4.58303 4.37415 4.84342 4.2218 5.61298 6.53413 5.35492 5.23075 4.41978 6.51489
threshold=6.0001757199539174 8.2783012750714065 4.6491756246494491 0.73118974531857261 -0.37940952255126059 6.7861522978065061 6.4321355873363304 -0.37940952255126015 62.500000000000007 97.500000000000014 7.3517661809714019 5.9801499880778026 5.9414853139235673 0.66790175964937204 8.2783012750714065 7.3978148159172425 0.65850104367233386 3.5000000000000004 6.7861522978065061 8.5317861888629611 7.5194211808931817 5665.5000000000009 8.3107877663986738 7.1312986703816295 926.50000000000011 5.6039604435878507 107.50000000000001 6.6896474093397282 0.77234227789159371 0.91597561503675351
decision_type=2 2 2 2 2 2 2 2 2 2 2 2 2 2 2 2 2 2 2 2 2 2 2 2 2 2 2 2 2 2
left_child=1 -1 3 4 5 6 -2 -6 -9 -3 12 -12 -11 -14 17 16 18 23 -16 -20 21 22 -19 27 25 -25 28 -4 29 -26
right_child=2 9 14 -5 7 -7 -8 8 -10 10 11 -13 13 -15 15 -17 -18 20 19 -21 -22 -23 -24 24 26 -27 -28 -29 -30 -31
leaf_value=2.5419438059495276e-05 -0.063413776081004042 -0.0042047584375170376 0.0082065841657610744 0.0013546009051237163 0.015370677038936149 -0.12317219085010594 0.018790584653392308 0.0016977185147933423 -0.082155683187926931 -0.013015165116269663 0.010057105306309015 -0.061009263702055644 -0.18336220000232631 -0.043581833045039028 0.048938448992362792 0.0018918214375697826 0.0064422554334522628 0.0038260497739772584 -0.041877553841043726 0.024405211591438911 -0.00085780553631145001 0.019948948304018166 0.036933237711704037 -0.10525366209878768 -0.015864035458970551 0.0027900411926892288 0.023109812990016767 -0.00146741859483548 -0.004435926178365363 -0.063688356469944904
leaf_weight=87788.480793058872 4.5100344717502612 1783.2635417110287 155.25369548099115 23.552980007603765 8.0410545505583269 3.1084159463644028 2.9003367498517036 3.0642714053392401 3.1890969499945641 5.6370740439742795 107.49074767576531 2.4830603366717687 0.84926287829875979 1.282011328730732 18.953707035630941 3290.9435424413532 155.41011823248118 625.84670645883307 4.156032219529151 33.04794542491436 479.23462574370205 48.757548449095339 11.245586586184798 1.4140139133669425 124.96397898346186 135.01111192395911 10.944249795749782 1397.5112644368783 94.491143433377147 7.5514610409736624
leaf_count=1542045 31 33277 4462 876 58 21 21 22 20 169 1839 33 7 42 139 64851 5580 12368 29 278 9262 896 144 42 949 2856 203 26428 3645 58
internal_value=3.78111e-05 -5.15341e-05 0.00124407 -0.0147969 -0.030128 -0.0584069 -0.0312399 -0.00931858 -0.0410659 -0.00360525 0.00547462 0.00845252 -0.0366825 -0.099281 0.00136172 0.00250881 0.0121061 6.24288e-05 0.02778 0.0170008 0.00289372 0.00551508 0.00441044 -0.00164927 -0.00641535 0.00167019 -0.0110511 -0.00050016 -0.012698 -0.0185893
internal_weight=96332.6 89689.5 6643.1 48.3662 24.8132 10.5188 7.41037 14.2944 6.25337 1901.01 117.742 109.974 7.76835 2.13127 6594.74 3502.51 211.568 3092.23 56.1577 37.204 1165.08 685.85 637.092 1927.14 374.376 136.425 237.951 1552.76 227.007 132.515
internal_count=1710651 1577412 133239 1049 173 73 52 100 42 35367 2090 1872 218 49 132190 70877 6026 61313 446 307 22670 13408 12512 38643 7753 2898 4855 30890 4652 1007
is_linear=0
shrinkage=0.05


Tree=192
num_leaves=31
num_cat=0
split_feature=8 7 7 17 5 8 6 0 0 10 8 1 17 0 10 10 10 9 9 9 17 1 4 0 9 9 7 7 4 10
split_gain=3.75369 8.83804 4.5003 4.25478 5.10918 6.27222 3.9914 3.7967 3.73567 5.25469 4.36987 4.1433 3.73329 4.78752 3.90785 7.8129 8.50554 4.927 6.61575 4.84694 12.6774 4.6898 5.95311 4.60233 6.69565 7.57122 3.87682 3.62187 5.6644 5.66586
threshold=6.0001757199539174 8.2783012750714065 4.6491756246494491 0.73118974531857261 -0.37940952255126059 6.893148997887363 -0.37940952255126015 62.500000000000007 97.500000000000014 7.3517661809714019 5.9801499880778026 707.50000000000011 0.64856198614102312 124.50000000000001 6.6063040438487688 7.0138439361741325 7.0824830468531319 2.1383330595080281 5.2284276452838947 4.7405652883788738 0.64592994198069786 958.50000000000011 4.5000000000000009 50.500000000000007 3.6242520361853052 1.2424533248940002 8.6787165350804116 8.2783012750714065 2.5000000000000004 7.8713931138502788
decision_type=2 2 2 2 2 2 2 2 2 2 2 2 2 2 2 2 2 2 2 2 2 2 2 2 2 2 2 2 2 2
left_child=1 -1 3 4 5 -2 -6 -8 -3 11 -11 -10 13 14 17 23 -17 -4 -19 -18 21 -21 -23 -16 25 -25 -15 28 29 -14
right_child=2 8 12 -5 6 -7 7 -9 9 10 -12 -13 27 26 15 16 19 18 -20 20 -22 22 -24 24 -26 -27 -28 -29 -30 -31
leaf_value=2.4148680210022727e-05 -0.031778520298442865 -0.0039872510097672242 -0.00092719481482435296 0.0012879033331155718 0.014679322824812782 -0.11903250213254242 0.0016139227116154361 -0.07579560662877044 -0.12413744209766556 0.0095922732167035146 -0.05693713243930687 -0.019584374748365337 -4.7782308044136861e-05 0.055402521073961965 0.005688334231870016 0.057748358819165936 0.0020212712991912424 0.054273332275285871 -0.025163017341104672 0.017702082707072096 0.025010823783280612 -0.044693500774150997 0.025620682857567814 -0.070913222052641001 -0.093992908835353384 0.0043617839697528832 0.0012003594849754858 0.0020449113452230428 0.0011615344873511799 -0.0079266685255424459
leaf_weight=87787.702920901822 7.9268135987222212 1786.4312465358526 13.61671068146825 23.534582219552249 7.9998532198369503 2.7826622202992439 3.0622549429535848 3.2813362777233124 1.1003092378377903 107.07553326198831 2.5264420956373206 6.8262849212624133 499.43768712459132 8.3039175719022733 9.7403761222958583 7.3993069380521765 549.6348790563643 13.946584317833187 3.2276823669672003 7.2786108478903797 71.024439536035061 14.246393360197546 3.8166689202189437 5.0566765218973186 4.0071992613375178 9.8422314040362817 5.4735516831278792 3111.0476053291932 1832.82319948636 420.12102796975523
leaf_count=1542045 55 33277 102 876 58 18 22 20 29 1839 33 189 12376 50 71 45 3478 103 28 46 490 90 26 37 28 68 34 68389 38747 7982
internal_value=3.59686e-05 -4.89457e-05 0.00118321 -0.013978 -0.0283187 -0.0544499 -0.00880794 -0.0384275 -0.00341918 0.00521551 0.0080587 -0.0340976 0.00129499 0.0046756 0.00411137 0.00332478 0.00444528 0.021535 0.0393443 0.00383475 0.0141781 -0.0161824 -0.0298363 -0.022233 -0.036618 -0.0211865 0.0338689 0.000876054 -0.000445119 -0.00364743
internal_weight=96330.3 89691.7 6638.63 48.5875 25.0529 10.7095 14.3434 6.34359 1903.96 117.529 109.602 7.92659 6590.04 726.615 712.838 682.047 653.4 30.791 17.1743 646.001 96.3661 25.3417 18.0631 28.6465 18.9061 14.8989 13.7775 5863.43 2752.38 919.559
internal_count=1710651 1577412 133239 1049 173 73 100 42 35367 2090 1872 218 132190 4696 4612 4379 4175 233 131 4130 652 162 116 204 133 105 84 127494 59105 20358
is_linear=0
shrinkage=0.05


Tree=193
num_leaves=31
num_cat=0
split_feature=8 7 16 7 17 5 8 6 16 8 0 16 17 0 0 1 10 5 16 7 8 0 17 6 6 16 17 17 10 0
split_gain=3.39274 7.96278 5.9744 4.04375 3.78986 4.492 5.44393 3.56238 4.34579 3.4513 5.1806 5.04536 5.22901 5.82244 5.86517 5.44766 4.88586 6.93285 6.49986 6.40233 6.46503 5.75618 10.5926 4.02316 3.89057 3.71453 3.56829 4.17479 3.51237 3.41046
threshold=6.0001757199539174 8.2783012750714065 0.92778075015659234 4.6491756246494491 0.73118974531857261 -0.37940952255126059 6.7861522978065061 -0.37940952255126015 0.78244425446788779 5.8507636298606682 97.500000000000014 0.888741551162327 0.79099423218684051 65.500000000000014 55.500000000000007 1298.5000000000002 8.1062906233978556 0.91597561503675362 0.75627007412817815 8.4003222333682306 5.8902610850793264 86.500000000000014 0.71544264689159509 -0.98296291314453399 0.1294095225512602 0.64766222937444862 0.66573474303533098 0.69724787399454169 8.2174910681638984 72.500000000000014
decision_type=2 2 2 2 2 2 2 2 2 2 2 2 2 2 2 2 2 2 2 2 2 2 2 2 2 2 2 2 2 2
left_child=1 29 9 4 5 6 -2 -7 -9 10 11 -3 13 14 28 -15 18 19 25 -18 24 -20 -23 -22 -21 -11 -27 -28 -13 -1
right_child=3 2 -4 -5 -6 7 -8 8 -10 16 -12 12 -14 15 -16 -17 17 -19 21 20 23 22 -24 -25 -26 26 27 -29 -30 -31
leaf_value=0.00020645677249111918 -0.027494746976681028 -0.0030759619129978252 0.029788791225684442 0.0012314705764459961 0.001224442106803354 0.014016908498335324 -0.10435412581671775 -0.071661116551731449 0.01145877136118463 -0.037260447036297557 0.0085096409301376862 -0.0092474531781712964 -0.0011079425412144643 -0.16281304271894204 0.04633427032230153 -0.040588120697447688 -0.068765090514191607 0.026460275251485078 -0.0039524462658938088 -0.061418494654171575 0.032066991367023144 -0.090675220496188966 0.0029731595339374905 -0.014411362034204065 -0.0083559898689859295 0.037238828140815999 -0.06933801568617505 0.013674655376495157 -0.079778677945668952 -0.00050629573204072256
leaf_weight=65184.092781447805 7.558435436338188 1571.3621758413501 13.591289138887076 6585.9527052096091 23.517091640736908 7.9600563868880272 3.3140154033899307 3.6694870963692647 2.7517804577946663 2.8931482061743763 96.438316321000457 3.1798699684441107 11.188114959513767 1.8121942486613982 2.1180366817861795 1.8345608711242674 6.6522246710956088 8.2003830177709442 58.134577012620866 11.712193486746402 5.0293690925464025 5.7925130315124971 6.3075692858546972 62.704292576760054 4.8995337155647567 16.650710970163349 1.7696484625339497 10.506933793425558 3.9674565903842449 22602.871144908248
leaf_count=1166717 52 28312 506 132190 876 58 21 20 22 40 1735 56 714 25 31 23 105 157 1521 201 78 45 219 1135 102 87 12 213 50 375328
internal_value=3.42152e-05 -4.64894e-05 -0.0032431 0.00112525 -0.0132191 -0.0266693 -0.0509221 -0.00833387 -0.0360408 -0.00348024 -0.00274395 -0.00342418 -0.0261281 -0.0478075 -0.0267433 -0.101326 -0.00967016 -0.0175721 -0.00198942 -0.0215402 -0.0178156 -0.0104828 -0.0418579 -0.0109602 -0.045768 0.0167574 0.02216 0.00170852 -0.0483991 2.29414e-05
internal_weight=96328.4 89693.7 1906.75 6634.72 48.7709 25.2538 10.8725 14.3813 6.42127 1893.15 1691.9 1595.46 24.1002 12.9121 9.26536 3.64676 201.253 99.198 102.055 90.9976 84.3454 70.2347 12.1001 67.7337 16.6117 31.8204 28.9273 12.2766 7.14733 87787
internal_count=1710651 1577412 35367 133239 1049 173 73 100 42 34861 30946 29211 899 185 137 48 3915 1778 2137 1621 1516 1785 264 1213 303 352 312 225 106 1542045
is_linear=0
shrinkage=0.05


Tree=194
num_leaves=31
num_cat=0
split_feature=7 7 10 7 7 7 10 7 7 7 7 7 10 7 7 10 16 17 16 10 7 0 0 0 0 7 10 17 17 10
split_gain=2.72143 19.6906 21.9051 25.8745 11.8719 19.0063 19.9142 17.3032 14.9498 23.5789 10.7906 9.96173 9.74862 10.0629 8.7533 11.6081 8.68 8.02862 7.94191 7.82928 8.67203 7.69032 7.1125 7.10641 6.80068 6.78692 7.22909 7.21533 7.76736 6.25694
threshold=2.3502401828962087 1.0397207708399181 0.14313038490420291 1.5890269151739729 2.524928003624769 2.9174053685313028 0.3497316826816268 3.1132683346437333 3.4175922930736511 3.4811217321331038 2.6735537653587351 3.0201273556387074 1.6308419060349375 3.5408542930527882 1.5890269151739729 6.4317282485479534 0.87132119606012981 0.70361808073131904 0.84171078317801296 0.14313038490420291 3.1984648276080736 76.500000000000014 34.500000000000007 33.500000000000007 144.50000000000003 2.6735537653587351 3.1831492687949772 0.65720204867814613 0.65097512213835806 7.1651162404189188
decision_type=2 2 2 2 2 2 2 2 2 2 2 2 2 2 2 2 2 2 2 2 2 2 2 2 2 2 2 2 2 2
left_child=1 -1 3 -3 18 6 10 11 19 -10 -6 -7 13 -11 15 17 29 24 -2 -9 -21 23 -17 -12 -4 26 27 28 -8 -13
right_child=4 2 14 -5 5 7 25 8 9 12 21 16 -14 -15 -16 22 -18 -19 -20 20 -22 -23 -24 -25 -26 -27 -28 -29 -30 -31
leaf_value=-0.00026000813644883958 -0.0014874282358741131 0.021097307847281307 -0.0067996757999721534 0.0010765521959503312 0.0188587824604728 0.0011914109159984756 -0.0076987853514827983 0.010603858373044291 -0.0061568966153846298 0.017908948668028297 -0.02655640504658793 -0.0032265255488805249 -4.5572174911638548e-05 0.0029089866583268792 0.0046813711554612872 -0.011659495007402838 -0.018726537388689669 0.0016693421018547927 -0.0068581911248831217 -0.00062448921522759431 0.0043279014955272246 -0.022978727403965216 0.0071626226705163616 0.013668313697874027 0.047441721742052641 0.004834792379322727 0.0015669710937953074 -0.0017852108762895884 -0.038986309105576447 -0.009595885515265596
leaf_weight=15690.093635718804 5949.3565593962558 356.11735817394219 733.7947871312499 295.1174448330421 300.15654128603637 895.00976678309962 53.518147628754377 315.08593823690899 1569.9612564267591 123.54670575540513 12.832353385863824 2273.6198735963553 55286.451783244731 1177.066953780828 1669.1095271217637 55.274440145120025 108.49647606629878 534.75866902549751 778.3801147392951 1449.9401036812924 2264.5262058919761 26.161621519364417 545.74054106883705 76.066991942701861 5.8245782330632201 1456.5092719097156 1636.7879824712873 190.89203456928954 31.519703604280949 464.31903556035832
leaf_count=212338 77624 18337 5317 7042 11910 15311 387 9563 26126 3422 441 35159 1038945 32088 30887 1024 3048 19894 14561 25768 41570 806 9314 2621 41 28001 27476 5218 224 6188
internal_value=3.25487e-05 0.000553606 0.00359614 0.0120246 -0.000103004 9.05705e-05 0.00353643 -0.000107231 9.14563e-05 -0.000112608 0.0138683 -0.00340961 5.50857e-05 0.00433385 0.00204758 -0.000296515 -0.00485632 -0.00299797 -0.00210881 0.00303664 0.00239474 0.000849685 0.00543158 0.007862 -0.00637252 0.00226315 0.000304883 -0.00718169 -0.0192957 -0.00430669
internal_weight=96326 19885.8 4195.74 651.235 76440.2 69712.5 3784.44 65928 62186.6 58157 415.218 3741.45 56587.1 1300.61 3544.5 1875.39 2846.44 1274.38 6727.74 4029.55 3714.47 115.061 601.015 88.8993 739.619 3369.23 1912.72 275.93 85.0379 2737.94
internal_count=1710651 304194 91856 25379 1406457 1314272 77084 1237188 1177482 1100581 15778 59706 1074455 35510 66477 35590 44395 25252 92185 76901 67338 3868 10338 3062 5358 61306 33305 5829 611 41347
is_linear=0
shrinkage=0.05


Tree=195
num_leaves=31
num_cat=1
split_feature=16 7 16 9 7 17 9 7 1 1 1 1 6 7 8 5 6 16 9 7 7 7 16 17 2 16 17 16 1 17
split_gain=3.65545 3.59867 5.44112 5.95568 4.75381 4.49899 4.50279 5.87923 9.4974 4.66122 4.17721 9.49647 6.68128 3.70358 3.52911 4.73331 3.25274 3.48735 3.52663 3.17342 8.53848 7.80567 5.30676 5.18913 4.56756 6.90515 8.04676 5.2834 7.69571 8.18287
threshold=0.92778075015659234 2.524928003624769 0.96660353535353549 4.5053345884235583 3.0201273556387074 0.78999681022789259 2.1383330595080281 4.135134555718313 2518.5000000000005 327.50000000000006 2121.5000000000005 1693.5000000000002 -0.98296291314453399 1.0000000180025095e-35 5.8707073513045964 0.25881904510252091 -0.60355339059327384 0.65926078882424599 6.7232267787470219 3.4175922930736511 3.1984648276080736 3.4811217321331038 0.87366126647385423 0.67961075853840736 0 0.80888836419351062 0.67961075853840736 0.82971768279302405 1193.5000000000002 0.67205958784229547
decision_type=2 2 2 2 2 2 2 2 2 2 2 2 2 2 2 2 2 2 2 2 2 2 2 2 1 2 2 2 2 2
left_child=16 13 3 -3 -4 6 7 9 10 -6 11 12 -9 -2 -8 -16 17 18 -1 20 24 22 -21 -24 -19 -26 27 -27 29 -29
right_child=1 2 4 -5 5 -7 14 8 -10 -11 -12 -13 -14 -15 15 -17 -18 19 -20 21 -22 -23 23 -25 25 26 -28 28 -30 -31
leaf_value=-0.0033586870772916023 0.042079865591128585 0.013174531155889006 0.034021671131821134 -0.042365130510080354 -0.052810846256390667 0.0081330195884394205 0.045212682490978075 -0.12571930925262154 -0.11325659998926496 0.016812252442499304 0.058311950331796085 -0.13735412641069281 -0.01380187539208081 -0.0034694593615129735 0.027549154978945129 -0.079269630671094757 0.00018104094565413414 0.00094920419936565586 0.062636854613384349 -0.0055032858514741378 0.004946248311116703 -0.00054999675234542931 -0.063708618006835624 -0.0093356587594884671 0.00017881698593163434 -0.0098855277518842613 -0.00047722457400427905 -0.006708527559738069 0.0034965894847324378 -0.058137257499831278
leaf_weight=1064.4336225315928 4.6049143210984758 210.58803599257953 8.4722419478930515 4.9400952607393256 2.9197828769683865 39.107482048450038 5.2475689891725761 1.4090207517147089 3.2445836924016467 13.608523268252609 1.4943131990730751 1.8380027469247568 24.891665959730751 144.50778237800114 2.5499355867505074 1.7479913663119075 57680.165493791923 6075.4349997944664 2.0281357839703551 583.52942186128348 905.25990480929613 21955.010593786603 7.8214501254260567 9.9960187226533872 4996.3786659308244 517.97433243878186 1378.2322124652565 339.35516658239067 259.84686239436269 7.9149283971637479
leaf_count=11511 256 8626 278 195 37 2720 70 19 36 167 18 23 341 3268 33 25 1032594 91345 26 9272 17060 410896 79 450 72311 3563 39216 2812 2062 82
internal_value=-3.41674e-05 0.00435908 0.00733239 0.0119015 -0.00191161 -0.00501623 -0.0137393 -0.0198132 -0.0320426 0.00451309 -0.0231503 -0.0274764 -0.0197977 -0.0020628 0.0176987 -0.0158947 -5.57784e-05 -0.000414273 -0.00323318 -0.000333103 0.000244543 -0.000703931 -0.00632404 -0.0332041 -6.89913e-05 -0.000893895 -0.00303849 -0.00617603 -0.0030112 -0.00788068
internal_weight=96254.6 471.172 322.059 215.528 106.531 98.0589 58.9514 49.4059 32.8776 16.5283 29.633 28.1387 26.3007 149.113 9.5455 4.29793 95783.4 38103.2 1066.46 37036.8 14480.4 22556.4 601.347 17.8175 13575.1 7499.7 2503.32 1125.09 607.117 347.27
internal_count=1709391 16112 12588 8821 3767 3489 769 641 437 204 401 383 360 3524 128 58 1693279 660685 11537 649148 228451 420697 9801 529 211391 120046 47735 8519 4956 2894
cat_boundaries=0 1
cat_threshold=6
is_linear=0
shrinkage=0.05


Tree=196
num_leaves=31
num_cat=0
split_feature=10 7 17 17 6 8 16 17 17 0 16 16 7 8 6 8 16 17 10 0 10 4 17 16 8 7 4 7 7 7
split_gain=3.68457 7.93788 7.93788 7.43366 5.56704 5.12593 4.52205 3.88757 4.05926 6.1711 6.37491 3.69142 3.69118 3.62695 3.22133 3.61642 5.50448 6.58312 6.99512 6.45692 7.06721 6.42294 6.64973 6.36041 5.07102 8.38047 5.03505 9.19839 4.94824 13.7282
threshold=8.2689961142939996 9.9430677726003402 0.64552233679973303 0.65732326985283174 -0.60355339059327384 8.40368848434521 0.71516687015749547 0.65482602348022312 0.65142626681888982 76.500000000000014 0.80066463566611257 0.84033146576543671 10.772435055090876 9.2213649572534653 -0.60355339059327384 1.4978661367769956 0.81560709432961875 0.79764402887748054 2.1139029853608 149.50000000000003 5.7337176977867523 4.5000000000000009 0.79387149025989223 0.88523969389886492 7.5657931483356977 7.0418489178672781 1.5000000000000002 3.5972184255501678 2.1383330595080281 1.0397207708399181
decision_type=2 2 2 2 2 2 2 2 2 2 2 2 2 2 2 2 2 2 2 2 2 2 2 2 2 2 2 2 2 2
left_child=1 13 -3 4 6 -6 -4 8 11 10 -10 12 -8 14 -1 28 26 18 -18 21 -21 22 24 -23 -20 -26 27 -17 29 -16
right_child=-2 2 3 -5 5 -7 7 -9 9 -11 -12 -13 -14 -15 15 16 17 -19 19 20 -22 23 -24 -25 25 -27 -28 -29 -30 -31
leaf_value=-0.00036466522669427687 -0.0018062759392245475 -0.059969564670756405 0.049143121403957456 0.0036770782378731538 0.019837934169142854 0.052163797901640899 -0.018104104960037275 0.034955048580790418 -0.022837243706420752 0.021689651251690121 -0.13357788036975299 0.058270086275348201 0.033629668023698274 -0.013362892514597633 -0.00011949780384124575 0.016739759099838415 0.013463998556743803 -0.0017519288565513722 0.00055092009237251176 -0.16560390707684283 -0.016541906149413425 0.0057932949169216489 0.0053857130774881828 0.027394291872218746 -0.063679383934525782 0.023742683572542615 -5.1394130744172519e-06 0.0018386903500650462 -0.0006746662906458393 0.0045072016453784189
leaf_weight=37033.406491097761 2840.9641175386496 4.4221330732107154 4.9103013277053824 333.39382537757047 50.310981810092926 16.216196905821562 14.471467100083837 5.9110584333539 2.9654736816883078 2.6891316995024681 2.3133675530552864 2.5518483147025099 4.5263519734144202 50.829360252246261 9510.2857562680729 109.97520381608047 144.26255799271166 1031.8726608785801 3703.0326862605289 1.1673777541145676 2.4938327874988317 623.73933623591438 974.67407194292173 36.047754898201674 2.9418033054098478 40.233728733845055 18356.120777818142 1777.0692234174348 17642.772308350308 1928.3780814732891
leaf_count=647489 40439 26 26 10596 348 117 97 40 19 21 23 29 33 834 129705 2086 4036 75393 55194 15 41 11508 34732 1134 43 653 316699 30944 300469 46602
internal_value=-3.23919e-05 2.15565e-05 0.00668596 0.00735547 0.0188311 0.0277175 0.00417562 -0.00205673 -0.00946852 -0.0399614 -0.0713676 0.00180621 -0.0057782 -1.032e-05 -3.01575e-06 0.000236639 0.000655599 0.00191424 0.00259851 0.00230739 -0.0640704 0.00235256 0.00170674 0.00697347 0.000749558 0.0177861 0.000247693 0.00270711 -0.000149506 0.000660491
internal_weight=96254.9 93414 444.682 440.26 106.866 66.5272 40.339 35.4287 29.5176 7.96797 5.27884 21.5497 18.9978 92969.3 92918.5 55885.1 26803.6 6560.47 5528.59 5384.33 3.66121 5380.67 4720.88 659.787 3746.21 43.1755 20243.2 1887.04 29081.4 11438.7
internal_count=1709391 1668952 11375 11349 753 465 288 262 222 63 42 159 130 1657577 1656743 1009254 532478 182749 107356 103320 56 103264 90622 12642 55890 696 349729 33030 476776 176307
is_linear=0
shrinkage=0.05


Tree=197
num_leaves=31
num_cat=0
split_feature=10 6 9 0 6 1 17 0 9 16 10 10 9 1 16 6 16 17 0 10 9 0 17 4 6 1 10 6 0 10
split_gain=3.32319 2.94266 4.32435 5.23451 4.93558 4.65742 5.25577 4.36883 3.7624 5.23593 4.94647 9.59127 5.77259 5.4879 3.53439 3.51253 3.46315 5.10854 4.39995 5.39294 6.69723 4.32269 4.265 5.30341 5.05827 4.22986 3.77635 3.44924 3.98966 3.756
threshold=8.2689961142939996 -0.60355339059327384 3.8176519431297078 43.500000000000007 -0.5 438.50000000000006 0.73118974531857261 60.500000000000007 4.1820210059610323 0.75147171950631086 7.7201148991340069 7.9614086878922565 5.8622086995319824 1144.5000000000002 0.65926078882424599 -0.12940952255126037 0.91801832754575818 0.64927455643692611 57.500000000000007 0.053476163890834059 1.2424533248940002 140.50000000000003 0.64679273484672806 1.5000000000000002 0.60355339059327384 7445.5000000000009 6.9412387237751902 -0.9159756150367534 18.500000000000004 7.0995843545904505
decision_type=2 2 2 2 2 2 2 2 2 2 2 2 2 2 2 2 2 2 2 2 2 2 2 2 2 2 2 2 2 2
left_child=1 14 16 5 7 -4 8 -5 -7 10 -10 -12 13 -13 -1 -11 -3 18 22 -20 -21 25 24 26 -18 -19 -24 28 29 -16
right_child=-2 2 3 4 -6 6 -8 -9 9 15 11 12 -14 -15 27 -17 17 21 19 20 -22 -23 23 -25 -26 -27 -28 -29 -30 -31
leaf_value=-0.0032219640655867725 -0.0017147587016167615 0.00015001170282132113 -0.011469293054874328 0.00034101129163510257 0.00039757422673929491 0.033037705198809442 0.0039972119850760273 0.021250576188668196 0.031440125673082429 0.041001922734019508 -0.073204757431282783 -0.014306685961324559 -0.046953813833455788 0.055665613153856736 -0.0071911438168688439 0.013637823472374688 0.022535322342746255 0.0083165577430456359 -0.053255569471809629 0.031615277005007519 -0.068505453571711158 -0.065091138070213161 -0.10222356376150102 -0.0023068340292371416 -0.05144586288860075 -0.047777675182316875 -0.033471294468835885 -0.0006599134037424089 0.0003733940588255861 -0.04246441000281851
leaf_weight=1023.3120226245373 2842.9067179439589 54537.001859269105 23.700588630512357 44.716346267610788 924.00729876640253 34.689310722053051 110.01156421238557 56.60343772592023 7.2600252777338055 17.416618470102549 5.4893143922090557 5.3491290360689145 4.1019121482968322 5.8851115256547928 39.171665824949741 35.900585250928998 6.8691510781645793 311.24667706037872 3.1059877946972874 13.301431100815533 1.9101300351321686 2.0522540176752946 4.2743056751787645 4.5049669258296481 3.4814695008099079 3.3973798537626854 3.749164916574955 20901.012188346591 15262.865558604943 9.3480393779464048
leaf_count=11150 40439 976583 549 935 19984 257 4356 1160 43 152 32 30 24 32 690 315 63 11776 23 131 21 54 40 49 31 115 36 371152 269007 162
internal_value=-3.07065e-05 2.05495e-05 0.000249047 0.00312755 0.0015463 0.00961781 0.0118282 0.0120224 0.019249 0.0133731 -0.00409885 -0.0164882 0.00381253 0.0223486 -0.000324138 0.0225766 0.000182183 0.00508458 -0.0114782 0.00678382 0.019043 0.00723911 -0.0260992 -0.0457213 -0.00234852 0.00771088 -0.0700974 -0.00024225 0.000327888 -0.0139871
internal_weight=96248.6 93405.7 56170 1275.13 1025.33 249.804 226.104 101.32 116.092 81.4027 28.0855 20.8255 15.3362 11.2342 37235.7 53.3172 54894.9 357.893 41.1966 18.3175 15.2116 316.696 22.8791 12.5284 10.3506 314.644 8.02347 36212.4 15311.4 48.5197
internal_count=1709391 1668952 1016791 27869 22079 5790 5241 2095 885 628 161 118 86 62 652161 467 988922 12339 394 175 152 11945 219 125 94 11891 76 641011 269859 852
is_linear=0
shrinkage=0.05


Tree=198
num_leaves=31
num_cat=0
split_feature=10 8 11 8 6 4 0 8 1 1 1 8 8 6 10 10 0 0 1 1 6 0 0 0 5 0 0 1 6 8
split_gain=2.99728 3.98899 3.38508 3.07304 2.87193 2.83861 2.73382 5.46615 3.83339 2.64829 2.53776 6.54454 3.26218 2.53065 3.24652 3.86826 4.67839 6.56855 9.14014 4.88979 6.96453 3.59794 3.37087 3.23707 3.18088 4.80097 3.71475 3.23396 3.13507 3.08789
threshold=8.2689961142939996 7.4977615469851502 1.0000000180025095e-35 9.2213649572534653 0.78656609248549303 3.5000000000000004 137.50000000000003 5.1387309967764621 1790.5000000000002 438.50000000000006 1950.5000000000002 7.4625020485903191 6.5169321744776205 -0.60355339059327384 8.2496718489733301 8.1516019702766869 137.50000000000003 96.500000000000014 1662.5000000000002 2316.5000000000005 -0.78656609248549325 77.500000000000014 39.500000000000007 18.500000000000004 1.0000000180025095e-35 66.500000000000014 56.500000000000007 3184.5000000000005 -0.9159756150367534 3.9019216517693867
decision_type=2 2 2 2 2 2 2 2 2 2 2 2 2 2 2 2 2 2 2 2 2 2 2 2 2 2 2 2 2 2
left_child=1 13 3 -3 5 9 -2 8 -8 -5 12 -12 -9 14 15 22 17 21 -19 -20 -21 -17 23 29 25 26 -16 -28 -23 -1
right_child=6 2 -4 4 -6 -7 7 10 -10 -11 11 -13 -14 -15 24 16 -18 18 19 20 -22 28 -24 -25 -26 -27 27 -29 -30 -31
leaf_value=-0.010197386490454889 -0.0015205652822321526 0.0041058935821337121 -0.035392618275853278 -0.062539543366154818 0.020479539795467822 0.0095236845922470718 -0.019857341771244885 -0.078575270922076113 -0.11234224983218316 -0.014093996448469632 0.061169271088309655 -0.056413033514633129 0.013697743947513819 0.00019863691355694545 -0.0013370480143989922 -0.0036624049285188275 0.043705293235646064 -0.03640076752329862 0.026673052443719855 0.0048836797939564268 -0.052929201488935755 -0.0037788946359304377 -0.00048908030898342969 0.00099595765190498941 0.01395458730431777 0.01696338814657114 -0.042485774105539297 0.031903714171217457 0.011160504567422232 0.019953496367479263
leaf_weight=100.86393121955916 2831.1633448144421 930.36413520388305 5.6609603282995513 3.0382881173863998 8.111227495595811 12.528819729574023 2.1057159984484306 1.9235731335356816 2.3945009252056479 39.438981242477894 3.4539750963449478 1.8001990909688173 1.9078975506126878 55566.169900278328 33.285121004562825 897.00538433808833 5.2767501110211006 34.978861704468727 11.347038680687545 16.771010198630393 7.556515906937423 60.778189938981086 29796.030804090202 5664.0715593437199 78.492479241918772 25.129976159892976 11.30381324701011 1.6778655936941493 83.175517917145044 9.2724972805008274
leaf_count=1759 40249 21516 99 32 175 338 35 28 26 608 43 24 34 1002909 500 13266 67 484 144 208 93 817 518647 104260 1094 371 165 20 1178 202
internal_value=-2.91295e-05 1.95653e-05 0.0031619 0.00338159 -0.00729485 -0.0113905 -0.00162794 -0.0240034 -0.0690672 -0.0175592 -0.00168276 0.0208829 -0.0326275 -1.44123e-05 -0.000335783 -0.000365786 -0.00326319 -0.00348615 -0.0182391 -0.000431567 -0.0130739 -0.00248481 -0.000274809 0.000830875 0.00700781 -0.000629375 -0.0101849 -0.032871 0.00485299 -0.00765895
internal_weight=96247.1 93402.3 999.142 993.481 63.1173 55.0061 2844.75 13.5859 4.50022 42.4773 9.08564 5.25417 3.83147 92403.2 36837 36687.1 1116.89 1111.61 70.6534 35.6746 24.3275 1040.96 35570.2 5774.21 149.889 71.3968 46.2668 12.9817 143.954 110.136
internal_count=1709391 1668952 22768 22669 1153 978 40439 190 61 640 129 67 62 1646184 643275 641125 16257 16190 929 445 301 15261 624868 106221 2150 1056 685 185 1995 1961
is_linear=0
shrinkage=0.05


Tree=199
num_leaves=31
num_cat=0
split_feature=17 1 3 17 17 5 0 8 4 17 4 0 17 1 5 0 4 9 7 8 7 5 0 0 1 7 0 9 8 5
split_gain=2.60844 3.07541 2.38319 6.4938 6.97207 7.80887 8.82854 6.03299 8.78773 5.1531 5.14688 5.92528 4.85806 8.33085 5.43221 17.607 6.42562 7.31579 5.59937 4.75283 6.62705 5.47842 5.37172 8.16305 4.75052 6.17404 4.67166 4.5689 6.83544 5.50355
threshold=0.81543555727542671 2622.5000000000005 1.0000000180025095e-35 0.65097512213835806 0.64856198614102312 -0.25881904510252113 28.500000000000004 7.1312986703816295 1.5000000000000002 0.64679273484672806 3.5000000000000004 23.500000000000004 0.66538579075336501 3130.5000000000005 0.91597561503675362 108.50000000000001 2.5000000000000004 5.6365721362514982 2.524928003624769 3.7256208424938388 6.3162613441348103 -0.78656609248549292 71.500000000000014 51.500000000000007 308.50000000000006 3.7494348669884658 93.500000000000014 1.0000000180025095e-35 6.4960202730614363 -0.37940952255126059
decision_type=2 2 2 2 2 2 2 2 2 2 2 2 2 2 2 2 2 2 2 2 2 2 2 2 2 2 2 2 2 2
left_child=2 -2 3 4 7 6 -6 9 -9 19 27 -12 13 14 16 -16 -5 -18 -17 20 22 -22 23 -1 25 -4 -21 -11 -29 -30
right_child=1 -3 24 12 5 -7 -8 8 -10 10 11 -13 -14 -15 15 18 17 -19 -20 26 21 -23 -24 -25 -26 -27 -28 28 29 -31
leaf_value=-0.0065362505704158001 0.0049802555613240864 -0.0038735896423584995 0.0063621062893189518 -0.0018598994232505391 -0.029372543074687504 -0.0081238711678948781 0.00036464593792583122 -0.029592852756545253 0.036463121243360368 -0.0025282740745098471 -0.048029504501739255 0.0074077719041852662 -0.0007136798159305802 0.028201051104892589 0.0078539459128829491 -0.011189784575606102 0.0019695380726208237 0.062671656418677488 -0.054213197243171779 0.0021299294296768844 -0.057540227430194373 -0.013742017202807292 -0.010008187831921717 0.0045497674725249477 2.2726304809934961e-05 -0.00053621343781666162 0.034632682841915688 0.012448680381727795 0.0046197641686954666 -0.073189746808574888
leaf_weight=364.2257694862783 492.70793732488528 122.45600643567741 679.84800909273326 1762.0009957924485 26.018367312848568 870.73976542428136 613.06757028028369 6.4588218480348614 22.838356480002403 607.09670076519251 4.8898947089910498 337.11025844141841 10067.731792610837 28.434387907385826 524.28539165854454 16.180868189781908 2467.2276390437037 4.9735719338059416 14.198756441473959 159.7922927364707 9.8277028203010541 26.104341149330139 255.15265638194978 305.18516536802053 75718.230366586475 620.30620891717263 11.877033881843088 98.905844755470753 4.721925213932991 4.3811171278357488
leaf_count=2025 50012 10825 13351 9991 153 5088 3634 36 131 3456 27 1855 224514 167 2909 92 13607 28 78 873 54 139 1436 1703 1348289 14259 64 544 26 25
internal_value=-2.76461e-05 0.00321779 -4.85227e-05 -0.000556252 -0.00242229 -0.00504326 -0.00084601 -0.00063861 0.0219005 -0.000940232 0.00157021 0.00661513 -8.88485e-05 0.00121699 0.00105677 0.00570955 0.000447276 0.00209166 -0.031298 -0.00328424 -0.00465383 -0.0257212 -0.00383507 -0.00148212 7.41829e-05 0.0030709 0.00437865 -0.000842531 0.0086327 -0.0328284
internal_weight=96247 615.164 95631.8 18613.4 3728.39 1509.83 639.086 2218.57 29.2972 2189.27 1057.11 342 14885 4817.3 4788.87 554.665 4234.2 2472.2 30.3796 1132.16 960.496 35.932 924.564 669.411 77018.4 1300.15 171.669 715.106 108.009 9.10304
internal_count=1709391 60837 1648554 272655 21269 8875 3787 12394 167 12227 5933 1882 251386 26872 26705 3079 23626 13635 170 6294 5357 193 5164 3728 1375899 27610 937 4051 595 51
is_linear=0
shrinkage=0.05


Tree=200
num_leaves=31
num_cat=0
split_feature=1 4 10 10 17 17 17 0 7 10 17 8 1 0 0 7 8 7 7 7 7 10 7 7 7 10 7 17 10 7
split_gain=3.73865 6.80508 4.42322 4.94295 4.9287 7.19157 9.74927 4.382 4.30773 6.45398 4.29063 4.96585 3.81152 3.75593 3.62716 3.51617 17.7118 13.7012 10.2798 18.3385 10.2742 15.11 14.9147 13.0258 10.6399 17.1908 27.1119 9.64394 10.5906 9.34629
threshold=3936.5000000000005 1.5000000000000002 8.044228864102438 8.0228731804490003 0.64592994198069786 0.64833465767453446 0.64927455643692611 43.500000000000007 8.0526147681681088 8.05455004015543 0.65482602348022312 1.0000000180025095e-35 4133.5000000000009 25.500000000000004 124.50000000000001 3.0201273556387074 1.0000000180025095e-35 3.1132683346437333 3.4175922930736511 3.4811217321331038 2.524928003624769 0.081509403981921358 2.6735537653587351 2.3502401828962087 1.0397207708399181 0.14313038490420291 1.5890269151739729 0.66677105297994299 7.3063839467918372 3.6505739029280164
decision_type=2 2 2 2 2 2 2 2 2 2 2 2 2 2 2 2 2 2 2 2 2 2 2 2 2 2 2 2 2 2
left_child=15 -2 3 -3 -5 -6 -7 8 9 -4 -11 -12 -8 -10 -14 16 20 27 -19 -20 23 22 -22 24 -1 26 -26 28 -17 -21
right_child=1 2 7 4 5 6 12 -9 13 10 11 -13 14 -15 -16 17 -18 18 19 29 21 -23 -24 -25 25 -27 -28 -29 -30 -31
leaf_value=-1.5391921770560412e-05 -0.0062681001124972506 -0.00084481130442417478 -0.038619406969137127 -0.10155362235542001 0.04824962583865279 -0.11318769296696916 -0.05124620978757212 0.0013426410971026322 -0.059984245951210963 0.038829952937475529 -0.038820119811676539 0.017891604680565436 -0.0060945355311465138 0.002087236244884287 -0.075513483855117886 0.0018373675077455809 0.0060225601677018964 0.0026364737277499361 -0.0057892338551145152 0.0031007803830577188 0.020000248769270167 0.0017280746972580922 -0.0015036269217379079 -0.0020902465409821246 0.021005262876813726 0.0015304422137521593 -0.00074492877720994284 -0.0064575918932816938 -0.011518253598548314 -0.00012385865208667856
leaf_weight=14235.417142489925 563.91930646868423 7971.5091782454401 4.7632504571229211 1.5790932103991497 4.5883750319480887 2.5078101456165305 5.7740428131073704 697.14045328926295 2.6044366373680523 24.276188209652901 4.1731532085686913 51.439716786146164 53.212379876058549 37.931049146223813 1.9506824119016517 948.46593467518687 1411.7778003632557 3589.0062423162162 1393.2195033037569 2355.7924652486108 236.47642810735852 2622.3013896672055 122.3561688598711 5973.8019196372479 309.28575082635507 3123.701598144602 266.93135130591691 1413.4008399853483 175.97420591115952 48690.630224492168
leaf_count=193128 9091 128762 62 9 26 15 92 9590 44 137 56 853 857 609 33 5708 29827 69720 23453 45084 10097 45775 2889 81972 16882 59246 6497 33195 979 935038
internal_value=3.40687e-06 -0.000942307 -0.000603464 -0.000960656 -0.0142264 -0.0121995 -0.0165712 0.00288933 0.0115025 0.0179207 0.0212918 0.013636 -0.012595 -0.0019009 -0.00854934 0.00010604 0.000563643 -0.000115095 4.76664e-05 -0.000129513 0.000277042 0.00304486 0.0126678 -6.80661e-05 0.000605471 0.00299424 0.0109295 -0.00370843 -0.000252779 2.49584e-05
internal_weight=96295.9 9427.37 8863.45 8041.12 69.6124 68.0333 63.4449 822.328 125.188 84.6523 79.8891 55.6129 60.9371 40.5355 55.1631 86868.5 28302 58566.5 56028.6 52439.6 26890.3 2981.13 358.833 23909.1 17935.3 3699.92 576.217 2537.84 1124.44 51046.4
internal_count=1709726 150236 141145 129794 1032 1023 997 11351 1761 1108 1046 909 982 653 890 1559490 446313 1113177 1073295 1003575 416486 58761 12986 357725 275753 82625 23379 39882 6687 980122
is_linear=0
shrinkage=0.05


Tree=201
num_leaves=31
num_cat=0
split_feature=1 4 17 16 17 0 16 17 0 9 7 7 17 17 7 17 0 0 16 7 7 0 6 6 17 16 17 17 0 7
split_gain=3.65047 3.64532 4.28873 3.98505 5.37337 4.23735 3.66453 3.47663 5.87595 5.15384 5.01806 3.47351 7.49685 5.5765 4.48093 4.27639 3.80354 3.46583 3.32454 3.29726 4.12301 3.6855 3.55923 8.10564 3.43805 3.24627 3.24435 7.51122 3.59771 3.18791
threshold=192.50000000000003 3.5000000000000004 0.72364430882431663 0.63151168872206365 0.65335973669709346 119.50000000000001 0.87132119606012981 0.64856198614102312 119.50000000000001 0.89587973461402759 7.4433710287320531 2.3502401828962087 0.64721689366924384 0.66514930599664202 2.524928003624769 0.67205958784229547 47.500000000000007 29.500000000000004 0.78586662756454284 5.2284276452838947 1.8688348091416842 34.500000000000007 -0.60355339059327384 -0.12940952255126037 0.64679273484672806 0.85076711066071142 0.64552233679973303 0.64592994198069786 73.500000000000014 9.7172483312545292
decision_type=2 2 2 2 2 2 2 2 2 2 2 2 2 2 2 2 2 2 2 2 2 2 2 2 2 2 2 2 2 2
left_child=1 2 7 4 -3 11 -4 9 29 19 -11 12 16 -14 25 18 -5 -16 -15 20 21 24 -21 -24 -1 -13 -23 -28 -29 -9
right_child=-2 3 6 5 -6 -7 -8 8 -10 10 -12 14 13 15 17 -17 -18 -19 -20 22 -22 26 23 -25 -26 -27 27 28 -30 -31
leaf_value=-0.065052503369968581 -3.731630774464687e-05 0.094242159339490594 0.0034869215234674521 0.015307754798451329 0.01024297723731022 0.038834218781061761 0.019552195827532339 -0.0023856493362056992 -0.033107421158611247 0.05956517391780522 0.0030913751322753564 -0.011213578964984417 0.028291279233055314 -0.00098263357697689086 -0.031566477805174041 0.010822572812216012 -0.047162719659706656 0.0057665671052175389 -0.066663829329190058 0.008461517534494702 0.0125864687639346 -0.033101647560906833 -0.098208400499245396 0.0046840206816457152 -0.00089922903381282134 -0.079368588859925121 0.05455063051377354 0.0052978841687515398 -0.02925043917500544 0.04782495852415012
leaf_weight=4.556757912039755 94634.942738902522 3.0194388478994352 456.4469193178229 3.588326692581175 5.1530558168888092 9.5408590387087298 38.489444563165307 606.92376960813999 15.696205362677572 8.1924380734562856 7.5665222853422156 34.680614389013499 49.536489363759756 4.5747050791978827 6.4367532627657047 52.203188265673816 7.591154683381319 181.84385708486661 3.328247919678688 5.7684497013688087 74.876886669546366 6.4933422952890387 3.5999326631426811 4.0872895047068578 3.8553372025489807 1.8398345056921233 6.4811261594295493 29.572293620556593 10.11227462440729 3.1777781657874575
leaf_count=26 1682607 17 14294 19 59 141 1912 3996 99 49 44 429 279 32 126 1285 41 3330 24 36 451 34 22 24 21 41 35 170 58 25
internal_value=3.32635e-06 0.00233545 0.00108591 0.00675772 0.0412776 0.0059634 0.00473626 -0.00119826 -0.00290124 0.00525432 0.0324498 0.00505601 0.0118932 0.0158702 0.00138127 0.00563343 -0.0271113 0.00449026 -0.0286436 0.00238577 0.00472263 -0.00491892 -0.0212244 -0.0435006 -0.0356505 -0.0146471 -9.66021e-06 0.00464483 -0.00350559 -0.00212412
internal_weight=96284.2 1649.23 1285.9 363.337 8.17249 355.164 494.936 790.96 625.798 165.163 15.759 345.623 120.822 109.643 224.801 60.1061 11.1795 188.281 7.90295 149.404 135.948 61.0711 13.4557 7.68722 8.4121 36.5204 52.659 46.1657 39.6846 610.102
internal_count=1709726 27119 21296 5823 76 5747 16206 5090 4120 970 93 5606 1680 1620 3926 1341 60 3456 56 877 795 344 82 46 47 470 297 263 228 4021
is_linear=0
shrinkage=0.05


Tree=202
num_leaves=31
num_cat=0
split_feature=16 6 17 10 10 17 17 16 10 4 10 17 5 10 0 17 6 0 0 17 9 10 5 0 0 17 5 0 17 4
split_gain=3.31873 4.07821 6.2902 10.9111 4.2594 4.24448 6.27654 3.89474 6.9272 7.0197 4.95436 6.11482 5.53321 3.67405 3.41647 2.80501 3.30168 2.76861 2.75815 3.05904 2.75539 3.83403 3.0295 2.88739 5.07925 2.8539 3.407 3.57583 2.72972 2.61992
threshold=0.91801832754575818 -0.9159756150367534 0.64927455643692611 0.0050012057349847058 0.0045439603260511432 0.66790175964937204 0.71544264689159509 0.96660353535353549 6.9227034555509634 1.5000000000000002 8.1633780594801681 0.66254140008263762 -0.5 8.3373012069060888 64.500000000000014 0.65186974613117965 -0.78656609248549325 52.500000000000007 115.50000000000001 0.65732326985283174 2.4414009612931857 8.0848893759715015 -0.70710678118654735 29.500000000000004 36.500000000000007 0.64552233679973303 0.98296291314453421 87.500000000000014 0.69057772757248759 4.5000000000000009
decision_type=2 2 2 2 2 2 2 2 2 2 2 2 2 2 2 2 2 2 2 2 2 2 2 2 2 2 2 2 2 2
left_child=29 4 3 -3 14 7 13 18 15 10 11 12 -10 -7 -2 -9 -17 -12 -4 -20 22 -22 -5 -24 -25 -26 27 -27 -16 -1
right_child=1 2 5 20 -6 6 -8 8 9 -11 17 -13 -14 -15 28 16 -18 -19 19 -21 21 -23 23 24 25 26 -28 -29 -30 -31
leaf_value=-0.00013656667725050952 -0.019594768307454012 -0.087334743133232084 0.021265122847776347 -0.018112945552842281 -0.0033845590392267383 -0.015678702340582117 0.0070080459256689322 0.05185035731343355 -0.11311692556864739 0.039189933648678135 0.057944755490816083 0.010542746098669373 -0.035716268803051482 0.0585109971557983 -0.20282756569152718 -0.039788981522979813 0.019653006552174303 -0.028147879532771071 -0.061875194743131072 0.021415269242746601 -0.097767069969372331 -0.0034901242319365679 0.0635955228079607 -0.056589465778066297 -0.029868488458138137 0.028487098370821175 -0.042572528869415371 -0.030594713366941403 -0.064733899695593775 0.00057027352678236246
leaf_weight=79971.007217664504 2.5607808530330649 4.2089917212724677 100.63892906345427 17.013320583850145 99.711493335431442 44.606326583772898 271.27290621167049 5.3954829014837768 4.1010280959308174 4.0740703567862502 1.9328859150409692 3.1954249553382388 5.2842089198529747 1.7336316071450699 0.55183159187436093 2.7391410581767603 15.875738928094503 1.8067049980163572 2.1476530022919169 2.2650193944573402 1.8096300624310959 2.6688627600669861 2.1566094346344462 3.1445981226861468 3.8884595036506679 21.475789954885848 2.2722498625516883 2.9077474139630786 1.0180629037786273 15679.814940104494
leaf_count=1423257 83 31 1122 171 3355 616 15333 51 43 44 21 39 48 25 6 24 151 20 18 24 21 29 20 31 34 205 20 27 44 264813
internal_value=3.17396e-06 0.00361319 0.00539272 -0.00963253 -0.00544564 0.00737262 0.00410298 0.014321 0.00190622 -0.0195217 -0.034178 -0.0491977 -0.0695377 -0.0129032 -0.0551987 0.020107 0.0109062 0.0163509 0.0195687 -0.0191223 -0.0039286 -0.0415847 -0.000738162 0.00750843 0.00391798 0.0101474 0.0159847 0.0214416 -0.113275 -2.0696e-05
internal_weight=96283.3 632.458 528.615 61.5463 103.842 467.069 317.613 149.456 44.4047 20.3943 16.3203 12.5807 9.38524 46.34 4.13068 24.0104 18.6149 3.73959 105.052 4.41267 57.3373 4.47849 52.8588 35.8455 33.6888 30.5442 26.6558 24.3835 1.56989 95650.8
internal_count=1709726 21656 18168 589 3488 17579 15974 1605 441 215 171 130 91 641 133 226 175 41 1164 42 558 50 508 337 317 286 252 232 50 1688070
is_linear=0
shrinkage=0.05


Tree=203
num_leaves=31
num_cat=0
split_feature=1 4 16 17 17 10 10 10 17 9 7 17 6 5 9 16 9 17 6 16 10 8 9 7 1 16 4 4 16 16
split_gain=3.37715 6.10914 4.97247 3.97539 5.22185 6.49776 5.2081 8.17932 5.26064 5.13623 5.78891 5.6689 5.12985 4.90676 5.56464 4.86872 5.05813 4.62222 4.59653 4.32312 4.32379 4.3177 4.2779 4.23303 5.66555 3.85175 14.8386 6.33533 5.32016 5.54757
threshold=3936.5000000000005 1.5000000000000002 0.75532837185646529 0.70959667852265762 0.67205958784229547 8.044228864102438 7.2616989237738343 6.9770641725115619 0.65850104367233386 3.4811217321331038 7.2460115738484996 0.66677105297994299 0.1294095225512602 0.60355339059327384 2.1383330595080281 0.75068315415772469 2.602003343538398 0.66055304745908205 0.91597561503675351 0.73607016656695079 6.9227034555509634 5.9255909116924723 2.740319461670996 2.1383330595080281 4915.5000000000009 0.87366126647385423 4.5000000000000009 2.5000000000000004 0.92778075015659234 0.96660353535353549
decision_type=2 2 2 2 2 2 2 2 2 2 2 2 2 2 2 2 2 2 2 2 2 2 2 2 2 2 2 2 2 2
left_child=25 -2 3 4 6 22 7 15 -9 11 -11 23 -12 14 -13 16 19 -10 -17 -3 -21 -18 -6 24 -8 -1 27 28 -27 -30
right_child=1 2 -4 -5 5 -7 9 8 17 10 12 13 -14 -15 -16 18 21 -19 -20 20 -22 -23 -24 -25 -26 26 -28 -29 29 -31
leaf_value=3.2705997475603986e-05 -0.0059363613701655833 0.0021554480416973742 -0.001319079314300958 -0.0013347309570158243 0.016981153080598204 -0.018823187669136102 0.074685094354635037 -0.021766185618121318 0.056199693850578838 -0.051936065953758596 -0.01466456922316112 -0.039577105444148664 0.019413745362593052 0.01860455364257196 0.02938260799094013 0.015265430261965579 0.011765284471634191 -0.00393354871582508 -0.029623947366588188 -0.0070574727587098931 0.045089818430745561 0.074212136614806731 0.066066643006066225 0.0075883741724463959 0.015100259699309105 -0.0022773815743223533 0.013138491531868033 0.0035618913743581588 0.0093372809936549377 -0.0029258670915916366
leaf_weight=83381.695462896954 565.06037914403714 492.73871400207281 6352.3014132771641 908.26426080614328 72.019759505987167 12.533429972827433 5.406607702374461 67.064498037099838 3.5729756951332083 6.7941265553235999 31.318345829844475 16.757911153137691 17.057679392397404 8.0438926964998227 3.5440918058156958 85.701542016118765 8.9907499402761442 30.261402852833271 6.1092476621270171 226.35507038235664 4.0460918098688117 3.9993348717689505 4.7303373366594306 482.12069857120514 15.219869643449782 1568.175389849348 263.50488847400993 1257.9542990995105 224.8834169015754 156.33443607925437
leaf_count=1444591 9091 2697 116205 16098 532 90 32 349 21 35 173 113 99 54 24 473 49 170 34 1242 22 22 35 2487 89 43995 10526 48028 7686 4664
internal_value=3.06603e-06 -0.000895617 -0.000574315 0.00130854 0.00280493 0.0145556 0.00211248 -0.000216494 -0.013657 0.00580236 -0.00871806 0.00731075 -0.00264835 -0.0144445 -0.0275389 0.00142146 6.73705e-05 0.00241664 0.0122784 -0.000488128 -0.00614171 0.0309912 0.0200064 0.00853735 0.0307186 0.000100641 0.00173266 0.000795595 -0.000989512 0.00430826
internal_weight=96282.6 9430.01 8864.95 2512.65 1604.39 89.2835 1515.1 928.84 100.899 586.263 55.1702 531.093 48.376 28.3459 20.302 827.941 736.13 33.8344 91.8108 723.14 230.401 12.9901 76.7501 502.747 20.6265 86852.5 3470.85 3207.35 1949.39 381.218
internal_count=1709726 150236 141145 24940 8842 657 8185 5079 540 3106 307 2799 272 191 137 4539 4032 191 507 3961 1264 71 567 2608 121 1559490 114899 104373 56345 12350
is_linear=0
shrinkage=0.05


Tree=204
num_leaves=31
num_cat=0
split_feature=1 4 17 17 0 16 0 16 16 17 10 1 10 6 0 16 16 7 16 16 17 17 17 7 1 16 10 0 7 6
split_gain=3.30502 3.27185 3.87164 3.72516 7.68885 6.39983 5.36575 4.9262 5.80306 4.8732 8.18371 7.15337 6.26498 5.04931 6.50052 4.76428 4.25099 3.3655 3.36368 3.28677 5.51393 16.0837 4.39254 5.73803 4.29927 4.21851 5.70185 3.40041 6.64394 4.4138
threshold=192.50000000000003 3.5000000000000004 0.72364430882431663 0.66514930599664202 96.500000000000014 0.64766222937444862 30.500000000000004 0.7457328862257272 0.74014791079184894 0.64679273484672806 4.508883231672506 158.50000000000003 4.0595283516517311 1.0000000180025095e-35 72.500000000000014 0.7457328862257272 0.71749132347905142 2.3502401828962087 0.87132119606012981 0.8389280719161325 0.65732326985283174 0.65657385268711743 0.64927455643692611 5.9776183370995293 133.50000000000003 0.81851854818992831 6.6896474093397282 50.500000000000007 4.9663289649179552 -0.60355339059327384
decision_type=2 2 2 2 2 2 2 2 2 2 2 2 2 2 2 2 2 2 2 2 2 2 2 2 2 2 2 2 2 2
left_child=1 2 19 4 5 -3 15 8 -5 10 -8 -12 13 14 16 -7 -11 -10 -4 22 21 -21 23 27 -25 -24 -27 28 -1 -29
right_child=-2 3 18 7 -6 6 9 -9 17 12 11 -13 -14 -15 -16 -17 -18 -19 -20 20 -22 -23 25 24 -26 26 -28 29 -30 -31
leaf_value=8.4203396479946049e-05 -3.5708844360644619e-05 0.060810088410883194 0.0033237058626184204 -0.0062806959510930257 0.048642467317342689 0.012406639799621623 -0.050696381867741405 0.0063640550445020917 0.0063590565627282963 -0.039663054675640519 -0.026928162235297943 0.047244934847172237 0.0052197041804426803 0.05339030322548112 -0.037355879684357739 -0.063936040390664209 0.036184079764487384 -0.088271535143431987 0.018827507794943597 -0.013349596610313217 0.0022931276886824091 -0.12285024584944547 -0.0036721793588184782 -0.0074224138547041747 0.044619520150258205 0.0012627610894461281 0.039304480200204266 -0.0030988426272277338 -0.053962374790234302 0.019046428078910941
leaf_weight=53.174544580280781 94634.277328065131 5.6871421784162512 455.65177313657477 44.687172213569283 13.07021142542362 3.5094236209988576 8.5926127545535582 142.4023974109441 1.2694737333804358 2.0611997172236505 6.1693624034523946 6.8705666065216064 83.296574525535107 14.125141371041535 4.6502017844468346 4.8928986191749573 17.806866250932217 3.6153894644230604 37.894244850380346 47.815603233873844 49.970565324649215 3.6063800752162924 467.13665235228837 5.3082255199551609 15.724073044955729 36.009767360985279 13.558797508478163 39.122494805604219 6.3671722635626784 52.957954689860344
leaf_count=303 1682607 31 14294 673 74 19 48 4086 22 12 34 39 470 89 26 31 107 62 1912 393 479 29 2835 31 90 270 107 223 36 294
internal_value=2.93756e-06 0.0022235 0.00103919 0.00641698 0.0117901 0.00873506 0.00678633 0.00163838 -0.0119368 0.00905914 -0.0128115 0.0121527 0.0129391 0.0295783 0.01586 -0.0320498 0.0283154 -0.063679 0.00451408 -0.00112965 -0.00953497 -0.0210292 0.00010662 0.00701121 0.0314849 -0.00220051 0.0116685 0.00361633 -0.00569534 0.0096375
internal_weight=96281.3 1647 1284.3 362.707 170.732 157.662 151.975 191.974 49.572 143.573 21.6325 13.0399 121.94 38.6434 24.5183 8.40232 19.8681 4.88486 493.546 790.752 101.393 51.422 689.36 172.654 21.0323 516.705 49.5686 151.622 59.5417 92.0804
internal_count=1709726 27119 21296 5823 980 906 875 4843 757 825 121 73 704 234 145 50 119 84 16206 5090 901 422 4189 977 121 3212 377 856 339 517
is_linear=0
shrinkage=0.05


Tree=205
num_leaves=31
num_cat=1
split_feature=16 8 7 9 7 8 10 7 16 10 2 7 7 10 7 7 10 7 7 16 7 7 10 7 10 10 8 8 16 7
split_gain=2.82634 2.78531 7.0931 7.05508 6.8397 9.90529 10.2612 10.7885 9.06851 8.09285 8.08881 7.95439 11.3023 19.5838 12.5799 12.5865 14.2135 28.2889 11.2217 13.8075 10.3491 12.2828 18.9483 9.40503 9.80447 6.37309 6.34513 6.25429 6.23373 6.23212
threshold=0.91801832754575818 1.7005986908310777 4.4601277074540464 0.89587973461402759 3.9219243190762363 1.0000000180025095e-35 6.7116989384972126 2.524928003624769 0.75441668335068901 0.053476163890834059 0 2.9174053685313028 2.524928003624769 0.58835231277292122 2.3502401828962087 1.0397207708399181 0.14313038490420291 1.5890269151739729 2.8029010331479989 0.76386094938731974 3.1132683346437333 3.2769667020129059 1.2007562355602046 3.4811217321331038 0.022502003570911078 0.3497316826816268 4.2835627800822236 4.1510089048756029 0.86002122308110285 1.5890269151739729
decision_type=2 2 2 2 2 2 2 2 2 2 1 2 2 2 2 2 2 2 2 2 2 2 2 2 2 2 2 2 2 2
left_child=1 4 3 26 5 11 7 -7 10 -9 -6 12 14 18 15 -1 17 -17 -14 -20 -13 22 -22 -23 -25 -12 27 -3 -16 -18
right_child=-2 2 -4 -5 8 6 -8 9 -10 -11 25 20 13 -15 28 16 29 -19 19 -21 21 23 -24 24 -26 -27 -28 -29 -30 -31
leaf_value=-0.00041205879045544701 0.0032817669978459363 0.0015380928065679149 -8.7116861480081062e-05 0.016552679513485821 0.0047129957876611657 0.015287688852867229 0.0045960206876395513 0.0062703633304641935 -0.0028065150562683878 -0.00066550249543422739 0.019125870366592038 -0.0046765669787108607 0.016412549766476752 0.0013340523772081105 -0.0019058836889950092 0.019463015459158562 -0.00052386346233433494 -0.0018679625831415957 -0.07348717696417488 0.0043539359799351076 0.02158748472514822 -0.0055793493636168987 0.001566792423220679 0.01500189872981255 -0.00074649779646855522 -0.0020542426083568995 -0.004755077175961033 0.01553136890684708 -0.0085356415423661069 0.003727969360621362
leaf_weight=15469.216026941314 632.90799159859307 7989.3224995303899 37317.106676795287 77.236641923896968 871.10139989294112 118.57553978986107 2070.0292256227694 466.55918625276536 5421.7036719322205 4266.8626880687661 36.521805500611663 2332.0064236009493 332.87742872815579 2466.9741686605848 6234.0283695179969 337.61710609286092 1852.4658788240049 288.03135288623162 7.6535519836470511 22.283182052429765 135.45517715462483 1185.0445331358351 926.79404413374141 105.69426671462134 1521.8953650868498 1290.676499622874 402.42420039698482 80.656949940603226 375.94449716806412 1611.6125776458066
leaf_count=208183 21760 155959 714654 1786 8631 2336 33322 13044 111322 81507 446 35004 13069 42452 82150 17976 34931 6915 80 656 4010 18968 15057 2531 24704 12673 7625 1573 7464 29396
internal_value=-4.85041e-05 -7.05484e-05 0.000210501 0.00150953 -0.000329673 -8.03303e-05 0.00164873 0.00039131 -0.00170818 1.8145e-05 0.00100067 -0.000420293 -7.25842e-05 0.0029292 -0.000397184 0.000240115 0.00270693 0.00964282 0.0137755 -0.0155467 -0.00204479 -0.000460923 0.00411978 -0.00219092 0.000276189 -0.00146041 0.00137239 0.00167795 -0.00228295 0.00145424
internal_weight=96247.3 95614.4 45866.7 8549.64 49747.6 42127.6 6922.03 4852 7620 4733.42 2198.3 35205.6 28998.7 2829.79 26168.9 19558.9 4089.73 625.648 362.814 29.9367 6206.89 3874.88 1062.25 2812.63 1627.59 1327.2 8472.4 8069.98 6609.97 3464.08
internal_count=1710184 1688424 881597 166943 806827 673755 130209 96887 133072 94551 21750 543546 443272 56257 387015 297401 89218 24891 13805 736 100274 65270 19067 46203 27235 13119 165157 157532 89614 64327
cat_boundaries=0 1
cat_threshold=3
is_linear=0
shrinkage=0.05


Tree=206
num_leaves=31
num_cat=2
split_feature=1 6 17 17 17 4 16 16 17 4 17 10 1 9 3 10 2 7 1 16 2 7 1 6 1 9 6 6 1 16
split_gain=3.00191 2.94151 2.89907 8.03641 7.64045 7.21042 7.35586 12.5415 11.2916 5.87832 6.55748 8.15675 8.5714 6.34798 5.76544 7.6827 6.58834 6.15707 12.0096 5.93444 5.68963 6.13553 5.71759 8.47367 5.64691 5.62824 6.60604 11.4569 5.54359 6.89794
threshold=133.50000000000003 -0.98296291314453399 0.66166140763983117 0.78191805040034468 0.75399479309382211 2.5000000000000004 0.78470489524025855 0.76654497051352888 0.79775247338980537 3.5000000000000004 0.65766009501192657 0.026146630606959865 4239.5000000000009 8.1861856452610962 1.0000000180025095e-35 7.9393596105120787 0 6.7050267249120559 1758.5000000000002 0.86233809420812657 1 2.524928003624769 380.50000000000006 -0.98296291314453399 2121.5000000000005 3.2769667020129059 -0.78656609248549325 0.25881904510252057 256.50000000000006 0.80836355027193563
decision_type=2 2 2 2 2 2 2 2 2 2 2 2 2 2 2 2 1 2 2 2 1 2 2 2 2 2 2 2 2 2
left_child=1 -1 9 4 -4 -5 7 -7 -8 10 13 12 -12 14 15 16 28 18 -17 24 21 22 23 -11 -19 26 -21 -28 29 -2
right_child=2 -3 3 5 -6 6 8 -9 -10 20 11 -13 -14 -15 -16 17 -18 19 -20 25 -22 -23 -24 -25 -26 -27 27 -29 -30 -31
leaf_value=-0.011523722487931834 -0.00078101510057385103 0.0052303403390798415 -0.00070770386337609323 0.001139448618477077 -0.0038980514542904404 -0.00020370566340838036 0.0015121841810963649 -0.0038019434540191746 -0.0018448062747578318 0.035386779150346284 -0.0033980638549190542 0.0031785281317283677 -0.040194558702257244 -0.070341352151498227 -4.9662786800213476e-05 -0.013847685608942329 -0.0044534710205207653 0.0008006858917182718 0.037775792646687407 0.0070471566297662701 -0.00016915377287314513 0.0029343312284355163 -0.0013882435091698399 0.0035810011941242075 -0.052862836439134975 0.026938539313712206 -0.1131424528213338 -0.00067749845078546637 0.0017202073938527619 -0.012979451222665257
leaf_weight=28.034882178064436 471.14442786946893 399.86214501992799 22262.382110714912 13050.724910756107 2049.4063255982473 8888.9825037035625 8738.6826315969229 3328.4061498609371 3511.4773812647909 22.391498193144798 306.73187785409391 2323.2186290379614 16.687279030680656 3.2541861757636061 14987.809256086126 316.02410135418177 1084.0687943100929 266.11431527882814 11.682597972452639 4.2244643345475206 4788.807482868433 5395.2768681012094 1772.7132318979129 323.29238873720169 4.9942221194505683 3.4039252102375022 5.6644458770751953 3.772758848965168 1713.1922157891095 153.69755427911878
leaf_count=406 2576 6585 175292 474858 20566 323964 220001 79071 197073 124 2120 15125 105 24 97355 1726 6207 1420 64 35 29509 33009 10187 1827 27 31 44 31 9792 1030
internal_value=-4.59548e-05 0.00413265 -6.46172e-05 -0.000268508 -0.00097664 0.00019036 -0.000315873 -0.00118398 0.000549911 0.000306403 -0.000189055 0.00214286 -0.00529663 -0.000513387 -0.000501444 -0.00217832 -0.0012531 -0.00731927 -0.0120073 -0.00198808 0.00117935 0.00203632 -0.000241165 0.0056412 -0.000187876 -0.0305866 -0.0449195 -0.0681818 0.000248789 -0.00378157
internal_weight=96236.1 427.897 95808.2 61830.1 24311.8 37518.3 24467.5 12217.4 12250.2 33978.2 21675.7 2646.64 323.419 19029 19025.8 4037.98 3422.1 615.881 327.707 288.174 12302.5 7513.67 2118.4 345.684 271.109 17.0656 13.6617 9.4372 2338.03 624.842
internal_count=1710184 6991 1703193 1490825 195858 1294967 820109 403035 417074 212368 137712 17350 2225 120362 120338 22983 19605 3378 1790 1588 74656 45147 12138 1951 1447 141 110 75 13398 3606
cat_boundaries=0 1 2
cat_threshold=7 22
is_linear=0
shrinkage=0.05


Tree=207
num_leaves=31
num_cat=0
split_feature=0 16 1 4 6 10 5 0 3 9 10 10 0 16 16 16 9 3 1 10 16 6 0 0 5 1 1 16 1 16
split_gain=4.34206 3.56169 2.78377 6.74919 5.30991 4.46229 4.41053 4.37359 5.70493 4.08015 4.09624 6.48423 4.12968 4.04325 5.44893 4.75196 3.8098 3.58743 4.3954 5.41894 4.20246 4.55172 3.78442 3.94056 5.15467 3.56905 6.41469 5.28062 3.56789 4.15288
threshold=16.500000000000004 0.70406634886711628 389.50000000000006 4.5000000000000009 0.91597561503675351 7.5272535113028427 1.0000000180025095e-35 103.50000000000001 1.0000000180025095e-35 1.4978661367769956 0.0099550349582244787 0.017757639903529885 30.500000000000004 0.76258261174514741 0.69285618832547369 0.67579385809283876 5.9094397911047301 1.0000000180025095e-35 3130.5000000000005 8.2331078129966908 0.85695822758365758 -0.70710678118654757 106.50000000000001 35.500000000000007 0.60355339059327384 3614.5000000000005 3683.5000000000005 0.68801149572036502 345.50000000000006 0.65926078882424599
decision_type=2 2 2 2 2 2 2 2 2 2 2 2 2 2 2 2 2 2 2 2 2 2 2 2 2 2 2 2 2 2
left_child=1 -1 3 4 5 -2 16 9 -9 10 12 -12 -6 14 15 28 -7 18 -4 20 21 -20 23 24 -23 -25 -27 -28 29 -13
right_child=2 -3 17 -5 7 6 -8 8 -10 -11 11 13 -14 -15 -16 -17 -18 -19 19 -21 -22 22 -24 25 -26 26 27 -29 -30 -31
leaf_value=0.044863886021175602 0.0012479608753680309 0.007868732532561859 -0.0010377293328382175 0.0047648318856108353 -0.035451409048063341 0.00060619508316191563 -0.0041379399446714411 -0.0095568377662693868 -0.064605162144041384 0.0089760287076835112 -0.047081534410245041 -0.0036666033223548347 0.008963645752670224 -0.0022092294398926376 -0.018776359405637516 0.040254141869372574 0.038151865579105153 -1.4219201017863575e-05 -0.0092346823650518387 -0.053494809334804487 0.034329654929988705 0.012273666266220208 -0.023656211079387455 0.040406369541182645 -0.10440882592008954 -0.071285116177500774 0.074872933433828379 0.011005839079856248 0.029154799400095029 -0.06486086411987399
leaf_weight=7.0163130071014157 6287.7630969507154 89.429304890567437 11899.560947684804 946.60314023401588 5.6771676777862004 863.6456618020311 867.3420909717679 15.42559801740572 6.7731099170632652 56.46718282205984 10.072658606804906 11.1217497214675 66.974276394350454 216.32645993027836 101.06562310364097 7.5027562100440255 6.8097844175063065 74645.984917748719 29.982160638552159 3.3689806750044218 16.254970649722964 2.7328673219308248 5.8722731461748472 17.852516038808972 1.4480457743629811 2.127325363457202 3.6614550873637226 27.883388628251851 5.2185500375926486 3.6931067723780862
leaf_count=70 108604 1758 177920 15401 113 14335 14190 242 125 1103 147 117 1208 4850 997 70 150 1367034 424 43 361 41 93 230 18 27 28 403 50 32
internal_value=-4.36422e-05 0.0105601 -5.42802e-05 0.000759256 0.000314842 0.000628145 -0.0016145 -0.00465128 -0.0263528 -0.00365618 -0.00532414 -0.00753787 0.00549294 -0.00638311 -0.0134042 0.00631336 0.000899924 -0.000143264 -0.000945272 0.00895002 0.0109013 0.00674197 0.014521 0.0185455 -0.0281389 0.0223336 0.0127517 0.018419 -0.00639788 -0.0189214
internal_weight=96231.7 96.4456 96135.2 9478.48 8531.88 8025.56 1737.8 506.318 22.1987 484.12 427.652 355.001 72.6514 344.928 128.602 27.5362 870.455 86656.7 12010.7 111.184 107.815 91.56 61.5779 55.7056 4.18091 51.5247 33.6722 31.5448 20.0334 14.8149
internal_count=1710184 1828 1708356 161734 146333 137279 28675 9054 367 8687 7584 6263 1321 6116 1266 269 14485 1546622 179588 1668 1625 1264 840 747 59 688 458 431 199 149
is_linear=0
shrinkage=0.05


Tree=208
num_leaves=31
num_cat=0
split_feature=0 17 16 17 8 8 16 1 0 17 17 17 17 16 0 17 17 17 4 16 16 17 0 16 17 16 1 1 8 8
split_gain=3.92988 3.93868 4.79623 3.58405 3.82292 3.96771 3.99215 2.64133 5.97185 3.91908 3.92904 3.13776 3.03243 2.97919 2.69931 2.6097 7.35012 6.87354 6.49929 6.78063 11.2708 10.4499 5.63978 6.37037 10.6174 8.68255 7.58402 6.67437 7.04384 6.14574
threshold=16.500000000000004 0.64856198614102312 0.81795106996748246 0.66872963121499296 3.5114340430413216 1.0000000180025095e-35 0.76031047465747836 133.50000000000003 107.50000000000001 0.65850104367233386 0.64871561802065936 0.69057772757248759 0.79040557586026849 0.55753674434769007 101.50000000000001 0.66166140763983117 0.78191805040034468 0.75399479309382211 2.5000000000000004 0.78470489524025855 0.76654497051352888 0.79905213237329809 34.500000000000007 0.8055710687594505 0.6619687418888992 0.79189660852109156 5253.5000000000009 5080.5000000000009 5.4701654074033046 5.2284276452838947
decision_type=2 2 2 2 2 2 2 2 2 2 2 2 2 2 2 2 2 2 2 2 2 2 2 2 2 2 2 2 2 2
left_child=1 2 -1 4 5 -3 -7 8 13 10 -10 -11 -13 -2 -15 -9 17 22 -18 20 -20 -21 -17 24 25 -24 -25 28 29 -26
right_child=7 3 -4 -5 -6 6 -8 15 9 11 -12 12 -14 14 -16 16 18 -19 19 21 -22 -23 23 26 27 -27 -28 -29 -30 -31
leaf_value=-0.043116090361276699 0.048768136792523155 0.032905871238270212 0.030148346651574766 0.0047813074338923043 0.0729962826619142 -0.044822501016694792 0.017219474900698209 0.00028318312413158105 -0.013936296712964234 0.028626089621392029 -0.085246798589614245 -0.076541986667100201 -0.0026011697075706795 0.0042231578670789442 0.039141200814527162 0.0018168471870697277 0.0010785809906463234 -0.0037112248485526213 -0.00020724634020969184 0.0012228047649071212 -0.0036173597283057687 -0.0025442957073217765 -0.0079007053656588652 -0.0018300336067726465 -5.291358618962062e-06 0.0062335542558643511 -0.0097021084645976096 0.004355738846129849 -0.0037249187147837329 0.0087876291516409497
leaf_weight=6.8815894871950132 3.873184695839881 21.021503608673811 3.3075044006109238 49.508814982604235 3.7865690216422072 3.8882527798414213 7.7825258746743202 33938.12303703744 3.7077153772115734 4.30225572735071 4.0323463194072247 2.0596335753798485 4.2436303528957069 399.1921791350469 5.6125103682279578 2045.7728796955198 13027.349083019421 2048.9011438051239 8882.4851753404364 9978.6589540424757 3331.9091418795288 2257.400087878108 715.28613786026835 6267.0041702520102 10417.504065777175 128.11345605924726 321.66127674654126 836.63051129411906 1308.9309719726443 202.58731244504452
leaf_count=40 44 134 27 1519 28 20 60 212141 21 28 23 21 167 6582 100 16633 474204 20537 323683 263158 79004 153540 3541 63096 72026 714 2675 5631 9370 1417
internal_value=-4.14421e-05 0.0100606 -0.0193336 0.0135436 0.0254357 0.019927 -0.00345052 -5.15484e-05 0.00387209 -0.0240356 -0.051087 -0.00429306 -0.0267618 0.00512487 0.00470729 -6.90546e-05 -0.000262583 -0.000940037 0.000176529 -0.000304089 -0.00113748 0.000527822 -0.000684776 -0.000938159 -0.000320305 -0.00575369 -0.00221435 3.8668e-05 -0.000264106 0.000162441
internal_weight=96231.5 96.1768 10.1891 85.9877 36.4789 32.6923 11.6708 96135.3 427.023 18.3456 7.74006 10.6055 6.30326 408.678 404.805 95708.3 61770.2 24292.4 37477.8 24450.5 12214.4 12236.1 22243.5 20197.7 13609.1 843.4 6588.67 12765.7 11929 10620.1
internal_count=1710184 1828 67 1761 242 214 80 1708356 6986 260 44 216 188 6726 6682 1701370 1489229 195640 1293589 819385 402687 416698 175103 158470 92699 4255 65771 88444 82813 73443
is_linear=0
shrinkage=0.05


Tree=209
num_leaves=31
num_cat=0
split_feature=0 16 16 8 7 4 16 8 7 7 10 7 7 10 7 10 7 7 1 7 7 7 16 7 8 4 16 7 7 10
split_gain=3.56468 3.22052 2.52918 2.545 7.40059 7.10807 11.8465 6.47431 5.62005 14.6842 18.671 10.5379 12.2241 12.1765 26.1729 9.99976 9.61142 9.60262 7.01758 6.76186 6.85681 6.64476 6.49759 6.64162 6.15226 6.12047 6.09636 6.04416 5.81788 10.4063
threshold=16.500000000000004 0.70406634886711628 0.91801832754575818 1.4978661367769956 4.4601277074540464 4.5000000000000009 0.888741551162327 2.8029010331479989 2.9174053685313028 2.524928003624769 0.053476163890834059 2.3502401828962087 1.0397207708399181 0.14313038490420291 1.5890269151739729 0.053476163890834059 3.1132683346437333 3.1984648276080736 555.50000000000011 3.1132683346437333 3.3497501700808394 3.4811217321331038 0.71516687015749547 3.1984648276080736 1.0000000180025095e-35 4.5000000000000009 0.8278344862577891 2.6735537653587351 1.5890269151739729 6.4093551940530853
decision_type=2 2 2 2 2 2 2 2 2 2 2 2 2 2 2 2 2 2 2 2 2 2 2 2 2 2 2 2 2 2
left_child=1 -1 3 8 -5 7 -7 -6 9 11 27 12 -2 14 18 16 -10 -18 -14 -17 22 -22 25 -24 -13 -21 -23 -11 29 -15
right_child=2 -3 -4 4 5 6 -8 -9 15 10 -12 24 13 28 -16 19 17 -19 -20 20 21 26 23 -25 -26 -27 -28 -29 -30 -31
leaf_value=0.042146256067540154 -0.0003708389224352197 0.0070188169211204843 0.0031074676429489467 0.0013967970369143251 -0.0018687008083704396 0.0012534343649832035 0.027560728648472373 -7.72002038091774e-05 -0.0018374145064351374 0.01835794010453675 0.0019549128917896309 -0.0021808204375598373 0.032601504478997727 -0.002970410891433952 -0.0018342435204940514 -0.0037089458874043873 0.01844927066473279 0.0040310694406229183 0.01491816431769682 -0.010940006967441317 -0.004531603518923742 -0.00042956618302744475 -0.00030482835232118442 0.0053694131464583775 0.012898344149039342 0.010977612936810432 -0.0038123956883422462 0.0030342866582653977 0.003714339575850364 0.0050084145287100507
leaf_weight=7.0427486319094887 15458.224143421277 88.737679695477709 630.48630376229994 10005.383732613176 6274.7335954662412 5999.7633908479474 43.100761938141659 25693.497022012481 615.32125213788822 248.03273714054376 3096.4143255704548 6603.1709003569558 71.516218605218455 1252.8829657442402 289.93763881712221 2630.1464149109088 137.78469305788167 713.37460307148285 260.34847288276069 169.96218873746693 1508.7364310589619 8336.1908096480183 1075.7084497637115 990.6018306503538 68.342715432867408 39.198118403553963 1585.0746203493327 86.894536991138011 1644.846023452701 606.46698160097003
leaf_count=70 208085 1758 21718 195104 116356 109262 1921 499327 10674 10462 56101 89477 3608 24710 6988 39666 4502 17549 14348 1596 23983 128977 19618 18758 1146 355 40597 2918 30208 10342
internal_value=-3.93376e-05 0.00960174 -4.8943e-05 -6.97803e-05 0.000186906 -0.000131565 0.00144107 -0.000428836 -0.000329316 9.18898e-05 0.00316793 -0.000310116 0.000274533 0.00269244 0.00914059 -0.00103173 0.00292339 0.00636507 0.0187289 -0.00138678 -0.000941151 -0.00144015 0.00156537 0.00241544 -0.00202635 -0.00683249 -0.000970025 0.0143823 0.00154825 -0.000367945
internal_weight=96231.9 95.7804 96136.1 95505.7 48016.5 38011.1 6042.86 31968.2 47489.2 29687.1 3431.34 26255.7 19584.2 4126 621.802 17802.1 1466.48 851.159 331.865 16335.6 13705.5 11430 2275.47 2066.31 6671.51 209.16 9921.27 334.927 3504.2 1859.35
internal_count=1710184 1828 1708356 1686638 921970 726866 111183 615683 764668 458393 69481 388912 298289 90204 24944 306275 32725 22051 17956 273550 233884 193557 40327 38376 90623 1951 169574 13380 65260 35052
is_linear=0
shrinkage=0.05


Tree=210
num_leaves=31
num_cat=0
split_feature=7 9 9 9 6 9 0 9 8 17 5 8 0 17 7 0 8 10 1 1 8 9 9 3 0 10 8 10 17 8
split_gain=4.55201 7.41618 4.37612 6.67273 5.37226 7.69997 4.32176 6.73612 4.01607 7.46855 4.66263 4.2123 3.80886 5.35642 3.80744 4.16849 4.15738 3.79901 3.54745 8.29265 4.3305 4.11634 4.16099 3.75367 3.74416 3.72885 5.09279 5.85884 9.0618 5.6753
threshold=10.772435055090876 2.0126758453675748 4.1971736807086968 4.6395599436855051 -0.98296291314453399 3.4811217321331038 60.500000000000007 2.3502401828962087 8.8000242701465474 0.7914957306172431 0.98296291314453421 7.4220747473157358 68.500000000000014 0.79024133761996584 6.3359399913222516 17.500000000000004 7.7585470058242878 6.1227990237026413 1154.5000000000002 1183.5000000000002 7.7585470058242878 7.6558599860362451 1.2424533248940002 1.0000000180025095e-35 117.50000000000001 8.1396763524756413 7.5286005116747496 8.1887372139233978 0.66677105297994299 7.4977615469851502
decision_type=2 2 2 2 2 2 2 2 2 2 2 2 2 2 2 2 2 2 2 2 2 2 2 2 2 2 2 2 2 2
left_child=8 -2 4 -4 5 -3 7 -6 11 10 -10 -1 13 -8 16 -16 -13 -17 21 20 -20 22 -19 -23 25 -24 29 28 -28 -27
right_child=1 2 3 -5 6 -7 12 -9 9 -11 -12 14 -14 -15 15 17 -18 18 19 -21 -22 23 24 -25 -26 26 27 -29 -30 -31
leaf_value=3.9081506794266811e-05 0.050733714550698375 0.0098805619429678457 0.031078682271595479 0.0052396830943355456 -0.089102464247679369 -0.14173379961431692 -0.063186671551444695 0.013227581017284055 -0.020818355421451204 0.0082293599342775255 0.042416979025267892 0.0010062594846561212 -0.004050130305777935 0.0064714281072840666 -0.10784423727292017 0.039346267206596487 -0.031799174850126836 -0.0078196860078889267 -0.064240043796298149 0.0018334637955093444 -0.012130262322251424 -0.13457207163603366 0.012110685590924203 -0.018511607105930691 0.040431683368668148 -0.00046334660564038334 -0.04437536441236823 0.010226621382403361 0.0091467272347681271 -0.044031778785004805
leaf_weight=94638.650256615831 9.0812085252255184 1.6701676147058599 29.419049233198166 165.80253302911296 1.6703868974000204 1.679577572038397 7.3214445151388627 43.20739967469126 73.877233076840639 40.390183416195214 3.0348353572189799 24.094086972530931 35.173311205115169 4.4293848327361047 0.83998026931658287 7.3780988752841941 16.11822659894824 43.908568902872503 6.9284671121276942 649.53912657452747 9.3908407292328757 0.87924383813515294 231.25593316718005 3.3550364286638787 8.8837265870533866 22.69613938126713 13.518861420452593 157.70388953876682 19.055889137554914 11.144919880200176
leaf_count=1675694 217 40 588 3602 36 35 57 990 572 1641 23 559 648 170 17 299 278 900 140 13340 186 12 5849 133 174 473 91 2735 580 211
internal_value=8.47049e-05 0.00623973 0.00484821 0.00913351 -0.00394388 -0.0661396 -0.00167443 0.00941878 6.5502e-05 -0.00918046 -0.0183232 7.68154e-05 -0.0122839 -0.0369296 0.00298797 0.0035008 -0.0121431 0.00357968 0.00335571 0.000949013 -0.0342538 0.00648318 0.00689226 -0.0426114 0.00828368 0.00765652 0.00306053 0.00623913 -0.0130655 -0.0148118
internal_weight=96282.1 299.454 290.373 195.222 95.1517 3.34975 91.8019 44.8778 95982.6 117.302 76.9121 95865.3 46.9241 11.7508 1226.69 1186.48 40.2123 1185.64 1178.26 665.858 16.3193 512.402 508.168 4.23428 464.259 455.376 224.12 190.279 32.5748 33.8411
internal_count=1710290 6383 6166 4190 1976 75 1901 1026 1703907 2236 595 1701671 875 227 25977 25140 837 25123 24824 13666 326 11158 11013 145 10113 9939 4090 3406 671 684
is_linear=0
shrinkage=0.05


Tree=211
num_leaves=31
num_cat=0
split_feature=1 17 4 0 0 17 16 17 5 10 9 5 16 0 17 1 10 16 10 17 0 0 17 0 16 10 0 10 0 17
split_gain=3.34885 3.5912 6.50941 6.0217 5.20514 5.98737 6.80261 5.7709 3.94309 6.69529 4.34005 4.68147 4.49239 4.28714 5.13728 5.2685 3.82786 5.07013 5.23653 3.80051 3.68833 3.65365 3.64705 4.35277 3.54722 5.79389 5.17427 3.78232 5.6638 4.29043
threshold=220.50000000000003 0.79024133761996584 3.5000000000000004 118.50000000000001 111.50000000000001 0.64833465767453446 0.86639497381457864 0.65947605478848759 -0.78656609248549292 7.3822888898854613 1.2424533248940002 -0.37940952255126059 0.81509598270433947 63.500000000000007 0.64871561802065936 176.50000000000003 6.0720160888000096 0.8055710687594505 6.2460265579482144 0.66790175964937204 85.500000000000014 51.500000000000007 0.64644959165753857 66.500000000000014 0.85517967223594293 1.4162525511477868 61.500000000000007 6.2223166653399291 47.500000000000007 0.64721689366924384
decision_type=2 2 2 2 2 2 2 2 2 2 2 2 2 2 2 2 2 2 2 2 2 2 2 2 2 2 2 2 2 2
left_child=1 2 3 4 5 6 16 -6 9 13 11 12 -10 14 -4 -16 -1 18 -18 -14 -15 -8 -20 -24 27 -26 -27 28 -13 -30
right_child=-2 -3 8 -5 7 -7 21 -9 10 -11 -12 24 19 20 15 -17 17 -19 22 -21 -22 -23 23 -25 25 26 -28 -29 29 -31
leaf_value=0.003242215371068911 3.2938319411010671e-05 0.0047136875088788542 0.060944070034781986 -0.021748171062106553 -0.010079952732511199 -0.0022540303308391111 -0.058845589839808893 0.066458439408310185 -0.013580888678257231 0.044912363488417879 -0.018689141182485717 0.020324679803288493 0.039917332877364355 -0.028051282746512658 0.032353942902712755 -0.0080695052175261944 0.06605271576858944 0.045018314495637209 -0.0040787195336479528 -0.030902250940318982 0.015677005743259632 -0.0048853680572225411 0.029481321802165745 -0.018755501809871278 0.031104875224275727 -0.10376124584182277 -0.00059498658131660654 0.018597982097905835 -0.030004439116132375 0.0021197468796369814
leaf_weight=93.08475486189127 93834.677852768684 777.55528767197393 6.0153959020972243 34.312287427484989 4.1733790636062604 1062.7023696806282 5.411413583904503 6.0084586422890425 47.986443608999252 16.396957248449326 19.944911804050207 40.811749348416924 7.8261799309402686 11.730256693437697 15.001027205958961 17.421524995937943 4.223151668906211 14.414410583674906 29.58530755341053 2.4994276994839311 8.1883374787867051 7.4639423899352551 25.09825208038092 5.7478401511907569 2.9587875539436927 2.7080549504607916 2.2049955241382122 79.955641593784094 11.950458914041517 79.795689702033997
leaf_count=550 1669622 29151 36 226 24 7604 43 48 292 107 139 269 66 83 105 128 23 98 157 38 58 56 135 31 27 38 26 507 67 536
internal_value=8.05212e-05 0.00190803 0.000598274 -0.00108195 -0.000518239 -0.000808784 0.00749189 0.0350865 0.00641311 0.0166829 0.00384245 0.00545492 -0.00714323 0.00875106 0.0185068 0.0106333 0.0101138 0.0182033 0.0122251 0.0227747 -0.010075 -0.0275644 0.00846341 0.0204929 0.00878828 -0.024171 -0.0574598 0.0100091 0.00482857 -0.00206461
internal_weight=96277.9 2443.18 1665.62 1292.23 1257.91 1247.73 185.029 10.1818 373.396 74.7535 298.642 278.697 58.3121 58.3565 38.4379 32.4226 172.154 79.069 64.6546 10.3256 19.9186 12.8754 60.4314 30.8461 220.385 7.87184 4.91305 212.514 132.558 91.7461
internal_count=1710290 40668 11517 8995 8769 8697 1093 72 2522 517 2005 1866 396 410 269 233 994 444 346 104 141 99 323 166 1470 91 64 1379 872 603
is_linear=0
shrinkage=0.05


Tree=212
num_leaves=31
num_cat=0
split_feature=7 9 9 16 0 17 1 10 5 1 9 17 1 5 1 1 0 16 16 9 1 3 16 17 10 0 6 10 10 1
split_gain=4.13154 6.92376 3.9919 5.19662 7.0474 5.78758 9.2274 6.02012 4.65393 3.79971 3.34174 3.10277 5.01077 3.46238 5.02305 5.85031 4.06496 3.20933 3.18574 3.65857 3.08799 3.33156 4.32891 4.83839 5.34696 7.32358 7.1033 5.98285 4.05334 5.21385
threshold=10.772435055090876 2.0126758453675748 3.9219243190762363 0.73186383685835932 59.500000000000007 0.79252964730507858 2316.5000000000005 8.3676890553033072 -0.78656609248549292 862.50000000000011 2.4414009612931857 0.65720204867814613 878.50000000000011 -0.37940952255126059 1446.5000000000002 2121.5000000000005 77.500000000000014 0.82857035382597222 0.71270853614292051 5.2704288588135384 220.50000000000003 1.0000000180025095e-35 0.60617271857397148 0.78999681022789259 7.7474858953397971 96.500000000000014 -0.9159756150367534 1.0261490310845864 0.0029853542071901994 878.50000000000011
decision_type=2 2 2 2 2 2 2 2 2 2 2 2 2 2 2 2 2 2 2 2 2 2 2 2 2 2 2 2 2 2
left_child=20 -2 3 -3 10 6 7 9 -9 -6 -5 12 17 16 -15 -16 -14 18 -4 -20 -1 22 23 24 25 26 -22 -27 29 -23
right_child=1 2 11 4 5 -7 -8 8 -10 -11 -12 -13 13 14 15 -17 -18 -19 19 -21 21 28 -24 -25 -26 27 -28 -29 -30 -31
leaf_value=0.0018148565810157621 0.049554431946926575 0.021527994969343309 -0.032603205384248581 -0.053716650178801034 -0.16095915366568131 0.001172043249859824 0.0090039747579914765 -0.091282248546781339 -0.0075699715262375197 -0.077242259769741931 0.0090051295811962116 0.0043886989797141734 0.058804243244696602 0.041692589240464151 -0.04672876393415136 0.024831393571980345 0.0045447558279774715 -0.052502586047397007 -0.013942730379174956 0.039049174584401658 -0.036052650772230931 0.0071351851393672075 -0.0005260369414941742 0.002518682682154954 -0.025115687748238982 -0.025527182537232157 -0.004030363363738465 0.058773903388408821 0.00010194136591963981 0.00063362730011430482
leaf_weight=2438.3503682098817 8.8346237868536246 14.63693058490753 4.166699215769774 2.2866533556953064 1.9858244992792657 10.08977018855512 5.4909712616354218 2.5582508277148017 4.7300166320055714 4.2693756185472012 29.784127383492887 154.51138291368261 13.169013578444721 9.4237540662288684 5.2123831920325738 6.3181353881955147 4.677956134080886 2.7454713433980933 5.503704220056532 7.9792644158005714 20.980580724775791 466.89233928406611 16285.566646621563 91.520363644696772 52.058729946613312 2.9597316533327085 99.200888723134995 7.2850126847624779 75602.844617500901 908.18331925547682
leaf_count=40597 217 136 22 57 19 447 53 23 43 37 751 4169 98 69 37 48 34 31 36 56 140 12137 244899 1931 320 23 665 47 1382097 21051
internal_value=7.65248e-05 0.00595103 0.00462058 -0.00523517 -0.0116365 -0.029442 -0.0456699 -0.0678365 -0.0369538 -0.10382 0.00453305 0.00811778 0.0178513 0.0283979 0.0146138 -0.00751745 0.044582 -0.00221352 0.00560913 0.0174181 5.82619e-05 1.24707e-05 -0.000630898 -0.00686332 -0.0115686 -0.00616139 -0.00962063 0.0344191 0.000150873 0.00284116
internal_weight=96274.2 298.374 289.54 75.8319 61.195 29.1242 19.0344 13.5435 7.28827 6.2552 32.0708 213.708 59.1964 38.8012 20.9543 11.5305 17.847 20.3951 17.6497 13.483 95975.8 93537.5 16559.6 274.005 182.485 130.426 120.181 10.2447 76977.9 1375.08
internal_count=1710290 6383 6166 1566 1430 622 175 122 66 56 808 4600 431 286 154 85 132 145 114 92 1703907 1663310 248025 3126 1195 875 805 70 1415285 33188
is_linear=0
shrinkage=0.05


Tree=213
num_leaves=31
num_cat=1
split_feature=17 0 2 10 0 0 1 0 1 0 16 0 1 16 5 9 16 1 16 1 16 0 1 16 1 16 17 16 10 4
split_gain=2.85139 6.08338 4.60645 5.08205 4.79011 4.39923 7.53509 6.89836 6.73517 4.71795 7.17446 5.89129 5.83278 5.9873 5.82381 5.43668 5.34083 5.94561 4.47423 4.38114 4.35855 4.35949 4.33474 4.15392 6.86199 7.07268 13.569 6.73774 5.72151 4.42641
threshold=0.64592994198069786 146.50000000000003 0 8.3107877663986738 30.500000000000004 26.500000000000004 2143.5000000000005 20.500000000000004 886.50000000000011 44.500000000000007 0.76870561270000703 47.500000000000007 1662.5000000000002 0.80222380880663502 0.25881904510252091 4.3630783395783075 0.7974538013997855 691.50000000000011 0.60617271857397148 2097.5000000000005 0.78755097527171725 37.500000000000007 736.50000000000011 0.79352669962609101 288.50000000000006 0.81509598270433947 0.64552233679973303 0.75441668335068901 7.3361692672983736 3.5000000000000004
decision_type=2 2 1 2 2 2 2 2 2 2 2 2 2 2 2 2 2 2 2 2 2 2 2 2 2 2 2 2 2 2
left_child=1 2 3 4 23 6 7 -4 -9 10 15 22 13 16 -15 -7 17 -12 19 -13 21 -14 -11 27 -25 26 -26 29 -27 -1
right_child=-2 -3 5 -5 -6 9 -8 8 -10 11 12 18 20 14 -16 -17 -18 -19 -20 -21 -22 -23 -24 24 25 28 -28 -29 -30 -31
leaf_value=-0.0052501095930046898 3.0688339983357766e-05 0.044924599040522512 -0.050674275793156968 0.03110956232629546 0.0048713251008763968 -0.013331736317517868 0.049300724780580799 0.045999813750137758 -0.01784337178811057 -0.011515903262048606 -0.053579057336055141 0.0066478984514213415 0.052822509664138734 0.013210486482496711 -0.031092841607851886 -0.073449977319620482 -0.077621511590900027 -0.0021634031739724362 -0.00052331604442198347 0.075093302352285132 0.0029820409630749029 0.0080575813963631414 0.019602033310515351 -0.099710781056973619 -0.12128915236964657 0.026725888251435501 0.0067407584691850271 0.027193949593826268 -0.063083481671323521 -0.063434910508315609
leaf_weight=13.833028540015222 94023.577480406035 8.1609051711857301 5.1283086203038719 17.537632390856743 831.27979638800025 123.84354966506362 12.05855221301317 8.7007644549012202 7.8655143231153479 13.559647139161823 8.1190157532692009 5.9800730273127538 10.128608211874964 31.332096645608544 9.7186571620404703 3.8784090727567664 4.3742278963327399 18.287359360605478 925.1576587324962 3.8387709483504295 64.987128533422947 11.745996698737143 64.075381428003311 2.827874310314658 3.7878847420215624 9.1386367231607419 4.5618595369160175 13.99236325919628 2.2004012987017623 4.2800353020429602
leaf_count=72 1696772 48 33 107 5052 653 71 56 48 83 45 33 56 257 80 20 27 107 5498 20 435 65 390 18 25 75 29 75 18 22
internal_value=7.27307e-05 0.00183401 0.00167675 0.00440772 0.00392887 -0.000205991 0.0176134 5.95663e-07 0.0156877 -0.000670586 -0.00633639 0.000931974 0.000762997 -0.00977811 0.00272179 -0.0151573 -0.0264487 -0.0179719 -0.000166987 0.0334073 0.00948009 0.0287851 0.014167 -0.0104141 -0.0268787 -0.016418 -0.0513404 0.00113311 0.0092979 -0.0189989
internal_weight=96268 2244.38 2236.22 903.44 885.902 1332.78 33.7531 21.6946 16.5663 1299.03 286.415 1012.61 158.693 71.8314 41.0508 127.722 30.7806 26.4064 934.977 9.81884 86.8617 21.8746 77.635 54.6221 22.5167 19.6888 8.34974 32.1054 11.339 18.1131
internal_count=1710290 13518 13470 5493 5386 7977 208 137 104 7769 1745 6024 1072 516 337 673 179 152 5551 53 556 121 473 334 165 147 54 169 93 94
cat_boundaries=0 1
cat_threshold=20
is_linear=0
shrinkage=0.05


Tree=214
num_leaves=31
num_cat=0
split_feature=8 10 8 7 10 9 7 7 17 9 17 8 4 10 9 9 10 17 17 17 8 9 10 4 10 17 8 8 8 5
split_gain=3.91395 5.50449 4.72259 5.23791 5.46137 5.42147 4.83226 4.6932 4.49429 8.34348 5.77005 5.8086 4.71073 4.47991 4.46177 5.06527 4.43645 4.03622 7.96144 3.83204 6.59713 8.62005 6.0637 6.71361 6.1585 5.50508 5.35451 4.53115 12.7668 5.23024
threshold=4.5053345884235583 8.3676890553033072 4.5900436644025815 4.7578820629520608 6.8292887335230441 1.0000000180025095e-35 9.4566141688164986 8.0526147681681088 0.65732326985283174 3.4811217321331038 0.64644959165753857 4.5485858369352732 3.5000000000000004 8.4037503961772533 6.7232267787470219 7.3898646841164828 7.4424479899362446 0.64856198614102312 0.65070748628260666 0.66254140008263762 5.1957269410780187 1.2424533248940002 4.6721849319703859 1.5000000000000002 5.7070038385092419 0.65850104367233386 5.1789666414329583 4.7664292796317111 4.7833076179467886 -0.25881904510252113
decision_type=2 2 2 2 2 2 2 2 2 2 2 2 2 2 2 2 2 2 2 2 2 2 2 2 2 2 2 2 2 2
left_child=1 -1 8 5 6 -4 7 19 9 10 12 -12 -2 -6 -15 -16 -11 -7 -19 20 21 25 -23 -24 -25 27 -26 29 -29 -5
right_child=2 -3 3 4 13 17 -8 -9 -10 16 11 -13 -14 14 15 -17 -18 18 -20 -21 -22 22 23 24 26 -27 -28 28 -30 -31
leaf_value=-5.4516146085214785e-05 0.0080805423058735188 -0.0080776755820090602 -0.006581866376622534 -0.00041452958338138223 0.00021960617110201912 0.045150442396350375 0.028923649690737109 -0.0062465789391741361 0.0021675642427972253 0.0091968172541061037 0.025849184544111833 0.0067212579350400389 -0.034119524537922066 0.0057188723665125285 -0.060462100345427677 0.01520732460542383 -0.053889967939874751 -0.058899480967186224 0.010047905495185109 0.0019816724579191348 0.011540428663692774 0.02339030983454797 -0.048280048737101046 -0.031475833353281385 0.00021555074328367081 0.030872234154576496 -0.061648208568275756 -0.074341849570506574 0.0037456956607964027 0.032909666301670748
leaf_weight=79511.665905189468 18.632738821208481 214.35592773277313 421.53315709461458 22.448347084224224 12933.292428931221 6.880886882543563 18.11268614185974 128.78189883334562 452.76649445015937 4.5221621505916101 89.580808907747269 71.263350542634726 10.251440741121767 485.68845461681485 5.4089843016117793 3.7412751093506813 7.2617824971675873 4.5426892340183249 53.463794279145077 1202.3277552810032 337.6772615686059 14.650182634592054 10.805143240839241 21.490833483636379 97.518621180206537 26.2255904302001 3.6278606802225104 5.7662070468068114 56.74145295098424 24.763145711272955
leaf_count=1383022 122 2265 8123 165 247039 46 712 3783 11360 31 587 448 58 5630 82 65 43 36 1346 41129 2391 122 75 153 653 175 22 39 399 169
internal_value=6.91256e-05 -7.60877e-05 0.000769092 0.000597627 0.000758991 -0.00451083 0.00321678 0.00297835 0.00493217 0.0111438 0.0136793 0.0173744 -0.00689691 0.000398244 0.0050672 -0.0295231 -0.02968 0.00894338 0.0046484 0.00362965 0.00681666 0.00120081 -0.00714467 -0.010497 -0.00716807 0.010292 -0.00200334 0.00537287 -0.00345772 0.0170645
internal_weight=96265.8 79726 16539.8 15885.5 15399.1 486.421 1970.94 1952.82 654.279 201.512 189.728 160.844 28.8842 13428.1 494.839 9.15026 11.7839 64.8874 58.0065 1824.04 621.715 284.037 148.093 133.442 122.637 135.945 101.146 109.719 62.5077 47.2115
internal_count=1710290 1385287 325003 312354 302803 9551 49987 49275 12649 1289 1215 1035 180 252816 5777 147 74 1428 1382 45492 4363 1972 1025 903 828 947 675 772 438 334
is_linear=0
shrinkage=0.05


Tree=215
num_leaves=31
num_cat=0
split_feature=6 10 7 7 0 8 0 5 0 8 7 7 8 8 7 7 7 7 0 7 1 10 1 7 10 7 7 10 0 7
split_gain=2.57455 3.15889 4.7286 4.69627 4.01855 4.226 3.51285 5.44885 3.38061 3.20199 8.5188 6.32722 6.58441 6.26274 9.51098 7.41914 5.60057 7.07554 7.55714 5.39209 5.08492 6.87904 5.28216 5.01764 5.7551 4.94534 4.90048 5.51252 5.62442 4.84529
threshold=0.78656609248549303 7.9281248631471941 8.9997427593548593 9.1421150615478712 79.500000000000014 7.6629377400468597 74.500000000000014 0.37940952255126054 76.500000000000014 2.4414009612931857 4.4601277074540464 6.999878463891597 5.2958110956362647 1.0000000180025095e-35 3.9219243190762363 3.9607678160667752 8.0922393599355988 8.3117667533666708 69.500000000000014 3.0201273556387074 950.50000000000011 7.8233373950840157 966.50000000000011 4.4829865921051741 5.090154282221655 2.6735537653587351 3.1132683346437333 6.8670837425927242 71.500000000000014 4.0689902272260703
decision_type=2 2 2 2 2 2 2 2 2 2 2 2 2 2 2 2 2 2 2 2 2 2 2 2 2 2 2 2 2 2
left_child=1 2 9 -4 5 6 -5 8 -8 10 13 20 16 29 19 -16 -13 18 -18 -15 25 22 -22 24 -12 -11 27 -27 -29 -1
right_child=-2 -3 3 4 -6 -7 7 -9 -10 11 23 12 -14 14 15 -17 17 -19 -20 -21 21 -23 -24 -25 -26 26 -28 28 -30 -31
leaf_value=-0.00036856353891384034 0.00076678770737732393 -0.00075031530119178613 0.01803754448964965 -0.0012355958149070402 0.01444067377776879 0.01156039098798921 -0.04212415160139131 -0.062225802212376308 0.026392258757598649 0.032233408869440122 0.0064531938239993066 -0.0022346409108685047 0.00064782722392115128 0.0052003651102588465 -0.0081029757209318265 -0.00028564177327147598 -0.012477936847295888 -0.0040997534672949469 -0.04469191399455235 0.0015211286009564088 -0.0098713087606748864 0.0053020935101981892 0.00017712455382681632 -0.0017203816647475866 -0.016340379035361587 -0.0024432739798224759 0.0021847565727183753 -0.018012172615327931 -0.079678425747725934 0.0042031759424007338
leaf_weight=30837.206133652944 11686.347831401974 12747.410509966081 63.154617270454764 192.84950671903789 64.12875205045566 65.851878736866638 2.8732192432507855 6.1842337576672435 4.8211303469724953 13.589161525480447 36.353327459190041 1705.0899297080468 2315.9552687972318 1167.9399277234916 331.45985127845779 3599.6677883702796 66.588896893896163 172.85710829496384 25.056278468109667 6757.3135893894359 132.37489882623777 662.55754878977314 10883.192092265235 5574.3173943257425 116.24434224143624 51.827390560414642 6373.9221366071142 14.653045726008715 4.9456327878870061 590.65897472016513
leaf_count=478553 216028 201295 1583 4861 1714 2069 78 143 131 362 758 36141 52769 24251 6293 68349 1525 3668 547 127494 2752 11960 215653 104476 1998 1139 132387 230 80 10052
internal_value=7.11582e-05 -2.49552e-05 0.000103765 0.00552588 0.00317913 0.000529676 -0.00298409 -0.0272802 0.000806903 7.34141e-05 -0.000153011 0.000568332 -0.00115955 8.67661e-05 0.00106596 -0.000944774 -0.00328476 -0.0100543 -0.0212854 0.00206334 0.000976607 0.000353987 5.63718e-05 -0.00196525 -0.0109103 0.00210234 0.00203881 -0.0109851 -0.0335734 -0.000282642
internal_weight=96267.4 84581 71833.6 399.863 336.709 272.58 206.728 13.8786 7.69435 71433.8 49011.2 22422.6 4285.55 43284.2 11856.4 3931.13 1969.59 264.502 91.6452 7925.25 18137.1 11678.1 11015.6 5726.92 152.598 6458.94 6445.35 71.4261 19.5987 31427.9
internal_count=1709339 1493311 1292016 10579 8996 7282 5213 352 209 1281437 822224 459213 94650 714992 226387 74642 41881 5740 2072 151745 364563 230365 218405 107232 2756 134198 133836 1449 310 488605
is_linear=0
shrinkage=0.05


Tree=216
num_leaves=31
num_cat=1
split_feature=16 0 0 10 8 17 10 11 17 17 17 5 0 10 8 10 17 2 3 5 0 3 0 10 6 8 8 10 5 0
split_gain=3.00933 4.15771 3.20758 4.12125 3.69894 5.9551 3.68615 5.60394 4.79944 3.15197 4.37966 4.60212 4.14457 3.97958 5.08768 3.85364 4.24383 3.72979 3.85773 3.53939 3.36966 3.55124 3.11505 3.00575 3.97557 6.99176 6.31461 3.0632 6.03329 3.35769
threshold=0.92778075015659234 139.50000000000003 79.500000000000014 7.9914240025309793 4.4829865921051741 0.65225122156717497 0.14313038490420291 1.0000000180025095e-35 0.66254140008263762 0.77234227789159371 0.66790175964937204 0.37940952255126054 22.500000000000004 7.6256066418514106 3.795426061844291 0.0040661029745856919 0.65732326985283174 0 1.0000000180025095e-35 0.37940952255126054 76.500000000000014 1.0000000180025095e-35 115.50000000000001 1.9786323112709436 0.91597561503675351 3.9796379800581989 0.89587973461402759 4.5631212055454773 0.91597561503675362 31.500000000000004
decision_type=2 2 2 2 2 2 2 2 2 2 2 2 2 2 2 2 2 1 2 2 2 2 2 2 2 2 2 2 2 2
left_child=-1 2 9 6 5 -5 7 -4 -9 10 12 20 -2 -13 -15 16 -14 23 19 -19 21 -12 -7 -17 27 26 -26 28 -25 -29
right_child=1 -3 3 4 -6 22 -8 8 -10 -11 11 13 15 14 -16 17 -18 18 -20 -21 -22 -23 -24 24 25 -27 -28 29 -30 -31
leaf_value=4.815149238367144e-05 -0.050906965492286509 -0.047848180000144208 0.033909352476837989 -0.14137831983863358 0.014374149655928405 0.0029092931877766777 0.025039449614453757 -0.072632019523006644 0.0018432830263290048 0.0077164522320229065 -0.020473433131460141 -0.018781267990780483 -0.068281327724463797 -0.11414882736784573 -0.017502822199154139 0.032119302066005766 0.012647242564501948 -0.071242594691902847 -0.0011626278998703242 0.0040743495522637787 -0.079875533013850766 0.011133754806370667 -0.10097016898513361 -0.037404911200139425 -0.052995400050821831 -0.1095297731951817 0.056773977658729748 0.053243209257472536 0.061249530720193207 0.011541016211861471
leaf_weight=95794.112723714206 3.4732862114906302 3.8237399624194941 6.0985896950587604 1.1860756278038005 6.054550033994019 3.9118225732818246 51.099304273724556 3.6246621459722519 5.3653844599612057 169.69416860817 13.821826267987488 15.227065291255714 3.7208113800734273 2.8844437450170508 2.5795088857412338 15.058230139315127 2.8689901400357485 4.1494900956749907 32.804445568472147 2.4994101673364639 1.3723808526992787 24.890325615182519 0.88494048360735167 7.1923201978206617 2.6101308092474929 1.9151972495019434 2.630588736385107 5.1984521448612204 1.975389815866947 67.52203418686986
leaf_count=1693151 34 85 228 12 230 136 1817 19 161 10975 172 211 28 39 40 130 25 33 357 22 22 401 20 85 23 23 33 57 22 748
internal_value=6.7653e-05 0.00407534 0.00450479 0.0137333 -0.013178 -0.0410603 0.0186276 -0.00308692 -0.0281841 0.00262527 -0.00140443 -0.0127661 0.00309053 -0.0319167 -0.0685227 0.00433964 -0.0330476 0.00605587 -0.00654306 -0.04293 -0.00288084 -0.000151308 -0.0162551 0.0104549 0.0079654 -0.0277738 0.00210354 0.0110885 -0.0161476 0.0145221
internal_weight=96260.3 466.138 462.314 78.2253 12.0374 5.98284 66.1879 15.0886 8.99005 384.088 214.394 60.7756 153.619 20.691 5.46395 150.145 6.5898 143.556 39.4533 6.6489 40.0845 38.7122 4.79676 104.102 89.0441 7.15592 5.24072 81.8882 9.16771 72.7205
internal_count=1709339 16188 16103 2623 398 168 2225 408 180 13480 2505 885 1620 290 79 1586 53 1533 412 55 595 573 156 1121 991 79 56 912 107 805
cat_boundaries=0 1
cat_threshold=13
is_linear=0
shrinkage=0.05


Tree=217
num_leaves=31
num_cat=0
split_feature=16 1 1 0 0 17 17 17 3 17 16 1 1 0 1 7 6 7 9 16 16 17 17 16 16 17 7 17 16 17
split_gain=2.74138 4.14149 3.80672 3.73881 2.99879 3.14092 2.80751 6.69398 6.73035 6.01346 10.3219 9.54723 11.3217 7.26118 5.9986 6.40693 7.37782 6.32332 5.81712 5.34987 13.5871 6.50654 8.4721 7.71941 5.69944 6.83379 5.52747 5.54192 5.27142 6.53081
threshold=0.92778075015659234 7445.5000000000009 9779.0000000000018 139.50000000000003 22.500000000000004 0.66254140008263762 0.66166140763983117 0.65070748628260666 1.0000000180025095e-35 0.6619687418888992 0.7466950757825056 1522.5000000000002 1648.5000000000002 46.500000000000007 18447.000000000004 6.2681484161238128 -0.78656609248549325 8.0922393599355988 4.297262267176281 0.76654497051352888 0.77005389237929101 0.79775247338980537 0.7929547680373682 0.77128401431808402 0.77179456931727786 0.79120384633656837 1.0000000180025095e-35 0.79810185027647684 0.91801832754575818 0.64980279191392787
decision_type=2 2 2 2 2 2 2 2 2 2 2 2 2 2 2 2 2 2 2 2 2 2 2 2 2 2 2 2 2 2
left_child=6 3 -3 4 5 -2 7 8 -1 10 11 -8 -13 -12 18 -16 -17 -18 -9 26 -21 22 24 -24 25 -22 -11 -28 -10 -30
right_child=1 2 -4 -5 -6 -7 9 14 28 19 13 12 -14 -15 15 16 17 -19 -20 20 21 -23 23 -25 -26 -27 27 -29 29 -31
leaf_value=-0.0022520931458665408 -0.068677142856384599 -0.096194258175220759 -0.0066458206493836373 -0.044142301266098312 0.0053362244750296594 -0.0018948775835018414 -0.0041328140691355908 0.0010486137432752101 0.00024490974137148967 0.0082009113416258907 0.0063442484896477774 -0.065523311007356602 -0.016399675091147824 -0.0035396020938864357 -0.020179937789715108 0.075760797232955548 0.024666415615833173 -0.058290228669322264 0.00814921821170605 -0.0052934801407320334 0.0063604701694581246 -0.0016752289390022019 -0.0101942511224992 0.0012361573533377791 -0.00074268472872358502 -0.014901258922113084 1.9763194306715693e-05 0.001933234881300193 -0.04327208341628349 0.058967226616041105
leaf_weight=3483.3119018869475 2.7793111428618422 1.9383655814453948 3.060839930549264 3.9345190366730085 447.89500769460574 4.8037772171664983 213.49800856411457 16703.539555296302 13489.666813924909 233.76151545904577 258.53475477360189 12.910844668745993 128.16218898445368 660.69046950154006 60.03270697593689 3.9069775342941275 6.3547409847378713 3.5975626185536385 293.50955746695399 1385.4150530691259 465.23300626780838 6623.2763945595361 149.57369626499712 11834.036529534962 18688.958139607217 41.13385896384716 16091.781334497966 4947.4619044605643 12.331243654713033 1.7885116860270489
leaf_count=19782 26 59 94 85 15701 223 1034 103639 86393 9103 1592 59 611 3873 339 21 37 21 2040 22969 3859 359855 2794 299283 235949 757 179420 359567 132 22
internal_value=6.43238e-05 0.00389656 -0.0413669 0.00438911 0.00480833 -0.0263715 4.57447e-05 0.000410179 -0.000292524 -0.000155309 -0.00355512 -0.0108021 -0.0208954 -0.000759741 0.00110943 -0.0131058 0.0175364 -0.00532078 0.00117123 -8.36808e-05 -0.000430214 -0.00025198 5.03574e-05 0.00109349 -0.000600868 0.00463331 0.000554679 0.000469724 0.000212949 -0.0303217
internal_weight=96256.9 464.412 4.99921 459.413 455.478 7.58309 95792.5 34058 16987.1 61734.4 1273.8 354.571 141.073 919.225 17070.9 73.892 13.8593 9.9523 16997 60460.6 39187.6 37802.2 31178.9 11983.6 19195.3 506.367 21273 21039.2 13503.8 14.1198
internal_count=1709339 16188 153 16035 15950 249 1693151 212426 106329 1480725 7169 1704 670 5465 106097 418 79 58 105679 1473556 925466 902497 542642 302077 240565 4616 548090 538987 86547 154
is_linear=0
shrinkage=0.05


Tree=218
num_leaves=31
num_cat=0
split_feature=16 1 0 1 0 17 8 7 8 1 17 9 9 7 17 1 1 7 1 0 17 17 7 8 16 6 16 1 1 1
split_gain=2.48381 3.65264 3.30264 3.13596 2.9524 3.11527 4.25402 6.14538 5.04678 4.7698 4.58463 3.34102 4.27079 6.69412 3.75811 5.73003 4.16712 4.15975 3.91198 3.75742 4.43181 3.75741 4.31074 6.72935 4.01495 4.47985 4.48186 3.41218 8.24245 4.03149
threshold=0.92778075015659234 7445.5000000000009 139.50000000000003 9779.0000000000018 69.500000000000014 0.78191805040034468 6.6764533414409923 7.710877287670681 7.160457557130214 902.50000000000011 0.64927455643692611 1.8688348091416842 2.740319461670996 6.979610607815288 0.66677105297994299 3479.5000000000005 1509.5000000000002 2.524928003624769 541.50000000000011 65.500000000000014 0.67961075853840736 0.64619791601474053 6.0649466493956785 1.8688348091416842 0.96660353535353549 0.60355339059327384 0.9412002501742075 612.50000000000011 1000.5000000000001 527.50000000000011
decision_type=2 2 2 2 2 2 2 2 2 2 2 2 2 2 2 2 2 2 2 2 2 2 2 2 2 2 2 2 2 2
left_child=-1 2 4 -3 5 6 7 11 9 -8 -10 14 13 -13 15 16 17 27 -19 -16 -21 -20 23 -23 25 26 -25 29 -29 -2
right_child=1 3 -4 -5 -6 -7 8 -9 10 -11 -12 12 -14 -15 19 -17 -18 18 21 20 -22 22 -24 24 -26 -27 -28 28 -30 -31
leaf_value=4.3492601293970903e-05 -0.014901794363253474 -0.08606294542427248 -0.040837405714934022 -0.0062838454598128264 0.01114605210266547 0.007681737651156215 -0.021606554910136171 0.032206869649213869 -0.071340219881063011 -0.14134391960130888 0.034594324249771546 -0.12108539524009161 0.013916259576302227 0.0040822259480267657 -0.0086359894220410915 -0.061995130817329415 0.030935990772548924 0.027750589407518924 -0.055188478591263648 -0.13141549968959859 -0.021997240243307542 0.015933822536293062 0.043188540455940228 -0.085121391559038639 -0.095580780335582274 0.055578206623637119 0.016863681620122608 0.043705759977798075 -0.028996563334531763 -0.074981430786054751
leaf_weight=95788.639194751624 17.206372916698459 2.0549757387489072 4.0375057477504006 3.0749262906610966 124.4420488004107 142.31902267178521 1.5760513879358762 13.249231040477751 1.5928476825356481 1.7611168473958967 2.8465435765683651 2.4863198958337298 2.5737910233438015 1.8727970309555528 49.223894430324435 3.2123023569583884 14.225960077717898 20.611612955108285 2.8333508186042335 1.3778410144150246 2.8183995224535465 14.466734670102602 5.9181031547486773 2.6613199301063997 2.3654527142643929 1.5177809186279771 1.8098985999822614 7.5901536010205737 8.0155140906572324 3.3331224098801604
leaf_count=1693151 115 59 85 94 4262 9478 23 175 18 22 42 35 36 25 696 28 149 262 30 19 40 176 72 38 28 21 25 56 54 25
internal_value=6.11527e-05 0.00371421 0.00418421 -0.0382424 0.00458467 0.00210638 -0.0021335 -0.000563868 -0.0383378 -0.0847953 -0.00341485 -0.00317755 -0.0371553 -0.0673099 -0.00169776 0.00376203 0.00582171 0.00177691 0.0108073 -0.0125077 -0.0579249 -0.000253817 0.00516208 -0.00469912 -0.0404275 -0.0186439 -0.043839 -0.0112606 0.00636378 -0.0246514
internal_weight=96251.7 463.075 457.945 5.1299 453.908 329.466 187.147 179.37 7.77656 3.33717 4.43939 166.121 6.93291 4.35912 159.188 105.768 102.555 88.3294 52.1843 53.4201 4.19624 31.5726 28.7393 22.8212 8.35445 5.989 4.47122 36.1452 15.6057 20.5395
internal_count=1709339 16188 16035 153 15950 11688 2210 2105 105 45 60 1930 96 60 1834 1079 1051 902 652 755 59 390 360 288 112 84 63 250 110 140
is_linear=0
shrinkage=0.05


Tree=219
num_leaves=31
num_cat=1
split_feature=17 17 3 4 1 10 17 10 1 4 10 10 5 10 7 4 10 10 2 7 17 7 10 3 6 1 10 10 5 4
split_gain=2.42094 6.17492 5.86459 7.36081 5.41585 9.95835 5.16578 10.3379 6.19557 10.8724 5.37967 6.74959 7.018 5.03456 4.94412 4.8379 6.98944 6.44829 6.13504 7.86064 5.44156 10.7808 6.08309 5.94771 5.18135 7.33996 5.44086 7.09178 6.6551 6.52245
threshold=0.66166140763983117 0.65070748628260666 1.0000000180025095e-35 3.5000000000000004 18447.000000000004 6.2926543847486771 0.6619687418888992 7.2616989237738343 721.50000000000011 3.5000000000000004 0.58835231277292122 0.010694100988056747 -0.25881904510252113 4.4484112556745874 4.5053345884235583 3.5000000000000004 7.9281248631471941 0.3497316826816268 0 3.1132683346437333 0.65766009501192657 2.8029010331479989 7.9059365691196453 1.0000000180025095e-35 -0.60355339059327384 176.50000000000003 0.026146630606959865 0.007475535878355929 -0.98296291314453399 4.5000000000000009
decision_type=2 2 2 2 2 2 2 2 2 2 2 2 2 2 2 2 2 2 1 2 2 2 2 2 2 2 2 2 2 2
left_child=1 2 3 -1 15 -6 7 8 -2 -10 11 12 -11 14 -12 16 17 -3 19 20 21 24 23 -23 -17 -26 27 28 -27 -28
right_child=6 4 -4 -5 5 -7 -8 -9 9 10 13 -13 -14 -15 -16 18 -18 -19 -20 -21 -22 22 -24 -25 25 26 29 -29 -30 -31
leaf_value=-0.0036633286923523052 0.0069584814032239151 -0.0018811180235871116 0.00019497610788316036 0.0012466427129474019 -0.030565772393657389 0.0061214352104839147 -6.1747260456929194e-05 -0.0092061489988082192 -0.0082810995824613692 0.027949918852630148 -0.021429762635340202 0.038409831054322635 -0.042118523733636538 0.0060331462825517594 0.041830932522582687 0.010206290644410219 -0.0023239363378450132 0.0016677384562352898 0.00088714481856424316 0.0062446705032379668 -0.0063276516634267824 0.011675544431860011 -0.076465854676218165 -0.01758626376839198 0.041387641248350468 0.056658367616354899 0.0038033029576241776 0.023573232517492347 -0.0089735355366891909 -0.01122756785871664
leaf_weight=2393.2599658146501 235.91347872465849 1543.6259896103293 13546.055690696463 1120.7946945941076 37.419157564640045 36.577864654362202 60786.167869366007 466.40712205693126 345.48504675924778 7.6772664785385132 30.847260266542435 24.790387719869614 6.6856712959706766 158.79756784066558 3.4322543442249289 269.33381819538772 1833.7698062993586 7494.6033734045923 3571.863507643342 1617.4598481897265 221.07906737551093 22.9462551176548 3.6257814466953269 71.401635587215424 11.062724888324736 4.229023501276969 151.22948338091373 49.526932699605823 44.561798447743058 138.06669031828642
leaf_count=13758 1388 10299 87012 6278 215 203 1488370 2521 2011 48 178 137 38 877 26 1520 11086 47508 22111 9633 1315 127 18 402 60 28 843 302 270 757
internal_value=5.81553e-05 0.000396057 -0.000277191 -0.00209731 0.00106686 -0.0124307 -0.000127941 -0.00327136 0.000130723 -0.00265743 0.0057088 0.0226081 -0.00466559 0.00228185 -0.0150958 0.00112544 0.000490593 0.00106163 0.00224293 0.00408319 0.00058262 0.00257707 -0.0129119 -0.0104695 0.00484876 0.00122937 8.32297e-05 0.0102448 -0.00328478 -0.00337018
internal_weight=96248.7 34182.5 17060.1 3514.05 17122.4 73.997 62066.2 1280.04 813.629 577.715 232.23 39.1533 14.3629 193.077 34.2795 17048.4 10872 9038.23 6176.39 2604.52 987.063 765.984 97.9737 94.3479 668.01 398.677 387.614 98.3178 48.7908 289.296
internal_count=1709339 213745 107048 20036 106697 418 1495594 7224 4703 3315 1304 223 86 1081 204 106279 68893 57807 37386 15275 5642 4327 547 529 3780 2260 2200 600 298 1600
cat_boundaries=0 1
cat_threshold=6
is_linear=0
shrinkage=0.05


Tree=220
num_leaves=31
num_cat=0
split_feature=17 17 4 16 16 4 16 17 17 17 16 8 7 1 17 16 8 8 1 16 1 1 1 5 8 4 16 1 16 8
split_gain=5.52377 9.61932 6.69254 6.15426 6.04436 7.04188 5.48522 4.39715 6.76266 5.69567 7.8692 6.10612 6.92847 7.15894 5.64254 6.32271 5.49246 5.82069 5.23188 5.12344 5.97482 5.26956 5.08248 8.87692 6.79519 5.02611 6.17983 4.94508 5.69433 6.00637
threshold=0.78191805040034468 0.75399479309382211 2.5000000000000004 0.76654497051352888 0.55753674434769007 1.5000000000000002 0.89327603651715415 0.66650849354048136 0.68588771510975388 0.65014413137671034 0.91801832754575818 1.0000000180025095e-35 2.524928003624769 2933.5000000000005 0.67205958784229547 0.78865576902894141 5.8215644129176907 7.9844626742186673 2052.5000000000005 0.88697388101925345 3356.5000000000005 2399.5000000000005 13521.000000000002 0.60355339059327384 3.9796379800581989 1.5000000000000002 0.89327603651715415 3614.5000000000005 0.75068315415772469 8.40368848434521
decision_type=2 2 2 2 2 2 2 2 2 2 2 2 2 2 2 2 2 2 2 2 2 2 2 2 2 2 2 2 2 2
left_child=1 4 3 -2 5 -1 -4 9 14 -6 11 19 13 -13 22 -16 18 -18 25 -11 21 -21 -9 24 -24 26 -17 28 29 -14
right_child=2 -3 6 -5 7 -7 -8 8 -10 10 -12 12 27 -15 15 16 17 -19 -20 20 -22 -23 23 -25 -26 -27 -28 -29 -30 -31
leaf_value=-0.020548866035241951 0.002859114768527413 -0.0038041829059316089 -0.00024978544255173482 0.00051019512935000604 -0.00081105445936397076 -0.0027517573738421661 0.0066875445957762158 -0.0013164785529604585 -0.00010703020481329193 -0.0004754581892513635 0.012244174728755932 0.024525928038061619 -0.00074087207624095675 -0.021870077903528948 -0.0017268009312019859 0.0098319237690706815 0.011977096451239809 -0.047580482621364995 -0.016845609191146704 -0.0096080282883895789 -0.047772979058984866 0.039571567330232683 -0.053911171676412489 0.015073604047471817 0.021036329585701688 -0.0090867018312932434 -0.030375010016476685 0.0032700891038962227 0.0012286792330235385 -0.021251300693462868
leaf_weight=77.027329787611961 4023.9028038815595 2070.7709975196049 24236.712526979391 9083.1813841834664 15933.2238884205 199.63163352012634 288.32720666797832 4034.5145341716707 7219.6163181974553 10859.286606822163 138.98263543099165 53.948672607541084 4574.2382385358214 9.8291630968451482 713.31987599097192 70.939243400469422 49.570027615875006 4.4725772738456717 179.69650953635573 118.11798330582678 9.8647622466087324 5.7101538702845565 17.069559678435333 10.91398613154888 3.67553637176752 432.70439966209233 11.044796437025068 1887.9486862234771 9835.9952352736145 35.975330986082554
leaf_count=493 167802 20756 803932 310123 99732 1188 18805 33529 67612 64903 1488 374 23754 64 5275 689 537 50 1640 994 73 43 128 80 28 4445 130 11279 70652 198
internal_value=-0.000153419 -0.000457163 0.000319228 0.00123132 -0.000334465 -0.00770682 -0.000168227 -0.000298179 -0.00111475 -5.86828e-05 0.00037676 0.000316545 0.000927786 0.0173756 -0.00243086 -0.00509516 -0.00830551 0.0070481 -0.00950045 -0.000595228 -0.0103236 -0.00734018 -0.00147307 -0.0214285 -0.0406323 -0.00693599 0.00441529 0.000863564 0.00054906 -0.000900923
internal_weight=96190.2 58558.1 37632.1 13107.1 56487.3 276.659 24525 56210.7 12747.5 43463.1 27529.9 27390.9 16397.9 63.7778 5527.92 1461.75 748.428 54.0426 694.385 10993 133.693 123.828 4066.17 31.6591 20.7451 514.688 81.984 16334.2 14446.2 4610.21
internal_count=1710796 410134 1300662 477925 389378 1681 822737 387697 114143 273554 173822 172334 106321 438 46531 12766 7491 587 6904 66013 1110 1037 33765 236 156 5264 819 105883 94604 23952
is_linear=0
shrinkage=0.05


Tree=221
num_leaves=31
num_cat=0
split_feature=17 17 4 16 16 4 16 7 7 10 7 7 10 0 17 16 17 10 7 10 7 10 17 7 16 1 0 17 17 17
split_gain=4.98474 8.67026 6.04412 5.56478 5.46865 6.41508 4.99597 4.4012 8.2045 9.69528 7.2561 11.6734 8.58981 4.40031 4.29741 4.41665 4.2394 4.13932 4.73705 4.125 4.10319 4.9448 4.48948 4.01416 3.97248 4.09943 4.05033 3.96573 6.0946 5.14047
threshold=0.78191805040034468 0.75399479309382211 2.5000000000000004 0.76654497051352888 0.55753674434769007 1.5000000000000002 0.87132119606012981 2.1383330595080281 1.0397207708399181 1.4162525511477868 2.524928003624769 2.9174053685313028 1.0261490310845864 104.50000000000001 0.79645264936613469 0.77128401431808402 0.80235043511632009 0.3497316826816268 2.6735537653587351 5.7895302228047969 9.0737184878621182 6.0720160888000096 0.6619687418888992 7.5194211808931817 0.63151168872206365 2891.5000000000005 136.50000000000003 0.66650849354048136 0.68588771510975388 0.65014413137671034
decision_type=2 2 2 2 2 2 2 2 2 2 2 2 2 2 2 2 2 2 2 2 2 2 2 2 2 2 2 2 2 2
left_child=1 4 3 24 5 23 7 8 -4 -10 12 17 -9 -3 15 -5 -8 -12 -19 -14 21 22 -7 -1 -2 26 -26 29 -29 -6
right_child=2 13 6 14 27 20 16 10 9 -11 11 -13 19 -15 -16 -17 -18 18 -20 -21 -22 -23 -24 -25 25 -27 -28 28 -30 -31
leaf_value=-0.015698842310175872 -0.003680477795714893 -0.0030439174717766409 0.00017827677210394011 -0.006294453259396632 -0.00077034650868910168 0.015507683643267598 0.0049909942490437582 -0.0078995470255168922 0.018866607193816564 0.0034028519486051785 0.015127592273728271 -0.00057428098649346573 0.0018394788256386925 -0.012982260851650693 -0.00096887141246808351 0.0015485367788150455 -0.0033968435853240762 0.00079088856522042711 0.0087219073700710702 -0.0038235299320056463 0.040270218595114503 -0.0094567520319110508 -0.014125504599454185 -0.052893599062682942 0.0038426706309824562 -0.0014375680712971524 -0.017579262659801531 -0.002307242674141792 -0.00010167552808568559 0.00035807622010767322
leaf_weight=68.460967883467674 228.67014942318201 1954.791664198041 3145.7244172994979 185.40727103594691 15936.352152333595 47.145538702607155 777.9531964615453 705.56872886931524 124.36726443679072 547.93291998608038 96.62667485116981 16883.863563878462 633.60075375624001 118.10616749338806 3259.1179667310789 5635.7883011833765 186.81631213566288 444.56914619356394 326.57931965822354 652.95308015169576 5.4257294833660117 129.40977504104376 17.535379737615585 8.1135878264904004 3329.2296133553609 439.02911923546344 22.212707232916728 5532.1838679295033 7219.8361048731022 27522.546257065609
leaf_count=449 4730 19635 82536 3286 99732 278 36182 16720 9913 21428 6521 571018 15244 1121 170351 136486 21796 14653 11982 14744 30 753 127 44 144826 17435 811 46531 67612 173822
internal_value=-0.000145714 -0.000434236 0.000303333 0.00117046 -0.000317689 -0.00733741 -0.000159795 -0.000304195 0.00124979 0.00626346 -0.000604703 -0.000283599 -0.00346603 -0.00361017 0.000484842 0.00129873 0.00336679 0.00537205 0.00414965 -0.00103462 -0.00261572 -0.00381458 0.00747395 -0.0196399 0.00271946 0.00310555 0.00370069 -0.00028321 -0.00105851 -5.57157e-05
internal_weight=96185.9 58559.9 37626 13099.5 56487 276.091 24526.6 23561.8 3818.02 672.3 19743.8 17751.6 1992.12 2072.9 9080.31 5821.2 964.77 867.775 771.148 1286.55 199.516 194.091 64.6809 76.5746 4019.14 3790.47 3351.44 56210.9 12752 43458.9
internal_count=1710796 410134 1300662 477925 389378 1681 822737 764759 113877 31341 650882 604174 46708 20756 310123 139772 57978 33156 26635 29988 1188 1158 405 493 167802 163072 145637 387697 114143 273554
is_linear=0
shrinkage=0.05


Tree=222
num_leaves=31
num_cat=0
split_feature=17 17 4 16 16 4 0 7 9 9 16 7 7 7 10 7 7 7 10 7 7 3 10 10 10 17 17 17 16 8
split_gain=4.49984 7.81559 5.66173 5.29816 4.94713 5.83634 3.96476 3.8621 8.36338 3.92264 3.86106 3.65474 3.62383 13.9425 13.9651 8.19117 13.56 11.9578 9.4265 9.33247 15.1848 6.03597 5.08665 4.37538 3.92496 3.57763 5.49515 5.06843 5.65243 4.93067
threshold=0.78191805040034468 0.75399479309382211 1.5000000000000002 0.81851854818992831 0.55753674434769007 1.5000000000000002 105.50000000000001 8.4480574296156323 2.249904835165133 2.1383330595080281 0.63151168872206365 7.5194211808931817 2.1383330595080281 1.0397207708399181 0.081509403981921358 2.524928003624769 3.0201273556387074 3.1132683346437333 1.0261490310845864 3.4175922930736511 3.4811217321331038 1.0000000180025095e-35 2.4177785526369076 3.693163026780951 5.4508634131887623 0.66650849354048136 0.68588771510975388 0.67205958784229547 0.78865576902894141 5.8215644129176907
decision_type=2 2 2 2 2 2 2 2 2 2 2 2 2 2 2 2 2 2 2 2 2 2 2 2 2 2 2 2 2 2
left_child=1 4 3 10 5 11 -3 8 -7 -9 -2 -1 13 21 -15 18 22 -18 -14 -19 -21 -4 -17 -22 -20 -6 27 -27 -29 -30
right_child=2 6 12 -5 25 7 -8 9 -10 -11 -12 -13 15 14 -16 16 17 19 24 20 23 -23 -24 -25 -26 26 -28 28 29 -31
leaf_value=-0.014989757247927763 -0.0064115085237277623 -0.0029061721180762314 0.0032798167112983775 -0.00037441559831149644 -5.2927490613797787e-05 -0.0016959119210025306 -0.012609737661447776 -0.013860093747617886 -0.047365849300686082 0.044688651943197842 0.0037995260217433095 -0.050596373824716746 -0.0065365731548288307 0.021168307218576019 0.0041955635805987759 0.010368496096289379 -0.0052803875726175186 0.004026500021440893 0.0021382197560873254 -0.0081444858815513579 0.0027479042495939967 -0.00092279093887125997 0.0032251858133235884 -0.0001529191803891717 -0.0025531174145012082 -0.0012826709826786865 -9.658887758605964e-05 -0.0015244720039953527 -0.0088624248093444723 0.0068329978093488175
leaf_weight=68.123333632946014 96.164890452288091 1963.5883517581969 1124.8990446142852 1432.011024606647 43459.405851486139 176.17358335107565 111.23059531394392 4.3891655057668677 10.629278048872946 8.2154179960489255 2481.8884014394134 8.0592453554272634 1024.529295233544 141.36397981760092 849.38593874080107 312.56740263383836 1090.238936056383 1405.4255830761977 780.74176455428824 582.15679443557747 1394.9568462010939 3552.7140847132541 1229.5561895067804 19078.039362949785 1039.3841394106857 4070.117463896051 7220.0448787859641 713.5948911588639 697.95001041144133 53.902468498796225
leaf_count=449 1916 19703 27853 59862 273554 1060 1053 25 58 45 88816 44 25369 13581 36081 17274 29819 51750 19727 17753 61239 99036 43687 682459 24440 33765 67612 5275 6904 587
internal_value=-0.000138396 -0.000412483 0.000288338 0.00206412 -0.000301787 -0.0069845 -0.00342638 -0.00248706 -0.00429458 0.0243008 0.00341864 -0.0187565 7.64406e-05 0.00122913 0.0066173 -0.000157432 0.00013083 -0.000166597 -0.00270022 8.16269e-05 -0.000181692 8.78761e-05 0.00467304 4.47326e-05 -0.000540772 -0.000269025 -0.00100529 -0.00219051 -0.00471192 -0.00773717
internal_weight=96181.4 58565.4 37616 4010.06 56490.6 275.59 2074.82 199.407 186.803 12.6046 2578.05 76.1826 33606 5668.36 990.75 27937.6 25092.9 23550.8 2844.66 22460.6 21055.2 4677.61 1542.12 20473 1820.13 56215 12755.6 5535.56 1465.45 751.852
internal_count=1710796 410134 1300662 150594 389378 1681 20756 1188 1118 70 90732 493 1150068 176551 49662 973517 903981 843020 69536 813201 761451 126889 60961 743698 44167 387697 114143 46531 12766 7491
is_linear=0
shrinkage=0.05


Tree=223
num_leaves=31
num_cat=0
split_feature=17 17 4 7 7 7 10 7 10 3 10 7 7 7 10 7 17 10 7 6 1 17 17 17 17 8 7 1 17 17
split_gain=4.06242 7.0457 5.1676 3.55346 7.58497 9.92658 7.12444 6.83484 9.87929 5.72819 4.46784 4.37556 5.2038 11.1995 3.75687 3.6297 3.49869 3.38096 3.31177 3.19992 3.29577 3.16546 3.01807 5.14768 4.60038 5.19 5.77362 6.27248 4.42668 4.62917
threshold=0.78191805040034468 0.75399479309382211 2.5000000000000004 2.1383330595080281 2.524928003624769 2.9174053685313028 1.0261490310845864 1.0397207708399181 0.58835231277292122 1.0000000180025095e-35 0.3497316826816268 3.1132683346437333 3.4175922930736511 3.4811217321331038 0.038873597625763805 2.6735537653587351 0.78999681022789259 5.7895302228047969 3.1984648276080736 0.60355339059327384 1634.5000000000002 0.7903277791464014 0.66650849354048136 0.68588771510975388 0.65014413137671034 1.0000000180025095e-35 2.524928003624769 2933.5000000000005 0.67205958784229547 0.66706786795161321
decision_type=2 2 2 2 2 2 2 2 2 2 2 2 2 2 2 2 2 2 2 2 2 2 2 2 2 2 2 2 2 2
left_child=1 22 -2 7 6 10 -5 9 -9 19 -6 -7 14 -14 16 -12 -13 -8 -16 -4 -21 -20 24 28 -1 -26 27 -27 29 -24
right_child=2 -3 3 4 5 11 17 8 -10 -11 15 12 13 -15 18 -17 -18 -19 21 20 -22 -23 23 -25 25 26 -28 -29 -30 -31
leaf_value=-0.00076284170515011776 0.00107647516118085 -0.003252122230277662 0.0054458487637759206 -0.007235076178932133 0.014882522394966952 -0.0035290324661862538 0.0014439313185622728 0.019805071664625612 0.0031966928737989946 -0.00089267505676034588 0.0008760513131380581 -0.06505340357202713 -0.0082022208990375663 -0.00016092776218304289 -0.0012346030057206506 0.0076778323545675271 0.015557895102429609 -0.0035874837930415515 0.020133290299023519 -0.001472496089935118 -0.038800673635033846 0.0039159947310251275 -0.0033265356199297354 -8.3364524689752526e-05 -0.00053386120413400631 0.022685329612892623 0.00080522488432483981 -0.020637865437687128 -0.0044544652298950478 0.0001100942910106359
leaf_weight=16026.07843556162 13085.048952316865 2076.6326629146934 645.02740239677951 736.72738697938621 101.70526548335329 1026.1035424738657 657.62050740653649 105.36857660394162 596.00205472204834 2527.6887792181224 462.73389837192371 1.3711766507476557 445.82521442533471 15048.798354365863 372.92637854861096 340.44349575508386 73.382492278236896 678.24707614863291 31.847889271564782 116.15283725969493 6.2303968076594165 545.08485599863343 1628.4682219512761 7246.8777845134027 11114.119992967695 53.512294370681047 16481.264617403969 9.9006207808852178 1474.221600074321 2460.3425286766142
leaf_count=100231 477925 20756 15638 17796 7323 28861 16223 9844 24397 69351 15854 32 13233 535129 12892 13131 3920 15613 570 3058 145 19727 13396 67831 66893 375 107277 64 12814 20497
internal_value=-0.00013143 -0.000391808 0.000274129 -0.000154054 -0.000419675 -9.75049e-05 -0.00328763 0.00120997 0.00569181 0.000255998 0.00500935 -0.000360886 -0.000164094 -0.000392299 0.00328691 0.00375913 0.0140793 -0.00111062 0.00243756 0.00403948 -0.00337283 0.00481122 -0.000286669 -0.000961544 -8.87725e-05 0.000301797 0.000863162 0.0159213 -0.00210553 -0.00125863
internal_weight=96175.8 58571.4 37604.3 24519.3 20522.8 18450.2 2072.59 3996.47 701.371 3295.1 904.883 17545.3 16519.2 15494.6 1024.61 803.177 74.7537 1335.87 949.859 767.411 122.383 576.933 56494.8 12809.9 43684.9 27658.8 16544.7 63.4129 5563.03 4088.81
internal_count=1710796 410134 1300662 822737 700304 650672 49632 122433 34241 88192 36308 614364 585503 548362 37141 28985 3952 31836 33189 18841 3203 20297 389378 114538 274840 174609 107716 439 46707 33893
is_linear=0
shrinkage=0.05


Tree=224
num_leaves=31
num_cat=0
split_feature=17 17 0 16 16 8 7 16 0 16 16 7 17 5 17 16 16 17 7 6 0 8 7 7 5 7 17 7 5 8
split_gain=3.66731 6.63143 5.83407 4.58552 4.47748 4.09376 3.849 4.67123 3.54038 4.36198 4.73792 4.60876 4.57626 4.56028 4.069 3.55516 3.50898 3.3768 3.35944 6.63129 4.14964 4.95269 6.3524 5.86253 3.76322 5.19041 3.78095 4.28541 3.39154 4.66939
threshold=0.78191805040034468 0.72364430882431663 120.50000000000001 0.55753674434769007 0.91801832754575818 9.2213649572534653 3.0201273556387074 0.75873290655478343 144.50000000000003 0.74141446253224852 0.72374940372495866 5.9467277988936109 0.66166140763983117 -0.25881904510252113 0.64856198614102312 0.75947657523217504 0.71270853614292051 0.77234227789159371 1.8688348091416842 -0.5 59.500000000000007 5.5392989060884821 3.1132683346437333 8.4003222333682306 1.0000000180025095e-35 4.6867395546766826 0.66232178865563784 5.1619206365690227 -0.60355339059327362 6.3017023852040754
decision_type=2 2 2 2 2 2 2 2 2 2 2 2 2 2 2 2 2 2 2 2 2 2 2 2 2 2 2 2 2 2
left_child=1 3 5 18 -2 6 -3 17 -5 10 16 -12 14 15 -11 -14 -10 -8 19 -1 28 22 -22 -23 26 -26 -24 -28 -20 -30
right_child=4 2 -4 8 -6 -7 7 -9 9 12 11 -13 13 -15 -16 -17 -18 -19 20 -21 21 23 24 -25 25 -27 27 -29 29 -31
leaf_value=-0.016030783142124062 0.00021433881747163022 0.00025272665315884899 -0.012769446775686406 -0.0002090706804575905 0.0066982222423901871 -0.061267716895343598 -0.00098687748827610048 -0.0039532890051592069 0.015410481401444333 0.0093784879639680768 0.025068655485306585 0.085586474500256415 -0.022769359173703218 -3.06120508977895e-05 -0.0089833502473783584 0.028972289809689574 -0.01750900423928712 0.0076817158316440639 -0.027808678787320348 0.019053129638841929 -0.023990905202592949 -0.066289113973781705 0.03347286779691791 0.0019208266633853673 0.02088065191160424 -0.02205498867623816 -0.038977395469489057 0.028228365947444014 -0.013090608654589851 0.035272166503044641
leaf_weight=23.348157800734043 37325.938194516115 1522.6479093497619 125.69093240518123 53144.557038066909 268.17128394870088 2.8976793065667144 739.10795418918133 2357.1718026371673 30.142920814454556 43.546827545389533 19.773574158549312 3.7412257045507422 3.6707962304353705 40.461061265319586 98.229660991579294 34.724649295210838 11.067065909504889 132.48047166317701 39.231643170118332 31.829942002892494 16.834751732647419 6.0181869864463788 22.753600493073463 6.6101053953170776 12.898486167192461 15.49452669918537 4.568001836538313 4.9342094883322716 75.269181467592716 5.3453148156404486
leaf_count=176 1283148 14315 1165 358838 17514 29 5841 25463 171 255 113 21 23 299 598 260 62 1086 220 224 102 33 118 37 74 90 28 32 434 27
internal_value=-0.000124819 -0.000372179 -0.00213689 -0.000211796 0.000260591 -0.0018558 -0.00181957 -0.00279684 -0.000179247 0.00537516 0.0167886 0.0346971 0.00202691 0.0116824 -0.00334349 0.0240255 0.00656985 0.000330739 -0.00677105 0.00420766 -0.00965632 -0.00154989 0.00318236 -0.0305856 0.010725 -0.00255002 0.0224104 -0.00407949 -0.0157515 -0.00988381
internal_weight=96169.2 58575 4880 53695.1 37594.1 4754.31 4751.41 3228.76 53429.9 285.358 64.7248 23.5148 220.633 78.8565 141.776 38.3954 41.21 871.588 265.136 55.1781 209.958 90.1119 77.4836 12.6283 60.6488 28.393 32.2558 9.50221 119.846 80.6145
internal_count=1710796 410134 47899 362235 1300662 46734 46705 32390 360640 1802 367 134 1435 582 853 283 233 6927 1595 400 1195 514 444 70 342 164 178 60 681 461
is_linear=0
shrinkage=0.05


Tree=225
num_leaves=31
num_cat=0
split_feature=10 1 16 0 7 7 8 8 7 16 0 0 0 7 16 0 16 9 8 7 8 7 10 10 0 10 8 0 0 16
split_gain=2.88921 5.18699 5.99903 6.89494 5.32018 4.91355 4.68264 8.57737 4.62352 4.47947 4.22663 4.1621 7.5519 5.95201 4.1817 6.12709 5.11987 3.52494 3.48429 8.38647 4.71617 6.13318 4.83033 6.26937 4.70534 4.15931 9.02411 6.41491 5.17078 4.19113
threshold=8.1178964400585354 6561.5000000000009 0.81308362570867387 37.500000000000007 3.7012257604091228 8.1287326712500683 6.6073254057471518 6.7399279934816994 10.274602580264551 0.91801832754575818 19.500000000000004 79.500000000000014 65.500000000000014 4.9163179057820896 0.70406634886711628 67.500000000000014 0.76803114533102257 2.3502401828962087 3.9415346756528771 6.2509395627126869 1.2424533248940002 6.7667674199628722 7.6801760644129917 7.5983332249403341 148.50000000000003 8.095881606010435 3.5694334999727624 84.500000000000014 70.500000000000014 0.72879019664003242
decision_type=2 2 2 2 2 2 2 2 2 2 2 2 2 2 2 2 2 2 2 2 2 2 2 2 2 2 2 2 2 2
left_child=8 10 3 -3 -5 17 11 -8 18 -10 -2 12 -6 -14 -15 -16 -17 -4 19 25 21 22 23 -21 -22 -1 29 28 -28 -27
right_child=1 2 5 4 6 -7 7 -9 9 -11 -12 -13 13 14 15 16 -18 -19 -20 20 24 -23 -24 -25 -26 26 27 -29 -30 -31
leaf_value=1.2161670011405546e-05 0.024594264966521919 0.045017800014778515 -0.017397837870211003 -0.041289351284820038 0.019079335886974962 0.0091480118905374105 -0.095166382730162813 0.00079529078600152573 0.010183159408364935 -0.11965959680684519 -0.001221091734208625 0.028547586354946877 0.067962789292558209 0.023884440339628096 -0.095785099807712618 -0.044169834582546613 0.010172359370173656 -0.071193865691080729 0.00073503779281560821 0.004498694072051136 -0.0029882908839793327 0.018506652084477757 -0.013875491682965367 0.080615113268707253 0.054499078170371855 -0.0046561540443037326 -0.030913990646460623 -0.12733156938197257 0.056517196719276776 0.012887030607592082
leaf_weight=69055.030315126758 15.889666457660494 13.45791709795594 19.630961991846565 5.341280701570212 53.554065545089543 17.837401412427425 2.4730717102065674 39.866937409155071 128.91453846357763 0.66769009409472246 7355.3300950417761 36.691033561713994 2.074152146466079 4.4191452451050308 2.9977184683084515 9.134234503842892 8.248332938179372 3.6040727486833921 15819.992062765174 41.961512377019972 3212.4243362399284 60.131354649085552 44.267252491787076 2.8916756380349389 3.5634228754788628 42.399857133626938 12.632245920598509 1.5142698353156436 1.952452303841709 172.77599354693666
leaf_count=1195136 263 193 328 52 665 334 39 520 3799 41 110355 418 18 34 37 116 95 54 330036 838 62098 1139 691 56 52 374 175 21 25 2484
internal_value=-3.77171e-06 -0.000939982 0.00663727 0.0106066 0.00779645 -0.0105898 0.00944065 -0.00480981 7.64344e-05 0.00951413 -0.00116544 0.0145924 0.00822603 -0.0134026 -0.0202077 -0.0297684 -0.0183835 -0.0257423 6.26113e-05 -8.38107e-05 -0.00252136 0.00616733 -0.00215826 0.0094059 -0.00292459 3.45811e-05 0.00672866 -0.0293795 -0.0192096 0.00943019
internal_weight=96191.7 7590.55 219.33 178.258 164.8 41.0724 159.459 42.34 88601.1 129.582 7371.22 117.119 80.4276 26.8736 24.7994 20.3803 17.3826 23.235 88471.5 72651.5 3365.24 149.252 89.1204 44.8532 3215.99 69286.3 231.275 16.099 14.5847 215.176
internal_count=1710486 113521 2903 2187 1994 716 1942 559 1596965 3840 110618 1383 965 300 282 248 211 382 1593125 1263089 64874 2724 1585 894 62150 1198215 3079 221 200 2858
is_linear=0
shrinkage=0.05


Tree=226
num_leaves=31
num_cat=0
split_feature=0 1 0 10 8 9 10 7 8 7 8 7 10 7 1 1 1 10 0 10 7 1 10 10 8 8 9 7 1 9
split_gain=2.77102 3.17254 2.91451 4.75322 3.63367 2.84917 3.18892 4.72779 3.33115 8.74025 8.95986 6.49154 5.32396 4.66793 4.20203 5.86279 5.22303 4.45297 4.5091 5.16339 5.11491 4.60228 4.02966 4.55525 4.8297 3.50263 4.40626 3.57911 4.90143 3.99892
threshold=44.500000000000007 158.50000000000003 71.500000000000014 0.005927438483865035 1.4978661367769956 6.1851745148996118 8.1516019702766869 10.459095259825459 5.2443855436100657 6.9377992826203219 1.2424533248940002 4.6681339642869872 6.6896474093397282 4.7405652883788738 798.50000000000011 1522.5000000000002 220.50000000000003 8.074580684388863 53.500000000000007 5.8428412167779049 6.999878463891597 11188.500000000002 7.6928306031301608 7.8233373950840157 4.8481086751891054 5.422742508376845 4.5900436644025815 7.2460115738484996 974.50000000000011 1.7005986908310777
decision_type=2 2 2 2 2 2 2 2 2 2 2 2 2 2 2 2 2 2 2 2 2 2 2 2 2 2 2 2 2 2
left_child=-1 2 -2 -4 -5 6 7 8 9 -3 -11 -10 -13 -14 16 -16 -12 18 19 20 -17 -21 -20 24 -24 26 27 28 29 -15
right_child=1 5 3 4 -6 -7 -8 -9 11 10 14 12 13 25 15 17 -18 -19 22 21 -22 -23 23 -25 -26 -27 -28 -29 -30 -31
leaf_value=0.00046618454470769499 0.005722037513064218 -0.00010068115384404935 0.016527687833420009 -0.0088574982379184923 0.0064559193202257618 0.005474470163205747 -0.001439260021798134 0.012892932903197816 -0.010768721897668899 0.022268495259444254 0.015835653015346913 0.0054507534695048526 0.038156626297240981 0.0005749453762251888 0.00098004336568098169 -0.14535447555477107 -0.0070379754979725644 0.0033862752244254745 -0.00024643187998319523 -0.0090437011619440132 -0.033787116888795578 -0.0590595369952647 -0.022814717667674029 -0.0041896694397113776 0.0017125942641884669 0.00016317090933794698 -0.029152602889132202 0.0092224891997167904 0.005763583930522613 -0.020065005574895396
leaf_weight=23670.474458903773 429.01016419311054 57896.974544883473 31.747676738537848 132.86226054630242 54.681795906275511 221.44403581088409 4882.7444820986129 69.773305863374844 114.46112267626449 35.086275811307132 25.804219160694629 667.83644147426821 8.302389895077793 56.035485983360559 934.54767521936446 1.2343938103876997 760.11302777077071 167.04431407619268 433.67772489599884 241.27289884490892 6.123788614757359 4.6887481687590471 75.229248336050659 325.68525220174342 27.373687744140625 4416.5653011843096 9.6305356128141266 259.33003864996135 190.73272220836952 40.377257202751935
leaf_count=441411 7142 999028 481 1922 996 5325 70636 1765 2291 653 490 17776 119 1085 19106 37 15520 2847 8918 4704 196 86 1384 5657 518 90760 222 5174 3487 750
internal_value=-3.547e-06 -0.000156866 0.00332518 -0.00136389 -0.0043926 -0.000188275 -0.000205776 -0.000115572 -0.00012918 -0.00023785 -0.00285207 0.00101979 0.00125866 0.000696593 -0.00314559 -0.00203193 -0.00628696 -0.00422701 -0.00536731 -0.0112318 -0.0525034 -0.00999715 -0.00364381 -0.00708394 -0.016271 0.00063405 0.00437374 0.00496458 0.00111912 -0.00806898
internal_weight=96190.9 72520.4 648.302 219.292 187.544 71872.1 71650.6 66767.9 66698.1 60934.9 3037.88 5763.27 5648.81 4980.97 3002.79 2216.88 785.917 1282.33 1115.29 253.32 7.35818 245.962 861.966 428.288 102.603 4972.67 556.106 546.476 287.145 96.4127
internal_count=1710486 1269075 10541 3399 2918 1258534 1253209 1182573 1180808 1059144 60116 121664 119373 101597 59463 43453 16010 24347 21500 5023 233 4790 16477 7559 1902 101478 10718 10496 5322 1835
is_linear=0
shrinkage=0.05


Tree=227
num_leaves=31
num_cat=0
split_feature=0 1 0 0 7 11 3 1 6 5 9 8 7 0 8 9 6 7 0 9 1 1 1 7 7 5 1 0 8 7
split_gain=2.53945 3.14127 3.31534 7.38153 5.4946 4.79724 2.86828 3.74941 2.87478 3.61856 3.75252 4.95964 3.93953 3.32192 2.93332 4.83631 3.74794 3.99338 3.57707 3.55833 4.9353 3.89051 3.28328 3.59603 4.76213 3.27241 3.26889 3.24565 3.00807 3.73558
threshold=36.500000000000007 133.50000000000003 74.500000000000014 75.500000000000014 3.4175922930736511 1.0000000180025095e-35 1.0000000180025095e-35 2849.5000000000005 -0.78656609248549325 0.37940952255126054 2.740319461670996 5.1957269410780187 8.2023454415064947 15.500000000000002 4.4829865921051741 2.1383330595080281 1.0000000180025095e-35 4.9308638091439496 31.500000000000004 4.6001450180613412 513.50000000000011 707.50000000000011 176.50000000000003 6.078787719222313 3.795426061844291 -0.70710678118654735 1857.5000000000002 29.500000000000004 6.7633072077471583 5.9622923416208602
decision_type=2 2 2 2 2 2 2 2 2 2 2 2 2 2 2 2 2 2 2 2 2 2 2 2 2 2 2 2 2 2
left_child=6 2 -2 4 5 -4 8 -8 9 10 12 -12 13 -1 15 22 26 -18 -17 21 -21 28 23 24 -10 27 -16 -26 29 -19
right_child=1 -3 3 -5 -6 -7 7 -9 14 -11 11 -13 -14 -15 16 18 17 19 -20 20 -22 -23 -24 -25 25 -27 -28 -29 -30 -31
leaf_value=-0.055947267379672427 0.0069349799830337403 -0.00011685579757423801 -0.18623239795237567 -0.00090858255371988885 0.0073772094824464136 -0.046125300801711261 0.0015851247014647676 -0.0011892560863706186 -0.0068096145349567615 0.0092876007169794082 -0.025066295042241372 0.037351627827558666 -0.03989895889556954 8.8161358214109862e-05 -0.0022594718008138903 0.045823034442234366 -0.067985916841145369 0.029921230260248961 0.0018926059167159775 -0.11069981451895575 0.011569694569948072 -0.029923092422498083 -0.0010673397603799249 0.045200265923248495 -0.0061249609217486648 -0.020891257278671086 0.0699711395442391 -0.089515315305317061 0.026950673660857967 -0.014872675986556436
leaf_weight=2.6583299012854686 299.99621184915304 84701.4447660679 1.2340307524427767 92.194463815074414 1.3993726549670098 1.2100359536707401 7303.6637127532158 1461.4630566486157 62.837491307407618 132.70897429203615 4.1573894699104157 13.572156463749705 6.3231540764681986 522.091393844923 70.962631153874099 9.3527075485326367 3.6051766062155357 5.3788088145665816 9.1840026248246414 2.1306688250042494 1.3471097280271349 20.00033300369978 1397.5911478137132 2.7233504867181173 1.6055189631879354 11.53976407740265 1.6017370712943364 4.2704872176982462 6.8825803943909696 34.557425645180047
leaf_count=34 4960 1495772 23 1402 35 17 147826 24783 930 1930 77 245 108 7854 1267 150 68 87 162 44 41 318 21219 55 35 210 27 81 126 600
internal_value=-3.33083e-06 -9.60835e-05 0.00434658 -0.00373886 -0.0716302 -0.116867 0.000708251 0.00112254 -0.000852181 0.00187861 8.70013e-05 0.0227153 -0.00066843 -0.000195709 -0.00198314 -0.00132329 -0.00873678 -0.0166623 0.0240577 -0.0140302 -0.063339 -0.0114638 -0.00164106 -0.0113043 -0.0132217 -0.0363572 -0.000665102 -0.0667303 -0.00357828 -0.00883961
internal_weight=96189.7 85097.5 396.034 96.0379 3.84344 2.44407 11092.2 8765.13 2327.08 681.511 548.802 17.7295 531.073 524.75 1645.57 1499.1 146.466 73.9021 18.5367 70.2969 3.47778 66.8191 1480.57 82.9766 80.2533 17.4158 72.5644 5.87601 46.8188 39.9362
internal_count=1710486 1502209 6437 1477 75 40 208277 172609 35668 10248 8318 322 7996 7888 25420 22842 2578 1284 312 1216 85 1131 22530 1311 1256 326 1294 116 813 687
is_linear=0
shrinkage=0.05


Tree=228
num_leaves=31
num_cat=0
split_feature=0 17 17 16 6 1 16 9 9 8 1 16 16 4 16 17 1 0 9 16 1 9 16 4 16 12 9 8 1 8
split_gain=2.34237 2.79632 7.04853 7.18774 6.62927 9.69613 7.46513 6.30232 5.41122 6.49882 6.33147 5.3106 5.16089 5.12066 10.5563 6.9258 7.22533 6.37268 7.16918 6.75645 7.68071 7.22114 6.86854 13.2104 6.29726 6.57489 6.14034 5.86613 5.78907 6.65026
threshold=44.500000000000007 0.66166140763983117 0.6619687418888992 0.79189660852109156 0.37940952255126048 982.50000000000011 0.8055710687594505 6.7934636189498514 3.0677824455408698 1.4978661367769956 278.50000000000006 0.7994787922351313 0.79410949773221817 3.5000000000000004 0.86861055157824218 0.64619791601474053 176.50000000000003 105.50000000000001 3.9796379800581989 0.75792891440371568 1342.5000000000002 5.8391775770469829 0.76534125549268184 2.5000000000000004 0.73607016656695079 1.0000000180025095e-35 6.5154528834577485 1.4978661367769956 1041.5000000000002 3.8393944990995772
decision_type=2 2 2 2 2 2 2 2 2 2 2 2 2 2 2 2 2 2 2 2 2 2 2 2 2 2 2 2 2 2
left_child=-1 7 3 -3 6 -6 11 13 9 10 -8 12 -5 17 15 -15 -17 19 24 20 -2 22 23 -21 -19 -26 -23 -25 29 -29
right_child=1 2 -4 4 5 -7 8 -9 -10 -11 -12 -13 -14 14 -16 16 -18 18 -20 21 -22 26 -24 27 25 -27 -28 28 -30 -31
leaf_value=0.00042883013496181017 -0.0030608620259488803 -0.0079987564515351574 -0.00028541696031623591 0.037978031801736312 -0.027998789028870805 0.0024129938636292671 0.036334299538062935 0.022130087322407101 -0.044336506287526417 0.012184575101300964 -0.010930717214131249 0.030899019589696541 -0.0042837006455070529 -0.0031989440888221636 0.012733789081737343 0.017514980798792525 0.0012248134369635718 0.0029380897746188028 0.026129314321293021 0.010004952494521081 0.0010033864926295075 -0.039993343944768445 0.00035949901756830618 0.0044122107472214572 -0.0061129622992744034 -0.04623899704144336 0.011328191695416275 -0.0095817833429141571 -0.014418456756630263 0.018937336474362659
leaf_weight=23662.767543706112 3117.0110541470349 596.3754576779902 45752.984078862006 9.3330323398113233 42.950787918642163 67.240471970289946 7.6848201192915431 32.940389934927225 6.7632238306105128 76.433158922940493 90.838474627584219 39.568988081067801 31.965691577643156 924.51079144421965 192.71809283643961 68.612504040822387 8585.4467807319015 218.17559906840324 19.316365957260132 534.51946753636003 1853.8457526564598 19.565408181399111 9007.4417655449361 188.06222919002175 811.49305532872677 10.338898591697214 8.3008563555777055 48.270222663879395 127.83001049607992 35.455792054533958
leaf_count=441411 16697 2933 1103672 49 320 473 47 252 52 572 576 218 169 5355 2224 395 50983 1190 122 3018 9795 165 62434 1018 5043 67 78 261 702 195
internal_value=-3.13558e-06 -0.000144071 -0.000374798 -0.0045944 0.000851935 -0.00944103 0.00517124 0.000273697 -0.000452671 0.00124373 -0.00724404 0.0178089 0.00526696 0.00024576 0.00114764 0.000914527 0.00135397 -0.000305034 -0.00405253 -3.93218e-05 -0.00154513 0.000711488 0.000782732 0.00486376 -0.00461311 -0.00661776 -0.0247056 -0.00201297 -0.00772461 0.00249532
internal_weight=96188.8 72526 46722.1 969.154 372.779 110.191 262.587 25803.9 181.72 174.956 98.5233 80.8677 41.2987 25770.9 9771.29 9578.57 8654.06 15999.6 1059.32 14940.3 4970.86 9969.45 9941.58 934.138 1040.01 821.832 27.8663 399.618 211.556 83.726
internal_count=1710486 1269075 1109081 5409 2476 793 1683 159994 1247 1195 623 436 218 159742 58957 56733 51378 100785 6422 94363 26492 67871 67628 5194 6300 5110 243 2176 1158 456
is_linear=0
shrinkage=0.05


Tree=229
num_leaves=31
num_cat=0
split_feature=7 7 7 8 7 7 7 4 7 16 16 16 17 16 8 8 16 17 4 1 1 7 17 1 8 1 6 6 17 1
split_gain=2.40324 12.3651 11.2395 12.5315 8.57641 7.36067 11.9056 8.11435 7.33706 7.00142 6.29594 6.06623 6.24188 11.9397 8.73256 5.593 5.57593 5.42715 5.22872 5.87508 5.22773 5.20715 5.08774 5.04641 5.0455 11.5778 4.83839 4.65654 5.73055 4.64611
threshold=2.9174053685313028 3.1132683346437333 2.524928003624769 1.0000000180025095e-35 3.2769667020129059 2.3502401828962087 1.0397207708399181 2.5000000000000004 3.1984648276080736 0.86002122308110285 0.88697388101925345 0.76386094938731974 0.64592994198069786 0.78244425446788779 1.7005986908310777 7.5657931483356977 0.84829995261970514 0.6479041575402984 2.5000000000000004 192.50000000000003 8052.5000000000009 3.0201273556387074 0.64619791601474053 354.50000000000006 3.5408542930527882 1105.5000000000002 0.25881904510252057 0.60355339059327384 0.6619687418888992 598.50000000000011
decision_type=2 2 2 2 2 2 2 2 2 2 2 2 2 2 2 2 2 2 2 2 2 2 2 2 2 2 2 2 2 2
left_child=2 16 3 5 8 6 17 -8 -3 20 15 -4 13 -13 -15 -5 -2 -1 29 -20 -7 27 26 -14 -10 -26 -9 -18 -29 -19
right_child=1 4 11 10 -6 9 7 22 24 -11 -12 12 23 14 -16 -17 21 18 19 -21 -22 -23 -24 -25 25 -27 -28 28 -30 -31
leaf_value=-0.0032970586219883179 -0.0023680735689158663 0.00077344833735488333 -0.0001014258141789159 0.013560546453637124 -0.00012640229731421813 -0.00086485702872736946 0.0056243936794079259 -0.017940892433683523 0.0068111542825539583 -0.0077102114017647706 -0.061910840770512537 0.031185062673326908 0.012176097884033506 -0.019196600088040583 -0.11013480830840426 -0.033482390170865094 0.0071894612174679337 -0.0030167493291496355 0.0091750834042347816 0.00062452479141010509 -0.0096783092532512719 -0.013021883418706373 0.0014751858396574913 0.0039735845335789203 0.031595602956146641 -0.050397273489365291 0.0072646675595936794 -0.05937433954126943 0.00036653502872296143 -5.965928057844922e-05
leaf_weight=1330.0783689776435 3423.1418250575662 1619.9721605002414 1139.2180161233991 230.67111671622843 59538.36028443859 6058.8202188396826 1559.638400626136 64.691577846184373 935.20343899563886 429.43683477537706 2.8950945562683037 12.01914484426379 203.94419051823206 38.385608809068799 2.8348734416067591 6.4961740113794795 68.4531987500377 2068.2830543573946 205.88385045528412 8287.5460923211649 173.05818817857653 238.7051712195389 2446.1580919481348 2327.2185464273207 6.8887280968483564 11.480810022447256 26.979394715279341 6.4063626676797893 10.749877730850129 3712.7645973414183
leaf_count=7323 51226 31172 11967 4621 1127122 80055 36878 445 18410 8579 140 71 5099 322 25 115 2002 29516 2736 117123 2173 5996 52962 59390 180 259 200 70 445 53864
internal_value=-2.93581e-06 -0.000172533 0.000365367 5.25042e-06 -4.24965e-06 -9.83033e-05 0.000387492 0.00278609 0.00282172 -0.00153513 0.0113774 0.00293822 0.00427811 -0.0126649 -0.0254507 0.012272 -0.00296172 -0.000242337 4.22984e-05 0.000831793 -0.00110961 -0.00922771 0.0010418 0.00463449 0.00630142 -0.0196493 -0.0105227 0.00135158 -0.0219415 -0.00111762
internal_weight=96186.4 65859.4 30327 26603.4 62111.9 26363.3 19702 4097.47 2573.55 6661.32 240.062 3723.62 2584.4 53.2396 41.2205 237.167 3747.46 15604.6 14274.5 8493.43 6231.88 324.315 2537.83 2531.16 953.573 18.3695 91.671 85.6094 17.1562 5781.05
internal_count=1710486 1236882 473604 396730 1177143 391854 301047 90485 50021 90807 4876 76874 64907 418 347 4736 59739 210562 203239 119859 82228 8513 53607 64489 18849 439 645 2517 515 83380
is_linear=0
shrinkage=0.05


Tree=230
num_leaves=31
num_cat=0
split_feature=10 8 0 6 1 1 1 7 7 7 8 10 8 1 10 10 1 9 7 4 6 8 7 1 8 16 16 16 10 16
split_gain=3.82182 4.40948 6.03634 4.49814 7.06698 4.04805 3.91754 3.74655 3.56769 6.7138 3.80053 3.40034 4.71373 5.06148 4.35019 4.34956 5.17895 4.2485 7.95789 5.26512 5.21546 5.92561 5.80673 4.81337 4.73774 4.43083 4.38867 7.24375 5.39242 5.28432
threshold=0.012332838336579199 2.740319461670996 93.500000000000014 -0.37940952255126015 2768.5000000000005 752.50000000000011 477.50000000000006 4.8402344967050359 2.524928003624769 2.8029010331479989 2.249904835165133 8.2689961142939996 5.1957269410780187 6561.5000000000009 6.8292887335230441 6.8859853102934574 555.50000000000011 2.524928003624769 7.7387059399670521 2.5000000000000004 -0.37940952255126015 4.2413008733233104 5.0466405620843924 11188.500000000002 5.1789666414329583 0.64766222937444862 0.8078636131861191 0.80729070885896803 8.0647353486072628 0.88697388101925345
decision_type=2 2 2 2 2 2 2 2 2 2 2 2 2 2 2 2 2 2 2 2 2 2 2 2 2 2 2 2 2 2
left_child=1 8 3 -3 5 -5 -4 -8 -1 10 -10 12 17 14 -14 16 -16 24 20 -20 -19 -22 -23 26 -2 -26 27 28 -24 -28
right_child=11 2 6 4 -6 -7 7 -9 9 -11 -12 -13 13 -15 15 -17 -18 18 19 -21 21 22 23 -25 25 -27 29 -29 -30 -31
leaf_value=0.00070189100631109841 -7.3595840163072335e-05 0.0082125010494696511 0.013812899591060463 -0.039254548196047991 -0.092880442774227065 0.0060965625535407634 -0.05612060010117105 -0.16463571056473769 0.013084916691786712 0.0021402284894489667 -0.12742255252291446 -0.0017732576723786435 0.0036846625147325738 0.0071732888959518768 0.021268995374536918 0.00052988034243748022 -0.014828628932949728 -0.0034462077702696555 -0.0013842512979282938 -0.012135886263572227 -0.0030004755203138322 0.049858427512692441 0.0068364852424133236 -0.046166920911584954 0.071013541018503365 -0.013339750500153933 0.017897292160457188 -0.099360669613119235 -0.012555745022788355 -0.034680224033999507
leaf_weight=6660.1475056419149 73887.149718019878 21.66128602437675 1.0998730706050981 8.3577263164334052 3.1645862702280274 11.964390310458837 2.2529830764979129 1.2294701244682071 174.26116579561494 1090.5696722590365 0.4825993690174063 2841.8380137390923 1156.1440700979438 324.18354339851066 11.328242367133496 7958.8936234069988 80.865327875129879 742.03977908194065 184.18010336300358 298.26949907885864 268.9757646843791 7.6331500429660073 224.42764451308176 4.4024232449010006 1.585875866934656 84.78410946438089 96.351006149314344 1.7146232854574908 42.662906553596258 5.0283153243362895
leaf_count=112634 1285496 788 28 328 94 435 46 35 7580 26035 23 40334 30845 5999 256 159325 1787 14090 3619 5461 5286 180 4071 76 16 1732 2462 38 566 219
internal_value=2.29562e-05 0.00107115 -0.0137709 -0.00822123 -0.0233777 -0.0125547 -0.0684502 -0.0944315 0.00116428 0.00359813 0.0126969 -7.17991e-05 -1.51672e-05 0.00103285 0.000816649 0.0004048 -0.0103932 -0.000146864 -0.00249688 -0.00803134 -0.000580407 0.00268518 0.00668629 0.00580655 -8.72767e-05 -0.0117909 0.00642465 0.00308129 0.00373893 0.0152895
internal_weight=96197.6 7975.19 49.7303 45.148 23.4867 20.3221 4.58233 3.48245 7925.46 1265.31 174.744 88222.5 85380.6 9531.41 9207.23 8051.09 92.1936 75849.2 1875.69 482.45 1393.24 651.196 382.22 374.587 73973.5 86.37 370.184 268.805 267.091 101.379
internal_count=1709884 148026 1754 1645 857 763 109 81 146272 33638 7603 1561858 1521524 198212 192213 161368 2043 1323312 36068 9080 26988 12898 7612 7432 1287244 1748 7356 4675 4637 2681
is_linear=0
shrinkage=0.05


Tree=231
num_leaves=31
num_cat=1
split_feature=16 4 1 2 17 7 0 17 16 1 16 8 5 8 0 1 6 8 16 17 16 1 7 17 0 16 1 7 0 8
split_gain=3.09501 9.37314 6.73032 6.30053 4.74684 5.34491 8.29746 5.66184 4.82798 4.58958 8.51241 4.51161 4.22126 3.91472 3.90148 3.87184 3.84865 3.83951 3.72937 5.40167 5.8974 4.78126 11.9739 3.92239 3.81778 3.85659 4.34159 3.68182 3.46554 3.446
threshold=0.86861055157824218 2.5000000000000004 1619.5000000000002 0 0.66514930599664202 3.2769667020129059 36.500000000000007 0.66232178865563784 0.8992894014084537 1173.5000000000002 0.888741551162327 3.5408542930527882 0.98296291314453421 3.3140206880897671 29.500000000000004 6561.5000000000009 -0.98296291314453399 3.5972184255501678 0.87914006170261472 0.64644959165753857 0.89327603651715415 790.50000000000011 3.0201273556387074 0.64721689366924384 47.500000000000007 0.91801832754575818 1446.5000000000002 4.166635176627655 149.50000000000003 3.2384861814448418
decision_type=2 2 2 1 2 2 2 2 2 2 2 2 2 2 2 2 2 2 2 2 2 2 2 2 2 2 2 2 2 2
left_child=-1 3 4 -2 5 6 7 8 9 10 -3 13 28 29 -5 -14 -8 -13 21 20 -20 22 -18 -21 -25 26 -26 -19 -4 -7
right_child=1 2 12 14 -6 11 16 -9 -10 -11 -12 17 15 -15 -16 -17 18 27 19 23 -22 -23 -24 24 25 -27 -28 -29 -30 -31
leaf_value=-4.0530537701492997e-05 0.0019363529677216421 0.0062664697161754091 0.00052082845395201875 -0.014461838361316119 0.0037087480383327012 0.019232154790254682 0.043078268695919235 -0.075522897182114079 0.040489072976086726 -0.076573888658218334 -0.079087100399620414 -0.058430167941122428 -0.016165439102384483 0.051660812931365298 -0.0026539518193329334 -0.099047505824896465 0.010369844299905404 -0.052328974494745495 -0.0052215804359557524 0.047756022733822706 -0.095213670285106536 0.025186300401950731 -0.079700821362588464 0.024360554847395639 -0.0049939331742741453 0.036769162725692743 -0.059081295696579286 0.0094401054448322343 -0.090947191542590955 -0.038679081800421879
leaf_weight=91754.285092317499 1031.0121294506826 14.191241892054689 699.84627137775533 74.456267950823531 1007.5277125837747 139.86639622971416 7.5227311179041854 4.0610950253903857 3.7432077862322322 3.1711446791887274 3.6782458666712037 2.2644773498177519 20.445396918803457 9.293809372931717 1157.4165768281091 1.5133853144943703 39.45733174867928 2.4878610409796229 4.5641648527234784 4.6172405090183011 3.0284647531807423 45.027769884094596 4.0705190300941458 13.448889365419744 51.637262681499124 5.0464126002043477 3.9974190331995478 79.602687949314713 1.0370872197672714 2.6168591640889636
leaf_count=1566984 29313 136 22776 2141 49408 1852 76 37 36 31 31 32 653 126 33418 35 340 33 42 43 27 413 49 131 477 47 39 1103 18 37
internal_value=2.18623e-05 0.00131105 0.00365266 -0.000942485 0.00561188 0.00989771 0.00411994 -0.020799 -0.0118319 -0.02114 -0.0113027 0.015067 -0.000290833 0.0202194 -0.00334052 -0.0218776 0.00806026 0.00579642 0.00655404 -0.000840322 -0.0411166 0.0137634 0.00194686 0.00304303 0.000258047 -0.00508385 -0.00888018 0.00756811 0.000385485 0.0181686
internal_weight=96194.9 4440.65 2177.77 2262.88 1454.92 447.395 211.263 28.8449 24.7838 21.0406 17.8695 236.132 722.842 151.777 1231.87 21.9588 182.418 84.355 174.895 86.3399 7.59263 88.5556 43.5279 78.7472 74.13 60.6811 55.6347 82.0905 700.883 142.483
internal_count=1709884 142900 78028 64872 54546 5138 1955 271 234 198 167 3183 23482 2015 35559 688 1684 1168 1608 806 69 802 389 737 694 563 516 1136 22794 1889
cat_boundaries=0 1
cat_threshold=5
is_linear=0
shrinkage=0.05


Tree=232
num_leaves=31
num_cat=0
split_feature=16 1 17 17 1 7 17 17 7 7 17 16 1 1 16 1 17 17 3 16 7 6 16 7 16 7 7 16 16 16
split_gain=2.8031 4.89109 5.10065 3.05642 4.50294 2.94634 2.77103 7.15222 5.36635 7.28425 6.50924 7.74796 11.3678 4.69195 3.68096 3.87176 3.39639 6.24571 7.48624 6.41289 6.20532 6.49528 5.57734 5.43523 7.46555 6.71395 6.70578 6.32522 6.65271 9.03153
threshold=0.86861055157824218 4764.5000000000009 0.79905213237329809 0.81225086885273801 2550.5000000000005 8.736087725213725 0.66650849354048136 0.68588771510975388 2.3502401828962087 1.0397207708399181 0.70959667852265762 0.84171078317801296 541.50000000000011 158.50000000000003 0.84171078317801296 453.50000000000006 0.65070748628260666 0.64856198614102312 1.0000000180025095e-35 0.86534914972475618 4.5271940351011493 0.91597561503675351 0.85517967223594293 4.166635176627655 0.82091366429956703 3.9219243190762363 3.9607678160667752 0.79525202465533995 0.86002122308110285 0.86315771363349869
decision_type=2 2 2 2 2 2 2 2 2 2 2 2 2 2 2 2 2 2 2 2 2 2 2 2 2 2 2 2 2 2
left_child=3 2 5 6 -5 -2 16 -8 9 10 11 12 13 -9 15 -11 17 23 -19 20 -20 -22 -23 25 -25 -1 -27 -28 -29 -30
right_child=1 -3 -4 4 -6 -7 7 8 -10 14 -12 -13 -14 -15 -16 -17 -18 18 19 -21 21 22 -24 24 -26 26 27 28 29 -31
leaf_value=-0.00017524640234190114 0.001877698496207535 -0.0070929611774021781 -0.0037177238568938185 0.0026050049651104908 -0.00230362092057006 0.0093421267235701388 -0.0020818580956492158 -0.044594068330997404 -0.00040779247065208136 0.0090775891318310865 -0.00020729066545219457 -0.012674381072140462 0.012908762627310734 -0.0032334812781315853 0.011112983208619975 0.0021054554130915263 0.00056388111504564566 -0.0051285333500390926 0.00073669982601281062 0.028454799310677771 -0.0020929985809202425 -0.013877337840235711 0.047741826645317287 0.0023800544320316109 -0.0034094086191906524 -0.019264088433465706 -0.0084017409153876316 0.0084917210039790383 -0.12788234884415622 -0.0010193129930792101
leaf_weight=5139.4276532586664 3719.3085713207256 169.04490446997806 410.79139312286861 2237.0694621375296 590.55159261450171 137.07156601408496 5312.1172821298242 7.3806336745619765 33715.616875158856 236.47505730413832 5732.8064335566014 49.984069004654884 313.45732634887099 96.605071350932121 163.27593798656017 1260.5713977252599 25659.229170037434 1226.5007373839617 2657.800857136026 18.727032931521535 1907.621441219002 160.16915088146925 3.7584523148834696 4186.9381358642131 642.24783351644874 84.677776668220758 232.67439784109592 113.651461455971 2.1374221444129935 4.0824898704886436
leaf_count=30561 89673 4447 45024 213862 48919 3756 43145 56 829438 7093 116764 421 2433 759 8139 37947 157718 7047 17117 214 12370 1020 43 23661 5567 507 1245 869 22 47
internal_value=2.08452e-05 0.00124837 0.00157881 -3.85035e-05 0.00157983 0.00214301 -8.99613e-05 -0.000354244 -0.00013351 0.00104295 0.000255308 0.00592889 0.00815643 -0.00616915 0.00398428 0.00320678 0.000204802 -0.000357679 -0.00164618 -0.000746631 -0.000862261 -0.00291373 -0.0124646 0.00038212 0.0016101 -0.000681265 -0.00662936 -0.00359464 0.00573612 -0.0446148
internal_weight=96191.8 4436.22 4267.17 91755.6 2827.62 3856.38 88927.9 46888.3 41576.2 7860.56 6200.23 467.427 417.443 103.986 1660.32 1497.05 42039.6 16380.4 5974.58 4748.08 4729.35 2071.55 163.928 10405.8 4829.19 5576.65 437.224 352.546 119.871 6.21991
internal_count=1709884 142900 138453 1566984 262781 93429 1304203 1046195 1003050 173612 120433 3669 3248 815 53179 45040 258008 100290 37811 30764 30550 13433 1063 62479 29228 33251 2690 2183 938 69
is_linear=0
shrinkage=0.05


Tree=233
num_leaves=31
num_cat=0
split_feature=10 10 7 10 16 9 16 0 16 0 1 0 1 0 0 16 1 0 1 5 16 16 0 1 7 16 5 0 7 10
split_gain=3.62758 3.26708 4.12301 5.48786 4.96467 3.76256 3.60123 3.55555 4.13714 3.67566 3.25557 5.71222 3.2552 3.80409 3.15557 3.02326 4.40264 3.49976 3.37983 2.9033 4.30563 4.15829 3.77592 4.05945 4.05587 3.91859 2.82097 2.92449 2.71246 3.74023
threshold=0.0023111235910171818 8.2689961142939996 10.459095259825459 8.1516019702766869 0.7198530316192141 8.9040206814469922 0.91801832754575818 136.50000000000003 0.83956342806292783 139.50000000000003 6223.5000000000009 84.500000000000014 806.50000000000011 116.50000000000001 140.50000000000003 0.76031047465747836 8762.0000000000018 144.50000000000003 1276.5000000000002 0.60355339059327384 0.68232971914818441 0.72544139781389305 64.500000000000014 6561.5000000000009 6.7050267249120559 0.80672270171823357 0.98296291314453421 27.500000000000004 2.6735537653587351 4.2609455309841389
decision_type=2 2 2 2 2 2 2 2 2 2 2 2 2 2 2 2 2 2 2 2 2 2 2 2 2 2 2 2 2 2
left_child=12 2 6 -4 -5 -6 -2 10 9 -9 -3 19 26 -14 -11 18 17 -17 -15 20 -12 -22 25 -24 -25 -23 -1 -28 -8 -30
right_child=1 7 3 4 5 -7 28 8 -10 14 11 -13 13 15 -16 16 -18 -19 -20 -21 21 22 23 24 -26 -27 27 -29 29 -31
leaf_value=0.0044994585490211554 -7.7325537282141733e-06 -0.0018511827166623582 0.014685749089482242 0.026959907711325354 -0.0061602476059600536 -0.078480529842832714 -0.00070997934467313076 -0.054892123603036427 -0.10301521939107579 0.066690217263609783 0.048862530330322014 0.033576249510118214 0.0010593420824876517 -0.051680212333890953 -0.012103159438195324 -0.030965212420189143 -0.13438286760382909 0.030922137911939009 0.029903901709993783 0.021821462269581749 -0.048324812458557825 0.020797434244755417 0.057483701483566033 0.034246690196478066 -0.041191047095826494 -0.024107794535330875 -0.040154971325757183 0.027469380650340765 0.019943165257159674 0.0046298822892609217
leaf_weight=621.54430709732696 91033.091186880833 2746.743119304534 108.98000716883689 11.860227169468997 62.873433538712561 1.8514296389184881 200.76426806673408 4.3568050917237988 1.5569453658536065 1.5185248199850301 3.554718889296054 17.529753840062767 882.54678449267522 1.6661288440227533 7.7855910542421043 16.80072597088293 0.92179039586335321 2.6439109547063699 5.3323455546051264 13.63884285232052 5.6782835554331532 18.862989740446213 1.4581450596451748 2.0883810222148886 12.134938477538524 6.5435032080858937 1.7292903475463415 21.180823991540819 45.436119598336518 325.79464752529748
leaf_count=14256 1608238 39093 2983 143 1738 34 4860 49 27 14 32 229 21007 19 115 360 18 48 59 187 47 222 21 20 154 124 33 514 2089 13151
internal_value=1.98452e-05 -1.9507e-05 3.22e-05 0.00747763 -0.00277948 -0.00822894 1.71178e-05 -0.00168868 -0.0257922 -0.0169911 -0.00155899 0.00828983 0.00241572 0.000490065 0.000756708 -0.0178697 -0.0276119 -0.0225503 0.0104811 0.00135947 -0.00418649 -0.00821876 -0.00267618 -0.0219693 -0.0301147 0.00923198 0.00513457 0.022365 0.00397205 0.00650412
internal_weight=96188.5 94634.1 91790.7 185.565 76.5851 64.7249 91605.1 2843.45 15.2179 13.6609 2828.23 81.4896 1554.37 909.912 9.30412 27.3649 20.3664 19.4446 6.99847 63.9598 50.321 46.7662 41.088 15.6815 14.2233 25.4065 644.454 22.9101 571.995 371.231
internal_count=1709884 1673570 1633236 4898 1915 1772 1628338 40334 205 178 40129 1036 36314 21511 129 504 426 408 78 807 620 588 541 195 174 346 14803 547 20100 15240
is_linear=0
shrinkage=0.05


Tree=234
num_leaves=31
num_cat=0
split_feature=10 1 10 8 8 7 4 8 7 8 7 8 7 8 16 17 7 7 7 17 5 16 16 17 7 8 1 1 5 5
split_gain=3.27874 2.94797 2.94521 3.8183 5.24161 7.46509 3.81557 4.6646 4.8126 5.29952 5.95026 7.69614 4.86522 4.48864 5.95381 5.88491 5.30341 6.11469 4.84124 4.13717 5.67252 4.83968 4.21459 4.05944 4.60781 3.7665 5.42748 4.00012 4.12325 3.95807
threshold=0.0023111235910171818 806.50000000000011 8.2689961142939996 7.3855410005958921 9.2213649572534653 11.226501042751813 2.5000000000000004 8.40368848434521 7.6836338306551282 6.1125747596674556 7.6561005920231207 4.9380581778699986 5.7477980882242035 2.602003343538398 0.60617271857397148 0.64679273484672806 5.6039604435878507 6.6701322053518775 6.6877316609066391 0.67961075853840736 -1.0000000180025095e-35 0.80125580970879529 0.73186383685835932 0.64980279191392787 7.1061961336042883 5.0005792898547883 569.50000000000011 3760.5000000000005 0.37940952255126054 -0.78656609248549292
decision_type=2 2 2 2 2 2 2 2 2 2 2 2 2 2 2 2 2 2 2 2 2 2 2 2 2 2 2 2 2 2
left_child=1 -1 3 -2 -5 -6 7 8 9 10 13 -12 -11 14 -4 -16 -15 -18 -19 20 21 22 -9 24 -20 26 -10 -27 -29 -28
right_child=2 -3 6 4 5 -7 -8 19 25 12 11 -13 -14 16 15 -17 17 18 23 -21 -22 -23 -24 -25 -26 27 29 28 -30 -31
leaf_value=0.004889167043220787 -5.7793498389214292e-06 0.00046617457314491301 0.071634142889828986 0.0037077951286465386 -0.016873481076188246 0.038325776805178381 -4.5155134856005408e-05 -0.065716565834648299 -0.026292908942358858 0.047023033305267942 0.021801098096943416 -0.10147487650063775 -0.030813511447123562 -0.024569085665449054 -0.060026863947054802 -0.013398894678290842 0.010625071269838252 -0.085376094642117206 -0.018400166690806727 -0.0017929370421664419 -0.0039867744953619574 -0.093275011554117507 0.011715724608631302 -0.0086610054070638421 0.026975842844462628 -0.00036394236315193628 -0.018545674230614803 0.005404204062464165 0.040957648436439009 0.0034059548760540896
leaf_weight=643.02998446370475 90634.740741010057 909.68219985021278 1.8874026909470547 1089.3056336552836 57.421875299420208 6.8563894680701187 1650.6865255800076 3.83904977142811 32.721549721900374 2.1353222546167663 1.9696405213326205 3.5443113381043077 33.561972875148058 23.789711547084153 7.5680175945162764 63.921416658908129 88.576012283097953 1.8919351557269681 8.0894435942173022 15.354198606684802 8.2834709733724576 5.3526402413845062 3.2407930120825768 124.44090155372396 18.142011784017086 607.14911738503724 28.727239691652358 26.68024970870465 11.744623905047773 72.005972963757813
leaf_count=14803 1606682 21511 13 25402 972 180 22820 20 451 35 26 39 436 288 43 789 1094 23 47 448 56 48 21 1857 107 9723 419 363 149 1019
internal_value=1.88851e-05 0.00229788 -1.85078e-05 3.06028e-05 0.00288908 -0.0109855 -0.0016028 -0.0037551 -0.00320381 -0.00782085 -0.00591704 -0.0574394 -0.0261575 -0.00507729 -0.0160208 -0.018335 -0.0020463 0.00017569 -0.00589103 -0.0214621 -0.0360405 -0.0573971 -0.030272 -0.00489296 0.0129825 -0.000954536 -0.00860113 0.000626188 0.0162712 -0.00285424
internal_weight=96186.3 1552.71 94633.6 91788.3 1153.58 64.2783 2845.3 1194.62 1158.55 379.518 343.821 5.51395 35.6973 338.307 73.3768 71.4894 264.93 241.14 152.564 36.0702 20.716 12.4325 7.07984 150.672 26.2315 779.029 133.455 645.574 38.4249 100.733
internal_count=1709884 36314 1673570 1633236 26554 1152 40334 17514 16921 4797 4326 65 471 4261 845 832 3416 3128 2034 593 145 89 41 2011 154 12124 1889 10235 512 1438
is_linear=0
shrinkage=0.05


Tree=235
num_leaves=31
num_cat=0
split_feature=10 0 17 17 5 17 17 8 10 1 8 6 17 6 17 17 17 0 0 6 1 10 6 10 6 1 1 1 5 17
split_gain=3.22357 5.08459 7.21338 5.0757 3.98903 5.3164 3.81297 3.4737 4.92752 7.84953 4.33758 6.39192 13.6702 5.43743 4.13282 4.45426 4.0014 4.33112 4.21914 4.00326 4.45091 4.1588 3.90418 3.72568 3.72017 6.20554 4.19417 4.30426 6.65748 3.69591
threshold=1.0000000180025095e-35 100.50000000000001 0.64947002063415427 0.65070748628260666 0.78656609248549325 0.64619791601474053 0.66293891151079853 1.4978661367769956 0.007475535878355929 584.50000000000011 2.8029010331479989 -0.37940952255126015 0.69057772757248759 -0.70710678118654757 0.65257852565643415 0.65280637376765771 0.6479041575402984 125.50000000000001 71.500000000000014 0.25881904510252057 2518.5000000000005 5.6443759820229102 0.98296291314453421 0.026146630606959865 0.78656609248549303 8762.0000000000018 2052.5000000000005 1894.5000000000002 0.12940952255126045 0.66573474303533098
decision_type=2 2 2 2 2 2 2 2 2 2 2 2 2 2 2 2 2 2 2 2 2 2 2 2 2 2 2 2 2 2
left_child=1 4 -3 -4 -1 -6 -5 16 9 10 13 -12 -13 14 -9 -16 17 18 24 -19 21 23 -11 -21 -2 26 27 -26 -29 -18
right_child=7 2 3 6 5 -7 -8 8 -10 22 11 12 -14 -15 15 -17 29 19 -20 20 -22 -23 -24 -25 25 -27 -28 28 -30 -31
leaf_value=0.0019970415076814023 -0.0019135729417059412 -0.043564345906332312 0.078361436043451763 -0.028037495544429254 0.053452263513438715 0.0083022703823557621 0.0027830220043553074 0.060799047359804952 0.00027279054431282769 -0.017067659471261265 0.019663738927814707 -0.19317608811962972 0.004823829149604779 0.034333240075538049 -0.1850290522968091 -0.017071342201419211 0.00033839274204242839 0.0018688402314502956 -0.0050758827649653856 0.0024533239635857896 0.051492295089177256 -0.017811846066984053 -0.099841750360733575 0.058055763651589744 0.0042685551550150245 0.046110051385095045 -0.0071740914581210459 0.063708725656244969 -0.016779427282529572 -0.00060503356296126663
leaf_weight=867.73355555837043 2397.3656426854432 13.401035025715826 1.8717844784259785 13.702755466103552 6.7468852922320357 193.81311766547151 37.492633442394435 1.6683731712400938 48163.008157544537 80.444559411844239 4.0089579813648015 1.4198208004236215 2.258262233575806 18.609820685582235 0.4150267206132402 8.0772214536555094 17561.317895637825 71.187250591814518 943.8215383766219 6.3748471699655109 9.7101289294660074 7.9607076421380034 1.4502430763095606 5.7123201042413712 254.91368696652353 8.36260913684964 84.541208066046238 7.3982847891747934 3.935919277369976 25390.235576569336
leaf_count=22851 14247 83 12 85 45 5115 1147 16 930220 2544 142 18 130 615 4 282 106489 400 5520 38 54 44 45 34 1578 48 486 47 23 617711
internal_value=-1.80845e-05 0.00263108 -0.0107868 -0.00250951 0.00346592 0.00982113 -0.00546628 -4.9717e-05 0.000247751 -0.00994198 0.00935718 -0.024008 -0.0716085 0.0182719 -0.0111455 -0.0252796 -0.00035691 -0.00191179 -0.00219055 0.0083066 0.0237071 0.0102494 -0.0185335 0.0287307 -0.00120262 0.00354307 0.0025283 0.00560908 0.0357584 -0.000219301
internal_weight=96169 1134.76 66.4682 53.0672 1068.29 200.56 51.1954 95034.2 48281.4 118.352 36.4575 7.68704 3.67808 28.7704 10.1606 8.49225 46752.8 3801.28 3700.34 100.945 29.758 20.0479 81.8948 12.0872 2756.52 359.152 350.789 266.248 11.3342 42951.6
internal_count=1710073 29338 1327 1244 28011 5160 1232 1680735 934016 3796 1207 290 148 917 302 286 746719 22519 21949 570 170 116 2589 72 16429 2182 2134 1648 70 724200
is_linear=0
shrinkage=0.05


Tree=236
num_leaves=31
num_cat=1
split_feature=10 16 16 5 16 17 17 17 8 7 9 10 2 8 8 6 17 6 7 8 10 7 7 7 7 7 7 7 7 10
split_gain=2.91561 6.79905 3.53359 3.69739 4.90788 3.53396 6.64272 3.29923 3.13524 5.00204 5.48736 4.38714 4.84918 4.29024 5.20319 5.805 9.95641 5.01372 4.12831 11.5887 10.8865 9.29222 8.40896 6.91517 7.19545 6.13949 9.55829 5.59538 5.49059 9.54769
threshold=1.0000000180025095e-35 0.83432843161832604 0.76654497051352888 -0.5 0.80439182228627082 0.6479041575402984 0.64644959165753857 0.64552233679973303 1.4978661367769956 1.0397207708399181 2.740319461670996 0.007475535878355929 0 2.8029010331479989 3.7012257604091228 -0.37940952255126015 0.78999681022789259 -0.70710678118654757 3.0201273556387074 1.0000000180025095e-35 0.053476163890834059 3.1132683346437333 3.1132683346437333 3.2769667020129059 3.4811217321331038 3.3497501700808394 3.1984648276080736 3.5972184255501678 2.524928003624769 1.8183832997795706
decision_type=2 2 2 2 2 2 2 2 2 2 2 2 1 2 2 2 2 2 2 2 2 2 2 2 2 2 2 2 2 2
left_child=1 2 5 4 -4 6 7 -1 18 10 -10 12 13 17 15 -15 -17 -11 19 28 21 -20 -22 -23 -25 26 -24 -26 -2 -30
right_child=8 -3 3 -5 -6 -7 -8 -9 9 11 -12 -13 -14 14 -16 16 -18 -19 20 -21 22 23 25 24 27 -27 -28 -29 29 -31
leaf_value=-0.02903677125772626 -0.00041827552058839289 0.011556862740030354 -0.013359180377354681 0.0013651688965164934 0.0023011157577963381 0.0061009236316219712 -0.036292163765251198 0.023193169301124757 0.029614333698050152 -0.011469038148944847 0.00072969349218219464 0.00024029759420437838 -0.014830641758657143 0.0069842747493441427 0.033874445848794864 -0.17948615850441677 0.01160800921567645 0.033401100757714623 -0.0018919579409664052 0.0052707029220200857 -0.004337163923203359 0.0153339162323494 -0.001602160217819731 -0.003129716350817427 0.019188588766482953 -0.0013535495642921364 0.0048898704896688577 0.0051255109780655676 0.0075989304518143362 0.00051469912766099535
leaf_weight=4.0140872001648011 25222.154471583897 175.32240879745223 122.28264539921656 377.11747070774436 84.673606319818646 342.78164449846372 14.436916172504423 12.252287492156027 30.35218567494303 9.6627532627899217 35.879324476001784 48091.025052944897 84.389546882361174 2.1562390485778451 2.4758692632894963 1.6796927936375134 1.1471483474597333 17.502277601975948 532.21252285735682 1014.6088491855189 2023.0118558029644 176.70181517070159 1190.5122041890863 222.96649438794702 87.619723859010264 11532.667770084227 1082.4958539227955 366.95382888638414 575.93288417346776 2730.4494913825765
leaf_count=21 362793 6754 2146 8191 2337 9744 79 66 627 291 862 928734 2635 85 100 18 74 590 9082 20998 29847 5890 20928 4702 2646 196369 19806 9187 18635 45836
internal_value=-1.71428e-05 0.00250442 0.000846975 -0.00158186 -0.00695196 0.0046453 -0.0116057 0.0103043 -4.72016e-05 0.000235434 0.0139668 0.00021657 -0.00937139 0.0063763 -0.0253705 -0.0548066 -0.101939 0.0174405 -0.000339013 1.9623e-05 -0.000954473 0.00329395 -0.0013266 0.00652489 0.0042275 -0.000885445 0.0014896 0.00783619 -0.00016713 0.00174869
internal_weight=96167.4 1132.88 957.559 584.074 206.956 373.485 30.7033 16.2664 95034.6 48276.3 66.2315 48210 119.014 34.624 7.45895 4.98308 2.82684 27.165 46758.3 29543.1 17215.1 1386.45 15828.7 854.242 677.54 13805.7 2273.01 454.574 28528.5 3306.38
internal_count=1710073 29338 22584 12674 4483 9910 166 87 1680735 934016 1489 932527 3793 1158 277 177 92 881 746719 448262 298457 31507 266950 22425 16535 237103 40734 11833 427264 64471
cat_boundaries=0 1
cat_threshold=4
is_linear=0
shrinkage=0.05


Tree=237
num_leaves=31
num_cat=0
split_feature=10 16 0 17 16 17 17 0 0 16 17 1 0 0 17 1 1 17 6 16 1 1 0 6 17 17 17 16 0 7
split_gain=2.63777 6.21091 5.1856 7.19034 3.78713 3.11565 5.73414 4.79613 2.63772 2.59593 10.7995 5.64735 2.51654 2.45079 2.43007 2.40998 3.94601 6.08056 2.59073 2.36091 2.26385 2.54022 2.22149 3.55723 2.5288 2.21831 2.13997 1.93026 2.86897 2.37431
threshold=1.0000000180025095e-35 0.83432843161832604 100.50000000000001 0.66293891151079853 0.74368454060988709 0.65732326985283174 0.64947002063415427 111.50000000000001 92.500000000000014 0.833417584468649 0.65257852565643415 569.50000000000011 17.500000000000004 34.500000000000007 0.64552233679973303 1619.5000000000002 1399.5000000000002 0.77234227789159371 0.78656609248549303 0.83266243676362361 598.50000000000011 605.50000000000011 44.500000000000007 -0.9159756150367534 0.65014413137671034 0.64644959165753857 0.79598199413425552 1.0000000180025095e-35 64.500000000000014 6.0946971662386806
decision_type=2 2 2 2 2 2 2 2 2 2 2 2 2 2 2 2 2 2 2 2 2 2 2 2 2 2 2 2 2 2
left_child=1 2 4 5 8 6 25 -8 14 12 -11 26 -6 -13 -1 16 -16 -18 22 -14 -3 -22 23 -17 -24 -4 -12 28 29 -2
right_child=27 20 3 -5 9 -7 7 -9 -10 10 11 13 19 -15 15 18 17 -19 -20 -21 21 -23 24 -25 -26 -27 -28 -29 -30 -31
leaf_value=-0.040883598262402149 0.052037639980162344 0.02210020434843539 -0.014228327060855495 0.0023794102898160021 0.050441192525531489 -0.069320992114339244 -0.036267062514868768 0.037474405654175612 0.041989211775362578 -0.17970923717055481 -0.207102792659971 -0.077355332190645248 5.9182212952586653e-05 0.043364521362738197 0.0068974880314356963 -0.023531870257733484 -0.058249585091119896 0.02205800445788279 -0.017095471990966889 0.042917239589442102 -0.090596904820835711 0.0085945679965847548 0.043935471375839218 0.04719281070433376 0.0066484285903328283 -0.061344614779197039 -0.034334926791319047 -4.7193852774632363e-05 -0.027763731403120974 -0.011546697188932602
leaf_weight=2.5750363469123831 5.8745664767920953 36.752293143654242 3.5385542660951677 31.096654884517193 2.5061106039211145 4.8719577342271796 3.9092201665043813 5.0578894689679146 5.6714619975537053 1.0335255861282338 0.38650360796600569 0.48807324795052442 719.80587191134691 3.0333501216955483 100.98163610044867 2.0753191225230685 5.9204675480723363 3.9161660615354776 4.9793726876378051 3.2277304939925662 0.6485205739736547 136.34708589361981 5.5394687950611141 12.406375238671897 25.383813098073006 8.4966344982385618 0.33422542689368129 95017.676517588785 2.2634931579232216 1.9573596483096478
leaf_count=13 71 1625 21 885 61 26 23 30 59 11 16 17 19206 123 1190 29 34 86 65 115 35 5094 29 134 332 49 30 1680596 39 29
internal_value=-1.6302e-05 0.00238414 0.000805545 -0.0138236 0.00173131 -0.033297 -0.0249404 0.00532674 0.0084661 0.000169763 -0.0347768 0.000533485 0.000423872 0.0266326 0.00730523 0.00807499 0.00395276 -0.0262775 0.0171417 0.000250507 0.0110811 0.00812501 0.0208963 0.0370575 0.0133279 -0.0474916 -0.126985 -4.4871e-05 0.0218173 0.0361466
internal_weight=96158.8 1130.98 957.235 56.9709 900.265 25.8743 21.0023 8.96711 169.449 730.815 5.27568 4.24215 725.54 3.52142 163.778 161.203 110.818 9.83663 50.3843 723.034 173.748 136.996 45.405 14.4817 30.9233 12.0352 0.720729 95027.8 10.0954 7.83193
internal_count=1710073 29338 22584 1034 21550 149 123 53 1971 19579 197 186 19382 140 1912 1899 1310 120 589 19321 6754 5129 524 163 361 70 46 1680735 139 100
is_linear=0
shrinkage=0.05


Tree=238
num_leaves=31
num_cat=0
split_feature=10 16 0 17 16 1 1 1 0 17 16 1 1 16 1 17 0 1 0 17 16 0 17 16 16 4 17 17 1 4
split_gain=2.3897 5.67071 4.66514 6.41165 3.4425 2.90108 4.10251 4.63828 3.81718 3.10734 2.8782 4.55748 5.40994 3.73681 4.08594 7.87044 2.95786 2.94607 3.33516 4.50838 5.88518 3.92117 6.15128 4.27339 3.69793 3.80735 3.56263 7.70762 2.94716 5.46132
threshold=1.0000000180025095e-35 0.83432843161832604 100.50000000000001 0.66293891151079853 0.76654497051352888 4028.5000000000005 2550.5000000000005 1603.5000000000002 107.50000000000001 0.64856198614102312 0.80066463566611257 942.50000000000011 918.50000000000011 0.833417584468649 605.50000000000011 0.79120384633656837 64.500000000000014 1287.5000000000002 65.500000000000014 0.65657385268711743 0.7962605684852414 57.500000000000007 0.78999681022789259 0.78586662756454284 0.79797155113418816 3.5000000000000004 0.66055304745908205 0.66232178865563784 2289.5000000000005 3.5000000000000004
decision_type=2 2 2 2 2 2 2 2 2 2 2 2 2 2 2 2 2 2 2 2 2 2 2 2 2 2 2 2 2 2
left_child=1 2 4 5 -1 6 7 8 -4 -10 17 12 13 -12 15 -15 -14 -6 19 20 28 26 23 -23 -20 -26 -21 -28 -19 -30
right_child=-2 -3 3 -5 10 -7 -8 -9 9 -11 11 -13 16 14 -16 -17 -18 18 24 21 -22 22 -24 -25 25 -27 27 -29 29 -31
leaf_value=0.005523866661201189 -4.2627301769860508e-05 0.010622933181542983 -0.081780545409323974 0.0022633440250242522 0.00086741252805794331 0.01198219947295133 -0.082386347811477856 0.014600904930258158 -0.062287365476752891 -0.0028664229942756397 -0.0025743557934062729 0.0075724342261886835 -0.041568634714532052 -0.29383116917444002 0.0049098358476332938 -0.02246888719464786 -0.15763266441831258 -0.0070418749522181898 0.0068210772797828905 0.033842939707607649 -0.08206207178483213 -0.031531092075516493 0.00054050002361148339 -0.11215545413409587 -0.099928570015651655 0.010541801939839021 -0.08804133423594622 -0.0019891615999015834 -0.01413473340328697 -0.095359087679396076
leaf_weight=349.9935030057095 95029.392933930038 172.24308307818137 4.2584624066948988 31.05777058750391 139.65720431413502 3.3627995103597632 4.2009465098381034 4.807662919163703 3.4844725951552373 5.9690712913870811 84.181244002189487 176.55907710408792 1.7376639987342053 0.46157588437199526 0.95057907653972495 0.63452060567215085 0.80242737010121334 14.557553291320806 38.724565112031996 6.1481633558869353 4.7286141738295546 3.8335202485322935 7.1562969107180834 2.8769880719482899 1.7106761839240783 1.4335728306323288 2.7394677102565756 51.923338300548494 5.7283271811902505 3.2400400191545486
leaf_count=9448 1680735 6754 24 885 2673 19 23 28 20 35 2471 4326 52 5 31 47 21 97 627 38 31 31 250 23 26 37 17 1240 38 21
internal_value=-1.54568e-05 0.00227119 0.000767895 -0.0130856 0.00164767 -0.0313616 -0.0377768 -0.0276577 -0.0424743 -0.0247683 -0.000819919 0.00292595 -0.00631589 -0.00419734 -0.0709517 -0.136742 -0.0782338 -0.00431386 -0.00931107 -0.0141507 -0.0311627 -0.00771415 -0.0317072 -0.0660971 0.0025869 -0.0495613 -0.00224299 -0.00630173 -0.0209322 -0.043479
internal_weight=96158.6 1129.16 956.92 57.1412 899.779 26.0834 22.7206 18.5197 13.712 9.45354 549.785 265.327 88.768 86.2279 2.04668 1.0961 2.54009 284.458 144.801 102.932 28.2545 74.6778 13.8668 6.71051 41.8688 3.14425 60.811 54.6628 23.5259 8.96837
internal_count=1710073 29338 22584 1034 21550 149 130 107 79 55 12102 6953 2627 2554 83 52 73 5149 2476 1786 187 1599 304 54 690 63 1295 1257 156 59
is_linear=0
shrinkage=0.05


Tree=239
num_leaves=31
num_cat=0
split_feature=5 16 9 9 17 5 0 8 0 8 17 0 6 9 16 0 17 17 4 17 4 17 9 17 5 0 0 1 1 16
split_gain=2.36063 6.53836 3.7222 5.12208 4.60131 3.77008 3.47319 3.15762 4.7772 3.84601 4.13915 3.61892 3.544 3.2505 4.24557 3.31369 3.11201 5.67291 4.35919 4.32807 2.92896 10.2249 9.01887 4.93118 5.54479 6.64022 5.70576 5.85714 5.37979 11.0212
threshold=0.60355339059327384 0.70725437830069748 7.5590076732522409 7.8516608750836818 0.65732326985283174 0.78656609248549325 56.500000000000007 4.6101453514146771 76.500000000000014 4.1190041246092024 0.66650849354048136 81.500000000000014 1.0000000180025095e-35 2.602003343538398 0.65926078882424599 43.500000000000007 0.65070748628260666 0.66790175964937204 3.5000000000000004 0.67961075853840736 3.5000000000000004 0.66677105297994299 6.8814065601670551 0.64619791601474053 0.37940952255126054 117.50000000000001 73.500000000000014 8052.5000000000009 397.50000000000006 0.81946921024635544
decision_type=2 2 2 2 2 2 2 2 2 2 2 2 2 2 2 2 2 2 2 2 2 2 2 2 2 2 2 2 2 2
left_child=20 7 -3 4 -4 6 -5 9 -9 -2 11 13 16 14 -11 -16 18 -18 -10 -19 -1 22 23 24 26 -26 27 -22 29 -25
right_child=1 2 3 5 -6 -7 -8 8 12 10 -12 -13 -14 -15 15 -17 17 19 -20 -21 21 -23 -24 28 25 -27 -28 -29 -30 -31
leaf_value=-0.00011214295244099974 -0.0034531361261222965 -0.0001745596407117074 -0.20894512366835882 0.011002423154166371 -0.053951048693516079 0.021245809181488533 -0.12482687811453429 -0.0020253616329774411 -0.038543473271764883 -0.0065589555998126856 -0.002547999588167408 0.0044263678853488286 -0.00052826215528048719 0.01231366570191735 -0.014258617866780638 -0.056652296081679779 0.047134404790878374 -0.069042077308849023 0.029311239705253685 0.015534757273990896 0.001006902177910626 -0.00036861584481213716 0.039913430460197463 0.0035565619008054565 -0.017296806680407974 0.053207022995965594 -0.0074816188881626543 0.030955215946580735 0.0015496328011254138 0.021203478620002773
leaf_weight=45221.311099634506 1643.5485738059506 22688.300859270385 0.5691696777939782 0.86518878629431117 3.0172291155904531 4.4672092073597014 1.0320097813382743 282.84721039701253 4.8793600946664792 9.0691235810518247 40.902585163712502 8.8971040695905668 35.704298574477434 3.8929475247859946 6.070617780089381 19.150707095861435 17.930497765541077 1.6333060711622263 4.5967940241098404 20.472271397709846 563.64757675677538 13992.766436757753 15.351882439106701 683.3093616142869 79.408157549798489 3.4862393140792838 226.56297931727022 16.813016951084137 10455.867303770036 101.63792502321303
leaf_count=822910 16250 414099 5 22 93 122 34 2931 25 46 632 44 365 21 29 98 92 11 23 346 3358 376965 123 3843 464 20 1325 93 64755 929
internal_value=-1.46422e-05 -0.000434896 -0.000187969 -0.0307615 -0.078549 -0.00383286 -0.062884 -0.00310437 0.0011013 -0.00399835 -0.0141831 -0.0242915 0.0114792 -0.030983 -0.0358985 -0.0464484 0.020138 0.0262365 -0.00562778 0.00928566 0.000131397 0.000552732 0.00161416 0.00156569 -0.00201713 -0.0143317 -0.000752232 0.00187435 0.00184934 0.00584155
internal_weight=96158 24797.8 22698.3 9.95081 3.5864 6.36441 1.8972 2099.6 368.064 1731.53 87.9831 47.0805 85.2165 38.1834 34.2904 25.2213 49.5122 40.0361 9.47615 22.1056 71360.2 26138.9 12146.1 12130.7 889.918 82.8944 807.024 580.461 11240.8 784.947
internal_count=1710073 435288 414375 276 98 178 56 20913 3793 17120 870 238 862 194 173 127 497 449 48 357 1274785 451875 74910 74787 5260 484 4776 3451 69527 4772
is_linear=0
shrinkage=0.05


Tree=240
num_leaves=31
num_cat=1
split_feature=3 10 8 7 9 17 0 9 7 8 0 9 5 5 7 8 17 0 7 10 5 7 8 4 6 7 4 10 2 0
split_gain=2.79792 4.37815 4.10185 6.80362 4.08362 3.74897 3.69517 6.09051 3.70637 3.84446 5.44548 4.26757 4.70541 4.44792 4.21527 4.16312 3.71082 3.54212 5.42511 4.08555 4.22894 5.19482 3.81246 3.87362 4.98361 3.5619 3.4958 7.59479 7.66353 4.4324
threshold=1.0000000180025095e-35 8.2020490081997703 7.3855410005958921 6.078787719222313 1.2424533248940002 0.65070748628260666 40.500000000000007 3.1132683346437333 6.5020398582280068 4.2121001622835372 53.500000000000007 0.89587973461402759 -0.25881904510252113 -0.5 6.2509395627126869 4.7833076179467886 0.68588771510975388 58.500000000000007 6.3843505169408665 8.2496718489733301 0.37940952255126054 4.6491756246494491 0.89587973461402759 3.5000000000000004 0.60355339059327384 5.1269313471631675 1.5000000000000002 8.0018238329025895 0 81.500000000000014
decision_type=2 2 2 2 2 2 2 2 2 2 2 2 2 2 2 2 2 2 2 2 2 2 2 2 2 2 2 2 1 2
left_child=1 2 -1 -4 5 -5 7 -3 9 17 -11 13 15 -12 -14 -13 -15 18 19 -8 -21 -22 -19 24 -24 -25 27 28 -2 -29
right_child=26 6 3 4 -6 -7 8 -9 -10 10 11 12 14 16 -16 -17 -18 22 -20 20 21 -23 23 25 -26 -27 -28 29 -30 -31
leaf_value=-0.0004633244902696068 0.0029761243454484573 -0.006348626105920234 -0.071266850586251471 -0.087376598079103751 0.01419511539265021 -0.0056508652659425446 -0.0077505255174158023 -0.033135359367613318 -0.00063996537914929664 -0.058173686921613059 -0.0019883032767671347 -0.091212995315623102 0.068060552103309704 -0.09778083218586163 -0.0057214841668136243 0.012148111046163711 -0.020360392392738222 -0.032581465939775144 -0.04622241205339353 0.030903106323212165 -0.062662259429056635 0.017285444507031258 -0.0076155881911701556 0.0031598487787182746 0.03342483517602203 -0.042374883201399927 -1.9483577911290244e-06 -0.001424347360266695 -0.00049049139569598815 -0.010491400640624289
leaf_weight=17760.542887468822 4413.3048637977336 103.54081760114059 2.5751333246007553 1.638684108853339 99.408151871524751 9.7669393653050047 23.765868415124714 26.690593060106039 538.62921329634264 8.7854398721829039 5.9808278819546086 1.7950029131025078 3.9693355672061426 3.3812134638428724 3.7786290198564529 2.1304298480972648 2.854288793168962 18.190708326175809 5.0272465702146283 23.215520851314068 3.0383273307234031 6.1339884260669351 30.820192815735936 6.8390345312654999 9.7331016790121776 11.544195141177623 69384.125249893637 1013.2461144225672 2494.7927485744003 155.46757992869243
leaf_count=269155 92467 1280 43 9 1918 171 255 372 7125 110 73 19 35 20 37 33 60 170 57 245 27 63 366 73 113 136 1270990 17368 45603 2543
internal_value=-1.99016e-05 -0.00056858 -0.000402803 0.00907685 0.0109439 -0.0173927 -0.00409672 -0.0118385 -0.00267591 -0.00908951 -0.0245145 -0.0121364 0.00948215 -0.0327941 0.0320776 -0.0351164 -0.0623418 -0.00544536 0.00353872 0.00799367 0.0195466 -0.00919721 -0.012572 -0.00639604 0.00223443 -0.0254348 0.000112654 0.00109715 0.00172779 -0.00263049
internal_weight=96174.7 18713.8 17873.9 113.389 110.814 11.4056 839.844 130.231 709.613 170.983 32.6752 23.8897 11.6734 12.2163 7.74796 3.92543 6.2355 138.308 61.181 56.1537 32.3878 9.17232 77.1272 58.9365 40.5533 18.3832 77460.9 8076.81 6908.1 1168.71
internal_count=1710936 281965 271296 2141 2098 180 10669 1652 9017 1892 387 277 124 153 72 52 80 1505 647 590 335 90 858 688 479 209 1428971 157981 138070 19911
cat_boundaries=0 1
cat_threshold=28
is_linear=0
shrinkage=0.05


Tree=241
num_leaves=31
num_cat=0
split_feature=1 3 10 10 1 16 9 9 17 0 16 16 17 16 1 17 17 4 17 17 0 1 10 0 0 17 16 16 10 7
split_gain=2.8502 3.24667 3.76743 4.03294 4.5168 4.3426 4.74453 6.08048 5.75572 3.97688 3.91768 4.55431 5.13265 9.83755 4.5537 3.99805 4.30012 3.92463 5.45491 8.37385 5.24392 4.63692 4.61604 4.79441 8.30208 6.4403 7.62998 6.08152 7.27861 5.71841
threshold=133.50000000000003 1.0000000180025095e-35 8.2020490081997703 0.0029853542071901994 3029.5000000000005 0.68232971914818441 3.6762205501217919 3.4811217321331038 0.67205958784229547 143.50000000000003 0.76610238362442118 0.77575088592607722 0.64721689366924384 0.76729533979433506 371.50000000000006 0.64856198614102312 0.64927455643692611 4.5000000000000009 0.65766009501192657 0.65947605478848759 23.500000000000004 1114.5000000000002 0.0045439603260511432 63.500000000000007 85.500000000000014 0.65186974613117965 0.81892817728629963 0.78530730608817823 6.5231672313721933 3.4175922930736511
decision_type=2 2 2 2 2 2 2 2 2 2 2 2 2 2 2 2 2 2 2 2 2 2 2 2 2 2 2 2 2 2
left_child=-1 2 3 9 5 6 7 -5 -8 -2 -7 12 13 -12 15 -14 -17 -13 20 -20 -19 -21 -22 -24 25 26 -25 -27 29 -29
right_child=1 -3 -4 4 -6 10 8 -9 -10 -11 11 17 14 -15 -16 16 -18 18 19 21 22 -23 23 24 -26 27 -28 28 -30 -31
leaf_value=0.0040888772273414975 -0.005153014010714079 0.00010471407893444043 -0.0039232977599223534 -0.0031675288557603751 0.0095761487350988217 0.00077361865626804599 -0.06005497928354319 0.05477576925131844 0.0020805726158177225 0.066196216507096575 -0.058927741853031262 -0.00077490703510843962 0.024070496413262393 -0.0086116170303955145 -0.0044474154477234891 -0.032150148212378778 0.0013204866579245556 -0.05903280764154803 -0.032602899080009649 0.0029686759501209138 -0.038162193457804736 -0.0080440825481974728 0.016781757669455197 -0.032196709013555723 0.018863528526635909 0.063604084733936181 0.011947086536700874 0.0007215097514167673 0.040799561687448638 -0.074288548100708507
leaf_weight=420.44009127654135 504.29785913974047 77430.84994085459 831.73666203860193 1193.1577152376994 113.88367973547429 6288.5111368284561 8.0409182608127576 4.5448823925107709 6.9469423172995439 1.9606022015213955 11.196023195981978 6788.0405310655478 18.879904482513666 73.40338821709156 1035.0476043361705 9.8155211657285673 429.18798623257317 2.8222697973251334 18.760758638381958 606.82459342177026 4.9847470074892035 113.45253040618263 137.17298340052366 32.289354145526886 48.771132804453373 4.7951492369174984 14.04715023934841 7.7012426331639308 6.9475566968321791 3.7918712124228477
leaf_count=6904 8317 1428383 10521 11906 1722 62785 42 44 128 26 59 111301 101 385 35570 53 16152 18 112 12504 30 2344 821 177 286 25 106 47 42 25
internal_value=-1.88718e-05 -3.69087e-05 -0.000635455 -0.000479095 -0.000348004 -0.000415002 -0.00329751 -0.00294765 -0.0312549 -0.0048767 -0.000191733 -0.000839756 -0.00328967 -0.0152705 -0.00261075 0.00154104 0.000572129 -0.000343657 0.00257679 0.000375067 0.00875611 0.00123403 0.00949053 0.0104202 0.00304638 -0.00804165 -0.0188143 0.013441 0.000397013 -0.0240262
internal_weight=96172.3 95751.9 18321 17489.3 16983 16869.1 1212.69 1197.7 14.9879 506.258 15656.4 9367.93 1577.53 84.5994 1492.93 457.883 439.004 7790.4 1002.36 739.038 263.323 720.277 260.501 255.516 118.343 69.5723 46.3365 23.2358 18.4407 11.4931
internal_count=1710936 1704032 275649 265128 256785 255063 12120 11950 170 8343 242943 180158 52320 444 51876 16306 16205 127838 16537 14960 1577 14848 1559 1529 708 422 283 139 114 72
is_linear=0
shrinkage=0.05


Tree=242
num_leaves=31
num_cat=0
split_feature=1 8 10 17 17 17 17 5 7 17 17 10 10 10 17 16 16 5 10 17 17 10 16 7 1 8 4 16 17 17
split_gain=2.5758 3.50064 4.014 6.46784 3.72693 2.96664 2.95317 2.83159 2.70272 4.4094 2.59628 3.34305 2.55176 3.59029 2.52559 2.47223 5.92355 3.22547 2.69056 2.40458 2.78375 2.3338 2.30547 2.27442 2.27431 2.03382 2.02125 1.95372 2.05519 3.90904
threshold=133.50000000000003 2.740319461670996 8.0228731804490003 0.71544264689159509 0.70361808073131904 0.65720204867814613 0.66055304745908205 0.25881904510252091 6.6701322053518775 0.79024133761996584 0.66706786795161321 7.7201148991340069 7.971502987642225 7.9281248631471941 0.81543555727542671 0.82001866795414602 0.81795106996748246 -0.25881904510252113 1.4162525511477868 0.71544264689159509 0.79589844428841128 1.2007562355602046 0.77851337532092224 3.1984648276080736 2729.5000000000005 4.0859410030639109 2.5000000000000004 0.83626041066535683 0.79564618609916493 0.79413576195892266
decision_type=2 2 2 2 2 2 2 2 2 2 2 2 2 2 2 2 2 2 2 2 2 2 2 2 2 2 2 2 2 2
left_child=1 2 12 -4 5 7 -7 25 9 -6 11 -8 13 15 -2 16 18 -18 21 -17 -21 23 -11 -1 -16 -3 -9 28 29 -24
right_child=14 4 3 -5 8 6 10 26 -10 22 -12 -13 -14 -15 24 19 17 -19 -20 20 -22 -23 27 -25 -26 -27 -28 -29 -30 -31
leaf_value=0.0057223456315442615 -5.5588376385856873e-05 0.015351928498130283 -0.087725924730908511 0.018819687336609967 -0.053697629531446758 0.076162812691425941 0.03740060617896529 0.0052782240814074595 0.018429089665224906 0.021007542226721906 0.054756104728782964 -0.02121721358423171 0.051648232443082968 -0.054856875493231344 0.0046496512083677296 0.0021074881986199883 -0.12347731159970915 -0.022787545986103663 -0.0018944573950002233 0.03112627091423378 0.00094533934350392508 0.059590551450228658 -0.025068397313646192 0.046495065991945132 -0.0031580939218116321 -0.024549151493565659 0.050475107662486376 0.022818416639087683 -0.00528287586079286 -0.16564684732577445
leaf_weight=63.005240864586085 95142.368101809639 6.4325892999768275 3.1567925810813895 2.5955236693844199 4.6112976372242001 3.974903196096423 5.7216716930270177 4.3495264723896963 13.019503368530421 7.7634255276061577 5.7188155464828005 4.2309644594788551 2.6172714866697779 2.7455406030639997 493.84441567515023 37.307268070057034 1.4173415526747706 1.812414583750068 191.14205621927977 21.807490878272802 11.760470828274263 2.2608776940032831 1.5111642666161063 3.6166997132822862 114.98615867295302 6.342519648373127 5.7356830984354019 1.9775399505160747 2.5178381539881229 0.73503747023642052
leaf_count=862 1643386 39 19 65 51 24 40 27 487 344 52 28 32 36 50498 312 27 37 2607 543 756 26 44 78 10148 38 35 139 136 20
internal_value=-1.79109e-05 0.00388968 0.00176689 -0.0396511 0.0137082 0.0234227 0.0376713 0.0111773 0.000858735 -0.0111079 0.0279084 0.0124816 0.00246867 0.00208659 -3.50465e-05 0.00255449 0.000322892 -0.0669741 0.00115878 0.0108434 0.0205524 0.00963119 0.00243187 0.00793577 0.00317505 -0.00445795 0.0309827 -0.0189594 -0.0363012 -0.0710707
internal_weight=96171.1 419.887 345.245 5.75232 74.6425 42.5067 19.6464 22.8603 32.1358 19.1163 15.6715 9.95264 339.493 336.875 95751.2 334.13 263.255 3.22976 260.025 70.8752 33.568 68.8828 14.505 66.6219 608.831 12.7751 10.0852 6.74158 4.76404 2.2462
internal_count=1710936 6904 5400 84 1504 283 144 139 1221 734 120 68 5316 5284 1704032 5248 3637 64 3573 1611 1299 966 683 940 60646 77 62 339 200 64
is_linear=0
shrinkage=0.05


Tree=243
num_leaves=31
num_cat=0
split_feature=6 0 10 10 17 3 17 7 10 1 10 10 7 17 7 17 17 16 4 1 16 7 10 10 7 7 8 0 0 17
split_gain=2.37255 2.89866 4.63149 11.0568 12.0884 8.49526 7.47608 5.87274 4.59984 4.61778 4.56508 4.54161 4.52756 4.46632 4.70477 4.28252 8.46657 4.01404 4.00958 3.28568 3.27297 4.29393 3.54958 6.9417 4.64563 3.55556 3.22793 3.49479 3.12146 3.70035
threshold=0.98296291314453421 76.500000000000014 8.1633780594801681 8.0848893759715015 0.6619687418888992 1.0000000180025095e-35 0.65482602348022312 5.9039975907279691 8.1516019702766869 3356.5000000000005 7.8593811758287044 0.005927438483865035 3.7012257604091228 0.64721689366924384 5.5626010191691115 0.66538579075336501 0.66055304745908205 0.79189660852109156 2.5000000000000004 591.50000000000011 0.82261271408649084 5.5626010191691115 7.8356244818714931 7.7474858953397971 2.6735537653587351 5.2907859277095151 4.6491756246494491 36.500000000000007 114.50000000000001 0.67961075853840736
decision_type=2 2 2 2 2 2 2 2 2 2 2 2 2 2 2 2 2 2 2 2 2 2 2 2 2 2 2 2 2 2
left_child=-1 2 3 7 5 -5 18 11 10 13 -3 15 -6 -10 -15 16 -2 -4 -7 20 21 22 23 25 -24 -13 -21 -28 -16 -30
right_child=1 8 17 4 12 6 -8 -9 9 -11 -12 19 -14 14 28 -17 -18 -19 -20 26 -22 -23 24 -25 -26 -27 27 -29 29 -31
leaf_value=-5.4207021119304816e-05 0.010630989841960889 0.0046883459331528501 0.0030666224798822396 0.012528742246991981 0.077869563294969843 -0.01347757300638569 -0.12707986145628125 0.0070819022031183721 -0.083973502008466538 0.033439637589607357 0.020496464131140736 -0.011002599413835978 -0.0090823455758232436 -0.073537081691338685 -0.014194285458807783 0.0005144688037431479 0.069775442191983117 0.021922966191228771 -0.07619516808857893 0.00012397551496956717 0.0042668236838620602 0.025986158009261809 -0.098994295698471346 0.066621136238954645 -0.022049149355199221 -0.081583113029031873 -0.077756951029464616 -0.012525180026682268 0.074359391950622841 -0.017608836563266634
leaf_weight=94058.560415272135 27.215821668505669 371.40111288754269 75.785658256150782 3.7058167457580575 1.5663414066657413 4.4894297271966916 4.3625414893031129 291.91988412081264 2.4095193222165099 4.9340377831831566 52.072922555729747 140.02291229786351 33.857545805629343 2.9210661272518363 22.840053959283981 45.48370898864232 7.7807934787124386 44.970749692525715 5.8940051645040512 872.10767771140672 47.516897415043786 7.628064753022044 2.5443353508599094 2.8715444854460648 8.5657031484879536 1.8073750254698087 2.3017641103360829 19.017826309427619 2.3634875938296309 2.0358114000409842
leaf_count=1671653 202 6771 972 20 30 29 26 6486 14 75 921 2244 807 28 383 1443 57 844 37 15836 1248 135 23 37 98 41 46 370 15 45
internal_value=-1.69898e-05 0.00164018 0.00066161 -8.2124e-05 -0.022331 -0.0551471 -0.0721548 0.000729555 0.00514584 -0.0116374 0.00663221 -0.000835499 -0.00523758 -0.0184662 -0.0132328 0.0106317 0.0237806 0.0100889 -0.0490783 -0.00167115 -0.00728364 -0.0106417 -0.0124349 -0.0103438 -0.0396705 -0.011902 -0.000345926 -0.0195679 -0.00676591 0.0318003
internal_weight=96171 2112.39 1651.42 1530.66 53.8757 18.4518 14.746 1476.78 460.978 37.504 423.474 1184.86 35.4239 32.5699 30.1604 80.4803 34.9966 120.756 10.3834 1104.38 210.957 163.44 155.812 144.702 11.11 141.83 893.427 21.3196 27.2394 4.3993
internal_count=1710936 39283 31031 29215 949 112 92 28266 8252 560 7692 21780 837 485 471 1702 259 1816 66 20078 3826 2578 2443 2322 121 2285 16252 416 443 60
is_linear=0
shrinkage=0.05


Tree=244
num_leaves=31
num_cat=0
split_feature=1 8 10 16 10 10 10 4 10 10 10 16 7 7 10 16 10 7 7 16 0 5 6 7 0 0 6 10 16 5
split_gain=2.33784 3.19269 3.60934 3.05201 2.79288 2.32698 3.18217 2.46898 3.72431 4.31 3.43145 3.83557 4.94248 3.33394 7.30172 4.77805 3.0749 3.59219 4.57573 3.9199 4.43132 3.59217 3.22346 2.84908 2.62567 4.06048 3.7888 4.05271 3.44425 3.25845
threshold=133.50000000000003 2.740319461670996 8.0228731804490003 0.55753674434769007 4.3286071130852664 7.971502987642225 7.9281248631471941 2.5000000000000004 7.5694909328447757 7.8356244818714931 0.0064211745527299165 0.8389280719161325 3.4811217321331038 3.1132683346437333 4.383856482162348 0.77179456931727786 7.3517661809714019 2.6735537653587351 2.3502401828962087 0.7994787922351313 44.500000000000007 0.60355339059327384 -0.37940952255126015 3.2769667020129059 90.500000000000014 51.500000000000007 -0.9159756150367534 7.0995843545904505 0.78865576902894141 0.25881904510252091
decision_type=2 2 2 2 2 2 2 2 2 2 2 2 2 2 2 2 2 2 2 2 2 2 2 2 2 2 2 2 2 2
left_child=1 2 5 -3 -5 6 7 8 -1 -10 -9 12 13 16 -15 -16 17 18 24 20 -20 -18 -21 -17 25 26 -12 28 -28 -26
right_child=-2 3 -4 4 -6 -7 -8 10 9 -11 11 -13 -14 14 15 23 21 -19 19 22 -22 -23 -24 -25 29 -27 27 -29 -30 -31
leaf_value=0.00019311660559995862 -3.2418970942338594e-05 0.091045640856486615 -0.037523584814324128 0.05442874194900027 0.0095538519638800074 0.049534839981288714 -0.05111234511423092 0.024744116601945393 -0.050453851820016785 0.020904479941233567 0.031580068897159634 0.02871715450175566 0.017810318014872123 0.043601327528878908 -0.021333109787988067 -0.15406478232666621 0.053804107804644334 0.024390031489753574 -0.10044168177097874 -0.11963019610467403 -0.0076185099648328498 -0.012308028210728784 -0.03116965924362837 -0.060587779569164141 -0.076219483891035611 0.017198618566676784 -0.03600745323492794 -0.10108611295963353 0.020992368300588676 0.011117503443803132
leaf_weight=165.27177260164171 95751.798908514669 1.2354855444282282 5.7711998913437119 3.6497295615263274 69.347181875258684 2.5932501959614447 2.7978461924940339 23.175129436422139 7.5699637085199338 2.9370739459991455 3.4511198159307268 13.971700308145953 32.228785813786089 2.4039370259270054 4.2474290276877582 1.4480530088767409 5.0286799650639278 9.0270650861784798 1.4450649651698793 1.9850223017856476 11.663290927652268 3.4740959089249372 2.1401000656187525 1.8650063062086701 2.4251379212364546 22.45690969680436 7.9461025102063996 1.6285610771737982 3.9765580603852868 1.9083316414617
leaf_count=2630 1704032 13 84 101 1390 32 36 378 125 39 37 367 543 53 65 19 52 133 21 27 145 43 26 38 31 281 99 14 58 24
internal_value=-1.611e-05 0.00371026 0.0016854 0.0131165 0.0117975 0.00235278 0.00198914 0.00243439 -0.00164194 -0.0305068 0.00697239 0.00391524 0.00104545 -0.00505835 -0.0323036 -0.0564383 -0.00160243 -0.0050488 -0.00940343 -0.0312285 -0.0178513 0.0267918 -0.0737372 -0.101444 -0.000814722 0.00324253 -0.0151908 -0.0271021 -0.0169963 -0.0377589
internal_weight=96170.9 419.07 344.837 74.2324 72.9969 339.066 336.473 333.675 175.779 10.507 157.896 134.721 120.749 88.5205 9.96443 7.56049 78.556 70.0533 61.0262 17.2335 13.1084 8.50278 4.12512 3.31306 43.7927 39.4593 17.0023 13.5512 11.9227 4.33347
internal_count=1710936 6904 5400 1504 1491 5316 5284 5248 2794 164 2454 2076 1709 1166 175 122 991 896 763 219 166 95 53 57 544 489 208 171 157 55
is_linear=0
shrinkage=0.05


Tree=245
num_leaves=31
num_cat=0
split_feature=0 1 9 6 17 17 4 10 6 0 0 10 10 0 10 7 0 0 0 4 0 0 5 1 4 17 9 6 0 17
split_gain=2.99382 2.98177 2.98386 6.30918 3.34494 5.45253 5.03429 4.3544 3.88076 3.63341 3.71341 3.47916 4.77778 3.4728 3.66017 4.86289 3.2421 2.91417 2.82031 2.72563 3.21993 2.71275 2.6763 2.42758 3.0273 3.19998 3.94638 3.56116 3.49281 3.07085
threshold=94.500000000000014 18447.000000000004 3.9415346756528771 0.37940952255126048 0.64947002063415427 0.65766009501192657 1.5000000000000002 7.1824962034447797 -0.37940952255126015 77.500000000000014 58.500000000000007 7.8823718724382426 8.1887372139233978 56.500000000000007 8.1633780594801681 7.4919242581119381 36.500000000000007 54.500000000000007 69.500000000000014 3.5000000000000004 50.500000000000007 43.500000000000007 -0.60355339059327362 430.50000000000006 4.5000000000000009 0.76318956511694935 5.07203900872703 -0.98296291314453399 41.500000000000007 0.6619687418888992
decision_type=2 2 2 2 2 2 2 2 2 2 2 2 2 2 2 2 2 2 2 2 2 2 2 2 2 2 2 2 2 2
left_child=1 23 4 -4 6 7 -3 9 19 10 16 -9 -13 17 -15 -16 -6 -7 21 20 -8 -10 -23 24 -1 26 27 28 -26 -29
right_child=-2 2 3 -5 5 13 8 11 18 -11 -12 12 -14 14 15 -17 -18 -19 -20 -21 -22 22 -24 -25 25 -27 -28 29 -30 -31
leaf_value=0.00059921756898463304 -0.00082148229071769678 -0.043824402055413082 -0.0078927323569543319 -0.12578670349719367 -0.068776979570285848 -0.0066633406985133897 0.016931265150756214 0.021226921874073823 0.011661000377922694 0.0015526353718782111 -0.062184554536396666 -0.052460726699552311 0.022503394732455689 0.0049203654213619066 -0.11693825246932832 -0.0067572104388508624 -0.01522042884954105 -0.037763732443910375 0.0020916823328173432 0.013309695710729433 -0.041326773202665049 0.089629432945631193 0.035356033837928715 7.0818493538524582e-05 0.052443657714832559 -8.6768298680922612e-05 -0.050689670440221539 0.0022381828958811909 0.013505704484777567 0.0096541181854145498
leaf_weight=9542.6865816842765 8712.7941963404883 4.2894568890333167 4.120170976035296 1.566212488338351 3.4470668435096803 109.43023739871569 3.6967204138636607 9.3162750154733676 5.284754533320668 7.291605442762374 10.238053917884825 5.3243370428681356 3.5377848371863365 118.97367625683546 1.4289035461843003 3.3474597549065948 15.67881705611944 8.0890011480078083 7.0837856233119956 14.230321317911146 6.6175450459122658 3.6962005496025085 5.8926708400249463 76500.075334591093 7.0402795337140551 398.20456276950426 3.0971558280289164 382.82312663458288 31.652835179120302 219.70931302942336
leaf_count=166662 141069 23 84 25 20 2122 22 51 31 41 60 30 20 2252 27 50 91 176 39 78 37 21 34 1379424 47 13175 27 2267 210 1681
internal_value=6.23664e-05 0.000150438 -0.00443837 -0.0403645 -0.00384946 -0.00588294 0.00800527 -0.0201152 0.0127862 -0.0300376 -0.037882 -0.000107302 -0.0225348 -0.00264833 0.00319742 -0.0397191 -0.024873 -0.00880402 0.0280576 -0.000875565 -0.0204466 0.0404243 0.0562767 0.000169017 0.000878701 0.00343693 0.00561465 0.0058866 0.0205905 0.00494235
internal_weight=96150.7 87437.9 352.581 5.68638 346.895 296.103 50.7915 54.8339 46.502 36.6555 29.3639 18.1784 8.86212 241.269 123.75 4.77636 19.1259 117.519 21.9574 24.5446 10.3143 14.8736 9.58887 87085.3 10585.2 1042.53 644.323 641.226 38.6931 602.532
internal_count=1709896 1568827 5334 109 5225 4940 285 313 262 212 171 101 50 4627 2329 77 111 2298 125 137 59 86 55 1563493 184069 17407 4232 4205 257 3948
is_linear=0
shrinkage=0.05


Tree=246
num_leaves=31
num_cat=1
split_feature=0 16 16 1 6 16 0 0 2 6 16 6 16 8 5 8 0 0 17 8 0 17 0 1 6 4 11 16 8 8
split_gain=2.7015 3.05969 6.28401 3.74423 3.69297 4.01446 5.72698 4.44813 3.3257 3.92777 3.31648 6.00591 4.49466 5.486 4.07489 4.20805 7.61813 7.01694 6.13451 4.16748 3.91825 5.13423 3.22661 3.15319 4.661 3.14383 6.88404 3.83325 2.99244 6.97614
threshold=94.500000000000014 0.75247689758786251 0.75068315415772469 133.50000000000003 0.78656609248549303 0.75147171950631086 107.50000000000001 119.50000000000001 0 0.98296291314453421 0.668051765487923 0.60355339059327384 0.68232971914818441 7.5286005116747496 -0.37940952255126059 3.7256208424938388 106.50000000000001 114.50000000000001 0.64980279191392787 2.3502401828962087 107.50000000000001 0.65014413137671034 116.50000000000001 1950.5000000000002 -0.5 1.5000000000000002 1.0000000180025095e-35 0.55753674434769007 7.4977615469851502 7.9844626742186673
decision_type=2 2 2 2 2 2 2 2 1 2 2 2 2 2 2 2 2 2 2 2 2 2 2 2 2 2 2 2 2 2
left_child=-1 2 3 -2 -4 7 -7 -6 9 -5 11 25 13 14 20 17 -17 18 -16 -20 21 -12 -11 -19 -25 26 27 -10 -14 -30
right_child=1 -3 4 8 5 6 -8 -9 10 22 12 -13 28 -15 15 16 -18 23 19 -21 -22 -23 -24 24 -26 -27 -28 -29 29 -31
leaf_value=0.00014293955768808714 -0.029685873454304942 -0.0013442984204736525 0.017274835097344062 -0.0048710191424610437 -0.064961394686857105 0.054282563351008964 -0.046064360812561912 0.027533575968043074 -0.047379313809450513 0.051054271373699313 0.069961293584935996 0.02289302025424891 0.0013712032217382455 0.060678889081641367 0.063398779795539623 -0.026077585278409185 0.049467890874239973 -0.057233096155786305 0.004596034949513805 -0.062311459529495919 -0.045948768784215159 -0.020719955692660341 -0.013931074138939264 -0.051502939285782007 0.036745100270380818 0.0054454512535598654 -0.054204657686893989 0.012732620704552841 -0.036721285544286858 0.009013827437566943
leaf_weight=87433.820363161853 10.40389318205416 6396.1594711337239 81.942501963116229 352.39191184286028 4.6751572545617801 3.8541601225733757 2.2530498169362545 1.8003628626465795 3.1834796480834546 5.7199181709438545 1.7834888696670557 46.510194454342127 1505.4329178375192 2.5780889950692645 3.7728986740112331 5.622720578685402 8.2095168810337764 9.3518654033541662 12.686505395919083 2.8502467460930339 15.066953391768036 12.507973862811921 2.8677462618798018 3.2476021330803633 2.7746171262115231 160.67521769180894 7.3687745146453372 15.887732775881885 16.615427503362298 16.736525846645236
leaf_count=1568827 92 118504 888 3411 49 37 24 21 46 48 10 477 14387 31 21 55 75 79 134 33 154 132 28 27 25 1704 76 148 165 188
internal_value=5.9265e-05 -0.000780212 0.000775779 0.00023919 0.0134021 -0.0118183 0.0172629 -0.0392454 0.000379822 -0.00394747 0.0012375 0.00681325 0.000440671 -0.0110801 -0.0134558 -0.00455853 0.0187591 -0.0138578 0.00620942 -0.00767827 -0.0281588 -0.00940348 0.0293532 -0.0390621 -0.0108444 0.00281639 -0.0131604 0.00269838 0.00104301 -0.0137707
internal_weight=96148.8 8714.93 2318.77 2224.25 94.5252 12.5827 6.10721 6.47552 2213.84 360.98 1852.86 233.625 1619.24 80.4525 77.8744 48.516 13.8322 34.6837 19.3097 15.5368 29.3584 14.2915 8.58766 15.3741 6.02222 187.115 26.44 19.0712 1538.78 33.352
internal_count=1709896 141069 22565 21546 1019 131 61 70 21454 3487 17967 2451 15516 776 745 449 130 319 188 167 296 142 76 131 52 1974 270 194 14740 353
cat_boundaries=0 1
cat_threshold=8
is_linear=0
shrinkage=0.05


Tree=247
num_leaves=31
num_cat=0
split_feature=0 7 16 1 10 0 16 0 16 16 5 7 4 1 7 16 0 10 16 3 10 7 0 16 0 0 1 4 0 1
split_gain=2.45973 4.48716 4.14616 3.81273 5.10551 4.72144 4.0659 5.55134 6.31597 4.25644 4.8666 4.15418 4.00434 4.6887 3.93665 3.66746 4.24668 6.34565 6.57456 5.4876 4.38065 4.13914 4.2145 4.021 4.11153 3.62337 4.01399 4.85446 3.59877 3.62828
threshold=65.500000000000014 8.9997427593548593 1.0000000180025095e-35 870.50000000000011 5.2813479287744949 64.500000000000014 0.84507417055615919 25.500000000000004 0.63151168872206365 0.82557117265305535 0.25881904510252091 4.9015572891946713 1.5000000000000002 846.50000000000011 8.8792635320585376 0.84758461834173138 38.500000000000007 5.090154282221655 0.91123607964539388 1.0000000180025095e-35 5.1690478044336983 4.3107766033702406 21.500000000000004 0.85440826606604225 31.500000000000004 61.500000000000007 438.50000000000006 2.5000000000000004 31.500000000000004 256.50000000000006
decision_type=2 2 2 2 2 2 2 2 2 2 2 2 2 2 2 2 2 2 2 2 2 2 2 2 2 2 2 2 2 2
left_child=1 2 -1 4 5 6 7 8 -4 10 -9 15 13 -11 -6 25 19 -18 -19 -17 -20 -21 -23 24 -24 -8 -27 -28 29 -14
right_child=-2 -3 3 -5 14 -7 11 9 -10 12 -12 -13 28 -15 -16 16 17 18 20 21 -22 22 23 -25 -26 26 27 -29 -30 -31
leaf_value=0.03776707251437237 -0.00028409040535850937 0.0027531810362722313 -0.039131692940393849 -0.00014268209025861337 0.00017813281794094786 0.010204906091448203 0.017382043909233872 -3.1834834933936741e-05 0.008219190554942836 -0.0088967980912424676 0.0028835753506425837 0.017847252969151441 -0.025287374990000229 -0.065693742539283811 -0.011166938067873044 -0.011503516273971698 0.0059505500956173758 -0.011137433080792543 -0.013423829511886183 0.005227879286618109 -0.15327548166670527 -0.15192999979176394 -0.19078148977181841 -0.0020699897636194658 -0.029846277182922806 0.053466392200173733 -0.12924165136263335 0.0025357319577655542 -0.0022851710757060364 0.016678204078388943
leaf_weight=7.332839021459221 34195.875507021556 1732.2063214832451 7.1916384333744636 37455.373984372243 14528.728383549489 159.26093157683499 66.574672932736576 3436.5276392670348 339.47912622871809 140.65555248688906 2453.284478692105 54.455210275016725 5.8307365095242849 3.7300029408652327 76.867721335962415 103.63143366831355 643.28482307703234 24.885650296229873 0.91936638974584584 150.48416288848966 1.4322665561921892 0.65637475997209449 0.62260295031592061 6.4282232839614153 1.0945722931064663 0.99298277497291509 1.4021894885227086 1.3933387822471557 502.40214616619051 44.152523177908733
leaf_count=92 580677 35256 82 675135 258484 3098 1447 60131 6125 3685 41275 2601 126 99 1591 2245 18536 750 41 4924 49 25 28 348 43 24 30 34 11906 1009
internal_value=5.63048e-05 0.000244196 0.000172025 0.000167447 0.000677896 0.00168043 0.00151055 0.00106993 0.0072369 0.000745344 0.00118252 0.00439728 -0.00295012 -0.0103641 0.000118425 0.00366763 0.00283786 0.00494967 -0.0186889 -0.00254792 -0.0986007 0.00327859 -0.0300484 -0.0202269 -0.0881972 0.0146754 -0.0328881 -0.0635616 -0.00101222 0.0117828
internal_weight=96147.2 61951.3 60219.1 60211.7 22756.4 8150.77 7991.51 6933.25 346.671 6586.58 5889.81 1058.26 696.771 144.386 14605.6 1003.8 933.439 670.522 27.2373 262.917 2.35163 159.286 8.80177 8.1454 1.71718 70.3632 3.78851 2.79553 552.385 49.9833
internal_count=1709896 1129219 1093963 1093871 418736 158661 155563 124438 6207 118231 101406 31125 16825 3784 260075 28524 26989 19376 840 7613 90 5368 444 419 71 1535 88 64 13041 1135
is_linear=0
shrinkage=0.05


Tree=248
num_leaves=31
num_cat=0
split_feature=0 16 1 1 9 5 5 10 0 16 7 10 1 6 16 9 6 10 7 9 0 6 7 10 10 7 1 10 16 7
split_gain=2.33456 2.78258 6.01679 4.84616 5.18241 3.90802 3.30616 3.69093 3.47285 3.22039 5.54918 5.94082 5.00287 5.66099 4.6643 3.13275 3.05859 3.59445 5.74767 3.5458 3.04734 3.03419 3.33498 3.29896 3.03551 2.99713 2.97479 2.96948 3.10513 2.94186
threshold=94.500000000000014 0.8055710687594505 6958.5000000000009 4488.5000000000009 6.7232267787470219 -0.98296291314453399 0.78656609248549325 0.014662886873677681 145.50000000000003 0.83751361435807059 7.4184808527387913 8.0018238329025895 8762.0000000000018 -1.0000000180025095e-35 0.86411256026364247 5.1328485759866682 0.60355339059327384 8.1762674831843487 8.736087725213725 4.5695295849856103 106.50000000000001 -0.70710678118654757 2.8029010331479989 5.3181005180602154 0.58835231277292122 6.4027456973310013 18447.000000000004 1.4162525511477868 0.8166034492718256 9.629872736755642
decision_type=2 2 2 2 2 2 2 2 2 2 2 2 2 2 2 2 2 2 2 2 2 2 2 2 2 2 2 2 2 2
left_child=-1 3 -3 4 5 -2 8 -8 9 10 11 21 20 -14 -15 16 19 18 -18 -5 -11 24 23 27 -4 -19 -26 28 -23 -17
right_child=1 2 6 15 -6 -7 7 -9 -10 12 -12 -13 13 14 -16 29 17 25 -20 -21 -22 22 -24 -25 26 -27 -28 -29 -30 -31
leaf_value=0.00013134517478026147 0.0054396122654319472 -0.0015443624463432537 0.010314361315131672 0.002014572640651371 0.040762345943808051 -0.0010337460678380137 -0.079944287183986495 0.0088776447629491991 -0.056279826199063666 -0.0059138563813612415 -0.069089163070192 0.044908641433435759 0.0039221493725866627 -0.083316054933783412 0.0022769155187399993 -0.054335425582320844 0.0099361409251415619 0.089628195009695655 -0.052390037530585271 0.057798339915455743 0.046299257386312659 -0.070354656129275911 0.0016451921288811206 0.0075628060423314769 -0.05091143493268812 0.023685279660531161 0.012492278180718068 -0.086225808944506682 0.011970868558909251 0.031687937533771915
leaf_weight=87425.524669596925 244.6803817495238 2629.1200925286394 3.0695932423695913 609.03294713096693 7.5368864992633453 4948.1620265839156 1.2364242756739283 21.638721617870033 5.3334888918325296 4.7901834812946635 5.5383213935419908 3.6660220809280863 11.645297690294685 4.503120985813438 2.4618039252236485 4.204030862543731 139.54561107279733 2.340299732051788 3.7997794072143725 2.8620343813672653 6.7074964521452785 2.0498559009283834 19.430762273259461 3.5855524241924286 15.822289216332139 6.533594461157918 2.0949232960119835 3.3288279762491584 2.5958451768383384 1.3015716378577051
leaf_count=1568827 3611 52275 54 8408 169 72288 22 365 75 113 98 40 261 90 49 63 1992 19 60 52 141 23 330 42 222 72 33 37 35 30
internal_value=5.35386e-05 -0.000726663 -0.0020431 -0.000120569 -0.000668597 -0.000728729 -0.0130159 0.00407673 -0.0170626 -0.0147713 -0.0213591 -0.0166085 -0.00138431 -0.0174045 -0.0530626 0.0035825 0.00385328 0.0101957 0.00828401 0.00227549 0.0245461 -0.0209473 -0.0110061 -0.0322711 -0.0356273 0.0410763 -0.0434981 -0.0501814 -0.0243542 -0.0339988
internal_weight=96144.1 8718.62 2748.62 5970 5200.38 5192.84 119.499 22.8751 96.6234 91.2899 61.182 55.6437 30.1079 18.6102 6.96492 769.62 764.114 152.219 143.345 611.895 11.4977 51.9776 30.9908 11.5601 20.9868 8.87389 17.9172 7.97453 4.6457 5.5056
internal_count=1709896 141069 54305 86764 76068 75899 2030 387 1643 1568 914 816 654 400 139 10696 10603 2143 2052 8460 254 776 467 137 309 91 255 95 58 93
is_linear=0
shrinkage=0.05


Tree=249
num_leaves=31
num_cat=0
split_feature=0 8 6 9 10 16 10 16 5 9 1 0 1 1 10 1 0 16 16 1 0 10 8 9 1 5 0 10 8 16
split_gain=2.12424 4.02324 3.61919 3.05701 3.06653 3.05203 4.76039 6.22165 7.06992 4.11134 4.01976 3.9133 3.65986 3.63355 4.22602 3.42125 5.5764 3.51216 3.36814 3.83604 3.31606 3.15155 3.32277 8.69355 5.02332 5.1863 6.37243 4.73701 6.16122 12.196
threshold=65.500000000000014 9.2213649572534653 -0.37940952255126015 3.0677824455408698 3.2845912666110331 0.72544139781389305 8.3676890553033072 0.64766222937444862 0.60355339059327384 2.4414009612931857 2009.5000000000002 52.500000000000007 1522.5000000000002 3614.5000000000005 0.017757639903529885 3845.5000000000005 40.500000000000007 0.69285618832547369 0.69285618832547369 5253.5000000000009 42.500000000000007 6.9955568845824283 3.795426061844291 2.1383330595080281 1298.5000000000002 0.78656609248549325 48.500000000000007 8.3107877663986738 3.3842466058243152 0.82610307988643317
decision_type=2 2 2 2 2 2 2 2 2 2 2 2 2 2 2 2 2 2 2 2 2 2 2 2 2 2 2 2 2 2
left_child=2 -2 -1 5 -5 6 13 9 10 -8 -9 -10 21 -4 18 16 17 -16 19 -15 -20 -7 23 27 25 -25 -27 -23 -29 -30
right_child=1 -3 3 4 -6 12 7 8 11 -11 -12 -13 -14 14 15 -17 -18 -19 20 -21 -22 22 -24 24 -26 26 -28 28 29 -31
leaf_value=-0.00015113690752928212 -0.00024675563990819808 -0.016036147007670736 -0.0011626654683040657 0.033413550964933751 0.0026103298004639505 0.0016986922285454028 0.059191805200261294 -0.048301656198137678 0.045110693988646533 -0.022221944601890208 0.0017687421365709601 -0.025889910991565845 -7.2052277640901515e-05 -0.038264161587875739 0.022747019146603695 0.00099339201152564443 0.028057159961784213 -0.056500239585219728 0.070745757362647502 0.024758555853034811 0.021137943849729595 -0.00021206983966242743 0.0017767321908646481 -0.0036528842269189761 -0.059869300425568851 -0.075355962026087575 -0.0061338141612572485 -0.027146199929488551 0.045093557701924913 -0.072893257847091289
leaf_weight=31422.334363005124 34160.221332737245 40.392277949023992 3335.9253503037617 8.1220274255610985 1549.7987175895832 10012.695645884378 3.9259745050221673 21.30286214873195 4.5700337607413521 2.5630741305649281 4.9375376142561427 3.3731247168034315 9624.8860929498915 3.724620623514058 2.2829554229974738 299.96143655013293 26.19298485852778 3.6073055993765593 5.392458075657486 6.8643987253308296 8.9761468144133669 3374.0051831561141 2119.4019146349747 31.100955066736788 7.1929496726952484 6.6909895744174701 6.6084077386185527 34.038443102966994 8.6185385813005251 2.9365000370889893
leaf_count=562149 579999 678 32712 238 32136 210500 30 151 39 19 39 24 179582 47 22 2902 261 38 47 76 95 61615 44881 633 114 128 126 448 111 56
internal_value=5.08892e-05 -0.000265404 0.000225527 0.000613331 0.00277092 0.000497269 -0.000836961 -0.0178492 -0.0263695 0.0270346 -0.0388801 0.0149597 0.000694726 -0.000649594 0.00414468 0.00265325 0.018172 -0.0257855 0.0239872 0.00259071 0.0397555 0.00116771 0.000216734 -0.000735752 -0.0211071 -0.0148276 -0.0409598 -0.000428398 -0.0164371 0.0151094
internal_weight=96142.6 34200.6 61942 30519.7 1557.92 28961.8 3733.6 40.6726 34.1836 6.48905 26.2404 7.94316 25228.2 3692.93 357.002 332.045 32.0832 5.89026 24.9576 10.589 14.3686 15603.3 5590.59 3471.19 51.5933 44.4004 13.2994 3419.6 45.5935 11.555
internal_count=1709896 580677 1129219 567070 32374 534696 36502 302 253 49 190 63 498194 36200 3488 3223 321 60 265 123 142 318612 108112 63231 1001 887 254 62230 615 167
is_linear=0
shrinkage=0.05


Tree=250
num_leaves=31
num_cat=0
split_feature=17 4 9 0 10 7 8 17 7 8 0 0 0 6 0 17 17 4 10 0 6 3 9 10 7 10 6 8 7 7
split_gain=3.02791 8.5158 8.21934 6.11681 6.19122 9.72575 5.76967 5.4087 6.03371 6.29332 6.78902 5.03046 4.97333 4.82821 4.80887 4.43139 4.43391 4.3788 4.9799 4.28267 5.09717 4.5727 4.22655 4.08137 9.45219 5.18053 7.46759 4.92228 4.74125 8.93268
threshold=0.78191805040034468 3.5000000000000004 6.3673288170409661 49.500000000000007 8.1284998982695829 9.8259840948066035 9.2213649572534653 0.73118974531857261 10.274602580264551 0.89587973461402759 133.50000000000003 130.50000000000003 132.50000000000003 0.98296291314453421 79.500000000000014 0.79645264936613469 0.79510192056106599 1.5000000000000002 8.1062906233978556 134.50000000000003 -0.5 1.0000000180025095e-35 8.3981807508739994 8.3676890553033072 10.459095259825459 8.4037503961772533 0.78656609248549303 3.7256208424938388 7.7700121000813418 7.0634760624301212
decision_type=2 2 2 2 2 2 2 2 2 2 2 2 2 2 2 2 2 2 2 2 2 2 2 2 2 2 2 2 2 2
left_child=1 6 11 4 5 -4 7 12 9 -9 -11 23 22 -13 -10 16 17 -2 -19 20 21 -14 -1 -3 25 26 28 -27 29 -25
right_child=15 2 3 -5 -6 -7 -8 8 14 10 -12 13 19 -15 -16 -17 -18 18 -20 -21 -22 -23 -24 24 -26 27 -28 -29 -30 -31
leaf_value=-0.00062626393808637459 0.0027192946491846233 0.00042037242378468732 0.0092765595441377229 0.033574185063415925 0.036789186577454107 -0.10287270125763658 -0.020721853073124352 -0.0003442038510715507 0.040003260341911782 -0.0049441359670052126 -0.04258271199512946 0.0051008687076403263 0.04529697208483853 0.042310232524525149 -0.029081952107717662 -0.00038397853847118831 0.0016651050310651607 0.00017813556754244471 -0.0035450494036062697 0.0029875792302203269 0.032329156673944821 -0.012753775897506901 -0.054763383340740816 -0.013376988761019979 -0.036970526628618626 -0.024617426458717194 -0.050874167436458929 0.0091661896263004923 -0.015985368050385421 0.044608306972658635
leaf_weight=34331.3886758429 1538.80957891047 20422.780967367347 5.0448484458029252 32.080334462225437 5.031664364039897 3.1341771557927132 36.129410937428474 1168.3080327538773 13.522002656012775 1471.3317612335086 12.07901770994067 408.27523689344525 4.3052432537078866 8.9083130136132223 3.0955557972192755 15146.016182483174 8022.0931264106184 11901.845905542839 971.41711333207786 383.93309383094311 28.542026588693261 15.997906632721424 3.6056310273706904 16.35032653063536 22.853872656822205 12.324990656226872 10.745144434273241 86.114636193960905 46.657557990401983 11.185592658817766
leaf_count=236910 34355 139042 43 295 46 33 239 11135 147 15338 122 2650 28 59 33 840171 162743 244363 18912 2464 185 104 31 102 165 72 68 557 306 67
internal_value=-7.34647e-05 -0.000298239 0.000505416 0.0217827 -0.00685139 -0.0336987 -0.000750581 -0.000731307 -0.00290071 -0.00308892 -0.00525062 0.000459628 -0.000564811 0.00589542 0.0271339 0.000276816 0.000722939 0.000198507 -0.000102816 0.00476168 0.0187065 -0.000444228 -0.000631949 0.000349699 -0.00664893 -0.00287004 -0.0119173 0.00493636 -0.0062753 0.0101777
internal_weight=96143.9 58563.7 21091.5 45.291 13.2107 8.17903 37472.2 37436.1 2668.34 2651.72 1483.41 21046.2 34767.8 417.184 16.6176 37580.2 22434.2 14412.1 12873.3 432.778 48.8452 20.3031 34335 20629 206.232 183.378 84.9386 98.4396 74.1935 27.5359
internal_count=1710785 410241 143505 417 122 76 266736 266497 26775 26595 15460 143088 239722 2709 180 1300544 460373 297630 263275 2781 317 132 236941 140379 1337 1172 543 629 475 169
is_linear=0
shrinkage=0.05


Tree=251
num_leaves=31
num_cat=1
split_feature=0 5 2 1 10 6 1 16 16 0 16 16 4 5 10 4 8 16 10 10 10 16 16 1 1 16 10 5 5 0
split_gain=2.12444 5.71801 4.43729 4.06565 4.96152 3.98531 3.60225 3.32225 3.63842 3.06734 2.78326 2.69046 2.69903 2.58316 3.24239 2.52677 5.62227 2.47432 2.44606 4.26448 5.23406 4.17966 3.07212 4.08883 2.74858 2.44277 3.1201 4.96367 3.96466 3.84573
threshold=132.50000000000003 0.12940952255126045 0 8052.5000000000009 0.0069378392448368369 0.78656609248549303 4239.5000000000009 0.80611008359770719 0.81198915421310569 134.50000000000003 0.88697388101925345 0.82091366429956703 2.5000000000000004 0.25881904510252091 7.8593811758287044 3.5000000000000004 4.166635176627655 0.68232971914818441 6.2223166653399291 7.2470747936897988 7.6256066418514106 0.76031047465747836 0.79025479400323906 1857.5000000000002 2768.5000000000005 0.77309011265980565 3.4437536634733976 -0.98296291314453399 -0.25881904510252113 138.50000000000003
decision_type=2 2 1 2 2 2 2 2 2 2 2 2 2 2 2 2 2 2 2 2 2 2 2 2 2 2 2 2 2 2
left_child=-1 2 -2 9 -5 25 18 -6 -9 10 13 -10 -13 -3 17 16 -16 -15 -7 24 -21 -22 23 -23 -20 26 27 -4 -28 -29
right_child=1 3 5 4 7 6 -8 8 11 -11 -12 12 -14 14 15 -17 -18 -19 19 20 21 22 -24 -25 -26 -27 28 29 -30 -31
leaf_value=-9.7694120116896915e-05 0.01308615431999147 0.051229732546767583 0.026829257157511006 -0.090715985271411698 0.026349584848689517 -0.00075394125854057051 0.033907365646912026 -0.10432655611784572 0.046415493787609036 -0.0040567829861908556 -0.06418427608306404 0.027797780746974483 -0.05857493473984398 -0.037540295673891819 -0.079498953182384535 -0.065412287571983432 0.055652594219808019 0.013284027578108433 0.050147364617888372 -0.036448031030561399 0.052847550506480184 0.011078278999900408 0.028039482500971526 -0.087816512972799257 -0.0062872040855129659 0.0042460084444448393 -0.0032177479175282946 0.0025343232243072115 0.015331139733994345 -0.026710146937874907
leaf_weight=94804.437307623914 125.31159994821064 3.4660962438210836 7.1022615395486346 1.0765583049505938 26.539458044804633 37.923496452858672 16.439779070205986 0.93577998876571555 2.1486718282103539 500.56712217675522 1.3158432627096761 1.5161509653553369 2.2418804503977299 2.5186711866408578 1.2913004364818328 2.5898806033656001 1.9042917853221295 48.655424156691879 11.08412235137075 5.9186480683274594 5.6491589881479731 2.3602537163533253 4.0895017557777464 1.8758650054223833 2.6790069118142119 303.42283809557557 129.83000094210729 16.25002661999315 37.022678005043417 36.474558193003759
leaf_count=1691234 1927 52 96 14 324 601 220 17 26 7063 32 24 48 26 15 41 32 780 167 94 50 49 84 31 34 4625 1826 269 510 474
internal_value=-6.97494e-05 0.00190703 0.00483313 -0.00173821 0.0149332 0.00290135 0.012801 0.0183403 -0.0127245 -0.00275984 0.00775509 0.00178768 -0.0237285 0.00932166 0.00677147 -0.0287078 0.00103948 0.0107826 0.00795345 0.0177648 0.00296099 0.0196516 -0.00287268 -0.0327149 0.0391623 0.00131232 -0.00261457 -0.012411 0.000898036 -0.0176968
internal_weight=96144.6 1340.2 743.434 596.767 34.4585 618.122 88.0198 33.3819 6.84248 562.309 61.7415 5.9067 3.75803 60.4257 56.9596 5.78547 3.19559 51.1741 71.5801 33.6566 19.8934 13.9748 8.32562 4.23612 13.7631 530.102 226.68 59.8268 166.853 52.7246
internal_count=1710785 19551 11057 8494 453 9130 1330 439 115 8041 978 98 72 946 894 88 47 806 1110 509 308 214 164 80 201 7800 3175 839 2336 743
cat_boundaries=0 1
cat_threshold=16
is_linear=0
shrinkage=0.05


Tree=252
num_leaves=31
num_cat=0
split_feature=17 4 9 8 17 17 8 7 5 4 9 6 5 17 17 7 7 4 10 10 3 10 3 8 8 10 7 5 9 10
split_gain=2.73278 7.67514 7.52642 5.20301 5.1285 5.06981 5.03213 4.93151 4.5513 4.48389 6.80586 4.15962 4.0078 3.99866 4.00352 4.09224 4.13622 5.72681 5.16161 4.26093 4.17317 3.91714 3.73913 6.87529 4.37136 4.02274 5.16577 3.91927 4.55043 4.16167
threshold=0.78191805040034468 3.5000000000000004 6.3673288170409661 8.8000242701465474 0.64592994198069786 0.73118974531857261 0.89587973461402759 9.9430677726003402 0.60355339059327384 1.5000000000000002 2.1383330595080281 -0.78656609248549325 -1.0000000180025095e-35 0.79645264936613469 0.79510192056106599 2.3502401828962087 2.524928003624769 1.5000000000000002 1.0261490310845864 0.0023111235910171818 1.0000000180025095e-35 8.1062906233978556 1.0000000180025095e-35 7.1842499338898849 7.0557440637200814 8.074580684388863 7.3182078735972 0.37940952255126054 2.6735537653587351 7.583626581819936
decision_type=2 2 2 2 2 2 2 2 2 2 2 2 2 2 2 2 2 2 2 2 2 2 2 2 2 2 2 2 2 2
left_child=1 3 -3 5 -5 22 -7 12 9 10 -6 -12 -8 14 15 -2 18 19 -17 20 -18 -19 23 24 -1 26 -26 28 -25 -29
right_child=13 2 -4 4 8 6 7 -9 -10 -11 11 -13 -14 -15 -16 16 17 21 -20 -21 -22 -23 -24 27 25 -27 -28 29 -30 -31
leaf_value=-0.0016217741787236777 0.001942984731698098 0.00043979072203336383 0.020961383704572793 -0.078054747036304162 -0.096116838736509752 -0.0003234643351434574 -0.0076516883201474418 0.017627573712955893 -0.031070583688829412 0.0063365027438680921 -0.035880951731740669 0.041606723506955844 -0.0024415001768663285 -0.00036091992929369057 0.0015863209412007124 -0.0074615466218057721 -0.12574797334995388 5.1727351220074232e-05 -0.00048702697890663847 0.0037902284262177422 0.0030639439805657787 -0.0033108957636240827 -0.00025116037462813971 0.00063838333542566702 -6.9470415943967621e-05 -0.0031999555657759174 -0.079062148559188042 -0.058531839280529567 0.029439756629979403 0.0036103127308306769
leaf_weight=7365.3164760088548 2710.3042442630976 21044.445381292608 44.774342117831111 3.0409143418073645 2.9132993221282941 1168.386016510427 744.14167891815305 24.330896355211735 20.451306261122227 33.524027969688177 4.4454460367560387 2.8373337388038635 732.33776856958866 15149.825173592195 8015.4680147685576 422.30470321793109 1.2580698784440756 8568.7423881026916 713.41250190325081 1030.3048440190032 1.2570248590782276 963.44784730300307 27269.733344601467 20.952900126576424 3.2653874941170233 9.3526666238903982 5.652085967361927 2.9807625636458424 39.695602644234896 28.028226651251316
leaf_count=45532 52570 143088 417 18 16 11135 7754 269 139 248 29 22 7595 840171 162743 6361 34 184752 10611 24498 42 18762 193279 134 20 57 36 21 257 175
internal_value=-6.61744e-05 -0.000279686 0.00048336 -0.00070902 -0.014608 -0.000684052 -0.00278398 -0.00469949 -0.0116014 -0.0024942 -0.031529 -0.00569215 -0.00506742 0.000266628 0.000690558 0.000192331 -0.000213183 9.50406e-05 -0.00308043 0.00363156 -0.0613688 -0.000288143 -0.00052273 -0.00151342 -0.00168237 -0.0261093 -0.0501367 0.0120964 0.0194894 -0.00236315
internal_weight=96146.9 58570.6 21089.2 37481.4 67.2123 37414.2 2669.2 1500.81 64.1714 43.7201 10.1961 7.28278 1476.48 37576.3 22426.5 14411 11700.7 10565 1135.72 1032.82 2.51509 9532.19 34745 7475.24 7383.59 18.2701 8.91747 91.6575 60.6485 31.009
internal_count=1710785 410241 143505 266736 472 266264 26753 15618 454 315 67 51 15349 1300544 460373 297630 245060 228088 16972 24574 76 203514 239511 46232 45645 113 56 587 391 196
is_linear=0
shrinkage=0.05


Tree=253
num_leaves=31
num_cat=0
split_feature=17 4 16 16 16 4 16 4 16 5 8 16 10 0 17 10 10 0 0 16 16 10 0 17 3 10 8 10 10 10
split_gain=2.46639 6.92575 7.80183 5.96507 10.9893 9.66255 7.92452 9.80365 18.6095 7.74183 6.73591 6.10253 6.25437 6.58306 6.97125 5.90245 5.74216 5.70133 6.87178 5.45891 10.8047 7.48864 6.88042 5.62844 5.33349 6.18924 8.76035 6.66916 5.40332 5.10053
threshold=0.78191805040034468 3.5000000000000004 0.87226800063066301 0.83543132370545947 0.83389629751712524 1.5000000000000002 0.84033146576543671 1.5000000000000002 0.85907782785924558 -0.98296291314453399 0.89587973461402759 0.96660353535353549 7.4708008782255702 66.500000000000014 0.65947605478848759 0.0029853542071901994 8.3373012069060888 79.500000000000014 92.500000000000014 0.84386114761678221 0.84662504275929484 8.044228864102438 52.500000000000007 0.65850104367233386 1.0000000180025095e-35 7.7337066005866335 1.0000000180025095e-35 0.011468778866561308 7.8946129313377549 7.7337066005866335
decision_type=2 2 2 2 2 2 2 2 2 2 2 2 2 2 2 2 2 2 2 2 2 2 2 2 2 2 2 2 2 2
left_child=1 3 -3 4 -1 10 15 8 17 -9 -6 -10 -13 -14 -15 -5 -7 19 -19 24 23 -22 -23 -21 -8 26 27 -26 -27 -25
right_child=-2 2 -4 6 5 16 7 9 11 -11 -12 12 13 14 -16 -17 -18 18 -20 20 21 22 -24 29 25 28 -28 -29 -30 -31
leaf_value=-0.00052354568327928617 0.00025336862579449697 0.0003255789149839787 0.0073783821975767902 0.021371209351186637 -0.053568391245664197 0.0097842654837242259 0.019270071556110189 -0.010225354306048859 -0.00043664943746762273 0.00016930182807755044 0.030764449794147053 -0.005022161504983383 -0.018811145075681011 -0.12145886576958814 -0.027523660986923684 -0.0084181107655916087 -0.041231783614060713 0.021830383566894401 -0.020861273469428641 -0.098813227775480128 -0.02747192894738025 0.039042910286853777 -0.02237795218978416 -0.060052494917873359 0.018615988199214891 -0.1056955301646952 0.014739249066194901 -0.050447834455020546 -0.02953301985163222 0.022462720647781598
leaf_weight=31797.741605537012 37570.421511481516 20686.912258743308 399.69077206216753 17.107115542516112 10.284554939717053 394.94259128347039 12.627489667385815 188.75512042455375 645.93579511903226 3512.0567421428859 3.0759563371539107 52.580962991341949 19.307099957019094 3.8264332190155974 4.0823318175971508 594.24913414008915 5.5938401594758025 18.137028792873025 19.625233247876167 6.9950817897915867 95.738532077521086 8.8712721765041369 9.3812300562858564 8.0888352915644628 4.7464882452040937 2.8557595834136 22.089673981070518 13.262631893157957 12.618247628211973 2.4370177388191214
leaf_count=208270 1300544 138071 5434 195 67 3477 84 2065 6191 38104 28 513 226 35 49 5550 46 143 151 43 786 76 77 71 39 23 213 94 100 20
internal_value=-6.28356e-05 -0.000265656 0.000459263 -0.000673426 -0.000418181 0.00767651 -0.00223196 -0.00153035 -0.00602372 -0.000360864 -0.0341527 -0.00204817 -0.015093 -0.0345498 -0.0729716 -0.00758454 0.00907178 -0.0181732 -0.00035668 -0.021542 -0.0274949 -0.0218762 0.00747446 -0.0640502 -0.0100628 -0.016728 -0.00636242 -0.0322454 -0.043589 -0.040948
internal_weight=96144 58573.6 21086.6 37487 32211.6 413.897 5275.38 4664.02 963.207 3700.81 13.3605 725.733 79.7968 27.2159 7.90877 611.356 400.536 237.475 37.7623 199.712 131.512 113.991 18.2525 17.5209 68.2003 55.5728 40.0988 18.0091 15.474 10.5259
internal_count=1710785 410241 143505 266736 211888 3618 54848 49103 8934 40169 95 7014 823 310 84 5745 3523 1920 294 1626 1073 939 153 134 553 469 346 133 123 91
is_linear=0
shrinkage=0.05


Tree=254
num_leaves=31
num_cat=0
split_feature=17 4 16 9 16 16 4 7 16 4 16 9 9 5 1 17 7 1 7 10 16 10 7 17 5 17 1 17 17 17
split_gain=2.22494 6.24796 7.08287 6.0789 5.36806 9.96271 8.70831 8.98252 7.10971 8.80181 16.664 7.03152 7.06543 6.83218 7.33509 5.81653 5.64549 7.25555 7.08268 5.34597 5.27996 5.42074 7.85994 5.43787 7.9051 5.10855 4.69748 4.47756 4.35177 5.75798
threshold=0.78191805040034468 3.5000000000000004 0.87226800063066301 6.3673288170409661 0.83543132370545947 0.83389629751712524 1.5000000000000002 4.6491756246494491 0.84033146576543671 1.5000000000000002 0.85794940443780132 5.0072908000208587 5.07203900872703 -0.98296291314453399 220.50000000000003 0.66055304745908205 6.9570214070142606 2428.5000000000005 7.1312986703816295 0.0029853542071901994 0.96660353535353549 7.4708008782255702 8.6284660937658852 0.6619687418888992 0.25881904510252091 0.67205958784229547 982.50000000000011 0.64552233679973303 0.65186974613117965 0.65482602348022312
decision_type=2 2 2 2 2 2 2 2 2 2 2 2 2 2 2 2 2 2 2 2 2 2 2 2 2 2 2 2 2 2
left_child=1 4 3 -3 5 -1 7 -7 19 10 27 13 -13 14 15 -11 25 18 -18 -6 26 -22 23 24 -23 -8 28 -10 -12 -30
right_child=-2 2 -4 -5 8 6 16 -9 9 11 20 12 -14 -15 -16 -17 17 -19 -20 -21 21 22 -24 -25 -26 -27 -28 -29 29 -31
leaf_value=-0.000497312957777942 0.00024073302727910912 0.00027022233787714209 0.0070460522381190485 0.01909906338419165 0.020550539342748086 -0.054419260202196507 0.013395815257814695 0.043345203845744452 -0.067838909341884121 -0.12105539743315506 -0.0044392103031432005 -0.1061460034324464 -0.017473189006514202 0.00034982489496379957 -0.0078192977139186891 -0.011347021751168659 -0.094398554393194833 0.027952700808694754 -0.01215069946839897 -0.0079614887022623811 -0.004758522943726631 -0.09823133282454137 0.019586386476469594 -0.019178229905790541 -0.011381339765728306 -0.0032191188094863989 -0.0060230544528769728 -0.016679547541098447 0.02676549128054638 0.0037667567582036474
leaf_weight=31801.195126355626 37565.427831439069 20642.482924351469 397.66820907779038 42.955679342150688 16.905992357060313 10.380723999813197 297.71172891557217 3.0368414670228949 4.3621405586600295 2.5998196043074122 141.57145144790411 2.4611349366605308 25.753830056637526 3484.9208933059126 183.64178560860455 2.2570172175765038 2.8474071845412245 10.857242241501806 32.419383868575096 596.84637489169836 52.715859662741423 7.7770773768425041 5.8320317491888991 10.296650160104035 3.9511536359786987 54.775738475844264 250.80729906447232 218.93147435411811 30.713257174938917 238.90729957073927
leaf_count=208270 1300544 137680 5434 391 195 70 2470 25 30 21 1192 29 347 37746 1999 27 28 91 310 5550 513 70 74 128 38 624 2410 1768 272 2439
internal_value=-5.96268e-05 -0.000252246 0.00043639 0.000309323 -0.000639465 -0.000397225 0.00732779 -0.0322919 -0.00211702 -0.00145177 -0.00570239 -0.000342663 -0.0252079 -0.000151676 -0.00942332 -0.0700729 0.00866142 -0.00778813 -0.0187913 -0.00717612 -0.002101 -0.0141861 -0.0320267 -0.0456935 -0.0689722 0.0108139 -0.000630107 -0.017679 0.00265933 0.00638661
internal_weight=96143 58577.6 21083.1 20685.4 37494.5 32213.2 412.029 13.4176 5281.25 4667.5 965.866 3701.63 28.215 3673.42 188.499 4.85684 398.612 46.124 35.2668 613.752 742.572 80.5728 27.8569 22.0249 11.7282 352.487 661.999 223.294 411.192 269.621
internal_count=1710785 410241 143505 138071 266736 211888 3618 95 54848 49103 8934 40169 376 39793 2047 48 3523 429 338 5745 7136 823 310 236 108 3094 6313 1798 3903 2711
is_linear=0
shrinkage=0.05


end of trees

feature_importances:
asker_reputation_log=1515
tag_target_score=1037
asker_account_age_days_log=1021
recent_platform_answer_rate=787
body_length=772
asker_upvote_count_log=732
title_length=529
num_tags=293
asker_downvote_count_log=256
has_code_block=206
post_hour_cos=204
post_hour_sin=140
body_length_bucket=84
is_new_asker=59
asker_upvote_count_missing=9
asker_reputation_missing=6

parameters:
[boosting: gbdt]
[objective: binary]
[metric: auc]
[tree_learner: serial]
[device_type: cpu]
[data_sample_strategy: bagging]
[data: ]
[valid: ]
[num_iterations: 500]
[learning_rate: 0.05]
[num_leaves: 31]
[num_threads: 0]
[seed: 0]
[deterministic: 0]
[force_col_wise: 0]
[force_row_wise: 0]
[histogram_pool_size: -1]
[max_depth: -1]
[min_data_in_leaf: 20]
[min_sum_hessian_in_leaf: 0.001]
[bagging_fraction: 0.8]
[pos_bagging_fraction: 1]
[neg_bagging_fraction: 1]
[bagging_freq: 5]
[bagging_seed: 3]
[bagging_by_query: 0]
[feature_fraction: 0.8]
[feature_fraction_bynode: 1]
[feature_fraction_seed: 2]
[extra_trees: 0]
[extra_seed: 6]
[early_stopping_round: 0]
[early_stopping_min_delta: 0]
[first_metric_only: 0]
[max_delta_step: 0]
[lambda_l1: 0]
[lambda_l2: 0]
[linear_lambda: 0]
[min_gain_to_split: 0]
[drop_rate: 0.1]
[max_drop: 50]
[skip_drop: 0.5]
[xgboost_dart_mode: 0]
[uniform_drop: 0]
[drop_seed: 4]
[top_rate: 0.2]
[other_rate: 0.1]
[min_data_per_group: 100]
[max_cat_threshold: 32]
[cat_l2: 10]
[cat_smooth: 10]
[max_cat_to_onehot: 4]
[top_k: 20]
[monotone_constraints: ]
[monotone_constraints_method: basic]
[monotone_penalty: 0]
[feature_contri: ]
[forcedsplits_filename: ]
[refit_decay_rate: 0.9]
[cegb_tradeoff: 1]
[cegb_penalty_split: 0]
[cegb_penalty_feature_lazy: ]
[cegb_penalty_feature_coupled: ]
[path_smooth: 0]
[interaction_constraints: ]
[verbosity: -1]
[saved_feature_importance_type: 0]
[use_quantized_grad: 0]
[num_grad_quant_bins: 4]
[quant_train_renew_leaf: 0]
[stochastic_rounding: 1]
[linear_tree: 0]
[max_bin: 255]
[max_bin_by_feature: ]
[min_data_in_bin: 3]
[bin_construct_sample_cnt: 200000]
[data_random_seed: 1]
[is_enable_sparse: 1]
[enable_bundle: 1]
[use_missing: 1]
[zero_as_missing: 0]
[feature_pre_filter: 1]
[pre_partition: 0]
[two_round: 0]
[header: 0]
[label_column: ]
[weight_column: ]
[group_column: ]
[ignore_column: ]
[categorical_feature: 2]
[forcedbins_filename: ]
[precise_float_parser: 0]
[parser_config_file: ]
[objective_seed: 5]
[num_class: 1]
[is_unbalance: 0]
[scale_pos_weight: 1]
[sigmoid: 1]
[boost_from_average: 1]
[reg_sqrt: 0]
[alpha: 0.9]
[fair_c: 1]
[poisson_max_delta_step: 0.7]
[tweedie_variance_power: 1.5]
[lambdarank_truncation_level: 30]
[lambdarank_norm: 1]
[label_gain: ]
[lambdarank_position_bias_regularization: 0]
[eval_at: ]
[multi_error_top_k: 1]
[auc_mu_weights: ]
[num_machines: 1]
[local_listen_port: 12400]
[time_out: 120]
[machine_list_filename: ]
[machines: ]
[gpu_platform_id: -1]
[gpu_device_id: -1]
[gpu_use_dp: 0]
[num_gpu: 1]

end of parameters

pandas_categorical:[["(1441.0, 2415.0]", "(2415.0, 115918.0]", "(36.999, 570.0]", "(570.0, 937.0]", "(937.0, 1441.0]"]]
