tree
version=v4
num_class=1
num_tree_per_iteration=1
label_index=0
max_feature_idx=18
objective=quantile
feature_names=title_length body_length body_length_bucket has_code_block num_tags post_hour_sin post_hour_cos asker_reputation_log asker_upvote_count_log asker_downvote_count_log asker_account_age_days_log is_new_asker asker_reputation_missing asker_upvote_count_missing asker_downvote_count_missing asker_account_age_days_missing tag_target_score recent_platform_answer_rate recent_platform_median_speed
feature_infos=[15:150] [37:43327] -1:3:4:0:2:1 [0:1] [1:5] [-1:1] [-1:1] [0:13.805322838936762] [0:10.538926167950644] [0:10.921305462207695] [0:8.4998009253947764] [0:1] [0:1] [0:1] [0:1] [0:1] [0:1] [0.64520548883667084:0.82565789473684215] [0.8833333333333333:2.1666666666666665]
tree_sizes=3394 3583 3590 3569 3589 3577 3577 3590 3600 3574 3589 3599 3602 3598 3616 3605 3617 3618 3606 3591 3604 3586 3592 3598 3600 3593 3581 3598 3603 3609 3595 3609 3615 3615 3593 3602 3623 3616 3586 3625 3605 3640 3632 3577 3593 3589 3605 3609 3604 3619 3574 3588 3629 3583 3588 3603 3571 3604 3593 3609 3595 3609 3600 3580 3621 3595 3587 3611 3587 3602 3624 3555 3571 3606 3565 3574 3563 3624 3528 3578 3597 3618 3577 3616 3560 3604 3571 3603 3566 3561 3550 3582 3594 3596 3581 3595 3530 3559 3628 3586 3535 3594 3553 3546 3596 3593 3593 3548 3578 3597 3592 3554 3522 3560 3477 3576 3512 3592 3514 3538 3572 3499 3575 3578 3536 3496 3502 3505 3607 3533 3561 3466 3534 3523 3536 3626 3574 3586 3592 3528 3531 3550 3520 3613 3604 3536 3545 3544 3554 3585 3521 3501 3501 3540 3559 3592 3576 3460 3470 3518 3460 3556 3522 3566 3520 3508 3523 3531 3515 3512 3487 3443 3541 3565 3487 3538 3515 3472 3557 3508 3487 3539 3561 3479 3523 3484 3462 3504 3504 3481 3528 3482 3444 3519 3563 3481 3495 3529 3536 3497 3448 3489 3538 3504 3515 3556 3525 3521 3517 3564 3453 3521 3508 3528 3474 3540 3509 3525 3540 3543 3532 3482 3501 3534 3466 3495

Tree=0
num_leaves=31
num_cat=0
split_feature=16 16 3 16 4 10 10 3 10 16 1 10 1 1 10 16 3 1 1 16 16 3 7 16 16 4 10 8 10 16
split_gain=775.048 155.497 63.2371 61.9685 38.4956 29.0703 24.1247 19.3362 18.3727 12.0206 11.6541 11.4288 10.6252 9.27134 7.93696 7.77205 7.7396 6.55793 6.41863 5.93084 5.47161 5.33115 4.47964 4.4352 4.88445 6.17399 4.31382 4.10563 6.93451 4.08185
threshold=0.76060710736486381 0.80172580346046063 1.0000000180025095e-35 0.72811069527815941 2.5000000000000004 6.7390887783039695 7.0405050533413869 1.0000000180025095e-35 6.7390887783039695 0.70095262182836504 2715.5000000000005 6.9109568050123915 2389.5000000000005 2389.5000000000005 6.8164374793755229 0.97182285662211954 1.0000000180025095e-35 3273.5000000000005 1849.5000000000002 0.7434124931127456 0.97182285662211954 1.0000000180025095e-35 1.0000000180025095e-35 0.97182285662211954 0.83523104476989685 2.5000000000000004 6.9692997206039617 1.0000000180025095e-35 6.1613069155431477 0.78226511065443993
decision_type=2 2 2 2 2 2 2 2 2 2 2 2 2 2 2 2 2 2 2 2 2 2 2 2 2 2 2 2 2 2
left_child=3 4 14 9 7 13 16 -2 19 27 23 -9 -10 20 15 -3 -6 21 -18 -5 -4 -8 -17 24 25 -7 -11 -1 -29 -23
right_child=1 2 5 8 6 10 17 11 12 26 -12 -13 -14 -15 -16 22 18 -19 -20 -21 -22 29 -24 -25 -26 -27 -28 28 -30 -31
leaf_value=4.7585132122039795 4.6560896635055542 4.6115563392639158 4.5258977651596073 4.6886501550674442 4.6616307258605953 4.5525705337524416 4.6758605480194095 4.5560536265373228 4.6941277503967287 4.7133446455001833 4.6198444843292235 4.6152892827987673 4.7088091373443604 4.5769760489463804 4.6459187746047972 4.7745726585388182 4.6082586526870726 4.6738406419754028 4.6380922794342041 4.6601133823394774 4.709455585479736 4.659058237075806 4.715613913536072 4.6845211505889894 4.554114818572998 4.604350829124451 4.7226513147354128 4.7024636745452879 4.7350153684616085 4.6360906362533569
leaf_weight=4767.9846626520157 6387.3661882542074 15567.372172698379 81531.77743396908 7721.8216458633542 7045.6478601060808 13000.476329341531 3948.8829188495874 20028.024621229619 16191.981454014778 8282.5257285013795 11093.224227167666 13389.575535662472 4729.8032337278128 20302.98672388494 9836.2429757788777 18.807632096111774 23522.142464045435 4421.1468830034137 16488.3966698125 13744.446680173278 264.57698690146208 11649.819889668375 281.61494189500809 336.95321498066187 29825.408777467906 16655.468545518816 7790.1524622067809 1910.9377095922828 7846.5650725364685 9324.6512670516968
leaf_count=12451 29007 48174 250231 18752 30373 37307 17559 91473 41241 19783 34717 59983 11823 64081 31125 57 106000 18282 70224 35100 889 64223 931 1211 95865 49559 18562 5362 20658 26637
internal_value=4.61958 4.6185 4.61765 4.62422 4.61995 4.61731 4.62061 4.61869 4.62298 4.62593 4.61809 4.61821 4.62404 4.61677 4.61997 4.61927 4.61991 4.62174 4.61964 4.62195 4.61653 4.62142 4.62724 4.61781 4.61778 4.61823 4.62499 4.62698 4.62639 4.6211
internal_weight=387907 314921 198715 72986.2 116206 173011 76400.7 39805 42388.1 30598.2 70911.5 33417.6 20921.8 102099 25704 15867.8 47056.2 29344.5 40010.5 21466.3 81796.4 24923.4 300.423 59818.3 59481.4 29655.9 16072.7 14525.5 9757.5 20974.5
internal_count=1311640 1127908 614147 183732 513761 533860 333298 180463 106916 76816 218659 151456 53064 315201 80287 49162 206597 126701 176224 53852 251120 108419 988 183942 182731 86866 38345 38471 26020 90860
is_linear=0
shrinkage=1


Tree=1
num_leaves=31
num_cat=0
split_feature=16 16 3 16 10 10 4 10 4 1 16 1 1 3 3 16 10 1 3 3 16 16 1 7 10 1 16 4 1 3
split_gain=700.644 143.361 58.0774 55.5215 34.8981 28.4339 19.1192 16.1778 14.2242 10.5354 10.5337 10.4316 9.54864 8.7451 8.59486 7.22333 7.31058 6.79806 6.0924 5.85001 5.60354 5.34097 4.87461 4.87283 3.99984 4.03864 3.87315 3.86028 3.83156 3.76566
threshold=0.76060710736486381 0.80172580346046063 1.0000000180025095e-35 0.72811069527815941 6.6567834978476315 7.1252063492905746 2.5000000000000004 6.7390887783039695 2.5000000000000004 2360.5000000000005 0.70095262182836504 1431.5000000000002 2389.5000000000005 1.0000000180025095e-35 1.0000000180025095e-35 0.97182285662211954 6.8164374793755229 3388.5000000000005 1.0000000180025095e-35 1.0000000180025095e-35 0.97182285662211954 0.74201131889676508 1849.5000000000002 1.0000000180025095e-35 7.0910595020580098 1070.5000000000002 0.81327991938713906 3.5000000000000004 3831.5000000000005 1.0000000180025095e-35
decision_type=2 2 2 2 2 2 2 2 2 2 2 2 2 2 2 2 2 2 2 2 2 2 2 2 2 2 2 2 2 2
left_child=3 4 15 10 6 9 14 21 13 20 -1 -7 29 -6 -2 16 -3 19 -8 -10 26 -5 -20 -17 -12 -26 -4 -23 -13 -9
right_child=1 2 5 7 8 11 18 12 17 -11 24 28 -14 -15 -16 23 -18 -19 22 -21 -22 27 -24 -25 25 -27 -28 -29 -30 -31
leaf_value=0.11398746728897097 0.016688781976699828 -0.0076091432571411049 -0.063550580739974993 0.069792460203170759 0.057356792688369754 -0.055102703571319592 0.037727184295654317 0.087057032585144037 0.053349130153655992 -0.037926566004753109 0.090355225801467889 -0.015579485893249513 0.084781014919281014 -0.0078134530782699493 -0.062245129942893974 0.14725636005401613 0.024253205060958873 0.050696271657943728 -0.014449712038040153 0.025541120767593385 0.08539514064788821 0.026031992435455332 0.016231787204742432 0.084608725309371968 0.088702424764633178 0.10461836695671081 -0.092016018629074117 0.054910490512847909 0.014042589664459239 0.063012018203735351
leaf_weight=14525.487444780767 3551.1528632976115 15567.372172698379 14847.742875427008 6767.4867304116488 2836.2133249565959 32549.743502750993 6149.4525839686394 3930.7060685455799 4845.5981331057847 23477.744939409196 8744.5505774840713 20408.817442849278 4729.8032337278128 14889.5348947905 18528.065262101591 18.807632096111774 9637.6542741060257 5054.5436651185155 20310.485800907016 25772.671884968877 301.64845776557922 8493.8029201552272 14267.935884468257 480.20364356786013 3310.4149011969566 4017.7127120271325 76975.48645286262 6204.9786754697561 4449.6885681673884 12261.275385469198
leaf_count=38471 15962 48174 40706 16527 13045 99491 26491 10384 21439 74209 20896 62986 11823 66863 84593 57 30381 21101 91778 111896 1031 21711 60593 1675 7930 9519 241409 15614 14028 30857
internal_value=-2.54436e-06 -0.00102554 -0.00184134 0.00441148 0.000369496 -0.00217082 -0.00042945 0.00323981 0.00130921 -0.00262252 0.00603462 -0.00126122 0.00422925 0.000151539 -0.00161427 0.000376315 0.000258378 0.00188446 0.000212862 0.00160401 -0.00286349 0.00227547 -4.50274e-05 0.0063333 0.00515269 0.00601432 -0.00288584 0.00174033 -0.000489974 0.00365193
internal_weight=387907 314921 198715 72986.2 116206 173011 62807.1 42388.1 53398.6 115603 30598.2 57408.2 20921.8 17725.7 22079.2 25704 25205 35672.8 40727.9 30618.3 92124.9 21466.3 34578.4 499.011 16072.7 7328.13 91823.2 14698.8 24858.5 16192
internal_count=1311640 1127908 614147 183732 513761 533860 279417 106916 234344 357355 76816 176505 53064 79908 100555 80287 78555 154436 178862 133335 283146 53852 152371 1732 38345 17449 282115 37325 77014 41241
is_linear=0
shrinkage=0.05


Tree=2
num_leaves=31
num_cat=1
split_feature=3 10 2 1 10 1 8 7 1 10 10 7 10 7 7 7 7 8 0 1 7 7 8 7 10 10 7 7 7 7
split_gain=134.293 112.602 50.3169 30.6465 18.7179 12.3017 11.5395 9.56878 8.19264 8.15399 7.87887 7.58046 12.3817 11.9148 14.5569 7.57084 7.41961 7.50728 7.0856 3.99358 3.84401 5.70099 3.83166 4.10292 3.80045 3.76389 3.67008 3.55538 4.25114 3.42406
threshold=1.0000000180025095e-35 6.7186225464380014 0 2389.5000000000005 6.6358533115328004 1035.5000000000002 1.0000000180025095e-35 3.0201273556387074 4911.5000000000009 5.383420565988323 7.7709141262221211 1.0397207708399181 1.0000000180025095e-35 2.3502401828962087 2.524928003624769 1.0397207708399181 2.1383330595080281 1.0000000180025095e-35 61.500000000000007 353.50000000000006 3.1132683346437333 3.4175922930736511 1.0000000180025095e-35 3.0201273556387074 5.3502393369678822 7.6487177596033016 3.4811217321331038 3.4175922930736511 2.524928003624769 2.9174053685313028
decision_type=2 2 1 2 2 2 2 2 2 2 2 2 2 2 2 2 2 2 2 2 2 2 2 2 2 2 2 2 2 2
left_child=4 3 8 6 15 25 7 11 -3 -8 -7 12 -2 -13 -15 -1 -17 27 -5 -6 -9 -22 23 -20 -24 -4 -23 28 -18 -30
right_child=1 2 5 18 19 10 9 20 -10 -11 -12 13 -14 14 -16 16 17 -19 22 -21 21 26 24 -25 -26 -27 -28 -29 29 -31
leaf_value=0.048473666429519648 -0.096735778033733372 0.028141056418418887 -0.025562297403812419 -0.014136378794908522 0.043578516364097597 0.0017906817793845954 -0.075963238358497609 0.048424769103527068 0.051123948693275439 -0.04399816924333573 0.021722058057785043 -0.08285498011112212 -0.0035710089802742043 0.010749110996723177 -0.070545294463634486 -0.031299252331256876 0.06589911592006685 0.010823438882827753 0.01921794354915618 0.057968079864978789 -0.063183152109384549 0.093159783452749251 -0.022681682139635086 0.082167274922132494 0.016292595267295828 -0.0014667070209980261 9.4152152538296016e-05 0.086079339027404791 -0.019302314400672895 0.049538806915283208
leaf_weight=8634.3182827159762 4694.6534193083644 24163.892208039761 25352.297174558043 23237.206387590617 7266.5420991554856 34083.891664601862 36776.525315921754 2674.0519805252552 8835.5934235602617 38449.047745332122 26961.855871342123 12892.245879266411 18121.153744965792 8631.4599665403366 8644.547615878284 2859.47110882774 3544.9346370734274 12647.173324022442 6594.2778557576239 19534.922807186842 3148.3586660772562 1021.1489714086056 4773.500982221216 1719.4085201583803 5379.0160834863782 26463.00148839131 5347.0524519905448 1832.0096572041512 1742.9500581510365 1880.2735173925757
leaf_count=27420 17545 80653 87305 79788 24383 117569 131944 8890 29267 130922 87965 42529 58054 28061 28124 9127 11300 43778 21645 65659 10408 3523 16766 5912 18309 87490 18812 6437 5835 6220
internal_value=-3.47993e-05 -0.000432529 0.000602663 -0.00126169 0.0021413 0.00010039 -0.0016152 -0.00112821 0.00231975 -0.00203713 0.000581329 -0.00141881 -0.000731108 -0.00193891 -0.00108053 0.00134674 0.000898174 0.00121437 -7.15498e-05 0.00312381 0.000134834 -0.000335812 0.000659548 0.00145546 7.79287e-06 -0.000466205 0.000524664 0.00231815 0.00181575 0.000611334
internal_weight=387907 327964 145861 182104 59942.6 112861 140400 65174.7 32999.5 75225.6 61045.7 52984.1 22815.8 30168.3 17276 33141.1 24506.8 21647.3 41703.4 26801.5 12190.6 9516.56 18466.2 8313.69 10152.5 51815.3 6368.2 9000.17 7168.16 3623.22
internal_count=1311640 1111481 490249 621232 200159 380329 478812 215946 109920 262866 205534 174313 75599 98714 56185 110117 82697 73570 142420 90042 41633 32743 62632 27557 35075 174795 22335 29792 23355 12055
cat_boundaries=0 1
cat_threshold=2
is_linear=0
shrinkage=0.05


Tree=3
num_leaves=31
num_cat=0
split_feature=16 16 3 16 4 10 10 3 10 16 1 1 10 1 16 10 3 4 7 1 4 16 16 4 3 16 16 1 10 16
split_gain=605.535 134.068 49.2673 44.9307 32.4555 26.261 17.86 13.9031 11.647 10.0021 9.3765 9.11451 8.79953 6.03704 5.98547 6.3617 5.39498 5.19194 5.13316 4.99503 4.4569 3.84539 3.74666 3.67592 3.60689 3.58703 3.51681 3.42263 3.50334 3.38689
threshold=0.76060710736486381 0.80172580346046063 1.0000000180025095e-35 0.7301030753069494 2.5000000000000004 6.7390887783039695 7.0735233155969857 1.0000000180025095e-35 6.7576196076432629 0.70095262182836504 1717.5000000000002 1849.5000000000002 6.9109568050123915 2389.5000000000005 0.97182285662211954 6.8164374793755229 1.0000000180025095e-35 3.5000000000000004 1.0000000180025095e-35 3011.5000000000005 3.5000000000000004 0.97182285662211954 0.90748563302870633 1.5000000000000002 1.0000000180025095e-35 0.78226511065443993 0.58123026540307288 451.50000000000006 6.9692997206039617 0.81327991938713906
decision_type=2 2 2 2 2 2 2 2 2 2 2 2 2 2 2 2 2 2 2 2 2 2 2 2 2 2 2 2 2 2
left_child=3 4 14 9 7 11 16 -2 20 26 21 22 23 -10 15 -3 -6 -18 -16 25 24 -7 -4 -9 -5 -8 -1 -11 -29 -13
right_child=1 2 5 8 6 10 19 12 13 27 -12 29 -14 -15 18 -17 17 -19 -20 -21 -22 -23 -24 -25 -26 -27 -28 28 -30 -31
leaf_value=0.13539214445054534 0.030726067805290216 -0.0091018790721893346 -0.089021570651233228 0.062622891867160788 0.036063377791643127 -0.053501635357737554 0.040331554295122585 -0.084923433995246891 0.06523375261723996 0.067577713602781267 -0.010222275361418731 -0.017695733672380511 -0.0041569824963808349 0.078992718511819826 0.1374698587298393 0.020446601340174689 -0.013574770694971061 0.013718062427639977 0.078872754204273227 0.046343443149328235 0.060025489577651039 0.069206613363325564 -0.016716888520121567 -0.038102158097922792 0.023991530027985597 0.017577876815199869 0.10393216591477393 0.089187927508354164 0.094112372586131129 -0.054390751963853838
leaf_weight=1330.6202539280057 6387.3661882542074 15567.372172698379 69858.48381691426 2807.7243574857712 7132.6036672480404 46600.143905550241 13365.316155411303 6464.9455059468746 15356.718970417976 2799.9793547615409 24023.671822473407 6038.6975100412965 13389.575535662472 4503.5620129033923 18.807632096111774 9637.6542741060257 16529.9825489223 23976.527601145208 480.20364356786013 5009.7453040853143 8902.6442264690995 287.71536645293236 2089.6100562736392 13563.079115282744 9056.7681172341108 10386.512675724924 13194.867190852761 7585.1705859825015 7448.1635792329907 24112.549761526287
leaf_count=4430 29007 48174 212827 7411 30767 142885 73420 29354 39182 6647 74734 17114 59983 11241 57 30381 74446 104047 1675 20721 22095 1040 7628 62119 22573 29897 34041 18249 17863 77632
internal_value=-5.00991e-05 -0.00100113 -0.00179005 0.00405342 0.000347932 -0.0020935 0.000951076 -0.000809727 0.00294626 0.00544348 -0.00135434 -0.00260688 -0.00121826 0.00381196 0.00025249 0.000145133 0.000357076 0.000133798 0.00567508 0.00193495 0.00211837 -0.00176589 -0.0029127 -0.00188166 0.00148387 0.00163233 0.0064175 0.00465012 0.00494906 -0.00187712
internal_weight=387907 314921 198715 72986.2 116206 173011 76400.7 39805 40627.4 32358.8 70911.5 102099 33417.6 19860.3 25704 25205 47639.1 40506.5 499.011 28761.6 20767.1 46887.9 71948.1 20028 11864.5 23751.8 14525.5 17833.3 15033.3 30151.2
internal_count=1311640 1127908 614147 183732 513761 533860 333298 180463 102502 81230 218659 315201 151456 50423 80287 78555 209260 178493 1732 124038 52079 143925 220455 91473 29984 103317 38471 42759 36112 94746
is_linear=0
shrinkage=0.05


Tree=4
num_leaves=31
num_cat=0
split_feature=16 16 3 16 4 10 10 3 10 10 16 16 4 16 16 10 8 7 16 16 4 4 16 16 4 7 17 7 7 7
split_gain=540.704 122.61 46.0032 40.5394 30.6516 25.2963 16.4777 12.9018 10.3409 8.44182 7.53215 6.79635 6.66499 5.56622 5.51693 5.86197 5.23636 5.22375 5.12306 4.75852 7.96829 4.52744 3.89683 3.67729 3.63815 3.61559 3.48746 3.47171 5.6629 5.31968
threshold=0.76060710736486381 0.80217785889642024 1.0000000180025095e-35 0.72811069527815941 2.5000000000000004 7.1252063492905746 6.3066735611883358 1.0000000180025095e-35 5.931261183646332 6.9109568050123915 0.70095262182836504 0.81327991938713906 2.5000000000000004 0.90748563302870633 0.97182285662211954 6.8164374793755229 0.89587973461402759 1.0000000180025095e-35 0.78226511065443993 0.82340483352627902 2.5000000000000004 2.5000000000000004 0.97182285662211954 0.7503268675834982 1.5000000000000002 3.0201273556387074 0.66690025027010624 1.0397207708399181 2.1383330595080281 2.524928003624769
decision_type=2 2 2 2 2 2 2 2 2 2 2 2 2 2 2 2 2 2 2 2 2 2 2 2 2 2 2 2 2 2
left_child=3 4 14 10 7 11 16 -2 -5 24 -1 21 -10 -13 15 -3 25 -16 -8 20 -7 -4 -21 -14 -9 27 -20 -6 -29 -30
right_child=1 2 5 8 6 19 18 9 12 -11 -12 13 23 -15 17 -17 -18 -19 26 22 -22 -23 -24 -25 -26 -27 -28 28 29 -31
leaf_value=0.10224753612011672 0.028687744815945673 -0.0085429229462146601 -0.075419693517386976 0.040131230794042377 0.025912430969178682 -0.048684619844704846 0.038550465366169774 -0.081347427171170716 0.045417970379740026 -0.0049186416767537551 0.083756883192360396 -0.073859268640056236 0.081788498585969246 -0.0092261378212273211 0.13059636579334732 0.019512319254428159 -0.014443277168124925 0.074929116494059575 0.0010950762297212702 -0.037520686409622431 0.0057810793511569704 -0.023085506508946408 0.06574628269515928 0.052195245450288086 -0.036444538922682401 0.049541774955689899 0.028292705191224777 -0.057240593011528243 0.048234087181240337 -0.034284031684547633
leaf_weight=14525.487444780767 6440.8749901913106 15474.172523654997 7225.1926960349083 15528.561153627932 6569.979328930378 8307.9379937872291 22906.484290398657 6499.1585407480597 7621.6020957678556 13594.303241834044 16072.67819070816 92865.504008196294 11679.199897915125 3039.4138779938221 18.807632096111774 9588.8054358437657 15940.709917131811 480.20364356786013 7065.5484270453453 37174.718073248863 11155.164576157928 11685.78846757859 338.04001794755459 7558.6898664683104 13814.758564177901 5241.5516220144928 11294.576741136611 2783.4783501029015 2947.7724033668637 2467.6188961975276
leaf_count=38471 29179 47883 18092 39295 27535 22395 124667 29442 19582 60564 38345 291662 28785 11154 57 30206 72968 1675 8973 118990 32669 34085 1200 19254 62965 23158 44005 11726 12236 10422
internal_value=-7.4614e-05 -0.000973296 -0.00173477 0.00380302 0.000304945 -0.00202923 0.000888541 -0.000811907 0.00280183 -0.00120158 0.00518997 -0.00245664 0.00339564 -0.00262746 0.000244231 0.000140583 0.000106008 0.00544997 0.00157028 -0.00116794 -0.000533564 -0.00159034 -0.00149707 0.00389139 -0.00184696 0.000644593 0.000948011 0.000244198 -0.000442038 0.000500051
internal_weight=387907 314921 197354 72986.2 117567 171792 77217.7 40349.1 42388.1 33908.2 30598.2 114816 26859.5 95904.9 25562 25063 35951.1 499.011 41266.6 56975.9 19463.1 18911 37512.8 19237.9 20313.9 20010.4 18360.1 14768.8 8198.87 5415.39
internal_count=1311640 1127908 610068 183732 517840 530247 335690 182150 106916 152971 76816 354993 67621 302816 79821 78089 158045 1732 177645 175254 55064 52177 120190 48039 92407 85077 52978 61919 34384 22658
is_linear=0
shrinkage=0.05


Tree=5
num_leaves=31
num_cat=0
split_feature=16 16 3 16 4 3 16 16 16 16 4 4 4 17 16 16 7 4 0 7 0 0 0 16 7 8 16 3 7 7
split_gain=476.811 111.332 42.0703 32.0051 31.4921 12.2172 11.4433 9.84643 9.23067 9.67964 15.3305 6.66303 6.16739 5.25694 5.22254 4.97319 4.86165 4.44564 3.83712 3.72464 3.20257 3.16175 3.1611 2.8043 2.7257 2.58696 2.57471 2.5719 2.49685 2.44674
threshold=0.76060710736486381 0.80530725634941192 1.0000000180025095e-35 0.74058505004740149 2.5000000000000004 1.0000000180025095e-35 0.70095262182836504 0.78554027385569514 0.97182285662211954 0.83375273960117646 2.5000000000000004 2.5000000000000004 1.5000000000000002 0.66656010559132584 0.90748563302870633 0.93504912530908568 5.0782890901091458 1.5000000000000002 64.500000000000014 1.0000000180025095e-35 70.500000000000014 59.500000000000007 55.500000000000007 0.83256737835245809 5.2907859277095151 1.0000000180025095e-35 0.79001139522371822 1.0000000180025095e-35 4.7229433450037179 3.4175922930736511
decision_type=2 2 2 2 2 2 2 2 2 2 2 2 2 2 2 2 2 2 2 2 2 2 2 2 2 2 2 2 2 2
left_child=3 4 15 6 5 -2 25 16 9 10 17 -5 -7 27 24 -3 18 23 -6 -17 -12 -8 -13 -4 -11 -1 28 -9 -14 -27
right_child=1 2 8 11 7 12 21 13 -10 14 20 22 26 -15 -16 19 -18 -19 -20 -21 -22 -23 -24 -25 -26 29 -28 -29 -30 -31
leaf_value=0.11323224928124249 0.024809617251962471 0.0010182306201979685 -0.10801660149976239 0.02337926929520813 0.010419778171464823 -0.061713322605803624 0.063294478264965065 0.018354769282475127 0.072718327557064602 -0.071484719819795345 -0.029640916490402038 0.041177299884475764 -0.026401906993981508 0.013186868554636889 -0.015074411733083437 0.11914539729616043 0.034875574939701705 -0.054488820528458784 0.034779408143837023 0.044084827605061251 -0.0054309603806957712 0.086218471390143048 0.067670563129104674 0.11869504479203373 -0.058847004079665949 0.048260442713335211 -0.039893298965688828 -0.020833920911975223 0.0067021216067299164 0.091479851192668132
leaf_weight=4786.033125884831 6943.5904417410493 23211.670841231942 13492.754759252071 8837.4275353476405 18806.241679936647 10711.534710176289 15459.968392387033 1547.0428639650345 676.38095857203007 55695.278659485281 31224.843105345964 9486.9869493171573 9484.0256913490593 21944.98946197331 4964.7899928987026 23.123652689158916 17839.488326258957 18175.049207493663 11064.322235561907 1116.2503313720226 11497.113269969821 12942.220495574176 11692.136884205043 112.39517649263144 27415.104820303619 694.10649581253529 9338.0224708542228 11789.64563369751 7457.1116300299764 9073.1594088003039
leaf_count=12501 30586 72513 36858 23169 96569 47624 37415 1951 2347 177163 94482 24187 46587 84820 17996 79 98845 53599 54897 3931 34643 31079 29296 593 90540 1787 25140 14863 40619 24243
internal_value=-0.000100273 -0.00094507 -0.00171882 0.00354105 0.000198585 -0.000883873 0.00441638 0.000771619 -0.002008 -0.00203225 -0.00161277 0.0022884 -0.00124512 0.0001383 -0.00238708 0.000219869 0.00123996 -0.00244436 0.000849904 0.00344501 -0.00099416 0.00383221 0.00276961 -0.00312787 -0.00248119 0.00555645 -0.000832929 -0.000644598 -0.00046549 0.00508981
internal_weight=387503 314531 187605 72972 126926 43934.3 42955.5 82991.7 163254 162577 74502.2 30016.6 36990.7 35281.7 88075.2 24351 47710.1 31780.2 29870.6 1139.37 42722 28402.2 21179.1 13605.1 83110.4 14553.3 26279.2 13336.7 16941.1 9767.27
internal_count=1310922 1127245 584744 183677 542501 190556 107025 351945 508221 505874 220175 76652 159970 101634 285699 76523 250311 91050 151466 4010 129125 68494 53483 37451 267703 38531 112346 16814 87206 26030
is_linear=0
shrinkage=0.05


Tree=6
num_leaves=31
num_cat=3
split_feature=3 10 2 4 4 10 2 2 4 10 8 8 8 10 8 10 7 7 7 7 7 7 8 10 7 7 7 7 7 7
split_gain=93.1646 82.3278 36.1744 33.8023 17.2755 12.2316 11.2582 9.30699 7.97732 6.23421 5.10875 4.73521 4.70742 4.3185 4.20686 3.74143 3.76373 9.68754 3.46143 4.36076 7.22575 6.79945 3.43427 4.28206 4.26123 3.34801 3.638 5.49249 4.0643 4.31657
threshold=1.0000000180025095e-35 6.7186225464380014 0 3.5000000000000004 2.5000000000000004 6.6358533115328004 1 2 3.5000000000000004 7.7581550303642528 1.0000000180025095e-35 1.0000000180025095e-35 1.0000000180025095e-35 7.4785793946460926 0.89587973461402759 1.0000000180025095e-35 1.0397207708399181 2.3502401828962087 3.0201273556387074 1.0397207708399181 2.3502401828962087 2.524928003624769 1.0000000180025095e-35 5.751176346912966 3.0201273556387074 3.0201273556387074 1.0397207708399181 1.0000000180025095e-35 2.1383330595080281 2.524928003624769
decision_type=2 2 1 2 2 2 1 1 2 2 2 2 2 2 2 2 2 2 2 2 2 2 2 2 2 2 2 2 2 2
left_child=5 3 8 7 13 11 14 12 -3 -6 25 18 15 -4 -5 -2 -17 -18 19 -1 -21 -22 24 -24 -8 26 27 -9 -28 -30
right_child=1 2 4 6 9 -7 22 10 -10 -11 -12 -13 -14 -15 -16 16 17 -19 -20 20 21 -23 23 -25 -26 -27 28 -29 29 -31
leaf_value=0.03981851091321631 -0.078646946498792808 0.01902480092953969 -0.041156390688069339 0.03154909808498698 0.002177402242004689 0.045313153389110065 -0.013218695771567691 -0.10844230550499932 0.039197581950306759 0.020251200506567812 -0.07281131848715354 0.0069026417961332688 -0.040145552453867334 -0.0091525415136284767 0.0015928568561803581 0.015644825934670693 -0.061934589286767094 0.0013922564033156172 0.065824999692310412 -0.030190833399632178 0.06611635481621958 -0.014516863340384489 -0.044707364484541316 -0.0066193931995696788 0.036120246905364799 -0.01797788283590154 -0.090057703864578328 -0.018998069931142194 -0.025372072071305631 -0.078077619180973834
leaf_weight=8639.5420750305057 1630.7886143624783 17734.123674824834 15669.35295240581 9018.4956324063241 39331.624745298177 26864.702668536454 15835.04028326273 2500.4818836003542 15172.575508896261 28863.74015057832 36496.630509968847 12684.670332029462 25468.568039618433 28865.468591157347 9581.0023648627102 5668.4996972903609 4371.1350479200482 9817.3518801517785 3399.6788681857288 3433.079917140305 2958.5531219765544 2009.6335728242993 14659.207646023482 10865.915617093444 3930.3468744941056 6232.1899568848312 5864.0352283529937 9881.5900235436857 5655.3139189779758 4399.4698102809489
leaf_count=27373 5859 59152 53913 29912 135445 90124 52170 9225 50718 94702 127352 44061 88977 95853 33675 18385 14338 32634 11794 10931 9532 6638 52924 36501 13579 21212 19423 31894 18157 14469
internal_value=-0.000122495 -0.0004543 0.000431592 -0.00116368 5.75559e-06 0.00168898 -0.000237372 -0.00166528 0.00188983 0.000505949 -0.00202647 0.00104602 -0.00111823 -0.00076018 0.000798113 -0.000573441 -0.000384365 -0.000819465 0.00151695 0.00122633 0.000415222 0.00163416 -0.000662645 -0.00104593 -0.000168009 -0.00159083 -0.00182186 -0.00117908 -0.00232182 -0.0017117
internal_weight=387503 327513 145637 181876 112730 59989.9 63890 117986 32906.7 68195.4 71029.7 33125.2 46956.3 44534.8 18599.5 21487.8 19857 14188.5 20440.5 17040.8 8401.27 4968.19 45290.5 25525.1 19765.4 34533.1 28300.9 12382.1 15918.8 10054.8
internal_count=1310922 1110469 489783 620686 379913 200453 218761 401925 109870 230147 241732 110329 160193 149766 63587 71216 65357 46972 66268 54474 27101 16170 155174 89425 65749 114380 93168 41119 52049 32626
cat_boundaries=0 1 2 3
cat_threshold=2 2 3
is_linear=0
shrinkage=0.05


Tree=7
num_leaves=31
num_cat=0
split_feature=16 16 16 3 4 1 3 16 4 16 4 16 17 16 4 1 1 16 16 4 4 0 0 0 7 3 1 7 7 3
split_gain=411.635 96.8254 34.0719 32.4602 31.0556 14.5092 11.099 10.6532 9.65994 8.91772 6.95792 6.68164 5.64877 4.40469 4.02374 3.24504 2.9454 2.92656 3.40853 4.38303 3.38323 2.86841 2.85775 2.75823 2.60199 2.57742 2.76338 2.44493 2.30993 2.57837
threshold=0.76314558284360301 0.8127814019877837 0.74058505004740149 1.0000000180025095e-35 2.5000000000000004 1655.5000000000002 1.0000000180025095e-35 0.78554027385569514 1.5000000000000002 0.70095262182836504 2.5000000000000004 0.97182285662211954 0.66656010559132584 0.8861666780130667 3.5000000000000004 4231.5000000000009 1764.5000000000002 0.90056769624314192 0.84649134540172921 2.5000000000000004 1.5000000000000002 56.500000000000007 62.500000000000007 50.500000000000007 5.3205649864913136 1.0000000180025095e-35 2793.5000000000005 1.0000000180025095e-35 5.8536372009884516 1.0000000180025095e-35
decision_type=2 2 2 2 2 2 2 2 2 2 2 2 2 2 2 2 2 2 2 2 2 2 2 2 2 2 2 2 2 2
left_child=2 4 9 13 6 11 -2 14 -8 -1 -4 17 25 -3 -6 24 -10 18 19 -5 -20 -12 -16 -11 -7 -9 -27 -13 29 -14
right_child=1 3 10 5 7 15 8 12 16 23 21 27 28 -15 22 -17 -18 -19 20 -21 -22 -23 -24 -25 -26 26 -28 -29 -30 -31
leaf_value=0.091594652361815992 0.018177546458561046 -0.0069796839983630402 0.019139476932042057 -0.082505148208282988 0.012275786812843937 -0.044127208247809649 -0.065533828838764754 0.013077628904501726 -0.030765253585111375 0.055424604944671343 0.037668158523934729 0.15166947655091956 0.031082302322693201 0.022002307628997464 0.021998159422062361 -0.0095074575074780131 -0.0010253574943943633 -0.030367543080183169 -0.032584086010001734 -0.049977934185723744 -0.087986556896819723 0.060551616195585245 0.039460221458894919 0.078952315487588631 -0.021426102218059608 -0.031233862387417811 0.0068490087451976494 0.046642587217213906 0.019937155019059773 -0.0013029373463930407
leaf_weight=14553.29903049767 7628.9956851154566 17157.470895759761 10751.927646763623 24713.787141762674 18544.303738120943 25877.676197297871 13945.923743866384 2029.0814262032509 19812.553225636482 10392.845123611391 11522.772445946932 17.840556994080544 3282.1603686362505 4507.2935016229749 14653.525678101927 9265.4399831295013 9110.3060414977372 5152.4516701102257 3124.2329487130046 26418.20437322557 35330.753642447293 12983.235713772476 11185.338499337435 18009.343764349818 13927.272552348673 12497.65155595541 3292.1267891526222 489.92209745943546 8693.2452952638268 18631.82787527889
leaf_count=38531 32787 53424 27744 75246 104283 81531 53813 2559 84392 25284 29426 59 12700 15114 78943 30046 37249 17917 9246 80768 113005 32716 58426 43210 45364 15764 4145 1713 34270 71247
internal_value=-0.000132019 -0.000951515 0.00310862 -0.00177354 5.77843e-07 -0.00204445 -0.000997273 0.000543511 -0.00130998 0.00405409 0.00195674 -0.0024043 3.06702e-05 3.11269e-05 0.00110307 -0.00134598 -0.000788799 -0.00243496 -0.0025016 -0.00223414 -0.00285724 0.00242199 0.00150638 0.00353839 -0.00154215 -0.000677079 -0.000892647 0.00331602 0.000442706 0.000169125
internal_weight=387503 309289 78213.4 165982 143307 144318 50497.8 92809.3 42868.8 42955.5 35257.9 95247.2 48426.1 21664.8 44383.2 49070.4 28922.9 94739.4 89587 51132 38455 24506 25838.9 28402.2 39804.9 17818.9 15789.8 507.763 30607.2 21914
internal_count=1310922 1114011 196911 523433 590578 454895 208241 382337 175454 107025 89886 297954 140685 68538 241652 156941 121641 296182 278265 156014 122251 62142 137369 68494 126895 22468 19909 1772 118217 83947
is_linear=0
shrinkage=0.05


Tree=8
num_leaves=31
num_cat=2
split_feature=16 16 3 16 4 10 10 3 4 16 2 2 4 16 10 10 16 16 10 16 16 16 4 17 3 4 16 17 10 16
split_gain=362.082 89.5762 30.0367 28.8911 28.2767 21.5492 16.4198 10.0244 8.6519 7.56137 6.91924 6.35717 5.94809 5.93865 5.06477 4.23167 4.2624 3.32466 3.22411 3.1572 3.09622 3.312 3.20313 2.95553 2.91662 2.84852 2.49063 2.39089 2.31723 2.21962
threshold=0.76314558284360301 0.8127814019877837 1.0000000180025095e-35 0.74058505004740149 2.5000000000000004 6.7390887783039695 7.1736726191874567 1.0000000180025095e-35 1.5000000000000002 0.70095262182836504 0 1 2.5000000000000004 0.79173584366809513 6.9109568050123915 7.0910595020580098 0.8861666780130667 0.90056769624314192 6.7769113658813378 0.78247868681815624 0.97182285662211954 0.83915056236976993 3.5000000000000004 0.66690025027010624 1.0000000180025095e-35 4.5000000000000009 0.78950820384860276 0.66237379509048522 6.507403365479818 0.58123026540307288
decision_type=2 2 2 2 2 2 2 2 2 2 1 1 2 2 2 2 2 2 2 2 2 2 2 2 2 2 2 2 2 2
left_child=3 4 15 9 7 11 13 -2 28 29 -7 -4 -5 25 -10 16 -3 -13 -14 -8 21 22 -12 -21 -15 -6 -16 -20 -9 -1
right_child=1 2 5 12 6 10 19 8 14 -11 20 17 18 24 26 -17 -18 -19 27 23 -22 -23 -24 -25 -26 -27 -28 -29 -30 -31
leaf_value=0.11209077757483255 0.017268669135633009 -0.019026099439397284 -0.047195168757436304 0.018182503085439939 0.004265685475473591 -0.0016895430917387433 0.036171690156969395 -0.080255455972900652 -0.035891154692628602 0.066297657914606761 -0.042852961067377973 -0.085227610103045165 0.040902999371408559 0.019730582716440459 0.015820377651689779 0.019520313575883731 0.020304959022142379 -0.027202353477306797 0.03621063544061065 0.0036337103300895014 0.056056913331835601 -0.052158033458782962 -0.0016878270922443318 0.025257935101656595 -0.018320361322970369 0.02645867099579946 -0.017697230573288359 0.065356669573099477 -0.039699253831264825 0.083021378941176144
leaf_weight=1329.5491049066186 7628.9956851154566 11752.329327017069 34297.587029151618 10751.927646763623 25624.120855707675 11020.279745712876 14047.732263065875 7832.7169010937214 16967.17487892881 28402.188887961209 15478.255671128631 48784.511220172048 12914.285384573042 3187.7580046057701 6405.1148523688316 7114.2951312288642 2798.1399391368032 2613.4860023111105 4516.7745319604874 6929.8480643630028 321.78275576233864 25839.559289626777 5962.1194496229291 11179.903133668005 22147.907346978784 9691.9915576614439 5550.5695358365774 7074.9482431858778 6113.2068427726626 13223.749925591052
leaf_count=4449 32787 36449 109879 27744 130219 35240 79125 30239 72039 68494 47371 151056 32436 9626 34137 22694 9395 9072 5605 8823 1153 82995 18129 43245 64453 46846 15465 24101 23574 34082
internal_value=-0.000151069 -0.000919657 -0.00171031 0.00288826 -3.89887e-06 -0.00197092 0.000514175 -0.00095606 -0.00125324 0.00375888 -0.00123221 -0.00247625 0.00182756 2.99163e-05 -0.000760005 2.56807e-05 -0.000462945 -0.00282879 0.00225773 0.00142753 -0.00149343 -0.00152701 -0.0010676 0.000991186 -0.000554218 0.000448972 2.82137e-05 0.00286307 -0.00227619 0.00468562
internal_weight=387503 309289 165982 78213.4 143307 144318 92809.3 50497.8 42868.8 42955.5 58622 85695.6 35257.9 60651.8 28922.9 21664.8 14550.5 51398 24506 32157.5 47601.7 47279.9 21440.4 18109.8 25335.7 35316.1 11955.7 11591.7 13945.9 14553.3
internal_count=1310922 1114011 523433 196911 590578 454895 382337 208241 175454 107025 184888 270007 89886 251144 121641 68538 45844 160128 62142 131193 149648 148495 65500 52068 74079 177065 49602 29706 53813 38531
cat_boundaries=0 1 2
cat_threshold=2 3
is_linear=0
shrinkage=0.05


Tree=9
num_leaves=31
num_cat=0
split_feature=3 1 4 4 9 7 1 0 7 1 0 7 8 1 8 7 0 7 7 8 7 7 7 7 1 6 7 7 7 7
split_gain=72.8385 52.288 21.2121 18.6773 7.07204 6.05704 5.87043 4.07695 4.00329 3.90298 3.87656 3.82954 3.626 3.57829 3.49494 5.35689 2.82724 2.61886 2.46141 3.42835 3.93763 2.72586 5.36026 5.47864 2.20786 2.18349 2.17709 4.11841 3.2654 3.59523
threshold=1.0000000180025095e-35 1655.5000000000002 3.5000000000000004 2.5000000000000004 1.0000000180025095e-35 6.0198082819228818 4752.5000000000009 64.500000000000014 4.6101453514146771 371.50000000000006 55.500000000000007 5.5194569071634776 1.0000000180025095e-35 3668.5000000000005 1.0000000180025095e-35 3.4175922930736511 86.500000000000014 3.0201273556387074 4.7050052835523761 1.0000000180025095e-35 3.0201273556387074 1.0397207708399181 2.3502401828962087 2.524928003624769 6033.5000000000009 0.1294095225512602 1.0397207708399181 1.0000000180025095e-35 2.3502401828962087 2.524928003624769
decision_type=2 2 2 2 2 2 2 2 2 2 2 2 2 2 2 2 2 2 2 2 2 2 2 2 2 2 2 2 2 2
left_child=9 3 5 8 7 10 11 -5 12 -1 -3 14 17 -7 15 -4 -8 26 19 20 21 -11 -23 -24 -12 -9 27 -2 -28 -30
right_child=1 2 6 4 -6 13 16 25 -10 18 24 -13 -14 -15 -16 -17 -18 -19 -20 -21 -22 22 23 -25 -26 -27 28 -29 29 -31
leaf_value=0.019653199140468303 -0.10418906597150449 -0.021251320458651968 0.015141032547503874 -0.028718087058378527 0.0017914225160461596 0.0026900250383371294 0.028861633506587527 0.00029310255870274027 -0.031538425831042494 0.044228551809230514 -0.0056959413922009986 0.023259195137621848 -0.064448010205692574 0.02714094831272389 0.00016392838573087154 0.080765705003636695 0.055855990054317899 -0.014095326323083014 0.040083435215819918 0.015655109472335439 0.07256295712775418 -0.020223654864420348 0.072300742022553391 -0.0056090477731408853 0.02570720664770252 -0.022565562053376009 -0.077780886025075852 -0.017325686766530967 -0.011089071284002562 -0.067721951148662016
leaf_weight=21139.340202178806 1757.9421945549548 24775.428253028542 10404.104825932533 56371.190558124334 31911.436857663095 15625.729716215283 8708.2611480504274 18829.683070335537 38192.599158681929 5654.2102951966226 23868.834225401282 14821.038321409374 19039.058301344514 4808.1000325530767 16611.489911522716 1679.9711865186691 2243.9178687483072 5078.4648999236524 13826.593578908592 9736.9569458775222 3166.7227066121995 2522.8164132423699 2265.9070801660419 1677.3133335411549 2836.1552837342024 9394.0927503034472 5619.292349409312 7723.8774168565869 3626.8695870712399 3585.410734873265
leaf_count=69771 6397 83268 34103 190160 112699 54393 29667 62136 132878 18005 79227 51993 63246 16716 55715 5785 7361 17012 48817 32164 10774 8067 7331 5524 9471 31560 18356 24979 11592 11755
internal_value=-0.000168019 -0.000461404 0.000335582 -0.000962202 -0.000551564 -0.000228165 0.00107989 -0.000790823 -0.00152755 0.00143371 -0.000517264 0.00081948 -0.00183946 0.000500183 0.000482389 0.00112935 0.00211457 -0.00147108 0.0017312 0.00143537 0.00190244 0.00149226 0.000791077 0.00194257 -9.93502e-05 -0.000300269 -0.00170432 -0.00112978 -0.00212887 -0.00142482
internal_weight=387503 327513 126383 201130 116506 71914.2 54468.8 84595 84623.5 59989.9 51480.4 43516.6 46430.9 20433.8 28695.6 12084.1 10952.2 27391.9 38850.5 25023.9 15287 12120.2 6466.04 3943.22 26705 28223.8 22313.4 9481.82 12831.6 7212.28
internal_count=1310922 1110469 427699 682770 396555 243075 184624 283856 286215 200453 171966 147596 153337 71109 95603 39888 37028 90091 130682 81865 49701 38927 20922 12855 88698 93696 73079 31376 41703 23347
is_linear=0
shrinkage=0.05


Tree=10
num_leaves=31
num_cat=0
split_feature=10 3 4 3 1 1 1 4 4 7 7 7 7 7 7 7 10 1 7 0 7 10 7 7 10 10 10 1 0 7
split_gain=72.4334 43.8468 25.7566 24.545 23.6419 9.73305 9.01952 7.71133 6.24328 4.08254 5.10977 5.87283 4.04443 5.72053 4.01662 3.76777 3.72407 3.53266 3.33904 3.13232 2.87844 4.46085 3.75194 2.77762 3.32852 2.68322 2.66254 2.35505 2.30602 2.25474
threshold=6.8535334408403505 1.0000000180025095e-35 3.5000000000000004 1.0000000180025095e-35 1764.5000000000002 1546.5000000000002 2333.5000000000005 3.5000000000000004 3.5000000000000004 1.0397207708399181 2.3502401828962087 2.524928003624769 1.0397207708399181 1.0000000180025095e-35 2.1383330595080281 2.524928003624769 7.9073712234103679 3925.5000000000005 3.0201273556387074 90.500000000000014 1.0397207708399181 1.0000000180025095e-35 2.1383330595080281 2.524928003624769 5.8317312297695052 5.062243319822187 7.5945810933342663 3522.5000000000005 86.500000000000014 1.0397207708399181
decision_type=2 2 2 2 2 2 2 2 2 2 2 2 2 2 2 2 2 2 2 2 2 2 2 2 2 2 2 2 2 2
left_child=1 9 5 -2 7 12 20 16 17 -1 -11 -12 13 -3 -14 -16 -5 -6 -13 29 21 -4 -22 -24 -25 -17 -9 -10 -8 -7
right_child=3 2 6 4 8 19 28 26 27 10 11 18 14 -15 15 25 -18 -19 -20 -21 22 -23 23 24 -26 -27 -28 -29 -30 -31
leaf_value=0.034905437549414442 0.038508168926292365 -0.098794247502888108 -0.065462338235715345 -0.018799917681913848 0.0081641658452366716 -0.0036482085510647355 0.0080350413090031214 0.0013702977739795232 0.025657788672940732 -0.026092038487382355 0.058103569846619199 -0.023007297150468675 -0.079297222907147455 -0.013682423760793871 -0.021375937938663905 -0.067533503625296518 0.0015259940998682442 0.027922908265479718 0.018110152953550653 0.0071485723224185005 -0.059215972753034141 0.021717608637035646 0.02015712474773337 -0.033624167416608806 -0.0040578225816036099 -0.047719696898390486 0.018386660432799663 0.04067029096351376 0.031893116298194094 -0.029350148659552877
leaf_weight=8828.9386307150126 24300.343488182873 2620.2763189785182 1360.1102641448379 37944.80900522694 21483.669060122222 6056.7961563430727 16846.226326517761 11829.478046886623 13910.550075184554 3611.0222256332636 3111.2248980551958 2950.2180131040514 6429.5308383703232 10673.932526458055 6266.8845921121538 24130.360176287591 23593.0467761904 6556.9974561072886 16954.503413714468 4891.4762461259961 3188.8303632549942 5451.8396492823958 3273.0038431249559 20016.146100137383 13326.434826415032 28392.56514467299 14184.846724566072 7676.011975646019 3630.6471262313426 34241.369203582406
leaf_count=27980 81578 9686 5238 131254 71722 20117 57906 40852 46693 11473 10019 9544 21305 34289 20107 84335 75467 21787 59168 16289 10669 17311 10816 71163 44615 97563 47154 25616 12040 117742
internal_value=-0.00016957 -0.000746916 -0.00104697 0.00063936 0.00037991 -0.00147481 -0.000258147 -0.000114279 0.00125176 0.000867752 0.000558805 0.000833158 -0.00181128 -0.00101643 -0.0019733 -0.00184354 -0.000419375 0.000759701 0.000517391 -0.00089021 -0.000642371 0.000307379 -0.000804907 -0.000661651 -0.000798092 -0.0019818 0.000607437 0.00189093 0.000616554 -0.00103524
internal_weight=387732 226252 190796 161480 137179 123703 67093.2 87552.2 49627.2 35455.9 26627 23015.9 78513.5 13294.2 65219.3 58789.8 61537.9 28040.7 19904.7 45189.6 46616.4 6811.95 39804.4 36615.6 33342.6 52522.9 26014.3 21586.6 20476.9 40298.2
internal_count=1311498 769375 651191 542123 460545 421433 229758 294727 165818 118184 90204 78731 267285 43975 223310 202005 206721 93509 68712 154148 159812 22549 137263 126594 115778 181898 88006 72309 69946 137859
is_linear=0
shrinkage=0.05


Tree=11
num_leaves=31
num_cat=0
split_feature=16 16 3 16 10 10 1 16 4 4 1 16 16 8 4 16 10 10 1 16 4 8 10 11 1 3 10 16 16 16
split_gain=309.83 80.6097 26.814 23.1613 21.095 16.9672 11.2718 7.72256 7.58329 7.31929 5.78429 4.94226 5.52971 4.76813 4.64071 3.98632 4.70212 4.29195 3.85467 3.43069 3.08153 2.99168 2.5404 3.73492 2.49013 2.60393 2.45475 2.31983 2.22417 2.26841
threshold=0.76314558284360301 0.80172580346046063 1.0000000180025095e-35 0.74058505004740149 7.4504533262904724 5.9543849063635728 2793.5000000000005 0.70095262182836504 1.5000000000000002 2.5000000000000004 1431.5000000000002 0.81327991938713906 0.90748563302870633 0.89587973461402759 2.5000000000000004 0.93504912530908568 1.0000000180025095e-35 6.6358533115328004 1162.5000000000002 0.79298886997848383 2.5000000000000004 1.0000000180025095e-35 1.0000000180025095e-35 1.0000000180025095e-35 3522.5000000000005 1.0000000180025095e-35 7.5525120388659799 0.74819628440837505 0.79998426569637526 0.80117091351823222
decision_type=2 2 2 2 2 2 2 2 2 2 2 2 2 2 2 2 2 2 2 2 2 2 2 2 2 2 2 2 2 2
left_child=3 5 15 7 6 8 11 21 28 26 -6 20 18 22 -5 17 -17 -3 -13 24 -4 -1 -10 -24 25 -11 -7 -16 -2 -30
right_child=1 2 4 14 10 9 -8 -9 13 19 -12 12 -14 -15 27 16 -18 -19 -20 -21 -22 -23 23 -25 -26 -27 -28 -29 29 -31
leaf_value=0.096656117846388015 -0.062966289974846754 -0.014315572432414481 -0.063708290652327679 0.017891372602551272 -0.034116848507415032 -0.014162344063082212 -0.019345124550230654 0.061572778710874722 -0.051926595810196652 0.040475971761569786 -0.0018094264993355315 -0.077785538703816173 -0.0054458232151988646 -0.023795739039885213 0.060290753061354521 0.10802841576710241 0.039967263656587232 0.011674189546241732 -0.050973914973604734 0.0044081489362140401 -0.022561340837259625 0.073975345351166191 -0.0025324411207958697 0.028246927996126027 0.039314926694044017 0.019256943947470663 0.012642739543687177 0.03690256156598002 0.1011424727635058 -0.031099556722018962
leaf_weight=4764.6420375928283 5661.5573993101716 14361.747443974018 7111.2601764276624 10738.91973220557 25023.453067794442 11117.954781398177 19614.308602765203 28272.822263717651 1679.4244623146951 4768.4653425365686 19220.730590209365 49494.0091060251 3179.1996454074979 16267.179437991232 7084.0001205205917 24.188563011586666 1109.1949764713645 10130.159347228706 38681.901123158634 9213.3253615275025 10740.361762806773 9796.7303299531341 16151.88502869755 6687.2972568422556 4668.0105401091278 24742.235998176038 9878.0735828913748 17424.740415968001 51.567626282572746 72.743368059396744
leaf_count=12454 26439 44348 17961 27691 76206 51556 62174 68302 8646 23064 59345 153528 11549 79104 17556 80 3906 31753 122405 26482 31152 26086 71970 27767 21099 119420 44545 44572 155 183
internal_value=-0.000171634 -0.000881384 -0.00148425 0.00264303 -0.00170776 0.000198144 -0.00203127 0.0034242 -0.000528856 0.000723981 -0.000765825 -0.00222949 -0.00237817 -0.000288548 0.00169372 2.52481e-05 0.00292422 -0.000108905 -0.00245204 0.0010948 -0.00146857 0.00435969 0.000151802 0.000289812 0.00132563 0.00115589 -4.23883e-05 0.00207349 -0.00222284 0.00439297
internal_weight=387732 309650 198691 78081.9 173065 110960 128821 42834.2 46571.7 64388.1 44244.2 109207 91355.1 40785.8 35247.7 25625.3 1133.38 24491.9 88175.9 43392 17851.6 14561.4 24518.6 22839.2 34178.7 29510.7 20996 24508.7 5785.87 124.311
internal_count=1311498 1114837 614407 196661 534320 500430 398769 106842 214264 286166 135551 336595 287482 187487 89819 80087 3986 76101 275933 190065 49113 38540 108383 99737 163583 142484 96101 62128 26777 338
is_linear=0
shrinkage=0.05


Tree=12
num_leaves=31
num_cat=0
split_feature=16 16 16 3 4 10 10 1 16 4 4 3 3 10 16 1 16 7 10 10 1 16 3 8 1 10 7 10 1 8
split_gain=277.561 69.18 26.2487 23.0745 20.1864 17.2581 11.7779 8.72329 6.89342 6.75523 6.17491 4.41617 3.92897 3.88375 3.88254 3.852 3.81466 4.54526 3.74585 3.67039 3.58568 3.25134 2.94233 2.93531 2.68596 2.33267 2.31913 2.28768 2.212 2.1212
threshold=0.76640384685231278 0.81218281370748857 0.74058505004740149 1.0000000180025095e-35 2.5000000000000004 7.4504533262904724 7.2370010984580881 1294.5000000000002 0.70095262182836504 1.5000000000000002 2.5000000000000004 1.0000000180025095e-35 1.0000000180025095e-35 7.2206415061341351 0.97182285662211954 1455.5000000000002 0.93504912530908568 1.0000000180025095e-35 6.9109568050123915 6.6773997267357688 3522.5000000000005 0.79235388637407622 1.0000000180025095e-35 1.0000000180025095e-35 611.50000000000011 0.00230835222093671 1.0397207708399181 5.8568961415879626 1717.5000000000002 1.0000000180025095e-35
decision_type=2 2 2 2 2 2 2 2 2 2 2 2 2 2 2 2 2 2 2 2 2 2 2 2 2 2 2 2 2 2
left_child=2 4 8 16 9 7 11 14 23 12 13 24 -2 22 -5 -7 19 -18 26 -3 29 28 -4 -1 -6 -16 -11 -12 -13 -9
right_child=1 3 10 5 6 15 -8 20 -10 18 27 21 -14 -15 25 -17 17 -19 -20 -21 -22 -23 -24 -25 -26 -27 -28 -29 -30 -31
leaf_value=0.09182331195406862 0.0021272750555100918 -0.01626514872570697 0.039580086309838114 -0.068738458272758582 0.0085369435380449055 -0.035589972872243081 0.021522532099024706 -0.033147035268066463 0.058494139775331001 0.0078056460597878408 0.030842688828129551 -0.0054454547258564918 -0.054931996168507594 0.035177972244701337 0.16243538919766087 -0.004753378356770011 0.10262699497874728 0.037968900473757873 0.0047055963423437326 0.010420609398589686 -0.016404540972416195 -0.014820996468808235 -0.013501382189667588 0.070276578083607877 0.045516587985704154 0.038401597767535246 -0.030581616886640253 0.044701410045771661 0.014400412996374179 -0.051394849369514578
leaf_weight=4764.6420375928283 2414.7385693900287 12365.697213813663 1775.1902429684997 58362.397189296782 5257.7907797470689 21465.316610440612 28655.452068004757 14502.390555784106 28272.822263717651 3319.6335168704391 10435.13350649178 15985.531175009906 13161.739453677088 4829.3112893253565 17.954086326062679 15459.449804358184 24.188563011586666 1109.1949764713645 13160.776480898261 8322.8681041002274 10401.55737234652 21419.308569833636 6601.8302004560828 9796.7303299531341 2877.1836370155215 232.94517051428556 15644.932894021273 18579.06403209269 13094.529713843018 25421.789084002376
leaf_count=12454 10525 38656 4680 182096 22358 66808 119629 45156 68302 13754 26520 85893 52482 12422 60 48819 80 3906 55886 26394 33778 62390 16135 26086 12637 820 68708 47363 64969 81732
internal_value=-0.000183759 -0.000892917 0.00233986 -0.00157115 -5.04263e-05 -0.00179801 0.000401567 -0.00211464 0.00321191 -0.000877531 0.00145514 -4.45562e-06 -0.00173203 0.000558871 -0.00252923 -0.000863837 -5.47416e-05 0.00276967 -0.000463214 -0.000209471 -0.00163178 -0.000178617 -9.21614e-05 0.00409576 0.00107668 0.00367727 -0.000912984 0.00186309 0.000165704 -0.0018472
internal_weight=387732 302677 85054.7 167686 134992 145864 87289.8 108939 42834.2 47701.8 42220.5 58634.3 15576.5 13206.3 58613.3 36924.8 21821.9 1133.38 32125.3 20688.6 50325.7 50499.4 8377.02 14561.4 8134.97 250.899 18964.6 29014.2 29080.1 39924.2
internal_count=1311498 1097536 213962 528305 569231 459269 367876 343642 106842 201355 107120 248247 63007 33237 182976 115627 69036 3986 138348 65050 160666 213252 20815 38540 34995 880 82462 73883 150862 126888
is_linear=0
shrinkage=0.05


Tree=13
num_leaves=31
num_cat=0
split_feature=16 16 3 10 16 10 1 1 16 1 3 3 16 16 16 7 10 1 16 1 10 16 8 16 10 10 7 7 7 7
split_gain=245.523 68.7341 23.0215 19.7384 17.8501 14.4017 8.01121 7.05551 6.19241 5.16785 5.38365 4.33667 4.15427 4.04913 3.35478 5.70769 3.62 2.99239 2.87417 2.81612 2.7025 2.69654 2.54562 2.52271 2.36571 2.35404 2.2611 2.07395 2.83984 2.45371
threshold=0.76314558284360301 0.80172580346046063 1.0000000180025095e-35 6.6358533115328004 0.74058505004740149 5.9543849063635728 2643.5000000000005 1717.5000000000002 0.70095262182836504 3273.5000000000005 1.0000000180025095e-35 1.0000000180025095e-35 0.90056769624314192 0.83375273960117646 0.97182285662211954 1.0000000180025095e-35 6.6358533115328004 1494.5000000000002 0.83523104476989685 950.50000000000011 5.8568961415879626 0.97182285662211954 1.0000000180025095e-35 0.6262678782415706 7.9504083152704217 7.9292096708947346 1.0397207708399181 1.0397207708399181 2.1383330595080281 2.524928003624769
decision_type=2 2 2 2 2 2 2 2 2 2 2 2 2 2 2 2 2 2 2 2 2 2 2 2 2 2 2 2 2 2
left_child=4 5 14 6 8 11 12 18 23 10 -7 -2 13 -4 16 -16 26 -13 -5 -12 -6 25 -15 -1 -21 -20 -3 -19 -29 -30
right_child=1 2 3 7 20 9 -8 -9 -10 -11 19 17 -14 22 15 -17 -18 27 21 24 -22 -23 -24 -25 -26 -27 -28 28 29 -31
leaf_value=0.093770404327744666 0.016225443567148546 0.0066040648517510462 -0.049144134651583141 -0.024244615811267512 0.021282507736622769 0.032082097973146428 -0.022503596049801722 -0.0058426471441151767 0.055569432786564434 0.029447752622095136 -0.0061465566534144147 -0.029485348583599261 -0.011709891136943408 -0.054862048872345297 0.10074228638886754 0.06001678715768044 0.011132904226990892 0.021301503949842052 -0.055197261876344175 0.0063928599393506154 0.038386080445190186 0.071052953321510431 -0.082172031104681728 0.068046052482468242 0.02399391277783347 -0.023427876978040899 -0.02074316929470741 -0.056648376644968051 0.038937835246685995 -0.012275024863216234
leaf_weight=2877.2709763422608 7110.5444265678525 3731.5446565076709 38837.60850135982 23816.581204600632 13004.09246968478 9162.1516908071935 16635.880606278777 25145.18995539844 28272.822263717651 8329.9759341217577 16018.015051979572 21269.037697635591 3202.4973228275776 18372.787292383611 19.18215661495924 489.50565659999847 10442.508722804487 3407.3350282497704 17609.259032890201 23526.836654160172 22243.567799009383 282.86255423724651 21888.31482885778 11684.101391203701 7351.0862755700946 7274.242775760591 10942.54913815856 1569.5459833405912 1557.293804384768 11657.897639319301
leaf_count=8879 32397 11308 112220 69735 33015 41843 52611 78396 68302 35422 73352 100663 11077 57718 58 1692 32902 14439 57329 105702 56804 1042 71593 29661 29847 22599 34127 6677 6530 53558
internal_value=-0.000193127 -0.000824942 -0.00138163 -0.00158873 0.00231247 0.0001719 -0.00205094 -0.000971841 0.00299825 0.000656354 0.00048368 -0.000497886 -0.00225322 -0.0023247 1.70477e-05 0.00403701 -6.43689e-05 -0.000702697 -0.00132134 0.000267099 0.00147908 -0.00169393 -0.00267605 0.00383595 0.000546166 -0.00174911 -0.000570742 -0.000231908 -0.000488196 -0.000249382
internal_weight=387732 309650 198691 173065 78081.9 110960 98937.1 74128.1 42834.2 64388.1 56058.1 46571.7 82301.2 79098.7 25625.3 508.688 25116.6 39461.1 48982.9 46895.9 35247.7 25166.4 40261.1 14561.4 30877.9 24883.5 14674.1 18192.1 14784.7 13215.2
internal_count=1311498 1114837 614407 534320 196661 500430 305219 229101 106842 286166 250744 214264 252608 241531 80087 1750 78337 181867 150705 208901 89819 80970 129311 38540 135549 79928 45435 81204 66765 60088
is_linear=0
shrinkage=0.05


Tree=14
num_leaves=31
num_cat=2
split_feature=16 16 16 3 4 10 10 3 2 4 4 16 2 16 8 7 16 7 10 10 0 7 7 7 10 16 7 8 3 0
split_gain=218.534 59.0274 19.2872 18.8227 17.7555 15.4687 10.3056 6.34374 6.19846 6.08137 5.35574 5.33024 5.00018 3.48342 3.46505 3.94734 3.38144 4.63301 3.19575 3.18184 3.13104 3.08045 4.53809 4.82852 3.71529 2.89081 2.82013 2.66528 2.46359 2.38856
threshold=0.76640384685231278 0.81327991938713906 0.74058505004740149 1.0000000180025095e-35 2.5000000000000004 6.7390887783039695 6.0069386946268866 1.0000000180025095e-35 0 1.5000000000000002 2.5000000000000004 0.70095262182836504 1 0.90374560103526036 1.0000000180025095e-35 3.0201273556387074 0.93504912530908568 1.0000000180025095e-35 7.2206415061341351 6.6773997267357688 57.500000000000007 1.0397207708399181 2.1383330595080281 2.524928003624769 1.0000000180025095e-35 0.79345724859238753 3.1132683346437333 1.0000000180025095e-35 1.0000000180025095e-35 125.50000000000001
decision_type=2 2 2 2 2 2 2 2 1 2 2 2 1 2 2 2 2 2 2 2 2 2 2 2 2 2 2 2 2 2
left_child=2 4 11 16 7 8 14 -2 27 -9 18 -1 -7 -10 15 21 19 -18 28 -3 -11 24 -23 -24 -6 -8 -17 -5 -4 -13
right_child=1 3 10 5 6 12 25 9 13 20 -12 29 -14 -15 -16 26 17 -19 -20 -21 -22 22 23 -25 -26 -27 -28 -29 -30 -31
leaf_value=0.070242393606154294 0.013103528852950231 -0.016491909480929313 0.035891654074552991 -0.023202765770107849 -0.046365407874981293 -0.010855248825069675 0.021941200066930035 -0.050896907536227512 -0.066440754468300181 -0.028711254364689645 0.036561234484593051 0.051171744109837741 -0.040326360134249534 -0.015361083876173055 -0.018651115958005927 0.094924095399085445 0.092458530910366543 0.033745004188011851 0.031936670798896442 0.0092388401656748886 -0.0022321627290709414 -0.056651834249675043 0.034851337347551727 -0.042065413861222693 0.023978055652097565 0.005438280363122861 0.028951055499976387 -0.045678020162220535 -0.013787287012411121 0.093830939424374551
leaf_weight=14561.372367545962 7269.0338768698275 12161.799479149282 1775.1902429684997 14284.218243412673 1518.6127123124897 24493.216248646379 31462.686441700906 13206.8911251463 48767.476640947163 15931.116960246116 29014.197538584471 27715.72122079879 33645.934899695218 2248.3683853894472 18030.911698408425 861.30098220333457 24.188563011586666 1109.1949764713645 4829.3112893253565 8171.5208409875631 12361.30312417075 3028.8650974594057 3169.6779089905322 2402.8517221920192 5753.0631843954325 20295.243704274297 2837.4629959985614 19642.425776697695 6601.8302004560828 557.10104291886091
leaf_count=38540 31700 38024 4680 44867 7148 78066 155574 52631 151064 68363 73883 67054 105661 7828 79195 3646 80 3906 12422 25939 51536 12356 12805 9662 22424 58691 12324 64046 16135 1248
internal_value=-0.000205954 -0.000835204 0.00203331 -0.00147494 -7.31052e-05 -0.00168208 0.000345679 -0.000840464 -0.00211219 -0.00107913 0.00127492 0.00278083 -0.00105368 -0.00246098 -0.000284281 0.000176409 -9.43236e-05 0.00256367 0.00044022 -0.000242481 -0.000665592 -0.000166363 -0.000806805 3.99078e-05 0.000591192 0.000803352 0.0016474 -0.00158651 -0.000150338 0.00238055
internal_weight=387732 302677 85054.7 164548 138129 143082 89360.7 48768.3 84942.5 41499.3 42220.5 42834.2 58139.2 51015.8 37602.7 19571.8 21466.7 1133.38 13206.3 20333.3 28292.4 15873.1 8601.39 5572.53 7271.68 51757.9 3698.76 33926.6 8377.02 28272.8
internal_count=1311498 1097536 213962 519481 578055 451532 373825 204230 267805 172530 107120 106842 183727 158892 159560 80365 67949 3986 33237 63963 119899 64395 34823 22467 29572 214265 15970 108913 20815 68302
cat_boundaries=0 1 2
cat_threshold=3 3
is_linear=0
shrinkage=0.05


Tree=15
num_leaves=31
num_cat=0
split_feature=16 16 10 10 3 16 3 1 3 17 1 0 1 16 1 8 3 16 16 7 1 16 16 8 10 16 0 10 16 16
split_gain=198.543 64.7738 19.7178 16.0289 10.7521 9.99001 7.4304 6.24298 5.9483 5.64296 5.46876 5.30084 5.05325 4.44768 4.37532 3.57212 3.50817 3.29719 3.09533 4.69621 2.53592 2.52491 2.52198 2.4816 2.45292 2.43088 2.30363 2.112 2.15905 1.92126
threshold=0.75969361271235591 0.81055355588102429 6.6358533115328004 6.3297016685451188 1.0000000180025095e-35 0.70095262182836504 1.0000000180025095e-35 1162.5000000000002 1.0000000180025095e-35 0.66656010559132584 1181.5000000000002 55.500000000000007 1849.5000000000002 0.79114117603690937 1797.5000000000002 1.0000000180025095e-35 1.0000000180025095e-35 0.90374560103526036 0.97182285662211954 1.0000000180025095e-35 646.50000000000011 0.90748563302870633 0.97182285662211954 0.89587973461402759 5.905479208128825 0.7503268675834982 55.500000000000007 7.846586089027463 0.83523104476989685 0.6262678782415706
decision_type=2 2 2 2 2 2 2 2 2 2 2 2 2 2 2 2 2 2 2 2 2 2 2 2 2 2 2 2 2 2
left_child=5 3 4 8 18 29 -4 17 20 13 22 24 23 -5 16 21 -11 -6 -3 -20 -2 -9 -8 -10 -7 -13 -14 28 -12 -1
right_child=1 2 6 9 7 11 10 15 12 14 27 25 26 -15 -16 -17 -18 -19 19 -21 -22 -23 -24 -25 -26 -27 -28 -29 -30 -31
leaf_value=0.085953260089324343 0.0026208993746854592 -0.013247115045716341 0.009890837442669477 0.010252259576224844 -0.06774550008166845 0.015936727436812872 -0.042765215544578662 -0.028354089580170119 -0.0196825700143759 0.033041683757561648 -0.0056706008649440422 0.059635799659455917 -0.015144207876062367 -0.017025518523332294 0.026787892860523944 -0.045420296112597618 0.0063082224799829948 -0.013579202952343073 0.091082245523905814 0.064034835277439403 0.039557062922041863 0.03238001386936662 0.072238258624751861 -0.040196119102888894 0.039388079757016706 0.035889482571582441 0.0083744367494759334 -5.5125939975608774e-05 -0.028789099999559566 0.06265099497649991
leaf_weight=2828.8826368302107 7601.5383504405618 12905.725677989423 9245.2846692353487 16124.868675038218 40108.741726763546 9850.2938367947936 29351.115388534963 18659.325148776174 21169.691472947598 6734.2455994598567 9843.6625162735581 22159.954265214503 9742.5339430682361 11344.783218979836 15346.776676226407 25218.917457439005 24922.496714733541 1864.3288389518857 17.922422647476196 277.1117047816515 2861.3519083112478 463.49591669440269 228.34723114967346 16555.608152098954 16622.596313714981 8000.7368312850595 11523.848132297397 12092.603706799448 12204.806969448924 11666.506959602237
leaf_count=8791 30941 40293 29655 20332 123255 24820 91654 57703 85598 38434 30417 53851 39573 14332 85867 81304 144207 6513 54 913 12172 1685 831 72324 41480 20604 46164 37268 40158 29641
internal_value=-0.000211565 -0.00074815 -0.00140165 3.49986e-05 -0.00185942 0.00217537 -0.000777322 -0.00206266 -0.000511387 0.000544564 -0.000969514 0.00187559 -0.000706257 -2.47635e-05 0.000877289 -0.00164895 0.000541408 -0.00249973 -0.000530449 0.00453338 0.00058733 -0.00113358 -0.00146716 -0.00105371 0.00135926 0.00232878 -8.99047e-05 -0.000538361 -0.0008296 0.00334663
internal_weight=387538 316409 172481 143928 99515.6 71129 72965.8 86314.8 69454.6 74473.2 63720.5 56633.6 58991.7 27469.7 47003.5 44341.7 31656.7 41973.1 13200.8 295.034 10462.9 19122.8 29579.5 37725.3 26472.9 30160.7 21266.4 34141.1 22048.5 14495.4
internal_count=1310834 1131647 541703 589944 311720 179187 229983 270460 286772 303172 200328 140755 243659 34664 268508 140692 182641 129768 41260 967 43113 59388 92485 157922 66300 74455 85737 107843 70575 38432
is_linear=0
shrinkage=0.05


Tree=16
num_leaves=31
num_cat=0
split_feature=16 16 10 16 16 10 16 16 3 1 3 0 0 16 3 1 1 3 1 1 16 10 1 11 18 8 1 10 10 18
split_gain=179.358 47.6635 25.4651 11.9949 10.1476 10.1133 8.14028 6.88268 6.87326 6.06652 6.04116 4.02064 3.68046 3.53627 3.42162 4.17999 3.37791 3.52519 3.19187 3.13473 2.99858 5.27455 2.7959 2.67087 2.59006 2.57127 2.01697 2.0092 1.92191 1.82042
threshold=0.78674518472911437 0.75487371117856195 6.6358533115328004 0.81327991938713906 0.91167763378283551 7.0910595020580098 0.83426495118380328 0.70095262182836504 1.0000000180025095e-35 1231.5000000000002 1.0000000180025095e-35 66.500000000000014 55.500000000000007 0.90374560103526036 1.0000000180025095e-35 1905.5000000000002 5086.5000000000009 1.0000000180025095e-35 2182.5000000000005 1181.5000000000002 0.97182285662211954 1.0000000180025095e-35 1702.5000000000002 1.0000000180025095e-35 1.0375000000000003 1.0000000180025095e-35 475.50000000000006 1.0000000180025095e-35 4.7466181426221139 0.98750000000000016
decision_type=2 2 2 2 2 2 2 2 2 2 2 2 2 2 2 2 2 2 2 2 2 2 2 2 2 2 2 2 2 2
left_child=1 7 3 11 8 14 16 -1 -5 -10 -8 23 -9 18 -3 28 17 -4 -12 -19 -6 26 -7 29 -21 -11 -22 -25 -16 -2
right_child=2 5 6 4 20 22 10 12 9 25 13 -13 -14 -15 15 -17 -18 19 -20 24 21 -23 -24 27 -26 -27 -28 -29 -30 -31
leaf_value=0.063698299823114632 -0.021446029863858487 0.019755351517722453 0.017567153031746673 -0.016814304886692222 0.0045791602720280265 0.015994548290154498 0.0091372159311225772 0.033437137222749547 -0.063756169881315827 -0.026774834997224994 -0.043464035665904954 -0.0010001610593223021 0.05425152179896009 0.0036599637421330213 -0.029109968445177704 0.010189143013939007 0.022806947451163986 -0.020407596007637131 -0.0097428924530587949 0.0053025565913619403 0.1383417112166172 0.056635418523867109 0.030687154983013665 -0.063819181400345371 -0.017344429306607758 -0.043878990256092501 0.13885335748736916 0.011270871860363352 -0.0051474966847029346 -0.042517951342404575
leaf_weight=14495.389596432447 11109.154509656131 8764.6359426602721 7064.8615404590964 11507.951363071799 2717.4019595384598 20878.967895578593 5992.1558236554265 22621.873615466058 41521.604187451303 16682.250837989151 26691.615228064358 12483.65873811394 25761.610292054713 3657.5226719528437 13134.682079933584 15915.913929406554 2780.9784728214145 22146.60622754693 7326.5875416174531 20745.683578126132 20.065340898931026 548.00217055529356 11415.572665654123 969.04298783838749 6660.1946986317635 22050.140110515058 17.633861623704433 3655.9297614619136 16007.841452885419 12192.573980867863
leaf_count=38432 44307 41642 21364 35781 9588 102887 19478 56281 128429 51978 84720 35650 63224 12811 68830 76088 8265 64061 23841 72610 63 1823 53249 2902 7737 71548 54 10354 80696 22141
internal_value=-0.000220458 0.00114057 -0.00107058 -0.00152117 -0.00182791 0.000376416 -0.000478288 0.00218714 -0.00192592 -0.00208979 -0.000996536 -0.000799564 0.00190081 -0.00123107 -4.3296e-05 -0.000219121 -9.72873e-05 -0.000180854 -0.00138991 -0.000329826 0.000894852 0.00413979 0.00107592 -0.00113302 2.76686e-05 -0.00163969 0.0222302 -3.54613e-05 -0.000575016 -0.00135086
internal_weight=387538 148996 238542 135475 95065 86117.6 103066 62878.9 91761.9 80254 43667.9 40410.4 48383.5 37675.7 53823.1 45058.4 59398.3 56617.3 34018.2 49552.5 3303.1 585.701 32294.5 27926.7 27405.9 38732.4 37.6992 4624.97 29142.5 23301.7
internal_count=1310834 581329 729505 414618 299264 423392 314887 157937 287736 251955 140850 115354 119505 121372 267256 225614 174037 165772 108561 144408 11528 1940 156136 79704 80347 123526 117 13256 149526 66448
is_linear=0
shrinkage=0.05


Tree=17
num_leaves=31
num_cat=0
split_feature=16 16 10 10 3 1 3 1 16 0 1 0 16 16 1 1 3 17 16 10 3 16 11 10 16 16 10 1 3 10
split_gain=162.887 52.4382 20.4514 11.2649 10.8598 7.9122 6.57802 6.29941 6.00596 4.96873 3.32132 3.197 3.16059 3.92932 3.0347 2.95297 2.85251 2.7977 2.66004 4.77405 2.54708 2.35984 2.27652 3.16364 2.2384 2.47855 2.15285 1.95959 1.94301 1.80202
threshold=0.79735433676339496 0.75487371117856195 6.6358533115328004 7.0735233155969857 1.0000000180025095e-35 1670.5000000000002 1.0000000180025095e-35 1181.5000000000002 0.70095262182836504 52.500000000000007 1686.5000000000002 58.500000000000007 0.90748563302870633 0.82340483352627902 4022.5000000000005 4911.5000000000009 1.0000000180025095e-35 0.67112732600106184 0.97182285662211954 1.0000000180025095e-35 1.0000000180025095e-35 0.82055312402580527 1.0000000180025095e-35 0.00230835222093671 0.97182285662211954 0.84649134540172921 5.2487550259060098 5746.5000000000009 1.0000000180025095e-35 5.5747840338677612
decision_type=2 2 2 2 2 2 2 2 2 2 2 2 2 2 2 2 2 2 2 2 2 2 2 2 2 2 2 2 2 2
left_child=1 8 4 9 18 12 -4 24 -1 28 20 26 13 -6 16 17 -11 -9 -2 -20 -5 -19 27 -24 25 -8 -10 -7 -3 -18
right_child=2 3 6 10 5 22 7 15 11 14 -12 -13 -14 -15 -16 -17 29 21 19 -21 -22 -23 23 -25 -26 -27 -28 -29 -30 -31
leaf_value=0.060513384831958922 -0.0097206249601631267 0.0084584571370092572 0.0095615213226766041 0.030757012586279053 -0.039711863304341538 -0.033263866382310429 -0.026944500423732445 -0.021204075855601578 0.015038435171922916 0.023285547887137704 0.025206100305955426 0.052485408643489696 -0.0026767495965323465 -0.059741921361203244 0.031568236723958303 0.014546157907125323 -0.011948032935663556 0.0094339022741012808 0.079611047686879655 0.058001322587374074 0.0068828444563313607 -0.010835124959542154 -0.063040334773835818 0.011642024622910085 0.068443347506407598 -0.045726244657086482 0.039696085046181523 -0.0038073753354045618 -0.019741115698652625 0.0078961858575230526
leaf_weight=14495.389596432447 15656.668218806386 4916.4276166036725 11344.247865617275 6113.1317471899092 23737.231597803533 27206.527729004622 22062.188434459269 14551.18786239624 7317.096399910748 6308.8617428317666 15339.668834578246 22959.177628532052 1940.4470547437668 42975.652125969529 4301.7432590425014 3787.7868515923619 16715.999663516879 8168.3382285088301 17.922422647476196 277.1117047816515 21481.700433000922 16526.366965487599 1318.600345864892 3852.5844682231545 228.34723114967346 13558.61328432709 18107.209879077971 3503.987006880343 26081.915359653533 12685.971503894776
leaf_count=38432 48272 21433 35754 27050 65944 85282 65164 18915 18297 27509 65091 56344 7072 136032 18140 11786 76516 32474 54 913 95452 69494 4224 11578 831 43366 44864 11169 118570 54812
internal_value=-0.000224753 0.00089425 -0.00116378 0.000254623 -0.00159005 -0.00177549 -0.000594557 -0.000756456 0.00205334 -0.000131944 0.000893981 0.00178587 -0.00208997 -0.00214782 0.000236186 -0.000348641 8.50553e-05 -0.000477314 -0.000374882 0.00432865 0.0005661 -0.000153258 -0.00117378 -0.000203233 -0.001246 -0.00127764 0.00139964 -0.00133721 -0.000607125 -0.000121945
internal_weight=387538 176824 210714 113945 120487 104535 90227.1 78882.8 62878.9 71010.9 42934.5 48383.5 68653.3 66712.9 40012.6 43033.7 35710.8 39245.9 15951.7 295.034 27594.8 24694.7 35881.7 5171.18 35849.1 35620.8 25424.3 30710.5 30998.3 29402
internal_count=1310834 662510 648324 504573 370540 321301 277784 242030 157937 316980 187593 119505 209048 201976 176977 132669 158837 120883 49239 967 122502 101968 112253 15802 109361 108530 63161 96451 140003 131328
is_linear=0
shrinkage=0.05


Tree=18
num_leaves=31
num_cat=0
split_feature=16 16 10 10 3 1 3 1 16 16 0 8 8 1 3 16 16 7 0 8 7 7 7 7 7 7 16 16 1 10
split_gain=146.253 45.3859 19.5206 10.1004 9.90485 6.38249 6.32194 7.44324 5.38353 3.8646 3.78451 3.50345 3.4497 3.37819 3.02165 2.90349 2.65645 4.74548 2.60469 2.45064 2.85343 2.77182 4.1318 3.15928 2.41038 2.20341 2.10596 2.19859 2.0661 1.93431
threshold=0.79735433676339496 0.75487371117856195 6.3297016685451188 6.3297016685451188 1.0000000180025095e-35 1383.5000000000002 1.0000000180025095e-35 1717.5000000000002 0.70095262182836504 0.83426495118380328 56.500000000000007 1.0000000180025095e-35 1.0000000180025095e-35 1686.5000000000002 1.0000000180025095e-35 0.90374560103526036 0.97182285662211954 1.0000000180025095e-35 55.500000000000007 0.89587973461402759 3.0201273556387074 1.0397207708399181 2.1383330595080281 2.524928003624769 1.0000000180025095e-35 3.0201273556387074 0.90056769624314192 0.82340483352627902 4911.5000000000009 7.7301819049598004
decision_type=2 2 2 2 2 2 2 2 2 2 2 2 2 2 2 2 2 2 2 2 2 2 2 2 2 2 2 2 2 2
left_child=1 8 4 10 16 11 -4 9 -1 -8 -3 26 25 14 -5 29 -2 -18 -10 20 21 24 -23 -24 -12 -7 27 -6 -9 -11
right_child=2 3 6 13 5 12 7 28 18 15 19 -13 -14 -15 -16 -17 17 -19 -20 -21 -22 22 23 -25 -26 -27 -28 -29 -30 -31
leaf_value=0.057487715590360991 -0.0096152468550840375 -0.016777477941058726 0.0076892196485301772 0.027118023904990587 -0.029839927798234057 -0.024359020373763141 -0.017315367652472834 -0.006053770279765525 0.030207222899426789 -0.051383921763674789 -0.040030373458170621 -0.062583747529725176 -0.037985713068380278 0.021147016908150507 0.0036605954937361409 -0.00023407345019612615 0.075630495302535655 0.061839466182431663 0.049121096134784638 -0.0091943936585680234 0.048318825031079898 -0.052254939637478695 0.044877197980005515 -0.029087421886542144 0.034641487831733112 0.0065756563700969384 0.0083855982177477809 -0.049596183349904503 0.013028002324976385 -0.031034343522466569
leaf_weight=14495.389596432447 14236.829797320068 28335.687784150243 12777.822286009789 8555.2514646835625 8898.3784503787756 15119.852634198964 29341.268095679581 26242.97661742568 22621.873615466058 16828.452181622386 806.12883162125945 26618.276021644473 22280.808878213167 21328.992901094258 29728.289890240878 2925.7445060312748 17.922422647476196 263.37570587545633 25761.610292054713 10826.139495205134 3805.7155698984861 2124.1535573452711 2318.6687710098922 1852.2855943590403 4264.1063007041812 3504.7808922082186 1165.3353148177266 16607.562869355083 4323.336056612432 9561.0866682231426
leaf_count=38432 43942 128199 40136 37839 24036 46055 85124 80966 56281 53478 4192 83049 70920 90811 132424 10197 54 861 63224 50398 16796 9212 9670 7910 17122 10968 4026 51290 13428 29794
internal_value=-0.000228307 0.000832022 -0.0011181 0.000236959 -0.00158426 -0.00177163 -0.00062127 -0.000770235 0.00191036 -0.0010999 -0.000256132 -0.00213222 -0.00130186 0.000686379 0.000405433 -0.00150593 -0.0003686 0.00444299 0.00165713 0.000179527 0.000589613 0.000192812 -0.000507955 0.000406187 0.00106287 -0.000799642 -0.00172721 -0.00182218 -0.000137605 -0.00167162
internal_weight=387538 176824 210714 113945 108713 94195 102001 89222.9 62878.9 58656.6 54332.9 53289.6 40905.4 59612.5 38283.5 29315.3 14518.1 281.298 48383.5 25997.2 15171.1 11365.3 6295.11 4170.95 5070.24 18624.6 26671.3 25505.9 30566.3 26389.5
internal_count=1310834 662510 648324 504573 335201 290344 313123 272987 157937 178593 243499 162401 127943 261074 170263 93469 44857 915 119505 115300 64902 48106 26792 17580 21314 57023 79352 75326 94394 83272
is_linear=0
shrinkage=0.05


Tree=19
num_leaves=31
num_cat=0
split_feature=16 16 10 4 8 16 4 4 16 16 16 10 16 16 10 7 7 7 16 16 4 17 0 16 7 10 10 7 7 0
split_gain=132.582 34.4738 20.4202 12.7887 9.93194 8.01414 10.5783 6.3613 5.66431 5.75602 5.08267 4.81452 3.97896 3.93631 3.39119 3.27415 4.16828 7.09933 2.55664 2.47866 2.38708 2.37547 2.192 2.1846 5.03522 2.11321 2.11125 2.07256 5.01011 2.0516
threshold=0.78950820384860276 0.7503268675834982 6.3297016685451188 1.5000000000000002 1.0000000180025095e-35 0.83426495118380328 2.5000000000000004 3.5000000000000004 0.90374560103526036 0.81327991938713906 0.91167763378283551 7.004218655558728 0.8127814019877837 0.6500768209777964 7.846586089027463 1.0000000180025095e-35 1.0397207708399181 2.3502401828962087 0.76232687082252271 0.75969361271235591 2.5000000000000004 0.67112732600106184 55.500000000000007 0.97182285662211954 1.0000000180025095e-35 3.9222416602221082 7.2061565359679971 2.524928003624769 2.9174053685313028 51.500000000000007
decision_type=2 2 2 2 2 2 2 2 2 2 2 2 2 2 2 2 2 2 2 2 2 2 2 2 2 2 2 2 2 2
left_child=1 13 4 18 8 6 -4 11 9 -2 14 -5 20 -1 -7 -11 -17 -18 19 -3 -6 -8 -9 -10 -25 -14 -20 -19 -29 -15
right_child=2 3 5 7 12 10 21 22 23 15 -12 -13 25 29 -16 16 17 27 26 -21 -22 -23 -24 24 -26 -27 -28 28 -30 -31
leaf_value=0.065239520287095593 -0.0074973813064890486 -0.014133601147783725 -0.023254941837370691 -0.0055725272362346263 -0.049115638837454428 -0.034178770966210296 -0.0018408895319858233 0.013461221485490294 0.011902847685238882 -0.07845266786123338 0.01382313272440432 0.015035426875803859 -0.05827497826406032 0.032180310736111432 -0.011461034616391474 -0.011990168149237236 -0.057981604741343423 -0.0047720397204567668 -0.054893669758697389 0.08595030044524532 -0.019012372085399187 0.012730008814797312 0.028726561637294524 0.13113918322472559 0.057926420618734209 -0.043769850385563136 -0.010079153911496608 -0.056079673626388993 -0.014463499941353897 0.048765552059745601
leaf_weight=4499.1529058888555 16086.401731900871 985.47220236808062 24677.421850867569 30230.933217518032 5469.6224061995745 31489.956941910088 14996.984576225281 16843.290518090129 1974.1757233664393 3026.8087346553802 4011.7071467339993 20716.053264401853 14101.660205729306 20011.023587360978 13845.708899356425 11927.396202474833 8481.5921100154519 5215.7143807113171 6289.6881092339754 343.39205472171307 10650.253554172814 23593.789899669588 21928.265800666064 37.69920252263546 341.64424230903387 28888.890460819006 2823.3596837818623 4890.9754333272576 7522.1680314466357 31636.89998408407
leaf_count=13216 45384 2907 70522 144128 14829 101272 19448 76010 6885 10041 14158 95633 44912 49640 43238 35425 25630 15872 31991 967 31560 95051 96188 117 1128 93730 14894 14975 23696 77387
internal_value=-0.000228032 0.000896802 -0.000988399 0.000340846 -0.00144623 -0.000506176 -0.000133665 0.000533591 -0.000990222 -0.00108922 -0.000983771 0.00016631 -0.00190528 0.00188857 -0.00113472 -0.00140328 -0.00127734 -0.0016311 -0.00131525 0.000733583 -0.00123535 0.000383337 0.00101621 0.00141371 0.00488886 -0.00215648 -0.00161401 -0.00105922 -0.00141065 0.001765
internal_weight=387538 156308 231231 100160 118615 112616 63268.2 89718.5 59504.6 57151.1 49347.4 50947 59110.4 56147.1 45335.7 41064.7 38037.8 26110.4 10441.9 1328.86 16119.9 38590.8 38771.6 2353.52 379.343 42990.6 9113.05 17628.9 12413.1 51647.9
internal_count=1310834 602961 707873 462718 364184 343689 185021 411959 179153 171023 158668 239761 185031 140243 144510 125639 115598 80173 50759 3874 46389 114499 172198 8130 1245 138642 46885 54543 38671 127027
is_linear=0
shrinkage=0.05


Tree=20
num_leaves=31
num_cat=1
split_feature=16 16 10 3 4 2 10 8 0 4 16 16 16 4 16 7 3 4 3 16 7 16 4 4 7 10 7 16 7 0
split_gain=121.321 31.093 17.7391 12.635 10.8532 10.4663 6.41553 4.01132 3.62156 3.57995 5.0395 3.93886 3.5342 2.9972 4.82048 2.93657 2.7333 2.82478 2.72123 2.61545 3.94878 2.4685 2.96099 2.26543 2.20389 3.71661 3.55481 2.80306 2.34589 2.11123
threshold=0.79235388637407622 0.7503268675834982 7.4355970572708285 1.0000000180025095e-35 2.5000000000000004 0 6.9867790336588564 0.89587973461402759 55.500000000000007 3.5000000000000004 0.85382885972224343 0.89517497621427877 0.6262678782415706 3.5000000000000004 0.84575235855813069 3.4175922930736511 1.0000000180025095e-35 1.5000000000000002 1.0000000180025095e-35 0.93504912530908568 1.0000000180025095e-35 0.83523104476989685 1.5000000000000002 1.5000000000000002 1.0397207708399181 1.0000000180025095e-35 2.3502401828962087 0.97182285662211954 2.524928003624769 82.500000000000014
decision_type=2 2 2 2 2 1 2 2 2 2 2 2 2 2 2 2 2 2 2 2 2 2 2 2 2 2 2 2 2 2
left_child=1 12 3 19 6 9 16 15 -6 11 -11 -5 23 18 -15 24 -3 -18 -4 -2 -21 22 -9 -1 25 27 -26 -7 -28 -14
right_child=2 4 13 5 8 7 -8 21 -10 10 -12 -13 29 14 -16 -17 17 -19 -20 20 -22 -23 -24 -25 26 -27 28 -29 -30 -31
leaf_value=0.10195603915478456 -0.0048483164967127127 0.0065844147638246314 0.0098983033348764692 -0.03062091670985545 0.0059922894106876345 -0.083573446993462697 0.0095770343297854055 -0.090939630309877242 0.021710935109772178 -0.0016627176634698149 -0.040776533863626965 0.018089081068932391 0.035530857547293508 0.015310971800279294 -0.022508778750543048 -0.010972797819774716 -0.055375527127771322 -0.018860335827328933 -0.014723111868355643 0.064711462136060313 0.031453460195061789 -0.062653946636225574 -0.035616237331908267 0.057193878206627691 -0.060872813810565175 -0.016046559680710847 -0.010641011856130023 0.14256105916938533 -0.04236393918713887 0.054084657995786906
leaf_weight=518.61610520631075 20926.455525666475 3755.1030600890517 5541.1403758451343 35616.786912210286 32632.128553293645 2199.1824648603797 14146.372542466968 4016.7554602175951 38598.427654691041 18868.60441108048 4765.0376471653581 1436.895637921989 44962.505555555224 11484.12930136919 4906.1219338625669 5942.4829826727509 5766.531301561743 12603.386658169329 36523.510802298784 19.612161755561829 771.23629999160767 21071.078623779118 19325.16303409636 2358.7954126819968 7012.914102114737 9151.7374127134681 4421.8312225788832 17.197048537433147 9791.0888146013021 8556.6072294339538
leaf_count=1477 64605 17156 17197 109011 145796 7214 65580 11390 168011 58920 16105 5034 110966 34741 16119 18206 27790 59086 109692 67 2683 69008 57428 7392 20648 26578 12882 57 28897 20719
internal_value=-0.000232374 0.000801189 -0.000989267 -0.00125393 0.000302383 -0.00142388 -0.000401646 -0.00178902 0.000660883 -0.000924355 -0.000443657 -0.0012312 0.001752 -0.000240592 0.000332974 -0.00141596 -0.000933369 -0.00118463 -0.000464078 -0.000129901 0.00269265 -0.00211312 -0.00175895 0.00345904 -0.00160233 -0.00104053 -0.00190322 -0.00287761 -0.0014487 0.00166023
internal_weight=387707 163898 223809 165354 107502 143637 36271.4 82949.4 71230.6 60687.3 23633.6 37053.7 56396.5 58454.9 16390.3 38536.4 22125 18369.9 42064.7 21717.3 790.848 44413 23341.9 2877.41 32594 11368.1 21225.8 2216.38 14212.9 53519.1
internal_count=1310455 623973 686482 508733 483419 441378 169612 252308 313807 189070 75025 114045 140554 177749 50860 114482 104032 86876 126889 67355 2750 137826 68818 8869 96276 33849 62427 7271 41779 131685
cat_boundaries=0 1
cat_threshold=3
is_linear=0
shrinkage=0.05


Tree=21
num_leaves=31
num_cat=4
split_feature=10 8 4 7 7 7 7 10 3 10 10 7 7 10 8 2 17 4 3 2 3 2 7 7 7 7 2 3 8 7
split_gain=32.519 18.5905 13.0304 12.6284 11.2717 17.0571 22.5577 16.6817 10.0964 6.37934 6.22814 5.55238 10.1533 4.48428 4.16122 3.52415 3.14319 3.00706 2.97391 2.74714 2.29103 2.59948 2.24986 3.15779 2.51297 3.37906 2.17719 2.05219 1.93064 2.69918
threshold=6.2098202892798655 1.0000000180025095e-35 3.5000000000000004 3.0201273556387074 1.0397207708399181 2.3502401828962087 2.524928003624769 1.0000000180025095e-35 1.0000000180025095e-35 7.7839434739395426 4.1279035690442862 3.1132683346437333 3.4175922930736511 0.1970491786496901 1.0000000180025095e-35 0 0.72406633601923109 3.5000000000000004 1.0000000180025095e-35 1 1.0000000180025095e-35 2 3.0201273556387074 1.0397207708399181 2.3502401828962087 2.524928003624769 3 1.0000000180025095e-35 1.0000000180025095e-35 3.0201273556387074
decision_type=2 2 2 2 2 2 2 2 2 2 2 2 2 2 2 1 2 2 2 1 2 1 2 2 2 2 1 2 2 2
left_child=1 3 8 4 7 -6 26 -1 -2 14 -3 -5 -13 -14 22 -16 28 18 -12 -11 -9 -22 23 -10 -25 -26 -7 -28 29 -4
right_child=2 10 16 11 5 6 -8 20 9 19 17 12 13 -15 15 -17 -18 -19 -20 -21 21 -23 -24 24 25 -27 27 -29 -30 -31
leaf_value=-0.057865681856231005 0.019182642813575734 -0.0427545960515106 0.0092048946953714687 0.068629994633984157 -0.048514429583885299 0.045558129349413612 -0.041619749230811021 0.027469610039120962 0.032159704335788721 0.0091740977165398977 6.7915176592547866e-05 -0.034750289310071916 0.079455308788968074 0.024796883863805297 -0.0063773465959135137 -0.028469102230636503 0.021079360535984738 -0.010207435356797179 -0.034224885195092258 -0.0082925096488249746 0.018562362404313592 -0.0073427873794095662 0.029137869943199959 -0.044449803998863224 0.038851903280591273 -0.036530277259253466 0.044493965221604141 0.0065947938563471146 0.0044569454099159245 0.05497750629861653
leaf_weight=6727.5214441679418 21191.377842277288 30129.599186498672 3696.7881402000785 3943.4458672218025 18032.193967461586 4550.8881514035165 11716.606663927436 7426.7452478930354 2642.6110776625574 27766.066660150886 4313.8529241606593 4281.475573707372 1842.3263813629746 6970.6678595580161 24179.256388705224 33939.317414522171 38860.6236025244 20576.144119039178 30057.241879753768 14646.796225320548 13309.081753209233 8225.0804202593863 4141.4491283297539 2534.1421695537865 1771.3981298431754 1896.206156399101 2532.693778783083 5798.0355931892991 28210.265448473394 1797.5370529294014
leaf_count=25106 70935 107038 4946 13355 59324 15108 38579 23145 8426 90120 14953 14323 6735 24282 83036 117011 197313 72597 106075 47797 42968 26184 14015 7975 5502 6168 8217 18778 38034 2410
internal_value=-0.000228961 -0.000719756 0.00019828 -0.000240369 -0.000508745 -0.00105757 -0.000201252 0.000146837 -9.26865e-05 -0.000279713 -0.00125707 0.000993286 0.000497955 0.00146839 -0.000569199 -0.000750004 0.000738424 -0.000940282 -0.00122647 0.000205605 0.000667849 0.000406684 0.000239999 -0.000210357 -0.000827077 9.54805e-06 0.0012428 0.000759203 0.000385077 0.00124255
internal_weight=387707 180434 207274 95356.8 78318.8 42630.4 24598.2 35688.4 134709 113517 85076.8 17037.9 13094.5 8812.99 71104.4 58118.6 72565.2 54947.2 34371.1 42412.9 28960.9 21534.2 12985.8 8844.36 6201.75 3667.6 12881.6 8330.73 33704.6 5494.33
internal_count=1310455 616767 693688 316104 257409 140006 80682 117403 450985 380050 300663 58695 45340 31017 242133 200047 242703 193625 121028 137917 92297 69152 42086 28071 19645 11670 42103 26995 45390 7356
cat_boundaries=0 1 2 3 4
cat_threshold=3 19 19 3
is_linear=0
shrinkage=0.05


Tree=22
num_leaves=31
num_cat=0
split_feature=16 16 10 3 1 4 10 16 16 16 1 10 1 3 8 4 16 7 3 4 16 4 7 8 7 7 7 7 10 16
split_gain=107.99 27.2282 15.5558 10.991 10.3407 9.65018 5.04543 4.84309 3.81564 3.14768 2.9026 2.85857 2.70939 3.13611 2.6452 2.52065 2.29907 3.78095 2.24715 2.33881 2.20187 2.28082 2.13141 2.12608 3.29604 2.22951 2.23759 4.56605 2.57014 2.11517
threshold=0.79235388637407622 0.75692737795582421 7.4355970572708285 1.0000000180025095e-35 1849.5000000000002 2.5000000000000004 6.9299907804842293 0.8127814019877837 0.7301030753069494 0.97182285662211954 5746.5000000000009 5.905479208128825 3061.5000000000005 1.0000000180025095e-35 0.89587973461402759 2.5000000000000004 0.92481023624323644 1.0000000180025095e-35 1.0000000180025095e-35 1.5000000000000002 0.83375273960117646 2.5000000000000004 3.4175922930736511 0.89587973461402759 3.0201273556387074 2.524928003624769 2.3502401828962087 1.0397207708399181 1.0000000180025095e-35 0.6262678782415706
decision_type=2 2 2 2 2 2 2 2 2 2 2 2 2 2 2 2 2 2 2 2 2 2 2 2 2 2 2 2 2 2
left_child=1 8 3 16 7 6 18 15 29 14 20 23 13 -4 22 -5 -2 -18 -3 -20 21 -6 -9 24 25 26 27 28 -7 -1
right_child=2 5 12 4 10 11 -8 9 -10 -11 -12 -13 -14 -15 -16 -17 17 -19 19 -21 -22 -23 -24 -25 -26 -27 -28 -29 -30 -31
leaf_value=0.065372965792310958 -0.0055505129137174876 0.0045440628860593966 0.011470272135098415 -0.038772421685577735 -0.03385466511764397 -0.045928718876629526 0.0060849105575053299 -0.036698584543474987 0.027987921556452022 0.065139536683440677 0.0056964272029059295 0.017680548726927148 0.011094773422823013 -0.012447028072966361 -0.04931635020115295 -0.015128906167147883 0.064369173122068843 0.024283834388044358 -0.051892840309273748 -0.019783544929964238 -0.027583885887675044 -0.0038526409195055681 -0.014132200733687483 -0.0098252781691527957 0.048027129362677945 -0.033759462281289475 0.047079231318156195 -0.039262167168846764 0.029746372349136064 0.040711025636464809
leaf_weight=2877.4115178883076 20679.891694948077 3357.0172131322324 7266.7452898845077 9078.819773927331 7006.348556689918 1025.7939682155848 13322.673180907965 29738.819892540574 34135.802475951612 313.15056005865335 5593.8548198342323 38835.690818522125 6510.4861918315291 44677.670931659639 41198.003348022699 14346.233240701258 21.060830444097519 1016.3514620214701 5441.4076763987541 11448.36824330315 15471.978578791022 15590.333524897695 5299.2134790867567 9918.3190628513694 3836.0226089656353 1836.6442178040743 1923.7342526391149 2347.3932588100433 4106.3630128838122 29485.832564875484
leaf_count=8869 63780 15936 22720 23938 20074 5531 64005 90079 85615 1072 17763 176232 19953 135076 131870 41335 75 3500 26568 55553 51345 47164 16738 50250 18185 8313 8468 10730 17371 72347
internal_value=-0.000225552 0.000749574 -0.000939651 -0.0011875 -0.001346 0.000217072 -0.000469206 -0.00162637 0.00152952 -0.00181888 -0.000704054 0.000577999 -0.000238559 -0.000359072 -0.00183943 -0.000997272 -0.000139138 0.00215776 -0.000966443 -0.00120128 -0.000860326 -0.000545672 -0.00152006 0.000160911 0.00053495 0.000103051 0.000414269 2.31087e-05 0.000858607 0.0019185
internal_weight=387707 163898 223809 165354 143637 97399.4 33569.5 99974.2 66499 76549.2 43662.5 63830 58454.9 51944.4 76236 23425.1 21717.3 1037.41 20246.8 16889.8 38068.7 22596.7 35038 24994.3 15076 11239.9 9403.28 7479.55 5132.16 32363.2
internal_count=1310455 623973 686482 508733 441378 457142 162062 305032 166831 239759 136346 295080 177749 157796 238687 65273 67355 3575 98057 82121 118583 67238 106817 118848 68598 50413 42100 33632 22902 81216
is_linear=0
shrinkage=0.05


Tree=23
num_leaves=31
num_cat=0
split_feature=16 16 10 4 8 7 7 7 7 10 16 16 4 10 16 10 8 7 16 1 1 1 7 18 18 16 16 7 7 10
split_gain=97.4573 24.285 14.6508 9.28811 8.39578 6.0714 6.84373 8.06987 9.40011 7.48571 8.09868 5.66521 7.57629 5.31922 3.42161 3.40509 3.04092 3.50339 2.87145 2.53235 2.46635 2.45514 2.17324 2.05963 2.05137 2.15412 2.03732 2.00158 5.79993 3.94417
threshold=0.79235388637407622 0.7503268675834982 7.4355970572708285 1.5000000000000002 1.0000000180025095e-35 3.0201273556387074 1.0397207708399181 2.3502401828962087 2.524928003624769 1.0000000180025095e-35 0.97182285662211954 0.83426495118380328 2.5000000000000004 5.8817821543845819 0.90748563302870633 5.8317312297695052 0.89587973461402759 3.4175922930736511 0.6500768209777964 3522.5000000000005 483.50000000000006 3061.5000000000005 3.4811217321331038 1.029166666666667 0.99583333333333346 0.82055312402580527 0.90056769624314192 1.0397207708399181 2.1383330595080281 1.0000000180025095e-35
decision_type=2 2 2 2 2 2 2 2 2 2 2 2 2 2 2 2 2 2 2 2 2 2 2 2 2 2 2 2 2 2
left_child=1 18 4 -3 5 6 9 -8 -9 10 -2 12 -6 16 -13 -14 17 27 -1 -15 -12 24 -19 -17 25 -4 -11 29 -29 -5
right_child=2 3 21 13 11 -7 7 8 -10 26 20 14 15 19 -16 23 -18 22 -20 -21 -22 -23 -24 -25 -26 -27 -28 28 -30 -31
leaf_value=0.054609357879603637 -0.06316167278947149 -0.027922421731486336 0.010745943618538912 -0.046955427449062365 -0.045406946523942129 0.0061366362808589429 -0.047373134491592507 0.0092797509744495087 -0.039046712516883325 0.00027480426895023504 0.11709047836365954 -0.043993081354937985 -0.026715375105745665 0.013445604422989055 -0.0044497294508859314 0.0027962710710059736 -0.015665777424347115 0.11541152635090475 0.034542929464428829 0.028389355279168083 0.11757654232087389 0.010540034751681882 0.03508706938688446 -0.02217637781178752 -0.015025153751795119 -0.0080648378951265979 0.044554875948454642 -0.046605121601356547 0.0083530382607578616 0.026241698711455808
leaf_weight=4547.4381394162774 4162.0538996085525 10833.339291673154 9337.7535007968545 1584.2390868514776 19844.605188459158 13313.889516189694 13644.109734348953 8796.8812536969781 9051.6414715275168 18074.333297647536 18.113707698881626 41578.555794730783 14443.959765598178 51522.038074646145 2777.8199234232306 13693.625690899789 14433.196496069431 525.64613751322031 51849.086163461208 7220.309278357774 19.503212228417397 6510.4861918315291 2722.618026830256 5049.8690921068192 25005.866486206651 17600.796234540641 885.09821379929781 3259.7654540427029 8878.3422151617706 6522.4557091258466
leaf_count=13307 13606 52528 36402 8190 57445 41212 40588 26279 27083 52739 59 135992 44359 227292 10067 50148 71107 2248 127247 29794 59 19953 12912 5999 47880 73514 3098 14362 38338 26648
internal_value=-0.000222447 0.000703906 -0.000900828 0.000263077 -0.00114136 -0.000714872 -0.000948121 -0.00142793 -0.000728139 -0.000295655 -0.00220564 -0.00143899 -0.00109023 0.000418661 -0.00185597 -0.000628096 -4.29299e-05 0.000307995 0.0015442 0.000716681 0.0208901 -0.000220437 0.00183231 -0.0001835 -0.000335156 -3.24257e-05 0.000127423 6.34191e-05 -0.00034288 0.000671769
internal_weight=387707 163898 223809 107502 165354 67965.6 54651.7 31492.6 17848.5 23159.1 4199.67 97388.4 53032.1 96668.6 44356.4 33187.5 37926.3 23493.1 56396.5 58742.3 37.6169 58454.9 3248.26 18743.5 51944.4 26938.5 18959.4 20244.8 12138.1 8106.69
internal_count=1310455 623973 686482 483419 508733 204723 163511 93950 53362 69561 13724 304010 157951 430891 146059 100506 173805 102698 140554 257086 118 177749 15160 56147 157796 109916 55837 87538 52700 34838
is_linear=0
shrinkage=0.05


Tree=24
num_leaves=31
num_cat=0
split_feature=16 16 10 3 1 4 10 1 16 4 17 3 16 7 17 16 16 16 16 4 10 10 7 7 7 10 17 16 7 10
split_gain=88.1144 26.9026 12.3943 9.2342 9.41784 8.77618 5.62492 3.87033 3.08246 2.89948 2.80386 2.33238 2.3092 4.02644 2.20351 2.17875 2.15234 2.1478 2.505 4.57774 2.10005 2.00635 1.72255 3.32056 2.66399 2.56066 1.86529 1.61079 1.60141 1.53267
threshold=0.80217785889642024 0.75692737795582421 7.4355970572708285 1.0000000180025095e-35 1171.5000000000002 3.5000000000000004 6.9109568050123915 3522.5000000000005 0.7301030753069494 1.5000000000000002 0.6657714024266651 1.0000000180025095e-35 0.93504912530908568 1.0000000180025095e-35 0.70060497822106316 0.97182285662211954 0.81862082546193804 0.91167763378283551 0.83375273960117646 2.5000000000000004 0.00230835222093671 5.2128942736536876 1.0397207708399181 2.1383330595080281 2.524928003624769 1.0000000180025095e-35 0.66268314391858796 0.6500768209777964 8.8106833391308292 5.8317312297695052
decision_type=2 2 2 2 2 2 2 2 2 2 2 2 2 2 2 2 2 2 2 2 2 2 2 2 2 2 2 2 2 2
left_child=1 8 3 12 15 6 9 17 27 11 -7 -3 -2 -14 -4 -5 -16 18 19 -6 -17 -10 25 -24 -25 -11 -26 -1 -29 -21
right_child=2 5 14 4 7 10 -8 -9 21 22 -12 -13 13 -15 16 20 -18 -19 -20 29 -22 -23 23 24 26 -27 -28 28 -30 -31
leaf_value=0.051878889985623469 -0.0057534759484485498 0.010631712882359158 -0.015527401569490085 -0.042387933047977791 -0.037338390452591512 0.0025010131271988815 0.0062100395257972179 -0.0027076949424301947 0.0098210530795354248 -0.051460829616022434 0.020732101664853089 -0.043165902223986086 0.055296190547782412 0.028469961914732569 0.012847434229733513 0.12919048635351182 -0.0058580862445679399 0.015071626958903029 -0.031232659426695265 -0.015712872144477277 0.038660612128252093 0.030377709860604885 -0.044701918017935084 0.028557357681714503 -0.0279519702276406 0.020774658713186112 -0.0074587357334416019 0.038619571035760948 -0.0011490141119583797 0.0033334162596311504
leaf_weight=4547.4381394162774 18315.909817181528 1342.1272136941552 20558.260099709034 60295.748401142657 9962.9107484593987 16426.987154148519 31554.503497954458 12588.836990661919 9611.0145015493035 1113.4942552112043 31102.294358409941 6717.1052558086812 19.612161755561829 771.23629999160767 7194.2499530985951 16.437045410275459 23306.505741462111 990.73566161096096 25881.397936791182 9436.6974715515971 221.86733653396368 24524.787974402308 2902.0950716361403 2916.96465042606 7591.8338881731033 5202.7434363923967 17004.832925822586 26376.274591512978 1439.5313518345356 7773.0023167356849
leaf_count=13307 56843 6058 27506 184453 28324 20534 136777 40069 24057 5446 178679 29947 67 2683 29020 56 100224 3616 84606 28672 752 61558 12140 11886 9403 20811 101732 64442 3467 23320
internal_value=-0.000219869 0.000547559 -0.000960232 -0.00119435 -0.00134834 0.000112068 -0.000219994 -0.000938219 0.0013588 -0.000580216 0.000645455 -0.00143905 -0.000169452 0.00247585 -0.000289532 -0.00179978 -1.98637e-05 -0.00112213 -0.00116521 -0.000829899 0.00297167 0.00102734 -0.000391783 -0.000547815 -0.000378143 0.000359588 -0.000547573 0.00170841 0.00156578 -0.000336115
internal_weight=387707 190374 197333 146274 127168 123875 76345.7 66633.6 66499 44791.2 47529.3 8059.23 19106.8 790.848 51059 60534.1 30500.8 54044.7 53054 27172.6 238.304 34135.8 36732 30415.7 27513.6 6316.24 24596.7 32363.2 27815.8 17209.7
internal_count=1310455 700244 610211 453461 393868 533413 334200 208607 166831 197423 199213 36005 59593 2750 156750 185261 129244 168538 164922 80316 808 85615 161418 135161 123021 26257 111135 81216 67909 51992
is_linear=0
shrinkage=0.05


Tree=25
num_leaves=31
num_cat=0
split_feature=16 16 16 10 3 4 4 1 0 1 10 16 18 16 10 16 16 0 10 0 18 18 3 3 4 16 4 4 10 16
split_gain=81.0414 15.1457 14.9788 10.6957 8.86628 7.998 6.7051 6.62081 4.39904 3.33125 3.20247 2.7551 2.64345 2.47195 3.56129 2.39222 2.18651 2.16343 1.92987 1.91836 1.86564 1.95431 1.75358 1.68365 1.66894 1.6545 3.44057 1.63694 2.07983 2.72215
threshold=0.78226511065443993 0.75792181117495805 0.8127814019877837 7.7029209498175364 1.0000000180025095e-35 1.5000000000000002 2.5000000000000004 1181.5000000000002 64.500000000000014 3522.5000000000005 6.9299907804842293 0.715355920334797 1.0458333333333336 0.97182285662211954 1.0000000180025095e-35 0.88779654317510448 0.91167763378283551 53.500000000000007 5.6929629503794645 62.500000000000007 0.94583333333333341 1.029166666666667 1.0000000180025095e-35 1.0000000180025095e-35 4.5000000000000009 0.83375273960117646 2.5000000000000004 2.5000000000000004 1.0000000180025095e-35 0.97182285662211954
decision_type=2 2 2 2 2 2 2 2 2 2 2 2 2 2 2 2 2 2 2 2 2 2 2 2 2 2 2 2 2 2
left_child=1 11 5 4 15 22 10 13 12 16 23 -1 18 -6 -15 -4 25 -13 -7 -5 -8 24 -2 -3 -22 26 -9 28 29 -17
right_child=2 6 3 19 7 8 20 9 -10 -11 -12 17 -14 14 -16 27 -18 -19 -20 -21 21 -23 -24 -25 -26 -27 -28 -29 -30 -31
leaf_value=0.040665046707827071 0.0018520936395771239 0.0078834915058538357 -0.0088160264581339295 -0.011589285073557987 -0.041085224232030093 -0.012547014440349847 -0.0002945934944448503 -0.037572886494688977 0.0097200719333165441 -0.0037420150736990013 0.0070552064151515829 0.017408256718667661 -0.021883563683284712 0.12562935352105048 0.03723983167432645 0.0040959801095254988 0.015661430705737889 0.033835131089255246 0.0035813103225138757 0.0054998638162979232 0.017358422555635224 0.005443063527320025 -0.042654706821100556 -0.027964734958806248 0.037031273451326285 -0.031138691064311087 -0.0080353976039749149 -0.0093330264822848903 0.026082091014575592 0.048190780052986076
leaf_weight=21602.03645183146 1572.076796784997 2447.2653321698308 14468.325014129281 19188.82412968576 57219.257749348879 13724.560007728636 10093.878898207098 7457.9982613921165 26505.97066680342 11116.777412816882 9306.4634289890528 19868.883408509195 12126.132918894291 13.832494258880613 269.37302248179913 18.318599745631218 1139.3595726937056 26556.342477343976 21637.91528672725 11966.315892003477 17085.888775125146 11870.198319785297 8895.5051028206944 11968.099422805011 6274.0544925332069 27991.508346103132 12293.950039684772 1056.3893551155925 2156.5539680868387 17.59814827144146
leaf_count=55425 4235 13219 44842 59682 178308 48010 147284 22335 75880 36138 52803 49994 14088 50 931 80 4127 65572 74656 37599 58615 15322 23050 67853 21390 91412 37597 3731 7222 53
internal_value=-0.00022295 0.000754686 -0.000757193 -0.00103249 -0.00122492 -0.000214911 0.000232997 -0.00138214 -3.19105e-05 -0.00101471 -0.000448077 0.00128419 -0.000319933 -0.00176552 0.00289427 -0.000182252 -0.00119238 0.00106713 -0.000101483 -0.000197299 0.000589459 0.000761168 -0.00150853 -0.000914863 0.00102663 -0.00124404 -0.000893644 0.00104382 0.00182288 0.0137559
internal_weight=387910 137073 250837 166374 135219 84462.2 69045.8 117502 73994.6 59999.6 23721.8 68027.3 47488.6 57502.5 283.206 17717.2 48882.8 46425.2 35362.5 31155.1 45324 35230.1 10467.6 14415.4 23359.9 47743.5 19751.9 3248.86 2192.47 35.9167
internal_count=1311503 547477 764026 524107 426826 239919 376486 370898 212634 191609 133875 170991 136754 179289 981 55928 155471 115566 122666 97281 242611 95327 27285 81072 80005 151344 59932 11086 7355 133
is_linear=0
shrinkage=0.05


Tree=26
num_leaves=31
num_cat=0
split_feature=16 10 16 16 16 4 4 4 3 1 16 4 4 4 16 3 0 10 0 16 18 11 16 10 5 10 0 0 1 3
split_gain=73.99 13.8391 13.3783 10.5243 8.16516 6.14954 5.47424 4.50823 4.40748 5.4435 3.25415 7.8314 3.63508 3.04814 4.50842 3.02306 3.00186 2.8412 2.54456 2.48534 2.43134 1.99449 2.34155 4.10476 2.34375 1.94044 1.83254 1.7987 1.63176 1.53673
threshold=0.78226511065443993 7.3777448829540324 0.75792181117495805 0.8127814019877837 0.89302366647559417 2.5000000000000004 1.5000000000000002 2.5000000000000004 1.0000000180025095e-35 2643.5000000000005 0.85382885972224343 2.5000000000000004 1.5000000000000002 3.5000000000000004 0.82741320602530377 1.0000000180025095e-35 69.500000000000014 6.9299907804842293 59.500000000000007 0.715355920334797 1.0458333333333336 1.0000000180025095e-35 0.97182285662211954 1.0000000180025095e-35 0.12940952255126045 6.2358486112362446 53.500000000000007 61.500000000000007 741.50000000000011 1.0000000180025095e-35
decision_type=2 2 2 2 2 2 2 2 2 2 2 2 2 2 2 2 2 2 2 2 2 2 2 2 2 2 2 2 2 2
left_child=2 3 19 6 8 17 -2 21 -5 10 11 -10 -12 15 -15 -3 20 29 -17 -1 -8 -6 -23 24 -24 -13 -21 -7 -26 -4
right_child=1 13 5 4 7 27 16 -9 9 -11 12 25 -14 14 -16 18 -18 -19 -20 26 -22 22 23 -25 28 -27 -28 -29 -30 -31
leaf_value=0.038631794372435739 -0.039598690335021419 0.012392332269936147 0.0074893169305611631 -0.0093712178832266787 0.010568430198400591 0.0068393775797057632 -0.005283663247891846 -0.02240985050111002 -0.047609727553625338 -0.013132099991650038 0.0027279550102235375 -0.022483135529744902 -0.051748356920528864 0.017774665556955505 -0.011812205624075213 -0.020115546195356073 0.0088046619404627876 0.0067024460943939882 -0.00085240440080920361 0.016537843882734295 -0.026168015351943286 0.034892057371368156 -0.10762177812058345 0.06675437665339734 0.10493859767704446 -0.0063977841472565803 0.032143374534792504 0.0201255255660878 0.10988168239384133 -0.026566498210865944
leaf_weight=21602.03645183146 7197.8943385481834 6575.9172778353095 2447.2653321698308 13510.763242222369 4471.1674011945724 25854.190859835595 28187.488591231406 3829.906580477953 25555.200573734939 16228.443384110928 1733.5802675485611 20821.724655501544 24250.189120970666 11693.930420212448 8593.1600530296564 24732.816218599677 14594.246901668608 9306.4634289890528 18105.913545772433 19868.883408509195 9717.7679998874664 758.66407469660044 7.3544732704758635 137.59786123037338 23.63376967608929 10101.297369576991 26556.342477343976 19469.829625815153 7.8846645802259436 11968.099422805011
leaf_count=55425 19077 20269 13219 41912 15123 140773 98127 14184 77634 52237 4842 64386 78694 34596 27768 73815 42089 52803 53879 49994 11283 2617 32 461 70 30911 65572 101838 20 67853
internal_value=-0.000220111 -0.000730583 0.000714026 -0.000960965 -0.00122818 0.000223721 -0.000417383 0.000200802 -0.00134582 -0.00146177 -0.0016265 -0.00141345 -0.00208957 -0.000131886 0.000384154 -0.000343745 -0.000240095 -0.000428527 -0.000496968 0.00121167 -0.000474695 0.00113056 0.00323051 0.00841819 0.0227651 -0.000878214 0.00100552 0.000565097 0.0286957 -0.000868196
internal_weight=387910 250837 137073 181135 121437 69045.8 59697.4 9236.21 112201 98690.4 82462 56478.2 25983.8 69701.7 20287.1 49414.6 52499.5 23721.8 42838.7 68027.3 37905.3 5406.3 935.135 176.471 38.8729 30923 46425.2 45324 31.5184 14415.4
internal_count=1311503 764026 547477 553699 383123 376486 170576 32507 350616 308704 256467 172931 83536 210327 62364 147963 151499 133875 127694 170991 109410 18323 3200 583 122 95297 115566 242611 90 81072
is_linear=0
shrinkage=0.05


Tree=27
num_leaves=31
num_cat=0
split_feature=16 16 3 1 4 1 3 4 17 16 7 16 16 16 17 0 4 16 17 0 8 7 7 7 7 7 7 16 1 0
split_gain=67.7009 20.0486 9.2005 10.1412 7.18362 4.65162 3.99716 4.22976 3.56882 2.93656 2.8635 2.69461 2.48592 2.46787 2.43615 2.24796 2.11013 5.22519 2.0254 1.73878 1.69647 4.4958 2.67296 2.45732 5.19222 6.01199 1.84061 1.63702 1.57246 1.53376
threshold=0.80217785889642024 0.75969361271235591 1.0000000180025095e-35 967.50000000000011 3.5000000000000004 3454.5000000000005 1.0000000180025095e-35 1.5000000000000002 0.67112732600106184 0.9461910594647257 1.0000000180025095e-35 0.81055355588102429 0.74058505004740149 0.91167763378283551 0.66656010559132584 60.500000000000007 2.5000000000000004 0.85153679219563605 0.78929913144171537 38.500000000000007 1.0000000180025095e-35 3.0201273556387074 3.4175922930736511 2.524928003624769 2.3502401828962087 1.0397207708399181 1.0000000180025095e-35 0.85570644998864431 4911.5000000000009 43.500000000000007
decision_type=2 2 2 2 2 2 2 2 2 2 2 2 2 2 2 2 2 2 2 2 2 2 2 2 2 2 2 2 2 2
left_child=1 12 18 9 6 8 -3 28 -5 -4 -11 -10 20 16 -6 -9 27 -18 -2 -14 21 23 -22 24 25 26 -1 -13 -8 -7
right_child=2 4 3 5 14 29 7 15 11 10 -12 13 19 -15 -16 -17 17 -19 -20 -21 22 -23 -24 -25 -26 -27 -28 -29 -30 -31
leaf_value=-0.033261013775294668 -0.008324439540026863 0.014858172590791297 -0.036361685773351485 -0.025599045647415244 0.0016261010339208239 -0.019873233419085423 -0.033490733303903175 -0.011982688125269682 0.0061954503613172122 0.11410095596114572 0.019832396748283146 -0.033157312987435759 -0.0045711934037705243 0.020312278259633134 0.018469850093249064 0.0038169756632234542 -0.0010714647018121193 -0.031368964692091564 0.0084649620600966823 0.022272434246729447 -0.012493383319127105 0.071946272760376975 0.032105677565371284 -0.016203088494269435 0.078245005592361638 -0.02985970941940419 0.050107601656345847 -0.0078208062329185642 0.029936247686411479 0.0049689576607454102
leaf_weight=487.55787041783333 11849.926296114922 11507.246475532651 62583.619921647012 33449.924902737141 15859.514885306358 3604.0471281930804 10060.895308703184 31265.639644239098 6522.0626528263092 17.939310647547245 729.89726556837559 14121.81748829782 3987.6083638370037 1539.9929627850652 29615.84637401253 20491.748225972056 19829.772580377758 11204.223551481962 13715.730246677995 24491.273946739733 2184.5871652588248 3422.4809611141682 26572.713423877954 1476.1513538360596 2162.3136820495129 2066.2584958970547 4399.5547300726175 4573.7153724133968 342.85806110501289 13772.735145136714
leaf_count=1337 17005 50865 190742 43493 19954 11417 45521 139757 26207 69 2468 56487 10268 7025 174019 89784 81694 47900 62905 62288 5252 8602 66953 3633 5306 4995 10648 19780 1531 43598
internal_value=-0.000218337 0.000454447 -0.000866864 -0.000998448 5.76727e-05 -0.000705243 -0.000247365 -0.000405829 -0.000848036 -0.00150132 0.00161331 -0.000610133 0.00111793 -0.000731905 0.000551823 -0.000220912 -0.000792951 -0.000540156 1.81444e-05 0.000755986 0.00135892 0.00181 0.00113909 0.00130093 0.0016074 0.000941954 0.00189793 -0.00121258 -0.00132577 4.45345e-05
internal_weight=387910 190394 197515 171950 119144 108618 73668.4 62161.1 91241.5 63331.5 747.837 57791.6 71250.5 51269.5 45475.4 51757.4 49729.5 31034 25565.7 28478.9 42771.6 14014.3 28757.3 10591.8 9115.68 6953.37 4887.11 18695.5 10403.8 17376.8
internal_count=1311503 700713 610790 530880 521431 337601 327458 276593 282586 193279 2537 239093 179282 212886 193973 229541 205861 129594 79910 72556 106726 34521 72205 25919 22286 16980 11985 76267 47052 55015
is_linear=0
shrinkage=0.05


Tree=28
num_leaves=31
num_cat=0
split_feature=16 16 10 8 16 0 10 7 7 7 7 7 10 1 10 0 3 7 8 7 7 7 7 7 16 16 17 1 8 7
split_gain=61.5028 17.9775 10.3212 6.83544 6.0457 5.35415 3.86023 3.79744 4.0139 8.5239 3.48521 5.84906 3.02391 2.88254 2.42306 2.2593 2.3273 2.21257 2.50784 6.39172 4.31817 7.8681 7.03614 3.92514 1.94524 2.09266 1.91053 1.89437 1.82456 2.01163
threshold=0.80217785889642024 0.75969361271235591 7.2696029113363272 0.89587973461402759 0.89302366647559417 56.500000000000007 4.1279035690442862 1.0000000180025095e-35 1.0397207708399181 2.3502401828962087 2.524928003624769 3.0201273556387074 6.6151282590507678 2793.5000000000005 7.3005524262861128 62.500000000000007 1.0000000180025095e-35 1.0000000180025095e-35 1.0000000180025095e-35 3.0201273556387074 1.0397207708399181 2.1383330595080281 2.524928003624769 3.3497501700808394 0.83375273960117646 0.91167763378283551 0.67112732600106184 4752.5000000000009 1.0000000180025095e-35 3.0201273556387074
decision_type=2 2 2 2 2 2 2 2 2 2 2 2 2 2 2 2 2 2 2 2 2 2 2 2 2 2 2 2 2 2
left_child=1 17 3 4 7 12 -5 -2 -9 -10 -11 -12 -3 24 28 16 -4 -1 19 20 -19 -22 -23 -20 26 -26 -8 -13 29 -7
right_child=2 5 15 6 -6 14 13 8 9 10 11 27 -14 -15 -16 -17 -18 18 23 -21 21 22 -24 -25 25 -27 -28 -29 -30 -31
leaf_value=-0.037816348147088653 -0.059550265934086834 -0.015034882071534384 0.008971929833694681 -0.045674899671408455 0.01710720689111429 0.0073230767427027834 -0.033286731908799876 -0.00082170877148486372 -0.040884355048613236 0.0083806163090582864 -0.037829376719047271 -0.0078953715970035976 0.0027202455242606228 -0.0068742084570790236 0.016193002503669753 0.0020310699086740105 -0.015595546954481199 0.046064512032493711 -0.01818446794951303 0.069275507201518413 -0.04295994351163928 0.062521922728507914 -0.020537588981912647 0.025690653143826084 -0.039632592724943953 0.0032211336617338215 -0.015179754133606949 0.030388493281073937 -0.0031623301235722324 0.045239569094761123
leaf_weight=894.49896266311407 3559.7058789357543 33123.714155443013 4409.9271493852139 14825.547452434897 4561.7968431338668 13551.004149802029 8640.4129970669746 15426.528983421624 11287.662743203342 7182.4040295109153 8592.043945685029 15520.92412750423 26966.179457686841 8232.5898287072778 19812.288429360837 22910.391814388335 31588.32380733639 7203.6484174281359 3465.2724173367023 5645.8375828638673 3055.9932734817266 4101.9934081882238 2528.4486890956759 44354.807242043316 24316.123481974006 1416.5980141535401 14193.919777750969 850.50395031273365 22218.461268845946 3472.1015137322247
leaf_count=2433 11474 146952 13973 46630 15849 56377 11221 44969 33492 21341 25567 47627 118784 26462 84071 70478 96897 17470 8417 14305 7476 10135 6166 112880 79680 5021 57414 2695 99925 15322
internal_value=-0.000212991 0.000428257 -0.000831119 -0.00106675 -0.000703658 5.25355e-05 -0.0014063 -0.000832075 -0.000736168 -0.000982241 -0.000567177 -0.000846434 -0.000279744 -0.00121877 0.000390644 -0.0002767 -0.000523727 0.00105653 0.00108795 0.00152279 0.00103595 0.000346508 0.00131396 0.000883019 -0.00136542 -0.0016635 -0.0010295 -0.00029198 0.00016307 0.000552576
internal_weight=387910 190394 197515 138607 66981.6 119144 71625.2 62419.8 58860.1 43433.5 32145.9 24963.5 60089.9 56799.6 59053.9 58908.6 35998.3 71250.5 70356 22535.9 16890.1 9686.44 6630.44 47820.1 48567.1 25732.7 22834.3 16371.4 39241.6 17023.1
internal_count=1311503 700713 610790 429442 203014 521431 226428 187165 175691 130722 97230 75889 265736 179798 255695 181348 110870 179282 176849 55552 41247 23777 16301 121297 153336 84701 68635 50322 171624 71699
is_linear=0
shrinkage=0.05


Tree=29
num_leaves=31
num_cat=0
split_feature=16 16 10 4 16 7 17 3 4 16 4 4 3 1 3 1 16 1 17 1 10 6 16 16 7 1 10 7 7 16
split_gain=55.3949 15.8853 9.68994 6.37842 5.87857 4.07735 4.05511 3.67463 3.77781 3.62554 4.12175 3.35217 3.30653 4.19627 2.60203 2.37462 2.34619 2.22653 2.13736 2.07979 2.06505 1.93624 1.93375 1.93284 5.49924 2.21865 1.91769 1.87985 2.89193 1.79659
threshold=0.80217785889642024 0.75969361271235591 6.2098202892798655 3.5000000000000004 0.89302366647559417 1.0397207708399181 0.70060497822106316 1.0000000180025095e-35 1.5000000000000002 0.83375273960117646 1.5000000000000002 2.5000000000000004 1.0000000180025095e-35 2643.5000000000005 1.0000000180025095e-35 976.50000000000011 0.74058505004740149 583.50000000000011 0.66656010559132584 6360.5000000000009 7.7839434739395426 -0.12940952255126037 0.80800552371908407 0.97182285662211954 1.0000000180025095e-35 846.50000000000011 6.9109568050123915 1.0397207708399181 1.0000000180025095e-35 0.89781489096933687
decision_type=2 2 2 2 2 2 2 2 2 2 2 2 2 2 2 2 2 2 2 2 2 2 2 2 2 2 2 2 2 2
left_child=1 16 4 7 12 -4 20 -3 -9 10 22 23 21 17 -11 -16 -1 -14 -5 26 -7 -2 -8 -6 25 -25 -10 28 -19 -17
right_child=2 3 5 18 11 6 9 8 19 14 -12 -13 13 -15 15 29 -18 27 -20 -21 -22 -23 -24 24 -26 -27 -28 -29 -30 -31
leaf_value=0.030149754828826716 0.0020123188274719264 0.013762090354424128 0.0306878342370152 0.0013765544313280476 0.011309549363194771 -0.023370914588999092 0.052538429239310735 -0.028569730835649156 -0.014070603225019873 0.0099511962666758436 0.0085080192398563799 -0.021928579696605378 -0.053670565563829077 -0.01264143147495691 -0.032247885704306749 -0.012786097424111055 0.016097921909277082 -0.055303266144171206 0.017390113624519411 0.028771506342688546 -0.010020016451569537 -0.026670935341285819 -0.042206276503747156 0.088729218215337552 0.048240355888571833 0.02409809850139473 0.0017835579471026097 -0.030671720866303587 -0.0058169091316635953 0.018488921671964632
leaf_weight=42771.617682524025 6729.6583076268435 11507.246475532651 3011.507334984839 15859.514885306358 3168.877032622695 25262.786544978619 226.63636652380228 10403.753369808197 28826.777729768306 4191.7493260279298 22426.751454114914 2375.1700453907251 12622.463220983744 13723.488196417689 10206.53640961647 15227.804220996797 28478.882310576737 2190.7091208547354 29615.84637401253 1816.1793680265546 13332.384752929211 4698.5653822943568 3664.1833006069064 28.379939302802086 450.03925796598196 10.492968223989008 21114.430772416294 45054.662219442427 7016.5156374648213 1896.0437855347991
leaf_count=106726 20478 50865 8943 19954 10764 33795 928 47052 129137 18257 93214 8911 37906 43448 44135 65968 72556 6987 174019 7915 17857 14478 14622 91 1497 31 92489 139225 20564 8691
internal_value=-0.000208602 0.000399972 -0.000795234 4.67896e-05 -0.0011479 -0.000447456 -0.000504033 -0.000240645 -0.000392581 -0.000239179 0.000194061 0.000364111 -0.00124701 -0.00135985 -0.000600887 -0.000778794 0.000990557 -0.00152326 0.000512422 -0.000217822 -0.000900951 -0.000451075 -0.00130822 0.00131385 0.00424 0.0222829 -0.000278265 -0.00138413 -0.000733112 -0.000418976
internal_weight=387910 190394 197515 119144 98069 99446.4 96434.9 73668.4 62161.1 57839.7 26317.6 6032.96 92036.1 80607.8 31522.1 27330.4 71250.5 66884.4 45475.4 51757.4 38595.2 11428.2 3890.82 3657.79 488.912 38.8729 49941.2 54261.9 9207.22 17123.8
internal_count=1311503 700713 610790 521431 304380 306410 297467 327458 276593 245815 108764 21294 283086 248130 137051 118794 179282 204682 193973 229541 51652 34956 15550 12383 1619 122 221626 166776 27551 74659
is_linear=0
shrinkage=0.05


Tree=30
num_leaves=31
num_cat=0
split_feature=16 16 3 1 4 0 0 16 1 3 4 7 1 18 16 4 7 7 7 16 16 4 17 1 16 4 17 17 0 4
split_gain=54.0448 12.3758 8.73532 10.4186 7.17102 4.2074 3.0284 2.92412 2.85799 2.70089 3.58738 2.62295 2.2726 2.01981 1.91673 2.53399 1.79877 1.78819 4.15651 1.78797 1.79045 1.76811 1.71562 1.64692 1.61295 3.79605 1.55109 1.46278 1.44572 1.39677
threshold=0.79735433676339496 0.74058505004740149 1.0000000180025095e-35 1162.5000000000002 2.5000000000000004 52.500000000000007 61.500000000000007 0.97182285662211954 3454.5000000000005 1.0000000180025095e-35 1.5000000000000002 1.0000000180025095e-35 675.50000000000011 1.0541666666666669 0.58123026540307288 1.5000000000000002 1.0000000180025095e-35 1.0397207708399181 2.1383330595080281 0.91167763378283551 0.83523104476989685 2.5000000000000004 0.6657714024266651 6360.5000000000009 0.83150458966048368 1.5000000000000002 0.70060497822106316 0.70060497822106316 49.500000000000007 3.5000000000000004
decision_type=2 2 2 2 2 2 2 2 2 2 2 2 2 2 2 2 2 2 2 2 2 2 2 2 2 2 2 2 2 2
left_child=1 13 26 7 9 19 16 12 27 -3 -11 -9 -4 14 15 -1 -6 -18 -19 20 21 -5 -20 28 25 -14 -2 -7 -12 -29
right_child=2 4 3 5 6 8 -8 11 -10 10 23 -13 24 -15 -16 -17 17 18 22 -21 -22 -23 -24 -25 -26 -27 -28 29 -30 -31
leaf_value=0.086139974460375746 -0.0069341933956182716 0.013291147167317476 -0.038926435175113211 -0.0284185565721931 -0.050135674052802504 -0.014487779189709005 0.017991463435227794 0.10679006198253393 0.0075458121210965068 -0.030542088479063215 -0.017370089521952514 0.052095114162183355 -0.05732597844624239 0.011780865246122164 0.033151206421374591 0.04130346343054328 0.025913603918046802 -0.04127543347172629 -0.0032130203704693553 0.020445655315796341 -0.026564385373354506 -0.0063789780809182968 0.012132387284050817 0.035154989963937712 -0.028711708709832175 -0.0093163473410658778 0.0080060426216176147 -0.0088736787860306931 0.0019984180448128887 0.0051059983804401911
leaf_weight=227.89456167072058 10626.926551759243 7736.432079821825 36052.117426685989 8402.9720536693931 918.64718212932348 19088.04442358017 38358.721931692213 13.488810755312441 11827.685382008553 10733.838722579181 10013.895683016628 388.57866593450308 4323.0007005482912 8243.6260906457901 33437.575303174555 927.74039071053267 4459.5574772767723 2418.931423779577 15894.989823937416 795.52105013281107 16390.078986853361 14089.010694801807 27527.063729140908 785.98960822075605 25882.82659059763 18183.445248767734 16757.143471769989 17544.115600779653 15155.60457778722 10589.841617099941
leaf_count=784 14175 32826 109006 24389 4307 25492 153712 48 37180 49029 43250 1355 11047 8873 93658 3468 16600 9506 19875 2881 53932 42445 159272 3262 83347 53045 70853 74041 63956 45373
internal_value=-0.000192084 0.000452604 -0.000732517 -0.000856786 0.000216112 -0.000507595 0.000473697 -0.00126312 -0.000240034 -0.000303268 -0.00048229 0.00299078 -0.00128337 0.0011924 0.00136001 0.003362 0.000222107 0.000262151 0.000169166 -0.000905788 -0.000953798 -0.000664162 0.00028154 -0.000164345 -0.00105948 -0.000749909 0.000100526 -0.000414122 -0.000234727 -0.000184902
internal_weight=387795 176841 210955 183571 134004 98727.3 89577.9 84843.5 59049.7 44425.8 36689.3 402.067 84441.4 42836.8 34593.2 1155.63 51219.2 50300.5 45841 39677.6 38882.1 22492 43422.1 25955.5 48389.3 22506.4 27384.1 47222 25169.5 28134
internal_count=1310987 662378 648609 563581 555595 305733 363272 257848 182086 192323 159497 1403 256445 106783 97910 4252 209560 205253 188653 123647 120766 66834 179147 110468 147439 64092 85028 144906 107206 119414
is_linear=0
shrinkage=0.05


Tree=31
num_leaves=31
num_cat=0
split_feature=16 16 10 4 8 16 10 8 10 10 7 7 4 16 4 16 7 7 7 1 1 10 7 7 7 1 8 7 16 4
split_gain=48.4582 11.0455 9.72251 6.73004 6.65009 4.88821 4.86438 3.58635 3.34626 3.2066 3.77506 7.05141 2.56476 2.46711 2.93726 2.18339 2.96899 2.08895 4.41166 1.99131 1.95885 1.87399 1.87388 3.11028 2.90365 1.7878 1.6663 2.06615 1.63984 2.50634
threshold=0.79735433676339496 0.74058505004740149 6.3297016685451188 3.5000000000000004 1.0000000180025095e-35 0.8861666780130667 6.7769113658813378 1.0000000180025095e-35 7.7709141262221211 1.0000000180025095e-35 1.0397207708399181 2.3502401828962087 1.5000000000000002 0.82340483352627902 1.5000000000000002 0.9461910594647257 1.0000000180025095e-35 2.524928003624769 3.0201273556387074 2793.5000000000005 846.50000000000011 5.905479208128825 3.0201273556387074 1.0397207708399181 2.3502401828962087 2643.5000000000005 0.89587973461402759 2.9174053685313028 0.58123026540307288 1.5000000000000002
decision_type=2 2 2 2 2 2 2 2 2 2 2 2 2 2 2 2 2 2 2 2 2 2 2 2 2 2 2 2 2 2
left_child=1 28 4 6 5 9 12 22 13 -2 -11 -12 -3 14 -9 -7 20 25 -19 -6 -17 26 23 -4 -25 -13 27 -5 29 -1
right_child=2 3 7 21 19 15 -8 8 -10 10 11 17 -14 -15 -16 16 -18 18 -20 -21 -22 -23 -24 24 -26 -27 -28 -29 -30 -31
leaf_value=0.078688316044639217 -0.050444276796635414 -0.029688468244957369 0.031375703767810535 0.0056047720763202418 -0.032546145051156494 0.0079788420648842402 0.0078598695004759023 -0.046392722939424452 -0.0017286168472101073 5.4217971373526909e-05 -0.039488846362251452 -0.000943646962732414 -0.0067222780954970147 -0.020765010901514436 -0.00099661895136704537 0.086504694205978047 0.040756425473077854 -0.035002111218636771 -0.00072182156280762308 -0.016153036358268081 0.022492891445244113 0.018789705626682987 0.025290373147604763 -0.031949888822536292 0.0031349071329101366 0.042498649333747987 -0.0070695137787859519 0.048814743105584715 0.027353130407576299 0.036343596182152681
leaf_weight=267.50298579782248 3798.9975078627467 7800.3048277385533 2911.3671143427491 8751.6020718850195 46106.923977658153 4000.5731606930494 36442.718350760639 2731.6817874386907 34163.455595389009 14496.046705685556 10166.927506998181 5633.4089185744524 37420.762730713934 33179.091996334493 17497.844092823565 32.703873567283154 560.90274281054735 6506.0826638638973 8578.5261064395308 8033.2406150400639 16.311972223222256 32120.527075510472 4931.5315183401108 2743.6624297574162 3988.3834298178554 877.13356008380651 8153.1864334866405 3314.5707492865622 41484.845652379096 1084.4877080246806
leaf_count=827 12129 35753 8587 34035 144664 14085 152430 6718 103749 41894 29797 16516 158161 107795 51684 119 1891 19307 26232 25802 56 125828 15201 7925 11778 2680 35827 13561 102319 3637
internal_value=-0.000187618 0.000422841 -0.000699357 0.000199421 -0.00102824 -0.000639245 -8.42544e-05 -0.000349023 -0.000469889 -0.000782735 -0.000668052 -0.000973198 -0.000430675 -0.000717085 -0.000281876 0.000918654 0.00370534 -0.000462022 -0.000785092 -0.00142103 0.0155062 0.000642029 0.000377188 -2.82402e-05 -0.000618753 0.000286516 0.000264939 0.000638054 0.00112175 0.00283539
internal_weight=387795 176841 210955 134004 108808 54667.6 81663.8 102147 87572.1 50057.1 46258.1 31762.1 45221.1 53408.6 20229.5 4610.49 609.919 21595.2 15084.6 54140.2 49.0158 52339.9 14574.9 9643.41 6732.05 6510.54 20219.4 12066.2 42836.8 1351.99
internal_count=1310987 662378 648609 555595 335172 164706 346344 313437 269946 148555 136426 94532 193914 166197 58402 16151 2066 64735 45539 170466 175 209251 43491 28290 19703 19196 83423 47596 106783 4464
is_linear=0
shrinkage=0.05


Tree=32
num_leaves=31
num_cat=0
split_feature=16 16 10 8 10 16 3 1 10 7 7 17 0 1 3 1 16 7 7 7 8 0 16 7 1 16 0 10 7 7
split_gain=44.1378 9.10036 8.88988 6.48846 5.89066 4.15082 4.00274 5.90138 3.35285 3.77956 6.88921 2.91462 2.47153 2.27805 2.14266 2.06551 1.99551 1.94661 3.38726 3.52509 2.22926 1.93605 1.86321 4.42867 1.91789 1.60468 1.54105 1.53361 1.49795 3.22847
threshold=0.79345724859238753 0.74058505004740149 6.3297016685451188 1.0000000180025095e-35 5.8817821543845819 0.8861666780130667 1.0000000180025095e-35 984.50000000000011 1.0000000180025095e-35 1.0397207708399181 2.3502401828962087 0.66656010559132584 76.500000000000014 1780.5000000000002 1.0000000180025095e-35 3925.5000000000005 0.82340483352627902 1.0000000180025095e-35 1.0397207708399181 2.1383330595080281 1.0000000180025095e-35 53.500000000000007 0.97182285662211954 1.0000000180025095e-35 846.50000000000011 0.81327991938713906 51.500000000000007 3.9222416602221082 3.0201273556387074 2.524928003624769
decision_type=2 2 2 2 2 2 2 2 2 2 2 2 2 2 2 2 2 2 2 2 2 2 2 2 2 2 2 2 2 2
left_child=1 -1 3 5 12 8 -4 -8 -2 25 -11 -9 17 14 -6 27 -12 -3 -19 -20 28 -13 -7 24 -24 -10 -15 -5 29 -21
right_child=2 4 6 15 13 22 7 11 9 10 16 21 -14 26 -16 -17 -18 18 19 20 -22 -23 23 -25 -26 -27 -28 -29 -30 -31
leaf_value=0.027011468672918506 -0.047506464985042074 -0.048484928065032219 0.0089395297596790886 -0.037988521733856431 0.020722575666532531 0.0088103697412027504 -0.0232756128680526 -0.013206050152066995 0.02132982174607756 -0.037530498907784815 0.0036410797610080259 -0.0064250521608411717 0.012719286097850602 0.0065020906479435593 0.0034166334495690179 -0.0074725539509086225 -0.01682884891649521 0.015064345410672432 -0.044104499113991329 0.020271654548856599 -0.018088590109593784 0.0077777095011904778 0.083725991411343834 0.046600971173987829 0.071477351358349858 -0.0049387677778053533 0.022012191946337457 -0.026713636894360904 0.029976014499477156 -0.039336819785919991
leaf_weight=42836.836346201599 3969.5218084380031 1753.1776094138622 13500.528342328966 16624.98715339601 11448.597160756588 4249.4249034151435 33366.07498972863 20562.685175001621 4046.0277074575424 10614.75348469615 9623.8940072134137 16384.93205294013 9849.7593294195831 8441.2809760756791 38171.031376924366 4577.5764663219452 13074.990612454712 6851.8194953985512 3422.6310278065503 3671.3228148892522 16988.359007228166 23632.048876099288 27.459805116057396 322.36862789839506 11.238412864506243 11204.832382939756 16598.610884658992 35429.288285456598 3962.8870218507946 2576.3597169369459
leaf_count=106783 12659 8585 42144 51524 47228 14948 100943 25991 11075 31087 27087 65810 41930 34533 162763 14710 40818 27023 14595 14829 79906 93895 90 1079 34 32927 66315 111539 17437 10700
internal_value=-0.00018346 0.000431274 -0.000646332 -0.000954348 0.000213824 -0.00057846 -0.00032017 -0.000435858 -0.000704702 -0.000590502 -0.000888949 -0.000141757 -0.000211687 0.000493527 0.000297328 -0.00133364 -0.000397253 -0.00038949 -0.000313305 -0.00053817 -0.000347867 0.000106851 0.000859995 0.00430825 0.0202907 6.14196e-05 0.000882322 -0.00142318 0.000236016 -0.00024631
internal_weight=387795 166573 221223 113776 123736 57144.5 107446 93945.7 52534 48564.5 33313.6 60579.7 49076.3 74659.5 49619.6 56631.9 22698.9 39226.6 37473.4 30621.6 27198.9 40017 4610.49 361.067 38.6982 15250.9 25039.9 52054.3 10210.6 6247.68
internal_count=1310987 632627 678360 349577 525844 171804 328783 286639 155653 142994 98992 185696 215005 310839 209991 177773 67905 173075 164490 137467 122872 159705 16151 1203 124 44002 100848 163063 42966 25529
is_linear=0
shrinkage=0.05


Tree=33
num_leaves=31
num_cat=0
split_feature=16 16 10 4 8 10 16 3 1 4 16 16 10 7 7 4 1 3 18 4 18 7 16 4 10 8 10 0 1 17
split_gain=39.3155 8.77461 8.02506 5.90333 5.1386 4.27747 3.85537 3.5071 5.43855 2.69599 6.08804 2.7587 2.62269 3.2244 5.46975 2.47161 2.02555 1.87685 1.78325 1.72603 1.69599 1.57061 1.54268 2.22936 1.51675 1.72321 1.48342 1.47451 1.40589 1.36688
threshold=0.79735433676339496 0.74058505004740149 6.2098202892798655 3.5000000000000004 1.0000000180025095e-35 6.9867790336588564 0.8861666780130667 1.0000000180025095e-35 696.50000000000011 3.5000000000000004 0.85311987714289217 0.90374560103526036 1.0000000180025095e-35 1.0397207708399181 2.3502401828962087 1.5000000000000002 2333.5000000000005 1.0000000180025095e-35 1.0541666666666669 2.5000000000000004 1.0541666666666669 3.0201273556387074 0.58123026540307288 1.5000000000000002 7.7709141262221211 0.89587973461402759 5.905479208128825 90.500000000000014 2607.5000000000005 0.70060497822106316
decision_type=2 2 2 2 2 2 2 2 2 2 2 2 2 2 2 2 2 2 2 2 2 2 2 2 2 2 2 2 2 2
left_child=1 20 4 5 6 15 12 -4 -9 11 -11 24 -2 -14 -15 17 29 -3 26 -8 22 -6 23 -1 25 -10 -5 -17 -23 -16
right_child=2 3 7 18 21 -7 19 8 9 10 -12 -13 13 14 16 27 -18 -19 -20 -21 -22 28 -24 -25 -26 -27 -28 -29 -30 -31
leaf_value=0.076547986501479093 -0.04554673970755152 0.0074778857672871185 0.007664038694399267 0.0091550843228264348 -0.043822122157757604 0.0078235198440165018 0.024783983651742194 -0.029084772106278245 -0.00058664587210017778 0.011244535020731661 -0.026131855130366911 0.021291728320691705 -0.00025336159291888816 -0.035666913078458505 -0.024667597943258703 -0.008020598165344995 0.012544048205207404 -0.034998290576210782 -0.0028959384442416528 -0.011577796895840776 0.008396391253316704 -0.028729049518402407 0.028775416146281166 0.036070537016262574 -0.0037396485427708018 -0.020708775053656495 0.020817247835702449 0.017780884053727776 -0.014019440017552133 -0.0068806116746277686
leaf_weight=227.89456167072058 3798.9975078627467 1470.5982664637268 13364.482699461281 17347.497497685254 3479.8289978653193 33103.332586105913 2828.4746646359563 18085.262855477631 6292.2664914131165 18417.791076600552 6288.8904655352235 2488.8110708221793 14263.588641837239 9936.7193128615618 7381.6972273588181 36576.296742912382 3789.9718852639198 6792.3419076353312 7537.3083960041404 1689.5993169248104 8243.6260906457901 39429.988994695246 33437.575303174555 927.74039071053267 17283.22504837811 24328.250089131296 27455.0804364793 3721.216406095773 7928.425540484488 9878.5253891348839
leaf_count=784 12129 6646 41704 80124 10545 138217 9483 54677 18600 56379 20878 8520 41270 29166 9796 154960 11779 31172 8631 6355 8873 124567 93658 3468 51097 74384 120496 15349 25642 41638
internal_value=-0.000178393 0.000371469 -0.000639336 0.000172336 -0.000950874 -9.33457e-05 -0.000609151 -0.000334064 -0.000442699 -0.00025525 0.000172596 -0.000465016 -0.000737891 -0.000631953 -0.00091831 -0.00039212 -0.000461897 -0.00117987 0.000586869 0.00078848 0.000994404 -0.00131094 0.00114798 0.00294404 -0.00054934 -0.000760712 0.000706575 -0.000230592 -0.00123561 -0.000691728
internal_weight=387795 176841 210955 134004 104406 81663.8 53567.6 106549 93184.5 75099.2 24706.7 50392.6 49049.5 45250.5 30986.9 48560.5 21050.2 8262.94 52339.9 4518.07 42836.8 50838.2 34593.2 1155.63 47903.7 30620.5 44802.6 40297.5 47358.4 17260.2
internal_count=1310987 662378 648609 555595 322370 346344 161616 326239 284535 229858 77257 152601 145778 133649 92379 208127 63213 37818 209251 15838 106783 160754 97910 4252 144081 92984 200620 170309 150209 51434
is_linear=0
shrinkage=0.05


Tree=34
num_leaves=31
num_cat=0
split_feature=10 8 7 8 7 7 10 7 7 4 7 7 7 10 7 7 10 7 10 17 7 7 0 7 10 4 7 8 10 7
split_gain=15.1518 9.30261 7.40729 7.3587 6.90633 6.86558 10.9644 8.34967 14.2288 5.15542 4.64583 7.24159 6.24141 4.14766 3.89279 7.16006 4.13597 3.63585 2.71078 2.56516 2.03766 2.77089 2.00979 1.97526 1.79507 1.69194 1.59421 1.84581 1.54746 1.44317
threshold=5.9812086984327735 1.0000000180025095e-35 3.0201273556387074 1.0000000180025095e-35 3.0201273556387074 1.0397207708399181 1.0000000180025095e-35 2.3502401828962087 2.524928003624769 3.5000000000000004 1.0397207708399181 2.3502401828962087 2.524928003624769 7.7581550303642528 3.1132683346437333 3.4175922930736511 0.098905681065719467 3.0201273556387074 4.5330115116109768 0.72406633601923109 3.1132683346437333 3.4175922930736511 41.500000000000007 8.3611239442808785 2.0502184835072974 2.5000000000000004 4.0689902272260703 1.4978661367769956 0.47873179439478714 3.9219243190762363
decision_type=2 2 2 2 2 2 2 2 2 2 2 2 2 2 2 2 2 2 2 2 2 2 2 2 2 2 2 2 2 2
left_child=1 2 5 4 10 6 -1 -7 -9 13 -2 -12 -13 22 -4 -16 29 -3 -19 -11 -6 -22 -5 -15 -10 -23 -24 -28 -8 -17
right_child=3 17 14 9 20 7 28 8 24 19 11 12 -14 23 15 16 -18 18 -20 -21 21 25 26 -25 -26 -27 27 -29 -30 -31
leaf_value=-0.039310599220577586 0.029665570319124868 -0.046483860698358685 0.053946642450124038 -0.021927184660091161 0.067266961735988992 -0.03374761264311079 0.018699617732621299 0.024417188036621032 -0.04409623298555812 -0.00022254059039914509 -0.027509573187000359 0.043758078671147276 -0.013247366629168767 0.0068183980005284365 -0.03312172812501242 0.062081422257962343 0.017613104197023645 -0.026876782363355469 -0.012237171196561604 0.013460552328018505 -0.002730776646793043 0.023297195788738213 -0.019295234076967718 -0.009137640342493026 -0.020777785973306484 0.048228051021106659 0.020673365566880354 -0.0064717250343037771 0.0022185902801715287 0.099870943352829894
leaf_weight=6772.6601226143539 7728.1144120059907 5235.4966614954174 3757.3244414143264 14922.287799097598 1753.9530734717846 17263.844236284494 15889.364847462624 12434.918917432427 5134.0858309194446 29730.104133032262 6360.3057607673109 4895.4674230143428 5005.7386428192258 35332.32139204815 4028.9368509911001 1219.294063847512 6414.3161700740457 33010.232087999582 36820.027600649744 35305.246820114553 2235.1167989708483 2889.6549954675138 11156.138890013099 13187.572065316141 5985.0058619603515 5030.3999315723777 3147.0762536115944 42480.629499588162 12151.285380218178 518.38489705324173
leaf_count=25098 23859 17475 12685 51889 5687 56847 51106 40657 17340 40091 19904 15257 15797 114478 13492 4420 22409 117777 131874 179865 7203 9829 35574 44627 19443 16829 10748 148302 38423 2002
internal_value=-0.000173284 -0.00053334 -0.000195092 9.80039e-05 0.000753198 -0.000401533 0.000114302 -0.000841485 -0.000229253 -2.89553e-05 0.000264566 -0.000215108 0.000630562 -0.000222948 0.000784521 0.000350531 0.00120275 -0.000945953 -0.000850672 0.000329664 0.00173749 0.00146569 -0.000464524 0.00013407 -0.00152885 0.00190444 -0.000328826 -0.000197826 0.000550391 0.00336655
internal_weight=387795 166635 91569.4 221160 35898.8 75631.2 34813.3 40817.9 23554 185261 23989.6 16261.5 9901.21 120226 15938.3 12180.9 8152 75065.8 69830.3 65035.4 11909.1 10155.2 71706.1 48519.9 11119.1 7920.05 56783.8 45627.7 28040.7 1737.68
internal_count=1310987 571048 303922 739939 114365 248914 114627 134287 77440 625574 74817 50958 31054 405618 55008 42323 28831 267126 249651 219956 39548 33861 246513 159105 36783 26658 194624 159050 89529 6422
is_linear=0
shrinkage=0.05


Tree=35
num_leaves=31
num_cat=0
split_feature=3 1 0 1 10 6 10 4 10 0 6 4 8 7 17 17 10 0 1 17 10 7 6 17 10 1 10 8 8 7
split_gain=12.4959 15.235 8.71239 4.28461 4.17825 3.60949 3.55516 2.32954 2.2895 2.20969 2.08018 2.07877 2.0147 1.89945 1.86761 1.63178 1.48652 1.48615 1.46237 1.30948 1.20939 1.46396 1.15669 1.13602 1.12831 1.1199 1.10585 1.61485 1.22356 1.28366
threshold=1.0000000180025095e-35 958.50000000000011 55.500000000000007 4911.5000000000009 7.3777448829540324 -0.37940952255126015 6.1117791469975336 2.5000000000000004 7.5227904940025789 61.500000000000007 -0.12940952255126037 2.5000000000000004 0.89587973461402759 3.3497501700808394 0.73245799793552135 0.68059376891959245 3.9905963018512036 95.500000000000014 1613.5000000000002 0.64607191580427192 7.9717224783790419 6.9560690257739344 -0.12940952255126037 0.64853776465145774 6.0888949902463336 459.50000000000006 5.3502393369678822 1.2424533248940002 1.0000000180025095e-35 3.0201273556387074
decision_type=2 2 2 2 2 2 2 2 2 2 2 2 2 2 2 2 2 2 2 2 2 2 2 2 2 2 2 2 2 2
left_child=10 4 6 5 9 7 11 20 12 24 -1 -3 13 -7 -12 18 -14 19 -8 -5 -4 23 -17 -22 -2 -6 27 -9 29 -28
right_child=1 2 3 17 25 8 15 26 -10 -11 14 -13 16 -15 -16 22 -18 -19 -20 -21 21 -23 -24 -25 -26 -27 28 -29 -30 -31
leaf_value=0.014569372982361184 -0.032428026056958624 -0.024788360765391926 -0.0062483714832493494 0.067346804933497414 -0.023032129245790303 -0.0043860139114791702 -0.019079562080018687 0.014571023191218925 0.0075014924334000366 -0.013837497440909497 -0.0081115433553897286 -0.010076126592344671 -0.032782604592371388 0.025958218198806726 0.011906269817061955 0.0070351686117479774 -0.010700505698797637 0.037351116541422515 -0.0023709078053867128 0.01383099365474454 -0.017046909446504045 0.0003246147300755009 -0.0063847790272499429 0.040740588861535622 -0.02066935402069672 -0.0045247118959133694 0.023897717238735617 -0.015926998824589145 0.014078891448801856 0.064296851006277175
leaf_weight=35917.044902641326 33773.3865936324 16564.896016635001 13074.159508820623 199.44411891698837 6142.5716166682541 13903.749205440283 9860.7100458741188 7007.6785347424448 15602.896259129047 26915.637139938772 10996.248305730522 29225.233315844089 3218.2791264653206 3057.9076199382544 12843.911643926054 19290.281616657972 18617.365739453584 2630.0643256381154 13005.525592565536 9371.4123813696206 87.810610949993134 1563.1441484391689 12999.185549534857 751.01302506402135 17574.5475182347 24932.178093984723 2539.1227523386478 3652.7198328115046 20971.86559246853 1232.5402414165437
leaf_count=119222 116630 57176 44052 244 20379 45680 12852 23213 51596 90897 14901 101941 11519 10633 65768 91887 64764 8630 16898 32171 108 4968 64192 2335 59804 83388 7881 12899 70297 4078
internal_value=-0.000187266 -0.000308499 -6.73181e-05 0.000225397 -0.000790309 0.000122604 -0.000407982 0.000425328 -0.000160531 -0.000985071 0.000477687 -0.000733642 -0.000366234 4.25774e-05 0.000115593 -0.000137619 -0.000683794 0.00111239 -0.000460795 0.000823111 -8.63843e-05 0.00094482 9.12417e-05 0.00262988 -0.00117742 -0.000299788 0.000649012 0.000223281 0.000832433 0.00166153
internal_weight=387523 327765 218427 117481 109338 105280 100946 50880.1 54400.2 78263.6 59757.2 45790.1 38797.3 16961.7 23840.2 55155.7 21835.6 12200.9 22866.2 9570.86 15476.1 2401.97 32289.5 838.824 51347.9 31074.7 35403.9 10660.4 24743.5 3771.66
internal_count=1311003 1111112 740014 395068 371098 354023 344946 169831 184192 267331 199891 159117 132596 56313 80669 185829 76283 41045 29750 32415 51463 7411 156079 2443 176434 103767 118368 36112 82256 11959
is_linear=0
shrinkage=0.05


Tree=36
num_leaves=31
num_cat=1
split_feature=16 16 10 4 16 4 8 16 4 3 4 7 7 7 16 7 16 18 10 8 4 7 7 16 16 6 2 5 18 7
split_gain=35.91 9.77783 6.99079 6.89054 5.18587 3.69241 3.16449 3.35149 5.30822 2.82099 2.59819 2.37201 2.53649 4.73097 2.3627 3.75635 1.8803 1.85544 1.59937 1.6214 1.49437 1.46638 3.35679 1.44958 1.32681 1.30976 1.29984 1.25791 1.24396 1.37025
threshold=0.81055355588102429 0.75692737795582421 7.7029209498175364 3.5000000000000004 0.90056769624314192 1.5000000000000002 0.89587973461402759 0.85472328363330063 2.5000000000000004 1.0000000180025095e-35 1.5000000000000002 1.0000000180025095e-35 1.0397207708399181 2.3502401828962087 0.97182285662211954 1.0000000180025095e-35 0.67530393782091591 1.029166666666667 5.5747840338677612 1.0000000180025095e-35 1.5000000000000002 2.524928003624769 3.0201273556387074 0.76232687082252271 0.83744152111093351 -0.78656609248549325 0 0.12940952255126045 1.0208333333333335 3.9607678160667752
decision_type=2 2 2 2 2 2 2 2 2 2 2 2 2 2 2 2 2 2 2 2 2 2 2 2 2 2 1 2 2 2
left_child=1 16 4 5 6 9 11 8 20 23 -9 -2 -13 -14 -6 27 -1 -5 19 -7 24 -15 -23 -3 -8 -4 -11 -16 29 -10
right_child=2 3 25 17 14 18 7 10 28 26 -12 12 13 21 15 -17 -18 -19 -20 -21 -22 22 -24 -25 -26 -27 -28 -29 -30 -31
leaf_value=0.034303941746116132 -0.045886356131956331 0.076320554855240905 0.0083347749701424782 0.013652072530352478 0.0014055007719768532 -0.0016175994561030472 -0.064244590938408536 0.0065778683658320519 -0.020855445261858587 -8.5522529737258601e-05 -0.040517636794339312 -0.00052032547335771899 -0.030291341919635364 0.0031290813723464875 0.082097642713724023 0.040366594676224214 0.017140222701897124 -0.00013764871444075233 0.001837125547190377 -0.020291376728589185 -0.026934269288333645 -0.029000732563017939 -0.0047537141282834039 0.0051179857686256105 -0.0046819684947345232 -0.0057390903879669612 -0.033860851894041692 0.079165869881157536 -0.02167661994289918 -0.00286327652210876
leaf_weight=7851.1858839094639 3118.0008063316345 197.65951108932495 8764.6229413226247 40334.626939002424 7008.4800268933177 16378.241664618254 5588.1304014548659 1487.6565438061953 5391.5361545756459 2013.8760800249875 20810.636587485671 14182.336365923285 10649.1495853737 6657.2639239430428 9.321223817765711 829.80079121142626 58519.724616326392 15279.219834126532 48618.861618503928 11614.237315915525 14095.873439610004 8081.6103148534894 16073.372100405395 2480.113252595067 787.20221512764692 23684.413092397153 11827.718417812139 29.159300446510315 7390.1277351975441 17768.372291170061
leaf_count=21818 10352 530 26998 204840 24467 66227 18113 4455 19865 7612 69153 42104 31938 20160 38 2838 144652 18842 197012 50809 42780 24438 50206 10556 3058 73929 46300 85 8794 68034
internal_value=-0.000180932 0.000249963 -0.000718567 2.4786e-05 -0.000871873 -0.000238193 -0.000946198 -0.0011653 -0.000941816 -0.000916191 -0.00167665 -0.00067282 -0.000597621 -0.000795059 0.000374444 0.00283471 0.000754609 0.00046517 -9.19993e-05 -0.000393078 -0.00156484 -0.000481066 -0.000662149 0.000569334 -0.00220005 -5.73358e-05 -0.00120358 0.0181065 -0.000524337 -0.000344107
internal_weight=387523 215115 172407 148745 139958 93130.7 132081 73319.5 51021.2 16519.4 22298.3 58761.7 55643.7 41461.4 7876.76 868.281 66370.9 55613.8 76611.3 27992.5 20471.2 30812.2 24155 2677.77 6375.33 32449 13841.6 38.4805 30550 23159.9
internal_count=1311003 769198 541805 602728 440878 379046 413450 234252 160644 64998 73608 179198 168846 126742 27428 2961 166470 223682 314048 117036 63951 94804 74644 11086 21171 100927 53912 123 96693 87899
cat_boundaries=0 1
cat_threshold=2
is_linear=0
shrinkage=0.05


Tree=37
num_leaves=31
num_cat=0
split_feature=16 16 10 4 16 4 17 4 16 1 3 16 7 17 3 3 1 7 16 1 16 4 4 16 1 17 18 7 8 7
split_gain=32.9912 8.75991 6.53255 6.2979 4.78565 3.53883 3.32303 3.68911 7.90683 2.62884 2.4724 2.16145 2.64562 2.03787 1.99101 1.93827 1.67615 1.62509 1.61504 1.59072 1.47186 2.52379 1.73003 1.57004 1.4213 1.40333 1.39917 1.50626 3.46646 2.44831
threshold=0.81055355588102429 0.75382425525355401 7.7029209498175364 1.5000000000000002 0.90056769624314192 3.5000000000000004 0.70060497822106316 2.5000000000000004 0.85153679219563605 6360.5000000000009 1.0000000180025095e-35 0.97182285662211954 1.0000000180025095e-35 0.6657714024266651 1.0000000180025095e-35 1.0000000180025095e-35 1010.5000000000001 1.0397207708399181 0.67530393782091591 518.50000000000011 0.85570644998864431 1.5000000000000002 1.5000000000000002 0.85472328363330063 2389.5000000000005 0.80824766665656056 1.0458333333333336 2.3502401828962087 1.0000000180025095e-35 1.0397207708399181
decision_type=2 2 2 2 2 2 2 2 2 2 2 2 2 2 2 2 2 2 2 2 2 2 2 2 2 2 2 2 2 2
left_child=1 18 4 10 6 9 17 14 -9 15 -3 -6 -13 -7 -8 19 -17 -2 -1 -5 22 -22 -16 -24 -12 -15 27 29 -29 -20
right_child=2 3 -4 5 11 13 7 8 -10 -11 24 12 -14 25 20 16 -18 -19 26 -21 21 -23 23 -25 -26 -27 -28 28 -30 -31
leaf_value=0.032588744658810322 -0.0098170539741181621 0.011903496076769306 -0.00090251435997066318 -0.00062891322345466356 0.0013352257333780094 0.0006900168737620227 -0.0038286642961389283 0.0010200511497308717 -0.02742614501830172 0.029329137852282153 -0.032875936324968595 0.075207576387099628 0.038348264942412995 0.016910595979059553 -0.051651793098165789 -0.01424100649016804 -0.0007445955949190175 -0.026438042194539671 0.019605515152552891 0.023585867924383264 0.019572383645305027 -0.022678727786274201 -0.020681915630256786 -0.079356903252329275 0.00084477726810683329 -0.00042128967673833452 0.0077621181981348819 0.052536952601583933 0.019157930551747485 -0.037809792006984339
leaf_weight=7851.1858839094639 7015.6012527942657 2732.5779518857598 32449.036033719778 6900.9770879000425 7008.4800268933177 19969.888946853578 4512.6893490999937 30372.610469445586 17633.364491403103 2352.2549975663424 12042.569237075746 38.480524264276028 829.80079121142626 31421.439368925989 7609.9703342542052 24120.421943794936 40766.032676558942 44275.072438955307 4031.1633911803365 4997.022591739893 1348.6603253409266 5305.4227268993855 13042.469881646335 965.4071954190731 2083.514690540731 6309.6774294488132 18481.609846949577 5711.1531267762184 23602.518380224705 1741.4575825929642
leaf_count=21818 9408 11214 100927 27742 24467 25007 18736 129505 77141 9453 46716 123 2838 114675 31709 99905 162730 59457 12311 20815 5571 24169 54679 3075 7832 89393 21438 17904 74910 5335
internal_value=-0.000176332 0.00023668 -0.000691654 3.49807e-05 -0.000839849 0.000147323 -0.000911249 -0.000711421 -0.000432207 -6.97967e-05 -0.000876878 0.000357411 0.00271056 0.000445103 -0.00112027 -0.000120236 -0.000227808 -0.00122601 0.000741416 0.000466416 -0.00127594 -0.000625681 -0.0014761 -0.00114641 -0.00114319 0.000661277 0.000643258 0.000828719 0.000974098 9.04764e-05
internal_weight=387523 215115 172407 153696 139958 136838 132081 80790.6 48006 79136.7 16858.7 7876.76 868.281 57701 32784.6 76784.5 64886.5 51290.7 61419.1 11898 28271.9 6654.08 21617.8 14007.9 14126.1 37731.1 53567.9 35086.3 29313.7 5772.62
internal_count=1311003 769198 541805 615482 440878 549720 413450 344585 206646 320645 65762 27428 2961 229075 137939 311192 262635 68865 153716 48557 119203 29740 89463 57754 54548 204068 131898 110460 92814 17646
is_linear=0
shrinkage=0.05


Tree=38
num_leaves=31
num_cat=0
split_feature=16 16 10 4 16 0 17 4 16 4 4 16 4 6 16 7 1 16 16 16 17 16 7 8 7 7 8 16 17 7
split_gain=29.9861 7.91289 5.9647 4.89164 4.40785 3.77383 3.29705 2.75816 2.56514 4.33781 3.30923 2.215 2.1276 2.04581 1.99091 2.05659 1.82155 1.66188 3.46473 2.77422 2.42291 2.01475 1.48322 3.37541 2.54806 1.72851 1.47514 1.47292 1.46684 1.38621
threshold=0.81055355588102429 0.76640384685231278 7.7029209498175364 3.5000000000000004 0.90056769624314192 60.500000000000007 0.74075138247375838 1.5000000000000002 0.85011430646827157 2.5000000000000004 1.5000000000000002 0.72594608427542362 2.5000000000000004 1.0000000180025095e-35 0.97182285662211954 1.0000000180025095e-35 6360.5000000000009 0.80530725634941192 0.79940033165848312 0.80117091351823222 0.78929913144171537 0.80468843791176625 2.3502401828962087 1.0000000180025095e-35 1.0397207708399181 3.7012257604091228 1.2424533248940002 0.79998426569637526 0.70060497822106316 3.4175922930736511
decision_type=2 2 2 2 2 2 2 2 2 2 2 2 2 2 2 2 2 2 2 2 2 2 2 2 2 2 2 2 2 2
left_child=1 6 4 7 5 13 11 17 9 -7 -10 -1 -13 -2 -6 -16 -9 18 -3 27 -19 -21 24 29 -8 -25 -14 -20 -11 -24
right_child=2 3 -4 -5 14 8 22 16 10 28 -12 12 26 -15 15 -17 -18 20 19 21 -22 -23 23 25 -26 -27 -28 -29 -30 -31
leaf_value=0.020436339284381957 -0.019495805106367038 -0.019492926115456589 -0.00085738864197213447 0.0076801554544406519 0.0012684644467091167 -0.019504152057893534 0.020896333389695834 -0.0037851846491566035 0.023479843320198326 -0.0062037061942269434 -0.024455310902707608 -0.011354649754214165 0.023276663804552646 -0.026054558449315146 0.071447197567744647 0.036430851695292345 0.026412789102165893 -0.065199430357598925 0.019259382193041952 0.0053616685658302021 0.025054010864786536 0.13525474845568866 0.042096673470606576 -0.0069133821641243825 -0.032058615795960456 0.026021514007164948 0.00039032425605118882 0.10131395202543532 0.0089751237576431997 0.070416563984308886
leaf_weight=17362.39372831583 49813.84831404686 10711.740947715938 32449.036033719778 48298.410746190697 7008.4800268933177 13909.048416092992 3936.6555263623595 65257.270584218204 1374.8586422204971 8108.8889093995094 17838.580439925194 10237.496565341949 9320.6539031267166 28565.536061413586 38.480524264276028 829.80079121142626 1953.4480844736099 2509.3560652434826 64.02999672293663 702.59353476762772 494.22002711892128 25.695496737957001 4004.8645605370402 2931.0114851668477 1720.0483855456114 20505.22419077903 13248.461604237556 140.38508516550064 12470.507682159543 1691.5046161562204
leaf_count=23089 156139 52481 100927 204576 24467 41532 16198 281787 4001 10824 57757 13691 12431 90341 123 2838 8463 3310 141 1785 2500 63 16567 12115 7165 87402 17804 408 52856 7222
internal_value=-0.000170455 0.000223298 -0.000661747 -2.17048e-05 -0.000803356 -0.000871879 0.000598645 -0.000257154 -0.000548994 -0.000291068 -0.00101198 0.000339265 9.75727e-05 -0.0010931 0.000345674 0.00260409 -0.000121661 -0.000878848 -0.000608365 0.00231447 -0.00192747 0.000869781 0.000972691 0.00111655 0.000231793 0.000851214 0.000368763 0.00746158 0.000169932 0.00220821
internal_weight=387523 215115 172407 130157 139958 132081 84958.3 81858.7 53701.9 34488.4 19213.4 50169 32806.6 78379.4 7876.76 868.281 67210.7 14648 11644.4 932.704 3003.58 728.289 34789.3 29132.6 5656.7 23436.2 22569.1 204.415 20579.4 5696.37
internal_count=1311003 769198 541805 555514 440878 413450 213684 350938 166970 105212 61758 67015 43926 246480 27428 2961 290250 60688 54878 2397 5810 1848 146669 123306 23363 99517 30235 549 63680 23789
is_linear=0
shrinkage=0.05


Tree=39
num_leaves=31
num_cat=0
split_feature=16 16 4 16 0 3 1 1 1 3 17 4 6 4 16 3 7 8 0 7 0 1 16 4 4 6 17 4 16 16
split_gain=27.3943 7.35388 5.39481 5.1912 4.18711 2.65552 3.71446 2.55133 2.55109 2.85401 2.52695 2.25944 2.2136 1.92551 1.89767 1.7541 1.71732 1.69932 1.60607 1.55936 1.47926 1.33253 1.30055 3.6426 1.87327 1.18056 1.17098 1.48356 1.79808 1.65835
threshold=0.81055355588102429 0.75382425525355401 2.5000000000000004 0.91167763378283551 59.500000000000007 1.0000000180025095e-35 801.50000000000011 2876.5000000000005 6360.5000000000009 1.0000000180025095e-35 0.6657714024266651 1.5000000000000002 -0.12940952255126037 4.5000000000000009 0.97182285662211954 1.0000000180025095e-35 1.0000000180025095e-35 0.89587973461402759 47.500000000000007 3.4175922930736511 53.500000000000007 5746.5000000000009 0.84649134540172921 1.5000000000000002 1.5000000000000002 1.0000000180025095e-35 0.67112732600106184 2.5000000000000004 0.85672772824506083 0.8604331563503772
decision_type=2 2 2 2 2 2 2 2 2 2 2 2 2 2 2 2 2 2 2 2 2 2 2 2 2 2 2 2 2 2
left_child=1 20 8 4 5 -2 -7 12 9 -3 17 -11 15 18 -5 -6 -16 19 -12 -4 -1 26 24 -24 -17 -22 -8 29 -29 -28
right_child=3 2 10 14 7 6 21 -9 -10 11 13 -13 -14 -15 16 22 -18 -19 -20 -21 25 -23 23 -25 -26 -27 27 28 -30 -31
leaf_value=0.0095286690947896883 -0.0045709837813162849 0.0087404489406804238 0.001727530537783828 0.0057102730789167395 0.0091403354938618172 -0.034588666973171089 -0.021064989059374595 0.0049878413932923143 0.029070829239403208 -0.025045035551972218 -0.0037626366000524493 -0.0085756243328006573 -0.016862643208543072 0.01952017209271948 0.067874837689357426 -0.041716518471672528 0.036887888541381655 -0.0075019179831325115 0.0098577948285583084 0.030661978194775411 0.028588365986605968 0.0065266618253279956 0.041986379928304542 -0.023424723805096838 0.0014327091455957454 0.013357270782852648 -0.030227664790489373 -0.0023702772099748917 -0.022830742110152815 -0.00049631978059458957
leaf_weight=26310.969837203622 11191.951075963676 8380.2696642652154 10549.59153791517 5781.4736807569861 5304.8892614468932 25477.648176334798 19605.10287040472 9991.0264106839895 1197.7616823129356 13852.682197440416 15025.62215032801 30164.229764085263 25872.424796923995 17066.344682775438 38.480524264276028 2614.5848337858915 1157.5974654853344 22074.732125520706 32933.792639177293 2451.3504784703255 22473.411282204092 2585.5064845830202 850.69861544668674 11545.206154689193 14538.949172317982 12634.707092225552 11251.698031611741 15229.638906732202 6307.9961839169264 3062.1931959986687
leaf_count=66504 35292 34441 13212 20313 16421 78639 25554 31920 4776 53496 83846 122734 80778 91774 123 8384 3989 27684 180449 3070 55657 8358 2513 36717 43502 31555 45527 63152 27300 13323
internal_value=-0.000165661 0.000210691 2.58864e-05 -0.000635241 -0.000691588 -0.00090895 -0.00100587 -0.000400477 -0.000378955 -0.000431111 0.000242641 -0.000592124 -0.000522293 0.000427146 0.000700682 -0.000262205 0.00251356 -9.94079e-05 0.00026484 0.000354079 0.000673149 -0.000784949 -0.000412496 -0.000802704 -0.000130515 0.000885574 -0.000836678 -0.000666776 -0.000404566 -0.00106131
internal_weight=387523 215115 153696 172407 165430 94711.7 83519.8 70717.8 53594.9 52397.2 100101 44016.9 60726.8 65025.8 6977.55 34854.3 1196.08 35075.7 47959.4 13000.9 61419.1 58042.1 29549.4 12395.9 17153.5 35108.1 55456.6 35851.5 21537.6 14313.9
internal_count=1311003 769198 615482 541805 517380 297145 261853 220235 215447 210671 400035 176230 188315 356069 24425 107537 4112 43966 264295 16282 153716 183214 91116 39230 51886 87212 174856 149302 90452 58850
is_linear=0
shrinkage=0.05


Tree=40
num_leaves=31
num_cat=2
split_feature=16 16 16 4 3 2 17 2 7 8 8 7 3 16 4 16 16 16 16 16 16 7 7 7 17 7 16 4 4 18
split_gain=23.6255 7.4024 5.16803 5.12149 3.72145 5.56124 2.74674 2.11456 1.93553 3.16322 2.08312 2.00793 1.72983 1.68428 1.66136 2.42048 1.70584 3.33044 2.4618 2.31364 1.77791 1.51798 3.48545 3.90185 1.49397 1.46529 1.4526 3.63428 3.16244 1.43224
threshold=0.8127814019877837 0.76060710736486381 0.91167763378283551 2.5000000000000004 1.0000000180025095e-35 0 0.66656010559132584 1 3.9219243190762363 1.0000000180025095e-35 1.4978661367769956 2.9174053685313028 1.0000000180025095e-35 0.97182285662211954 1.5000000000000002 0.81218281370748857 0.80530725634941192 0.79940033165848312 0.80117091351823222 0.80468843791176625 0.79998426569637526 2.524928003624769 2.3502401828962087 1.0397207708399181 0.70060497822106316 1.0000000180025095e-35 0.85011430646827157 2.5000000000000004 1.5000000000000002 1.0458333333333336
decision_type=2 2 2 2 2 1 2 1 2 2 2 2 2 2 2 2 2 2 2 2 2 2 2 2 2 2 2 2 2 2
left_child=1 29 4 12 24 7 -5 -6 9 11 -10 21 -3 -4 15 16 17 -14 20 -20 -19 22 23 25 -2 -8 27 -9 -28 -1
right_child=2 3 13 6 5 -7 8 26 10 -11 -12 -13 14 -15 -16 -17 -18 18 19 -21 -22 -23 -24 -25 -26 -27 28 -29 -30 -31
leaf_value=0.020385001393265868 -0.011765905444517923 0.0048732966715328901 0.0063878818814295359 -0.0034628559078761171 -0.0025520169066828749 -0.026447104941588664 -0.029003428006358956 -0.022008540645599518 0.041791733013870583 -0.016612532177217032 0.010083252077217698 0.038723645222012597 -0.020086114664806632 0.039310327989994058 -0.0076760168489272695 0.13543729963606999 -0.045297238907281434 0.016686944041304219 0.0078149495346535366 0.12974426281050283 0.11746236204818168 -0.023730359723323602 0.049247677326720175 -0.028295401383505593 0.0067931230278203804 0.024428359081396778 0.019576426243905234 -0.0017886028805027101 -0.022074324132933667 0.0076691613395529325
leaf_weight=48437.163984186947 7429.6175860762596 8037.8918114863336 5829.5189596414566 33617.156226478517 26539.474513597786 49914.274730622768 1110.680009689182 16487.486060135067 4087.4976763054729 8226.2746962048113 32106.85224788636 3555.0404650680721 10018.536052241921 1187.0465338677168 30061.21945945546 30.630725264549255 3524.3548284247518 54.942552506923676 557.99881087243557 13.89774204790592 85.087719194591045 2136.0430790968239 2611.8881729394197 3339.9094444736838 12052.520735062659 5148.749624915421 1744.7557754889131 23535.796265378594 21590.455898791552 24467.571348905563
leaf_count=155236 9929 33476 20341 42383 84961 154254 6703 50228 23200 44602 183652 19635 45804 4094 124092 114 7157 120 1392 37 257 11645 13920 17978 50992 26750 5180 72616 71002 28385
internal_value=-0.000149421 0.000189066 -0.000599681 -1.37054e-05 -0.000658178 -0.000748391 0.000203396 -0.000513221 0.000399884 7.19332e-05 0.000636631 0.00044486 -0.000411318 0.000728356 -0.000533642 -0.000977585 -0.00100775 -0.000694289 0.00261014 0.00115524 0.00855206 0.000181272 0.000396373 -4.42597e-05 -1.07666e-05 0.000692091 -0.000670188 -0.000487488 -0.000983832 0.000601603
internal_weight=387540 221229 166311 148325 159294 139812 95940.1 89898 62322.9 26128.6 36194.3 17902.3 52384.6 7016.57 44346.7 14285.4 14254.8 10730.5 711.927 571.897 140.03 14347.3 12211.2 9599.34 19482.1 6259.43 63358.5 40023.3 23335.2 72904.7
internal_count=1310135 786538 523597 602917 499162 438241 390468 283987 348085 141233 206852 96631 212449 24435 178973 54881 54767 47610 1806 1429 377 76996 65351 51431 60921 33453 199026 122844 76182 183621
cat_boundaries=0 1 2
cat_threshold=19 2
is_linear=0
shrinkage=0.05


Tree=41
num_leaves=31
num_cat=1
split_feature=16 16 16 10 10 8 16 4 8 4 18 4 7 7 7 16 3 2 10 7 7 7 7 7 7 16 6 10 0 6
split_gain=21.5594 6.57598 4.68332 3.94184 3.78168 3.57802 2.79308 4.08939 2.78547 2.74938 2.68217 2.32498 2.21658 1.81748 2.15862 1.80155 1.6404 1.67648 1.63167 2.22773 4.47818 1.72038 3.74038 1.48645 2.26173 1.48255 1.37645 1.35234 1.33303 1.33337
threshold=0.8127814019877837 0.76640384685231278 0.91167763378283551 5.2128942736536876 6.2358486112362446 0.89587973461402759 0.84649134540172921 2.5000000000000004 1.0000000180025095e-35 1.5000000000000002 1.0375000000000003 3.5000000000000004 1.0000000180025095e-35 1.0397207708399181 2.3502401828962087 0.75692737795582421 1.0000000180025095e-35 0 1.0000000180025095e-35 1.0397207708399181 2.3502401828962087 2.524928003624769 2.9174053685313028 2.524928003624769 3.0201273556387074 0.97182285662211954 1.0000000180025095e-35 0.80344726361328889 45.500000000000007 -0.12940952255126037
decision_type=2 2 2 2 2 2 2 2 2 2 2 2 2 2 2 2 2 1 2 2 2 2 2 2 2 2 2 2 2 2
left_child=1 10 4 8 5 12 7 -6 18 -8 28 -5 -2 -14 -15 -12 -11 -18 -3 -20 -21 -22 -23 -16 -25 -4 -9 -24 -1 -30
right_child=2 3 25 11 6 -7 9 26 -10 16 15 -13 13 14 23 -17 17 -19 19 20 21 22 27 24 -26 -27 -28 -29 29 -31
leaf_value=0.0081612658675512591 -0.039521676403507455 -0.032052178109061649 0.0060684877873580685 -0.0010536540879864998 -0.015082448119071092 -0.025307833473080455 0.011485901832074831 0.010849981317451763 -0.02156389284964191 0.0024013477335535606 0.0084557699781226958 0.0088731050612487206 0.00049099641979899467 -0.023600912853049993 0.0059094764247944465 -0.013192257692576393 -0.010569696395145956 -0.029646788471474353 0.014593534272231912 -0.034212323901657272 0.028841199838752066 -0.035819881091862273 0.042102131689483673 -0.025161464045348626 -0.0040423255873033746 0.037344811590494367 -0.0041375509133779968 0.00035641854269237162 0.028065610854035895 0.015082658093428281
leaf_weight=15007.419573046267 3114.0497159063816 2466.4347084872425 5829.5189596414566 56724.916549518704 18775.862626470625 34796.591460607946 3381.0067257732153 16487.623765870929 17521.283668618649 3564.7371835634112 22388.355960786343 35025.87041336298 12104.031398646533 8521.407843016088 5312.1018961817026 6191.1482765078545 10671.404576860368 15996.22790247947 8410.4251276180148 4916.5543764345348 3593.2248081751168 2780.6153020597994 1771.7978488579392 6299.3409746214747 10910.614259280264 1187.0465338677168 9359.3812358751893 2987.303072091192 24768.670494034886 16675.366498045623
leaf_count=48496 10326 11447 20341 237437 57258 112945 9954 50590 78053 11499 25976 144739 35945 25811 16206 7185 35005 50973 33454 20358 14766 11586 8140 19320 34282 4094 29048 12691 78481 53729
internal_value=-0.000144834 0.000178513 -0.000574955 -3.68797e-05 -0.000630641 -0.000869983 -0.000382667 -0.000123377 -0.000423348 -0.000726882 0.000523519 0.000150341 -0.000581877 -0.000488898 -0.000691529 0.000128848 -0.000878106 -0.00101276 -0.000104056 1.95402e-05 -0.000325883 0.000229145 -0.000199938 -0.000435066 -0.000660741 0.00068927 0.00028458 0.000651314 0.000723328 0.000869537
internal_weight=387540 221229 166311 136198 159294 81058.1 78236.2 44622.9 44447.6 33613.4 85031 91750.8 46261.5 43147.5 31043.5 28579.5 30232.4 26667.6 26926.4 24459.9 16049.5 11132.9 7539.72 22522.1 17210 7016.57 25847 4759.1 56451.5 41444
internal_count=1310135 786538 523597 572671 499162 254835 244327 136896 190495 107431 213867 382176 141890 131564 95619 33161 97477 85978 112442 100995 67541 47183 32417 69808 53602 24435 79638 20831 180706 132210
cat_boundaries=0 1
cat_threshold=3
is_linear=0
shrinkage=0.05


Tree=42
num_leaves=31
num_cat=1
split_feature=16 16 4 16 0 2 3 17 16 4 4 16 10 4 7 8 8 7 8 10 17 10 7 7 7 0 16 10 16 7
split_gain=19.4016 5.92129 4.41096 4.19598 3.77639 3.12962 3.36625 2.47254 2.13524 7.04327 4.95539 2.84479 2.0847 1.67629 1.66015 2.79977 1.88282 1.74183 1.51214 1.46441 1.46092 1.39843 1.37825 2.95594 3.41727 1.34079 1.31943 1.30164 1.27896 1.25732
threshold=0.8127814019877837 0.76060710736486381 2.5000000000000004 0.91167763378283551 43.500000000000007 0 1.0000000180025095e-35 0.66656010559132584 0.85382885972224343 1.5000000000000002 1.5000000000000002 0.82581605217958109 5.5423782493351199 2.5000000000000004 3.9219243190762363 1.0000000180025095e-35 1.4978661367769956 2.9174053685313028 0.89587973461402759 7.9827405244537077 0.65980955961161136 8.0554591761172674 2.524928003624769 2.3502401828962087 1.0397207708399181 49.500000000000007 0.97182285662211954 7.846586089027463 0.78950820384860276 1.0000000180025095e-35
decision_type=2 2 2 2 2 1 2 2 2 2 2 2 2 2 2 2 2 2 2 2 2 2 2 2 2 2 2 2 2 2
left_child=1 25 12 4 -2 27 -7 19 10 -10 11 -8 18 -12 15 17 -16 22 -3 -4 28 -11 23 24 -9 -1 -5 -6 -14 -27
right_child=3 2 7 26 5 6 8 14 9 21 13 -13 20 -15 16 -17 -18 -19 -20 -21 -22 -23 -24 -25 -26 29 -28 -29 -30 -31
leaf_value=0.005821412266336568 -0.020274219006964245 -0.011217172646878338 -0.0062030811144790478 0.0057650633979901668 -0.001293359293853591 0.0025421503097611711 -0.064230890428999099 0.014971855108989596 0.025354972685259859 -0.02912315885503558 -0.015489291621843961 -0.0088599836453766134 -0.00067973035562887143 -0.0019377823711177911 0.039308119136128111 -0.015611063073478948 0.0094689053424119596 0.035727529196175216 -0.031688772772311281 0.0092266451488056244 0.0016939504418978402 -0.001512236464272565 -0.022213072256128497 0.045855772390881192 -0.026054499801422493 -0.046280335820282972 0.035477571010969648 0.015547269486454553 -0.026939972972209205 0.019316553113319791
leaf_weight=25142.936601608992 39684.921304836869 13709.691562563181 29449.49564769119 5829.5189596414566 18027.82713842392 14421.286119706929 5318.8266474157572 6259.4296346046031 2508.4946557581425 24593.979384124279 15999.604258991778 3106.6020944938064 4517.4189663156867 30396.967421591282 4087.4976763054729 8226.2746962048113 32106.85224788636 3555.0404650680721 6796.7639798671007 4167.6605787873268 22589.1592784971 2035.3993828594685 2136.0430790968239 2611.8881729394197 3339.9094444736838 517.31529084593058 1187.0465338677168 3200.4731569513679 4771.5259142518044 47244.483440637589
leaf_count=64039 124911 54755 37121 20341 57862 45088 15375 33453 7389 80587 46994 11717 5675 92959 23200 44602 183652 19635 29673 5262 116363 6342 11645 13920 17978 1412 4094 9938 5983 118170
internal_value=-0.000140591 0.000166148 -1.52062e-05 -0.000548621 -0.000601331 -0.000461101 -0.000579874 0.000186273 -0.000701147 -0.00104701 -0.00051732 -0.00163284 -0.000384208 -0.000314746 0.000372696 6.89696e-05 0.000591955 0.000419818 -0.000777478 -0.000159336 -0.000131226 -0.0012856 0.000174316 0.000379279 -2.65053e-05 0.000535113 0.000648021 8.95715e-05 -0.000659068 0.000690688
internal_weight=387540 221229 148325 166311 159294 119609 98381.2 95940.1 83959.9 29137.9 54822 8425.43 52384.6 46396.6 62322.9 26128.6 36194.3 17902.3 20506.5 33617.2 31878.1 26629.4 14347.3 12211.2 9599.34 72904.7 7016.57 21228.3 9288.94 47761.8
internal_count=1310135 786538 602917 523597 499162 374251 306451 390468 261363 94318 167045 27092 212449 139953 348085 141233 206852 96631 84428 42383 128021 86929 76996 65351 51431 183621 24435 67800 11658 119582
cat_boundaries=0 1
cat_threshold=2
is_linear=0
shrinkage=0.05


Tree=43
num_leaves=31
num_cat=0
split_feature=10 8 8 7 7 7 7 7 7 7 7 7 1 7 7 10 10 7 1 8 7 7 17 7 1 18 4 0 10 1
split_gain=8.99662 6.81142 6.3696 5.52064 4.88716 5.23392 11.5096 4.38906 10.2432 4.09263 5.45319 6.40355 3.7686 2.89757 5.88389 3.15915 2.72538 2.25473 2.051 1.99865 1.94294 2.17389 1.78115 1.76729 1.64425 1.61226 1.63208 1.5122 1.3925 1.38625
threshold=5.8317312297695052 1.0000000180025095e-35 0.89587973461402759 3.0201273556387074 1.0000000180025095e-35 1.0397207708399181 2.3502401828962087 2.524928003624769 3.0201273556387074 1.0397207708399181 2.3502401828962087 2.524928003624769 2045.5000000000002 3.1132683346437333 3.4175922930736511 0.1970491786496901 7.8710827681682654 3.4175922930736511 5746.5000000000009 1.0000000180025095e-35 3.1132683346437333 3.4175922930736511 0.66197798957202592 8.4014455765695093 2419.5000000000005 1.0541666666666669 4.5000000000000009 76.500000000000014 0.058681907356509619 718.50000000000011
decision_type=2 2 2 2 2 2 2 2 2 2 2 2 2 2 2 2 2 2 2 2 2 2 2 2 2 2 2 2 2 2
left_child=1 4 3 9 -1 -6 28 -8 -9 29 -11 -12 16 24 -15 -16 22 -3 25 20 -5 -22 -4 -18 -10 26 -19 -14 -7 -2
right_child=2 17 12 19 5 6 7 8 13 10 11 -13 27 14 15 -17 23 18 -20 -21 21 -23 -24 -25 -26 -27 -28 -29 -30 -31
leaf_value=-0.031905227154087105 0.0068037177331641274 -0.027711843290488015 -0.015051485902057272 0.064822878003173309 0.011262203721572118 -0.038138919388304361 0.023539025277035733 -0.027617074098953354 0.03630032341754006 -0.024358277689013531 0.037426853425487398 -0.016088372978526787 0.0026233371935535212 -0.034064825500981798 0.062140140014187661 0.012298999078584717 0.0073493193554556857 -0.016677767961665781 0.011479582007418766 0.011810661991786153 -9.128718690791793e-05 0.03549114565240874 -0.0050780370211545474 -0.0090871341412596344 0.084116352379459969 -0.031024515759572571 0.0018411008334670909 0.01343733067689401 -0.019059646968859492 0.03427212258657044
leaf_weight=6754.6429827548563 3304.8592779636383 14186.161908689886 26411.64426702261 1865.1935502365232 27444.539406843483 6629.7738261409104 11989.553799182177 10732.199916545302 2936.7692594379187 6967.9767737165093 5276.3242040388286 6460.6780091263354 35463.57057480514 3896.4560885690153 1838.37097267434 5901.1897060647607 30646.099906940013 38437.188080407679 2389.9152620024979 7980.8288818746805 2393.7364241592586 8363.685152515769 64858.451997239143 12943.779710698873 704.26691639050841 6644.3078086599708 7195.9254679009318 11869.564530961215 10020.657855581492 5032.0212171636522
leaf_count=25053 10235 47600 32984 6098 87526 21972 39251 35564 9875 21740 16418 20171 119439 13067 6719 20754 98076 153022 8753 26334 7766 28146 283125 43723 2371 7382 29010 39349 32933 15679
internal_value=-0.000135555 -0.000426389 6.39977e-05 0.000578717 -0.000137115 -3.07451e-05 -0.000313666 0.000166661 -0.000198184 0.000108925 -0.000301729 0.000356068 -7.06066e-05 0.000633482 0.00024829 0.00104606 -0.000205328 -0.000799666 -0.000653912 0.00119532 0.00158689 0.00132859 -0.000360663 0.000119919 0.00186448 -0.000719394 -0.00061344 0.000313236 -0.00140984 0.00103029
internal_weight=387540 157702 229838 47645.3 88848.4 82093.8 54649.2 37998.8 26009.3 27041.9 18705 11737 182193 15277.1 11636 7739.56 134860 68853.5 54667.3 20603.4 12622.6 10757.4 91270.1 43589.9 3641.04 52277.4 45633.1 47333.1 16650.4 8336.88
internal_count=1310135 540852 769283 152587 295085 270032 182506 127601 88350 84243 58329 36589 616696 52786 40540 27473 457908 245767 198167 68344 42010 35912 316109 141799 12246 189414 182032 158788 54905 25914
is_linear=0
shrinkage=0.05


Tree=44
num_leaves=31
num_cat=0
split_feature=16 16 16 0 4 4 17 0 16 10 16 4 4 16 16 16 3 1 16 16 4 16 7 17 1 1 10 4 16 4
split_gain=17.0541 5.2384 3.91064 3.61434 3.51942 3.32897 2.70907 2.46703 2.33243 2.22623 2.09536 4.25162 3.95056 2.03875 3.34861 3.87138 2.03588 2.79682 1.78479 1.75967 1.67775 1.67415 1.45422 1.4178 1.40045 1.35897 1.34215 1.33766 1.79097 1.2839
threshold=0.8127814019877837 0.76640384685231278 0.89302366647559417 60.500000000000007 2.5000000000000004 1.5000000000000002 0.74075138247375838 69.500000000000014 0.81218281370748857 4.7466181426221139 0.84649134540172921 1.5000000000000002 1.5000000000000002 0.80530725634941192 0.79998426569637526 0.80053615053700111 1.0000000180025095e-35 909.50000000000011 0.84373940648526213 0.7301030753069494 2.5000000000000004 0.80468843791176625 1.0397207708399181 0.66536933010598343 5498.5000000000009 4473.5000000000009 1.0000000180025095e-35 3.5000000000000004 0.85570644998864431 3.5000000000000004
decision_type=2 2 2 2 2 2 2 2 2 2 2 2 2 2 2 2 2 2 2 2 2 2 2 2 2 2 2 2 2 2
left_child=1 6 3 16 25 8 19 9 13 22 12 -12 18 14 -3 -16 -2 -18 -5 -1 -21 -17 26 -11 -9 -4 -7 -19 -29 -14
right_child=2 5 4 10 -6 7 -8 24 -10 23 11 -13 29 -15 15 21 17 27 -20 20 -22 -23 -24 -25 -26 -27 -28 28 -30 -31
leaf_value=0.015980173698954925 -0.0033637514486554833 -0.014728162923008936 0.014302286807781828 -0.036939969397954853 -0.012389987930115233 -0.029403356044598341 0.020844979745197945 0.006629788525480196 0.10312891091942555 -0.0054696893953227743 0.02751909743674923 -0.016928025849474306 -0.0019663812314192342 -0.039847379650608673 0.078674127556638856 0.0089357939676200978 -0.027737269790141485 -0.015974433053459493 0.076260604411397995 -0.013577662939177683 0.0062930868776744477 0.096427918890095971 -0.016994116243824343 0.0048287809091243535 0.028155985405287076 0.053627286086720009 0.012754475234806285 0.00068298598068676779 -0.022106606433910714 0.010164037357713275
leaf_weight=19472.314425885677 10253.727926008403 10726.461564324796 8307.9194651097059 5419.3288533389568 5697.7183510288596 1617.7516782805324 34804.931064710021 32146.283645227551 47.895058885216713 20448.825580440462 1750.4829967990518 23267.130916908383 19421.517132431269 3997.5555645599961 138.17409270256758 708.68345202505589 29269.769792042673 34321.921501465142 83.678334824740887 9611.721747815609 21141.993564009666 21.79558353126049 17774.698560591787 41544.326126586646 2357.9733695201576 213.68390888720751 4668.0015985481441 11806.045792244375 4206.5363950803876 12291.485692493618
leaf_count=25916 32041 52368 27912 17267 20863 7678 146779 134247 188 25511 4846 74034 58112 8293 384 1821 89905 107917 482 12854 28318 58 77760 236110 9551 724 18702 37301 13879 38314
internal_value=-0.000132445 0.000155139 -0.000514994 -0.000589129 0.000277958 -3.71042e-05 0.000463064 5.19321e-05 -0.000723399 -9.12905e-05 -0.000296243 -0.000650101 -5.83702e-05 -0.000757239 -0.000421539 0.00256432 -0.000791974 -0.000877391 -0.00129504 0.000228129 -7.36535e-06 0.00111258 -0.000499507 6.71445e-05 0.000409129 0.000921173 0.000154159 -0.00065139 -0.000274022 0.000156223
internal_weight=387540 221229 166311 152092 14219.3 136198 85031 120558 15640.6 86053.6 62233.6 25017.6 37216 15592.7 11595.1 868.653 89858 79604.3 5503.01 50226 30753.7 730.479 24060.5 61993.2 34504.3 8521.6 6285.75 50334.5 16012.6 31713
internal_count=1310135 786538 523597 474098 49499 572671 213867 509559 63112 365761 193055 78880 114175 62924 54631 2263 281043 249002 17749 67088 41172 1879 104140 261621 143798 28636 26380 159097 51180 96426
is_linear=0
shrinkage=0.05


Tree=45
num_leaves=31
num_cat=0
split_feature=10 8 8 7 7 0 7 7 7 7 7 7 10 1 7 7 7 7 7 7 10 8 7 10 7 7 6 10 7 1
split_gain=9.12509 6.36673 5.26986 5.0234 4.53847 3.41667 3.31721 6.90276 7.8961 6.32014 4.17501 5.82206 2.92578 2.58819 2.4972 2.39223 5.71839 3.94921 2.44 2.54409 2.33903 1.81954 1.73384 1.66619 1.65046 1.60262 1.51057 1.48876 1.4302 1.35898
threshold=5.8317312297695052 1.0000000180025095e-35 0.89587973461402759 3.4175922930736511 3.4175922930736511 43.500000000000007 1.0000000180025095e-35 1.0397207708399181 2.1383330595080281 2.524928003624769 2.9174053685313028 3.1132683346437333 0.098905681065719467 3454.5000000000005 3.4175922930736511 1.0397207708399181 2.3502401828962087 2.524928003624769 2.9174053685313028 3.1132683346437333 7.6762034755851571 1.4978661367769956 3.0201273556387074 4.7466181426221139 2.3502401828962087 8.4014455765695093 0.1294095225512602 0.058681907356509619 4.6101453514146771 5277.5000000000009
decision_type=2 2 2 2 2 2 2 2 2 2 2 2 2 2 2 2 2 2 2 2 2 2 2 2 2 2 2 2 2 2
left_child=1 3 4 6 15 -4 -1 -8 27 24 -11 22 -5 20 -3 -2 -17 -18 -19 -20 26 28 -12 -23 -10 -22 -7 -9 -16 -24
right_child=2 14 5 12 -6 13 7 8 9 10 11 -13 -14 -15 21 16 17 18 19 -21 25 23 29 -25 -26 -27 -28 -29 -30 -31
leaf_value=-0.030950528730651339 0.023708137095484718 -0.027308694457337301 -0.010204463849838086 0.063879503269946222 0.028103661697505847 -0.0010027239115849352 0.010164394151931223 -0.038251445101503738 -0.0077870636288468915 -0.028578238272012824 -0.010096467882646865 -0.031658176727096698 0.013922930349876151 0.011593654246409147 -0.0060451671715110239 -0.023288158131771566 0.035314626217103552 -0.017537139955418456 0.034726261121868253 -0.0049498320452887384 0.0085837388287423721 -0.024962275169260507 0.041810032478028086 -0.010036337179450294 0.023063184136377757 -0.0044807483113503913 -0.012160375241187672 -0.019328514643434325 0.028646926136221485 0.080346824099895867
leaf_weight=6712.5894808731973 8339.8744522742927 14277.483061563224 40359.766866214573 1771.395847838372 14322.537453375757 49383.041594348848 27430.555277101696 5846.7417667098343 2431.2353004515171 9606.6617292575538 1095.46529475227 3882.5962796062231 5984.4199410676956 15860.638613853604 11005.715225242078 6977.4553222581744 5277.5126203261316 5593.960062853992 3295.2359537966549 3870.6585282385349 40437.361604671925 21851.736563630402 3443.9168873764575 20234.930539526045 11993.344746012241 13571.609786715358 22688.823740866035 8428.3192671723664 1532.3928351178765 174.82465713843703
leaf_count=25069 25850 47844 138702 6477 48340 168160 87718 19368 7864 31978 3491 13098 20990 53030 37657 21805 16549 17494 10500 12321 131842 79657 11552 75147 39371 46255 78801 27875 5818 664
internal_value=-0.000129416 -0.000422352 7.14599e-05 -0.000142511 0.000539481 -5.09416e-05 -0.000258844 -0.000162718 -0.000531191 -0.00010208 -0.000721539 7.89206e-05 0.00107314 6.44824e-05 -0.000783015 0.000219812 -2.46856e-05 0.000445501 -3.03059e-05 0.000580589 -1.12444e-05 -0.000629125 0.00125978 -0.000786631 0.000679662 0.000237535 -0.000197674 -0.00151199 -0.000100421 0.00178736
internal_weight=387683 157704 229978 88802.1 47677.2 182301 81046.3 74333.7 46903.1 32628 18203.5 8596.8 7755.82 141941 68902.3 33354.7 25014.8 18037.4 12759.9 7165.89 126081 54624.8 4714.21 42086.7 14424.6 54009 72071.9 14275.1 12538.1 3618.74
internal_count=1311287 541638 769649 295515 152859 616790 268048 242979 155261 108018 60783 28805 27467 478088 246123 104519 78669 56864 40315 22821 425058 198279 15707 154804 47235 178097 246961 47243 43475 12216
is_linear=0
shrinkage=0.05


Tree=46
num_leaves=31
num_cat=0
split_feature=16 0 3 1 17 10 8 8 13 10 10 1 6 0 16 4 16 10 16 4 4 16 16 6 0 16 16 16 16 16
split_gain=15.6321 5.22706 4.4583 5.43097 3.14348 3.11166 2.55135 2.40884 2.02235 1.98553 1.78369 1.68393 1.57236 1.57032 1.49877 1.8545 1.41898 2.63287 1.53969 5.17176 2.89196 1.87544 1.82308 1.34316 1.24945 1.19011 1.53391 1.09916 1.93895 1.06649
threshold=0.78226511065443993 88.500000000000014 1.0000000180025095e-35 967.50000000000011 0.68059376891959245 4.7959920073102493 1.0000000180025095e-35 1.0000000180025095e-35 1.0000000180025095e-35 5.6929629503794645 0.47873179439478714 4473.5000000000009 -0.12940952255126037 40.500000000000007 0.83375273960117646 1.5000000000000002 0.97182285662211954 1.0000000180025095e-35 0.84649134540172921 1.5000000000000002 1.5000000000000002 0.88926421891343954 0.90374560103526036 0.1294095225512602 132.50000000000003 0.80530725634941192 0.82537325419067853 0.79998426569637526 0.80117091351823222 0.90056769624314192
decision_type=2 2 2 2 2 2 2 2 2 2 2 2 2 2 2 2 2 2 2 2 2 2 2 2 2 2 2 2 2 2
left_child=5 2 12 16 -5 7 -7 8 10 -6 24 23 -2 -8 15 -11 18 -18 19 25 22 -22 29 -3 -1 27 -27 -4 -29 -20
right_child=1 11 3 4 9 6 13 -9 -10 14 -12 -13 -14 -15 -16 -17 17 -19 20 -21 21 -23 -24 -25 -26 26 -28 28 -30 -31
leaf_value=0.015047528134459798 0.0079015221721427508 0.0092567903293644619 -0.030321201002052423 -0.012371165611301317 -0.0086751551294004699 0.02431082071784987 -0.0045461623066229253 -0.018003525420459399 -0.035165775325278051 -0.021733313756134433 -0.004138244638003408 0.020875914363919758 -0.0064493813516019131 0.0097590454437374245 -0.00542236578563704 0.0085551041152936765 0.069909127541053051 0.027174450692579913 0.015854950288994595 -0.010596015487256971 -0.036382469470162285 -0.0081358523966400757 -0.026747003779187997 -0.0080128929845347807 0.067723065521111445 -0.063229070847597574 -0.025980585376015487 0.17730928028368639 0.0087912626278146451 0.071469718278246733
leaf_weight=12609.590292580426 17394.180201381445 16111.411425821483 1856.9151421934366 47586.722799777985 30189.726445741951 20652.350998610258 12828.997933790088 11364.87443587929 2059.7311788015068 2741.1616934016347 9632.8228736184537 2214.7348915860057 11665.465828679502 67607.169826682657 18754.680819317698 24712.069557614625 10.960638396441935 317.78093452006578 1942.5358248353004 37458.831074669957 17304.486741617322 3372.7813377529383 940.62149475514889 8401.8479810282588 254.786157540977 5275.0744205862284 2023.011046551168 38.898599229753017 278.44442615658045 80.134277112782001
leaf_count=49546 53463 48080 5639 62180 126380 74726 53601 53312 10014 10963 37670 6842 36444 267706 80058 99892 40 1078 5722 109561 54292 12379 2872 25433 849 13756 7827 100 640 222
internal_value=-0.000128966 -0.000363693 -0.000442572 -0.000528719 -0.000329118 0.000300488 0.00044253 -9.92375e-05 0.000179304 -0.00013042 0.000316599 0.000297202 0.000135163 0.000315249 7.56146e-05 0.000310977 -0.000877762 0.00239958 -0.000893028 -0.000727272 -0.00122209 -0.00143144 0.000238732 0.000177911 0.000701853 -0.00177105 -0.00207695 -0.000744253 0.00197516 0.00108446
internal_weight=387683 250672 223944 194885 123984 137010 101089 35921.8 24556.9 76397.6 22497.2 26728 29059.6 80436.2 46207.9 27453.2 70900.5 328.742 70571.7 46931.2 23640.6 20677.3 2963.29 24513.3 12864.4 9472.34 7298.09 2174.26 317.343 2022.67
internal_count=1311287 763863 683508 593601 379473 547424 396033 151391 98079 317293 88065 80355 89907 321307 190913 110855 214128 1118 213010 137523 75487 66671 8816 73513 50395 27962 21583 6379 740 5944
is_linear=0
shrinkage=0.05


Tree=47
num_leaves=31
num_cat=0
split_feature=16 17 16 17 16 6 16 1 10 7 1 18 10 7 8 8 6 7 7 7 7 10 16 10 10 8 16 16 10 8
split_gain=14.1671 4.47326 4.39535 3.03376 2.38952 1.99892 1.91595 1.8963 1.6989 1.8518 1.58987 1.51788 1.50827 1.49171 2.18084 1.91764 1.43338 1.43057 1.79777 2.237 3.62296 1.61532 1.22827 1.21011 1.17898 1.28451 1.1643 1.56559 1.38561 1.12426
threshold=0.78226511065443993 0.70060497822106316 0.82340483352627902 0.80780513001305543 0.91167763378283551 -0.37940952255126015 0.78247868681815624 4752.5000000000009 7.3777448829540324 1.0397207708399181 3388.5000000000005 1.0708333333333335 5.751176346912966 3.9219243190762363 0.89587973461402759 1.0000000180025095e-35 -0.12940952255126037 3.0201273556387074 2.524928003624769 2.3502401828962087 1.0397207708399181 1.0000000180025095e-35 0.78158162722824287 5.6929629503794645 8.0353250454199436 1.2424533248940002 0.8861666780130667 0.84649134540172921 4.7466181426221139 1.0000000180025095e-35
decision_type=2 2 2 2 2 2 2 2 2 2 2 2 2 2 2 2 2 2 2 2 2 2 2 2 2 2 2 2 2 2
left_child=3 7 6 5 10 11 -3 8 9 -2 16 -1 29 15 -15 17 24 18 19 20 21 -7 -13 -5 25 -4 27 28 -11 -8
right_child=1 2 4 23 -6 13 12 -9 -10 26 -12 22 -14 14 -16 -17 -18 -19 -20 -21 -22 -23 -24 -25 -26 -27 -28 -29 -30 -31
leaf_value=0.015955824455601775 -0.0035495361902136095 -0.055231806606590841 -0.0024533109582172588 -0.021683470015998043 0.011760036056247404 -0.040372239747243868 0.0038906416412492154 0.004771550554911564 -0.0068678627824275036 -0.024473415611851391 0.0047071396895320035 -0.0042281592386676616 0.0070672807052921012 0.040224752811004016 0.0063452409987790675 -0.019758246618465283 -0.015505200423831656 0.030346190273210772 -0.032391123022957394 0.036204067931418837 -0.032493243503741276 0.018791707092392907 0.076853183486233698 1.6778399789174616e-05 0.011082404160921967 -0.015906517695014565 0.00050930544040821428 -0.027534070756661436 -0.011263753873675175 -0.010086301274158349
leaf_weight=53180.568995255977 10469.760006666183 810.96233412623405 16699.901832647622 6801.3793787918985 4552.8115251213312 870.98896351456642 13933.78744764626 4953.078869342804 27488.619974076748 16076.060429573059 6928.3233016356826 6722.6653566509485 38864.368996955454 2311.543498441577 31136.449084315449 7421.4073090218008 29570.95942260325 3308.8494522795081 2321.9280762709677 2938.9654680788517 3308.7352516166866 6045.6657708026469 82.80725109577179 10558.369841367006 3360.0884789675474 21296.841086924076 3396.1257158517838 13393.664297938347 26896.913001537323 11980.210881114006
leaf_count=141528 13988 3503 70548 98774 21158 2359 57384 6601 36734 21346 30287 7670 158341 5819 78550 17847 129892 8103 5566 7199 7936 14489 87 151497 13821 92278 4608 17915 35809 49650
internal_value=-0.00012557 -0.000349028 -0.000173101 0.000283266 -0.000416192 0.000372885 0.000132327 -0.000602614 -0.000650991 -0.000781418 -0.000481299 0.000576703 0.000162563 0.000167968 0.000389307 -0.000114423 -0.000551916 0.000154289 -4.73467e-05 0.000178903 -0.000170527 0.000480419 -0.000126388 -0.000334422 -0.000361852 -0.000441239 -0.000888879 -0.00094305 -0.000795937 -0.0001329
internal_weight=387683 250672 147998 137010 82408.9 119651 65589.3 102674 97721.1 70232.5 77856.1 59986 64778.4 59664.5 33448 26216.5 70927.8 18795.1 15486.3 13164.4 10225.4 6916.65 6805.47 17359.7 41356.8 37996.7 59762.8 56366.6 42973 25914
internal_count=1311287 763863 626862 547424 357984 297153 268878 137001 130400 93666 336826 149285 265375 147868 84369 63499 306539 45652 37549 31983 24784 16848 7757 250271 176647 162826 79678 75070 57155 107034
is_linear=0
shrinkage=0.05


Tree=48
num_leaves=31
num_cat=0
split_feature=16 1 3 1 17 17 16 17 16 10 7 7 7 8 7 16 10 16 10 8 7 7 7 7 8 10 10 7 8 10
split_gain=12.7573 4.14228 4.46365 5.07778 2.78472 2.76199 2.55769 1.96948 1.95933 1.71871 1.61176 2.26902 2.93954 2.78912 2.23414 1.54308 1.1926 1.19145 1.16031 1.50746 1.38365 2.46357 1.55405 1.59228 1.75662 1.50314 1.39153 1.2561 1.31813 1.12041
threshold=0.78226511065443993 4752.5000000000009 1.0000000180025095e-35 696.50000000000011 0.69355307585676318 0.80780513001305543 0.83214013540678655 0.72406633601923109 0.67530393782091591 5.7215213570078616 2.3502401828962087 2.524928003624769 3.0201273556387074 1.0000000180025095e-35 1.0397207708399181 0.91167763378283551 0.00230835222093671 0.97182285662211954 4.7959920073102493 1.0000000180025095e-35 1.0397207708399181 2.1383330595080281 2.524928003624769 3.0201273556387074 1.0000000180025095e-35 0.098905681065719467 0.00230835222093671 3.9219243190762363 5.8593596889746626 6.0626624360479076
decision_type=2 2 2 2 2 2 2 2 2 2 2 2 2 2 2 2 2 2 2 2 2 2 2 2 2 2 2 2 2 2
left_child=5 2 -2 -4 -5 7 9 8 -1 -6 14 -12 -13 -14 16 -8 -9 -3 20 -20 26 -22 -23 -24 25 -25 -10 -21 -29 -7
right_child=1 17 3 4 6 29 15 10 18 -11 11 12 13 -15 -16 -17 -18 -19 19 27 21 22 23 24 -26 -27 -28 28 -30 -31
leaf_value=0.028232958388991404 0.0032793517954353927 0.0087415613075121357 -0.021683585095123449 -0.01161621274688749 -0.0055707038984947888 -0.019284112134713285 -0.010135848401494242 -0.027664311309746517 -0.034654122008901965 0.0057783512587884726 0.051982739010003477 -0.022855387826489795 0.045572658974562336 0.014390327595063136 -0.026878101107877962 0.01546515123962049 0.021481303767316454 0.078560170776703284 0.020818225087848943 -0.013981723375219347 -0.047689972891816361 0.025778957273082482 -0.044994063733499526 0.063347669553410133 -0.019926141218682549 -0.0021156358368390029 0.015071806756060013 0.0084010786395736226 -0.0096540740750088901 0.000929430204632542
leaf_weight=4323.0042904615402 32896.230454809964 12674.163980394602 44200.210565008223 64976.621044814587 21085.354158043861 7663.9319434948266 40305.055709853768 920.26202473789454 916.3517541885376 32396.030805453658 2598.3309520408511 2651.6476334370673 4055.2814645841718 34003.922501754016 2800.1968363560736 2116.2728200778365 4996.5119921453297 22.538064271211624 9954.0257976278663 5674.9854650124907 1656.7149019837379 1990.2207052707672 1563.0012578964233 692.68226039409637 4529.6666573360562 1026.8616877794266 3991.8219621181488 25320.944716878235 5984.139615342021 9695.8172766640782
leaf_count=5731 101562 39501 132938 86117 86252 111201 175529 3775 1225 131946 10059 10451 16111 136497 11019 9939 19231 79 13238 7527 2215 2640 2074 915 6017 1374 5329 33729 7996 139070
internal_value=-0.000119784 -0.000331832 -0.00037878 -0.000465508 -0.000335099 0.000268176 -0.000163872 0.000353687 0.000175758 6.60973e-05 0.000584962 0.000709816 0.000618385 0.000730531 -3.53588e-05 -0.000453798 0.000515314 0.000548116 0.000105425 0.000231839 -0.000257073 -0.000557943 -0.00025655 -0.00057431 -0.000217317 0.00114326 0.000445369 8.48227e-05 0.000208894 -0.000321196
internal_weight=387683 250672 237976 205080 160879 137010 95902.7 119651 67624.4 53481.4 52026.2 43309.2 40710.9 38059.2 8716.97 42421.3 5916.77 12696.7 63301.4 46934.1 16367.3 11459.1 9802.43 7812.21 6249.21 1719.54 4908.17 36980.1 31305.1 17359.7
internal_count=1311287 763863 724283 622721 489783 547424 403666 297153 90010 218198 207143 173118 163059 152608 34025 185468 23006 39580 84279 62490 21789 15235 13020 10380 8306 2289 6554 49252 41725 250271
is_linear=0
shrinkage=0.05


Tree=49
num_leaves=31
num_cat=0
split_feature=16 10 8 16 4 10 16 17 17 8 4 16 8 16 4 16 4 12 10 11 16 16 17 3 4 16 4 16 3 16
split_gain=11.3571 3.90695 3.13412 3.07935 4.55933 2.58204 2.43285 2.4458 2.38662 2.0353 2.01936 2.35422 1.9954 1.91365 2.18438 2.5649 1.66055 1.65041 1.52734 1.49222 1.43346 1.38577 1.25686 1.33337 1.25006 1.24377 1.20817 1.45309 1.20426 1.12611
threshold=0.78226511065443993 5.8317312297695052 0.89587973461402759 0.83426495118380328 1.5000000000000002 4.7959920073102493 0.82922542429719359 0.68761242875147521 0.67112732600106184 1.0000000180025095e-35 1.5000000000000002 0.83744152111093351 1.0000000180025095e-35 0.8861666780130667 2.5000000000000004 0.83985402250262131 2.5000000000000004 1.0000000180025095e-35 7.6356794924471805 1.0000000180025095e-35 0.90374560103526036 0.72811069527815941 0.78929913144171537 1.0000000180025095e-35 3.5000000000000004 0.85472328363330063 4.5000000000000009 0.85382885972224343 1.0000000180025095e-35 0.80530725634941192
decision_type=2 2 2 2 2 2 2 2 2 2 2 2 2 2 2 2 2 2 2 2 2 2 2 2 2 2 2 2 2 2
left_child=5 2 13 4 6 9 28 18 -6 17 11 -5 -7 14 -2 -16 -15 19 -8 -1 22 -21 -12 -24 -10 -25 -4 -28 -3 -30
right_child=1 3 26 10 8 12 7 -9 24 -11 20 -13 -14 16 15 -17 -18 -19 -20 21 -22 -23 23 25 -26 -27 27 -29 29 -31
leaf_value=-0.0013699022923744587 -0.015004402689115027 0.0045980949706225351 -0.020594798678701356 -0.050795238479590665 -0.0033489198572857152 0.021344949611573717 0.074007749006305759 0.016838738898484907 0.0040567878108409344 -0.017030597678184912 -0.017821456304737793 0.011793369097104246 0.0063405454138010242 0.021620450140478309 0.0028705905530188817 -0.013726988077176162 -0.011043160153460609 -0.031160283838337046 0.13758607225668187 0.044255166168110982 0.006692073174478997 0.010076247046484445 0.01231898890316936 -0.0019808468295561712 0.014143156487189092 -0.017750044199683113 0.0035122020806732657 -0.031743369095189621 -0.010914312421530049 -0.039793821406555407
leaf_weight=14037.48482631892 25968.233219742775 1369.0142299905419 35927.175841890275 659.56490723788738 29554.937198221684 20652.350998610258 30.183975338935852 540.97425416111946 26443.209930866957 11364.87443587929 21570.443537324667 6121.6634466275573 80436.167760472745 2916.4539324268699 23542.309771411121 11271.509098187089 1732.5383023023605 2059.7311788015068 61.92106294631958 1901.4300126358867 3835.4120902642608 6558.2844847850502 2847.0668301209807 10069.414801158011 18225.989409863949 12399.048564448953 4847.2249620258808 1395.930826343596 3015.8837963044643 6326.3736135214567
leaf_count=56964 76038 3863 113171 2543 38306 74726 42 2898 105105 53312 31117 18947 321307 9811 69699 35130 6581 10014 83 4702 14110 26399 13282 46337 73042 58238 15466 4621 8437 16996
internal_value=-0.000115556 -0.000315629 -0.000543245 -0.000144443 4.57132e-05 0.000250495 -0.000887856 0.00212397 0.000188399 -0.000113627 -0.000427411 0.000382943 0.000379886 -0.000326609 -0.000401392 -0.000142516 0.000651118 0.000142409 0.00965576 0.000266437 -0.000535751 0.00079099 -0.000611776 -0.000372814 0.00041902 -0.000501984 -0.000879375 -0.000237367 -0.00106587 -0.00126882
internal_weight=387683 250672 107601 143071 85568.5 137010 11344.4 633.079 74224.1 35921.8 57502.6 6781.23 101089 65431 60782.1 34813.8 4648.99 24556.9 92.105 22497.2 50721.4 8459.71 46886 25315.5 44669.2 22468.5 42170.3 6243.16 10711.3 9342.26
internal_count=1311287 763863 330517 433346 248772 547424 32319 3023 216453 151391 184574 21490 396033 197259 180867 104829 16392 98079 125 88065 163084 31101 148974 117857 178147 104575 133258 20087 29296 25433
is_linear=0
shrinkage=0.05


Tree=50
num_leaves=31
num_cat=0
split_feature=16 4 16 0 16 4 10 16 16 16 8 7 6 3 6 10 8 7 7 8 0 0 10 16 4 4 7 0 4 10
split_gain=10.4159 8.24212 5.12298 4.44817 4.00097 3.15322 2.85434 2.72825 2.56177 2.60707 2.43558 2.58044 2.2595 2.08193 1.96607 1.76552 1.66941 1.90724 3.56724 1.50718 1.42927 1.25054 1.24968 1.15787 1.4809 1.32061 1.12959 1.12208 1.03731 1.02642
threshold=0.82340483352627902 1.5000000000000002 0.80530725634941192 61.500000000000007 0.89302366647559417 2.5000000000000004 7.846586089027463 0.82291002297139948 0.58123026540307288 0.79940033165848312 1.2424533248940002 3.7012257604091228 -0.5 1.0000000180025095e-35 -0.12940952255126037 3.9222416602221082 0.89587973461402759 2.3502401828962087 1.0397207708399181 1.8688348091416842 40.500000000000007 74.500000000000014 7.8345042055976304 0.86875386461544013 3.5000000000000004 1.5000000000000002 6.808487124871454 48.500000000000007 2.5000000000000004 0.00230835222093671
decision_type=2 2 2 2 2 2 2 2 2 2 2 2 2 2 2 2 2 2 2 2 2 2 2 2 2 2 2 2 2 2
left_child=1 2 8 12 6 -6 10 -4 -1 13 11 27 22 -10 16 -12 17 18 29 -11 -14 -19 28 24 -17 -25 -24 -2 -3 -5
right_child=4 3 7 14 5 -7 -8 -9 9 19 15 -13 20 -15 -16 23 -18 21 -20 -21 -22 -23 26 25 -26 -27 -28 -29 -30 -31
leaf_value=0.054712230803451917 -0.01914779328304568 -0.0063673072777637348 -0.039884612819683522 -0.013940579177152702 0.01569246515320195 -0.010076913740691884 0.00093200864551787896 0.086659484183349886 0.0140689303027282 0.054689184993299028 -0.030415685604753762 0.0097111120939946238 -0.011579994977037612 -0.016606456361937739 0.0034441785241096316 -0.019229352052006956 0.0092667699081158354 0.021112874392330075 -0.017064749152269298 0.0085580608065486171 -0.0014575397497730959 0.044399200726403049 0.024589902932484843 0.011203700642249027 -0.0043945937714248819 -0.030038721157205208 0.0065520471410794208 -0.0063043201617544176 0.005529237402756149 0.033360358309811787
leaf_weight=270.5707068964839 15325.009591341019 13849.638085909188 10570.676415458322 788.04060009121895 8490.5710128843784 5682.6872804537416 16658.54965904355 65.036321476101875 3958.8491656519473 395.00750882923603 7128.5543988868594 6519.3830894604325 20845.51881852746 14154.823790896684 38412.605309743434 24524.781563147902 35038.485368423164 4800.8206426985562 2929.3325754627585 539.24431642889977 51366.516105540097 6157.6928823813796 4542.418911755085 741.77886406332254 11762.391752846539 8538.8866160511971 5948.8397605866194 26388.338890507817 36086.095081742853 4971.6396009474993
leaf_count=836 47492 49110 26059 2994 28714 20834 51976 163 14550 1029 23396 21193 74655 56622 134071 79604 121355 16178 9734 1362 180561 20432 14197 1966 38409 28992 20378 81655 127113 15535
internal_value=-0.00011564 7.04594e-05 -0.000708839 0.000173868 -0.000476779 0.000316827 -0.000572436 -0.0015901 -0.000223664 -0.000292287 -0.000672517 -0.000415783 -1.2081e-05 -0.000425133 0.000438793 -0.000907503 0.000631367 0.00100029 0.000447052 0.0022834 -0.000200859 0.00143895 0.000213514 -0.000793035 -0.000665572 -0.00129141 0.000709588 -0.000560364 0.000109292 0.00116955
internal_weight=387453 255692 29954.2 225738 131761 14173.3 117588 10635.7 19318.5 19047.9 100929 48232.7 132639 18113.7 93098.6 52696.4 54686 19647.5 8689.01 934.252 72212 10958.5 60427 45567.8 36287.2 9280.67 10491.3 41713.3 49935.7 5759.68
internal_count=1311165 886934 100621 786313 424231 49548 374683 26222 74399 73563 322707 150340 466014 71172 320299 172367 186228 64873 28263 2391 255216 36610 210798 148971 118013 30958 34575 129147 176223 18529
is_linear=0
shrinkage=0.05


Tree=51
num_leaves=31
num_cat=0
split_feature=16 4 16 0 16 4 16 1 3 16 16 1 8 7 7 7 3 4 16 7 7 7 1 7 1 0 7 0 7 8
split_gain=9.44621 7.57774 4.6689 4.00146 3.5713 4.10067 2.69279 2.33979 3.64738 2.27014 2.34039 1.97688 1.95172 3.19001 2.56241 2.9279 1.92596 1.79396 1.71004 1.68294 3.56682 3.86755 1.64996 1.46049 1.38863 1.35092 1.31878 1.23511 1.20172 1.50353
threshold=0.82340483352627902 1.5000000000000002 0.80530725634941192 61.500000000000007 0.88926421891343954 2.5000000000000004 0.82291002297139948 1162.5000000000002 1.0000000180025095e-35 0.58123026540307288 0.79940033165848312 404.50000000000006 0.89587973461402759 3.0201273556387074 3.1132683346437333 3.3497501700808394 1.0000000180025095e-35 3.5000000000000004 0.72594608427542362 2.524928003624769 2.3502401828962087 1.0397207708399181 497.50000000000006 2.524928003624769 4349.5000000000009 43.500000000000007 1.0000000180025095e-35 61.500000000000007 4.6101453514146771 1.7005986908310777
decision_type=2 2 2 2 2 2 2 2 2 2 2 2 2 2 2 2 2 2 2 2 2 2 2 2 2 2 2 2 2 2
left_child=1 2 9 17 7 24 -4 8 -2 -1 16 -5 13 19 -15 -16 -11 18 -3 20 21 26 -10 -12 -6 -19 -13 -9 -14 -30
right_child=4 3 6 11 5 -7 -8 27 22 10 23 12 28 14 15 -17 -18 25 -20 -21 -22 -23 -24 -25 -26 -27 -28 -29 29 -31
leaf_value=0.051976619263279303 0.00048767775852742723 0.013658724520549193 -0.037890382178699333 -0.0086646307871942607 0.013781791176460435 -0.012672132859028951 0.082326509974182394 -0.0096837310799524415 -0.035500223260020274 0.013365483787591793 0.087153793309897198 -0.016509668683032164 -0.0012548185072179586 0.070095766855329436 -0.017187442358908678 0.039688212154591535 -0.015776133543840842 -0.0024958650427215016 -0.005461185023112592 -0.011688972473613869 0.044458639533293723 -0.018553760262500198 -0.016828000107379483 0.016711085892049928 0.057323615994567416 0.0089274554284324743 0.0253669932414331 -0.00085699644551118226 0.044024069821564239 0.0078866938617826229
leaf_weight=270.5707068964839 11996.620219223201 8493.866419583559 10570.676415458322 7796.3371155671775 9304.1148951649666 6942.0575035735965 65.036321476101875 31377.169062912464 10443.269634477794 3958.8491656519473 158.65744128078222 1142.3545189797878 16233.73178852722 1575.2457070834935 1726.5517320632935 6172.8902025558054 14154.823790896684 19130.649665538222 71419.377918433398 3634.7017790302634 3824.8451130017638 4427.9585305675864 38202.080597952008 775.59438397735357 247.28579766303301 33595.132760506123 7234.0103716664016 23248.335007719696 1587.3038085028529 37742.686312202364
leaf_count=836 38155 21762 26059 26548 31581 25426 163 101302 32545 14550 442 4463 54935 5280 5799 21446 56622 67143 261179 12273 12577 14957 120270 1949 866 115930 23080 74086 5463 133478
internal_value=-0.000112237 6.49878e-05 -0.000682242 0.000164141 -0.000456155 0.000232002 -0.00152354 -0.000554622 -0.000768426 -0.000219068 -0.000283667 0.000415412 0.000485067 0.000811982 0.00156931 0.00120212 -0.000409536 -1.2224e-05 -0.000161587 0.000457881 0.000670911 0.000270687 -0.000960994 0.00215674 0.00090413 0.000214156 0.000902492 -0.000317269 0.000310097 0.000459488
internal_weight=387453 255692 29954.2 225738 131761 16493.5 10635.7 115267 60642 19318.5 19047.9 93098.6 85302.3 29738.6 9474.69 7899.44 18113.7 132639 79913.2 20263.9 16629.2 12804.3 48645.4 934.252 9551.4 52725.8 8376.36 54625.5 55563.7 39330
internal_count=1311165 886934 100621 786313 424231 57873 26222 366358 190970 74399 73563 320299 293751 99875 32525 27245 71172 466014 282941 67350 55077 42500 152815 2391 32447 183073 27543 175388 193876 138941
is_linear=0
shrinkage=0.05


Tree=52
num_leaves=31
num_cat=1
split_feature=16 0 3 1 0 10 17 6 8 7 7 7 10 7 7 6 16 10 10 16 6 7 1 8 5 7 8 16 7 2
split_gain=8.63647 4.38505 3.37458 5.11061 2.37921 2.27829 1.89524 1.89058 1.82844 2.71926 1.66405 2.50661 1.54927 1.5424 2.90982 1.50217 1.46962 1.26147 1.25064 1.18093 1.15389 1.12429 1.12022 1.09314 1.08305 1.06059 2.29195 1.04946 1.46141 1.01294
threshold=0.78226511065443993 87.500000000000014 1.0000000180025095e-35 704.50000000000011 40.500000000000007 7.7709141262221211 0.80721709212400827 -0.12940952255126037 1.2424533248940002 3.4175922930736511 1.0397207708399181 1.0000000180025095e-35 4.7959920073102493 2.1383330595080281 2.524928003624769 1.0000000180025095e-35 0.72594608427542362 7.3161142606381642 7.9504083152704217 0.83523104476989685 -0.12940952255126037 1.0000000180025095e-35 583.50000000000011 6.4591213688611626 0.12940952255126045 3.9219243190762363 0.89587973461402759 0.9461910594647257 1.0000000180025095e-35 0
decision_type=2 2 2 2 2 2 2 2 2 2 2 2 2 2 2 2 2 2 2 2 2 2 2 2 2 2 2 2 2 1
left_child=4 2 20 18 16 8 15 -3 9 10 11 -5 23 -12 -15 21 -1 -13 27 24 -2 -6 -23 -10 -14 -17 -27 -4 -29 -9
right_child=1 7 3 5 6 -7 -8 29 12 -11 13 17 19 14 -16 25 -18 -19 -20 -21 -22 22 -24 -25 -26 26 -28 28 -30 -31
leaf_value=0.013081400886431239 0.007459969572733538 0.012879021191871388 -0.023173288532628046 -0.027039044578132644 -0.03479397774989592 0.0019668104872766269 -0.0052464582590825651 -0.023239630367790733 -0.022123515671676454 0.0084123748831774984 -0.019563835954573228 0.007774411823053007 -0.000611145116771783 0.0092692859343141976 -0.013010986638901923 -0.004728889896372968 -0.009992424725550909 0.051858118587567371 -0.0032950453474019925 -0.015298614245016129 -0.0051338956426835837 0.003858164075268844 0.016294078920990576 0.15449682392891767 -0.01293996048921291 0.049103605157613694 0.0051364945445535161 0.071869006283221945 0.030625335443179115 0.0003336576207013664
leaf_weight=4784.6042673438787 17249.409692116082 15955.392719477415 36448.865291729569 2988.3169703185558 815.42491877824068 27566.620420657098 15386.46825844422 1797.9263838753104 13472.413305521011 12221.935319691896 7612.4741177260876 10098.077942833304 20572.17451120913 6782.9315871074796 14917.185647137463 15230.935302242637 18581.205844454467 409.86451583355665 4882.9485419690609 21019.583428233862 11508.103951059282 12896.722427103668 49306.693295758218 65.035353645682335 14156.478028982878 1361.5950188301504 18677.222197439522 14.631071567535399 334.99328404664993 10336.551072999835
leaf_count=12351 53235 47827 110026 9573 2124 82097 217749 5426 42470 37590 22625 29963 61580 20303 44526 34977 84672 1195 14218 69927 36099 30778 117430 221 42245 3207 44340 54 1136 31201
internal_value=-0.000108586 -0.000283219 -0.000357592 -0.000432677 0.000210517 -0.000298088 0.000304971 0.000305416 -0.000389278 -0.000174116 -0.000361916 9.75014e-05 -0.000560172 -0.000573443 -0.000358624 0.000385748 -0.000249003 0.000460881 -0.000923107 -0.000443661 0.000147797 0.00053198 0.00055616 -0.00103997 -0.000264627 0.000124464 0.000363504 -0.00102287 0.00170346 -0.00016495
internal_weight=387453 250412 222322 193565 137041 151883 113675 28089.9 124316 55030.8 42808.9 13496.3 69285.7 29312.6 21700.1 98288.6 23365.8 10507.9 41681.4 55748.2 28757.5 63018.8 62203.4 13537.4 34728.7 35269.8 20038.8 36798.5 349.624 12134.5
internal_count=1311165 763537 679083 589749 547628 464315 450605 84454 382218 165775 128185 40731 216443 87454 64829 232856 97023 31158 125434 173752 89334 150332 148208 42691 103825 82524 47547 111216 1190 36627
cat_boundaries=0 1
cat_threshold=4
is_linear=0
shrinkage=0.05


Tree=53
num_leaves=31
num_cat=0
split_feature=0 1 3 1 10 3 8 7 7 1 7 10 7 7 7 7 7 7 8 0 1 10 10 8 10 10 18 7 7 1
split_gain=6.24206 4.00542 4.72812 3.76086 2.56871 2.26607 2.2433 3.90968 2.82848 2.17437 1.71169 1.67186 1.66554 2.23411 3.37125 2.6502 1.76511 4.13008 1.60765 1.53997 1.40782 1.28821 1.09819 1.99698 1.08018 1.03377 1.03021 0.971376 1.33321 0.912334
threshold=43.500000000000007 2135.5000000000005 1.0000000180025095e-35 467.50000000000006 7.9504083152704217 1.0000000180025095e-35 1.0000000180025095e-35 3.4175922930736511 2.9174053685313028 353.50000000000006 3.4811217321331038 6.1613069155431477 1.0000000180025095e-35 1.0397207708399181 2.3502401828962087 2.524928003624769 3.0201273556387074 3.1132683346437333 4.1190041246092024 116.50000000000001 10898.500000000002 3.3011167046184218 4.7466181426221139 1.2424533248940002 8.3125550392534944 5.7774105117271706 1.0375000000000003 1.0397207708399181 2.1383330595080281 604.50000000000011
decision_type=2 2 2 2 2 2 2 2 2 2 2 2 2 2 2 2 2 2 2 2 2 2 2 2 2 2 2 2 2 2
left_child=5 2 9 -4 6 26 7 12 -8 -2 -9 29 -5 -14 -15 -16 -17 -18 -6 20 22 -10 23 -3 -20 -19 -1 -24 -29 -7
right_child=1 19 3 4 18 11 8 10 21 -11 -12 -13 13 14 15 16 17 25 24 -21 -22 -23 27 -25 -26 -27 -28 28 -30 -31
leaf_value=0.0074761651329119166 -0.0036339407172824691 0.0043417916596720785 -0.022420344352992984 -0.027025476077988522 0.020984385748130798 -0.03032628046767907 -0.039261711566810957 0.08315158981129589 -0.019028238909624618 0.012614397091875285 0.021096462446413791 -0.0075320534953823518 0.011183606196553786 -0.019834996566980047 0.025491071592125537 -0.017987995560456226 0.055970452305735968 -0.032737731625127789 -0.002859769560889092 0.024957188530437782 0.024258948779209602 -0.0055168605669658755 0.02969199965354128 -0.018175872135086781 0.017656669532573544 0.011205732563285853 -0.010923284464879935 -0.018256894130165759 0.0069328578811509445 -0.014397931169842804
leaf_weight=10862.469048134983 14276.673789236695 12545.08935944736 17172.320268817246 2762.4910490401089 7407.7237788923085 7292.790546298027 2529.217741034925 835.18643967062235 8083.3914943188429 30180.489267878234 4913.6647125631571 39893.587369699031 12544.721018906683 9117.4885960631073 6348.7967679835856 6363.7147048041224 2024.0108955465257 1530.054585300386 12878.206621289253 3591.5686700381339 3116.0830587856472 79648.526693511754 1701.81910296157 5045.1816964782774 2996.9902306459844 922.2048089466989 3486.6824315413833 1338.08887469396 44813.864659059793 31229.686406545341
leaf_count=44240 47231 42472 57697 10274 22260 25071 8304 2866 28867 101512 17018 135235 39806 29918 20519 20795 6703 5167 43126 11456 10468 277043 5335 18091 8216 2917 4103 4225 151438 108792
internal_value=-0.000103705 8.89468e-06 -9.60684e-05 -0.000211222 -0.000136158 -0.0004614 -0.000218328 6.03493e-05 -0.000364557 0.000365195 0.00128257 -0.000567112 -0.000108499 -2.41502e-05 -0.000285982 0.000126259 -0.000348878 0.000411866 0.000349542 0.00033263 0.00027976 -0.000317033 0.00023032 -0.000107508 6.5731e-05 -0.000967929 0.000116301 0.0003545 0.000311242 -0.000802055
internal_weight=387453 294688 222536 178079 160906 92765.2 137623 47362.3 90261.1 44457.2 5748.85 78416.1 41613.5 38851 26306.3 17188.8 10840 4476.27 23282.9 72151.7 68560.1 87731.9 65444 17590.3 15875.2 2452.26 14349.2 47853.8 46152 38522.5
internal_count=1311165 993724 750239 601496 543799 317441 470197 155983 314214 148743 19884 269098 136099 125825 86019 56101 35582 14787 73602 243485 232029 305910 221561 60563 51342 8084 48343 160998 155663 133863
is_linear=0
shrinkage=0.05


Tree=54
num_leaves=31
num_cat=0
split_feature=16 4 16 0 16 16 4 10 8 7 16 16 6 6 3 10 7 8 7 4 10 16 16 4 4 0 17 16 16 16
split_gain=7.73417 6.87748 4.12437 3.33292 3.24706 2.50115 2.46383 2.27505 2.03649 2.15752 2.03487 2.11322 1.89508 1.66185 1.56827 1.52857 1.35139 1.32229 1.67807 1.09341 1.08774 1.07697 1.05428 1.2771 1.2359 1.03236 0.986898 0.98222 1.54035 4.12479
threshold=0.82340483352627902 1.5000000000000002 0.80530725634941192 61.500000000000007 0.89302366647559417 0.82291002297139948 2.5000000000000004 7.8710827681682654 1.2424533248940002 3.7012257604091228 0.58123026540307288 0.79940033165848312 -0.5 -0.12940952255126037 1.0000000180025095e-35 3.9222416602221082 2.524928003624769 0.89587973461402759 3.7012257604091228 2.5000000000000004 5.5747840338677612 0.72594608427542362 0.87093098878569231 3.5000000000000004 2.5000000000000004 40.500000000000007 0.65980955961161136 0.81588595208918047 0.81327991938713906 0.81218281370748857
decision_type=2 2 2 2 2 2 2 2 2 2 2 2 2 2 2 2 2 2 2 2 2 2 2 2 2 2 2 2 2 2
left_child=1 2 10 12 7 27 -6 8 9 20 -1 14 19 17 -12 -10 -13 18 -5 21 -2 -3 23 -17 -24 -14 -23 28 29 -4
right_child=4 3 5 13 6 -7 -8 -9 15 -11 11 16 25 -15 -16 22 -18 -19 -20 -21 -22 26 24 -25 -26 -27 -28 -29 -30 -31
leaf_value=0.049366577132215997 -0.011721462668606365 0.025278108528331612 -0.033560152494435558 0.016909879604174761 0.014233019926218882 0.078960638289803986 -0.0090023952872910762 0.0011598328614338628 -0.026666630194293939 0.0097701042896645614 0.012367709948372642 0.082365889670210107 -0.010220754052180193 0.0027697066415006246 -0.014773160053763413 -0.016600859445926465 0.015501506524987852 0.0080260254032376473 0.047564050834935895 0.0074856772533546502 -0.0018785253130595648 -0.01840349175020306 -0.0080079641841747321 -0.0037439485784199755 -0.035570505455507044 -0.0014143669153071415 -0.00045861853018345225 -0.011308823306009019 -0.065130130479725143 0.087914897501300882
leaf_weight=270.5707068964839 30018.425199642777 1788.6933102682233 4025.0563851445913 17069.084365215153 8490.5710128843784 65.036321476101875 5682.6872804537416 15889.892200790346 7128.5543988868594 6566.0089466422796 3958.8491656519473 158.65744128078222 20845.51881852746 38412.605309743434 14154.823790896684 25559.617220297456 775.59438397735357 35038.485368423164 2578.4419363662601 43408.124738290906 11776.935907885432 4387.9880702495575 3011.2020977512002 12264.621979787946 5372.4164736643434 51366.516105540097 10842.185721185058 2930.4628745391965 3532.916587293148 82.240568481385708
leaf_count=836 93587 4580 8315 55837 28714 163 20834 49371 23396 21342 14550 442 74655 134071 56622 82938 1949 121355 9036 150972 35840 5516 9479 40121 18609 180561 49730 10799 6675 270
internal_value=-0.000101939 5.84237e-05 -0.000653444 0.000152885 -0.000413134 -0.00144417 0.000301803 -0.000499308 -0.000586242 -0.000351268 -0.000218116 -0.000279276 -8.07454e-06 0.000382206 -0.00039888 -0.000799297 0.00203966 0.000559255 0.000887587 0.000198529 -0.000483637 -0.000141148 -0.000694163 -0.000581724 -0.00120146 -0.00018096 -0.000277456 -0.00150431 -0.0018028 -0.00114436
internal_weight=387453 255692 29954.2 225738 131761 10635.7 14173.3 117588 101698 48361.4 19318.5 19047.9 132639 93098.6 18113.7 53336.4 934.252 54686 19647.5 60427 41795.4 17018.9 46207.9 37824.2 8383.62 72212 15230.2 10570.7 7640.21 4107.3
internal_count=1311165 886934 100621 786313 424231 26222 49548 374683 325312 150769 74399 73563 466014 320299 71172 174543 2391 186228 64873 210798 129427 59826 151147 123059 28088 255216 55246 26059 15260 8585
is_linear=0
shrinkage=0.05


Tree=55
num_leaves=31
num_cat=0
split_feature=16 1 10 0 17 6 0 1 11 12 16 10 16 16 4 4 18 10 4 10 10 0 17 16 16 4 16 16 1 17
split_gain=7.4525 4.66679 2.74212 2.24927 1.85889 1.73943 1.71352 1.55295 1.28586 2.5824 2.03327 1.62269 1.15058 1.14407 1.8755 1.19677 1.15735 1.15133 1.12595 1.06749 1.06391 0.954422 0.920039 0.845651 0.844176 0.8234 0.881757 0.831833 0.779702 0.962302
threshold=0.76640384685231278 2135.5000000000005 7.3472743445324857 43.500000000000007 0.74075138247375838 -0.60355339059327384 70.500000000000014 4606.5000000000009 1.0000000180025095e-35 1.0000000180025095e-35 0.97182285662211954 3.8494083025890826 0.7320314144775445 0.84649134540172921 2.5000000000000004 1.5000000000000002 1.0458333333333336 6.4195514761470731 2.5000000000000004 5.6056556283943264 4.1279035690442862 125.50000000000001 0.79030688939026439 0.97182285662211954 0.8470278619941235 2.5000000000000004 0.88926421891343954 0.89111819891260613 420.50000000000006 0.64555464890881631
decision_type=2 2 2 2 2 2 2 2 2 2 2 2 2 2 2 2 2 2 2 2 2 2 2 2 2 2 2 2 2 2
left_child=4 2 6 23 12 -4 8 19 11 -10 -11 -2 28 14 -13 17 -16 -15 20 -5 -14 -6 24 -3 -17 26 -26 -28 -1 -30
right_child=1 3 5 7 21 -7 -8 -9 9 10 -12 13 18 15 16 22 -18 -19 -20 -21 -22 -23 -24 -25 25 -27 27 -29 29 -31
leaf_value=-0.0057500008569616682 -0.018331741809942105 -0.0078991214947103927 0.0053120726066709922 -0.0028797482139469644 0.014966021035824006 -0.0051633468059402166 -0.0030564445435334875 0.012273906502510723 0.0025552364645141882 -0.032395873093025787 0.052564035387726186 -0.015702883463348073 -0.037606984438946257 0.020515550243500935 0.00082653785392139412 -0.071213154819254526 -0.012326182157216925 -0.014048877776322711 0.0026011667130987795 0.0058813734660368329 -0.0051714900664597612 0.058597771267122539 -0.013861758564001249 0.12372478581297922 -0.018416311995690361 -0.032044595019739622 0.053773781760259001 0.015976887182452628 0.05804574240335976 0.012393689257054065
leaf_weight=2969.8060011267662 30310.500731293112 14123.019279412925 26550.773313850164 14983.37201647833 34091.591196723282 41066.424697205424 40965.221210408956 13943.914556931704 15288.38669039309 3398.6207400858402 28.779789187014103 22458.362844634801 2382.6576721072197 1199.5101856887341 26339.041069883853 493.0511873960495 7664.4224017597735 989.17584701627493 20286.968368589878 25889.771104272455 6893.9324567914009 655.10986296832561 9278.3444796800613 28.213248714804649 1984.1871865987778 5194.0665377378464 36.300928235054016 478.53520253300667 466.14317184686661 17240.443920135498
leaf_count=3946 110334 51775 94951 54757 143878 149531 146279 51573 52373 13520 90 84422 3189 3677 120765 652 9130 3017 27187 93845 9238 2673 45181 95 3037 7896 56 725 566 22994
internal_value=-9.55955e-05 -0.000211756 -0.000318404 0.000149658 0.000318128 -4.9977e-05 -0.000427673 0.000294737 -0.000519555 -0.000137359 -0.0013778 -0.000586767 0.000123657 -0.000463563 -0.000349196 -0.000792129 -0.000115001 0.000310033 -7.64504e-05 0.000139296 -0.000532767 0.000599311 -0.000930254 -0.00041233 -0.00131661 -0.00118807 -0.000442321 0.00140149 0.000409775 0.000535521
internal_weight=387679 302692 233724 68968.3 84986.7 67617.2 166107 54817.1 125141 18715.8 3427.4 106425 50240 76115 56461.8 19653.2 34003.5 2188.69 29563.6 40873.1 9276.59 34746.7 17464.5 14151.2 8186.14 7693.09 2499.02 514.836 20676.4 17706.6
internal_count=1311352 1097681 845636 252045 213671 244482 601154 200175 454875 65983 13610 388892 67120 278558 214317 64241 129895 6694 39614 148602 12427 146551 57547 51870 12366 11714 3818 781 27506 23560
is_linear=0
shrinkage=0.05


Tree=56
num_leaves=31
num_cat=0
split_feature=16 16 4 4 16 0 3 1 16 18 16 4 16 4 16 18 16 16 16 4 16 1 4 16 16 4 16 16 16 18
split_gain=7.0654 3.40834 3.51184 3.27571 2.78692 2.07574 1.92388 2.00346 1.88851 1.67045 1.4864 3.6464 4.57858 2.51143 3.3855 2.23663 7.39207 2.28887 2.02484 3.50116 1.70984 1.67793 1.45275 1.36047 1.36008 1.69257 1.25504 1.63722 1.206 1.50725
threshold=0.81327991938713906 0.81354795087357534 1.5000000000000002 3.5000000000000004 0.74058505004740149 77.500000000000014 1.0000000180025095e-35 1372.5000000000002 0.97182285662211954 1.0541666666666669 0.83375273960117646 1.5000000000000002 0.83256737835245809 1.5000000000000002 0.83744152111093351 1.029166666666667 0.82922542429719359 0.82872382376875298 0.88926421891343954 2.5000000000000004 0.90374560103526036 823.50000000000011 1.5000000000000002 0.81218281370748857 0.87093098878569231 2.5000000000000004 0.85570644998864431 0.85472328363330063 0.8127814019877837 1.0125000000000002
decision_type=2 2 2 2 2 2 2 2 2 2 2 2 2 2 2 2 2 2 2 2 2 2 2 2 2 2 2 2 2 2
left_child=3 2 -2 4 -1 8 28 22 10 -5 11 12 15 14 -12 -3 17 -17 24 -20 -16 -18 23 -8 25 26 27 -15 -6 -30
right_child=1 5 -4 9 6 -7 7 -9 -10 -11 13 -13 -14 18 20 16 21 -19 19 -21 -22 -23 -24 -25 -26 -27 -28 -29 29 -31
leaf_value=0.010430967003071556 -0.075176739379197541 -0.038487211630365482 0.020582409612121169 0.0096337705957096464 0.00626135731918005 0.00114660637310684 -0.026565062633882787 -0.00026589885761854062 0.031494694632507293 -0.0043739648699101519 -0.043558713750619572 4.847144902009326e-06 0.1264439600184907 -0.021753588300742324 0.016125201774340691 0.031776159895994562 0.10107771409164201 -0.067148290275196448 0.020215478100658404 -0.013864114839675113 -0.0084269928686714572 0.21568808254997338 -0.0082196053513610597 0.069951736634921199 -0.023959006003089936 -0.0076645432837718413 -0.0058224118288521705 -0.065181322745732032 0.023898613474128139 0.12654015089125603
leaf_weight=25176.696008019149 2060.1586492359638 6501.3215129896998 611.87300539761782 72831.512053821236 17575.646381124854 29654.4426009655 10253.756270159036 43283.532590080053 983.979662142694 13072.736586339772 1457.0914175286889 40088.304849892855 139.2089416757226 12291.199096210301 5787.0850036144257 598.74731802940369 17.938360095024109 428.97195982933044 3788.3504575192928 5407.3998184800148 2237.8876237869263 25.461652457714081 40828.197715621442 27.136456802487373 13874.739355571568 32861.487770847976 4406.364645011723 1293.1246516555548 77.160215511918068 37.135269269347191
leaf_count=63056 3174 23745 1917 285725 67639 93564 38475 162492 3428 14570 6489 121365 621 37063 18156 713 21 515 13477 19919 6740 31 159242 100 45678 103866 15567 3703 255 46
internal_value=-9.31997e-05 -0.000341805 -0.00211299 9.00714e-05 -6.14758e-05 -0.000312563 -0.000168256 -0.000257934 -0.000397375 0.000332216 -0.000413741 -0.000191439 -0.00118713 -0.000541145 0.000224933 -0.00135232 0.000764736 -8.88394e-05 -0.00063941 5.48549e-05 0.000627512 0.0209775 -0.000469918 -0.00100115 -0.000738044 -0.000618324 -0.00100818 -0.00124603 0.000310259 0.00542969
internal_weight=387679 164515 2672.03 223164 137259 161843 112083 94392.6 132189 85904.2 131205 47800 7711.65 83404.7 9482.06 7572.44 1071.12 1027.72 73922.7 9195.75 8024.97 43.4 51109.1 10280.9 64726.9 50852.2 17990.7 13584.3 17689.9 114.295
internal_count=1311352 519752 5091 791600 491305 514661 428249 360309 421097 300295 417669 147011 25646 270658 31385 25025 1280 1228 239273 33396 24896 52 197817 38575 205877 160199 56333 40766 67940 301
is_linear=0
shrinkage=0.05


Tree=57
num_leaves=31
num_cat=0
split_feature=16 16 0 3 1 0 6 1 1 7 7 8 7 7 7 7 7 7 0 17 8 7 16 16 16 16 17 17 7 8
split_gain=6.46442 3.38816 2.42574 2.53998 2.0657 2.04843 1.88762 1.8296 1.51557 1.48324 2.39233 2.29476 1.98238 2.84026 1.74569 1.71833 1.32097 2.75653 1.22846 1.17406 1.10547 1.15932 1.07122 1.34865 1.05621 1.31285 1.3038 1.03955 0.960172 0.935064
threshold=0.81327991938713906 0.81354795087357534 61.500000000000007 1.0000000180025095e-35 490.50000000000006 52.500000000000007 -0.12940952255126037 4473.5000000000009 704.50000000000011 3.4175922930736511 1.0397207708399181 1.0000000180025095e-35 2.1383330595080281 2.524928003624769 1.0000000180025095e-35 3.4811217321331038 2.9174053685313028 3.1984648276080736 41.500000000000007 0.67112732600106184 0.89587973461402759 3.4175922930736511 0.88926421891343954 0.83375273960117646 0.85076214567902253 0.89781489096933687 0.64555464890881631 0.79022443270616816 3.4811217321331038 1.0000000180025095e-35
decision_type=2 2 2 2 2 2 2 2 2 2 2 2 2 2 2 2 2 2 2 2 2 2 2 2 2 2 2 2 2 2
left_child=2 19 3 8 -5 22 29 20 -1 10 14 15 -12 -14 -6 -11 -15 -18 -13 -2 21 -7 23 -3 -22 -26 -27 -25 -23 -4
right_child=1 5 6 4 9 7 -8 -9 -10 11 12 18 13 16 -16 -17 17 -19 -20 -21 24 28 -24 27 25 26 -28 -29 -30 -31
leaf_value=0.0041301423223225166 -0.065896594666805239 -0.0049642161377454926 0.0181261617347678 -0.021212417859987887 -0.025843792706629645 -0.0017214094756498712 0.00023453046863100015 0.013073665004003799 0.024731005386499839 0.074500957210485649 -0.028080016391838547 -0.0087158783060005355 0.01527573564411302 -0.031639955728776446 0.014503711018066729 0.017722211325350613 0.0072876145321141735 -0.039086780773119625 0.002517802661715507 -0.0020995095924815524 -0.0025489056915786179 0.058007180062799125 0.00140482122908141 -0.019869842931370243 -0.015857133091149511 0.089055796208855842 0.0035815676042513012 -0.010642869026730884 0.008190158942522131 0.0067484149809864391
leaf_weight=16783.678241685033 2049.5898931622505 25551.10213893652 17074.448822859675 9316.5210877768695 1884.2137759327888 26729.921100839972 37661.292778559029 5068.3397700786591 5774.3727019205689 602.75769990682602 4838.9194718338549 19480.00773107633 5011.7328839898109 4757.6651148311794 7947.7871253453195 3520.0169968418777 5116.1547936722636 2796.3127129785717 44114.175012953579 622.44176147133112 31276.30141916126 646.24287281930447 7151.022087931633 17987.238363295794 18668.280916072428 24.748244404792786 4081.4357824102044 19812.72395478934 4845.7500475645065 36483.452594585717
leaf_count=57859 2613 78636 57153 34423 7688 82191 133726 16558 20125 2165 16874 72565 17031 16478 26853 12913 17686 9706 160503 2478 98354 2051 25207 26789 60379 30 14130 94683 15653 127852
internal_value=-9.1176e-05 -0.000328974 8.41273e-05 -5.29383e-05 -0.000152561 -0.000299818 0.000282386 -0.000143539 0.000430143 -8.62636e-05 -0.000364758 4.67913e-05 -0.000648847 -0.000403443 0.000285964 0.00118994 -0.000801998 -0.000406115 -2.73185e-05 -0.00209491 -0.000197778 3.4032e-05 -0.00050229 -0.000567771 -0.000335969 -0.000594985 0.000214457 -0.000757442 0.000695685 0.000473117
internal_weight=387679 164515 223164 131944 109386 161843 91219.2 91341 22558.1 100070 32352.8 67717 22520.8 17681.9 9832 4122.77 12670.1 7912.47 63594.2 2672.03 86272.7 32221.9 70502.1 63351.1 54050.8 22774.5 4106.18 37800 5491.99 53557.9
internal_count=1311352 519752 791600 472869 394885 514661 318731 289346 77984 360462 112316 248146 77775 60901 34541 15078 43870 27392 233068 5091 272788 99895 225315 200108 172893 74539 14160 121472 17704 185005
is_linear=0
shrinkage=0.05


Tree=58
num_leaves=31
num_cat=0
split_feature=4 10 8 7 17 7 7 7 7 8 7 7 7 7 1 8 7 7 10 0 7 7 10 1 7 10 10 10 7 8
split_gain=4.44191 3.0952 2.89226 2.9381 2.52197 2.03872 4.08618 2.13995 3.32762 2.02709 1.9852 3.64426 1.67718 1.66843 1.6667 1.54798 1.48913 2.72651 1.44751 1.37314 1.25945 1.23341 1.19643 1.13628 1.12812 1.33604 1.12444 1.07375 1.06307 1.25244
threshold=3.5000000000000004 5.9812086984327735 0.89587973461402759 1.0000000180025095e-35 0.70807993030371785 1.0397207708399181 2.1383330595080281 2.524928003624769 3.0201273556387074 1.0000000180025095e-35 2.3502401828962087 1.0397207708399181 3.4175922930736511 3.7012257604091228 1294.5000000000002 1.7005986908310777 3.1132683346437333 3.4175922930736511 7.9827405244537077 94.500000000000014 3.4811217321331038 1.0397207708399181 1.0914388665473447 3331.5000000000005 3.7012257604091228 0.098905681065719467 4.0592278643616817 0.47873179439478714 2.3502401828962087 1.7005986908310777
decision_type=2 2 2 2 2 2 2 2 2 2 2 2 2 2 2 2 2 2 2 2 2 2 2 2 2 2 2 2 2 2
left_child=1 2 3 -1 14 27 22 -8 -9 10 11 -3 -4 -11 -2 -15 -10 -18 23 -6 -19 -16 -7 -17 -22 -26 -14 -5 -23 -30
right_child=4 9 12 5 19 6 7 8 16 13 -12 -13 26 15 21 18 17 20 -20 -21 24 28 -24 -25 25 -27 -28 -29 29 -31
leaf_value=-0.028406559751380313 -0.0081919282127561836 0.014608682847821642 -0.027902818709895971 0.013248300713894779 0.0057775189971552626 -0.030605424014251904 0.012689247022788043 -0.021082757105136653 0.03088726396947963 -0.016975531179909353 0.015948055966492469 -0.02311317613179802 -0.021417342166042477 0.0098045698640121699 0.021575053955632618 -0.0075821696955706399 -0.024316211480777918 0.044447745711936243 0.0026919105070593919 0.02035521955741797 -0.023371943245399998 -0.01873311314694397 -0.010848370398925123 0.0072443386997284925 0.040639705055682422 0.0039792274640049639 -0.0081986324659077073 -0.0028966522415557307 0.011385483427855593 -0.0022634560561596295
leaf_weight=4571.0371387526393 27377.637376487255 4955.0389838442206 6655.2861556336284 11254.26568922773 67780.472990002483 5039.4736740514636 10253.200721554458 8601.323440015316 3019.4775303676724 10173.959549300373 13861.772420436144 4162.9145240522921 12361.109120346606 10481.769415639341 2858.2818858623505 62897.971895605326 4177.5318765416741 1239.5928122736514 30369.333233103156 7260.670207247138 2131.5332454405725 1643.3944910168648 5289.5062099806964 6295.5333673581481 846.51650796830654 4421.5916586592793 22699.840352807194 8184.6486479155719 9377.8215710520744 17436.141207143664
leaf_count=16752 36471 15430 22458 36376 340148 16735 33311 28305 10097 32006 45126 12996 44387 35010 3791 221056 13903 4204 95937 35566 7157 2178 17353 21940 3114 15557 82290 26049 12424 23225
internal_value=-8.81437e-05 -0.000210964 -0.00040946 -0.000210823 0.000145077 -0.000123957 -0.000308731 -4.88059e-05 -0.000303176 -5.74532e-05 0.000372827 -0.000200181 -0.000738152 -0.000139701 -0.000100436 -8.30642e-05 0.00012682 -0.000108516 -0.000143911 0.000337104 0.0003986 0.000148692 -0.00118171 -0.000270215 0.000151509 0.000544208 -0.000600025 0.000303975 4.92432e-05 0.000124899
internal_weight=387679 253944 110746 69029.7 133734 64458.7 45019.7 34690.8 24437.6 143198 22979.7 9117.95 41716.2 120219 58693.3 110045 15836.2 12816.8 99562.8 75041.1 8639.23 31315.6 10329 69193.5 7399.64 5268.11 35060.9 19438.9 28457.4 26814
internal_count=1311352 857549 378048 228913 453803 212161 149736 115648 82337 479501 73552 28426 149135 405949 78089 373943 54032 43935 338933 375714 30032 41618 34088 242996 25828 18671 126677 62425 37827 35649
is_linear=0
shrinkage=0.05


Tree=59
num_leaves=31
num_cat=0
split_feature=0 4 6 10 3 8 7 8 7 1 7 7 7 7 10 1 9 17 7 1 0 1 3 1 1 0 1 17 1 17
split_gain=4.08373 3.14986 2.22575 1.95629 1.94089 1.92105 1.85175 1.52151 1.8023 1.40346 1.29389 2.52356 1.40179 2.80488 1.27046 1.14151 1.10696 1.07076 1.01445 0.944758 0.889679 0.939328 0.97069 0.86802 0.862007 0.859717 0.793966 0.791155 0.77486 0.771591
threshold=44.500000000000007 3.5000000000000004 1.0000000180025095e-35 5.2487550259060098 1.0000000180025095e-35 1.2424533248940002 1.0000000180025095e-35 0.89587973461402759 3.7012257604091228 604.50000000000011 1.0397207708399181 2.1383330595080281 2.524928003624769 3.0201273556387074 8.2031868854386101 6360.5000000000009 3.8393944990995772 0.70807993030371785 3.9219243190762363 3061.5000000000005 121.50000000000001 1886.5000000000002 1.0000000180025095e-35 5277.5000000000009 934.50000000000011 115.50000000000001 1274.5000000000002 0.70807993030371785 6033.5000000000009 0.64853776465145774
decision_type=2 2 2 2 2 2 2 2 2 2 2 2 2 2 2 2 2 2 2 2 2 2 2 2 2 2 2 2 2 2
left_child=4 3 17 5 27 6 -2 8 -5 -6 -8 -12 -13 -14 16 -11 18 26 -9 -10 21 22 -20 -4 -16 -19 -3 -1 -15 -21
right_child=1 2 23 7 9 -7 10 14 19 15 11 12 13 28 24 -17 -18 25 20 29 -22 -23 -24 -25 -26 -27 -28 -29 -30 -31
leaf_value=-0.004503249043224633 -0.024891492578310984 -0.0023955777446583062 -0.0029904755475448131 0.0023980133659258665 -0.021554375818766403 -0.017399496605511256 0.0071062323342625747 -0.012218823500969145 0.01932978478899279 -0.0083543065049429995 -0.021270950585355886 0.013465627383272817 -0.022687561479357667 0.001998867300135787 -0.0022896750226368391 0.010531379308385703 -0.018983788159213557 0.011898145137236193 0.0054900096880471155 0.085659710421529756 0.027345701631385569 0.0047677674897277592 -0.0064303809793807565 0.013189566852572554 0.016375187688532657 0.035597546301477004 0.008420039469643004 0.010174134624791487 0.029342900771005632 0.04652918206276007
leaf_weight=6743.0642097592354 3070.8365792147815 13152.192119896412 35033.369588859379 21198.936897594482 14915.350827425718 16939.325839493424 12441.907249201089 10028.141268040985 4932.5192060694098 67734.458712931722 6332.1095013320446 6323.0123443976045 5359.5985588245094 10830.818089410663 3768.66135776788 2534.5070085301995 4444.9599110409617 35669.453194174916 8937.6563411355019 56.108315289020538 1308.5223648399115 18189.091025795788 42163.104093767703 2785.3905023373663 5669.1855723448098 1656.0162449404597 15783.129558503628 8750.6905428543687 370.15302998572588 556.37784392759204
leaf_count=8962 11133 17549 119609 66849 51236 60736 39933 31802 16807 232303 21038 20604 17799 36784 10998 8715 16147 176338 31466 69 4431 62422 146491 9473 16279 7853 20973 43199 1300 2054
internal_value=-8.58667e-05 1.02477e-05 0.000229843 -0.000114699 -0.000359858 -0.000343982 -0.000172244 1.9112e-06 0.000334866 -0.000453485 -8.48965e-05 -0.000266744 -2.22988e-05 -0.000264109 -9.23073e-05 -0.000359982 -0.000153367 0.000404526 -0.000111019 0.00113743 -4.41753e-05 -6.85672e-05 -0.000178401 -7.62123e-05 0.000458081 0.000581496 0.000176242 0.000154901 0.00018601 0.00298953
internal_weight=387679 287001 104080 182921 100678 61667.8 44728.4 121253 26743.9 85184.3 41657.6 29215.7 22883.6 16560.6 94509.3 70269 85071.5 66260.8 80626.5 5545.01 70598.4 69289.9 51100.8 37818.8 9437.85 37325.5 28935.3 15493.8 11201 612.486
internal_count=1311352 966937 351795 615142 344415 209327 148591 405815 85779 292254 137458 97525 76487 55883 320036 241018 292759 222713 276612 18930 244810 240379 177957 129082 27277 184191 38522 52161 38084 2123
is_linear=0
shrinkage=0.05


Tree=60
num_leaves=31
num_cat=0
split_feature=16 10 1 16 7 7 4 16 4 16 18 7 7 7 16 4 16 16 16 16 16 1 7 7 18 7 10 7 10 16
split_gain=6.43328 3.28299 2.79471 1.90209 1.55651 2.59159 1.42889 1.41261 3.41896 2.53981 1.38009 1.36605 1.34721 3.02768 1.34508 1.30132 2.0132 1.323 1.27893 2.27056 1.18447 1.1516 1.11577 1.94695 1.15961 1.0994 1.36894 1.13273 1.09279 1.02597
threshold=0.76640384685231278 4.7959920073102493 2135.5000000000005 0.88779654317510448 1.0397207708399181 1.0000000180025095e-35 2.5000000000000004 0.83375273960117646 1.5000000000000002 0.83256737835245809 1.0375000000000003 2.524928003624769 2.1383330595080281 2.524928003624769 0.77026250544891328 1.5000000000000002 0.83744152111093351 0.87970026051821659 0.77142618591489243 0.77349831372429612 0.74058505004740149 1171.5000000000002 2.9174053685313028 3.1132683346437333 1.0458333333333336 3.4175922930736511 0.098905681065719467 3.4811217321331038 8.0656092028552901 0.89517497621427877
decision_type=2 2 2 2 2 2 2 2 2 2 2 2 2 2 2 2 2 2 2 2 2 2 2 2 2 2 2 2 2 2
left_child=10 3 7 4 5 -2 -5 8 9 14 -1 -11 -6 -14 -3 16 -9 -18 -16 21 -12 -20 -15 -24 25 -25 27 -27 -4 -17
right_child=1 2 28 6 12 -7 -8 15 -10 11 20 -13 13 22 18 29 17 -19 19 -21 -22 -23 23 24 -26 26 -28 -29 -30 -31
leaf_value=0.011997011784506252 -0.022709487147960061 0.016039715936804335 0.0030552779983839653 0.0179356524172988 -0.020150268301466979 0.0039282538485897467 -0.0094739565515658888 -0.042674313659716481 0.0010072795146978785 0.21274244895433611 0.0075671026062333448 0.12574361856781505 0.0065522436696094921 -0.022690923976426247 -0.10221508162426048 -0.012214270358760482 0.03134205597977853 -0.0009082945983275748 0.054007173770361176 -0.021218163884556773 -0.0058163728801243764 0.16525852415133724 0.0084506487751806036 -0.02300845588501306 -0.024584560505321762 0.060475979984001699 -0.012035995776767373 0.0040237003474036031 0.01395476669188165 0.0032266766538306072
leaf_weight=56459.618958547711 5364.3006839156151 1222.6421392783523 42601.259624093771 3140.7100310772657 9210.4393888413906 17296.953076604754 2012.4537883549929 836.37136087566614 90073.576457541436 7.7135281860828391 14942.582557916641 97.705201722681522 8844.724596966058 7723.3864958658814 555.11682859808207 43899.056471124291 2604.8098516836762 3562.7828881666064 93.124761648476124 12331.774041488767 13615.222156763077 31.282324805855751 4620.4447987228632 4862.4267815127969 7823.2165595330298 440.30130469799042 19018.510680012405 3053.5149020478129 5808.9269412942231 5496.2580133080482
leaf_count=180932 21071 15707 157600 10628 32452 59543 7536 3583 348435 31 17331 485 31097 27346 913 138882 8318 10868 255 34834 15797 72 16475 20836 9294 1982 85919 14301 19175 19544
internal_value=-7.72856e-05 -0.000185245 -7.52073e-05 -0.000431707 -0.000486226 -0.000128979 0.000502034 -0.000175471 -6.65577e-05 -0.000783648 0.000307014 0.00694867 -0.000609641 -0.000518061 -0.000840915 -0.000377104 0.000260714 0.000572878 -0.000989909 -0.000885261 2.37597e-05 0.00583574 -0.000676092 -0.000569412 -0.000696086 -0.000542666 -0.000395404 0.000514278 0.000257855 -0.000467543
internal_weight=387651 302634 209222 93411.4 88258.2 22661.3 5153.16 160812 104413 14339.4 85017.4 105.419 65597 56386.5 14233.9 56399.3 7003.96 6167.59 13011.3 12456.2 28557.8 124.407 47541.8 39818.4 35198 27374.8 22512.3 3493.82 48410.2 49395.3
internal_count=1311242 1097182 758702 338480 320316 80614 18164 581927 400732 52297 214060 516 239702 207250 51781 181195 22769 19186 36074 35161 33128 327 176153 148807 132332 123038 102202 16283 176775 158426
is_linear=0
shrinkage=0.05


Tree=61
num_leaves=31
num_cat=0
split_feature=10 6 0 7 7 7 7 7 7 7 7 10 0 3 1 1 1 1 3 7 3 0 1 4 1 10 10 10 10 4
split_gain=4.19217 3.20788 2.45447 1.90352 3.05182 2.24343 3.74115 2.80098 3.83661 2.14573 2.51485 1.44692 1.251 1.4644 1.42503 1.1146 1.0965 1.09152 1.13162 1.07567 1.06084 1.03902 1.03818 0.979525 0.893442 0.875244 0.859376 0.843297 0.841914 0.834894
threshold=5.8317312297695052 -0.12940952255126037 85.500000000000014 1.0397207708399181 1.0000000180025095e-35 2.1383330595080281 2.524928003624769 3.0201273556387074 3.1132683346437333 3.4175922930736511 3.4811217321331038 0.098905681065719467 76.500000000000014 1.0000000180025095e-35 967.50000000000011 13074.000000000002 2389.5000000000005 2279.5000000000005 1.0000000180025095e-35 2.3502401828962087 1.0000000180025095e-35 38.500000000000007 10898.500000000002 2.5000000000000004 268.50000000000006 2.8159497556634725 0.1970491786496901 0.098905681065719467 1.0914388665473447 2.5000000000000004
decision_type=2 2 2 2 2 2 2 2 2 2 2 2 2 2 2 2 2 2 2 2 2 2 2 2 2 2 2 2 2 2
left_child=2 12 3 4 -1 28 19 -8 16 25 11 -11 13 -2 -15 20 -9 18 -3 -7 -12 -20 29 -22 -4 -10 -6 -18 -5 -16
right_child=1 17 24 5 26 6 7 8 9 10 15 -13 -14 14 22 -17 27 -19 21 -21 23 -23 -24 -25 -26 -27 -28 -29 -30 -31
leaf_value=-0.021068501407096485 0.011550284662683197 0.0037349887775467217 -0.032522630565246805 -0.025349320836347333 0.011936875251346192 -0.011299717861858728 -0.02311076038521678 0.014965215614465666 -0.032197718411209067 0.054120388549627002 0.0045280854863817502 0.0099087624849281807 0.010965837936972367 -0.0048340050283281148 -0.0022561891965852342 0.038977383639549813 0.0918913518969105 0.0028770703392152711 -0.016679761501748349 0.015975501255665315 -0.017682653531436145 -0.0057548781595007543 0.025600367567492024 -0.0076403706359990499 0.0067718886854367891 -0.016053385361428307 -0.0017966372850664047 0.036467410898431217 -0.010679630707513189 0.0064329512414444514
leaf_weight=6015.9546851217747 16511.825129888952 13366.606620140374 936.52341502904892 6021.3698663413525 13148.859904102981 2177.6196387894452 12994.769082397223 4011.8478421196342 3943.4648477397859 662.32791553065181 6051.3696556016803 2087.5618678927422 26929.085114888847 31979.293806277215 19316.638657413423 377.02962224557996 303.65776984393597 20958.23675923422 8599.5639856532216 10487.171988993883 16980.620216932148 51126.98614141345 994.68009286746383 28843.055452864617 19386.745650984347 5793.6415898129344 10236.040757562965 620.71829652786255 6508.8344804123044 40279.106340572238
leaf_count=22449 54918 45355 3067 20109 42518 7065 43317 13437 13538 2322 21964 7069 88364 107054 64029 1402 1069 70027 29834 34451 61530 172446 3255 105482 64967 19156 32734 2065 21452 134797
internal_value=-7.41295e-05 6.19554e-05 -0.000272798 -0.000348725 7.91231e-06 -0.000445934 -0.000363266 -0.000485861 -0.000360172 -0.000462624 -0.000341508 0.00113227 0.000217213 0.000141869 6.44966e-05 -0.000419069 0.00098349 -0.000162567 -0.000253777 0.000436977 -0.000438756 -0.000346847 0.000207018 -0.000520923 0.000240028 -0.00114677 0.000266289 0.00253597 -0.00107491 0.000180279
internal_weight=387651 230062 157589 137266 29400.9 107865 95334.9 82670.1 69675.3 64739.1 55002 2749.89 136011 109082 92569.7 52252.1 4936.22 94051.4 73093.2 12664.8 51875 59726.6 60590.4 45823.7 20323.3 9737.11 23384.9 924.376 12530.2 59595.7
internal_count=1311242 770079 541163 473129 97701 375428 333867 292351 249034 232463 199769 9391 452417 364053 309135 190378 16571 317662 247635 41516 188976 202280 202081 167012 68034 32694 75252 3134 41561 198826
is_linear=0
shrinkage=0.05


Tree=62
num_leaves=31
num_cat=0
split_feature=16 1 3 1 0 17 16 0 5 1 7 7 7 7 1 1 16 16 17 7 7 7 16 7 16 4 4 16 16 16
split_gain=5.81082 2.73024 3.69128 3.09861 1.94797 1.48484 1.51477 1.4092 1.17728 1.09799 0.998248 1.69968 2.23745 1.50839 0.987304 0.986173 0.873165 0.795636 0.748053 0.747439 1.07788 0.785971 0.720768 1.96077 0.756962 2.35697 1.00418 0.999498 0.799953 0.74498
threshold=0.76640384685231278 2135.5000000000005 1.0000000180025095e-35 597.50000000000011 87.500000000000014 0.73245799793552135 0.7320314144775445 48.500000000000007 0.37940952255126054 8480.5000000000018 2.3502401828962087 2.524928003624769 3.0201273556387074 1.0397207708399181 7201.5000000000009 221.50000000000003 0.90748563302870633 0.90374560103526036 0.79022443270616816 3.1132683346437333 3.3497501700808394 3.4811217321331038 0.9461910594647257 1.0000000180025095e-35 0.84649134540172921 1.5000000000000002 1.5000000000000002 0.89302366647559417 0.8784123464990774 0.84373940648526213
decision_type=2 2 2 2 2 2 2 2 2 2 2 2 2 2 2 2 2 2 2 2 2 2 2 2 2 2 2 2 2 2
left_child=5 2 15 22 8 6 -1 14 -5 -8 13 -12 -13 -7 -3 17 -6 -2 -9 -14 -21 -22 24 -24 25 29 28 -28 -26 -4
right_child=1 7 3 4 16 10 9 18 -10 -11 11 12 19 -15 -16 -17 -18 -19 -20 20 21 -23 23 -25 26 -27 27 -29 -30 -31
leaf_value=0.010762797022328208 -0.013476757368600767 -0.0073068978700321814 -0.038596088381453543 -0.0041411793694080328 0.004255779757871103 0.012738724242663979 -0.0033313158845625248 0.00073913647215961831 -0.011492990986606479 0.02925219546812512 0.048823673053163041 -0.030105297057566774 0.04206210952143348 -0.029771453708571684 0.012676931977154849 0.0053381359258754648 0.04851355843457375 0.020740098731000068 0.0083263243262600376 -0.02164767491485442 0.053773588802803654 0.017582929863535404 0.067461730661665387 0.015215005221657042 0.030676557738983791 -0.0092961533333403967 -0.034513075214539238 6.1143704012689434e-05 -0.013899144588971169 0.06357693772497118
leaf_weight=20475.548879861832 5016.5449021831155 18717.288203481585 5853.8192064166069 94664.117135196924 15989.210414677858 3992.1502690315247 28432.500531971455 22914.147519499063 45240.177304510027 758.55543428659439 1815.9911423698068 1688.447626106441 940.26771258562803 1738.3626108765602 2001.2417485527694 34648.347575493157 384.30609399080276 389.83022826910019 25236.848234821111 1203.0682434216142 811.27746216952801 23161.253760546446 10.533774361014364 356.8297346830368 549.80896887928247 20415.702853370458 8074.6132289245725 1211.7458055317402 916.57850047200918 42.092088654637337
leaf_count=27113 18107 68542 21030 342979 56331 16354 37918 33641 162297 1008 7388 7022 3802 7183 7569 129303 1346 1293 142184 4989 3385 97898 38 1176 1656 76921 25416 4427 2718 208
internal_value=-7.25586e-05 -0.000175162 -0.000256677 -0.000347026 -0.000249156 0.000292677 0.000116389 0.000101524 -0.000309546 -0.000114873 0.000540355 0.000657222 0.000560426 -6.37152e-05 -0.000243276 0.000180259 0.000266852 -0.000447811 0.000249885 0.000674472 0.000622778 0.00069607 -0.000755633 0.0014482 -0.000777476 -0.000633027 -0.00113094 -0.00132295 8.50078e-05 -0.00151363
internal_weight=387651 302634 233764 193710 156278 85017.4 49666.6 68869.5 139904 29191.1 35350.8 29620.3 27804.3 5730.51 20718.5 40054.7 16373.5 5406.38 48151 26115.9 25175.6 23972.5 37431.7 367.364 37064.4 26311.6 10752.7 9286.36 1466.39 5895.91
internal_count=1311242 1097182 845246 696543 562953 214060 66039 251936 505276 38926 148021 124484 117096 23537 76111 148703 57677 19400 175825 110074 106272 101283 133590 1214 132376 98159 34217 29843 4374 21238
is_linear=0
shrinkage=0.05


Tree=63
num_leaves=31
num_cat=0
split_feature=16 17 4 16 16 17 16 4 16 4 7 8 8 7 7 7 7 7 0 7 7 17 7 7 1 6 16 16 17 7
split_gain=5.30127 3.02918 2.47786 3.92846 2.14236 1.90956 1.55516 1.93675 1.62841 1.99776 1.43959 2.83264 2.45043 1.93141 4.94212 2.64433 4.25729 2.5721 1.75413 1.60444 1.35316 1.3954 1.30155 1.7235 1.25207 1.20118 1.15817 2.84436 1.46488 1.14651
threshold=0.78226511065443993 0.72406633601923109 3.5000000000000004 0.86588849856005423 0.88926421891343954 0.80853739921417944 0.82340483352627902 1.5000000000000002 0.82626392889630418 2.5000000000000004 3.7012257604091228 1.0000000180025095e-35 1.2424533248940002 2.3502401828962087 1.0397207708399181 2.524928003624769 3.0201273556387074 3.1132683346437333 77.500000000000014 1.0000000180025095e-35 3.7494348669884658 0.64607191580427192 3.4175922930736511 3.4811217321331038 17777.000000000004 -0.78656609248549325 0.81055355588102429 0.79001139522371822 0.80486892424238843 2.9174053685313028
decision_type=2 2 2 2 2 2 2 2 2 2 2 2 2 2 2 2 2 2 2 2 2 2 2 2 2 2 2 2 2 2
left_child=5 -2 4 -4 6 10 7 24 9 -8 11 13 18 14 19 -15 -17 -18 20 -1 21 -12 -19 -24 26 -25 27 -3 -28 -13
right_child=1 2 3 -5 -6 -7 8 -9 -10 -11 12 29 -14 15 -16 16 17 22 -20 -21 -22 -23 23 25 -26 -27 28 -29 -30 -31
leaf_value=-0.020162937035431483 -0.0077836410754027032 -0.040119818616094087 0.0090039248176676089 -0.016582636627159707 0.010168294770710485 -0.008302642136635896 -0.04499857287140166 0.0027448611121736913 -0.0074958794283701783 0.0075959607348669691 0.14123306942636821 -0.040338845121258231 0.0069343003723056464 0.035619381552762473 -0.023801366190488473 -0.025007548689702255 0.051693417733845108 -0.018311447437798025 0.055554318357897439 0.017460642134033155 0.013734998089598372 0.055797422849652681 0.057131105868923004 0.043612053549710053 0.089760662003620165 -0.026039585261302192 -0.031493068780217161 0.019254419712782279 0.049160086964328942 -0.010709783138401319
leaf_weight=1704.5315226353705 108984.59267348051 1809.756266720593 38910.283936157823 6844.9544546380639 8363.6672945469618 16367.985219217837 3615.3927706778049 32028.928673632443 42602.521933406591 1246.3882075995207 22.142328143119812 1717.3012679517269 64343.345816552639 5964.5828271582723 6661.3126342594624 4578.6564963832498 1931.8978782854974 1861.5073079280555 1710.2590546309948 12022.265315696597 6161.5871433801949 588.31099922209978 877.90986424684525 271.92579324543476 10.438583530485628 687.59793468564749 4013.5082292556763 2017.6190717443824 209.74156259745359 9520.2941335849464
leaf_count=4750 148418 7996 168021 31773 38904 239252 14577 134685 189110 5314 27 4307 167042 14813 16489 11434 4954 4680 4324 29450 16110 1493 2282 674 42 1748 13788 9124 1941 23720
internal_value=-6.95698e-05 -0.000206264 -5.38125e-05 0.000248944 -0.000198235 0.00018054 -0.000271269 -4.19795e-05 -0.000464935 -0.00133187 0.000249304 3.60988e-05 0.000389244 0.000249488 -7.41887e-05 0.000657497 0.000168838 0.00108954 0.00118806 0.000468104 0.000826715 0.00307218 0.000317245 0.00126128 -0.000734708 -0.000203481 -0.000757147 -0.000127185 -0.00132806 -0.000658177
internal_weight=387651 250658 141673 45755.2 95918 136993 87554.3 40090 47464.3 4861.78 120625 47799.8 72825.6 36562.2 20388.1 16174.1 10209.5 5630.84 8482.3 13726.8 6772.04 610.453 3698.94 1837.43 8061.06 959.524 8050.63 3827.38 4223.25 11237.6
internal_count=1311242 763693 615275 199794 415481 547549 376577 167576 209001 19891 308297 119301 188996 91274 50689 40585 25772 14338 21954 34200 17630 1520 9384 4704 32891 2422 32849 17120 15729 28027
is_linear=0
shrinkage=0.05


Tree=64
num_leaves=31
num_cat=0
split_feature=16 1 3 1 10 6 4 10 8 16 7 17 4 1 7 17 8 7 6 8 7 7 8 7 7 7 16 4 16 16
split_gain=4.72159 2.91673 3.69911 2.73234 1.64325 1.39822 1.36034 1.35888 1.76848 1.41401 1.21152 1.19393 1.52721 1.10558 1.05258 0.996337 0.983568 0.985298 0.941005 0.938634 1.7776 1.72176 0.973429 0.954345 1.17842 1.29839 0.898238 1.66992 0.8857 0.786876
threshold=0.74819628440837505 1686.5000000000002 1.0000000180025095e-35 597.50000000000011 8.1295222705248644 -0.37940952255126015 4.5000000000000009 7.9504083152704217 2.0126758453675748 0.84373940648526213 4.5053345884235583 0.6657714024266651 1.5000000000000002 221.50000000000003 6.9560690257739344 0.65980955961161136 0.89587973461402759 1.0000000180025095e-35 0.91597561503675351 1.0000000180025095e-35 2.9174053685313028 4.4127799275304271 3.0201273556387074 1.0397207708399181 2.1383330595080281 2.524928003624769 0.58123026540307288 1.5000000000000002 0.861421261414552 0.77544768026853006
decision_type=2 2 2 2 2 2 2 2 2 2 2 2 2 2 2 2 2 2 2 2 2 2 2 2 2 2 2 2 2 2
left_child=26 2 13 -4 5 6 15 8 10 11 16 -10 -13 -2 -9 -3 17 -5 -15 20 23 22 -21 -7 -25 -26 27 -1 -8 -17
right_child=1 4 3 7 -6 19 28 14 9 -11 -12 12 -14 18 -16 29 -18 -19 -20 21 -22 -23 -24 24 25 -27 -28 -29 -30 -31
leaf_value=0.049409507274408432 -0.0096002876913530606 -0.0066811045887459567 -0.016638630065287121 -0.02059906328951723 0.012678605066444339 0.0084571080539356022 0.016154515802711746 0.013052057109001659 -0.014340586047520022 -0.02040586207524411 0.011577703765572746 -0.026473807426308407 -0.00049902116662783327 0.0066435748968226354 -0.0025555242378968671 0.016337833918954471 -0.012079925120868241 -0.00050701045755614522 -0.010503966753890738 -0.016225457642726229 0.022007649594633839 -0.00098807539474849988 0.0059099251593043526 -0.021276593956852354 0.014585130301921923 -0.017173916638483 0.0088887274504019231 0.018599965016182329 -0.015474936293754227 0.0020830217293342558
leaf_weight=271.61733792722225 6144.1456122994423 9871.8371305465698 40564.597856644541 2627.3243356309831 7131.3397368825972 5185.9309750460088 8967.2471285127103 6848.4832479692996 13737.460743010044 14355.4357380867 5709.8802715204656 3289.4179126694798 24055.227189466357 36385.252994123846 11889.035029478371 6024.2404498420656 13920.860246073455 44372.871165685356 2529.2092772647738 10991.58195720613 3999.5761280953884 22881.468341160566 1350.2368112951517 2819.8093831427395 2594.6585541926324 2135.0944035053253 51697.249208025634 1067.1631983965635 733.53296407312155 23499.42186742276
leaf_count=856 21317 12401 141590 10096 21964 17792 32274 21443 17238 47613 21251 16443 122297 130744 40637 40984 47377 149834 9231 37803 14317 85741 4851 9543 8935 7257 127633 3624 2498 85658
internal_value=-6.81093e-05 -0.000137581 -0.000239619 -0.000340349 7.59824e-05 2.42165e-05 0.000215547 -0.000236185 -0.000297041 -0.000505685 -0.000123448 -0.000356413 -0.000165362 0.00016584 0.000160271 8.49448e-05 -0.00018872 -7.93821e-05 0.000264253 -0.000156574 0.000151739 -0.000303058 -0.000779044 -0.000137045 -0.000495774 -1.34385e-05 0.0003702 0.00164887 0.000745929 0.000230345
internal_weight=387651 334615 226429 181371 108186 101055 49096.3 140806 122068 55437.5 66630.9 41082.1 27344.6 45058.6 18737.5 39395.5 60921.1 47000.2 38914.5 51958.4 16735.1 35223.3 12341.8 12735.5 7549.56 4729.75 53036 1338.78 9700.78 29523.7
internal_count=1311242 1179129 797111 635819 382018 360054 173815 494229 432149 203591 228558 155978 138740 161292 62080 139043 207307 159930 139975 186239 57844 128395 42654 43527 25735 16192 132113 4480 34772 126642
is_linear=0
shrinkage=0.05


Tree=65
num_leaves=31
num_cat=0
split_feature=0 1 3 0 3 1 8 7 7 8 1 10 8 7 7 1 17 17 1 0 7 7 7 7 7 7 7 10 7 8
split_gain=4.06397 2.40326 2.9452 1.89016 1.71404 1.54753 1.30255 3.61952 1.75099 1.73198 1.40384 1.03837 1.13231 1.18954 1.00663 0.98451 0.984069 0.976179 0.975529 0.958324 0.931986 2.77201 2.56528 2.30871 1.59871 2.39931 1.97746 1.44837 1.17509 0.928283
threshold=43.500000000000007 1231.5000000000002 1.0000000180025095e-35 116.50000000000001 1.0000000180025095e-35 467.50000000000006 1.2424533248940002 3.9219243190762363 4.6867395546766826 2.9174053685313028 5746.5000000000009 7.7977218626321037 0.89587973461402759 3.0201273556387074 3.9219243190762363 704.50000000000011 0.65933186473910388 0.64632798978931005 246.50000000000003 110.50000000000001 1.0397207708399181 2.1383330595080281 2.524928003624769 2.9174053685313028 3.1132683346437333 3.3497501700808394 3.4811217321331038 1.0000000180025095e-35 3.4175922930736511 2.249904835165133
decision_type=2 2 2 2 2 2 2 2 2 2 2 2 2 2 2 2 2 2 2 2 2 2 2 2 2 2 2 2 2 2
left_child=4 2 18 6 -1 -4 7 20 9 17 -9 12 13 -7 -14 -6 -16 -8 -2 -18 27 -22 -23 -24 -25 -26 28 -3 -27 -10
right_child=1 3 5 -5 15 11 8 10 29 -11 -12 -13 14 -15 16 -17 19 -19 -20 -21 21 22 23 24 25 26 -28 -29 -30 -31
leaf_value=0.0026539364736283045 -0.0070636292837378718 -0.012765336723471622 -0.017025013272462333 0.019544732358276785 -0.018145377872413018 -0.005214960970930483 0.021493350750238685 0.024872140266748711 0.016091364802718822 0.0069946105249186988 0.044781653972305026 0.0032361487391340928 -0.018166945722796268 0.010662518442234516 -0.018181185822502857 -0.0078164610324354296 -0.0050748029155568202 -0.012973729176191995 0.0072566822795101073 0.027805540846706524 -0.015780225794320615 0.024005251798126181 -0.01627177956073458 0.025551685716714536 -0.019897246140143612 0.0012214161315284855 0.00077663216201142584 0.01744337033408656 0.057484019938776588 0.0015107964714095702
leaf_weight=14299.075378488749 7306.6811379045248 2188.1934801563621 17158.521595172584 6072.3732472620904 18544.206801902503 22868.832599911839 604.34377878904343 5878.0897390469909 4594.5755104869604 5545.7218303121626 626.02257343754172 17766.619608007371 8964.0642493627965 9266.9981350190938 8875.9205904006958 59706.26054340601 25034.786132670939 18689.778619378805 33870.542794350535 773.22880844026804 6522.000201381743 6405.6280471533537 5741.5695669092238 3256.6062065660954 3581.6825217567384 528.4882206581533 4786.7243920639157 9897.8955190554261 1237.2845857664943 56815.622698668391
leaf_count=48163 23793 8123 57800 19375 63788 74598 744 20281 16008 19086 2159 57987 29512 31340 11061 204957 108479 62642 113640 3246 21299 20775 18909 10720 11701 1759 15885 31620 4130 196909
internal_value=-8.7112e-05 3.61591e-06 -0.000134878 0.000150744 -0.000376167 -0.000269156 0.000112456 0.000313714 -5.73319e-06 -0.000359957 0.00141489 -0.000189096 -0.000269752 -4.45088e-05 -0.000435588 -0.000468149 -0.000313517 -0.000583795 0.000226142 -0.000157329 0.000151476 1.04207e-05 0.000245375 -4.45871e-05 0.000315065 5.36569e-06 0.000574165 0.000525645 0.00200428 0.000137547
internal_weight=387408 294859 151886 142973 92549.5 110709 136900 50650.2 86250 24839.8 6504.11 93550.5 75783.8 32135.8 43648 78250.5 34683.9 19294.1 41177.2 25808 44146.1 32060 25538 19132.4 13390.8 10134.2 6552.5 12086.1 1765.77 61410.2
internal_count=1310489 993581 511456 482125 316908 374023 462750 167361 295389 82472 22440 316223 258236 105938 152298 268745 122786 63386 137433 111725 144921 105178 83879 63104 44195 33475 21774 39743 5889 212917
is_linear=0
shrinkage=0.05


Tree=66
num_leaves=31
num_cat=0
split_feature=0 16 4 4 16 16 16 16 16 16 17 16 17 16 17 16 17 16 16 16 8 16 4 4 18 3 10 17 4 8
split_gain=3.67422 2.95767 5.12097 2.59742 3.31222 2.15875 2.60944 2.42204 2.10702 1.82224 1.69574 1.51099 2.96014 1.46655 1.4183 1.37317 1.36762 1.34737 1.32656 1.57692 2.23925 1.26863 2.24768 1.2456 1.21708 1.20709 1.18001 1.18014 1.17815 1.12361
threshold=43.500000000000007 0.83375273960117646 1.5000000000000002 1.5000000000000002 0.83744152111093351 0.77026250544891328 0.77142618591489243 0.77481306712307374 0.76875055652117463 0.72594608427542362 0.72406633601923109 0.82922542429719359 0.66237379509048522 0.90374560103526036 0.81348717903240164 0.58123026540307288 0.66164817016019506 0.85472328363330063 0.80530725634941192 0.79998426569637526 1.8688348091416842 0.85570644998864431 2.5000000000000004 2.5000000000000004 1.0791666666666668 1.0000000180025095e-35 4.3184057039705497 0.67112732600106184 2.5000000000000004 1.7005986908310777
decision_type=2 2 2 2 2 2 2 2 2 2 2 2 2 2 2 2 2 2 2 2 2 2 2 2 2 2 2 2 2 2
left_child=9 2 5 4 -3 8 -7 -8 15 -1 -4 18 -13 17 -12 16 -2 23 19 -9 24 28 -23 -5 -21 -24 -11 29 -19 -28
right_child=1 3 10 13 -6 6 7 11 -10 26 14 12 -14 -15 -16 -17 -18 21 -20 20 -22 22 25 -25 -26 -27 27 -29 -30 -31
leaf_value=0.011976902304995552 0.05340370809946942 -0.038148534180023043 0.00048303424549829278 -0.012886798286076107 0.014566985372945719 -0.090230179098846952 0.07787424712069993 -0.010467517426320705 0.14158566570824971 -0.013696360029124933 0.0083415236818347397 0.10386020114035177 0.0088672777386912035 0.009109830747864112 -0.0090651953844466792 -0.00096953641177526255 0.025711955398583841 -0.05947207254275691 -0.02916519949933143 0.048432648863138208 -0.0057704074980522218 0.0018223793055078597 0.0026337086053611182 0.0010747503168568651 0.1609183125678425 -0.018938741281339412 -0.002929912914328581 -0.0029281727435749305 -0.010675107328616895 -0.016660068324833157
leaf_weight=6432.9297694861889 68.231540441513062 1249.9339428469539 91083.403130888939 10512.674280822277 7418.1043720245361 923.23525467514992 277.38241478055716 4914.9634642675519 93.485445223748684 24826.199502684176 94063.471452109516 66.251410484313965 631.06081318110228 4582.8433647975326 6903.6171089224517 6980.2269132882357 136.29992174357176 1198.9293581321836 10507.791348718107 220.05452106148005 373.55908064544201 9233.9478529840708 2632.4943589493632 19581.279695816338 37.973061978816986 20346.574332326651 9095.1318870186806 37383.773546867073 821.00794897973537 14811.508017741144
leaf_count=16598 86 5600 122095 31431 23111 1515 851 14735 200 86927 434634 84 3267 16742 101868 33928 533 3413 27582 631 950 30936 8415 62092 40 66164 11756 182386 2678 19241
internal_value=-8.35918e-05 2.67586e-06 9.72986e-05 -0.000262345 0.000553396 -0.000572401 -0.000866884 -0.000726524 0.000153963 -0.000358437 0.00018528 -0.000803256 0.00147528 -0.000364956 0.000326394 5.69216e-05 0.00409505 -0.000426523 -0.000902223 -0.000276645 0.00207519 -0.000641076 -0.000564856 -0.000182461 0.0056574 -0.000829614 -0.000419075 -0.00030128 -0.00185659 -0.000575641
internal_weight=387408 294859 217281 77577.8 8668.04 25230.5 17952.3 17029 7278.24 92549.5 192050 16751.7 697.312 68909.8 100967 7184.76 204.531 64326.9 16054.3 5546.55 631.587 34233 32213 30094 258.028 22979.1 86116.6 61290.4 2019.94 23906.6
internal_count=1310489 993581 742999 250582 28711 84402 49655 48140 34747 316908 658597 47289 3351 221871 536502 34547 619 205129 43938 16356 1621 111606 105515 93523 671 74579 300310 213383 6091 30997
is_linear=0
shrinkage=0.05


Tree=67
num_leaves=31
num_cat=0
split_feature=0 10 16 16 4 4 6 7 7 16 16 1 16 16 7 7 7 7 7 10 7 4 16 1 16 18 16 16 16 0
split_gain=3.42436 2.28371 1.98516 1.77881 2.30101 1.80489 1.60843 1.39708 2.5669 1.30897 1.17571 1.13202 1.08113 1.07228 1.03798 1.58437 1.72325 1.16358 1.35692 1.12296 1.04438 0.887907 1.05398 0.881151 0.83291 0.829441 0.886113 0.823265 0.821229 0.818573
threshold=61.500000000000007 4.7466181426221139 0.78892696523979611 0.84649134540172921 1.5000000000000002 1.5000000000000002 0.1294095225512602 1.0397207708399181 1.0000000180025095e-35 0.74201131889676508 0.9461910594647257 6033.5000000000009 0.97182285662211954 0.8470278619941235 2.1383330595080281 2.524928003624769 2.9174053685313028 3.1132683346437333 3.4175922930736511 0.098905681065719467 3.4811217321331038 2.5000000000000004 0.88214353201501761 221.50000000000003 0.78950820384860276 0.99583333333333346 0.82340483352627902 0.84373940648526213 0.86308177560703947 18.500000000000004
decision_type=2 2 2 2 2 2 2 2 2 2 2 2 2 2 2 2 2 2 2 2 2 2 2 2 2 2 2 2 2 2
left_child=1 7 -3 4 9 -5 23 8 12 -2 -10 25 -1 -7 -9 19 -17 -18 -19 -16 24 22 -15 -6 -20 26 -4 -11 -23 -21
right_child=3 2 11 5 6 13 -8 14 10 27 -12 -13 -14 21 15 16 17 18 20 29 -22 28 -24 -25 -26 -27 -28 -29 -30 -31
leaf_value=-0.024958439086511342 0.017635004785133201 0.0023701787686901455 0.0024822606827378914 0.012258668282465114 -0.018957700268361546 -0.040651508090028404 -0.00031175264175185017 -0.019388076290485758 0.0047137836797559009 -0.012185880369112457 0.061505970737012028 0.012822782134878509 0.056682927011707296 -0.0064585553546155699 0.01582393946670364 -0.025028729839610842 0.0073961199790387516 -0.025043799168777928 0.053752254174218854 0.084532911835351332 -0.010208672802995755 -0.0016304380558604282 0.016458745034447709 0.0091754117940256348 -0.00090088729911772534 -0.0084293948428428422 -0.0068292208592194209 0.063687357090941685 -0.014808070232039628 -0.011818266121831456
leaf_weight=4449.112920165062 1500.8966063931584 66608.031579941511 20077.548770874739 3196.0147770121694 1626.7386045381427 788.16946981102228 37192.505563732237 7107.6821748800576 13778.898831672966 11980.540558509529 102.99008747190237 2466.7735312581062 22.803670719265938 5110.8072870895267 3909.4364878609776 5915.2935336492956 3684.0247064828873 4796.8327601514757 525.01633466407657 24.448726773262024 20610.272940028459 6591.7563495337963 2775.7754010185599 73588.716380570084 809.34975768625736 45173.991070151329 28605.39866861701 73.265569023787975 11113.502595849335 3201.743397757411
leaf_count=16728 3787 256273 79290 9522 5235 1609 127768 23675 44714 41860 356 7723 75 17205 12830 19925 12359 16433 2075 80 75090 20716 9145 247180 2507 87519 120975 425 36777 10633
internal_value=-8.19734e-05 -0.000203724 -0.000101655 9.95271e-05 0.000181461 -0.000249426 0.00025567 -0.00044496 -7.12843e-05 -0.000433945 0.000264325 -0.000246787 -0.00111309 -0.00038538 -0.000580544 -0.000488966 -0.000622714 -0.000470899 -0.000585666 0.000192199 -0.000419146 -0.000329437 0.000111838 0.000388668 0.000936479 -0.000274575 -0.000131394 -0.000607326 -0.000525998 -0.000498275
internal_weight=387408 231870 162932 155539 125963 29576 112408 68937.9 18353.8 13554.7 13881.9 96323.7 4471.92 26380 50584.1 43476.4 36340.8 30425.5 26741.5 7135.63 21944.6 25591.8 7886.58 75215.5 1334.37 93856.9 48682.9 12053.8 17705.3 3226.19
internal_count=1310489 789260 551780 521229 426255 94974 380183 237480 61873 46072 45070 295507 16803 85452 175607 151932 128389 108464 96105 23543 79672 83843 26350 252415 4582 287784 200265 42285 57493 10713
is_linear=0
shrinkage=0.05


Tree=68
num_leaves=31
num_cat=0
split_feature=0 16 4 4 16 16 16 16 16 16 17 16 16 17 16 17 17 16 16 16 16 17 16 16 16 4 17 10 4 16
split_gain=3.16262 2.48221 4.41233 2.11064 2.84515 2.00778 2.40041 2.03103 1.71545 1.57291 1.53754 1.34794 1.32123 1.39517 1.31675 2.43551 1.26939 1.20345 1.17772 3.81756 1.36457 1.32752 3.49682 1.14168 1.2943 1.94687 1.22488 1.16865 1.15152 1.05975
threshold=43.500000000000007 0.83375273960117646 1.5000000000000002 1.5000000000000002 0.83744152111093351 0.77026250544891328 0.77142618591489243 0.77481306712307374 0.76875055652117463 0.72594608427542362 0.72406633601923109 0.90374560103526036 0.58123026540307288 0.66164817016019506 0.82922542429719359 0.66237379509048522 0.81348717903240164 0.83100810020223159 0.81327991938713906 0.81218281370748857 0.81354795087357534 0.66164817016019506 0.82872382376875298 0.85472328363330063 0.85570644998864431 2.5000000000000004 0.67112732600106184 3.8494083025890826 2.5000000000000004 0.81953658246555017
decision_type=2 2 2 2 2 2 2 2 2 2 2 2 2 2 2 2 2 2 2 2 2 2 2 2 2 2 2 2 2 2
left_child=9 2 5 4 -3 8 -7 -8 12 -1 -4 23 13 -2 18 17 -12 -16 19 -9 -20 22 29 27 28 -26 -27 -5 -25 -22
right_child=1 3 10 11 -6 6 7 14 -10 -11 16 -13 -14 -15 15 -17 -18 -19 20 -21 21 -23 -24 24 25 26 -28 -29 -30 -31
leaf_value=0.011259548251311237 0.050615013756061436 -0.035789457936099889 0.00046196342995701305 -0.013293832654690953 0.013550833858762146 -0.085109376125448985 0.073862025826230429 -0.0097673695803352171 0.1343878734844027 -0.0081881251787067743 0.0077731630284250119 0.0091585323448806662 -0.00092678479601184807 0.024307848690220138 0.12833145060499351 0.0090332078702122683 -0.0087326754511110934 0.051244415029269776 -0.059283559250671136 0.091870286853577773 0.026768513556990794 -0.030076096043790024 -0.056729346061332987 -0.05617554114788828 0.0019560563582270876 -0.023711276703122453 -0.010507316170641535 0.00041337626549629028 -0.0097998909192250627 0.092291238920814991
leaf_weight=6432.9297694861889 68.231540441513062 1249.9339428469539 91083.403130888939 7808.8142898529768 7418.1043720245361 923.23525467514992 277.38241478055716 8423.4848777726293 93.485445223748684 86116.612954311073 94063.471452109516 4582.8433647975326 6980.2269132882357 136.29992174357176 21.58538430929184 631.06081318110228 6903.6171089224517 44.666026175022125 1475.1571507900953 62.475682936608791 391.13262718915939 5190.6424404159188 377.1976238489151 1198.9293581321836 9233.9478529840708 7838.2000040411949 15140.868687234819 22285.139686785638 821.00794897973537 134.25107371807098
leaf_count=16598 86 5600 122095 23995 23111 1515 851 22287 200 300310 434634 16742 33928 533 28 3267 101868 56 2277 199 489 18044 476 3413 30936 10234 64345 69528 2678 166
internal_value=-8.19034e-05 -1.86675e-06 8.48175e-05 -0.000244653 0.000490686 -0.000536821 -0.000820821 -0.000686199 0.000163683 -0.000336897 0.000166485 -0.000337151 7.61223e-05 0.00403715 -0.000756465 0.00137057 0.000300856 0.0104905 -0.000848852 -0.00044442 -0.00130232 -0.000971976 0.000797862 -0.000396175 -0.000593674 -0.000516687 -0.000763092 -0.000171514 -0.00182143 0.00343486
internal_weight=387408 294859 217281 77577.8 8668.04 25230.5 17952.3 17029 7278.24 92549.5 192050 68909.8 7184.76 204.531 16751.7 697.312 100967 66.2514 16054.3 8485.96 7568.38 6093.22 902.581 64326.9 34233 32213 22979.1 30094 2019.94 525.384
internal_count=1310489 993581 742999 250582 28711 84402 49655 48140 34747 316908 658597 221871 34547 619 47289 3351 536502 84 43938 22486 21452 19175 1131 205129 111606 105515 74579 93523 6091 655
is_linear=0
shrinkage=0.05


Tree=69
num_leaves=31
num_cat=0
split_feature=0 10 8 7 6 8 7 10 7 7 7 7 7 7 1 17 10 10 7 7 7 7 7 10 7 1 8 7 7 7
split_gain=2.92199 1.9934 1.81952 1.93182 1.62746 1.52637 2.38394 1.49345 1.35876 2.30939 1.28012 1.45377 2.32985 1.5697 1.20025 1.07694 0.999401 0.994548 1.16802 2.42013 1.85143 1.31636 1.59072 1.27584 1.07025 0.957441 0.953753 0.917216 1.52718 1.48054
threshold=61.500000000000007 4.7466181426221139 0.89587973461402759 3.0201273556387074 -0.12940952255126037 0.89587973461402759 3.9219243190762363 7.1252063492905746 1.0397207708399181 1.0000000180025095e-35 3.3497501700808394 1.0397207708399181 2.3502401828962087 2.524928003624769 1655.5000000000002 0.67112732600106184 7.4504533262904724 1.0000000180025095e-35 1.0397207708399181 2.1383330595080281 2.524928003624769 3.0201273556387074 3.1132683346437333 8.1072308966856976 3.4175922930736511 646.50000000000011 6.5475022567614491 2.1383330595080281 2.524928003624769 2.9174053685313028
decision_type=2 2 2 2 2 2 2 2 2 2 2 2 2 2 2 2 2 2 2 2 2 2 2 2 2 2 2 2 2 2
left_child=1 8 10 -4 5 6 17 -7 9 -1 11 -3 -13 -14 15 -5 -17 -2 -19 -20 -21 23 -23 -22 -24 -6 27 -10 -29 -30
right_child=4 2 3 14 25 7 -8 -9 26 -11 -12 12 13 -15 -16 16 -18 18 19 20 21 22 24 -25 -26 -27 -28 28 29 -31
leaf_value=-0.021284838249998994 -0.021516671836701119 0.012983282452964363 -0.033506754737357071 -0.01111731711711066 -0.010453512451220615 -0.0042967927993819545 0.036518619557606512 0.0068937762627624194 -0.018441770647459322 0.0054879918293782026 0.013906891052815108 -0.017599581974911894 0.020788212537798459 -0.0034692243024707194 0.0012393368659210592 -0.0076601436408779925 0.0025610915314582708 0.01999933911384413 -0.014160152087044199 0.024449552390892571 -0.013415706851811838 0.042076803215752225 -0.01569827719141095 0.091822928506646528 0.017046916508520259 -7.6490978107068844e-05 0.062418265958495978 0.0041021233103095689 -0.023897715707043934 -0.0089704111859894471
leaf_weight=4471.9165908843279 1290.4594384990633 7178.5028975978494 2100.2566027455032 32593.405157111585 13470.125667173415 27905.283072836697 2939.0470748543739 29099.821334112436 7107.6821748800576 13881.888919144869 11467.870954003185 6145.2947983592749 4376.887597348541 10255.899463173002 38995.790645297617 27284.745635356754 22533.089869849384 8388.1317670382559 4596.0615126080811 4942.9079330973327 4099.0891315862536 1637.0769399479032 2157.3354410380125 19.148269828408957 3131.072406437248 51863.129174023867 62.664385434240103 7135.6286123916507 5915.2935336492956 30362.832113578916
leaf_count=16803 4727 22382 6803 42266 45599 95948 10326 96311 23675 45070 39024 19535 13766 32643 133455 134061 107845 26142 14775 15577 13289 5317 6995 47 10267 175909 323 23543 19925 108141
internal_value=-7.96382e-05 -0.000192104 -9.67431e-05 -0.000191145 8.8021e-05 0.000225665 0.000495172 6.87014e-05 -0.000417486 -4.89708e-05 0.000198996 1.65173e-05 -0.000195411 0.000147703 -0.000165136 -0.00027328 -0.00012708 0.000363131 0.000423628 0.000220955 0.00051166 0.00015168 0.00057263 -0.000556216 0.000151017 -0.000102024 -0.000551198 -0.000558844 -0.000472642 -0.000604163
internal_weight=387408 231870 162932 123507 155539 90205.4 33200.3 57005.1 68937.9 18353.8 39424.5 27956.6 20778.1 14632.8 121407 82411.2 49817.8 30261.3 28970.8 20582.7 15986.6 11043.7 6925.48 4118.24 5288.41 65333.3 50584.1 50521.4 43413.8 36278.1
internal_count=1310489 789260 551780 424430 521229 299721 107462 192259 237480 61873 127350 88326 65944 46409 417627 284172 241906 97136 92409 66267 51492 35915 22579 13336 17262 221508 175607 175284 151609 128066
is_linear=0
shrinkage=0.05


Tree=70
num_leaves=31
num_cat=0
split_feature=16 0 8 10 10 16 10 10 6 16 6 7 8 7 7 7 10 18 9 7 1 7 16 7 7 1 0 10 16 7
split_gain=3.46973 2.23888 1.40422 2.16993 1.71941 1.32697 1.39025 1.56117 1.32386 1.12819 1.09155 0.957164 1.52351 1.21225 1.59955 2.20144 1.17234 0.923439 0.890483 0.887891 0.932994 0.927062 0.910613 0.832036 0.857076 0.789943 0.772999 0.769719 0.709686 0.709115
threshold=0.78226511065443993 81.500000000000014 1.7005986908310777 7.4504533262904724 4.1882333364740107 0.7301030753069494 4.7466181426221139 0.47873179439478714 -0.12940952255126037 0.84649134540172921 1.0000000180025095e-35 3.0201273556387074 1.0000000180025095e-35 2.524928003624769 2.1383330595080281 1.0397207708399181 1.0000000180025095e-35 0.99583333333333346 0.89587973461402759 1.0397207708399181 942.50000000000011 1.0000000180025095e-35 0.97182285662211954 3.4175922930736511 1.0397207708399181 5086.5000000000009 40.500000000000007 4.7466181426221139 0.8470278619941235 4.0689902272260703
decision_type=2 2 2 2 2 2 2 2 2 2 2 2 2 2 2 2 2 2 2 2 2 2 2 2 2 2 2 2 2 2
left_child=5 2 4 9 19 -1 7 11 -3 18 23 13 29 14 15 16 -7 -5 27 21 -21 22 -2 24 -6 28 -8 -4 -11 -13
right_child=1 8 3 17 10 6 26 -9 -10 25 -12 12 -14 -15 -16 -17 -18 -19 -20 20 -22 -23 -24 -25 -26 -27 -28 -29 -30 -31
leaf_value=0.01058411206036638 -0.015846002843719564 0.0089179869028300548 -0.01904854026684848 0.0025373193231085001 0.01299190613893777 -0.022170543766941588 -0.0041553584613956756 -0.014521571433165171 -0.0032823397286816827 -0.051863807714304544 -0.0037749282549011109 0.0420883011655592 -0.0031094622915599501 -0.035896559804638087 0.042361141112418732 -0.035389064323668416 0.017705647343779687 -0.0060428264455558711 -0.00057607003737338849 -0.015407690012781217 -0.003590163718873907 0.0040761824787549422 0.047705735196819532 0.011553274029802352 -0.0025724868139195725 0.018373621787405713 0.0057061177212230701 -0.0077829787286848532 -0.016498290739966937 0.068577695689913162
leaf_weight=32365.902009390295 4082.6480785682797 21663.437347248197 8580.9955936521292 23723.430826298892 4253.9344869852066 1706.4136721491814 12624.593694612384 14907.446132272482 16300.018386617303 648.78203742951155 19490.599586524069 1173.9494924545288 1458.4797133356333 1106.6700004823506 1872.6294088438153 1472.186283107847 4277.7173511423171 22049.833748668432 12133.427554860711 13575.420750543475 17290.490620933473 11587.694620393217 37.358457997441292 13462.258838310838 15634.535666659474 582.37758000195026 64167.987099979073 26873.557544253767 18432.783565334976 132.91672178730369
leaf_count=81320 13218 65022 26288 96928 12449 9009 57766 69677 49445 1343 58281 5529 8065 5291 7943 6899 17541 42218 38356 40874 52379 34305 115 40946 45548 2019 278544 80759 62468 660
internal_value=-6.43837e-05 -0.000175135 -0.000238337 -0.000358898 -0.00010127 0.00013765 5.12981e-05 -0.000249565 0.000178536 -0.00053964 9.39463e-05 0.000146418 0.000973493 -7.27492e-05 0.00011286 -0.000215248 0.000210882 -9.33447e-05 -0.000407998 -0.000322759 -0.000478497 -1.67294e-05 -0.000660925 0.000267672 6.22029e-05 -0.000858223 0.000161423 -0.000534527 -0.000913587 0.00221329
internal_weight=387670 250404 212440 113025 99414.9 137267 104901 28108.4 37963.5 67251.9 52841.3 13201 2765.35 10435.6 9328.95 7456.32 5984.13 45773.3 47588 46573.6 30865.9 15707.7 4120.01 33350.7 19888.5 19663.9 76792.6 35454.6 19081.6 1306.87
internal_count=1311205 762961 648494 350379 298115 548244 466924 130614 114467 211233 157224 60937 14254 46683 41392 33449 26550 139146 145403 140891 93253 47638 13333 98943 57997 65830 336310 107047 63811 6189
is_linear=0
shrinkage=0.05


Tree=71
num_leaves=31
num_cat=0
split_feature=16 17 4 16 17 0 7 16 17 7 0 16 16 16 4 16 16 17 8 7 7 7 8 17 7 8 7 16 16 4
split_gain=3.17901 2.259 1.77088 2.70182 1.51892 1.3717 1.28273 1.14765 1.14271 1.21359 1.11505 1.4662 1.11259 1.31177 1.5212 2.98532 3.15219 3.20258 1.86173 1.07434 1.07451 1.99892 1.20627 1.06759 1.00792 1.06034 1.00546 0.986597 0.951474 1.87011
threshold=0.78226511065443993 0.70060497822106316 4.5000000000000009 0.86588849856005423 0.80853739921417944 83.500000000000014 1.0397207708399181 0.97182285662211954 0.72406633601923109 8.3611239442808785 99.500000000000014 0.88214353201501761 0.7301030753069494 0.77205513822544292 1.5000000000000002 0.76232687082252271 0.76147646873488994 0.66656010559132584 1.7005986908310777 2.3502401828962087 2.524928003624769 3.0201273556387074 1.0000000180025095e-35 0.64555464890881631 3.7012257604091228 4.0163424379838117 1.0397207708399181 0.78247868681815624 0.8861666780130667 2.5000000000000004
decision_type=2 2 2 2 2 2 2 2 2 2 2 2 2 2 2 2 2 2 2 2 2 2 2 2 2 2 2 2 2 2
left_child=4 6 5 -4 8 7 10 27 9 12 -2 -12 -1 14 15 16 -14 18 -18 26 -21 -22 -23 24 -15 -26 -10 -3 -8 -30
right_child=1 2 3 -5 -6 -7 28 -9 19 -11 11 -13 13 23 -16 -17 17 -19 -20 20 21 22 -24 -25 25 -27 -28 -29 29 -31
leaf_value=0.010294645253149427 0.00010415863893527001 -0.049199908426000506 0.012050240833309368 -0.019550844192678919 -0.0080527538575637433 0.0063340011858173508 -0.008673156781490032 0.031257259191157918 0.0073166201848664965 -0.013094704684958592 0.030991741990252876 0.11847534364473691 0.00077887603863633368 0.0055271776133100532 -0.0012113730474535346 -0.062047366869504031 0.12776312023086422 -0.015656882129526473 0.22924889900699599 0.035607083889688876 -0.022072908091505639 0.033181244303567857 0.010515734699798919 0.0080212533201140974 0.12401181369300503 0.0089261658431123436 -0.020612568410032096 -0.0034354412613086362 0.013522103625854688 -0.012366651186472954
leaf_weight=17759.208859145641 10513.609322726727 664.50620006024837 17391.598420731723 2767.5154966041446 16393.506369944662 16548.40788077563 85576.089061975479 684.36105386167765 6032.0754765234888 4420.6370668411255 854.89018112421036 66.705563545227051 1497.7751070261002 112.72300785779953 31328.474601648748 2061.497371956706 15.633543312549589 30.938145458698273 23.492577254772186 2634.9222488366067 2727.6271470859647 4127.6347135454416 34746.883518438786 10377.119690060616 93.010077118873596 51.07478541135788 2832.6572720892727 109670.41069610417 3293.0912157893181 2372.4001979827881
leaf_count=23432 14054 2879 73585 12495 239617 69368 114054 3103 24108 5905 1127 89 2003 137 41626 2740 20 54 30 10498 11090 16968 144170 14109 113 62 11562 464529 4463 3215
internal_value=-6.31848e-05 -0.000169195 -4.39921e-05 0.000391489 0.0001302 -0.00011281 -0.000349331 -0.00017611 0.000191452 5.53697e-05 0.00014987 0.0018175 0.000111261 -1.95153e-05 -0.000167437 -0.00113649 0.000507856 0.0108736 0.0203793 0.000365129 0.000465805 0.000403788 0.000495594 0.000466759 0.00365139 0.00642201 -0.000137267 -0.000188771 -0.000411896 0.000215627
internal_weight=387670 250404 147727 20159.1 137267 127568 102677 111019 120873 67771.6 11435.2 921.596 63350.9 45591.7 34957.8 3629.34 1567.84 70.0643 39.1261 53101.8 44237.1 41602.1 38874.5 10633.9 256.808 144.085 8864.73 110335 91241.6 5665.49
internal_count=1311205 762961 625959 86080 548244 539879 137002 470511 308627 90231 15270 1216 84326 60894 46473 4847 2107 104 50 218396 182726 172228 161138 14421 312 175 35670 467408 121732 7678
is_linear=0
shrinkage=0.05


Tree=72
num_leaves=31
num_cat=0
split_feature=16 4 16 16 16 4 16 16 16 6 18 16 17 16 16 4 3 16 16 16 16 1 3 17 16 16 16 3 4 10
split_gain=2.95526 5.10167 3.20152 3.4032 3.67931 2.54568 3.19076 2.39565 2.33694 2.23073 2.07652 1.57355 1.48761 3.00316 3.3627 1.47742 1.39362 1.29143 1.9612 1.35478 1.84017 1.21384 2.43195 1.15735 1.06493 1.30004 1.08286 2.40525 1.032 1.02092
threshold=0.83375273960117646 1.5000000000000002 0.83256737835245809 0.81327991938713906 0.81218281370748857 1.5000000000000002 0.83744152111093351 0.6262678782415706 0.81354795087357534 1.0000000180025095e-35 1.0625000000000002 0.90374560103526036 0.66164817016019506 0.82922542429719359 0.82872382376875298 4.5000000000000009 1.0000000180025095e-35 0.82537325419067853 0.83214013540678655 0.82340483352627902 0.82291002297139948 878.50000000000011 1.0000000180025095e-35 0.80159729966194859 0.87970026051821659 0.97182285662211954 0.87162810712201477 1.0000000180025095e-35 4.5000000000000009 7.5227904940025789
decision_type=2 2 2 2 2 2 2 2 2 2 2 2 2 2 2 2 2 2 2 2 2 2 2 2 2 2 2 2 2 2
left_child=1 2 3 4 7 6 -2 -1 -5 15 -6 21 13 14 -10 -3 -9 19 -19 20 -14 22 -7 29 26 -26 -8 -28 -13 -4
right_child=5 9 23 8 10 11 24 16 12 -11 -12 28 17 -15 -16 -17 -18 18 -20 -21 -22 -23 -24 -25 25 -27 27 -29 -30 -31
leaf_value=0.036705750238141599 -0.031029527233650357 0.0033868696569646639 0.13705071500863869 -0.055914801468198543 0.094651082933738584 0.0019798013425250008 0.017764157857991191 0.0095029889825964282 0.030816816351098987 -0.0020624553899114329 0.10300826211978215 0.011008406894311441 -0.022349236539222939 0.095215771917778358 -0.057143221803900704 0.010803883644514612 -0.01207250311928143 0.022558260499599126 -0.063282540219758529 -0.05879591293362945 0.083614054506551072 -0.0052450494115880101 -0.018029755433778227 0.019009706723350162 -5.8285031181792847e-05 0.034876080481577712 -0.016929291610229491 0.071228257034908496 -0.032750158279621647 0.12232856439073943
leaf_weight=518.12877512723207 1738.8237538635731 129769.33559561893 56.670070677995682 2067.6175044998527 73.572971612215042 7512.476079583168 3764.3823794350028 4562.8034008666873 700.54282361268997 89799.241406429559 8.3066860437393171 5429.7759604007006 3908.6852934360504 56.833357393741608 534.72739458084106 29849.739234443754 18267.966726996005 1111.1868611648679 448.00860893726349 2317.0188900083303 60.69094055891037 53188.941053412855 24719.652078509331 50.106882624328136 5077.3770003914833 902.00562313944101 198.47038231790066 422.3150257691741 503.65640316158533 51.417706221342087
leaf_count=1482 7710 444709 151 3163 265 24080 12454 16012 871 312679 9 19934 13809 72 675 101602 65238 3457 2597 8493 153 171216 77776 473 15086 3108 603 1245 1969 114
internal_value=-6.21954e-05 2.10954e-05 -0.000546076 -0.00057849 -0.000235747 -0.000291006 0.000390394 -0.000272851 -0.00129518 0.000100217 0.0103447 -0.000381283 -0.000951701 0.000620327 0.000103278 0.000212373 -0.000349148 -0.0012106 7.74783e-05 -0.00153008 -0.00096928 -0.000435975 -0.000678097 0.00655073 0.000722913 0.000288882 0.00131473 0.00324955 0.00040608 0.00946256
internal_weight=387670 284213 34794.3 34636.1 23430.8 103458 12103.4 23348.9 11205.3 249418 81.8797 91354.5 9137.69 1292.1 1235.27 159619 22830.8 7845.59 1559.2 6286.4 3969.38 85421.1 32232.1 158.195 10364.6 5979.38 4385.17 620.785 5933.43 108.088
internal_count=1311205 976024 117034 116296 83006 335181 40206 82732 33290 858990 274 294975 30127 1618 1546 546311 81250 28509 6054 22455 13962 273072 101856 738 32496 18194 14302 1848 21903 265
is_linear=0
shrinkage=0.05


Tree=73
num_leaves=31
num_cat=3
split_feature=0 3 2 4 16 16 6 10 7 7 7 7 7 7 0 2 16 7 10 0 16 6 10 7 16 6 2 7 7 6
split_gain=2.88331 2.57801 2.54479 2.01409 2.92126 1.63926 1.62926 1.10614 0.918045 1.31339 1.30922 2.06702 1.3427 2.40452 1.05065 0.881642 0.879603 0.873716 0.827584 0.816905 0.814466 0.813683 0.781898 0.772451 0.876419 0.921724 0.757741 0.679758 0.667753 0.652709
threshold=76.500000000000014 1.0000000180025095e-35 0 4.5000000000000009 0.86588849856005423 0.72811069527815941 -0.12940952255126037 7.6762034755851571 1.0397207708399181 1.0000000180025095e-35 2.1383330595080281 2.524928003624769 3.0201273556387074 3.1132683346437333 41.500000000000007 1 0.76559799429155406 3.3497501700808394 0.098905681065719467 116.50000000000001 0.81634941973475705 -0.60355339059327384 7.3161142606381642 3.4175922930736511 0.70095262182836504 -0.37940952255126015 2 11.211588533200596 3.4811217321331038 0.37940952255126048
decision_type=2 2 1 2 2 2 2 2 2 2 2 2 2 2 2 1 2 2 2 2 2 2 2 2 2 2 1 2 2 2
left_child=1 23 -3 5 21 -4 -2 8 9 29 20 -12 -13 18 -15 19 17 -16 26 -8 -10 -5 -11 24 -1 -26 -14 -21 -25 -7
right_child=6 2 3 4 -6 7 15 -9 10 22 11 12 13 14 16 -17 -18 -19 -20 27 -22 -23 -24 28 25 -27 -28 -29 -30 -31
leaf_value=0.022079204089693771 0.0087602625884517955 -0.013718674737622318 0.0099561029778040943 0.013303618737335921 -0.025404395422757655 -0.024914484241196133 7.0762631652443456e-05 1.5337555975758476e-05 -0.021428749215047272 0.0041294178934498495 0.0087371172848049305 -0.016741249744051646 0.099757494335698166 -0.011919885624932937 -0.039044078210475154 -0.0083658281368983907 -0.0059530366342826161 0.010659968939900644 0.012693258004950338 0.01441650634200249 -0.0049635287128743551 0.0028598967348967721 0.047702629227212336 0.043619363212639956 0.0040086159924068721 -0.0094755718770454418 0.028801726719117848 0.21424788717301874 0.0076790703058934985 0.0052063281049169246
leaf_weight=1357.1519252955914 44616.343289431185 34866.072099335492 12574.083203427494 12621.563049543649 2492.2689277529716 2631.0138107948005 18750.247300848365 40014.346403613687 4874.4938350766897 12741.567859265953 8374.1367634050548 10393.35424265638 195.31094199419022 23150.889707103372 608.07239940017462 11068.187945708632 61121.354954686016 7853.4234632924199 2744.262593396008 3162.991859972477 4162.2679364979267 19423.393447574228 439.92613322660327 802.3085480928421 9898.9056916311383 9787.2787043079734 669.57874782755971 7.2717982269823542 25368.68988353014 899.71940392255783
leaf_count=3351 147241 118233 31950 42928 8522 9752 63504 135009 17235 41949 27759 34573 699 83217 1481 37123 225506 20080 9162 10153 12865 66757 1433 2694 31890 32028 2352 20 88324 3415
internal_value=-6.13094e-05 -0.000129528 -0.000190632 -0.000129769 0.000221944 -0.000192568 0.000211253 -0.000230945 -0.000296847 5.10575e-05 -0.000343681 -0.000298186 -0.000357534 -0.000299287 -0.000348565 -5.5178e-05 -0.000251489 0.000226299 0.000966879 0.000128517 -0.000923189 0.000350185 0.000280461 0.000210648 -1.48911e-05 -9.96143e-05 0.00231555 0.000870887 0.000391997 -0.000805388
internal_weight=387670 310065 262851 227985 34537.2 193448 77605 180874 140859 16712.2 124147 115110 106736 96342.9 92733.7 32988.7 69582.9 8461.5 3609.15 21920.5 9036.76 32045 13181.5 47214.3 21043.3 19686.2 864.89 3170.26 26171 3530.73
internal_count=1311205 1053164 894877 776644 118207 658437 258041 626487 491478 56549 434929 404829 377070 342497 330284 110800 247067 21561 12213 73677 30100 109685 43382 158287 67269 63918 3051 10173 91018 13167
cat_boundaries=0 1 2 3
cat_threshold=4 19 2
is_linear=0
shrinkage=0.05


Tree=74
num_leaves=31
num_cat=0
split_feature=16 0 16 3 10 1 10 1 6 17 7 8 3 8 7 7 10 17 0 6 10 8 0 7 7 1 7 7 7 10
split_gain=2.63893 2.19013 1.98113 1.84276 1.61767 1.51283 1.49804 1.31624 1.19751 1.17328 1.50772 1.16876 1.11665 0.989724 1.28992 1.29496 0.932675 0.908618 1.12036 1.04049 1.22062 0.951588 0.944956 0.868173 1.31184 1.35664 1.15708 1.34562 1.98676 1.61392
threshold=0.83375273960117646 76.500000000000014 0.8861666780130667 1.0000000180025095e-35 4.7466181426221139 689.50000000000011 0.098905681065719467 878.50000000000011 -0.12940952255126037 0.66268314391858796 1.0397207708399181 2.740319461670996 1.0000000180025095e-35 1.0000000180025095e-35 2.3502401828962087 1.0397207708399181 7.0228209549334624 0.66237379509048522 87.500000000000014 -0.78656609248549325 1.8913788188785896 1.4978661367769956 89.500000000000014 3.0201273556387074 3.1132683346437333 2715.5000000000005 2.524928003624769 2.3502401828962087 1.0397207708399181 0.00230835222093671
decision_type=2 2 2 2 2 2 2 2 2 2 2 2 2 2 2 2 2 2 2 2 2 2 2 2 2 2 2 2 2 2
left_child=1 3 7 5 6 -1 23 12 13 10 -6 17 16 14 15 -3 -2 18 -4 20 -20 -22 -21 26 25 -25 27 28 29 -5
right_child=2 8 11 4 9 -7 -8 -9 -10 -11 -12 -13 -14 -15 -16 -17 -18 -19 19 22 21 -23 -24 24 -26 -27 -28 -29 -30 -31
leaf_value=0.001612187574108548 -0.011352713192055131 0.0194490651167738 0.014838236336905952 -0.015493684670267172 0.021449522735061378 0.017389422308286172 -0.012149532038626766 -0.0041642918243093522 0.00069746583767038572 0.001723267171983034 -0.0055420559542040506 -0.0047403627662735209 -0.014941471120204254 0.0061554249957019198 0.029495867900716368 -0.013681879044843682 0.016090589370884079 0.0044970696488422224 0.14066905966640109 0.058856594894012515 0.035883949899296351 0.16081858071659028 0.019994825631696814 0.027361640383161957 0.0038384637346875472 0.095066716269008381 -0.025677693112490019 0.025419645428677251 -0.021369983592058373 0.014728484719332503
leaf_weight=25869.672394488007 5420.4685991331935 3934.0224127732217 2323.2898182868958 3889.1321730650961 1993.7633317708969 9895.2436646409333 30786.745027184486 51822.946195431054 24251.145029548556 90697.905369900167 45377.502900540829 7345.6085366904736 24915.313346475363 21937.140365947038 5458.8974860981107 1947.7417900823057 2430.7052676305175 8888.9346032440662 24.171103298664093 26.333910882472992 44.895774126052856 15.58818995952606 199.62039482593536 757.56316496804357 3731.3573850728571 171.90443093329668 2062.2944735065103 2569.6843734756112 3047.029279127717 5833.8560777306557
leaf_count=87300 17172 12391 2914 14772 2471 34011 108845 166285 82549 415764 56037 26006 78085 74444 17904 6299 7804 36527 29 33 55 20 251 2638 14254 615 7170 8549 10532 19479
internal_value=-5.84241e-05 2.02828e-05 -0.000274642 -4.96396e-05 -0.000111341 0.000279735 -0.000346585 -0.000377979 0.000295801 -2.12957e-05 -0.000222976 0.000188628 -0.000626022 0.000490541 0.000869787 0.000356061 -0.00010605 0.000502823 0.00131848 0.00413877 0.00886665 0.0050712 0.00236745 -3.21275e-05 0.000573926 0.00225465 -0.000194448 -4.49558e-05 -0.000255027 9.41009e-05
internal_weight=387670 284213 103458 226684 190919 35764.9 52849.6 84589.4 57528.9 138069 47371.3 18868.4 32766.5 33277.8 11340.7 5881.76 7851.17 11522.8 2633.9 310.609 84.6551 60.484 225.954 22062.8 4660.82 929.468 17402 15339.7 12770 9722.99
internal_count=1311205 976024 335181 782437 661126 121311 186854 269346 193587 474272 58508 65835 103061 111038 36594 18690 24976 39829 3302 388 104 75 284 78009 17507 3253 60502 53332 44783 34251
is_linear=0
shrinkage=0.05


Tree=75
num_leaves=31
num_cat=2
split_feature=16 0 16 3 10 17 2 7 5 7 7 8 7 8 2 8 7 7 7 16 5 17 0 10 17 17 16 10 16 16
split_gain=2.60692 1.81259 1.62598 1.53481 1.5671 1.33084 1.31689 1.293 1.06933 0.98463 1.75992 1.49686 1.34244 0.979599 0.921062 0.91575 1.60358 2.02615 1.29953 1.04328 0.902708 0.990773 1.45637 1.33645 0.891253 0.873752 0.81455 0.811643 0.788759 1.23541
threshold=0.83426495118380328 76.500000000000014 0.8861666780130667 1.0000000180025095e-35 4.7466181426221139 0.78929913144171537 0 2.524928003624769 0.60355339059327384 1.0397207708399181 2.3502401828962087 1.0000000180025095e-35 3.7012257604091228 2.524928003624769 1 1.0000000180025095e-35 2.3502401828962087 1.0397207708399181 3.4175922930736511 0.75487371117856195 -0.5 0.66237379509048522 87.500000000000014 5.8568961415879626 0.65130300798649621 0.6657714024266651 0.97182285662211954 0.098905681065719467 0.83596978670169342 0.84649134540172921
decision_type=2 2 2 2 2 2 1 2 2 2 2 2 2 2 1 2 2 2 2 2 2 2 2 2 2 2 2 2 2 2
left_child=1 3 5 6 8 28 24 20 -5 13 -11 -12 -13 -6 15 16 17 -3 -17 -18 -4 22 -22 27 -1 -14 -23 -24 -2 -30
right_child=2 14 7 4 9 -7 -8 -9 -10 10 11 12 25 -15 -16 18 19 -19 -20 -21 21 26 23 -25 -26 -27 -28 -29 29 -31
leaf_value=-0.0084902950610659996 -0.030023805922751778 0.017252324190165313 -0.00094836591822575764 -0.0039331141014133045 0.017680233916044452 -0.0035275316890200914 0.0029811092688007525 -0.00093365360203989667 -0.01718853157564635 -0.018245360356939421 0.011179589590441675 -0.012437939945498223 -0.004010500525774896 -0.050793098298245458 -8.2039191046368035e-05 -0.016574426176271119 0.04628123832845113 -0.019585037857260981 0.0075859391915143798 0.022156906689235714 0.029975752240106693 0.013406901281683137 0.13284928931291048 -0.025946745254554805 0.02512507893489371 0.0025255576430277763 0.048758032801030284 0.13135491997951174 -0.00036241018424878482 -0.01218550806744474
leaf_weight=827.71202325820923 2901.6019321382046 3864.2727153152227 1409.1565706431866 39309.153654702008 5299.5144334733486 44602.23626306653 30822.045312002301 15104.226704053581 13978.681016415358 4807.4273925311863 14835.888802535832 11852.195963717997 38249.022607944906 202.94453880563378 19084.524321272969 2235.1174846254289 1415.2557635903358 2126.0196703597903 24293.064715020359 4658.1911119744182 458.57535797357559 1713.4165571480989 32.4745934009552 20.746297776699066 4270.6134351119399 63275.908694129437 171.02214164286852 26.700626313686371 9554.8157419264317 26130.560254007578
leaf_count=1043 4159 12403 5104 139751 16725 209032 104187 52707 48482 15402 48961 38379 47945 655 64618 7287 3456 6880 83212 16685 574 7058 40 26 16473 308058 659 33 13899 37343
internal_value=-4.81675e-05 2.94061e-05 -0.00026496 -3.40065e-05 -9.01785e-05 -0.000360146 0.000265946 0.000153203 -0.000320603 -1.53737e-06 -2.86496e-05 6.56705e-06 -5.52329e-05 0.000653893 0.000279786 0.000420241 0.000781529 0.000201075 0.000256103 0.00135404 0.000973466 0.00155871 0.00345012 0.00967868 0.00100952 3.55231e-06 0.00101822 0.0135071 -0.000575156 -0.000510695
internal_weight=387533 285408 102126 227731 191811 83189.2 35920.4 18936.3 53287.8 138523 133020 128213 113377 5502.46 57676.4 38591.9 12063.7 5990.29 26528.2 6073.45 3832.09 2422.94 538.497 79.9215 5098.33 101525 1884.44 59.1752 38587 35685.4
internal_count=1311236 980602 330634 786061 664358 264433 121703 66201 188233 476125 458745 443343 394382 17380 194541 129923 39424 19283 90499 20141 13494 8390 673 99 17516 356003 7717 73 55401 51242
cat_boundaries=0 1 2
cat_threshold=19 19
is_linear=0
shrinkage=0.05


Tree=76
num_leaves=31
num_cat=0
split_feature=16 0 10 16 17 8 18 16 8 7 7 7 7 17 1 7 10 7 7 7 7 7 7 7 1 1 17 1 8 7
split_gain=2.37806 1.62434 1.4478 1.37989 1.20924 1.10674 1.10458 1.27026 1.01717 2.24806 2.01543 1.06466 1.52451 1.06224 0.951929 0.899482 0.863516 1.42769 1.14665 1.53067 2.44 1.60109 1.5447 1.98891 1.30937 1.22432 2.29566 0.992748 1.02173 0.915119
threshold=0.83426495118380328 76.500000000000014 4.7466181426221139 0.8861666780130667 0.78929913144171537 0.89587973461402759 1.0625000000000002 0.91167763378283551 1.0000000180025095e-35 3.0201273556387074 3.0201273556387074 1.0397207708399181 2.1383330595080281 0.66268314391858796 901.50000000000011 3.1132683346437333 0.47873179439478714 3.9219243190762363 1.0000000180025095e-35 1.0397207708399181 2.1383330595080281 2.524928003624769 3.0201273556387074 3.1132683346437333 2715.5000000000005 3011.5000000000005 0.66268314391858796 8480.5000000000018 1.0000000180025095e-35 3.4175922930736511
decision_type=2 2 2 2 2 2 2 2 2 2 2 2 2 2 2 2 2 2 2 2 2 2 2 2 2 2 2 2 2 2
left_child=1 2 16 4 -2 6 -5 -8 10 -10 11 -4 -13 -11 -3 -12 17 18 -1 -20 -21 -22 -23 24 -24 26 -26 28 -19 -25
right_child=3 14 8 5 -6 -7 7 -9 9 13 15 12 -14 -15 -16 -17 -18 27 19 20 21 22 23 29 25 -27 -28 -29 -30 -31
leaf_value=-0.019241675315132392 -0.0098205299722387233 -0.00097746112876566653 0.011476178969330021 0.0063738211506426008 -0.0033511551045690927 -0.0029019059507718217 0.054134067252223028 -0.0031505195282680366 -0.026915863676654973 -0.0040527596342003315 0.043901258567727024 -0.01851064215393641 0.0032915529133428212 0.0025527384384750108 0.0084847251339956967 0.016588678141735702 -0.0086064136434707457 0.068685564233135085 0.013322338888553165 -0.02207929075993862 0.021574530329094024 -0.026030030102080784 0.024296253735324715 -0.030905998263835555 0.12504985457555129 0.083648641164350765 0.093865585322811418 0.10482828763985115 0.01117969357555333 0.006375265458169555
leaf_weight=4089.709965351969 38586.977928072214 18153.402959432453 7348.8436205051839 6434.1266153082252 44602.23626306653 11876.773523114622 371.23020088672638 254.18850964307785 3057.7852133400738 43289.174839101732 1586.1149708293378 4910.7658702768385 9868.1125346757472 85194.163806620985 39523.042822726071 8455.7603332325816 34938.35572340712 324.13594807311893 8839.3533932566643 3486.8158143386245 3958.2555549666286 2598.7965898476541 1041.0602149106562 1406.291228286922 9.1679673194885272 158.68519761785865 19.675123695284128 36.162187684327364 1256.6675677597523 1857.2542095296085
leaf_count=15751 55401 61483 22920 23933 209032 41593 401 274 9752 53459 5293 15784 31421 394040 133058 28821 122845 1247 29017 11933 13225 8984 3610 5041 11 574 96 150 5188 6899
internal_value=-4.64186e-05 2.76717e-05 -3.23576e-05 -0.000253477 -0.000341165 0.000131745 0.000627544 0.00263358 4.64801e-05 -1.51539e-05 0.000298501 3.18951e-05 -0.000212671 1.67338e-05 0.000264693 0.000885979 -0.000233959 -3.26861e-05 -0.000117689 1.7444e-05 -0.000298071 6.58378e-05 -0.000383852 0.000177453 0.00189217 0.00573811 0.0152142 0.00141114 0.00122376 -0.000468066
internal_weight=387533 285408 227731 102126 83189.2 18936.3 7059.55 625.419 163711 131541 32169.6 22127.7 14778.9 128483 57676.4 10041.9 64020.4 29082 27465.1 23375.4 14536 11049.2 7090.93 4492.13 1228.59 187.528 28.8431 1616.97 1580.8 3263.55
internal_count=1311236 980602 786061 330634 264433 66201 24608 675 561490 457251 104239 70125 47205 447499 194541 34114 224571 101726 95141 79390 50373 38440 25215 16231 4291 681 107 6585 6435 11940
is_linear=0
shrinkage=0.05


Tree=77
num_leaves=31
num_cat=0
split_feature=4 10 8 12 17 10 9 8 10 5 0 5 11 4 1 17 8 11 10 0 10 8 10 8 1 0 1 0 10 10
split_gain=2.11715 1.96815 1.90737 2.02784 1.71664 1.37651 1.26762 0.960273 1.25442 1.11993 0.872832 0.811672 0.798615 0.790945 0.781099 0.743003 0.760312 0.72604 1.04432 0.678765 0.671 0.669818 0.650685 0.650477 0.648241 0.621576 0.605819 0.583793 0.575456 0.649294
threshold=3.5000000000000004 7.0735233155969857 1.0000000180025095e-35 1.0000000180025095e-35 0.67112732600106184 3.6286626092943273 3.1567740231385479 1.7005986908310777 8.0353250454199436 0.78656609248549325 87.500000000000014 0.25881904510252091 1.0000000180025095e-35 4.5000000000000009 4606.5000000000009 0.65047227725875179 3.3497501700808394 1.0000000180025095e-35 4.1882333364740107 99.500000000000014 4.9336050502534485 3.9019216517693867 7.8710827681682654 8.0173072902757028 1263.5000000000002 61.500000000000007 831.50000000000011 88.500000000000014 0.098905681065719467 0.012050400015810229
decision_type=2 2 2 2 2 2 2 2 2 2 2 2 2 2 2 2 2 2 2 2 2 2 2 2 2 2 2 2 2 2
left_child=1 2 3 10 7 21 12 8 9 -2 17 26 14 -6 22 -9 -17 18 -1 -10 -11 -4 -3 27 -15 -22 -7 -18 29 -19
right_child=4 6 5 -5 13 11 -8 15 19 20 -12 -13 -14 24 -16 16 23 28 -20 -21 25 -23 -24 -25 -26 -27 -28 -29 -30 -31
leaf_value=-0.0070675400401454258 0.0044855382438000468 -0.0012267171813432844 -0.017481294901495283 -0.019954091028068135 0.0027253752848364955 -0.00862683451642734 -0.0087994914414239577 0.00082497033978337078 0.043149780552659549 -0.024614575397540552 0.0098139899194835244 -0.011397753564239044 0.01840347802770843 0.003815054623957881 0.012840647739186384 -0.017300300274874281 9.8180647414691802e-05 0.0034980209558441722 0.0021844532089790205 0.10368757774890534 -0.018957397654904718 0.012801596640226554 0.0046453793199420449 -0.043134280209522105 0.013068351764088515 0.015128036836416238 -0.00052086929657000345 -0.019980679157962068 -0.0010339324577098186 0.023243768202905392
leaf_weight=23441.310430623591 20549.994247794151 43941.028982527554 15173.344430036843 4555.2608995586634 45155.501602191478 14591.067813891917 12260.55310587585 9629.8909598588943 467.42653924226761 2024.6996318101883 8454.3688857965171 26925.865150898695 2183.1508931964636 14813.606674205512 3716.659972909838 7919.9201585650444 9109.8830673694611 6350.1880903616548 18826.650122944266 36.229808151721954 1192.0506608486176 774.2799811437726 33039.532980285585 325.31093055009842 20003.849944058806 1026.9253329634666 26731.101871952415 1371.9818212389946 10008.251172896475 2933.2005331292748
leaf_count=78699 26516 151767 53207 16743 216714 51021 42239 12119 596 2617 27019 92372 6826 71585 12069 10373 11957 20537 61237 47 1537 3259 105468 426 96294 1318 93550 1786 31745 9593
internal_value=-4.39836e-05 -0.000128765 -0.000236528 -5.23765e-05 0.000117111 -0.000399625 5.10622e-05 -0.000101681 0.000122272 7.20899e-05 1.41311e-05 -0.000301897 0.000121258 0.000263899 9.57292e-05 -0.000301471 -0.000485002 -5.12927e-05 -0.000167299 0.00259262 -0.000667397 -0.000817851 6.15486e-05 -0.000212271 0.000442972 -6.68264e-05 -0.000162707 -0.000143933 0.000202877 0.000486419
internal_weight=387533 253906 158765 74569.2 133627 84195.7 95140.9 53654.3 25297.3 24793.7 70014 68248 82880.4 79973 80697.2 28357 18727.1 61559.6 42268 503.656 4243.68 15947.6 76980.6 10807.2 34817.5 2218.98 41322.2 10481.9 19291.6 9283.39
internal_count=1311236 857351 538982 245573 453885 293409 318369 69292 32631 31988 228830 236943 276130 384593 269304 36661 24542 201811 139936 643 5472 56466 257235 14169 167879 2855 144571 13743 61875 30130
is_linear=0
shrinkage=0.05


Tree=78
num_leaves=31
num_cat=0
split_feature=16 4 16 16 17 4 16 4 3 16 16 16 17 16 16 3 16 10 6 18 18 1 17 7 7 18 16 17 16 17
split_gain=2.0987 5.82107 2.6301 2.49643 5.23742 2.46826 3.10802 1.5266 1.52119 1.49151 1.63529 1.3566 1.30221 1.29387 1.46749 1.1313 1.09157 1.07953 1.17602 1.17384 1.0706 0.972795 0.888877 0.857985 0.856088 1.33036 0.850279 3.26693 2.22295 1.43379
threshold=0.83426495118380328 1.5000000000000002 0.80530725634941192 0.82922542429719359 0.76994110842690078 1.5000000000000002 0.83744152111093351 4.5000000000000009 1.0000000180025095e-35 0.79940033165848312 0.80117091351823222 0.58123026540307288 0.78929913144171537 0.89517497621427877 0.97182285662211954 1.0000000180025095e-35 0.83561204850757254 7.6356794924471805 0.37940952255126048 1.0458333333333336 1.0375000000000003 221.50000000000003 0.81354365979687537 8.6265855039078598 3.1132683346437333 1.0625000000000002 0.80570143096500557 0.70807993030371785 0.80742409001324889 0.79078431376826119
decision_type=2 2 2 2 2 2 2 2 2 2 2 2 2 2 2 2 2 2 2 2 2 2 2 2 2 2 2 2 2 2
left_child=1 2 9 26 8 6 16 21 -5 11 24 -1 -7 23 -15 -13 -2 18 -10 -19 -9 -3 -23 -8 25 -11 27 -4 29 -28
right_child=5 7 3 4 -6 12 13 20 17 10 -12 15 -14 14 -16 -17 -18 19 -20 -21 -22 22 -24 -25 -26 -27 28 -29 -30 -31
leaf_value=0.033972013591672214 0.026447625038472311 -0.017035251683629581 -0.071076276889050743 0.026524023818817268 -0.0049235283094915651 -0.0093951305766601725 0.024135166825861899 0.011025704444164243 0.12031316225695912 0.066389658396026494 0.0093618749521100497 0.0083175743384302347 -0.0031275307092801354 -0.0066385280039554795 0.03043202981679656 -0.011176964788286649 -0.039852307276277324 0.038579779373781702 0.091864242685133893 0.19862828229131552 -0.00043356854154734674 0.0017833543615424663 -0.011467268327105984 -0.021272655669597375 0.042070074319789263 0.11642882444630752 0.1150620520885945 0.066614370167066533 -0.025921078513898389 0.03150951669186941
leaf_weight=274.87354965507984 144.59153598546982 5065.0728453882039 1090.4281745553017 56.270257771015167 1035.240463770926 40998.479833096266 5741.3479164466262 34419.779090866446 43.493977427482605 62.552902884781361 719.14331355690956 3955.4388787671924 49316.101101920009 3332.6812647506595 905.10859249532223 14196.879466563463 1309.7572696805 27.515424728393555 17.521763384342194 21.010338723659515 12316.70492426306 191478.4443921335 7089.1970324143767 377.4655257165432 141.02656482160091 8.2390831112861616 22.710445821285248 75.261016808450222 13246.688111074269 44.061638295650482
leaf_count=839 731 16675 1400 87 5899 59026 17614 145384 65 188 1833 14487 232970 10620 3136 56632 5311 44 25 24 14504 580863 104738 1226 360 9 39 227 35974 306
internal_value=-4.2178e-05 2.74245e-05 -0.000576186 -0.00105751 0.00113299 -0.000236694 0.000443033 0.000111898 0.00938312 -0.000186309 0.0017663 -0.000284957 -0.000325586 0.000746978 7.5439e-05 -0.000337749 -0.0017214 0.0128156 0.0172421 0.0072497 0.000369611 5.27491e-05 7.02032e-05 0.00121207 0.00562754 0.010114 -0.00123922 -0.00253411 -0.00112584 0.00797425
internal_weight=387533 285408 35038.4 15680.2 1201.05 102126 11811 250369 165.812 19358.2 930.962 18427.2 90314.6 10356.6 4237.79 18152.3 1454.35 109.542 61.0157 48.5258 46736.5 203633 198568 6118.81 211.819 70.792 14479.1 1165.69 13313.5 66.7721
internal_count=1311236 980602 118438 44090 6144 330634 38638 862164 245 74348 2390 71958 291996 32596 13756 71119 6042 158 90 68 159888 702276 685601 18840 557 197 37946 1627 36319 345
is_linear=0
shrinkage=0.05


Tree=79
num_leaves=31
num_cat=0
split_feature=1 0 8 7 7 7 17 16 16 16 10 18 10 7 7 7 7 7 10 7 7 7 16 7 7 17 16 16 1 8
split_gain=2.02671 1.85267 1.44092 3.24464 2.36013 1.89421 1.27412 1.2175 1.1044 1.1315 0.990602 0.946097 1.02171 0.941005 3.69848 1.37181 2.99882 3.22811 1.36506 0.911875 2.46602 1.02992 1.01034 0.981501 0.898748 0.859285 0.840367 0.815329 0.792863 0.792544
threshold=646.50000000000011 52.500000000000007 1.0000000180025095e-35 3.4175922930736511 3.4175922930736511 3.4811217321331038 0.64853776465145774 0.85382885972224343 0.80217785889642024 0.8861666780130667 7.0405050533413869 1.0541666666666669 3.8494083025890826 3.1132683346437333 3.0201273556387074 2.524928003624769 2.3502401828962087 1.0397207708399181 0.0040779931159931546 3.7012257604091228 3.7494348669884658 3.9219243190762363 0.85943965931063915 3.9607678160667752 8.281597424153281 0.64632798978931005 0.80943535476948147 0.79676044088868148 7767.5000000000009 0.89587973461402759
decision_type=2 2 2 2 2 2 2 2 2 2 2 2 2 2 2 2 2 2 2 2 2 2 2 2 2 2 2 2 2 2
left_child=8 28 3 13 -4 6 -5 11 24 -10 -9 -6 29 14 15 16 17 18 -3 -7 22 -22 -21 -23 -1 -16 -19 -27 -2 -13
right_child=1 2 4 5 7 19 -8 10 9 -11 -12 12 -14 -15 25 -17 -18 26 -20 20 21 23 -24 -25 -26 27 -28 -29 -30 -31
leaf_value=-0.00024854527404376546 -0.0028760107024168313 -0.0095474051236755456 -0.011986678276409181 -0.054379087705652029 0.0050491295701867063 -0.0027449414424391087 0.075526685249672681 -0.013000708538684003 -0.010996430671981194 0.0036381038444219804 0.0010578456243640845 0.0042672367957602214 -0.0024873771950145508 -0.015277731486671043 -0.035857553460168744 -0.010466205711290623 0.025209012955167732 -0.022010094153789697 0.01396203704576573 0.085660546651390584 -0.015488692941221505 0.072343776553090322 -0.044858974306056593 0.02112570643671188 -0.026263702089179299 0.055691849997736048 -0.0033493200716825712 0.030337455020820372 0.010864616535612459 -0.037810569492448369
leaf_weight=42984.243751347065 117619.03450415283 3093.9040438458323 10713.997343108058 90.768973052501678 80921.366671022028 1338.1963306367397 930.71995279565454 7896.4144805073738 42093.48370410502 6222.7566363289952 8674.2678904682398 131.92072696238756 12362.904691524804 2645.9183044359088 79.0377077460289 6786.4561970829964 7113.000338204205 4958.7280929423869 13149.190935198218 467.0421487390995 733.44369148090482 287.60554787889123 53.716800853610039 2994.7539781481028 2525.661578528583 1130.3447108231485 4682.2774349600077 1122.5107090547681 2970.0260689370334 759.39275200664997
leaf_count=157541 402561 11198 34753 112 309056 4438 3296 26245 126839 21467 28403 146 13687 8697 97 22205 23164 17207 41797 1537 2520 1010 183 10451 9807 4255 14113 3476 10127 848
internal_value=-4.06656e-05 2.39618e-05 0.00012877 0.000349962 3.4696e-05 0.00135952 0.00334679 0.00010325 -0.000242971 -0.000409457 -0.00029197 0.000172791 -0.000218792 0.000194422 0.000251884 0.000138445 0.000271597 2.17256e-05 0.00045191 0.00101398 0.00135231 0.000932513 0.00458953 0.00131102 -6.62182e-05 0.00218723 -0.000703046 0.00236701 -0.000126501 -0.00185373
internal_weight=387533 293707 173118 51657.6 121460 6896.25 1021.49 110746 93826.1 48316.2 16570.7 94175.6 13254.2 44761.4 42115.5 39783.6 32997.1 25884.1 16243.1 5874.76 4536.56 4015.8 520.759 3282.36 45509.9 2331.89 9641.01 2252.86 120589 891.313
internal_count=1311236 995582 582894 169756 413138 23547 3408 378385 315654 148306 54648 323737 14681 146209 137512 129684 107479 84315 52995 20139 15701 13981 1720 11461 167348 7828 31320 7731 412688 994
is_linear=0
shrinkage=0.05


Tree=80
num_leaves=31
num_cat=0
split_feature=6 0 10 8 8 7 7 7 7 16 7 8 16 7 7 7 7 7 10 10 10 7 7 7 7 7 17 5 16 0
split_gain=2.14198 1.74429 2.03847 1.65317 1.44152 1.84351 1.43131 1.19824 0.923365 0.92088 0.859546 1.27998 0.860498 0.855317 1.10768 1.56034 1.30144 1.69202 1.08617 0.976006 0.877368 0.790837 2.35284 1.3441 1.06979 0.878643 0.819617 0.790266 1.02288 0.992921
threshold=1.0000000180025095e-35 87.500000000000014 5.9812086984327735 1.0000000180025095e-35 0.89587973461402759 3.0201273556387074 3.1132683346437333 3.7012257604091228 3.4175922930736511 0.84050258511846243 3.9219243190762363 1.7005986908310777 0.58123026540307288 1.0000000180025095e-35 1.0397207708399181 2.3502401828962087 2.524928003624769 2.8029010331479989 1.8913788188785896 0.098905681065719467 0.058681907356509619 3.1132683346437333 3.4175922930736511 3.4811217321331038 3.7012257604091228 3.7494348669884658 0.64991817661828988 -1.0000000180025095e-35 0.7301030753069494 135.50000000000003
decision_type=2 2 2 2 2 2 2 2 2 2 2 2 2 2 2 2 2 2 2 2 2 2 2 2 2 2 2 2 2 2
left_child=1 2 3 13 5 -4 -7 -6 -8 -9 -5 12 -12 -1 19 18 -17 20 -16 -15 -18 -19 -23 26 -25 -26 -24 -2 29 -29
right_child=27 -3 4 10 7 6 8 9 -10 -11 11 -13 -14 14 15 16 17 21 -20 -21 -22 22 23 24 25 -27 -28 28 -30 -31
leaf_value=-0.016777610045768675 -0.0013913323926870948 0.0087713004469155195 0.0016984663960800451 -0.013900117169988692 -0.013502537531751457 0.05308304498639576 -0.0038643842649702443 0.0042010603956378128 0.020863334794994338 -0.004534108477047028 0.085121622788399617 -0.0081939908666821114 0.010321707116649171 0.016937598256769614 -0.01939932244370686 0.016689289455443703 -0.032578479320465981 0.025117941941758738 -0.002471765372716872 3.7342227607739536e-05 -0.0082031375832375634 -0.029197165746187671 -0.021822488221638372 -0.027768219738434553 0.069045067079131522 0.0080249402595828911 0.066657806155480073 0.006007067879491324 -0.007101972593584094 0.058326205705273804
leaf_weight=3921.3299353606999 71258.954117797315 27943.39809660241 13827.649213574827 16920.645833216608 6861.6775725744665 1235.9095539301634 1996.3319061994553 74056.895241033286 7552.853847630322 20088.963973484933 8.3228224292397481 21076.333320662379 4731.3748266473413 8001.1516485735774 4645.6258397251368 6668.8713662810624 1790.245834890753 3072.6826550215483 4902.4588455110788 7022.6096535474062 3264.778917863965 2239.3144410252571 77.278579115867615 1032.5741394981742 363.09870992973447 2275.9852733016014 721.75941299647093 5642.8901859223843 64435.228928178549 74.252055309712887
leaf_count=14510 244848 91744 42956 56771 21555 3945 6416 253803 25458 64980 34 78078 16715 25750 15524 21770 6038 10303 15935 22150 10638 7553 97 3464 1275 8249 2647 14180 223978 173
internal_value=-3.57653e-05 5.32845e-05 5.68486e-06 -0.00017212 0.000136945 0.000480066 0.000970042 5.33364e-05 0.00076282 9.98285e-05 -0.000400463 -0.000218925 0.000523495 2.30533e-05 8.33811e-05 -8.71307e-05 0.00014902 -0.000111739 -0.000619048 0.000435835 -0.000854512 0.000272075 -3.21404e-05 0.000630494 0.000226057 0.00075991 0.00248892 -0.000190866 -0.000309994 0.00033097
internal_weight=387711 246300 218357 92736.4 125620 24612.7 10785.1 101008 9549.19 94145.9 42736.7 25816 4739.7 49999.8 46078.4 31054.7 21506.6 14837.7 9548.08 15023.8 5055.02 9782.69 6710.01 4470.7 3671.66 2639.08 799.038 141411 70152.4 5717.14
internal_count=1311537 828358 736614 317501 419113 78775 35819 340338 31874 318783 151598 94827 16749 165903 151393 103493 72034 50264 31459 47900 16676 33588 23285 15732 12988 9524 2744 483179 238331 14353
is_linear=0
shrinkage=0.05


Tree=81
num_leaves=31
num_cat=1
split_feature=0 6 10 8 8 7 7 7 7 7 7 7 10 0 10 17 8 7 7 7 7 10 8 5 17 7 2 10 3 7
split_gain=1.93297 1.70302 1.08779 1.25763 1.20351 1.17936 1.13895 1.17972 1.14764 1.04205 1.13998 1.67101 1.55511 1.07445 1.06842 0.937392 0.928664 0.990735 0.874529 0.826125 0.939826 0.808833 0.839089 0.73612 0.966541 0.713897 0.7062 0.705338 0.698537 0.671545
threshold=42.500000000000007 -0.12940952255126037 4.7959920073102493 1.4978661367769956 1.0000000180025095e-35 3.9219243190762363 3.4175922930736511 3.1132683346437333 3.0201273556387074 2.524928003624769 2.3502401828962087 1.0397207708399181 1.0000000180025095e-35 120.50000000000001 0.0262312712915155 0.64927633572046617 1.0000000180025095e-35 2.3502401828962087 1.0397207708399181 3.4811217321331038 3.7012257604091228 6.9867790336588564 5.8391860522696701 -0.37940952255126059 0.66690025027010624 3.0201273556387074 0 0.47873179439478714 1.0000000180025095e-35 3.7494348669884658
decision_type=2 2 2 2 2 2 2 2 2 2 2 2 2 2 2 2 2 2 2 2 2 2 2 2 2 2 1 2 2 2
left_child=23 2 4 5 6 16 7 8 9 10 11 12 -2 -12 -11 -15 17 18 -4 -8 -21 -5 -23 -1 -25 -6 -10 -14 -26 -22
right_child=1 -3 3 21 25 -7 19 -9 26 14 13 -13 27 15 -16 -17 -18 -19 -20 20 29 22 -24 24 28 -27 -28 -29 -30 -31
leaf_value=-0.0017728549248844151 -0.016983031386914416 -0.0023998159660352015 0.012688706349490264 -0.0021870307113940114 -0.031051045869134965 0.020967420015095772 0.070052801408374207 -0.035427611677320871 0.048786808202276655 -0.034559378008470219 0.015875488215152566 -0.012702979135636429 0.017808063012980213 0.10818911274643286 -0.0031829456494587129 0.038613728967872789 -0.0033292547119670337 0.017293233735892335 -0.0076561845228741102 -0.019906117853853947 0.069145060802310712 0.0072157574642513385 -0.0018550535690814219 -0.012564826237688776 0.0067677878584058611 -0.0068146485455270692 0.0010322512681230744 -0.00063942343135328097 -0.0060047373535811579 0.018104678056978508
leaf_weight=36876.091293808073 2921.8906679041684 125658.04797621071 5573.1075051836669 32265.574350882322 1457.8796063810587 8354.466737870127 487.0913685746491 1258.8332623951137 748.90960785746574 1384.7190614044666 4114.6642449498177 5885.7177953012288 6862.0112958811224 19.841274321079254 2297.8180983327329 173.84051974117756 7385.630332916975 11710.346625708044 4474.7540026828647 553.6778806000948 228.4926196411252 42420.651576340199 14619.924475308508 17689.312049269676 4863.5647196099162 16615.233679037541 528.36809938400984 3419.5909332744777 25683.048416614532 1178.3466704487801
leaf_count=127442 10680 427739 16996 111671 4950 28436 1685 4306 2528 4736 13499 19464 21787 25 7460 578 23343 37254 13977 1859 791 141093 49395 22513 22144 58699 1758 10837 119533 4359
internal_value=-3.79539e-05 2.12554e-05 0.000121215 0.00019917 -7.59434e-05 0.000442174 0.000107975 2.23062e-05 8.87946e-05 1.97139e-05 0.000142763 -2.30409e-05 0.000289294 0.000877398 -0.000762096 0.0045168 0.000292042 0.000456482 9.22446e-05 0.00114457 0.000686701 9.71357e-05 0.000210307 -0.000248461 -0.00037703 -0.000402236 0.0015534 0.000578567 -0.000206709 0.00137348
internal_weight=387711 302599 176941 126804 50136.9 37498.3 32063.8 29616.2 28357.4 27080.1 23397.6 19089.2 13203.5 4308.35 3682.54 193.682 29143.8 21758.2 10047.9 2447.61 1960.52 89306.2 57040.6 85112 48235.9 18073.1 1277.28 10281.6 30546.6 1406.84
internal_count=1311537 1019905 592166 422165 170001 120006 106352 97658 93352 89066 76870 62768 43304 14102 12196 603 91570 68227 30973 8694 7009 302159 190488 291632 164190 63649 4286 32624 141677 5150
cat_boundaries=0 1
cat_threshold=11
is_linear=0
shrinkage=0.05


Tree=82
num_leaves=31
num_cat=0
split_feature=16 1 3 0 1 8 7 7 7 7 7 7 7 7 10 8 5 17 16 7 7 16 10 17 8 8 10 17 16 17
split_gain=1.87888 2.00268 2.57099 1.60471 1.5473 1.09362 1.71446 1.4289 1.95817 1.38087 0.912628 1.18337 1.55341 0.831896 0.805253 0.825402 0.758145 0.802426 0.718457 1.31963 0.658366 0.696023 0.645531 0.629569 1.02556 0.675023 1.74154 1.20947 1.30813 1.04571
threshold=0.74201131889676508 967.50000000000011 1.0000000180025095e-35 52.500000000000007 467.50000000000006 0.89587973461402759 3.0201273556387074 3.1132683346437333 3.3497501700808394 4.1026092131977068 1.0397207708399181 2.1383330595080281 2.524928003624769 8.4446224754573418 8.3125550392534944 1.8688348091416842 0.78656609248549325 0.68761242875147521 0.97182285662211954 1.0000000180025095e-35 3.4811217321331038 0.76483445552001961 6.8164374793755229 0.66656010559132584 8.0173072902757028 3.1984648276080736 8.0968046622812135 0.64991817661828988 0.76875055652117463 0.64853776465145774
decision_type=2 2 2 2 2 2 2 2 2 2 2 2 2 2 2 2 2 2 2 2 2 2 2 2 2 2 2 2 2 2
left_child=13 2 22 16 18 6 10 -8 -9 -7 -5 -12 -13 -1 15 -11 -3 -18 -4 -20 21 -10 -2 24 25 26 -17 28 -28 -30
right_child=1 3 4 5 -6 9 7 8 20 14 11 12 -14 -15 -16 23 17 -19 19 -21 -22 -23 -24 -25 -26 -27 27 -29 29 -31
leaf_value=0.0079619845987442869 -0.00098265353412836372 -0.0014267165556375973 -0.018048849757757692 0.0099863363261260222 -0.0050908282604729795 -0.0070665602076249723 0.042690325579882907 -0.010077600996485759 0.083830264547277628 0.01183573058565548 -0.0096704578665102181 0.017412967444172402 -0.0084895940992840927 -0.012183828256901742 0.015725008062489467 -0.013723609435038586 -0.018768381030771344 -0.0038538244946979107 0.055309513478585308 0.059320884728647987 0.016423721716845297 0.045227851144958024 0.0076856290016177114 0.002870834192880567 -0.048458019147580036 0.00099062418933986156 0.073456887663035042 0.0079179082196147114 0.0039680333476813882 0.1193211171987974
leaf_weight=41396.762981086969 25327.408672057092 67206.416714914143 22331.683927126229 10909.66731248796 78381.520385254174 15441.403298728168 1923.8180596493185 2607.1822386421263 164.78122648596764 5326.4392553046346 5910.3893387578428 5645.6151678077877 5486.5649001710117 3095.9087824672461 2414.8243337646127 5306.464837692678 5065.2432254552841 8458.1815943196416 5.8946464508771887 109.01174089312553 6869.6820449717343 1123.9310078918934 15892.509511455894 37249.564428880811 335.82985252141953 13411.196800529957 20.034538149833679 217.15732741355896 50.810947299003601 25.547649204730988
leaf_count=103133 88705 237874 77609 36695 273062 52129 6672 8684 428 18716 19801 18951 18453 7888 6851 6703 6675 40506 22 387 24544 4015 56925 178332 422 16960 25 274 63 33
internal_value=-3.59964e-05 -7.56263e-05 -0.000219359 2.58643e-05 -0.000355367 0.00014148 0.0003526 0.000834588 0.000610297 3.39568e-05 0.000133793 -9.47916e-05 0.000208794 0.000269711 0.000135837 0.000100916 -0.000146623 -0.000488202 -0.000721381 0.00322214 0.000991502 0.00202853 0.000113331 4.49338e-05 -0.000186299 -0.000137965 -0.000597969 0.00302294 0.00768392 0.00470038
internal_weight=387711 343219 142048 201171 100828 120441 40641.6 12689.4 10765.6 79799.3 27952.2 17042.6 11132.2 44492.7 64357.9 61943 80729.8 13523.4 22446.6 114.906 8158.39 1288.71 41219.9 56616.6 19367 19031.2 5620.02 313.55 96.3931 76.3586
internal_count=1311537 1200516 496710 703806 351080 418751 138243 44343 37671 280508 93900 57205 37404 111021 228379 221528 285055 47181 78018 409 28987 4443 145630 202812 24480 24058 7098 395 121 96
is_linear=0
shrinkage=0.05


Tree=83
num_leaves=31
num_cat=1
split_feature=6 10 11 10 8 10 0 9 8 10 4 5 0 18 10 8 10 8 9 0 9 3 8 4 2 0 18 6 9 8
split_gain=1.72589 1.54858 1.77369 1.7958 1.43879 0.864934 0.807606 0.805152 0.780155 0.775371 0.730036 0.730966 0.676757 0.618379 0.611864 0.609564 0.574222 0.583146 1.0943 0.77405 0.732746 0.522969 0.480877 0.479906 0.479514 0.469242 0.503536 0.639033 0.563667 0.692315
threshold=1.0000000180025095e-35 4.7959920073102493 1.0000000180025095e-35 1.0000000180025095e-35 0.89587973461402759 7.8225641747821397 43.500000000000007 2.524928003624769 1.2424533248940002 0.47873179439478714 1.5000000000000002 -1.0000000180025095e-35 72.500000000000014 1.0541666666666669 8.0554591761172674 6.3741723047025554 8.3125550392534944 4.2696729980286863 3.5972184255501678 61.500000000000007 3.6762205501217919 1.0000000180025095e-35 3.5694334999727624 3.5000000000000004 0 148.50000000000003 1.0625000000000002 -0.78656609248549325 4.1510089048756029 7.6071329784297115
decision_type=2 2 2 2 2 2 2 2 2 2 2 2 2 2 2 2 2 2 2 2 2 2 2 2 1 2 2 2 2 2
left_child=1 2 8 -4 14 6 13 -7 12 -5 21 -12 -1 -6 -3 23 17 18 -9 -20 -21 -2 -15 -10 -25 26 -19 28 29 -28
right_child=10 4 3 9 5 7 -8 16 15 -11 11 -13 -14 22 -16 -17 -18 25 19 20 -22 -23 -24 24 -26 -27 27 -29 -30 -31
leaf_value=-0.0052188384481734358 0.001941008261605104 0.0073030162600847609 -0.014962626338327612 0.016384216936840668 -0.0046934249740333781 0.0076434232081335823 0.00093670184881955443 0.0019582826626061145 -0.017516376927451938 0.00011657896450145699 -0.00021811504932771621 -0.0050817264837225151 0.005212478662130194 -0.010620847641545384 0.024874817762915537 0.045399090432746148 0.014081000516093047 -0.0047044747740903059 0.087711030578062579 0.11928056095141214 0.072999881233280203 -0.010472860367322335 -0.037857340610873896 -0.038446096970958271 -0.0011053010970182076 0.071073254588008089 0.004662141691326927 -0.032779303843638231 -0.054040337349996914 0.067050884040929098
leaf_weight=25891.744247719646 3284.3857730999589 40383.621191639453 4288.4695398360491 9758.9192452579737 19168.816457875073 27473.080803763121 71654.419474031776 363.85350922122598 12115.472021356225 4939.6695327758789 62690.066655740142 61016.815930277109 8147.3634038753808 1765.154681943357 1040.2642012163997 103.44530344754457 2264.206412255764 8211.8435920514166 60.934933263808489 7.7388454601168624 35.016762610524893 14420.056928090751 1045.3915683105588 860.01855626702309 5550.3397164940834 14.249791096895931 306.81256586313248 655.69314564019442 161.3442390859127 32.237718269228935
leaf_count=87304 11071 129798 15864 31223 74047 88236 246199 1254 42973 15699 215583 207357 27186 1949 2738 436 6267 31013 200 18 101 49168 1159 3099 20275 37 339 731 177 36
internal_value=-3.74914e-05 4.24427e-05 -0.000153287 0.000261027 0.000122749 4.27232e-05 -4.01159e-05 0.00023866 -0.000302648 0.000523681 -0.000176715 -0.000133737 -0.000160286 -0.000305251 0.000380116 -0.00056277 -0.000100922 -0.000265971 0.00145743 0.0059887 0.011146 -0.000477015 -0.000997867 -0.000584142 -0.000234287 -0.000351853 -0.000365645 -0.00134263 3.01376e-06 0.00116064
internal_weight=387711 246300 71655.4 18987.1 174645 133221 93633.8 39587 52668.4 14698.6 141411 123707 34039.1 21979.4 41423.9 18629.3 12113.9 9849.73 467.544 103.691 42.7556 17704.4 2810.55 18525.8 6410.36 9382.18 9367.93 1156.09 500.395 339.05
internal_count=1311537 828358 244059 62786 584299 451763 323354 128409 181273 46922 483179 422940 114490 77155 132536 66783 40173 33906 1573 319 119 60239 3108 66347 23374 32333 32296 1283 552 375
cat_boundaries=0 1
cat_threshold=4
is_linear=0
shrinkage=0.05


Tree=84
num_leaves=31
num_cat=0
split_feature=1 3 0 10 16 8 8 1 8 6 3 1 16 6 6 8 5 8 16 0 4 16 16 9 0 0 16 16 10 1
split_gain=1.65988 2.03199 1.43475 1.27872 1.40406 1.14915 1.1029 1.0063 0.835442 0.818067 0.737023 2.03564 0.838209 0.682409 0.65547 0.757476 1.31819 0.649483 0.632449 0.698166 0.614328 0.985052 0.597026 0.597005 0.582217 0.573743 0.585535 0.538404 1.36691 0.533254
threshold=704.50000000000011 1.0000000180025095e-35 100.50000000000001 4.7959920073102493 0.78226511065443993 0.89587973461402759 3.9019216517693867 451.50000000000006 0.89587973461402759 -0.5 1.0000000180025095e-35 2229.5000000000005 0.77597062848964138 -0.70710678118654757 0.78656609248549303 2.4414009612931857 -0.37940952255126059 1.0000000180025095e-35 0.75382425525355401 38.500000000000007 3.5000000000000004 0.86681196525373416 0.67530393782091591 2.8617925509761908 71.500000000000014 75.500000000000014 0.70095262182836504 0.97182285662211954 1.0000000180025095e-35 279.50000000000006
decision_type=2 2 2 2 2 2 2 2 2 2 2 2 2 2 2 2 2 2 2 2 2 2 2 2 2 2 2 2 2 2
left_child=1 22 3 5 10 20 -7 27 -6 -10 11 -5 14 -14 -13 16 -16 25 19 -9 21 -2 -1 -21 -22 26 -12 -3 -29 -24
right_child=2 7 -4 4 8 6 -8 18 9 -11 17 12 13 -15 15 -17 -18 -19 -20 23 24 -23 29 -25 -26 -27 -28 28 -30 -31
leaf_value=0.016355587853990806 -0.0045505372135991266 -0.016400049777777738 0.0087401326300593062 0.013655938225026532 0.0040497403180351109 -0.011019405386728499 0.01209001164698591 -0.021912193036702023 0.0011369596207472467 -0.0041981272361343528 0.023126668643800797 0.034999150659440793 0.11881891681442172 0.13246230694090255 -0.028280153266689912 0.032586312243844652 0.10288385746181944 0.0029607069934391109 -0.0065499516853650521 0.020859338606490321 0.00059482028954929158 0.0088414309916367891 -0.0050980690350300069 -0.036826222950002756 0.014033625278143958 0.026655673949172121 0.0063142104508399303 0.053292169121572419 0.048988203705624893 0.0032118304959571466
leaf_weight=1561.2595296129584 29353.189167309552 22330.114868354052 18192.795394796878 5189.9414338581264 25252.670917004347 21405.912609148771 2295.0527936145663 845.58035743236542 42473.423393711448 52081.150969035923 989.56629801541567 181.29044679552317 7.2567804530262974 12.028442271053789 6.3420688249170807 17.393074374645948 11.640771884471176 52248.179227154702 36653.101445335895 3915.6090684607625 13109.514360517263 3533.3676149994135 12421.157066646963 375.68949235975742 3977.5211901888251 2005.9695194773376 8475.49550216645 5.8946464508771887 103.80779298394918 28679.530504595488
leaf_count=4196 99217 75730 59641 19035 74906 75613 9488 2186 129553 160678 2575 683 23 36 23 51 42 210806 128917 9796 44757 11653 41008 990 13462 7199 32033 22 366 96852
internal_value=-3.57314e-05 -0.000203417 2.80968e-05 -1.64887e-06 6.72435e-05 -0.000178336 -0.000465075 -0.000381086 -3.63008e-05 -0.000104535 0.000246654 0.000806063 0.00534814 0.015337 0.00445904 0.0106847 0.0178802 0.000199019 -0.000236062 0.000283518 -4.2345e-05 -0.000168709 6.40722e-05 0.00054227 0.000200862 0.000539704 0.000376914 -0.000651166 0.00284307 2.7617e-05
internal_weight=387711 106892 280820 262627 188952 73674.6 23701 64229.8 119807 94554.6 69145.1 5425.89 235.952 19.2852 216.666 35.3759 17.9828 63719.2 41790 5136.88 49973.6 32886.6 42661.9 4291.3 17087 11471 9465.06 22439.8 109.702 41100.7
internal_count=1311537 360063 951474 891833 637643 254190 85101 218007 365137 290231 272506 19893 858 59 799 116 65 252613 141889 12972 169089 110870 142056 10786 58219 41807 34608 76118 388 137860
is_linear=0
shrinkage=0.05


Tree=85
num_leaves=31
num_cat=1
split_feature=0 1 6 16 8 16 10 8 10 1 10 0 18 1 3 16 2 1 6 8 8 4 8 4 16 16 16 4 9 10
split_gain=1.81713 1.7018 1.27375 1.16735 0.840376 0.922882 0.802416 1.29108 0.776854 0.754002 0.709507 0.700598 0.690617 0.680487 0.788603 0.73545 0.676989 0.674991 1.35782 0.834334 0.963734 0.696601 0.695488 0.66347 1.10033 0.760629 0.714017 0.654881 0.66852 0.979069
threshold=43.500000000000007 4473.5000000000009 -0.60355339059327384 0.72594608427542362 1.0000000180025095e-35 0.7503268675834982 4.7959920073102493 1.7005986908310777 5.8568961415879626 207.50000000000003 8.1650461647328445 116.50000000000001 1.0708333333333335 682.50000000000011 1.0000000180025095e-35 0.97182285662211954 0 1924.5000000000002 0.37940952255126048 4.5695295849856103 5.803626672146776 4.5000000000000009 5.3821962081647756 1.5000000000000002 0.84373940648526213 0.84649134540172921 0.8470278619941235 2.5000000000000004 1.7005986908310777 8.0968046622812135
decision_type=2 2 2 2 2 2 2 2 2 2 2 2 2 2 2 2 1 2 2 2 2 2 2 2 2 2 2 2 2 2
left_child=3 2 6 27 8 16 7 -2 9 -4 12 -12 23 -8 -15 -16 -6 -14 19 -19 21 22 -21 24 -7 -25 -27 28 29 -1
right_child=1 -3 4 -5 5 10 13 -9 -10 -11 11 -13 17 14 15 -17 -18 18 -20 20 -22 -23 -24 25 -26 26 -28 -29 -30 -31
leaf_value=0.022486881469967246 0.0015657973222862776 0.008535464953854089 -0.025400948824145699 -0.0051000459571371786 0.011032698543543475 -0.018211123571145914 -0.00083009052903397777 -0.017402385659565377 0.0074535275727582121 -0.00011060636033461969 0.0027932041557027 0.044381073853927561 -0.016971023550132271 0.01863953862404686 0.0057689000503027728 0.089905640789145161 -0.0063188535210580103 -0.02982914414034106 0.019256170831373567 -0.013024035523276091 -0.040488854879207017 0.087606355126076049 0.11660541204285653 -0.0016471342086036512 0.0053307124941079477 -0.037015996661430343 -0.007108636642347621 0.00091375470935970435 -0.032826060746518504 0.057404803768483698
leaf_weight=1857.3793042451143 23888.495951931924 20282.523214191198 1364.5620146356523 86240.275173980743 10483.071550212801 7008.8439106680453 19918.188604362309 6172.5141532123089 16448.277754087001 37123.091783180833 7947.6901910342276 213.32662054523826 5361.7387554198503 4170.137906357646 52649.35115891695 87.01629988104105 6006.8302180022001 833.38074605166912 847.97745256125927 62.728704586625099 107.1818772405386 29.492343112826347 26.6280732229352 54982.605243291706 1976.9618086367846 477.70913754403591 16644.524426870048 4054.8958649113774 364.30404633283615 160.63949683308601
leaf_count=4882 79379 68438 4298 300790 26336 27748 65842 22154 52764 123513 24832 657 5968 13896 175655 303 14976 917 926 72 123 33 31 219284 6558 1100 58739 10447 980 365
internal_value=-2.95713e-05 3.1082e-05 -1.53585e-06 -0.000222711 -8.7408e-05 -0.000165389 0.000133393 -8.56146e-05 7.30099e-05 -4.99068e-05 -0.000224448 0.000221612 -0.000265646 0.000219089 0.000307127 0.000254787 0.000180299 -0.000732527 7.52869e-05 -0.00111824 0.00157606 0.00467653 0.00247737 -0.000223794 -0.000628928 -0.000173306 -0.000464315 0.000426804 0.00108475 0.00144063
internal_weight=387792 295115 274832 92677.5 167947 113011 106886 30061 54935.9 38487.7 96520.8 8161.02 88359.8 76824.7 56906.5 52736.4 16489.9 7269.13 1907.39 1059.41 226.031 118.849 89.3568 81090.6 8985.81 72104.8 17122.2 6437.22 2382.32 2018.02
internal_count=1312006 994542 926104 317464 568875 388300 357229 101533 180575 127811 346988 25489 321499 255696 189854 175958 41312 8070 2102 1176 259 136 103 313429 34306 279123 59839 16674 6227 5247
cat_boundaries=0 1
cat_threshold=25
is_linear=0
shrinkage=0.05


Tree=86
num_leaves=31
num_cat=0
split_feature=0 1 10 8 8 6 4 17 6 10 8 5 1 18 1 8 1 5 9 8 10 1 9 18 18 1 1 8 5 1
split_gain=1.64371 1.4543 1.185 1.73238 1.3151 1.11037 0.867251 0.647147 0.57147 0.723636 0.647962 0.678976 0.618322 0.558912 0.537332 0.535021 0.520382 0.514319 0.549714 0.627102 0.650117 0.511041 0.660468 0.553362 0.51024 0.515779 0.556672 0.548894 0.527071 0.498242
threshold=40.500000000000007 4473.5000000000009 4.7959920073102493 1.2424533248940002 1.0000000180025095e-35 -0.60355339059327384 1.5000000000000002 0.78997110768990131 -0.37940952255126015 6.8907215136908624 3.3140206880897671 -0.25881904510252113 317.50000000000006 1.029166666666667 234.50000000000003 3.860674306308975 525.50000000000011 -0.5 1.2424533248940002 3.2769667020129059 8.2691911923319328 682.50000000000011 2.8617925509761908 1.0375000000000003 1.0708333333333335 4022.5000000000005 436.50000000000006 3.0677824455408698 0.78656609248549325 801.50000000000011
decision_type=2 2 2 2 2 2 2 2 2 2 2 2 2 2 2 2 2 2 2 2 2 2 2 2 2 2 2 2 2 2
left_child=8 2 3 6 -4 21 -2 16 9 24 11 17 13 -13 -8 -5 -7 -11 19 20 -19 -6 -23 -24 -1 26 28 -28 -26 -25
right_child=1 -3 4 15 5 7 14 -9 -10 10 -12 12 -14 -15 -16 -17 -18 18 -20 -21 -22 22 23 29 25 -27 27 -29 -30 -31
leaf_value=-0.0040276930846286701 -0.0099054079351881263 0.0075594816983347805 0.0063428268773100044 -0.012372095206703638 -0.0021275387342257757 -0.014204305722621947 -0.015899097114133377 0.00026118512127952797 -0.0071654314829743722 0.013034808521496456 -0.002433182512967336 0.077881495009585328 -0.00050765499313210061 -0.037942872828921816 0.0013336446764149468 0.0029109979416329424 -0.0032937202486485132 0.035117764065655255 0.14108572950093209 0.096607184075810093 0.22705019624677958 0.0069748370537630949 0.00023463634437761451 0.043642731575647513 -0.054891473124275197 -0.056530372315791326 -0.0012287618140766733 -0.056543397244559479 0.063558726785121644 -0.023433352253468234
leaf_weight=20214.81294343248 9927.069506958127 21600.257897630334 40502.383626949042 19203.341672502458 16247.289096456021 7465.2466467097402 2200.7689088322222 50825.072311025113 34759.198410604149 1455.7337194532156 7033.5498256348073 221.53104557469487 3650.4957365393639 94.277441307902336 51751.2813106291 2538.3499803394079 44743.605085790157 742.46049435436726 19.853215683251619 6.2528861016035071 7.3816964477300635 44158.276988308877 5044.9903472699225 125.00098533183336 261.95198298245668 122.97354281693697 1224.6768497005105 213.77584753930569 26.910263903439045 1403.5735192522407
leaf_count=73266 32921 72884 129577 67766 54602 10630 6993 277863 120274 4810 24344 929 12003 115 173351 10370 63566 2404 74 22 17 148518 20881 145 279 132 1334 234 31 1671
internal_value=-3.06373e-05 1.76987e-05 -1.11912e-05 -0.000168024 5.25957e-05 -8.40099e-06 -3.68133e-05 -0.000111426 -0.000249864 -0.00010815 0.000184205 0.000556941 0.000164391 0.00228689 4.22126e-05 -0.000553532 -0.000235063 0.00125461 0.00229428 0.00207863 0.00194713 0.000150082 0.000228241 -0.000239345 -0.000283464 -0.00107819 -0.000855452 -0.000453215 -0.00285848 -0.00107276
internal_weight=387792 317737 296136 85620.8 210515 170013 63879.1 103034 70055.8 35296.6 13231.5 6197.99 3966.3 315.808 53952.1 21741.7 52208.9 2231.68 775.948 756.095 749.842 66979.1 50731.8 6573.56 22065.1 1850.29 1727.31 1438.45 288.862 1528.57
internal_count=1312006 1071738 998854 291401 707453 577876 213265 352059 240268 119994 44718 20374 13047 1044 180344 78136 74196 7327 2517 2443 2421 225817 171215 22697 75276 2010 1878 1568 310 1816
is_linear=0
shrinkage=0.05


Tree=87
num_leaves=31
num_cat=0
split_feature=0 1 16 17 16 1 3 0 16 16 17 9 4 16 1 6 16 9 16 9 1 18 1 17 9 4 16 17 6 4
split_gain=1.48943 1.4034 1.21453 1.08127 1.00823 0.768594 0.98447 1.03909 0.836797 1.1269 0.847807 0.808433 0.754751 0.735521 0.668094 0.679653 0.627299 0.612152 0.600598 0.655177 0.760012 0.699233 0.784513 0.595296 0.583317 0.719709 0.741195 0.813004 0.670832 0.580146
threshold=43.500000000000007 4473.5000000000009 0.76640384685231278 0.74075138247375838 0.72594608427542362 396.50000000000006 1.0000000180025095e-35 116.50000000000001 0.76654570564470936 0.77026250544891328 0.79630840319735097 2.9700856263602158 1.5000000000000002 0.76232687082252271 157.50000000000003 0.1294095225512602 0.76875055652117463 4.135134555718313 0.97182285662211954 0.89587973461402759 1242.5000000000002 1.0125000000000002 4231.5000000000009 0.67112732600106184 1.7005986908310777 2.5000000000000004 0.72123156168238733 0.64555464890881631 -0.12940952255126037 4.5000000000000009
decision_type=2 2 2 2 2 2 2 2 2 2 2 2 2 2 2 2 2 2 2 2 2 2 2 2 2 2 2 2 2 2
left_child=4 2 3 14 24 -4 -7 8 -8 12 11 18 16 -5 -2 17 -10 -16 19 -11 -21 -22 -23 -6 25 -1 27 28 -27 -25
right_child=1 -3 5 13 23 6 7 -9 9 10 -12 -13 -14 -15 15 -17 -18 -19 -20 20 21 22 -24 29 -26 26 -28 -29 -30 -31
leaf_value=0.026808886424303013 -0.047902075217522017 0.0077307176212446206 -0.0070675230697505812 0.0099106755775368871 -0.0073917828494331596 0.0061556727469673335 -0.013775369810189632 0.010745017101745181 0.030600367074740387 -0.0031142156275916657 0.0030176050740084561 -0.011492457904662336 0.016231113174310609 0.027926200923529355 0.0053370721464510943 -0.0065095553716098212 0.17912911521169575 -0.029672248093090128 0.033380771861941792 -0.004183975744156943 0.0024773342401183565 0.013301092599415698 0.11116652718508108 -0.0039471321793831836 -0.020671349732880276 0.080939077922606295 0.04393150152328245 -0.0054513528452655004 -0.0076377727362374253 0.0062388688108155682
leaf_weight=2018.0188010782003 451.91552913188934 20282.523214191198 20496.642344295979 22137.612639248371 33650.635800741613 19203.124295800924 8274.2673494108021 5720.4082905352116 138.36063992232084 96822.145833134651 31283.501129828393 8577.5739801675081 3910.8608380481601 2538.8935089558363 23160.909690916538 11479.744644284248 43.661656267940998 698.61152005195618 294.70789770781994 9010.7839527577162 6689.5063213855028 3827.9703407585621 71.124282956123352 46502.204302832484 1004.9969010353088 23.915000855922699 441.78537292033434 2930.3787758350372 18.123860597610474 6087.4350704066455
leaf_count=5247 602 68438 74041 93152 43657 71762 127681 19569 293 202808 207104 18286 10436 10579 31029 15259 94 948 640 19253 17494 4981 93 226984 2625 29 1099 7652 22 30149
internal_value=-2.95947e-05 2.5318e-05 -4.30253e-06 0.000193602 -0.000204454 -6.01272e-05 -2.93428e-05 -6.67023e-05 -8.9143e-05 -6.38904e-05 -8.52993e-05 -0.000143436 0.000755129 0.000448239 1.80404e-05 4.24691e-05 0.00390238 0.000194566 -0.000109005 -0.000114712 0.000148921 0.000436145 0.000968347 -0.00024951 0.000399171 0.000603895 0.000161431 -0.000122585 0.00678137 -0.000144429
internal_weight=387792 295115 274832 60467.7 92677.5 214365 193868 174665 168944 160670 156577 125294 4092.88 24676.5 35791.2 35339.3 182.022 23859.5 116716 116422 19599.4 10588.6 3899.09 86240.3 6437.22 5432.22 3414.2 2972.42 42.0389 52589.6
internal_count=1312006 994542 926104 151569 317464 774535 700494 628732 609163 481482 470659 263555 10823 103731 47838 47236 387 31977 245269 244629 41821 22568 5074 300790 16674 14049 8802 7703 51 257133
is_linear=0
shrinkage=0.05


Tree=88
num_leaves=31
num_cat=0
split_feature=6 10 8 7 8 0 8 7 8 7 7 10 10 18 7 10 17 8 7 7 7 7 7 8 9 7 18 7 0 4
split_gain=1.51263 1.27521 1.53155 0.981201 1.28214 0.973267 0.896729 1.20467 1.059 1.2231 0.866654 0.826704 0.8046 0.783204 1.1227 0.773912 1.1234 0.712625 2.46042 2.094 1.32772 1.27703 1.84034 0.956696 0.712195 0.678213 0.74451 0.677078 0.65696 0.650493
threshold=-0.37940952255126015 5.5747840338677612 1.2424533248940002 4.8559213341406453 2.9174053685313028 40.500000000000007 2.8029010331479989 4.3630783395783075 1.0000000180025095e-35 3.0201273556387074 5.3205649864913136 6.9867790336588564 1.0000000180025095e-35 1.0791666666666668 5.8536372009884516 8.2503539996157595 0.64927633572046617 1.0000000180025095e-35 2.9174053685313028 3.9219243190762363 2.524928003624769 2.3502401828962087 1.0397207708399181 1.4978661367769956 1.2424533248940002 6.938769215029235 1.0708333333333335 3.0201273556387074 65.500000000000014 3.5000000000000004
decision_type=2 2 2 2 2 2 2 2 2 2 2 2 2 2 2 2 2 2 2 2 2 2 2 2 2 2 2 2 2 2
left_child=1 2 12 -4 10 -2 7 8 9 -3 24 -8 -1 -12 -15 27 -17 18 20 -19 21 22 29 -21 -5 26 -6 -10 -14 -7
right_child=5 6 3 4 25 17 11 -9 15 -11 13 -13 28 14 -16 16 -18 19 -20 23 -22 -23 -24 -25 -26 -27 -28 -29 -30 -31
leaf_value=-0.015152780335869887 -0.0065166397135296263 0.0036765189728304561 -0.014015542473224896 0.0016183008680977996 -0.0093614488179161633 -0.0012020264347260669 -0.0054957947856165484 0.013657367618916672 -0.017365961705111576 0.022651153128364323 0.05789377120523103 0.0032164317075338736 -0.00026215124998365538 0.090692073960001632 -0.052819536620377375 0.14978724870623977 0.047115748609578879 -0.010505292627174834 0.014959272162761605 0.01055089603113093 -0.015537360230807718 0.015080205029912142 -0.011787047264792117 -0.0017920612713046681 0.115118161005463 0.042836430696230915 -0.053024488222340661 -0.00068025706058687523 0.0082895322378031544 0.012467630130050944
leaf_weight=3300.3676565289497 34759.198410604149 14346.90991076082 15009.550445750356 1374.4575518704951 4481.730441853404 11899.287317421287 16984.209181446582 17950.56618918851 1689.6520547047257 5314.6782058887184 730.4824944473803 48774.752722203732 29978.183435998857 32.392953000962734 21.840770825743675 6.4296571016311637 34.895860515534878 21654.096804045141 12444.016333244741 6984.9550622552633 6014.9822679571807 7215.7175619900227 9736.7846842817962 79933.349290467799 49.175649706274271 392.7097096554935 332.81286896020174 15908.331956699491 14679.265721973032 5756.5606147125363
leaf_count=12206 120274 44501 52109 5050 17739 38961 60092 60335 5273 17385 3028 164714 99228 35 25 8 85 71515 42131 24071 19784 23477 31858 278358 170 1866 368 50780 47913 18667
internal_value=-2.88746e-05 7.11583e-05 -9.8071e-05 -0.000439157 3.13783e-05 -0.000126358 0.000169587 0.000318076 0.000156115 0.000408456 0.00104094 4.48243e-05 6.14212e-05 0.00237508 0.00817232 -0.000125157 0.0067092 -7.47428e-05 7.54236e-05 -0.00014814 -0.000113008 6.16068e-06 -0.000149724 -3.85396e-05 0.000305556 -0.000396769 -0.000559739 -0.000141206 0.000117097 0.00015462
internal_weight=387792 191393 70383 22425.2 7415.6 196399 121010 55251.5 37300.9 19661.6 2208.35 65759 47957.8 784.716 54.2337 17639.3 41.3255 161640 53067.3 108572 40623.3 34608.4 27392.6 86918.3 1423.63 5207.25 4814.54 17598 44657.4 17655.8
internal_count=1312006 642910 239737 80390 28281 669096 403173 178367 118032 61886 8308 224806 159347 3088 60 56146 93 548822 174878 373944 132747 112963 89486 302429 5220 19973 18107 56053 147141 57628
is_linear=0
shrinkage=0.05


Tree=89
num_leaves=31
num_cat=0
split_feature=1 3 3 0 1 6 18 10 4 8 0 7 7 10 17 17 17 6 0 8 4 8 7 7 7 8 8 18 7 8
split_gain=1.39765 1.34915 1.20098 1.13952 1.09678 0.910989 1.02334 0.882236 1.13377 1.13018 0.683662 0.682686 0.532552 1.48054 0.931997 1.17785 0.734134 0.741204 0.915019 0.852297 0.705162 0.528349 0.857839 1.16331 0.707583 1.5384 1.52536 1.25811 0.676579 0.705245
threshold=675.50000000000011 1.0000000180025095e-35 1.0000000180025095e-35 116.50000000000001 6033.5000000000009 -0.37940952255126015 1.0458333333333336 5.9812086984327735 4.5000000000000009 1.4978661367769956 37.500000000000007 11.211588533200596 3.8815106545092593 0.65675555764692939 0.68761242875147521 0.65306806413895013 0.64607191580427192 0.78656609248549303 65.500000000000014 4.3502571242716384 3.5000000000000004 1.0000000180025095e-35 2.9174053685313028 2.524928003624769 4.4367340276668159 2.9174053685313028 2.4414009612931857 1.0958333333333337 5.2907859277095151 1.7005986908310777
decision_type=2 2 2 2 2 2 2 2 2 2 2 2 2 2 2 2 2 2 2 2 2 2 2 2 2 2 2 2 2 2
left_child=1 -1 -2 4 5 6 7 8 9 -4 -7 -5 -6 14 15 -14 17 18 -15 20 -20 22 23 -12 25 -23 27 28 29 -26
right_child=2 -3 3 11 12 10 -8 -9 -10 -11 21 -13 13 16 -16 -17 -18 -19 19 -21 -22 24 -24 -25 26 -27 -28 -29 -30 -31
leaf_value=0.00058693097443720534 0.0078938646372652254 -0.0074724732800322885 0.0011620593918406641 0.0093344871875036036 0.0010776737003711067 -0.0073386761118665158 -0.0036540709546167838 0.0060546572092722078 0.011575428410861078 -0.011489431703951692 0.0013783363458027332 0.20235329993221143 0.13194576804676661 -0.0042434351811182049 0.043363310157598915 0.15813470174463851 0.010510614935916696 0.083796934996855796 0.050506145204579994 -0.045326159876534704 0.16774428293894386 -0.0099094379274645046 0.012479386934548043 -0.015846823650132791 0.018837341621322581 0.0094736360599860792 -0.0033981181010481979 0.16554608950062694 0.022771271140510408 -0.0053368531289825329
leaf_weight=41211.676947660744 18640.534349627793 59239.042606923729 20519.914865925908 7812.5212292261422 5752.0003764741123 16299.54465502128 29467.106501460075 54302.728508554399 6067.4755130633712 11367.581458777189 20533.93099636957 11.775584418326615 17.46656346321106 82.598685920238495 87.159928884357214 17.178885698318481 7212.6729661040008 31.016473889350891 21.217503130435944 16.325710892677307 19.672971904277802 20611.651330076158 7819.3520682007074 3976.9127593114972 2342.3438940942287 2928.9099112637341 45657.411378432065 6.9844055697321883 2601.0495065152645 3116.5852492079139
leaf_count=137498 62609 200636 83332 24913 19030 56890 34726 219043 25260 48540 67819 34 22 101 454 25 25116 38 26 20 24 68275 26493 13110 8007 10211 159625 35 9333 10761
internal_value=-2.78312e-05 -0.000188375 2.82926e-05 1.36903e-06 -1.6463e-05 -4.01848e-05 5.73475e-05 0.00013928 -4.56625e-05 -0.000164867 -0.000134487 0.000595923 0.000426611 0.000704037 0.00617161 0.0131087 0.000613839 0.00385343 0.00230221 0.0071622 0.0110181 -8.95522e-05 8.01635e-05 -6.5307e-05 -0.000160567 -0.00038915 -6.04077e-05 0.000573421 0.000555039 0.000238824
internal_weight=387792 100451 287342 268701 260877 247619 121725 92257.7 37955 31887.5 125895 7824.3 13257.3 7505.31 121.805 34.6454 7383.5 170.831 139.815 57.2162 40.8905 109595 32330.2 24510.8 77264.9 23540.6 53724.4 8066.96 8059.98 5458.93
internal_count=1312006 338134 973872 911263 886316 841460 410901 376175 157132 131872 430559 24947 44856 25826 501 47 25325 209 171 70 50 373669 107422 80929 266247 78486 187761 28136 28101 18768
is_linear=0
shrinkage=0.05


Tree=90
num_leaves=31
num_cat=0
split_feature=7 7 8 7 8 7 7 7 7 7 7 7 10 8 7 7 7 17 7 7 1 1 7 17 8 0 17 10 17 10
split_gain=1.61413 4.81496 2.65208 3.80561 2.49434 1.83878 1.6996 2.47112 1.88712 1.68618 3.86868 1.35449 1.34285 1.55185 1.28958 2.41527 1.17917 1.11834 1.07192 1.92519 1.02351 0.959042 0.937167 0.917481 0.891526 0.866444 0.823627 0.800224 0.900332 0.812847
threshold=1.0397207708399181 2.1383330595080281 1.0000000180025095e-35 3.9219243190762363 1.4978661367769956 1.0000000180025095e-35 3.4175922930736511 2.524928003624769 3.4811217321331038 2.9174053685313028 3.1132683346437333 3.0201273556387074 7.8101015432155938 4.2121001622835372 3.7012257604091228 3.7494348669884658 2.3502401828962087 0.6484252398823479 3.9219243190762363 3.9607678160667752 718.50000000000011 6033.5000000000009 7.0854828791590796 0.64954346602561752 3.6505739029280164 44.500000000000007 0.78019127016926815 8.0036029533214368 0.6657714024266651 6.6984141434628581
decision_type=2 2 2 2 2 2 2 2 2 2 2 2 2 2 2 2 2 2 2 2 2 2 2 2 2 2 2 2 2 2
left_child=5 -2 6 11 -5 -1 7 16 17 -9 -11 24 -6 -14 -10 -16 -3 -8 -17 -20 -7 26 -15 25 -4 -19 -21 29 -29 -23
right_child=1 2 3 4 12 20 8 9 14 10 -12 -13 13 22 15 18 -18 23 19 21 -22 27 -24 -25 -26 -27 -28 28 -30 -31
leaf_value=-0.010163744257921482 -0.014537330410714255 -0.0066862994992374254 -0.020642487524648635 0.012185839554442079 -0.0030880983155444856 0.0010868588954652703 -0.037797298709244781 -0.011977197373313287 -0.011054494630021727 0.023709883269003251 -0.014721248755264949 -0.0075244079981993568 0.010346206173796536 0.0076161844950464637 0.058270041076177038 -0.012833878150387347 0.015595551665505015 0.12514874912810789 0.062323504663091937 -0.0058840073070605577 0.012771516525622318 0.071057833845679139 -0.0034706732221324367 0.055563659603559627 0.044653462613882103 0.049256511377048562 0.019829612482570227 0.0875929644097143 0.055803396317306221 -0.0072332585801823338
leaf_weight=6711.5463634692132 20356.666046828032 3547.932112980634 7543.5645582154393 16654.125693138689 130238.0089963451 14197.91667753458 185.75067269802094 14386.94253923744 3131.5295297093689 7193.9233569912612 6310.308768607676 44032.419969253242 20081.933570481837 8932.9487487263978 1210.8958211392164 1729.4976158291101 17239.066867332906 20.232109189033508 630.05795068666339 3268.7192588448524 22029.911280926317 155.74570423364639 31917.850671827793 2094.4200528487563 123.44663282483816 65.419017493724823 3512.8786519765854 6.7205383181571987 10.983664415776728 110.46445627138019
leaf_count=24993 66455 11270 24712 57353 463677 44658 229 47104 10581 23735 20827 144448 64414 28869 4108 5956 55759 26 2257 4570 70367 574 106701 7688 437 83 19176 9 42 365
internal_value=-4.71037e-05 -8.31152e-05 -3.62979e-05 -0.000107748 -1.22515e-05 0.000241976 0.000249809 0.000102404 0.000694566 -0.000205144 0.000196127 -0.000491631 -6.33784e-05 0.000130361 0.000470399 0.000732977 0.00051506 0.00199907 0.000462907 0.000715691 0.000382807 0.000479531 -4.65574e-05 0.00231639 -0.00110495 0.00738861 0.00036034 0.00332654 0.0136199 0.00264199
internal_weight=387632 344692 324336 259524 207825 42939.4 64811.5 48678.2 16133.3 27891.2 13504.2 51699.4 191171 60932.7 13767.5 10636 20787 2365.82 9425.07 7695.57 36227.8 7065.51 40850.8 2180.07 7667.01 85.6511 6781.6 283.914 17.7042 266.21
internal_count=1311443 1171425 1104970 890611 721014 140018 214359 158695 55664 91666 44562 169597 663661 199984 47638 37057 67029 8026 32949 26993 115025 24736 135570 7797 25149 109 23746 990 51 939
is_linear=0
shrinkage=0.05


Tree=91
num_leaves=31
num_cat=0
split_feature=7 7 8 7 8 7 7 7 7 7 7 7 10 8 7 7 16 7 16 7 7 16 1 10 1 8 7 10 7 18
split_gain=1.43372 4.32758 2.40755 3.35969 2.25893 1.66548 1.60745 2.16214 1.78296 1.47494 3.4296 1.26641 1.21264 1.39271 1.12912 2.1121 1.08613 1.03357 1.02224 0.998208 1.64449 0.932773 1.03366 0.874738 0.850015 0.817379 0.806942 0.796983 0.787995 0.781059
threshold=1.0397207708399181 2.1383330595080281 1.0000000180025095e-35 3.9219243190762363 1.4978661367769956 1.0000000180025095e-35 3.4175922930736511 2.524928003624769 3.4811217321331038 2.9174053685313028 3.1132683346437333 3.0201273556387074 7.8101015432155938 4.2121001622835372 3.7012257604091228 3.7494348669884658 0.84373940648526213 2.3502401828962087 0.79940033165848312 3.9219243190762363 3.9607678160667752 0.67530393782091591 718.50000000000011 0.031737426730471384 6033.5000000000009 3.6505739029280164 7.0854828791590796 0.01032695592379766 3.1132683346437333 1.0458333333333336
decision_type=2 2 2 2 2 2 2 2 2 2 2 2 2 2 2 2 2 2 2 2 2 2 2 2 2 2 2 2 2 2
left_child=5 18 6 11 -5 -1 7 17 -8 27 -11 25 16 -14 -10 -16 -6 -3 -2 -17 23 -7 -23 -21 -22 -4 -15 -9 -13 -27
right_child=1 2 3 4 12 21 8 9 14 10 -12 28 13 26 15 19 -18 -19 -20 20 24 22 -24 -25 -26 29 -28 -29 -30 -31
leaf_value=-0.0096555570450254091 -0.022700356731162819 -0.0063519845242755672 -0.019610363148416202 0.011576547576719954 -0.0014340964900139586 0.028612184990274427 0.04746827189437846 -0.026192268480947845 -0.010501769898520631 0.0225243891055531 -0.013985186317501697 0.0045388990658673523 0.0098288958651067126 0.0072353752702941426 0.055356539022368173 -0.012192184242867965 -0.0080894329998448151 0.014815774082229761 -0.0077167987036644847 0.1200357256507275 0.0071067688160618928 -0.00022376120598666116 0.011784828698107486 0.046525251415694059 0.048192271788048129 0.015390059516195454 -0.0032971395610258193 -0.0086436010421488529 -0.0082656238798805692 0.07071064671349736
leaf_weight=6711.5463634692132 8821.354793779552 3547.932112980634 7543.5645582154393 16654.125693138689 102904.54321862012 862.83104493469 2365.8218522295356 1722.0237436369061 3131.5295297093689 7193.9233569912612 6310.308768607676 3751.9065008535981 20081.933570481837 8932.9487487263978 1210.8958211392164 1729.4976158291101 27333.465777724981 17239.066867332906 11535.31125304848 78.782706931233406 6781.5979108214378 13814.24562048912 21550.751293037087 551.27524375542998 283.9143632389605 90.9760502576828 31917.850671827793 12664.918795600533 40280.513468399644 32.470582567155361
leaf_count=24993 32093 11270 24712 57353 372287 2272 8026 5808 10581 23735 20827 11975 64414 28869 4108 5956 91390 55759 34362 294 23746 43667 69086 1963 990 398 106701 41296 132473 39
internal_value=-4.42638e-05 -7.82032e-05 -3.38185e-05 -0.000101895 -1.21677e-05 0.000228182 0.00023878 9.54266e-05 0.000671312 -0.000192252 0.000183044 -0.000462587 -6.08221e-05 0.000123284 0.000453419 0.000699118 -0.000146957 0.000481422 -0.000785368 0.000446566 0.000690503 0.000362212 0.000322583 0.00313814 0.000472238 -0.00105563 -4.43176e-05 -0.000544521 -0.000359325 0.00298006
internal_weight=387632 344692 324336 259524 207825 42939.4 64811.5 48678.2 16133.3 27891.2 13504.2 51699.4 191171 60932.7 13767.5 10636 130238 20787 20356.7 9425.07 7695.57 36227.8 35365 630.058 7065.51 7667.01 40850.8 14386.9 44032.4 123.447
internal_count=1311443 1171425 1104970 890611 721014 140018 214359 158695 55664 91666 44562 169597 663661 199984 47638 37057 463677 67029 66455 32949 26993 115025 112753 2257 24736 25149 135570 47104 144448 437
is_linear=0
shrinkage=0.05


Tree=92
num_leaves=31
num_cat=0
split_feature=1 16 1 3 4 16 16 16 3 0 4 16 16 16 16 16 16 16 16 16 5 10 10 16 16 8 0 16 1 10
split_gain=1.36825 1.44018 1.14186 1.11868 1.16072 5.33449 4.10623 1.69367 1.06554 0.97058 0.874289 1.09014 0.91475 1.72369 1.03653 1.66083 1.0198 0.979705 1.17823 0.852981 1.03765 0.86358 1.07891 0.852344 0.983415 0.844919 0.819547 0.818828 1.30227 0.815483
threshold=597.50000000000011 0.69590327897418025 13074.000000000002 1.0000000180025095e-35 2.5000000000000004 0.85570644998864431 0.85943965931063915 0.85472328363330063 1.0000000180025095e-35 88.500000000000014 1.5000000000000002 0.58123026540307288 0.84373940648526213 0.84425539163094909 0.80530725634941192 0.80468843791176625 0.84851765780272259 0.79940033165848312 0.80117091351823222 0.85672772824506083 -0.60355339059327362 2.7067481026702671 6.0888949902463336 0.82537325419067853 0.82805938968709258 2.249904835165133 125.50000000000001 0.83426495118380328 1079.5000000000002 8.4036835615819729
decision_type=2 2 2 2 2 2 2 2 2 2 2 2 2 2 2 2 2 2 2 2 2 2 2 2 2 2 2 2 2 2
left_child=1 -1 3 27 5 7 26 10 19 25 11 -5 14 -14 15 17 -15 -13 -19 -3 -21 -22 -23 -16 -25 -7 -6 -2 -29 -18
right_child=2 8 -4 4 6 9 -8 -9 -10 -11 -12 12 13 16 23 -17 29 18 -20 20 21 22 -24 24 -26 -27 -28 28 -30 -31
leaf_value=0.015705135282840878 0.011032429766742215 -0.0037364492075001813 0.017272833695876955 0.035235371964019095 0.0022858435286688297 0.016030481473817183 -0.010735849562473377 -0.046506157702583518 -0.0096537645883394418 0.032251437338943027 -0.003786894696027554 -0.0089795487504643386 0.21407211586172636 0.092828979027703429 -0.025621398475581293 0.12387852007028886 -0.0065280396306953703 0.050597036252773724 0.010914574793529242 -0.0072150171816669278 -0.0067016918731230835 0.043937808502442513 0.012457422455109458 0.047032132742713964 -0.010360141592989792 0.0032285697146259952 0.019385760981427327 0.0078632621318029724 -0.023875225738696538 0.15741603573495258
leaf_weight=3340.1989740878344 16717.422509357333 29744.769189320505 2772.0261023826897 130.9705510661006 157381.92417967319 6642.7584342136979 21476.209460169077 1226.0417422875762 44223.519789025187 1364.3620642200112 57620.814044367522 11114.213319700211 6.0045889541506758 178.42278285324574 8793.4407944902778 14.042464613914488 462.49415998905897 107.58779116719961 400.45084705203772 1711.8398258462548 964.68883599340916 955.36679824441671 1750.3978885114193 338.22500813007355 2839.0716178268194 6348.8463944047689 3207.9369633160532 3622.9108398258686 2168.7466652542353 6.1232720315456381
leaf_count=8862 57386 100959 9298 380 536889 21307 71513 3607 150621 4417 195076 44061 30 911 23938 35 1495 285 1042 5633 3006 3088 5698 949 10914 21475 10077 11674 6803 14
internal_value=-4.35548e-05 -0.000223949 5.36271e-06 -3.90435e-06 -3.1198e-05 -0.000170328 4.33807e-05 -0.000323847 -0.000266761 0.000719794 -0.00029627 -0.000547189 -0.00057175 0.00127422 -0.000622815 -0.000286774 0.00102676 -0.000307537 0.00183962 -6.11787e-05 0.000518037 0.000992152 0.00145009 -0.000949468 -0.000247581 0.000586564 0.000130216 0.000335201 -0.000177153 -0.000198076
internal_weight=387632 82690.8 304941 302169 279660 97593.9 182066 83237.9 79350.6 14356 82011.9 24391 24260.1 653.045 23607 11636.3 647.04 11622.3 508.039 35127.1 5382.29 3670.45 2705.76 11970.7 3177.3 12991.6 160590 22509.1 5791.66 468.617
internal_count=1311443 277867 1033576 1024278 948415 329936 618479 282737 269005 47199 279130 84054 83674 2450 81224 45423 2420 45388 1327 118384 17425 11792 8786 35801 11863 42782 546966 75863 18477 1509
is_linear=0
shrinkage=0.05


Tree=93
num_leaves=31
num_cat=0
split_feature=7 7 8 7 8 7 7 7 7 7 7 10 8 7 17 7 7 17 16 7 16 16 4 16 16 16 4 7 7 10
split_gain=1.28586 3.98805 2.16937 3.04296 2.03566 1.48944 1.4206 1.93058 1.6466 1.31689 3.01009 1.08905 1.26406 1.08781 1.0322 1.00962 1.88587 0.975817 0.940611 0.937155 0.922902 1.3757 1.05294 1.51662 1.01012 1.29483 0.993056 0.921053 1.47948 0.933819
threshold=1.0397207708399181 2.1383330595080281 1.0000000180025095e-35 3.9219243190762363 1.4978661367769956 1.0000000180025095e-35 3.4175922930736511 2.524928003624769 3.4811217321331038 2.9174053685313028 3.1132683346437333 7.8101015432155938 4.1510089048756029 3.0201273556387074 0.6484252398823479 3.7012257604091228 3.7494348669884658 0.64954346602561752 0.79940033165848312 2.3502401828962087 0.84649134540172921 0.8470278619941235 2.5000000000000004 0.86308177560703947 0.85570644998864431 0.85472328363330063 2.5000000000000004 3.9219243190762363 3.9607678160667752 0.031737426730471384
decision_type=2 2 2 2 2 2 2 2 2 2 2 2 2 2 2 2 2 2 2 2 2 2 2 2 2 2 2 2 2 2
left_child=5 18 6 13 -5 -1 7 19 14 -9 -11 20 -13 -4 -8 -10 -17 -16 -2 -3 26 -22 24 -24 25 -23 -6 -18 29 -29
right_child=1 2 3 4 11 -7 8 9 15 10 -12 12 -14 -15 17 16 27 -19 -20 -21 21 22 23 -25 -26 -27 -28 28 -30 -31
leaf_value=-0.0089897755581769944 -0.021475908798021817 -0.00606134548763988 -0.017500040956209929 0.010992802267286517 -0.0060827530518559048 0.0078229631998661293 -0.037744054890377798 -0.010764795022050211 -0.0099294225037608996 0.021348005431405651 -0.013502950512412416 0.0094210395879953616 -0.00075128689704824232 -0.0067318295046284622 0.072214485380129201 0.052665885870685214 -0.011531137000009718 0.050513333734256531 -0.0074394179967559376 0.013972383093476549 -0.046709821928139619 -0.0005956404397034821 0.00058012274080587733 -0.019137921790469116 0.0056091014398365283 -0.051073221980639016 0.00087599048413078417 0.11351788672518337 0.0086131357296638459 0.044258312282425563
leaf_weight=6711.5463634692132 8821.354793779552 3547.932112980634 7667.0111910402775 16654.125693138689 35441.120659552515 36227.827958460897 185.75067269802094 14386.94253923744 3131.5295297093689 7193.9233569912612 6310.308768607676 19446.290761683136 41486.442229352891 44032.419969253242 85.651126682758331 1210.8958211392164 1729.4976158291101 2094.4200528487563 11535.31125304848 17239.066867332906 807.21260860562325 1520.066475585103 5670.3643415644765 9520.2195240706205 7229.7556160613894 712.39712453633547 69336.87264636904 78.782706931233406 7065.5122740603983 551.27524375542998
leaf_count=24993 32093 11270 25149 57353 128201 115025 229 47104 10581 23735 20827 62314 137670 144448 109 4108 5956 7688 34362 55759 1732 5656 18668 32433 24674 2056 250257 294 24736 1963
internal_value=-4.16165e-05 -7.37582e-05 -3.11503e-05 -9.57717e-05 -1.03784e-05 0.000216399 0.000227613 9.28485e-05 0.000634229 -0.000178989 0.000175629 -5.65659e-05 0.000117907 -0.000439041 0.00185277 0.000424835 0.000657168 0.00215762 -0.000752616 0.000457589 -0.000138194 -0.000408207 -0.000341701 -0.000599599 7.23273e-05 -0.000857345 -7.25837e-05 0.000418525 0.000652845 0.00297443
internal_weight=387632 344692 324336 259524 207825 42939.4 64811.5 48678.2 16133.3 27891.2 13504.2 191171 60932.7 51699.4 2365.82 13767.5 10636 2180.07 20356.7 20787 130238 25460 24652.8 15190.6 9462.22 2232.46 104778 9425.07 7695.57 630.058
internal_count=1311443 1171425 1104970 890611 721014 140018 214359 158695 55664 91666 44562 663661 199984 169597 8026 47638 37057 7797 66455 67029 463677 85219 83487 51101 32386 7712 378458 32949 26993 2257
is_linear=0
shrinkage=0.05


Tree=94
num_leaves=31
num_cat=0
split_feature=7 7 7 7 7 7 7 17 16 7 10 10 16 7 16 17 0 0 16 10 16 16 16 7 10 17 4 17 5 10
split_gain=1.12433 3.73458 1.62084 2.69249 2.54904 2.47441 1.3132 1.10959 1.32848 1.05295 0.960332 0.89577 0.85774 0.846168 0.779185 1.03929 0.791504 0.817247 1.01187 0.938408 0.770908 0.932608 0.763439 1.05664 1.087 0.837575 0.742171 0.840307 0.740462 0.78497
threshold=1.0397207708399181 2.1383330595080281 2.524928003624769 3.0201273556387074 3.1132683346437333 3.3497501700808394 1.0000000180025095e-35 0.78997110768990131 0.76640384685231278 3.1984648276080736 0.098905681065719467 0.0095776392541581917 0.79940033165848312 2.3502401828962087 0.80117091351823222 0.7490710616788091 125.50000000000001 128.50000000000003 0.77968850705887938 0.017422101145432873 0.7320314144775445 0.70517799062805808 0.79676044088868148 8.281597424153281 7.8101015432155938 0.64991817661828988 3.5000000000000004 0.70060497822106316 0.37940952255126054 8.3125550392534944
decision_type=2 2 2 2 2 2 2 2 2 2 2 2 2 2 2 2 2 2 2 2 2 2 2 2 2 2 2 2 2 2
left_child=6 12 13 11 26 9 -1 22 -9 10 -6 -4 -2 -3 16 -16 -15 18 19 -18 21 -19 23 24 -7 -26 27 -5 29 -24
right_child=1 2 3 4 5 7 -8 8 -10 -11 -12 -13 -14 14 15 -17 17 20 -20 -21 -22 -23 28 -25 25 -27 -28 -29 -30 -31
leaf_value=-0.0085402867802681481 -0.020402113358120744 -0.0060561961921892678 -0.026147119261127529 -0.0041128341448368076 -0.026612130127408287 -0.00071200905128105958 0.0074318150398728026 0.01291694487087809 0.00053863030378759058 -0.019761994047797594 0.00070451077000853739 -0.0096302932329055853 -0.0070674470969181342 0.018732042933216154 -0.0078626164786847145 0.016359828121418785 0.05953108867617201 0.0014559575341046571 0.14176954393378116 -0.0033031057739213669 0.02976656041897421 0.062633211027533484 -0.0026937564486840594 -0.012695727391024293 0.021594641360021916 0.0053815263214175959 0.031264478684639933 0.021713131990339155 -0.0091122640663692019 0.017095523702578098
leaf_weight=6711.5463634692132 8821.354793779552 3667.6483546607196 2105.284755345434 2609.5238792300224 1404.4692544005811 41560.39562240988 36227.827958460897 21612.732974201441 105793.35630648211 8207.9404298365116 6183.590796392411 21180.158143669367 11535.31125304848 8723.5786221288145 4047.0593953132629 4597.8014429733157 8.097202882170679 17.65277486294508 11.756725043058394 17.962172944098711 162.99372229352593 21.130981855094433 43631.540378570557 6274.0163193866611 3600.0176404118538 9916.8763666674495 3328.3188474699855 3287.8155477643013 20883.281111240387 1480.7877611815929
leaf_count=24993 32093 11707 7059 3454 4839 58025 115025 96296 600941 26663 20146 68978 34362 30322 5602 20292 18 43 30 66 590 46 62985 8783 4515 14374 10930 15855 30280 2131
internal_value=-4.09008e-05 -7.0956e-05 -2.97244e-05 -5.934e-05 -1.63447e-05 -4.42142e-05 0.000200365 -6.56142e-06 9.77642e-05 -0.000651466 -0.000226893 -0.000575929 -0.000727886 0.000392133 0.000536044 0.000197366 0.000862694 0.00369784 0.0104432 0.00494967 0.00243365 0.00876937 -0.000110935 1.60367e-05 8.60707e-05 0.000475564 0.000800949 0.000464044 -0.000228972 -0.000115022
internal_weight=387632 344692 324336 303060 279775 270549 42939.4 254753 127406 15796 7588.06 23285.4 20356.7 21275.7 17608 8644.86 8963.17 239.594 37.8161 26.0594 201.777 38.7838 127347 61351.3 55077.3 13516.9 9225.66 5897.34 65995.6 45112.3
internal_count=1311443 1171425 1104970 1036254 960217 929978 140018 878330 697237 51648 24985 76037 66455 68716 57009 25894 31115 793 114 84 679 89 181093 85697 76914 18889 30239 19309 95396 65116
is_linear=0
shrinkage=0.05


Tree=95
num_leaves=31
num_cat=0
split_feature=17 4 16 16 16 16 17 16 8 7 8 7 7 8 16 1 7 0 6 4 16 16 16 1 7 8 7 8 7 7
split_gain=1.01315 1.00051 2.60042 1.56393 2.42626 1.09498 0.93219 0.916831 0.970418 0.86139 1.38147 1.29578 1.26507 1.20686 0.801623 0.794686 0.775108 0.710512 0.694751 0.68004 1.44261 0.78153 0.860644 0.722889 0.666292 1.76572 1.49299 1.09538 0.81725 0.669063
threshold=0.72406633601923109 2.5000000000000004 0.86486683785997276 0.85570644998864431 0.85472328363330063 0.76640384685231278 0.81378084300304854 0.78950820384860276 6.2393002351051399 4.6101453514146771 2.6735537653587351 1.0397207708399181 2.1383330595080281 1.0000000180025095e-35 0.70095262182836504 5746.5000000000009 3.4811217321331038 37.500000000000007 -0.5 1.5000000000000002 0.85943965931063915 0.88926421891343954 0.92481023624323644 2255.5000000000005 2.3502401828962087 1.0000000180025095e-35 3.9219243190762363 1.7005986908310777 1.0397207708399181 3.7012257604091228
decision_type=2 2 2 2 2 2 2 2 2 2 2 2 2 2 2 2 2 2 2 2 2 2 2 2 2 2 2 2 2 2
left_child=7 3 6 4 5 -2 24 8 9 11 14 -1 -13 18 -11 -9 -17 -12 -14 20 -5 -21 -23 -22 28 29 -27 -28 -3 -26
right_child=1 2 -4 19 -6 -7 -8 15 -10 10 17 12 13 -15 -16 16 -18 -19 -20 21 23 22 -24 -25 25 26 27 -29 -30 -31
leaf_value=0.010309018215834921 0.0079316239003552006 0.0045574830972123339 -0.0089378385330882489 0.066975198929093691 -0.044953577719474863 -0.0049832717264143957 -0.010401504009578311 -0.0048293974425772214 -0.012828267311423103 -0.0099835328159655137 -0.014227105445501032 -0.025489212967614017 0.015130621756851249 -0.008937399017014248 0.022613454348560505 -0.0075634184121721407 0.017894315622737623 0.0042700011057620118 -0.0018492043606559427 -0.0027072563020537955 0.0087965123323864077 0.024796145603125954 -0.0088257063189726825 0.033972596287780557 0.015776906663053671 -0.0054354753062828111 0.019345635049088972 0.0050300800017566878 -0.008693113284111131 0.034438032609393557
leaf_weight=8804.5996926277876 11109.77985714376 11376.111603025347 15129.151392959058 105.61839061230421 1291.5842124670744 52889.219813194126 5499.6009477376938 96826.440841734409 5642.7769527062774 771.13328295946121 2449.985046684742 3734.5656142830849 5723.2482581138611 17195.042355127633 5758.0667214617133 1137.8481511473656 1967.7857704162598 19231.933927364647 7170.5070176124573 6520.1207460910082 3978.5191172510386 2177.0913836508989 894.47915095090866 407.27224292606115 14044.588482350111 14726.943654574454 6472.3760844767094 55312.248152699322 6129.0748193599284 3095.4083316959441
leaf_count=11770 46196 51922 69171 589 4378 287671 79441 132017 7560 1015 3270 4970 7617 22901 7685 1544 2668 25656 9518 30019 17157 10409 4214 1746 65001 67930 30818 263542 28206 14811
internal_value=-3.04553e-05 4.34356e-05 0.000127901 -9.6804e-05 -0.000199881 -0.000156581 0.000207887 -0.000118899 1.13938e-05 6.16605e-05 0.000275984 -8.01787e-05 -0.000220827 -0.000113097 0.000913587 -0.000218618 0.000568677 8.39794e-05 0.000252589 0.000381073 0.000888817 0.000143317 0.000800888 0.000749758 0.000239325 0.00029225 0.000189492 0.000297325 -4.38194e-05 0.000750953
internal_weight=387573 211159 131786 79373.7 65290.6 63999 116656 176414 76481.9 70839.1 28211.1 42628 33823.4 30088.8 6529.2 99932.1 3105.63 21681.9 12893.8 14083.1 4491.41 9591.69 3071.57 4385.79 111157 93651.6 76511.6 61784.6 17505.2 17140
internal_count=1311412 1073221 670842 402379 338245 333867 601671 238191 101962 94402 37626 56776 45006 40036 8700 136229 4212 28926 17135 64134 19492 44642 14623 18903 522230 442102 362290 294360 80128 79812
is_linear=0
shrinkage=0.05


Tree=96
num_leaves=31
num_cat=0
split_feature=17 4 17 9 7 9 8 5 9 8 18 9 17 10 0 9 4 0 8 7 8 8 7 7 7 7 7 7 7 7
split_gain=0.878846 0.900677 0.627387 0.615022 0.799656 0.917472 0.623354 0.795158 0.606546 0.811055 1.21312 0.730253 0.634074 0.586689 0.561357 0.656506 0.966371 0.863844 0.527346 0.556333 2.28054 1.34255 1.20431 1.02408 0.919685 0.71953 0.66105 0.883906 0.67696 0.904413
threshold=0.72406633601923109 2.5000000000000004 0.81382378445109105 3.860674306308975 9.4940897185655437 5.9148525341228533 5.8245230014317348 -0.78656609248549292 4.8559213341406453 4.6298509007569537 1.0458333333333336 4.8789996228937618 0.66536933010598343 8.1894716571980375 38.500000000000007 5.3008111373035574 3.5000000000000004 34.500000000000007 8.806355825888863 3.9219243190762363 1.4978661367769956 1.0000000180025095e-35 2.3502401828962087 1.0397207708399181 2.524928003624769 1.0000000180025095e-35 3.0201273556387074 3.1132683346437333 3.4175922930736511 3.4811217321331038
decision_type=2 2 2 2 2 2 2 2 2 2 2 2 2 2 2 2 2 2 2 2 2 2 2 2 2 2 2 2 2 2
left_child=3 -2 18 -1 8 6 7 -6 12 10 -10 -11 -5 -9 15 17 -17 -13 19 21 -21 22 23 25 -24 -3 -26 -28 -29 -30
right_child=1 2 -4 4 5 -7 -8 13 9 11 -12 14 -14 -15 -16 16 -18 -19 -20 20 -22 -23 24 -25 26 -27 27 28 29 -31
leaf_value=-0.002001530818959818 -0.0019515663469044098 -0.012727340275867562 -0.0098463555659779271 -0.041090026295907481 0.20389084064689908 -0.037797472090699329 0.0087277445569743824 -0.018252339356243576 -0.0059072264115177303 0.12672736407570148 0.1843239310267967 0.0087240322649519749 0.0016539389310120001 0.11709557045277369 -0.022435978215744258 -0.034141648667176019 0.069152292099171578 0.12631218716322465 -0.039261502296908592 0.023302264050945445 0.0029843736291060631 -0.0063773402996755825 0.02491515731237284 -0.0095821407228136712 -0.0039597431751280171 0.008647692241682936 0.037559999060540021 -0.009871188606906901 0.052407843863118413 0.0038356795990850848
leaf_weight=170762.00732775778 79373.68491428718 2258.2307283133268 5436.7538877204061 1888.6427307128906 17.941872775554657 498.06017434597015 1353.6445054411888 38.991993963718414 24.532871127128601 19.060340166091919 21.411236464977264 37.583998501300812 529.74693733453751 23.088699698448181 1076.9379155039787 75.96425124257803 24.116275370121002 22.202501833438873 211.04199110344052 8036.8964225947857 64291.211960572749 17236.97659246996 5330.6060394234955 6979.435432869941 5015.7733308598399 10383.578962992877 1829.4504294879735 1973.5374340675771 813.86950586736202 1988.1407505348325
leaf_count=230551 402379 11132 77716 2353 26 673 1841 51 39 25 25 52 904 33 1453 102 34 29 1108 38391 305746 79534 24418 32043 23134 46696 8578 9167 3778 9401
internal_value=-2.80561e-05 4.07633e-05 0.000120904 -0.00011043 -0.000623582 0.000201759 0.000844018 0.00513206 -0.00105214 -0.000181966 0.006343 -0.000420672 -0.00152056 0.00245261 -0.000570347 0.0021944 -0.000282094 0.00633996 0.000143534 0.000147713 0.000238284 2.59711e-05 0.000197429 -6.92577e-05 0.000506119 0.00019914 0.000256684 0.00058531 0.000227308 0.000726914
internal_weight=387573 211159 131786 176414 5651.93 1931.73 1433.67 80.0226 3720.2 1301.81 45.9441 1255.87 2418.39 62.0807 1236.8 159.867 100.081 59.7865 126349 126138 72328.1 53809.6 36572.6 19621.2 16951.4 12641.8 11620.8 6605 4775.55 2802.01
internal_count=1311412 1073221 670842 238191 7640 2624 1951 110 5016 1759 64 1695 3257 84 1670 217 136 81 593126 592018 344137 247881 168347 89871 78476 57828 54058 30924 22346 13179
is_linear=0
shrinkage=0.05


Tree=97
num_leaves=31
num_cat=0
split_feature=1 3 10 4 16 1 7 0 16 16 6 10 17 17 17 17 17 7 10 6 16 7 6 17 17 17 4 16 1 0
split_gain=0.960506 1.14064 0.849787 0.844484 1.4726 0.84184 0.733077 0.677619 0.607514 0.538498 0.548852 0.48115 0.699341 0.695622 0.466216 0.450936 0.539016 0.444927 0.589857 0.729385 0.438578 1.41416 0.438576 0.443521 0.401628 0.449749 1.1557 1.84697 0.607933 0.603553
threshold=893.50000000000011 1.0000000180025095e-35 8.1072308966856976 4.5000000000000009 0.86588849856005423 467.50000000000006 6.5701821913769409 52.500000000000007 0.75382425525355401 0.67530393782091591 -0.12940952255126037 8.4036835615819729 0.64954346602561752 0.65130300798649621 0.81320458135935558 0.72406633601923109 0.79127073924281743 7.1781639499794494 8.3125550392534944 0.60355339059327384 0.97182285662211954 1.0000000180025095e-35 -0.5 0.64555464890881631 0.66268314391858796 0.66383823997485858 1.5000000000000002 0.85472328363330063 1263.5000000000002 54.500000000000007
decision_type=2 2 2 2 2 2 2 2 2 2 2 2 2 2 2 2 2 2 2 2 2 2 2 2 2 2 2 2 2 2
left_child=1 9 3 7 22 20 -4 -2 -7 -1 -11 14 -13 -14 -10 17 -17 18 -12 -20 -3 -22 23 -5 -9 26 27 28 -26 -28
right_child=2 5 6 4 -6 8 -8 24 11 10 15 12 13 -15 -16 16 -18 -19 19 -21 21 -23 -24 -25 25 -27 29 -29 -30 -31
leaf_value=0.013926411322248589 -0.0031472378203840192 -0.011280962920605476 0.016318516976002506 -0.02073807463545423 -0.016385592833770991 0.0076125570828565088 0.0033390018610553354 -0.0025610880285159791 -0.0038707831132970051 0.0034688865339417064 -0.0085759884719967868 -0.039703244862510159 0.19380015054786132 0.036130922023502231 -0.02393376199738393 0.016632978378902631 -0.0027930609806987141 -0.02793087125408782 0.11379129095863566 -0.0026260909909243679 0.054537089142633957 0.05031808226571606 0.0032502337304116226 0.011334407990026208 0.09439524848139845 0.0017515054095606165 0.029269087409356145 0.12891603747556957 0.014813992989085546 0.0035792888808312976
leaf_weight=1808.7238087505102 75840.211908970028 24565.795067116618 4290.901007682085 177.99346429109573 2709.1412724256516 9229.478669591248 15384.565168242902 33713.789492949843 61546.693813532591 28410.957299120724 7650.1213775724173 64.177515387535095 18.634134113788605 292.53621408715844 2314.4126980490983 1786.0735197141767 8459.157167442143 688.10769438743591 21.246767342090607 26.274782299995422 5.367863990366458 103.23026207089424 20541.833797488362 16169.088638301939 25.373134851455688 70501.326963160187 66.351544499397278 21.117286801338196 61.725135564804077 1078.7145456075668
leaf_count=4901 262301 83095 11528 216 9289 23210 47020 41704 191704 94815 10294 80 24 738 33651 4454 47801 931 28 37 18 359 70395 55681 31 315676 79 25 73 1254
internal_value=-2.69665e-05 -0.000127666 3.45593e-05 6.51451e-06 0.000215701 -0.000225934 0.000349432 -3.91721e-05 -0.000141067 6.97517e-05 3.72002e-05 -0.000195567 0.00158936 0.0025695 -0.000206058 -0.000173702 4.88445e-05 -0.000445596 -0.000336704 0.00521663 -0.00047862 0.00269186 0.000298332 0.000491593 4.27955e-05 0.000109676 0.00104854 0.00598753 0.00277114 0.000581781
internal_weight=387573 146991 240582 220907 39598.1 98140.3 19675.5 181309 73465.9 48850.7 47041.9 64236.5 375.348 311.17 63861.1 18631 10245.2 8385.75 7697.64 47.5215 24674.4 108.598 36888.9 16347.1 105468 71754.6 1253.28 108.216 87.0983 1145.07
internal_count=1311412 496140 815272 756724 135581 332879 58548 621143 249407 163261 158360 226197 842 762 225355 63545 52255 11290 10359 65 83472 377 126292 55897 358842 317138 1462 129 104 1333
is_linear=0
shrinkage=0.05


Tree=98
num_leaves=31
num_cat=1
split_feature=9 10 8 7 10 8 16 4 4 16 16 16 2 17 17 5 17 16 16 4 17 10 1 4 16 16 16 16 16 8
split_gain=0.864475 1.04475 1.02294 1.19431 0.988193 0.909483 0.813145 3.17968 1.21812 0.861244 0.904336 1.94637 0.852057 0.832367 0.787842 0.837659 0.901608 0.777393 0.716468 0.715858 0.688653 0.680863 0.736421 0.643586 2.46103 0.825527 2.02813 0.774942 0.691045 0.63716
threshold=3.860674306308975 4.7959920073102493 0.89587973461402759 3.7012257604091228 0.47873179439478714 3.8393944990995772 0.86308177560703947 2.5000000000000004 2.5000000000000004 0.78844554839369796 0.85570644998864431 0.85472328363330063 0 0.74075138247375838 0.65737091758083455 0.60355339059327384 0.65232474344564295 0.86381481058656318 0.8624299788615909 1.5000000000000002 0.6544711875884256 8.1650461647328445 3668.5000000000005 1.5000000000000002 0.83744152111093351 0.80530725634941192 0.78892696523979611 0.89517497621427877 0.83327601148575159 8.1572270309360633
decision_type=2 2 2 2 2 2 2 2 2 2 2 2 1 2 2 2 2 2 2 2 2 2 2 2 2 2 2 2 2 2
left_child=1 2 3 23 -5 -4 8 -8 9 -3 11 -11 14 17 15 16 -12 -9 -14 -16 -19 22 -2 24 25 26 -1 -26 -25 -10
right_child=21 6 5 4 -6 -7 7 13 29 10 12 -13 18 -15 19 -17 -18 20 -20 -21 -22 -23 -24 28 27 -27 -28 -29 -30 -31
leaf_value=-0.017676787461242818 -0.018901288746938329 0.0024614755389282374 -0.0090965387918838011 0.028880970700212096 0.0041952620366875418 0.0078191315028474321 0.0068696035946748781 -0.057981171344478402 0.0033836812201394565 -0.0042849567160452079 0.060580014812990739 -0.047929362679686928 0.0097091988247626666 -0.007361700685325801 0.06447877963611362 -0.016349124816286642 0.073667996365682761 -0.0053886234217083162 -0.037181471988128934 0.0022577679672379559 -0.02374549997718254 0.0016841914410763881 0.012030603018651664 0.0016518589715883937 0.028919630881507442 -0.025638736607395865 0.034805448934188243 -0.00080038074387069893 -0.0050925803678568251 -0.030375057041990863
leaf_weight=3838.8945606648922 7753.9120230227709 33445.606078535318 30462.313122238964 1448.1790261603892 3689.6037637814879 3245.2006828077137 13142.068863406777 610.44687658548355 148378.63043083251 44541.945104934275 93.047570407390594 1131.5804215446115 1261.3863700181246 10271.995627231896 138.25570933520794 36.218617975711823 37.77831894159317 2443.5927177667618 268.19364369660616 509.71452301740646 3735.4886137843132 4082.9725854061544 830.82416629046202 44564.180865671486 1437.0768350064754 4716.5018478557467 729.69108003377914 1035.2855407074094 19084.579591460526 607.95683628320694
leaf_count=15657 28786 133016 107567 5357 13066 13300 42743 800 500881 130431 117 3292 3918 47266 466 45 47 3090 1172 1968 5646 12289 2923 151639 4413 13453 2288 3318 60317 2141
internal_value=-2.53013e-05 -1.15748e-05 -0.000137646 -4.08607e-05 0.000696752 -0.000368916 4.36857e-05 -0.000200253 7.56572e-05 -7.98027e-05 -0.000215483 -0.000264646 0.000742219 -0.000650505 0.00203583 0.00512255 0.00698552 -0.00108007 3.93688e-05 0.00127151 -0.000911904 -0.00043154 -0.000684339 -9.11178e-05 -0.000430984 -0.000804265 -0.000325235 0.00097089 -2.83363e-05 0.00016066
internal_weight=387573 374905 114252 80544 5137.78 33707.5 260654 30203.6 230450 81463.7 48018.1 45673.5 2344.59 17061.5 815.015 167.045 130.826 6789.53 1529.58 647.97 6179.08 12667.7 8584.74 75406.2 11757.4 9285.09 4568.59 2472.36 63648.8 148987
internal_count=1311412 1267414 390375 269508 18423 120867 877039 99545 777494 274472 141456 133723 7733 56802 2643 209 164 9536 5090 2434 8736 43998 31709 251085 39129 31398 17945 7731 211956 503022
cat_boundaries=0 1
cat_threshold=6
is_linear=0
shrinkage=0.05


Tree=99
num_leaves=31
num_cat=0
split_feature=9 0 7 7 8 7 7 7 7 7 8 7 7 8 8 16 7 9 16 16 7 16 0 7 16 18 0 5 5 7
split_gain=0.822543 0.804056 0.842885 2.93101 2.47097 1.50868 1.77229 1.38747 1.43662 1.12623 1.97518 1.35074 1.12054 2.03938 1.58135 1.32048 1.07481 0.883213 0.797381 0.867813 0.918274 0.731538 0.705776 0.679362 0.672804 0.86679 0.767465 0.778005 0.756397 0.726767
threshold=4.1190041246092024 37.500000000000007 3.4175922930736511 3.1984648276080736 1.2424533248940002 3.4811217321331038 3.7012257604091228 3.7494348669884658 3.9219243190762363 3.0201273556387074 1.0000000180025095e-35 3.1132683346437333 4.6867395546766826 2.4414009612931857 3.2384861814448418 0.97182285662211954 5.8245230014317348 1.0000000180025095e-35 0.79173584366809513 0.90748563302870633 4.7050052835523761 0.86985364382818464 82.500000000000014 3.9607678160667752 0.89111819891260613 1.0458333333333336 55.500000000000007 -0.9159756150367534 -0.70710678118654735 3.5408542930527882
decision_type=2 2 2 2 2 2 2 2 2 2 2 2 2 2 2 2 2 2 2 2 2 2 2 2 2 2 2 2 2 2
left_child=1 -1 3 9 5 -4 -7 -8 -9 10 -3 -11 14 16 24 -16 -14 18 -15 21 -21 -20 23 -10 29 -26 -27 -28 -29 -6
right_child=-2 2 4 -5 12 6 7 8 22 11 -12 -13 13 17 15 -17 -18 -19 19 20 -22 -23 -24 -25 25 26 27 28 -30 -31
leaf_value=-0.0038410559514717502 -0.0091168388045616226 -0.00029609402376877818 0.038184596879643706 -0.018900235886254137 0.0070416818287606826 -0.0089243464349361822 0.038385314971005127 -0.0083077554350254445 0.035500216596656302 0.017905522257592964 -0.016306350004782335 -0.0030043291279403307 0.007870503755885494 0.002115581073484574 0.0074839821016968074 0.10267063383194466 0.023500484343972918 0.0019940577143949148 -0.0060459452991285636 0.13998735090985723 0.016316899405505358 -0.023286559311221856 0.02783789152663383 0.0080462604900406031 0.0028159228800525684 0.0020834878801678338 0.15271814338912995 -0.058409679218602323 0.071386725179953078 -0.009150532783183651
leaf_weight=51681.775081541389 10080.668580412865 84374.345185477287 3183.7322871088982 9623.1645570397377 2997.4364501573145 6231.8834543712437 1788.0613005161285 3880.1776728071272 892.12530361115932 7955.1494453288615 6962.419209331274 6488.5514288544655 10712.028643332422 15359.189092829823 7854.5362149104476 17.318206161260605 4040.0741189308465 77827.458660773933 18628.521001145244 7.1904731690883628 886.08005777746439 3242.3017593249679 2770.5583913698792 12708.265012614429 1258.8097345158458 116.06169641017914 16.930349290370941 18.354652285575867 111.32158839702606 35858.632405608892
leaf_count=177169 35167 273990 10750 31491 9719 20841 5978 13033 2992 26038 22854 21419 37124 61024 26589 59 14321 271857 56927 27 3112 10650 9554 43923 4873 136 20 21 129 119625
internal_value=-2.46057e-05 -1.27026e-05 1.63607e-05 -9.22298e-05 7.59202e-05 0.000484614 0.00036841 0.000578923 0.00046104 -1.62277e-05 -8.11058e-05 0.000394038 4.08326e-06 8.01015e-05 -0.000201843 0.000446448 0.000633816 9.65384e-06 -0.000187515 -0.000375345 0.00115222 -0.000437736 0.000666064 0.000517889 -0.000328231 0.000703202 0.00331579 0.0057205 0.0044044 -0.000368618
internal_weight=387573 377492 325811 115404 210407 31454.8 28271.1 22039.2 20251.1 105780 91336.8 14443.7 178952 130703 48249.4 7871.85 14752.1 115951 38123.3 22764.1 893.271 21870.8 16370.9 13600.4 40377.5 1521.48 262.668 146.607 129.676 38856.1
internal_count=1311412 1276245 1099076 375792 723284 107071 96321 75480 69502 344301 296844 47457 616213 455042 161171 26648 51445 403597 131740 70716 3139 67577 56469 46915 134523 5179 306 170 150 129344
is_linear=0
shrinkage=0.05


Tree=100
num_leaves=31
num_cat=0
split_feature=10 10 6 8 10 10 16 8 16 10 16 8 0 10 8 6 17 16 18 0 1 17 17 16 10 16 1 18 1 8
split_gain=1.07702 1.03416 0.964715 1.06602 0.93649 0.836117 0.774982 0.812772 0.590232 0.779526 0.614087 0.571354 1.26236 0.652132 0.577186 0.842534 1.24311 0.562824 1.08628 0.708756 0.817999 0.582925 0.555893 0.738473 0.970244 0.658463 0.550619 1.64515 0.543943 0.539842
threshold=4.1279035690442862 0.1970491786496901 1.0000000180025095e-35 1.4978661367769956 5.283083967317161 0.012050400015810229 0.89111819891260613 5.5664324555418956 0.85472328363330063 7.9613966382746204 0.85570644998864431 3.8176519431297078 96.500000000000014 0.022380281092871965 4.1190041246092024 -0.60355339059327384 0.68059376891959245 0.8861666780130667 1.0625000000000002 107.50000000000001 412.50000000000006 0.65047227725875179 0.67112732600106184 0.82872382376875298 8.4036835615819729 0.82922542429719359 1372.5000000000002 1.0625000000000002 289.50000000000006 2.0126758453675748
decision_type=2 2 2 2 2 2 2 2 2 2 2 2 2 2 2 2 2 2 2 2 2 2 2 2 2 2 2 2 2 2
left_child=1 5 3 17 -5 -1 7 -3 22 10 -10 -7 14 -14 15 -13 -17 -2 -19 20 28 -22 23 -6 25 -25 -9 -28 -20 -12
right_child=2 6 -4 4 8 11 -8 26 9 -11 29 12 13 -15 -16 16 -18 18 19 -21 21 -23 -24 24 -26 -27 27 -29 -30 -31
leaf_value=-0.0028403146164783788 0.0050927807989301858 -0.008151104200091552 -0.0018594389024813474 -0.0089130530150630886 0.00091455316609256876 0.0043114352862777981 0.011525289484507907 0.010060685289787763 -0.045128324374408217 0.0078010191089420205 0.010943302292206514 -0.016144600902751473 0.2365875207642501 0.079570406866842136 -0.0095785669455705994 0.1825492325692121 0.08427056968365372 0.010445013200857379 0.074840028019763555 -0.063729589299153247 -0.055213892771436512 0.065810127046590769 0.0045482674085726704 -0.061355134924216938 0.057221882776039949 -0.0094884414087809572 0.059564656542063069 0.25884753890077444 0.16072059851467335 -0.0087031244322145606
leaf_weight=32528.982735980302 56083.034445784986 44186.317506127059 104921.22407585755 10155.059463549405 35148.356646120548 18174.983358945698 1636.2541994228959 132.80498528108001 670.7599573135376 3989.5917994081974 1513.6591834574938 11.660006873309614 5.7597509212791911 10.030045486986635 68.555089615285397 5.636377394199374 12.394143246114252 2533.2146549671888 18.724547803401947 20.283279597759247 34.111879587173462 174.74265599250793 58884.908409930766 255.97647470235825 69.869551181793213 5228.5790592432022 84.533795412629843 6.3315163850784293 21.104278743267059 10961.405068457127
leaf_count=111030 180147 151268 357452 36669 45404 61203 5822 566 2049 12769 4749 47 21 33 323 8 77 9262 20 22 40 186 286652 331 91 6827 409 7 23 36936
internal_value=-1.79524e-05 -0.000162346 3.01636e-05 9.86193e-05 1.70208e-05 -6.8317e-06 -0.000333976 -0.000373349 5.70882e-05 -0.000213968 -0.000399752 0.000263648 0.00379178 0.0169141 0.00168279 0.00750627 0.0142796 0.000274437 0.000965983 0.00398718 0.0047202 0.00346792 0.000103727 -3.83595e-05 -0.000574104 -0.000648692 0.0026331 0.00563226 0.0112869 -0.00032051
internal_weight=387549 96864.2 290685 185763 126878 50818 46046.2 44410 116723 17135.4 13145.8 18289 114.035 15.7898 98.2456 29.6905 18.0305 58885.2 2802.18 268.967 248.683 208.855 99587.7 40702.8 5554.43 5484.56 223.67 90.8653 39.8288 12475.1
internal_count=1310443 330814 979629 622177 432477 172742 158072 152250 395808 56503 43734 61712 509 54 455 132 85 189700 9553 291 269 226 339305 52653 7249 7158 982 416 43 41685
is_linear=0
shrinkage=0.05


Tree=101
num_leaves=31
num_cat=0
split_feature=4 16 16 16 10 8 4 1 0 16 10 16 6 16 1 16 18 7 16 16 16 1 10 6 4 3 16 0 16 16
split_gain=1.12219 4.45004 4.07884 2.04019 1.50422 0.894591 0.857369 0.791558 0.785724 0.774716 0.75764 0.83835 0.721747 0.721318 0.699098 0.673639 0.940461 0.634164 0.689675 0.765656 0.69763 0.695617 0.628906 0.948731 0.614435 0.602752 0.593799 0.591095 0.582214 0.627356
threshold=2.5000000000000004 0.86308177560703947 0.85570644998864431 0.85472328363330063 4.3184057039705497 4.8242976514536702 1.5000000000000002 1905.5000000000002 104.50000000000001 0.74201131889676508 0.098905681065719467 0.83375273960117646 -0.5 0.74696725396252228 1717.5000000000002 0.86381481058656318 1.0125000000000002 1.0000000180025095e-35 0.80417266174550694 0.82537325419067853 0.78892696523979611 741.50000000000011 0.00230835222093671 -0.5 4.5000000000000009 1.0000000180025095e-35 0.90748563302870633 124.50000000000001 0.85153679219563605 0.80053615053700111
decision_type=2 2 2 2 2 2 2 2 2 2 2 2 2 2 2 2 2 2 2 2 2 2 2 2 2 2 2 2 2 2
left_child=2 12 3 4 6 -4 8 15 17 14 11 -8 -2 -11 -6 16 -3 -1 20 21 -19 -20 23 -22 25 -17 -27 -14 29 -15
right_child=1 7 5 -5 9 -7 10 -9 -10 13 -12 -13 27 28 -16 24 -18 18 19 -21 22 -23 -24 -25 -26 26 -28 -29 -30 -31
leaf_value=-0.02728319523209596 0.0047982580096551436 -0.0061915196248977017 0.010973128353011275 -0.036867967724923643 0.011839953338894649 -0.0046906819182057193 0.0044162884009622877 -0.00092608687899955469 0.01707856852802676 -0.03312917767781709 -0.010954686440585415 -0.016888102778871806 0.00045028546444472186 0.00011774897251766171 -0.011817820499049649 0.0023323134261204362 -0.058715678012305386 -0.015307781478419047 -0.038006339984082274 -0.008168343537303736 -0.068586515113793919 -0.017622443953018908 0.017229762894203571 0.14094788813480599 -0.021209895095852541 -0.015111536725840913 0.0056086980184862252 0.017207201902661274 0.01735762324352319 -0.0059491850783487182
leaf_weight=824.97205029428005 97121.777093153447 465.17477553337812 19915.843330286443 1686.8373045027256 8250.0669740960002 3860.112223342061 8720.574278447777 5842.6560287848115 702.83571435138583 1680.6696662306786 11435.884280093014 2207.5002251416445 115645.26920876279 32453.002755738795 2462.5369588509202 2534.2058385014534 564.24905209243298 4151.2778512611985 1813.7498631179333 1852.4861793369055 9.6960230022668856 2407.6164122819901 790.15179838240147 13.285275317728518 3382.3377030864358 11917.04086574167 1137.1534729376435 2484.3281966261566 1206.1367983520031 40009.420745141804
leaf_count=2995 327037 1480 64548 4950 20782 12987 30523 19887 2266 3936 39014 6641 395529 138714 6022 8537 721 17652 4472 7197 30 6284 2400 42 11351 40420 4378 7896 4248 117504
internal_value=-1.77996e-05 4.85132e-05 -0.000126964 -0.000243128 -0.000219052 0.000472416 -0.00049578 -0.000571444 -0.000826248 -0.000106736 -0.000310094 -1.23864e-05 0.000122944 -0.000163301 0.000291122 -0.000721009 -0.0019667 -0.000922483 -0.000822543 -0.00117985 -0.000385383 -0.00155173 0.000953858 0.00910747 -0.000653413 -0.000520864 -0.000657853 3.99272e-05 -0.000139934 -0.000158069
internal_weight=387549 241094 146455 122679 120992 23776 34930 25842.8 12566.1 86061.8 22364 10928.1 215251 75349.2 10712.6 20000.2 1029.42 11863.2 11038.3 6073.85 4964.41 4221.37 813.133 22.9813 18970.7 15588.4 13054.2 118130 73668.6 72462.4
internal_count=1310443 817236 493207 415672 410722 77535 119516 86774 43338 291206 76178 37164 730462 264402 26804 66887 2201 41072 38077 17953 20124 10756 2472 72 64686 53335 44798 403425 260466 256218
is_linear=0
shrinkage=0.05


Tree=102
num_leaves=31
num_cat=0
split_feature=4 16 16 16 16 4 16 17 16 16 16 16 16 18 16 16 16 16 9 16 16 18 17 16 17 17 16 4 17 16
split_gain=1.06507 4.08297 3.71987 1.96104 1.32069 1.03632 1.88668 3.75865 1.49036 1.4436 1.44432 1.44945 1.06701 1.0319 0.991342 1.6337 1.81197 1.32641 1.56584 1.12284 2.98839 1.20311 1.07748 0.925588 0.919608 0.897069 1.19113 1.12427 0.893032 2.87314
threshold=2.5000000000000004 0.86308177560703947 0.85570644998864431 0.85472328363330063 0.70517799062805808 1.5000000000000002 0.84373940648526213 0.64991817661828988 0.85011430646827157 0.80530725634941192 0.79940033165848312 0.80117091351823222 0.84425539163094909 1.0791666666666668 0.82537325419067853 0.82340483352627902 0.82137319586356661 0.82872382376875298 4.5798392285869785 0.82922542429719359 0.83214013540678655 1.029166666666667 0.65185921791924917 0.80468843791176625 0.66237379509048522 0.67112732600106184 0.86381481058656318 3.5000000000000004 0.79066174290766544 0.80800552371908407
decision_type=2 2 2 2 2 2 2 2 2 2 2 2 2 2 2 2 2 2 2 2 2 2 2 2 2 2 2 2 2 2
left_child=2 -2 3 4 -1 6 9 -8 12 10 -6 13 -9 -12 15 16 28 18 -16 -19 21 -21 -23 -13 -17 26 -3 -28 -11 -30
right_child=1 25 -4 -5 5 -7 7 8 -10 14 11 23 -14 -15 17 24 -18 19 -20 20 -22 22 -24 -25 -26 -27 27 -29 29 -31
leaf_value=0.011247955671949939 0.0023570559990439225 -0.050719342154519564 0.0079654499476672358 -0.03502456933867746 -0.0071959296978565852 -0.0030930614642622257 0.088007780812996678 0.11971312953354581 -0.019706748091812124 -0.02570653511229928 0.043684582481973468 0.005968855640253512 0.035622186321118444 0.069812432906277921 0.021535610380416251 0.13366138584581977 0.041458298073224036 -0.040881907858390243 0.1978081814522179 0.050901962843600629 -0.012310480070157483 0.036370177424673016 0.094896081066677532 0.11951652642687836 -0.042950854682415524 -0.0062873581607572511 -0.0029298977439798594 -0.02546909732462177 0.083909001555109775 -0.011713407451600344
leaf_weight=5688.4224414378405 215251.3744985424 896.27949857711792 23775.955553628504 1686.8373045027256 16413.715796165168 78711.723028488457 84.446958422660828 18.164367482066154 549.0594233199954 6457.6578694880009 191.47802957892418 697.30307953804731 467.84956466406584 17.125597476959229 744.58000252395868 26.648493468761444 462.68394035845995 726.554363720119 10.059099175035952 279.02706799656153 3304.6553429663181 24.180320799350739 20.715782880783081 25.556936204433441 2366.6634426563978 17551.498981766403 3745.2895075082779 3649.7497488260269 130.6385584846139 3572.9543421417475
leaf_count=15042 730462 1157 77535 4950 66747 268726 105 93 1723 9410 535 1771 2098 18 2094 33 1313 1038 28 1086 14542 31 23 62 8657 75907 4928 4782 591 14956
internal_value=-1.8429e-05 4.61741e-05 -0.000124779 -0.000235714 -0.000212109 -0.000248801 -0.00046865 0.0015523 0.000724784 -0.000532432 -0.000206353 0.00170893 0.00274137 0.00538052 -0.000844447 -0.00107611 -0.000810252 -0.000254277 0.00168099 -0.000589611 -0.000230364 0.00435277 0.0119494 0.00064938 -0.00225627 -0.000547663 -0.000976269 -0.000767634 -0.000949591 -0.00033064
internal_weight=387549 241094 146455 122679 120992 115303 36591.7 1119.52 1035.07 35472.2 17345.2 931.464 486.014 208.604 18127 13017.2 10623.9 5109.77 754.639 4355.13 3628.58 323.923 44.8961 722.86 2393.31 25842.8 8291.32 7395.04 10161.3 3703.59
internal_count=1310443 817236 493207 415672 410722 395680 126954 4019 3914 122935 69133 2386 2191 553 53802 34960 26270 18842 2122 16720 15682 1140 54 1833 8690 86774 10867 9710 24957 15547
is_linear=0
shrinkage=0.05


Tree=103
num_leaves=31
num_cat=0
split_feature=4 16 16 16 16 4 16 16 16 16 16 16 16 18 18 16 18 16 16 16 9 16 16 16 16 3 16 16 18 16
split_gain=1.02196 3.74052 3.33626 1.83335 1.19322 0.960515 1.65362 1.55901 1.4086 4.24544 2.21005 1.30897 1.49847 1.248 1.34387 1.16995 1.0876 0.865724 1.42085 1.30019 1.57185 1.23987 1.87295 3.38315 1.7765 1.27227 1.05314 2.46019 1.35022 1.034
threshold=2.5000000000000004 0.86308177560703947 0.85570644998864431 0.85472328363330063 0.70517799062805808 1.5000000000000002 0.84373940648526213 0.84425539163094909 0.81327991938713906 0.81218281370748857 0.81354795087357534 0.81496621376278278 0.81536292963384094 1.0125000000000002 1.0791666666666668 0.81104456713643081 1.0625000000000002 0.82005847370157603 0.82537325419067853 0.82872382376875298 4.5798392285869785 0.81759950385457481 0.81862082546193804 0.81810455653768555 0.81728538680709095 1.0000000180025095e-35 0.82922542429719359 0.83214013540678655 1.029166666666667 0.82340483352627902
decision_type=2 2 2 2 2 2 2 2 2 2 2 2 2 2 2 2 2 2 2 2 2 2 2 2 2 2 2 2 2 2
left_child=2 -2 3 4 -1 6 8 -8 9 15 -10 -12 -13 -9 -15 -6 -11 21 29 20 -20 24 23 -23 -14 -25 -21 28 -28 -19
right_child=1 -3 -4 -5 5 -7 7 13 10 16 11 12 17 14 -16 -17 -18 18 19 26 -22 22 -24 25 -26 -27 27 -29 -30 -31
leaf_value=0.010685557888352459 0.0022392031990917439 -0.0093346686328320116 0.0075671774502838801 -0.033273340871743586 -0.0070699270937118813 -0.0029384083910491301 0.12825229342398078 0.0047030427925119252 -0.038736281193790835 0.094900838488993292 0.02605795800508184 -0.047496745603737879 0.012952363700981896 0.056494352526264668 -0.0032525772918018392 0.037473713278314537 0.1136540872378161 -0.0072244348286579999 0.020458829861395446 -0.038837812465470738 0.18791777237960702 0.012702570894302913 0.0061106575919366969 0.15351566528630653 -0.048893786214421468 0.16574691930832683 0.048356864701420602 -0.011694956066649609 0.049311328948958157 -0.039838054608600487
leaf_weight=5688.4224414378405 215251.3744985424 25842.817736677825 23775.955553628504 1686.8373045027256 21120.286277361214 78711.723028488457 19.029689058661461 867.3708460777998 2031.5542483776808 74.201100967824459 531.60955527424812 793.6661369279027 694.25766036659479 159.25165283679962 73.868125915527344 226.32426504045725 6.4608531594276419 1260.880335316062 744.58000252395868 726.554363720119 10.059099175035952 123.6736905425787 538.45429034531116 28.274942390620708 490.30416877567768 49.166624590754509 279.02706799656153 3304.6553429663181 44.89610368013382 2393.3119361251593
leaf_count=15042 730462 86774 77535 4950 76563 268726 94 3568 3124 267 1285 1686 2405 279 78 872 7 4699 2094 1038 28 790 1716 98 1737 154 1086 14542 54 8690
internal_value=-1.95938e-05 4.36884e-05 -0.000123769 -0.000228828 -0.000206005 -0.000240881 -0.000452537 0.00143948 -0.00051225 -0.000257158 -0.000901423 -0.000643499 -0.000755803 0.00119412 0.00444197 -0.000300421 0.0111921 -0.00060015 -0.000811001 -0.000272621 0.00164342 0.000360229 0.00196654 0.00608368 -0.000642655 0.0142789 -0.000604624 -0.000256706 0.00390171 -0.00156383
internal_weight=387549 241094 146455 122679 120992 115303 36591.7 1119.52 35472.2 21427.3 14044.9 12013.4 11481.8 1100.49 233.12 21346.6 80.662 10688.1 8763.96 5109.77 754.639 1924.13 739.57 201.115 1184.56 77.4416 4355.13 3628.58 323.923 3654.19
internal_count=1310443 817236 493207 415672 410722 395680 126954 4019 122935 77709 45226 42102 40817 3925 357 77435 274 39131 32231 18842 2122 6900 2758 1042 4142 252 16720 15682 1140 13389
is_linear=0
shrinkage=0.05


Tree=104
num_leaves=31
num_cat=2
split_feature=10 10 8 10 8 18 16 6 16 5 18 2 8 10 10 8 8 8 0 8 6 9 2 16 16 0 18 10 10 8
split_gain=0.911713 0.899031 0.858144 0.809537 0.746691 0.955294 0.71367 0.653015 0.81123 0.615084 0.956228 0.590401 0.534569 0.543359 0.523713 0.564151 0.506513 0.461601 0.865133 0.577186 0.842534 0.793096 0.447157 0.448607 0.495143 0.439404 0.950307 0.599171 0.425044 0.44052
threshold=4.1279035690442862 0.1970491786496901 1.0000000180025095e-35 0.012050400015810229 6.5005383555981231 1.0625000000000002 0.89111819891260613 -0.60355339059327384 0.74201131889676508 -0.25881904510252113 1.0708333333333335 0 6.1810507801846031 6.5947700359075858 8.1533614626534874 8.2423614529731406 4.1510089048756029 3.8176519431297078 96.500000000000014 4.1190041246092024 -0.60355339059327384 1.0000000180025095e-35 1 0.87093098878569231 0.87260122516658101 27.500000000000004 1.0458333333333336 3.9222416602221082 5.283083967317161 4.3882378946731615
decision_type=2 2 2 2 2 2 2 2 2 2 2 1 2 2 2 2 2 2 2 2 2 2 1 2 2 2 2 2 2 2
left_child=1 3 -2 -1 6 -6 9 28 12 11 -11 -3 13 -9 15 22 -16 -5 19 20 -19 -22 23 -10 -25 26 27 -8 -4 -30
right_child=2 4 7 17 5 -7 25 8 14 10 -12 -13 -14 -15 16 -17 -18 18 -20 -21 21 -23 -24 24 -26 -27 -28 -29 29 -31
leaf_value=-0.0027731976255985558 0.0039749166878567449 -0.016270540993716321 -0.0046121715060903233 0.0041172253256782868 0.044443337755263414 0.24536306468174846 0.03751521956554054 -0.0052664753881241921 -0.00082653418916207595 -0.0091171969386178563 -0.026020676343219331 -0.00018779764918970266 -0.011777261004839491 0.016050898422255912 0.015688523550970879 -0.037562703715304083 -3.2220663025483989e-05 -0.016143805429651169 0.13211525182175099 -0.0095693644586815965 0.030648609922424953 0.17316944370762252 -0.0062668703406400629 -0.038654452364106584 -0.0060565393106037707 0.0084971566988259369 0.16159261921216114 0.15518468265178548 0.004390900665246944 -0.0006278978714230111
leaf_weight=32528.982735980302 60447.78425566107 3870.4188089184463 8426.4444964565337 18174.983358945698 71.760890532284975 6.3536534309387198 60.798950299620628 3842.0881312787533 61735.611750923097 22777.505249273032 1965.1610984802246 15720.523074153811 2366.7733270376921 10421.780764423311 2908.5280354321003 624.68472044914961 9522.2983876690269 11.660006873309614 15.789796408265827 68.555089615285397 11.381562136113645 6.6489585041999808 41493.212130133063 527.79290399700403 5935.0869082286954 1556.4029167816043 10.923248648643492 6.3941121101379386 52400.978404220194 30031.541215788573
leaf_count=111030 194134 13469 29791 61203 331 7 248 9786 223390 81815 2219 54416 6033 26014 8326 2534 29890 47 54 323 60 25 150338 1508 20369 5531 13 23 174045 103471
internal_value=-2.07955e-05 -0.000153647 2.34742e-05 -8.64797e-06 -0.000313671 0.00457067 -0.000321971 -2.0545e-05 -8.85328e-05 -0.0003598 -0.00052552 -0.000150501 0.000239182 0.000354654 -0.000132934 -0.000167603 0.000174733 0.000257498 0.00342871 0.00168279 0.00750627 0.0142796 -0.00015907 -8.02833e-05 -0.000476637 0.000704063 0.00436336 0.00213982 8.37485e-05 0.000118325
internal_weight=387549 96864.2 290685 50818 46046.2 78.1145 45968.1 230237 139378 44333.6 24742.7 19590.9 16630.6 14263.9 122747 110316 12430.8 18289 114.035 98.2456 29.6905 18.0305 109692 68198.5 6462.88 1634.52 78.1163 67.1931 90859 82432.5
internal_count=1310443 330814 979629 172742 158072 338 157734 785495 478188 151919 84034 67885 41833 35800 436355 398139 38216 61712 509 455 132 85 395605 245267 21877 5815 284 271 307307 277516
cat_boundaries=0 1 2
cat_threshold=4 11
is_linear=0
shrinkage=0.05


Tree=105
num_leaves=31
num_cat=2
split_feature=1 3 17 11 16 4 16 17 0 16 16 3 0 16 16 4 2 18 0 2 3 1 16 17 8 1 1 17 16 1
split_gain=1.01815 1.024 0.984313 0.927672 0.828383 0.780248 0.953584 0.750136 0.738504 0.763337 1.13063 0.70542 0.776811 0.664586 0.660187 0.9331 0.593815 0.584583 0.587314 0.869302 0.953637 0.830044 0.805658 0.56041 0.588987 0.512508 0.510953 0.613032 0.486543 0.70804
threshold=459.50000000000006 1.0000000180025095e-35 0.70060497822106316 1.0000000180025095e-35 0.8847782686317428 4.5000000000000009 0.86588849856005423 0.65090371963234628 37.500000000000007 0.78094576790687464 0.80630893588707153 1.0000000180025095e-35 42.500000000000007 0.83523104476989685 0.80217785889642024 2.5000000000000004 0 1.0208333333333335 128.50000000000003 1 1.0000000180025095e-35 1962.5000000000002 0.78158162722824287 0.79332952935533274 4.5900436644025815 1670.5000000000002 4606.5000000000009 0.8117955087897063 0.80742409001324889 1655.5000000000002
decision_type=2 2 2 2 2 2 2 2 2 2 2 2 2 2 2 2 1 2 2 1 2 2 2 2 2 2 2 2 2 2
left_child=1 4 3 7 -1 11 -7 8 -2 16 14 13 -13 25 -11 -16 -10 -5 -19 20 -20 22 -22 24 -6 -4 27 -14 29 -12
right_child=2 -3 5 17 23 6 -8 -9 9 10 28 12 26 -15 15 -17 -18 18 19 -21 21 -23 -24 -25 -26 -27 -28 -29 -30 -31
leaf_value=-0.002330491853302519 -0.0087813505408428586 -0.010635606442758905 0.011410970755789542 -0.0022309838261995729 0.030792695269077131 0.0080907921848921479 -0.010365648379997828 -0.0042365473005526516 -0.0028042910668859113 -0.006319210060785352 0.0013088050436579569 -0.0039329563624966426 0.0016012860090082626 -0.002870149672332678 -0.047110488673314646 -0.0054531610404601862 0.010956923967494614 0.0094460065330918674 -0.064848100187989519 0.0014884811492732908 0.11950007243843529 0.17039738369523674 0.06449153152346343 0.0001054181413681743 -0.052435392201634561 0.035724236121680478 0.0090274142343948604 -0.0083756423483046568 0.0028380356867834799 0.084169945394381523
leaf_weight=26103.520103964955 5731.8234481811523 23567.215390194207 10322.916891243309 5093.2655428051949 1062.8215447813272 27797.104097798467 2492.4816595986485 85435.082965858281 3253.3340772390366 6021.564478456974 159.1418879032135 32529.243023864925 96263.505630109459 4278.5844372957945 836.62315785884857 811.4528471827507 11864.916520796716 9677.1604697108269 23.736026525497437 153.39362156391144 22.443890392780304 19.317220509052277 61.988934397697449 918.80037497729063 111.51427219808102 618.62676734849811 8160.5652226917446 8198.0264273658395 15856.61991584301 109.71375966072083
leaf_count=86441 7237 79662 52406 8104 2053 139879 11245 115959 4104 7601 203 163678 403430 18479 1058 1026 14981 11560 28 184 27 23 75 4779 210 3146 40259 112903 20027 139
internal_value=-1.82276e-05 -0.000224638 1.35913e-05 -8.45272e-05 -2.13257e-05 8.82794e-05 0.00032102 -0.000127527 3.85712e-05 0.000116618 -5.98985e-05 4.43213e-05 1.03643e-05 0.000368162 -0.000559651 -0.00144636 0.000394444 0.000287098 0.00050995 0.00276384 0.00560459 0.00811264 0.00597348 0.000935731 0.0016594 0.00057477 7.25288e-05 4.27621e-05 0.000177795 0.00228701
internal_weight=387557 51763.9 335793 145132 28196.7 190661 30289.6 130080 44645.2 38913.4 23795.1 160371 145151 15220.1 7669.64 1648.08 15118.3 15051.3 9958.04 280.88 127.486 103.75 84.4328 2093.14 1174.34 10941.5 112622 104462 16125.5 268.856
internal_count=1310906 173145 1137761 192336 93483 945425 151124 172335 56376 49139 30054 794301 720270 74031 9685 2084 19085 20001 11897 337 153 125 102 7042 2263 55552 556592 516333 20369 342
cat_boundaries=0 1 2
cat_threshold=8 13
is_linear=0
shrinkage=0.05


Tree=106
num_leaves=31
num_cat=0
split_feature=1 17 3 7 7 16 0 16 6 16 3 16 17 16 16 7 17 6 10 1 6 1 9 16 7 16 1 6 16 16
split_gain=0.911135 0.869387 0.757068 0.754384 0.930961 1.26549 0.668234 0.655827 0.825749 0.700241 0.64194 0.639696 0.615953 0.614962 0.819112 0.75609 0.603997 0.594985 0.539535 0.536176 0.52532 0.694215 0.542869 0.520724 0.484412 0.689106 0.75169 0.639712 0.483054 0.478029
threshold=704.50000000000011 0.70060497822106316 1.0000000180025095e-35 1.0397207708399181 2.1383330595080281 0.81588595208918047 44.500000000000007 0.84649134540172921 0.78656609248549303 0.8861666780130667 1.0000000180025095e-35 0.84575235855813069 0.65090371963234628 0.75692737795582421 0.76147646873488994 8.124742976541798 0.81296175576548546 -0.78656609248549325 5.8817821543845819 10898.500000000002 0.1294095225512602 1097.5000000000002 4.4716224665663962 0.86765078569965659 7.8007773629641965 0.72594608427542362 1010.5000000000001 0.1294095225512602 0.82416620690332965 0.8470278619941235
decision_type=2 2 2 2 2 2 2 2 2 2 2 2 2 2 2 2 2 2 2 2 2 2 2 2 2 2 2 2 2 2
left_child=2 3 -1 18 5 -5 -3 11 9 29 23 16 13 15 -15 24 -4 -12 -2 -19 -17 22 -22 -8 -6 26 -26 -28 -7 -9
right_child=1 6 7 4 12 28 10 8 -10 -11 17 -13 -14 14 -16 20 -18 19 -20 -21 21 -23 -24 -25 25 -27 27 -29 -30 -31
leaf_value=0.00048249579082519927 0.0026318781500661581 -0.0013482305734597855 -0.0032364026654380764 -0.022979135298596055 0.013338727382403005 0.021369253804499989 0.016443644484432519 -0.045001222240722477 0.003556353476185603 -0.0006825772382869522 0.0068807538559862991 0.040975918164293239 -0.0033890103042168995 -0.031834063187456123 0.00072321965185668808 0.00095343008791082262 -0.027785851552065879 0.0010183513934005183 0.022654772970620574 0.019609802730669836 -0.013080940032688027 -0.063778842054758353 0.098126740582763008 -0.0089882545996770712 -0.050540431683614356 0.010234076108891755 0.074854140287632917 0.038140917231220373 -0.0008486543025234772 -0.015157549953580964
leaf_weight=42546.450880464166 9650.5561895370483 39106.426941458136 46357.235907878727 3962.0347399711609 6964.1378225684166 409.81747686862946 6589.1937956251204 421.93521505594254 1981.1723462194204 3383.0820613726974 31058.945872500539 219.22390109300613 67752.487047560513 1012.0609533190727 26258.57221891731 558.11381131410599 2032.7443844340742 80064.604540362954 2336.4930641651154 1331.2019363902509 67.81418651342392 233.03163570165634 21.884921550750732 1160.7089310362935 22.844234228134155 111.34947443008423 49.587472081184387 23.280226171016693 1954.3781992197037 9915.1342203095555
leaf_count=141821 12825 196429 137232 5197 8793 551 32706 760 6385 11859 151166 731 91894 1277 33167 705 29992 398554 3093 6558 86 294 27 5025 29 140 62 29 2627 30892
internal_value=-1.75713e-05 2.97302e-05 -0.000141826 -7.10767e-05 -0.000112336 -0.000701083 0.000106541 -0.000250076 -0.000531017 -0.000668803 0.000164949 -0.000159329 -7.62017e-05 9.30771e-05 -2.02863e-05 0.000477016 -0.000171537 0.000134616 0.000305482 6.35722e-05 -0.000905436 -0.00251117 0.00122658 0.000605096 0.000646823 0.00303005 0.00614123 0.00862223 0.000214388 -0.000873152
internal_weight=387557 280700 106857 121388 109401 6326.23 159311 64310.5 15701.3 13720.2 120205 48609.2 103075 35322.7 27270.6 8052.04 48390 112455 11987 81395.8 880.845 322.731 89.6991 7749.9 7171.2 207.061 95.7119 72.8677 2364.2 10337.1
internal_count=1310906 951234 359672 160796 144878 8375 790438 217851 49896 43511 594009 167955 136503 44609 34444 10165 167224 556278 15918 405112 1112 407 113 37731 9053 260 120 91 3178 31652
is_linear=0
shrinkage=0.05


Tree=107
num_leaves=31
num_cat=0
split_feature=17 7 7 16 6 10 10 4 0 10 6 16 17 16 16 16 16 16 4 10 10 0 0 0 16 10 10 17 4 9
split_gain=0.800395 0.883296 1.44861 0.959629 0.759195 0.723642 0.920884 0.716267 0.709273 0.708843 1.74186 0.706246 0.647758 0.636174 1.06565 0.620422 0.751789 0.807481 0.91445 0.848153 0.697548 0.78247 0.907898 0.782437 0.729944 0.701278 0.618143 0.585195 0.759415 0.683983
threshold=0.70060497822106316 1.0397207708399181 2.1383330595080281 0.81588595208918047 -0.37940952255126015 3.0315511218917295 3.7773518332709832 2.5000000000000004 37.500000000000007 0.00230835222093671 -0.5 0.86486683785997276 0.65090371963234628 0.88926421891343954 0.81055355588102429 0.78094576790687464 0.80570143096500557 0.80217785889642024 2.5000000000000004 0.012050400015810229 8.0757038079184476 68.500000000000014 98.500000000000014 114.50000000000001 0.78492673449477679 8.1295222705248644 8.2691911923319328 0.64954346602561752 2.5000000000000004 2.6735537653587351
decision_type=2 2 2 2 2 2 2 2 2 2 2 2 2 2 2 2 2 2 2 2 2 2 2 2 2 2 2 2 2 2
left_child=1 -1 3 5 7 -3 -7 13 9 10 -4 -9 15 14 -2 -10 17 20 -19 -20 -17 24 25 -24 -22 -23 -16 29 -29 -26
right_child=4 2 8 -5 -6 6 -8 11 12 -11 -12 -13 -14 -15 26 16 -18 18 19 -21 21 22 23 -25 27 -27 -28 28 -30 -31
leaf_value=0.0045666458338990967 0.0041692147084671175 -0.028341692693776222 0.19388399248294513 -0.00081666570110419114 -0.00093334042152994903 0.03228025852382934 -0.017670497722534196 0.0065297837263186944 0.0065931691195954215 -0.0075100804809783428 -0.0072768059628270931 -0.0037650392418273615 -0.0030615713390712562 0.011525725333386984 -0.0082114070404466829 -0.0074723603154947197 0.002680736200674794 -0.043846690545973004 0.11689346781460981 -0.010848619119436177 -0.056013133074819699 0.0772514835693075 0.077509119361688542 -0.080699344632421524 0.062515163717608235 -0.061318435808160078 0.031030076484651573 0.10762905147999452 0.023163468642353281 -0.0056767835976050396
leaf_weight=18956.797637306154 18625.945394329727 2257.2458828687668 19.497641801834106 3515.3133913874626 110804.59963346273 309.01376706361771 3039.1187815666199 60921.607947945595 16475.208437405527 18468.909054875374 35.817804574966431 7699.3838201388717 79269.718377500772 3043.5304758548737 18538.905346900225 5626.8247531652451 17168.492801129818 876.60344576835632 21.84723299741745 699.66993623971939 92.5250124335289 34.018717885017395 31.963129162788391 18.746761202812195 200.78849238157272 183.87230849266052 452.08369473367929 28.436099231243134 42.157944440841675 97.860884070396423
leaf_count=25161 105518 2968 26 4726 556120 408 3973 301610 20791 24486 48 33860 107563 13495 76700 7102 21679 1109 28 883 116 43 40 24 250 234 1731 37 55 122
internal_value=-1.6349e-05 -9.87214e-05 -0.000139747 -0.000750223 4.63308e-05 -0.00115637 -0.00068991 0.00013984 -9.98025e-05 -0.000387903 0.00526371 0.000238376 -5.56485e-05 -2.64536e-05 -8.27096e-05 0.000104135 -5.22321e-05 -0.000454035 -0.00145873 -0.000140404 -0.000201466 0.00125227 -0.000893541 0.00513217 0.00250044 -0.00229591 -0.000346265 0.00349556 0.00758968 0.0025278
internal_weight=387557 167470 148514 9120.69 220086 5605.38 3348.13 109281 139393 18524.2 55.3154 68621 120869 40660.5 37616.9 41599 25123.8 7955.31 1598.12 721.517 6357.19 730.369 268.601 50.7099 461.768 217.891 18991 369.243 70.594 298.649
internal_count=1310906 221872 196711 12075 1089034 7349 4381 532914 184636 24560 74 335470 160076 197444 183949 52513 31722 10043 2020 911 8023 921 341 64 580 277 78431 464 92 372
is_linear=0
shrinkage=0.05


Tree=108
num_leaves=31
num_cat=0
split_feature=1 16 17 3 1 3 7 10 7 7 16 7 7 8 5 16 0 6 17 6 16 17 16 8 6 16 5 10 10 17
split_gain=0.870428 0.906051 0.734466 0.673839 0.611486 0.631412 0.584211 0.713204 0.578725 0.796601 0.880706 0.639271 0.855175 0.960488 0.68354 0.578391 0.571439 0.852789 0.570766 0.567861 0.722453 0.56013 0.586675 0.572831 0.551923 0.547714 0.907555 0.814549 1.54376 0.975285
threshold=597.50000000000011 0.68333810207629286 0.70060497822106316 1.0000000180025095e-35 13074.000000000002 1.0000000180025095e-35 8.0890222339997777 8.3382844508594918 1.0397207708399181 2.1383330595080281 0.81588595208918047 2.524928003624769 3.0201273556387074 3.7012257604091228 -0.37940952255126059 0.83915056236976993 102.50000000000001 0.60355339059327384 0.64607191580427192 -0.5 0.89517497621427877 0.66383823997485858 0.79173584366809513 1.2424533248940002 0.98296291314453421 0.8861666780130667 -0.60355339059327362 3.1220594398583335 5.3502393369678822 0.71520748940142131
decision_type=2 2 2 2 2 2 2 2 2 2 2 2 2 2 2 2 2 2 2 2 2 2 2 2 2 2 2 2 2 2
left_child=1 -1 8 25 5 15 7 -5 -2 10 -10 16 13 21 -15 -4 -11 18 -18 20 -7 22 -13 -24 -12 -3 -27 -28 29 -29
right_child=2 3 4 6 -6 19 -8 -9 9 11 24 12 -14 14 -16 -17 17 -19 -20 -21 -22 -23 23 -25 -26 26 27 28 -30 -31
leaf_value=0.013786179589308657 0.0049863989944642475 -0.0019089780843328354 0.012987420790423698 -0.0059518735011098393 0.01878088673883074 0.0028295045877374304 -0.022151813001428922 0.060373530934126875 -0.019703295219507824 0.0064623039587047076 -0.00063222785930581961 -0.020437626224380324 -0.0010999155219674429 0.083881401438636122 0.061105514542603157 -0.0038753135992536159 -0.10991267995176622 -0.044152597212265943 0.050596690192220975 -0.00063430687076886376 0.018812707428627597 -0.022006593879157779 0.0031812777122490312 -0.01840439890993122 0.031159866612588006 -0.0087917596973211328 -0.0028116460814821224 0.086616985588325701 0.018985357482602841 0.04996843367166566
leaf_weight=2510.8058814629912 13266.570087730885 32997.241664420813 9699.5936625935137 41103.03853610158 1582.3616208173335 68559.096892893314 3312.9407954998314 153.68576175346971 4303.949698805809 6390.0880905985832 2530.5322977900505 2637.6589912772179 96601.849706679583 19.60673063993454 20.908985495567322 3246.7173027545214 21.216957032680511 110.13041520118713 400.5976876616478 87763.865994017571 2170.2061288058758 1811.6618048548698 3137.5190848708153 463.43584579229355 76.412536323070526 821.65009272098541 501.81839782744646 112.9897169470787 1060.5983251556754 167.75491379201412
leaf_count=6782 17628 110630 49112 139260 7789 337467 11774 388 5645 8431 3408 3239 128013 25 27 14104 26 145 528 439937 10007 2963 3888 574 99 2845 1678 158 3608 728
internal_value=-1.82607e-05 -0.000162082 2.07799e-05 -0.000191351 8.85179e-05 7.94875e-05 -0.000320967 -0.00026967 -6.81492e-05 -0.000103203 -0.000624131 -7.09485e-05 -0.000101717 -0.000595501 0.00708367 0.000415227 0.000394416 0.00196897 0.00299191 5.2063e-05 0.000157488 -0.000634149 -0.000409397 5.58131e-06 0.000101116 -2.93598e-05 0.000660164 0.00127624 0.00191915 0.00521608
internal_weight=387557 82742.5 304814 80231.7 173022 171439 44569.7 41256.7 131792 118526 6910.89 111615 104693 8090.79 40.5157 12946.3 6922.03 531.945 421.815 158493 70729.3 8050.28 6238.61 3600.95 2606.94 35662.1 2664.81 1843.16 1341.34 280.745
internal_count=1310906 277851 1033055 271069 858416 850627 151422 139648 174639 157011 9152 147859 138729 10716 52 63216 9130 699 554 787411 347474 10664 7701 4462 3507 119647 9017 6172 4494 886
is_linear=0
shrinkage=0.05


Tree=109
num_leaves=31
num_cat=0
split_feature=8 7 7 7 7 7 7 7 8 7 7 7 16 16 16 4 16 1 8 4 8 3 1 10 4 16 16 7 10 18
split_gain=0.852555 2.57603 1.77126 1.1896 2.9863 1.48209 1.90444 2.96661 1.18079 1.90266 1.10923 1.06946 1.3357 0.967119 0.901211 0.897788 0.856628 0.837472 0.905083 0.799427 0.766784 0.764431 0.88129 0.744801 0.712224 1.2175 1.21394 0.763059 0.704716 0.658655
threshold=0.89587973461402759 3.4175922930736511 4.1026092131977068 3.1132683346437333 3.0201273556387074 2.524928003624769 2.3502401828962087 1.0397207708399181 2.4414009612931857 5.8096417414785728 3.4811217321331038 1.0000000180025095e-35 0.97182285662211954 0.79397100198119108 0.84300269948124729 1.5000000000000002 0.78950820384860276 597.50000000000011 3.0201273556387074 2.5000000000000004 1.4978661367769956 1.0000000180025095e-35 846.50000000000011 6.8535334408403505 1.5000000000000002 0.81327991938713906 0.81354795087357534 10.297790450505167 8.1295222705248644 1.0125000000000002
decision_type=2 2 2 2 2 2 2 2 2 2 2 2 2 2 2 2 2 2 2 2 2 2 2 2 2 2 2 2 2 2
left_child=1 3 17 4 5 6 7 11 9 20 -3 12 15 -7 24 -1 -6 -2 -19 -12 -4 -14 -23 -16 25 -10 -27 28 -26 -18
right_child=2 10 8 -5 16 13 -8 -9 14 -11 19 -13 21 -15 23 -17 29 18 -20 -21 -22 22 -24 -25 27 26 -28 -29 -30 -31
leaf_value=-0.023841511413603401 -0.015728531016632696 0.032874011523400283 0.01051011172156493 -0.010628413998235154 0.031660233641746596 -0.020190409177010118 0.012440794846264303 -0.0086898814299215758 1.8836221321150148e-05 0.023581543801065721 0.00078673039443688531 0.0059647478906432738 0.0048377818494193207 -0.00293363038753951 -0.01147597646709313 -0.0036820913489827192 0.02567589499475198 -0.0064973844774891994 0.0074497111789819217 0.013522072764143189 -0.0009497372191875187 0.051107662840878469 0.043452478781669246 -0.0024393778290355606 1.9092522896735354e-05 -0.055114874230384615 -0.014759326340083923 -0.017107342284630667 0.0067127387661121141 -0.0046035279122747857
leaf_weight=921.64282516017556 10133.920715220273 3225.2692694924772 7840.6749340929091 9866.9924253039062 2986.805932238698 7372.0296088978648 17407.759993534535 23724.460106115788 8956.0388247556984 5212.7261833176017 8909.8752077929676 35669.960469130427 19.538116432726383 11234.665881797671 10960.060523599386 5781.0960251279175 2660.4776078611612 34463.812549326569 4407.1044813841581 14790.886131498963 23459.718232788146 12.70712484419346 8.134118899703024 20972.148087278008 92320.204875282943 452.5164036154747 4438.7619245573878 2105.8162735402584 16028.63872641325 1212.0610290169716
leaf_count=3339 33482 10849 26762 32372 11070 27101 56217 77093 32230 18529 30301 113237 61 33423 37302 21554 9944 113075 15057 51278 80135 42 26 68817 334712 807 15779 7464 47107 1741
internal_value=-1.79643e-05 7.75269e-05 -7.55566e-05 -2.24949e-05 2.50907e-05 -4.27233e-05 4.71554e-05 -7.53173e-05 -7.31463e-06 0.000248677 0.000519123 0.000175135 -0.000402327 -0.000446285 -6.71419e-05 -0.000456946 0.001035 -0.000343968 -0.000238429 0.000400738 0.000101384 0.0086642 0.0153252 -0.000304072 -6.27643e-06 -0.000344301 -0.00097871 3.61005e-05 5.44218e-05 0.000544286
internal_weight=387557 145804 241752 118878 109011 102152 83545.3 66137.5 192747 36513.1 26926 42413.1 6743.12 18606.7 156234 6702.74 6859.34 49004.8 38870.9 23700.8 31300.4 40.3794 20.8412 31932.2 124302 13847.3 4891.28 110455 108349 3872.54
internal_count=1310906 479648 831258 387220 354848 332093 271569 215352 669644 125426 92428 138259 25022 60524 544218 24893 22755 161614 128132 81579 106897 129 68 106119 438099 48816 16586 389283 381819 11685
is_linear=0
shrinkage=0.05


Tree=110
num_leaves=31
num_cat=0
split_feature=1 3 0 3 16 1 1 6 10 6 10 8 7 7 9 16 6 16 16 16 17 16 16 18 8 1 10 0 6 17
split_gain=0.938991 0.713727 0.755545 0.691043 0.679378 1.47087 0.836159 0.667113 0.639455 0.593067 0.558398 0.899207 0.741815 0.714681 0.71459 0.555135 0.548319 0.540842 0.537819 0.533753 1.0325 0.555906 0.723927 0.556263 0.533517 0.5332 0.543435 0.68838 0.566061 0.905259
threshold=525.50000000000011 1.0000000180025095e-35 94.500000000000014 1.0000000180025095e-35 0.8224798576058957 2753.5000000000005 1274.5000000000002 0.60355339059327384 5.4474008907506901 -0.12940952255126037 5.4159101400068357 1.2424533248940002 1.0397207708399181 3.9219243190762363 4.4601277074540464 0.85153679219563605 0.37940952255126048 0.80417266174550694 0.84797720773251295 0.81588595208918047 0.70807993030371785 0.82291002297139948 0.82365261305926685 1.0791666666666668 8.2423614529731406 831.50000000000011 0.0046209965454318781 36.500000000000007 -0.60355339059327384 0.71520748940142131
decision_type=2 2 2 2 2 2 2 2 2 2 2 2 2 2 2 2 2 2 2 2 2 2 2 2 2 2 2 2 2 2
left_child=3 4 10 9 5 -2 8 -7 -6 15 11 13 14 -3 -12 18 -4 -5 -1 20 -19 -21 23 -23 -14 -13 27 28 -27 -30
right_child=1 2 16 17 6 7 -8 -9 -10 -11 12 25 24 -15 -16 -17 -18 19 -20 21 -22 22 -24 -25 -26 26 -28 -29 29 -31
leaf_value=0.0014581675117590898 0.0077268030874545262 -0.001374778605897209 0.008462226561461117 -0.0031249990871700553 -0.0091780486301919154 0.035297680734750751 -0.022963572517639676 0.078232369681716263 0.0082853537262389757 -0.0068675544657577975 0.014576486039050797 -0.013560631827040481 8.8973160707217502e-05 0.012312495910569977 -0.087509667177102166 0.01408024419436469 -0.0016692211250164846 -0.029568011564247987 -0.027844481882575156 0.012039082752465636 -0.0026279083959441342 -0.034752128242270967 -0.0088997142261673656 0.067049947848973585 -0.020235033695661288 0.04877610452439414 -0.0052483003685541933 0.005993380155928563 0.22309979192992246 0.11170045112295307
leaf_weight=16486.751448474824 18279.935827769339 58336.137131344527 17768.719903253019 14272.857997562736 2419.1075663417578 233.8395375199616 1829.9668328464031 55.568847578018904 4186.5156459361315 12926.533270481974 5767.2048313878477 5616.2076233774424 169729.57101656497 4114.3665092177689 81.418184634298086 3214.0077952370048 6630.7364657558501 1809.3910599350929 265.71387487649918 1779.4263401776552 1572.8455839529634 416.8539909273386 13567.346547491848 17.37479829788208 1535.2663708217442 16.601642455905676 24490.12486563623 147.36882053688169 4.0139588713645962 12.075412821024655
leaf_count=54462 63155 196104 58392 54883 7813 747 5595 183 13446 43430 17972 20693 571724 14693 258 10327 22139 2400 854 5438 6109 1022 43459 18 5295 55 89423 586 6 60
internal_value=-2.44728e-05 1.08899e-05 -1.16875e-05 -0.000195746 0.000256897 0.000425927 -0.00011519 0.00396256 0.000146822 -3.30319e-05 -3.57794e-05 -0.000135178 1.62658e-05 -2.6753e-05 0.000569997 0.000137797 0.000254761 -0.000355818 2.23178e-05 -0.000529366 -0.00109936 -0.000407203 -0.000512995 -0.00252263 -2.6439e-06 -0.00035875 -0.000258652 0.00247816 0.00904209 0.0157254
internal_weight=387584 321255 294250 66329.1 27004.9 18569.3 8435.59 289.408 6605.62 32893 269850 92736.9 177113 62450.5 5848.62 19966.5 24399.5 33436.1 16752.5 19163.2 3382.24 15781 14001.6 434.229 171265 30286.4 24670.2 180.06 32.691 16.0894
internal_count=1310741 1088339 997400 222402 90939 64085 26854 930 21259 109073 916869 321620 595249 210797 18230 65643 80531 113329 55316 58446 8509 49937 44499 1040 577019 110823 90130 707 121 66
is_linear=0
shrinkage=0.05


Tree=111
num_leaves=31
num_cat=0
split_feature=1 3 3 16 1 1 10 17 10 10 1 16 16 4 17 6 16 10 16 7 16 10 9 10 8 4 16 7 7 17
split_gain=0.850552 0.616293 0.605662 0.60925 1.22574 0.817963 0.657064 1.06287 1.58249 0.616174 0.542422 0.978952 0.563906 0.892159 0.997968 0.522307 0.518772 0.808336 0.873889 0.531429 0.875709 0.91024 0.497883 0.615725 0.821043 0.67094 1.97653 0.745057 0.869597 0.881783
threshold=525.50000000000011 1.0000000180025095e-35 1.0000000180025095e-35 0.8224798576058957 2753.5000000000005 1274.5000000000002 3.7091449638409379 0.66268314391858796 6.7576196076432629 5.4474008907506901 5746.5000000000009 0.88214353201501761 0.88321570753224454 3.5000000000000004 0.79138416647738496 -0.12940952255126037 0.67530393782091591 8.2031868854386101 0.6500768209777964 2.524928003624769 0.66451488603447284 0.0040779931159931546 3.8176519431297078 5.4159101400068357 2.0126758453675748 1.5000000000000002 0.82537325419067853 4.1026092131977068 4.166635176627655 0.65721354409355948
decision_type=2 2 2 2 2 2 2 2 2 2 2 2 2 2 2 2 2 2 2 2 2 2 2 2 2 2 2 2 2 2
left_child=1 15 3 4 -2 9 -6 8 -8 -5 22 -12 13 14 -13 -1 17 19 -19 20 -17 -22 23 24 25 26 -4 -27 29 -29
right_child=2 -3 10 5 6 -7 7 -9 -10 -11 11 12 -14 -15 -16 16 -18 18 -20 -21 21 -23 -24 -25 -26 27 -28 28 -30 -31
leaf_value=0.0031650308841808974 0.0073404629330818157 -0.0073375083896461309 -0.016642880934677053 -0.0087191461986823263 -0.0014312536841283308 -0.021815393891757708 0.1044739988497153 0.04169187582171046 0.033675973320250477 0.0078710860399270107 0.004008471125464208 0.19830440621122314 0.024547724744459987 -0.006008568874855947 0.040717979184687315 0.010753998026430935 -0.0081893754708985082 0.082161883439629033 -0.052007588574837851 -0.013473489432526398 -0.12239804255939478 0.073132795412676324 -0.0064798944678947203 0.00081321960034754783 -0.0074113253091270485 -0.00045186245118129521 0.012235053076015447 0.11331128615908692 0.0078516059320784988 0.025279666052173688
leaf_weight=19966.473118588328 18279.935827769339 33436.096318345517 7258.8204768374562 2419.1075663417578 68.570601005107164 1829.9668328464031 28.35517293214798 145.08109293505549 47.401518225669861 4186.5156459361315 15015.204489182681 6.244742155075075 395.11020521819592 6.9669563770294181 5.8536491543054581 113.76314833015203 12464.109141591936 17.350509956479076 13.295180782675741 290.18587733060122 7.1565750390291241 20.672837451100349 10550.741743180901 172639.84490405023 20538.775414131582 59723.864539027214 2606.4286930263042 143.76271742582321 4822.7004276290536 535.49377928301692
leaf_count=65643 63155 113329 24041 7813 213 5595 34 624 59 13446 50461 9 1403 21 36 339 42146 39 29 806 19 52 36718 578338 76603 200607 9045 181 17747 2190
internal_value=-2.39288e-05 -0.000186937 9.72735e-06 0.000236347 0.000396415 -0.000116013 0.00362493 0.00495248 0.00975278 0.000143132 -1.10708e-05 0.000277511 0.00267551 0.0110743 0.0192821 -3.32749e-05 -0.000280898 0.00136358 0.00921036 0.000806649 0.00331784 0.011268 -2.70403e-05 -1.379e-05 -0.000115567 -3.89461e-05 -0.000423249 1.91788e-05 0.000575942 0.00225088
internal_weight=387584 66329.1 321255 27004.9 18569.3 8435.59 289.408 220.838 75.7567 6605.62 294250 15429.4 414.176 19.0653 12.0984 32893 12926.5 462.424 30.6457 431.778 141.593 27.8294 278820 268270 95629.8 75091.1 9865.25 65225.8 5501.96 679.256
internal_count=1310741 222402 1088339 90939 64085 26854 930 717 93 21259 997400 51930 1469 66 45 109073 43430 1284 68 1216 410 71 945470 908752 330414 253811 33086 220725 20118 2371
is_linear=0
shrinkage=0.05


Tree=112
num_leaves=31
num_cat=0
split_feature=1 0 4 9 8 8 7 7 7 7 7 10 18 8 0 8 10 7 10 18 0 8 1 1 8 9 5 8 9 8
split_gain=0.787558 0.612569 0.564744 0.52332 0.638823 0.516277 0.939259 1.03626 0.776363 0.710112 1.05668 0.613283 0.576793 0.629988 0.564614 0.545281 0.558515 0.498745 0.493995 0.491545 1.20748 0.478947 0.519235 0.74374 0.884325 0.684935 0.801012 0.612697 0.577495 0.677908
threshold=548.50000000000011 62.500000000000007 3.5000000000000004 1.2424533248940002 5.4659459730803723 1.0000000180025095e-35 3.7012257604091228 3.7494348669884658 3.0201273556387074 4.8789996228937618 3.8815106545092593 0.0071637638140005979 1.0708333333333335 8.4272681008362351 69.500000000000014 7.6584635422148262 8.0554591761172674 8.4806329307251342 5.7774105117271706 1.0625000000000002 118.50000000000001 2.1383330595080281 1231.5000000000002 1586.5000000000002 6.9980528126162644 1.2424533248940002 0.25881904510252091 5.7667560492893086 2.3502401828962087 4.1971736807086968
decision_type=2 2 2 2 2 2 2 2 2 2 2 2 2 2 2 2 2 2 2 2 2 2 2 2 2 2 2 2 2 2
left_child=17 2 -2 -4 -5 6 -3 11 -7 10 -9 -8 15 18 -12 16 -10 -1 -14 -18 21 -21 27 25 -25 -24 -27 28 29 -23
right_child=1 5 3 4 -6 8 7 9 12 -11 14 -13 13 -15 -16 -17 19 -19 -20 20 -22 22 23 24 -26 26 -28 -29 -30 -31
leaf_value=-0.0030943598317159874 -0.0020440219970123906 0.0037299419527400349 7.194647347144035e-05 0.015513759087072776 -0.00027795395207035333 -0.015291777654714834 0.062854058005525903 -0.028290156427163284 0.0012693064919065745 -0.01492411934741429 0.0042664002370592429 0.058888566551285187 -0.017876575300291277 0.061706099380556004 0.039448326347356399 -0.013841252809146987 0.0084196324224444126 -0.017699835936063901 -0.0033442522551291099 -0.026409368332133809 0.041481514155661307 -0.0016620950430502825 0.074402571815181062 0.0055879580696556637 0.095400543162662388 0.0097071792187951381 0.13194373652700486 -0.056676328036428726 -0.04876130315263643 0.094629354529846221
leaf_weight=68491.697169300169 125871.95957165584 34917.942468196154 53426.939582690597 6163.6803871504962 5621.4552278406918 2554.4499646797776 22.966519948095083 430.82094418630004 64080.222507763654 575.44143980741501 494.86832717433572 367.40066526457667 1608.8052565008402 51.120151326060295 1430.4572933986783 2020.2029771097004 9942.1947600282729 3031.261877655983 5918.5696763843298 49.614977955818176 18.522185087203979 56.019301295280457 19.249466419219971 189.66903954744339 25.855708539485931 35.070932984352112 19.766019821166992 71.072700440883636 24.049151360988617 52.503450572490692
leaf_count=229265 428227 113802 181263 21944 19986 8310 79 1469 235423 2060 1750 1220 1762 56 4920 7518 33784 10820 6453 56 21 63 22 212 29 39 22 80 27 59
internal_value=-2.50796e-05 8.82558e-06 -4.74688e-05 7.19531e-05 0.000373533 9.48971e-05 0.00024795 0.00105135 2.74206e-05 0.000729099 0.00111367 0.00347139 5.34784e-05 -0.000362627 0.00161456 9.4644e-05 0.000116599 -0.000174907 -0.000400195 0.000454554 0.00189398 0.00146566 0.00193667 0.003297 0.00181143 0.00761868 0.0047703 2.0912e-06 0.00201018 0.00356366
internal_weight=387584 316061 191084 65212.1 11785.1 124977 38239.9 3321.96 86737 2931.59 2356.15 390.367 84182.5 7578.5 1925.33 76604 74583.8 71523 7527.37 10503.6 561.393 542.871 493.256 289.611 215.525 74.0864 54.837 203.645 132.572 108.523
internal_count=1310741 1070656 651420 223193 41930 419236 125300 11498 293936 10199 8139 1299 285626 8271 6670 277355 269837 240085 8215 34414 630 609 553 324 241 83 61 229 149 122
is_linear=0
shrinkage=0.05


Tree=113
num_leaves=31
num_cat=0
split_feature=1 0 5 10 7 7 16 1 9 9 8 7 8 18 0 16 1 8 0 16 16 5 1 10 16 18 1 7 5 8
split_gain=0.696649 0.601913 0.664665 0.524792 0.604227 0.513053 0.651656 0.68716 0.556636 0.880376 0.836087 1.80023 0.79389 0.768541 0.757068 1.07519 0.803235 0.669216 0.664219 0.663181 1.07445 0.644189 0.633107 0.593107 0.560122 0.55943 1.23057 1.02831 0.848762 0.769518
threshold=525.50000000000011 41.500000000000007 1.0000000180025095e-35 8.4036835615819729 9.8578885326594694 9.1834315540998528 0.6500768209777964 726.50000000000011 0.89587973461402759 2.8617925509761908 1.2424533248940002 3.9219243190762363 6.729226341787089 1.0708333333333335 93.500000000000014 0.75382425525355401 2229.5000000000005 8.1572270309360633 121.50000000000001 0.8624299788615909 0.92481023624323644 0.12940952255126045 17777.000000000004 8.0244791375174263 0.70870188235304732 1.0458333333333336 3831.5000000000005 6.2980292833949401 -0.25881904510252113 5.3683070215747577
decision_type=2 2 2 2 2 2 2 2 2 2 2 2 2 2 2 2 2 2 2 2 2 2 2 2 2 2 2 2 2 2
left_child=-1 2 -2 5 -5 8 7 -7 10 17 11 -3 -11 14 15 16 -12 18 -10 -15 -21 -22 23 -17 -16 -20 27 28 -27 -28
right_child=1 3 -4 4 -6 6 -8 -9 9 12 13 -13 -14 19 24 22 -18 -19 25 20 21 -23 -24 -25 -26 26 29 -29 -30 -31
leaf_value=-0.0036401827509795039 0.00022957602930893107 0.00064607676115446822 -0.0055703821120558052 0.026603658598615621 -0.0019065935831142689 0.08531729547720901 -0.01006621655071771 0.025358088448844018 0.006238344030391918 -0.0056011000408253469 0.016856973662735444 0.013889953488652651 0.011415615174815531 -0.0076765215734049047 -0.034303008582969106 -0.0044146620474512233 -0.0077208525396157413 -0.037803035739836038 0.020183859186470435 -0.041199112869613114 0.060589719327408531 -0.0098988071412633005 0.034627853455411105 0.0065373589388792565 0.0095566934417102185 0.10757537665188122 0.030409304195855216 -0.014775038120610429 0.0044442007421614084 0.10198595911381939
leaf_weight=66329.102707415819 33792.336781393737 88034.89619108662 27950.83711977303 1147.8049741834402 628.95144875720143 15.221685610711573 6984.1367234289646 97.159958437085152 36299.2222273238 10364.497640799731 7829.7955580949783 12471.155523784459 3276.9000282026827 8033.1937241405249 417.06855030357838 64212.42127834633 3275.0000359266996 259.31726495921612 570.85291131585836 791.56025683879852 32.430425822734833 25.378189742565155 268.83155455067754 5389.3103813044727 8904.2539230510592 20.837049722671509 20.24441135674715 100.44911992549896 23.489754378795624 17.192302107810974
leaf_count=222402 116633 288114 95409 2450 1424 39 25696 304 127755 36042 21252 42827 11444 8777 1132 244662 8865 992 2321 831 34 27 1008 18115 31971 24 27 116 28 20
internal_value=-2.36579e-05 6.80155e-06 -0.000133511 4.01848e-05 0.000896547 3.42812e-05 -0.000384961 0.0033922 4.61516e-05 0.000193661 8.51207e-06 0.000110146 -0.000150064 -9.44811e-05 -5.08268e-05 -9.99475e-05 0.000357066 0.00031933 0.000337045 -0.000538253 -0.00186691 0.00471363 -0.000172582 -0.000181936 0.000375889 0.00180682 0.00421894 0.00212948 0.00847291 0.0122993
internal_weight=387584 321255 61743.2 259512 1776.76 257735 7096.52 112.382 250638 50953 199685 100506 13641.4 99179.2 90296.7 80975.4 11104.8 37311.6 37052.3 8882.56 849.369 57.8086 69870.6 69601.7 9321.32 753.066 182.213 144.776 44.3268 37.4367
internal_count=1310741 1088339 212042 876297 3874 872423 26039 343 846384 178769 667615 330941 47486 336674 327005 293902 30117 131283 130291 9669 892 61 263785 262777 33103 2536 215 168 52 47
is_linear=0
shrinkage=0.05


Tree=114
num_leaves=31
num_cat=0
split_feature=1 0 8 10 8 7 5 8 10 10 7 1 3 10 10 0 3 1 6 9 9 18 8 8 5 10 8 5 7 9
split_gain=0.631636 0.555827 0.507157 0.472438 0.599056 1.27764 1.20436 2.16377 2.97903 2.03832 0.716302 0.770924 0.574244 0.59454 0.56055 0.552351 0.669318 0.61706 0.68624 0.525189 1.18665 0.427052 0.418293 0.406597 0.39466 0.37878 0.640792 0.71266 0.493561 0.886818
threshold=646.50000000000011 61.500000000000007 7.1094707993797224 6.6151282590507678 2.8029010331479989 5.8096417414785728 0.12940952255126045 2.6735537653587351 5.4474008907506901 3.9905963018512036 6.0026509725338455 562.50000000000011 1.0000000180025095e-35 5.6056556283943264 5.5423782493351199 116.50000000000001 1.0000000180025095e-35 618.50000000000011 -0.5 1.8688348091416842 2.0126758453675748 0.99583333333333346 4.3107766033702406 8.0173072902757028 0.78656609248549325 4.0592278643616817 6.5475022567614491 -0.78656609248549292 6.3306113777081938 1.2424533248940002
decision_type=2 2 2 2 2 2 2 2 2 2 2 2 2 2 2 2 2 2 2 2 2 2 2 2 2 2 2 2 2 2
left_child=2 24 3 4 5 19 -7 10 9 -9 11 12 13 21 -13 -6 -17 18 22 -1 -21 -8 -18 -3 25 26 -2 -28 29 -27
right_child=1 23 -4 -5 15 6 7 8 -10 -11 -12 14 -14 -15 -16 16 17 -19 -20 20 -22 -23 -24 -25 -26 28 27 -29 -30 -31
leaf_value=-0.0035938141421180351 -0.0025254642860491842 0.002107428505829745 -0.019026620873018943 0.0003472665687052734 -0.013221818913723628 0.0052403305004475658 0.11152383694323094 0.16277692337911734 0.044146385877201592 0.25895037224002843 -0.00084145370113191125 0.12023245401835797 -0.024893216352335292 0.019749586568115651 0.21458394159777494 -0.065381232788753962 0.14131994991050317 0.1422603632835053 -0.0042604639461776067 0.18803008435343616 -0.062126071898199992 0.080486947584539253 0.24580417157926085 -0.014557490232048709 -0.0046613381747468985 0.0010087179101512689 0.16589066267827221 0.068763300942770569 -0.0024856201180917473 0.014086811877091689
leaf_weight=45924.873124577105 33954.464257530868 121085.18259710446 2093.27431249246 37311.260105859488 7735.2965809553862 261.50212280079722 6.9639763273298758 7.2158783674240139 23.073304943740368 19.198591355234385 102.85342246294022 5.6872296407818785 32.727123580873013 9.9412903264164907 9.5328276976942998 49.069352369755507 18.206561237573627 9.7286300063133222 37.010790098458529 10.849559664726259 10.368235222995279 6.2421846091747284 6.5141795836389056 1279.9657471179962 29378.194672029465 71456.554467909038 6.4083022437989738 19.529666788876057 31861.097727965564 4851.0628792159259
leaf_count=151617 117756 406161 7604 125271 28737 980 36 26 59 55 416 24 113 37 27 184 62 27 118 28 49 13 26 4419 98760 238769 34 91 112566 16676
internal_value=-2.29587e-05 1.30806e-05 -0.000136007 -0.000118421 -0.000212561 -0.000144241 0.00240876 0.00510443 0.0143293 0.0257948 0.00247998 0.0063392 0.00362177 0.00964894 0.0163152 -0.000616359 0.00274236 0.0058299 0.00398542 -0.000171186 0.00769342 0.0166014 0.0104358 9.44917e-05 -4.49969e-05 -1.05178e-05 -0.00015614 0.00769974 3.52284e-05 0.000104242
internal_weight=387584 293892 93691.4 91598.1 54286.9 46431 484.938 223.436 49.4878 26.4145 173.948 71.0946 55.8746 23.1475 15.2201 7855.83 120.53 71.4602 61.7315 45946.1 21.2178 13.2062 24.7207 122365 171527 142149 33980.4 25.938 108169 76307.6
internal_count=1310741 995232 315509 307905 182634 153480 1786 806 140 81 666 250 199 86 51 29154 417 233 206 151694 77 49 88 410580 584652 485892 117881 125 368011 255445
is_linear=0
shrinkage=0.05


Tree=115
num_leaves=31
num_cat=0
split_feature=4 16 16 18 7 10 3 5 1 0 1 6 10 4 7 10 10 16 1 16 18 9 7 10 7 7 18 5 7 16
split_gain=0.858155 2.84871 1.37971 0.890691 0.862443 0.789411 0.827434 0.863885 0.720277 0.713816 0.700882 0.697821 0.742341 0.654248 0.652083 0.725194 0.642938 0.60657 0.602794 0.559447 0.69711 0.634544 0.601373 0.555346 0.544507 1.10054 0.740899 0.993722 0.560127 0.919218
threshold=3.5000000000000004 0.86486683785997276 0.8861666780130667 1.0625000000000002 6.1191973084961502 8.2031868854386101 1.0000000180025095e-35 0.37940952255126054 289.50000000000006 71.500000000000014 451.50000000000006 -0.9159756150367534 8.3125550392534944 1.5000000000000002 7.8007773629641965 3.4678488800978111 8.0353250454199436 0.58123026540307288 4752.5000000000009 0.72123156168238733 1.0458333333333336 6.7440584926381328 3.4811217321331038 8.0757038079184476 1.0397207708399181 2.1383330595080281 1.0708333333333335 0.91597561503675362 6.7895344892530387 0.75487371117856195
decision_type=2 2 2 2 2 2 2 2 2 2 2 2 2 2 2 2 2 2 2 2 2 2 2 2 2 2 2 2 2 2
left_child=2 10 5 -4 23 6 8 14 -1 18 -2 16 -13 -14 15 -8 -6 -16 19 -9 21 -21 -22 -5 -12 -26 -27 -28 -29 -30
right_child=1 -3 3 4 11 -7 7 9 -10 -11 24 12 13 -15 17 -17 -18 -19 -20 20 22 -23 -24 -25 25 26 27 28 29 -31
leaf_value=-0.0053389293950304234 -0.0048880375102788864 -0.011351378346476305 0.0047818783475616746 0.03750263275743107 0.041706903579209059 0.0060191265199890159 -0.004589163034465305 0.0072913467151441763 0.0050892549785987564 0.00015281996537781507 0.012755659907331296 -0.037024186206751387 0.065432116395608017 -0.011965368090311991 0.062456458480197166 0.00069956821598822223 -0.014613458982855376 -0.011397131100380009 0.007658347415193046 -0.0076896763613075294 -0.0080334745173191949 0.079484577675845103 -0.021704498021948116 -0.016023577819148382 -0.0091306880770560591 0.0055542449040485225 -0.0087319296453642007 0.029754521394866652 0.09298384497520723 0.036239389874014587
leaf_weight=9210.5598155632615 11035.122762743384 11336.148389361799 13548.80577198416 982.02948302030563 32.670735061168671 11758.617292176932 29772.251903373748 2320.998014330864 26161.648849852383 14841.590193621814 10693.474427975714 295.77062422037125 25.07081925868988 25.353388905525208 42.210566259920597 89325.989933505654 32.510363221168518 9034.1024865545332 2437.344404835254 33852.568450428545 3909.1269923523068 54.534785900264978 6242.9604219943285 36.37681633234024 5150.4367157667875 86596.477127052844 8052.7488567978144 701.41163450479507 42.823787033557892 82.730357147753239
leaf_count=30356 36747 39009 49912 1060 35 33532 101966 6055 88247 49333 35023 317 27 27 170 302223 35 34277 8141 139092 4687 230 7524 39 16694 316514 8748 821 45 109
internal_value=2.9379e-06 0.00010547 -5.10412e-05 0.000414467 0.00160137 -8.02198e-05 -0.000100894 -0.000141866 0.000121314 -0.000292425 0.000175722 -0.000330787 -0.00122435 0.00438316 -6.709e-05 -3.59569e-05 0.00441515 -0.000475615 -0.000384743 -0.00042502 -0.000464877 -0.00035605 -0.000828348 0.00238184 0.0002134 0.000177351 0.000215757 -0.000219206 0.00143135 0.00450703
internal_weight=387634 133691 253943 14978.6 1429.78 238965 227206 191834 35372.2 63659.1 122355 411.376 346.195 50.4242 128175 119098 65.1811 9076.31 48817.5 46380.2 44059.2 33907.1 10152.1 1018.41 111320 100627 95476.2 8879.71 826.966 125.554
internal_count=1310995 453710 857285 51452 1540 805833 772301 653698 118603 215062 414701 441 371 54 438636 404189 70 34447 165729 157588 151533 139322 12211 1099 377954 342931 326237 9723 975 154
is_linear=0
shrinkage=0.05


Tree=116
num_leaves=31
num_cat=0
split_feature=4 16 16 17 10 3 1 7 16 1 17 8 10 16 4 10 8 1 16 6 4 6 1 8 16 17 6 1 17 17
split_gain=0.795481 2.58482 1.21672 0.766213 0.701266 0.752977 0.739088 0.892942 0.670197 0.644628 0.631 0.61557 0.688337 0.675829 1.08555 1.19415 0.715807 0.768302 0.674178 0.83842 0.896751 0.639866 1.25302 0.648906 0.657129 0.63817 0.595184 0.588283 0.586376 0.590197
threshold=3.5000000000000004 0.85943965931063915 0.8861666780130667 0.66847687381717125 8.2031868854386101 1.0000000180025095e-35 548.50000000000011 7.8933854715247564 0.80217785889642024 289.50000000000006 0.65641077446366225 5.3156629864430025 0.0061014869019665038 0.89517497621427877 2.5000000000000004 6.7186225464380014 4.0342014792848504 467.50000000000006 0.90374560103526036 -0.12940952255126037 1.5000000000000002 0.25881904510252057 925.50000000000011 1.4978661367769956 0.88779654317510448 0.65306806413895013 -0.78656609248549325 1001.5000000000001 0.64853776465145774 0.64607191580427192
decision_type=2 2 2 2 2 2 2 2 2 2 2 2 2 2 2 2 2 2 2 2 2 2 2 2 2 2 2 2 2 2
left_child=2 8 4 -3 5 9 7 -7 -2 -1 11 12 -4 14 15 21 28 -18 -19 -20 -21 23 -23 24 -14 26 27 -16 29 -15
right_child=1 3 10 -5 -6 6 -8 -9 -10 -11 -12 -13 13 16 25 -17 17 18 19 20 -22 22 -24 -25 -26 -27 -28 -29 -30 -31
leaf_value=-0.0050719829252789065 0.001919671612708296 -0.019387946308400728 -0.033774415058145511 -0.0053487447359741097 0.0057181701939895691 -0.0065392014555881728 -0.0019768552941217712 -0.033908532533917415 0.0058274073214414027 0.0048347922296688058 0.0039247482043915042 -0.017909184338415374 0.046792126786665111 0.021181626269902321 0.068123257748475871 0.036821955417664864 0.06216051057582761 -0.042858164518057684 0.03381082738670687 0.14989007922972775 0.041557123951904321 0.05287016952899895 0.12343716155111069 0.1250510620775066 -0.029240451988199401 0.022058755981240009 -0.014615675020338581 -0.034021766322414937 0.022617360142138245 -0.016162655792935122
leaf_weight=9210.5598155632615 75034.434978235513 4354.4549578428268 135.22884553670883 9603.6742876619101 11758.617292176932 24032.998541880399 166211.98944534361 1588.6901659332216 44698.809834644198 26161.648849852383 12544.134197749197 280.44267499446869 16.57889312505722 147.05291742086411 25.732467532157898 130.37623953819275 28.615321815013885 39.135562896728516 81.652788817882538 16.905780375003815 28.863721430301666 17.190616846084595 21.166217684745789 23.661466658115387 34.505173206329346 16.794359922409058 133.67030531167984 21.673339784145355 818.76691752672195 416.44019383192062
leaf_count=30356 267904 5649 172 41402 33532 81020 566659 6019 138755 88247 48366 354 21 180 32 166 36 50 104 21 36 22 27 30 44 22 170 28 1055 516
internal_value=2.50003e-06 0.000101217 -4.94705e-05 -0.000542696 -7.68714e-05 -9.6357e-05 -0.000135443 -0.00038541 0.000176282 0.000115617 0.000387677 0.00112434 0.00141122 0.00164256 0.00337209 0.00560753 0.00115865 0.00399316 0.00269286 0.0044558 0.00987301 0.00936705 0.0146169 0.00667298 0.00350235 0.000621385 -0.000243381 0.00457018 0.000758424 -0.00048294
internal_weight=387634 133691 253943 13958.1 238965 227206 191834 25621.7 119733 35372.2 14978.6 2434.45 2154.01 2018.78 441.349 243.479 1577.43 195.173 166.558 127.422 45.7695 113.102 38.3568 74.7455 51.0841 197.87 181.076 47.4058 1382.26 563.493
internal_count=1310995 453710 857285 47051 805833 772301 653698 87039 406659 118603 51452 3086 2732 2560 562 310 1998 247 211 161 57 144 49 95 65 252 230 60 1751 696
is_linear=0
shrinkage=0.05


Tree=117
num_leaves=31
num_cat=1
split_feature=10 7 10 5 17 7 7 10 5 9 0 10 16 0 16 6 2 17 16 0 10 10 16 7 10 17 17 17 17 5
split_gain=0.574385 0.594131 0.771863 0.7605 0.670417 0.75389 0.762408 0.726641 0.946816 1.29493 0.724334 0.685416 0.635302 0.607527 0.613115 0.588684 0.57951 0.567264 0.514853 0.676841 0.552266 0.683855 0.509712 0.490045 0.483484 0.482204 0.481263 0.882258 0.463101 0.462969
threshold=4.7466181426221139 7.4238668626505984 7.9933290451173296 0.25881904510252091 0.79603520608852729 1.0397207708399181 7.2974296438458994 7.4504533262904724 0.91597561503675362 1.0000000180025095e-35 67.500000000000014 5.5747840338677612 0.6500768209777964 43.500000000000007 0.79837705762624855 1.0000000180025095e-35 0 0.6657714024266651 0.8861666780130667 139.50000000000003 0.098905681065719467 0.031737426730471384 0.97182285662211954 3.9219243190762363 6.5514602944450395 0.6484252398823479 0.65130300798649621 0.66764792291798603 0.64805509467998179 0.25881904510252091
decision_type=2 2 2 2 2 2 2 2 2 2 2 2 2 2 2 2 1 2 2 2 2 2 2 2 2 2 2 2 2 2
left_child=18 2 3 -2 5 11 13 8 25 -10 -11 -5 -3 22 24 -12 17 -14 20 -20 21 23 -7 -1 -15 -8 -24 -28 -25 -4
right_child=1 12 29 4 -6 6 7 -9 9 10 15 -13 16 14 -16 -17 -18 -19 19 -21 -22 -23 26 28 -26 -27 27 -29 -30 -31
leaf_value=-0.0019234452090436617 0.0022709053548024996 0.029891716193599205 0.0034947926280434862 -0.014740439560186981 0.0040823618655872361 -0.010467892423939019 0.097655641673910332 0.0011524400090998643 0.082124277678839258 0.023497127153630573 0.11781565870082936 0.018048185524258822 -0.024339388051493539 0.009674514561322756 -0.0060568112584828086 0.18546148370845664 -0.0014690387962175589 -0.0061653373224096258 0.0047476612540061861 0.070534692347317504 -0.0042119054255485905 0.010911807728209811 -0.040451936967222046 -0.031744274096195735 -0.0041611358863676623 0.0311705061290946 0.091285739180870185 0.050387115206114788 0.014148438273997989 0.014478998806386079
leaf_weight=40288.184353671968 127226.81208922341 677.42212305217981 14314.261200778186 922.04590684175491 18978.807554580271 13380.459923185408 20.214400112628937 374.70424707233906 10.466050341725348 42.006690174341202 12.540027201175691 2991.3423259928823 2417.6557285785675 8425.9631224870682 22560.954446151853 12.882209479808806 37157.451032873243 4478.639503121376 5434.012108489871 46.14996176213026 60662.874138232321 4417.72778576985 9.4143716692924482 130.09776663780212 12581.784631691873 201.46349684149027 8.3606905341148359 24.482668459415436 2012.8883622102439 7812.3972539193928
leaf_count=136025 431992 2075 42806 1824 145378 27211 25 772 21 95 24 5954 3036 16181 47912 31 130373 21376 19181 136 208003 14601 12 161 24279 464 11 64 8157 22815
internal_value=1.82247e-06 4.08616e-05 7.32994e-05 4.34036e-05 -7.68085e-05 -0.000156885 -0.00020246 0.00146898 0.00330469 0.00804665 0.0055068 0.000514682 -0.000125864 -0.000222235 -0.000131624 0.0121683 -0.00014923 -0.000569828 -9.30675e-05 0.000379669 -0.000117164 1.17878e-05 -0.000516349 -4.98517e-05 6.27518e-05 0.00163842 0.00496635 0.00782316 0.000686906 0.000354042
internal_weight=387634 274643 229911 207785 80557.9 61579.1 57665.7 674.277 299.573 77.895 67.4289 3913.39 44731.2 56991.4 43568.7 25.4222 44053.7 6896.3 112992 5480.16 107512 46848.9 13422.7 42431.2 21007.7 221.678 42.2577 32.8434 2142.99 22126.7
internal_count=1310995 924731 767871 702250 270258 124880 117102 1432 660 171 150 7778 156860 115670 88372 55 154785 24412 386264 19317 366947 158944 27298 144343 40460 489 87 75 8318 65621
cat_boundaries=0 1
cat_threshold=4
is_linear=0
shrinkage=0.05


Tree=118
num_leaves=31
num_cat=0
split_feature=4 16 16 18 17 8 17 5 5 17 1 7 0 0 17 1 7 7 8 18 7 7 0 7 7 0 7 16 17 5
split_gain=0.725399 2.3838 1.07461 0.696164 0.979 1.04165 0.827897 1.15377 0.86008 0.725167 0.607463 0.573746 0.544475 0.57139 0.552935 0.954979 0.527053 0.988164 0.752708 0.957116 0.608853 1.27887 0.677142 0.601601 0.848758 0.784718 0.59537 0.589325 0.586862 0.561144
threshold=3.5000000000000004 0.86486683785997276 0.8861666780130667 1.0625000000000002 0.65641077446366225 5.5471267646873921 0.65266048731061865 0.12940952255126045 -0.5 0.65813547005910744 451.50000000000006 5.5587548463575329 31.500000000000004 44.500000000000007 0.66268314391858796 1001.5000000000001 1.0397207708399181 2.1383330595080281 1.0000000180025095e-35 1.0625000000000002 2.9174053685313028 2.524928003624769 54.500000000000007 3.1132683346437333 3.3497501700808394 148.50000000000003 3.0201273556387074 0.73379547857688465 0.6484252398823479 0.91597561503675362
decision_type=2 2 2 2 2 2 2 2 2 2 2 2 2 2 2 2 2 2 2 2 2 2 2 2 2 2 2 2 2 2
left_child=2 10 -1 -4 5 6 -5 8 -8 11 -2 -6 -11 -14 -15 -16 -12 -18 20 26 21 22 28 -22 -25 27 -20 -26 -19 -21
right_child=1 -3 3 4 9 -7 7 -9 -10 12 16 -13 13 14 15 -17 17 18 19 29 23 -23 -24 24 25 -27 -28 -29 -30 -31
leaf_value=-0.0014587885014470726 -0.0048223954711522415 -0.010411483165678838 0.0039705503441447966 0.039597144963605384 0.00032249979614329405 -0.039423265477006822 0.060269454449610918 -0.0032197233915185921 0.1533020330045145 0.058408913966161879 0.011818479687563133 -0.040587260338531689 -0.02487673419823018 0.0091688610581009307 0.0085313323414141218 0.10962945940970424 -0.0087813340108429342 -0.047991355554884367 -0.012442158326258546 -0.0077546670230937316 0.033619135340149597 -0.012816675396487388 0.021194763063583102 -0.0090702008470286977 -0.0079453093162332507 0.098006204729064461 0.0048162088230236932 0.028518674136895596 0.0083575603744407544 0.016917011893113544
leaf_weight=238964.50411074981 11035.122762743384 11336.148389361799 13548.80577198416 417.82401031255722 186.09835684299469 64.517408132553101 31.82087641954422 21.908297717571259 19.058636009693146 40.8889439702034 10693.474427975714 107.55159473419189 127.73073577880859 338.77172964811325 37.818261027336121 35.793379426002502 5150.4367157667875 198.74304831027985 1785.1267481185496 9867.4592821970582 2072.6416663266718 3934.3661853596568 3244.4123886711895 1527.0464516915381 648.46063809096813 11.365268938243387 64814.224240612239 4262.2567658387125 2113.1324283108115 996.95665007084608
leaf_count=805833 36747 39009 49912 477 199 73 35 24 21 42 35023 115 131 349 38 36 16694 246 6455 10873 6916 12824 10519 5003 1599 36 248033 15319 7252 1162
internal_value=6.85469e-07 9.49533e-05 -4.8943e-05 0.000361883 0.0014112 0.00305348 0.0038389 0.00875994 0.0128907 0.000368867 0.000159218 -0.00165623 0.00139239 0.000971245 0.00187633 0.00580402 0.000194295 0.000158829 0.000195221 0.000127523 0.000486359 0.0002109 0.000699304 0.000793136 0.000554975 0.000874469 0.000198509 0.000844098 4.54159e-05 -0.000307623
internal_weight=387634 133691 253943 14978.6 1429.78 555.129 490.612 72.7878 50.8795 874.653 122355 293.65 581.003 540.114 412.383 73.6116 111320 100627 95476.2 77463.8 18012.4 9490.65 5556.29 8521.77 6449.13 4922.08 66599.4 4910.72 2311.88 10864.4
internal_count=1310995 453710 857285 51452 1540 630 557 80 56 910 414701 314 596 554 423 74 377954 342931 326237 266523 59714 30841 18017 28873 21957 16954 254488 16918 7498 12035
is_linear=0
shrinkage=0.05


Tree=119
num_leaves=31
num_cat=0
split_feature=4 16 16 3 5 16 0 17 18 5 0 5 17 4 16 7 18 7 0 0 16 9 16 16 9 17 16 16 17 16
split_gain=0.617991 2.17017 0.934717 0.585808 0.716411 0.737156 0.586797 0.543007 1.12309 0.964825 1.22991 0.994722 0.475574 0.472874 1.00695 1.02024 0.628282 0.541598 0.592737 1.03382 0.948575 0.467375 0.465426 0.460075 0.585569 0.554511 0.845693 0.752961 0.510631 0.868644
threshold=3.5000000000000004 0.86486683785997276 0.8861666780130667 1.0000000180025095e-35 0.37940952255126054 0.72123156168238733 43.500000000000007 0.65641077446366225 1.0708333333333335 0.12940952255126045 47.500000000000007 -0.78656609248549292 0.66690025027010624 2.5000000000000004 0.89302366647559417 5.1901713283654836 1.0625000000000002 1.0397207708399181 63.500000000000007 72.500000000000014 0.88926421891343954 7.9345057026993775 0.9461910594647257 0.80217785889642024 1.4978661367769956 0.70807993030371785 0.80263627494539491 0.84797720773251295 0.74075138247375838 0.80417266174550694
decision_type=2 2 2 2 2 2 2 2 2 2 2 2 2 2 2 2 2 2 2 2 2 2 2 2 2 2 2 2 2 2
left_child=2 23 3 -1 -5 -6 21 8 13 10 -10 -12 -3 14 15 17 22 -4 20 -20 -19 -7 -15 -2 25 26 -25 -28 29 -27
right_child=1 12 7 4 5 6 -8 -9 9 -11 11 -13 -14 16 -16 -17 -18 18 19 -21 -22 -23 -24 24 -26 28 27 -29 -30 -31
leaf_value=0.0025379573399670896 0.001682797168118011 -0.019535679715403001 0.039944735144220457 -0.00070062034598414877 0.01107036064565925 -0.010420805620603036 -0.0041616372436908749 0.0033275961728512996 0.026717986194486756 -0.0030587372219426537 0.0018934507811274592 0.14563693135428876 -0.0065266262780310676 -0.017963432823738957 0.0086893839084361442 -0.0012132060087894471 0.056294939262369059 0.010084627006470726 0.1169532306886078 0.083408864784722717 0.16083597239704084 0.18862114068755909 0.042290182273536828 0.066154035597547733 0.012825823169101769 0.11240381905382771 0.0016646989150038039 -0.01562061309590166 0.0060091525250350443 0.016002557097991543
leaf_weight=37038.405520230532 75034.434978235513 3221.9417241811752 27.91320663690567 135402.71451603994 3544.0408497452736 16146.924679338932 46825.79341326654 12544.134197749197 31.539662718772888 41.808053076267242 19.765708029270172 35.319669187068939 8114.2066651806235 522.52275097370148 1430.6104824542999 86.29823899269104 101.51364344358444 41.047128677368164 17.000871598720551 24.004733204841614 35.176803231239319 6.625132128596305 19.932852029800415 152.41074305772781 6803.0549824535847 50.710628747940063 13237.340560734272 3147.336360514164 22706.392833150923 1223.5445821285248
leaf_count=123514 267904 4123 36 459136 9039 55471 158651 48366 35 46 22 39 34886 683 1822 110 116 53 22 31 45 22 26 211 21973 94 17796 4229 100225 2269
internal_value=-4.84696e-07 8.65248e-05 -4.62919e-05 -7.03084e-05 -0.000103837 -0.0002382 -0.000277683 0.000336862 0.00102023 0.00557083 0.00858151 0.0130896 -0.000575301 0.000766789 0.00121247 0.00427226 -0.000383483 0.00683205 0.00832243 0.0131698 0.00571473 -0.000537534 -0.00105909 0.000147843 0.000269932 0.00019786 -2.48823e-05 -5.93678e-05 0.000351464 0.00132542
internal_weight=387634 133691 253943 238965 201926 66523.4 62979.3 14978.6 2434.45 128.433 86.625 55.0854 11336.1 2306.02 1662.05 231.441 643.969 145.143 117.23 41.0056 76.2239 16153.5 542.456 122355 47320.8 40517.7 16537.1 16384.7 23980.6 1274.26
internal_count=1310995 453710 857285 805833 682319 223183 214144 51452 3086 142 96 61 39009 2944 2119 297 825 187 151 53 98 55493 709 414701 146797 124824 22236 22025 102588 2363
is_linear=0
shrinkage=0.05


Tree=120
num_leaves=31
num_cat=0
split_feature=1 9 7 9 7 18 16 18 7 7 7 16 7 4 1 1 4 16 16 16 7 7 7 7 7 7 8 7 1 4
split_gain=0.543671 0.609772 0.594314 0.559837 0.515533 1.10558 0.442019 0.421773 0.686932 0.601234 0.946396 0.773622 0.614432 0.779855 0.605042 0.581173 0.446508 1.73917 1.58516 1.04687 0.94011 0.665821 1.21233 1.4404 1.093 1.37171 1.18181 0.858932 0.657925 0.621942
threshold=696.50000000000011 5.754157426206274 8.4446224754573418 5.2176457913436565 6.5532206455302013 1.0125000000000002 0.67530393782091591 1.0791666666666668 2.524928003624769 3.7012257604091228 3.5408542930527882 0.81588595208918047 3.7494348669884658 1.5000000000000002 711.50000000000011 967.50000000000011 2.5000000000000004 0.86765078569965659 0.86985364382818464 0.87606775566422657 3.2769667020129059 2.9174053685313028 2.524928003624769 2.3502401828962087 3.1132683346437333 3.3497501700808394 1.4978661367769956 1.0397207708399181 8480.5000000000018 3.5000000000000004
decision_type=2 2 2 2 2 2 2 2 2 2 2 2 2 2 2 2 2 2 2 2 2 2 2 2 2 2 2 2 2 2
left_child=2 3 6 7 5 -5 -1 16 -9 10 11 -10 13 -11 -14 -13 17 -2 21 -20 -19 22 23 27 -23 -26 -27 -18 29 -21
right_child=1 -3 -4 4 -6 -7 -8 8 9 12 -12 15 14 -15 -16 -17 18 20 19 28 -22 24 -24 -25 25 26 -28 -29 -30 -31
leaf_value=0.010365612138699111 -0.002464095470789518 -0.018708379105855856 -0.015386488418234713 -0.00036706449662915475 0.019793375274674663 0.1056321518166929 -0.0019039567100835875 0.0067084175435363274 -0.014768774860456269 0.083953505946632256 -0.05115025741537798 0.036409762234927805 -0.050051545703932089 0.026833931435774394 -0.0021766002488411208 -0.00082340103984444033 0.0032329544102111642 0.019747523315443518 -0.021802985090049454 0.0029972592596540174 0.0044767768487119497 0.020275593817425632 -0.012907457342704487 0.018802567593005828 -0.010539796828674165 0.012769165300407836 0.0026256151739326495 -0.0075895451086175347 0.042916623509749119 -0.0094143261948952291
leaf_weight=2438.9432023838162 77036.114766675979 2015.4352785088122 4953.2354348264635 16.390474345535043 1180.7753625027835 10.226519629359244 97623.622643500566 5118.5673242136836 2783.7598491609097 24.853381715714931 660.22881001234055 310.33810341358185 164.1776877194643 246.83302964270115 14772.621990434825 1083.8507118225098 14476.371438790113 3075.5158190056682 3749.0628400146961 4691.6659827828407 6898.8436407446861 4974.2649765498936 7550.4454963095486 6461.0099685564637 6274.4324872680008 19007.572842031717 86929.142041884363 8483.9939494356513 136.84599174559116 4679.3738319054246
leaf_count=6649 279288 7099 17646 71 3966 16 329405 5573 3047 27 709 326 185 266 16155 1140 50681 10266 12074 17950 23354 17564 26422 22478 22020 69101 320875 29504 492 17447
internal_value=-9.27029e-06 2.68039e-05 -0.00010642 3.30239e-05 0.00110736 0.00798878 -7.99556e-05 2.83844e-05 -0.000166882 -0.000298884 -0.000784365 -0.000506374 -0.000144441 0.00221201 -0.000187302 0.000455034 4.76983e-05 -4.41805e-05 9.54507e-05 -0.0004292 0.00057706 0.000140569 -4.44298e-05 0.000100614 0.000198935 0.000166785 0.00020933 -8.49696e-05 -0.000150193 -0.000200455
internal_weight=387829 282813 105016 280797 1207.39 26.617 100063 279590 25165.2 20046.7 4838.18 4177.95 15208.5 271.686 14936.8 1394.19 254425 87010.5 167414 13256.9 9974.36 154157 36971.8 29421.4 117185 112211 105937 22960.4 9507.89 9371.04
internal_count=1311796 958096 353700 950997 4053 87 336054 946944 27428 21855 5222 4513 16633 293 16340 1466 919516 312908 606608 47963 33620 558645 129085 102663 429560 411996 389976 80185 35889 35397
is_linear=0
shrinkage=0.05


Tree=121
num_leaves=31
num_cat=0
split_feature=0 1 8 10 16 16 7 8 7 16 9 10 8 0 7 8 1 10 7 8 9 0 16 10 4 16 0 9 6 7
split_gain=0.518512 0.577616 0.547976 0.5439 0.642975 0.535607 0.52687 0.637414 0.478223 0.460358 0.446924 0.54269 0.51454 0.825148 0.58612 0.621287 0.774347 0.53933 0.564382 0.436575 0.622091 0.427672 0.394377 0.38585 0.373449 0.898 0.396274 0.383533 0.399847 0.370665
threshold=37.500000000000007 696.50000000000011 5.987706711087152 8.2691911923319328 0.6262678782415706 0.76314558284360301 8.0214203567995543 5.7219484392798972 6.7351858371076387 0.76640384685231278 5.754157426206274 7.9504083152704217 4.3502571242716384 38.500000000000007 8.4806329307251342 1.4978661367769956 2112.5000000000005 8.0757038079184476 4.135134555718313 4.6101453514146771 5.9282575846801535 99.500000000000014 0.6500768209777964 2.0502184835072974 4.5000000000000009 0.86588849856005423 90.500000000000014 5.2496487501035594 -0.98296291314453399 6.6814816381200126
decision_type=2 2 2 2 2 2 2 2 2 2 2 2 2 2 2 2 2 2 2 2 2 2 2 2 2 2 2 2 2 2
left_child=6 2 3 -2 8 -6 7 -1 -5 -7 11 24 13 14 15 16 17 18 -13 20 -12 -4 29 -24 26 27 -3 -26 -29 -9
right_child=1 10 21 4 5 9 -8 22 -10 -11 19 12 -14 -15 -16 -17 -18 -19 -20 -21 -22 -23 23 -25 25 -27 -28 28 -30 -31
leaf_value=-0.0026543479825329452 -0.0016734154787038102 -0.00060648277095503027 -0.011452344737846065 0.077926795370826432 -0.017424972300496222 0.13259643527457349 -0.015654032376422978 -0.10558743548584859 0.071908792904474425 0.026263668427230692 0.24175685550843307 -0.010744991243122115 0.0021473246154726233 0.0077028578117360972 0.0799842330138789 0.023123322625052546 -0.052221909000905731 0.13712322290599999 0.128469840440913 -0.018669744319195016 0.0083928268230937693 -0.042002924149125612 0.21119670981860006 0.014017775437210079 0.0044840382957260783 -0.011662540442097214 0.004168006371985067 0.06742873097368883 0.043526904274667544 0.09161582486260339
leaf_weight=47980.895780120045 80860.394270446151 152585.94968684018 5608.9765169546008 7.7256758436560657 342.07801596820354 17.76008740067482 3130.1652006059885 7.5413119867444065 15.724444650113581 847.64207750931382 5.6322300992906085 10.66005450487137 21308.157361276448 13288.684157248586 6.5514753386378279 154.27279552444816 14.626047324389218 17.829644501209259 7.3596281036734572 1781.7092073634267 29.132596395909786 263.18321640044451 5.7877091579139224 1707.4512070342898 35155.235997252166 2702.1424163207412 19870.558824744076 7.1887091398239127 69.532518297433853 17.96701318025589
leaf_count=163866 271381 523255 19669 17 751 45 11302 27 43 2522 16 29 68526 40059 24 465 42 38 27 6256 94 891 20 6080 120232 9174 66637 20 232 56
internal_value=-1.04172e-05 1.25465e-05 -9.74785e-05 -6.41013e-05 0.000979013 0.000819762 -0.000155969 -0.000116357 0.00917909 0.00148184 5.17271e-05 5.75158e-05 0.000240393 0.000481909 0.0035819 0.00311085 0.00792601 0.0118817 0.00578134 -0.000729666 0.00481957 -0.000564084 0.000824086 0.000732202 2.72596e-05 0.000169295 -3.98306e-06 0.000236667 0.00376801 0.00699537
internal_weight=387829 334979 87963.5 82091.3 1230.93 1207.48 52849.8 49719.6 23.4501 865.402 247015 245199 34808.1 13500 211.3 204.748 50.4754 35.8493 18.0197 1816.47 34.7648 5872.16 1738.75 1713.24 210391 37934.1 172457 35232 76.7212 25.5083
internal_count=1311796 1130445 295319 274759 3378 3318 181351 170049 60 2567 835126 828760 109210 40684 625 601 136 94 56 6366 110 20560 6183 6100 719550 129658 589892 120484 252 83
is_linear=0
shrinkage=0.05


Tree=122
num_leaves=31
num_cat=0
split_feature=17 7 7 7 7 7 7 7 16 7 8 7 7 7 10 7 16 4 16 16 16 17 16 16 16 16 10 7 17 8
split_gain=0.556737 0.576358 1.64042 1.23699 1.90747 1.32687 1.3489 0.926339 0.801793 0.762821 1.3355 1.10797 0.950483 0.801973 0.680113 0.655623 0.607479 0.830419 1.31666 1.14531 0.923733 0.672803 0.655413 0.64068 0.775671 0.655324 0.611121 0.599966 0.598495 0.598253
threshold=0.67112732600106184 2.3502401828962087 2.524928003624769 3.0201273556387074 3.1132683346437333 3.4175922930736511 3.4811217321331038 1.0397207708399181 0.97182285662211954 3.7012257604091228 1.4978661367769956 3.7494348669884658 3.9219243190762363 6.7159890799278301 8.1650461647328445 1.0000000180025095e-35 0.85076214567902253 1.5000000000000002 0.81055355588102429 0.79617572659088676 0.82537325419067853 0.72406633601923109 0.79998426569637526 0.83214013540678655 0.83744152111093351 0.84050258511846243 8.2503539996157595 3.9607678160667752 0.72406633601923109 0.89587973461402759
decision_type=2 2 2 2 2 2 2 2 2 2 2 2 2 2 2 2 2 2 2 2 2 2 2 2 2 2 2 2 2 2
left_child=-1 7 -3 -4 -5 -6 29 8 15 14 11 -11 -13 27 -8 -2 17 18 19 -12 -20 22 -21 26 -25 28 -22 -14 -26 -7
right_child=1 2 3 4 5 6 9 -9 -10 10 16 12 13 -15 -16 -17 -18 -19 20 21 23 -23 -24 24 25 -27 -28 -29 -30 -31
leaf_value=-0.0014368430028991687 -0.009224084812942247 0.015094613391247914 -0.0082346391015988511 0.023107950378674948 -0.0085559079697608686 0.042864545632187223 -0.0090266443462846627 -0.0080244620423344914 0.039458347750477386 0.033911894383152855 -0.0018633861688874378 -0.0064154610571190767 0.039688714511697046 -0.049699742426819432 0.051094121990857971 0.0030352987980497349 -0.0038485642539612731 0.0028247712800501868 -0.030024168526055606 0.033639764971629085 0.025017092731717129 0.02577620374035039 0.054833432194759869 -0.023008707585750555 0.089593385492844888 0.00011734588325289508 0.058471550230553594 0.011564143902639224 0.058984112027194113 0.0066413373694834471
leaf_weight=155995.79942199588 4275.2933255583048 10249.03085616976 13624.236084643751 5392.3633716031909 11212.025788802654 1909.8157782480121 8697.2474063746631 13891.975271407515 143.89929888397455 1379.9302903488278 4674.3711609020829 3285.8685124069452 922.59338008239865 285.43739780038595 25.628320384770632 20860.588694915175 22553.036807186902 87524.72785044089 3326.8252060338855 11.205080032348631 383.63520132750273 655.99184759706259 67.699597239494324 948.94725754112005 5.6006848812103263 401.40987395495176 33.242395408451557 13519.123918604106 129.09129706770182 1441.8744996897876
leaf_count=201865 21843 47463 63691 25422 52314 9053 41224 64970 590 6611 28918 15891 4347 1407 98 94752 96697 437112 12405 20 1483 2867 120 4601 10 2075 136 66384 711 6716
internal_value=-9.80994e-06 3.93311e-05 7.48794e-05 4.02962e-05 7.72885e-05 4.67535e-05 8.54279e-05 -0.000135508 4.47369e-05 6.3089e-05 9.13334e-05 0.000476475 0.000371871 0.00054343 -0.000390577 2.34312e-05 2.94605e-05 8.32234e-05 -0.000333915 0.000212982 -0.000899694 0.00204787 0.00641 -2.07474e-05 -0.000506961 0.00101336 0.0017113 0.000595303 0.00403121 0.00107738
internal_weight=387829 231833 192661 182412 168788 163395 152183 39171.8 25279.8 148832 140109 19393 18013 14727.2 8722.88 25135.9 120716 98162.7 10638 5409.27 5228.75 734.897 78.9047 1901.93 1485.05 536.102 416.878 14441.7 134.692 3351.69
internal_count=1311796 1109931 927776 880313 816622 791200 738886 182155 117185 723117 681795 94640 88029 72138 41322 116595 587155 490458 53346 31925 21421 3007 140 9016 7397 2796 1619 70731 721 15769
is_linear=0
shrinkage=0.05


Tree=123
num_leaves=31
num_cat=0
split_feature=7 16 4 3 17 8 7 7 7 7 7 7 7 7 10 16 10 10 4 17 17 16 17 10 7 10 7 7 7 7
split_gain=0.499908 0.968841 0.714747 0.65471 0.945472 0.625464 1.50384 0.919084 1.09706 0.93234 1.79528 0.881098 1.71796 1.98876 1.04598 0.82649 0.7657 0.748461 0.730882 0.679058 1.16989 0.671342 0.758611 0.640794 0.642438 0.603321 0.59899 0.840699 1.16125 1.20881
threshold=1.0000000180025095e-35 0.97182285662211954 1.5000000000000002 1.0000000180025095e-35 0.79491800676186719 1.0000000180025095e-35 3.0201273556387074 3.4175922930736511 3.4811217321331038 3.1132683346437333 3.0201273556387074 2.524928003624769 2.3502401828962087 1.0397207708399181 0.0095776392541581917 0.81759950385457481 0.058681907356509619 8.1072308966856976 2.5000000000000004 0.64853776465145774 0.64954346602561752 0.80417266174550694 0.7490710616788091 3.8494083025890826 5.1901713283654836 6.6773997267357688 4.8402344967050359 3.7012257604091228 3.7494348669884658 3.9219243190762363
decision_type=2 2 2 2 2 2 2 2 2 2 2 2 2 2 2 2 2 2 2 2 2 2 2 2 2 2 2 2 2 2
left_child=1 2 -1 -3 -5 7 -7 9 16 10 11 12 13 -2 -13 -15 -9 -16 -10 -18 -21 -12 -23 24 -8 -24 27 -20 -29 -30
right_child=5 3 -4 4 -6 6 23 8 18 -11 21 14 -14 15 17 -17 19 -19 26 20 -22 22 25 -25 -26 -27 -28 28 29 -31
leaf_value=-0.018822071990640111 0.0042773595603606829 0.0011759679930688272 -0.0052887183664472653 0.037485430362953535 0.06414619453276367 -0.012692231633440954 -0.0066579338584892072 0.05668580100532479 -0.0037850038649726693 -0.0097501749753259991 0.030092682820993668 -0.021826968572987351 0.012160599871835398 -0.011010440329963478 -0.0035468436060655199 -0.00079854272440940124 -0.045379582181875947 0.06738369711397614 -0.0044373164515197688 0.11074215095205719 0.032229793005368122 -0.0079063367438441338 0.0179256305256696 5.0894334320683582e-05 0.0078058933765571496 0.073647938851909706 -0.011074392165776416 0.052399657821730818 -0.01261079455122549 0.027035681348939591
leaf_weight=923.92852357402444 35831.164068307728 18.082672648131847 5781.9072006158531 13.949592769145967 8.5292042344808561 8469.4395536780357 21155.520343191922 442.05865681171417 5257.9179290793836 6343.2196094617248 2999.9637532345951 1790.8177337609231 17318.638441875577 13727.488025583327 14297.01911766082 9853.5215006396174 173.30836069583893 71.457649230957031 1952.5157861709595 44.200347363948822 1673.7358030378819 1101.1728340983391 1106.5167048275471 227856.62273059413 2812.8621816895902 265.04691402614117 1101.6008926592767 777.96519425883889 1090.485667835921 3567.8588839173317
leaf_count=3363 113535 54 21641 33 40 27733 74475 1623 18065 20931 10756 6052 55793 46147 46503 30583 214 163 6567 57 6065 1535 4933 779317 11396 1164 4120 2648 3799 12491
internal_value=-8.44812e-06 -0.000435095 -0.000481696 0.00726915 0.0129666 -8.95079e-07 -4.45306e-05 9.31385e-05 0.000445069 3.9086e-05 7.69748e-05 2.51262e-05 9.57944e-05 -3.1941e-05 -0.000310435 -0.000388534 0.00144751 -0.000168418 0.000274939 0.0010096 0.00131053 0.000957019 0.000347047 -2.24904e-05 -0.000268409 0.00113176 0.000561826 0.000723985 0.00104361 0.000744977
internal_weight=387829 6746.4 6705.84 40.5615 22.4788 381082 260294 120788 16081.6 104706 98362.8 92890.1 76730.8 59412.2 16159.3 23581 2333.3 14368.5 13748.3 1891.24 1717.94 5472.7 2472.74 251825 23968.4 1371.56 8490.43 7388.83 5436.31 4658.34
internal_count=1311796 25131 25004 127 73 1286665 892921 393744 55649 338095 317164 298776 246058 190265 52718 76730 7959 46666 47690 6336 6122 18388 7632 865188 85871 6097 29625 25505 18938 16290
is_linear=0
shrinkage=0.05


Tree=124
num_leaves=31
num_cat=0
split_feature=17 9 8 9 5 9 0 7 6 1 7 16 7 1 5 0 1 7 4 16 16 18 16 16 16 16 16 16 16 16
split_gain=0.467898 0.572181 0.781729 0.56762 0.547068 0.762622 0.754946 0.840622 0.78027 0.85071 0.805165 0.777881 0.63718 0.64412 0.682523 0.638207 0.627423 0.996485 0.619604 1.09297 3.83151 1.8703 1.22007 0.858849 1.15553 0.938364 1.20709 1.26351 0.764199 1.18201
threshold=0.67112732600106184 5.754157426206274 4.6298509007569537 4.7578820629520608 -0.25881904510252113 3.9415346756528771 37.500000000000007 7.9503261612304357 0.98296291314453421 1010.5000000000001 7.4462932987409234 0.82626392889630418 9.6597266625627505 597.50000000000011 -1.0000000180025095e-35 56.500000000000007 3109.5000000000005 4.2555875595453383 1.5000000000000002 0.82922542429719359 0.83150458966048368 1.0458333333333336 0.80530725634941192 0.77205513822544292 0.79786200270967511 0.77026250544891328 0.76386542164760074 0.76232687082252271 0.81354795087357534 0.82872382376875298
decision_type=2 2 2 2 2 2 2 2 2 2 2 2 2 2 2 2 2 2 2 2 2 2 2 2 2 2 2 2 2 2
left_child=1 3 -3 4 18 6 7 8 9 -6 11 -11 -7 15 -15 -14 -10 -18 19 22 21 -21 23 25 -25 26 27 -1 -24 -30
right_child=-2 2 -4 -5 5 12 -8 -9 16 10 -12 -13 13 14 -16 -17 17 -19 -20 20 -22 -23 28 24 -26 -27 -28 -29 29 -31
leaf_value=-0.00022848229851772929 0.0007496435792645695 0.070253365306504265 -0.033592483477847317 0.019998534029725068 -0.00059254454141606245 -0.037255875230176018 -0.0015803778798946012 -0.03539024992152711 0.012557663285355415 -0.030505513080947066 0.077396574687012984 -3.2103330118360417e-05 0.027497449399303431 0.082345685062647611 -0.014891600975878383 0.13523642942181555 0.043033513786786062 -0.0045220890606120006 0.0014886897204378969 0.049693206927935843 0.0064147827632965899 0.22707800620022392 -0.03337452001873497 0.036242297890286455 -0.0061648793689223162 -0.059986656200845694 0.060321768406114362 -0.081070246038976945 0.020463489569300931 -0.038258215197075257
leaf_weight=1422.9683980941772 231832.71645553783 18.990336537361145 924.96935677528381 1266.953610599041 5132.1443491578102 1000.0968744754791 69351.955963939428 498.88251727819443 400.90542352199554 3505.2673762440681 112.95080417394638 1215.0204945802689 23.167218148708344 25.115807294845581 179.93503844738007 18.691495001316071 31.008463859558105 22.197409987449646 63489.996200144291 16.118702113628387 1941.696926176548 16.592029631137848 2021.554100215435 740.35802131891251 733.36221712827682 407.57818448543549 210.86321711540222 326.24331939220428 552.99393725395203 387.22162890434265
leaf_count=1832 1109931 26 1201 1640 6653 1293 89802 649 514 4526 148 1592 31 34 235 24 38 29 82065 24 2517 19 2589 974 926 538 273 414 764 495
internal_value=-8.68681e-06 -7.56378e-05 -0.00130291 -6.81661e-05 -7.68494e-05 -0.000165643 -0.000146581 -0.000533038 -0.000437039 -0.000529403 -0.00100544 -0.00110527 -0.00139264 0.000882035 -0.000271808 0.0065343 0.00158987 0.00669152 2.3309e-05 -0.000370442 0.000665236 0.0176352 -0.000671016 -8.30664e-05 0.000864559 -0.000672906 -0.000219 -0.000649807 -0.00143358 -0.0002559
internal_weight=387829 155996 943.96 155052 153785 81517.3 80270.3 10918.4 10419.5 9965.38 4833.24 4720.29 1247.01 246.91 205.051 41.8587 454.111 53.2059 72267.5 8777.55 1974.41 32.7107 6803.14 3841.37 1473.72 2367.65 1960.07 1749.21 2961.77 940.216
internal_count=1311796 201865 1227 200638 198998 105568 103951 14149 13500 12919 6266 6118 1617 324 269 55 581 67 93430 11365 2560 43 8805 4957 1900 3057 2519 2246 3848 1259
is_linear=0
shrinkage=0.05


Tree=125
num_leaves=31
num_cat=2
split_feature=9 10 2 6 18 16 16 7 0 7 0 0 7 16 0 7 16 5 5 7 16 9 16 2 5 7 16 9 7 9
split_gain=0.699368 0.652855 0.563766 0.656261 0.532943 0.521072 0.508493 0.659802 0.557051 0.438969 0.401822 0.598622 0.535211 0.714216 0.837166 0.717598 1.05308 0.480258 0.805154 0.464509 0.73295 0.581392 0.378369 0.505039 0.40727 0.593622 0.888842 0.376842 0.370245 0.437296
threshold=6.0390628155997765 8.3125550392534944 0 -0.5 0.98750000000000016 0.74921355212946705 0.67530393782091591 9.7540009636654226 60.500000000000007 7.4238668626505984 35.500000000000007 41.500000000000007 9.1834315540998528 0.75382425525355401 37.500000000000007 8.4806329307251342 0.80630893588707153 0.25881904510252091 -0.60355339059327362 6.3994261899220151 0.78737496167786236 3.3842466058243152 0.70095262182836504 1 0.12940952255126045 9.7540009636654226 0.72811069527815941 3.8393944990995772 8.0890222339997777 3.2384861814448418
decision_type=2 2 1 2 2 2 2 2 2 2 2 2 2 2 2 2 2 2 2 2 2 2 2 1 2 2 2 2 2 2
left_child=1 2 3 -1 -2 9 7 27 -9 -3 -7 12 13 -12 -15 19 -17 18 -18 20 -16 -21 -11 24 -24 26 -26 -4 29 -8
right_child=4 5 6 -5 -6 10 28 8 -10 22 11 -13 -14 14 15 16 17 -19 -20 21 -22 -23 23 -25 25 -27 -28 -29 -30 -31
leaf_value=0.0023934638938109768 -0.0021342086009608963 0.03421893126816844 0.0097711902950330387 -0.00088865322556106472 -0.029260134088781656 -0.0057682646273216733 -0.0016291670676765958 0.032767422561264324 0.079582744395195484 0.0074094323789944743 0.12255126802503274 0.011200420106790565 0.0041746275302761539 -0.036075782079229901 0.13713756081212836 0.034331503360106555 0.10044071660179715 0.23397384760505602 -0.0010073920121336233 0.036561866834241695 0.059672086497616753 0.13931087823809571 -0.018455103555550068 -0.040152210122689484 0.097019174380046244 -0.046316482969091105 0.032358969466245079 -0.078907470256021128 -0.011685709934244982 -0.014351699888607206
leaf_weight=100487.20487485081 973.83687018603086 346.56997528672218 3368.8069934174418 125828.681040667 880.43575292080641 426.43475534021854 138720.70273613185 13.482075311243536 14.239736095070837 332.81749927997589 9.0430641546845418 4751.8502808585763 170.28303584456444 78.551900502294302 6.8046862483024624 24.038927163928747 19.777976714074612 12.745466627180575 9.1978448554873484 123.45590889453888 17.541260354220867 9.9273424670100194 110.50223459303379 641.18867354094982 22.719797663390636 24.431847952306271 30.236171826720238 71.444131538271904 7739.7870047092438 2379.4996666908264
leaf_count=338985 4979 705 9327 430060 1637 1203 468919 48 41 763 19 13588 506 210 20 69 46 27 25 301 40 26 252 1385 40 56 58 209 28961 8430
internal_value=-1.88795e-05 -1.42235e-05 -2.3173e-05 2.68793e-05 -0.000987592 0.000458496 -9.75417e-05 0.000500964 0.00818383 -0.000367245 0.00067858 0.000798844 0.00247902 0.00371253 0.00329798 0.00485859 0.00924648 0.0140493 0.0104915 0.00302919 0.00938028 0.00186995 -0.000833078 -0.00140475 0.000873915 0.00370212 0.00667658 0.000439055 -0.000111493 -9.3024e-05
internal_weight=387646 385792 378624 226316 1854.27 7168.12 152308 3467.97 27.7218 1508.47 5659.65 5233.22 481.367 311.084 302.041 223.489 65.7602 41.7213 28.9758 157.729 24.3459 133.383 1161.9 829.079 187.89 77.3878 52.956 3440.25 148840 141100
internal_count=1310935 1304319 1284980 769045 6616 19339 515935 9625 89 3259 16080 14877 1289 783 764 554 167 98 71 387 60 327 2554 1791 406 154 98 9536 506310 477349
cat_boundaries=0 1 2
cat_threshold=19 16
is_linear=0
shrinkage=0.05


Tree=126
num_leaves=31
num_cat=0
split_feature=1 17 9 17 16 9 16 16 16 18 4 16 9 17 17 4 1 4 18 6 1 4 17 17 0 1 17 17 4 16
split_gain=0.704657 0.583322 0.526059 0.504934 1.07895 0.824308 0.738213 0.700598 0.648649 0.647622 0.63155 0.976353 0.923799 0.695906 1.08206 0.684652 0.875237 0.818237 0.737431 0.64003 1.02132 1.19572 0.714025 0.711169 0.621889 0.750607 0.621218 0.548024 0.542955 2.44738
threshold=1231.5000000000002 0.8117955087897063 4.1190041246092024 0.66197798957202592 0.8861666780130667 4.1026092131977068 0.8847782686317428 0.77026250544891328 0.76729534643992026 1.0125000000000002 3.5000000000000004 0.89517497621427877 0.89587973461402759 0.65933186473910388 0.65232474344564295 2.5000000000000004 763.50000000000011 1.5000000000000002 1.0625000000000002 0.60355339059327384 353.50000000000006 1.5000000000000002 0.65266048731061865 0.64853776465145774 47.500000000000007 611.50000000000011 0.64991817661828988 0.64632798978931005 1.5000000000000002 0.83744152111093351
decision_type=2 2 2 2 2 2 2 2 2 2 2 2 2 2 2 2 2 2 2 2 2 2 2 2 2 2 2 2 2 2
left_child=1 2 3 4 5 6 -1 8 -5 28 11 12 13 14 15 16 26 -18 -17 -13 21 -21 23 -22 -25 -26 27 -6 29 -9
right_child=-2 -3 -4 7 10 -7 -8 9 -10 -11 -12 19 -14 -15 -16 18 17 -19 -20 20 22 -23 -24 24 25 -27 -28 -29 -30 -31
leaf_value=-0.0040994400903865197 0.0010091538363201202 -0.011329892822448529 -0.014435145331543754 0.0038619779949561565 0.040297281771371513 0.095298838593781438 -0.052123184386333704 -0.0149201937038004 0.027711216412646556 0.0081011191371342713 -0.016652961201163229 0.0014756865655018991 -0.01800798380755474 0.089406648557402948 -0.0002307641560377327 0.0030378029853928012 0.15029122823854016 0.04600202396200706 0.15990661796759664 0.046523826363731625 -0.01762430667907262 0.10021527400622135 -0.035995785006860181 0.0036692615199908742 0.16041489285068802 0.033029176811084894 -0.01727068983589768 0.13463097562316739 -0.0007028845766920089 0.010767526449340849
leaf_weight=57038.814194500446 181538.84311407432 9137.7217298746109 4616.0851611495018 28258.271267805248 18.687333822250366 22.770566880702972 222.00907880067825 10851.054937846959 1856.9161477163434 6417.0045708864927 426.66966277360916 1405.9929198026657 79.17989581823349 25.743703067302704 107.32024556398392 70.072721362113953 15.957657158374785 26.039372503757477 19.326237738132477 26.769100248813629 67.202219843864441 29.83410120010376 109.81486731767654 45.839114308357239 23.077989518642426 48.737293660640717 33.225700080394745 37.044560134410858 80234.926314994693 4835.2877522334456
leaf_count=71249 614203 125723 13764 113860 23 28 282 37595 6205 17908 535 1761 99 33 132 91 20 33 22 33 83 38 137 58 29 63 42 47 288895 17944
internal_value=-1.76936e-05 -8.09609e-05 -6.28435e-05 -5.01852e-05 -0.000170649 -0.000216002 -0.000219784 4.29261e-06 0.000216275 -5.80876e-05 0.000822261 0.00116515 0.003293 0.00438665 0.00376476 0.00576995 0.00807272 0.0140219 0.00239678 0.000641318 0.00255038 0.0087018 0.00136876 0.00326577 0.0056096 0.00851384 0.00526412 0.00849028 -9.06203e-05 -0.000359659
internal_weight=387646 206107 196970 192354 59900.1 57283.6 57260.8 132453 30115.2 102338 2616.53 2189.87 432.597 353.418 327.674 220.354 130.955 41.997 89.399 1757.27 351.275 56.6032 294.671 184.857 117.654 71.8153 88.9576 55.7319 95921.3 15686.3
internal_count=1310935 696732 571009 557245 74838 71559 71531 482407 120065 362342 3279 2744 542 443 410 278 165 53 113 2202 441 71 370 233 150 92 112 70 344434 55539
is_linear=0
shrinkage=0.05


Tree=127
num_leaves=31
num_cat=0
split_feature=9 1 17 16 16 16 10 16 1 17 10 10 0 16 5 17 10 0 17 17 0 1 16 1 5 17 16 0 0 5
split_gain=0.645139 0.648522 0.544257 0.613156 0.823784 1.75628 1.5709 0.878018 0.795949 0.660833 0.628978 0.755983 0.698656 0.66401 0.67483 0.652699 0.539335 0.523609 0.518954 0.514799 0.506648 0.697043 0.829368 0.686388 0.620673 0.502314 0.490919 0.61478 0.484149 0.461483
threshold=6.0390628155997765 1221.5000000000002 0.64725493382190846 0.78950820384860276 0.80843591680373295 0.80898032621629334 6.7186225464380014 0.81588595208918047 1315.5000000000002 0.64632798978931005 5.1764018462930723 6.0354018228882049 128.50000000000003 0.6262678782415706 0.37940952255126054 0.64675799809678969 2.1897638479828503 25.500000000000004 0.66507504340750978 0.8117955087897063 35.500000000000007 1797.5000000000002 0.84575235855813069 1326.5000000000002 1.0000000180025095e-35 0.79607112255342927 0.7878402286367705 67.500000000000014 37.500000000000007 1.0000000180025095e-35
decision_type=2 2 2 2 2 2 2 2 2 2 2 2 2 2 2 2 2 2 2 2 2 2 2 2 2 2 2 2 2 2
left_child=1 19 3 10 -5 6 -6 8 9 -7 12 15 26 14 -13 -12 -14 -15 -2 -1 21 22 23 -9 -24 -4 -3 -28 -22 -19
right_child=18 2 25 4 5 7 -8 20 -10 -11 11 13 16 17 -16 -17 -18 29 -20 -21 28 -23 24 -25 -26 -27 27 -29 -30 -31
leaf_value=-0.0011545417299903659 -0.030754341766728956 -0.01426413275640619 -0.00026189153835920465 -0.016869965883824323 0.15640674635514717 0.19646663444099877 0.0019494038701771911 -0.060982671019018955 0.029909078333428464 0.11397007169904141 0.064050066184035886 0.032052793177858606 0.050170624439342774 -0.058591059567484297 0.071437919895371987 -0.00722755971734328 -0.016935396810814175 0.025091152607576508 -0.0049888532462596842 -0.010682620934536714 -0.04120806629926077 -0.0016121109419986901 -0.064845207509996228 0.12124165169894513 0.17294437300671808 0.0038456607136540645 -0.035494508240871817 0.20213092814467745 -0.00022824158808192331 0.0023964289389791561
leaf_weight=194707.6747559756 608.61075586080551 1194.4503412246704 129264.91883660108 1546.6559378504753 23.45152473449707 23.676343202590942 21.8721062541008 18.703714787960052 467.85286873579025 16.910906255245209 387.50104230642319 32.235429883003235 21.881904482841492 51.390871286392212 16.274545609951019 86.906391441822052 16.975342035293579 1637.9342508539557 1245.6618672460318 9027.6012135371566 94.240964472293854 164.1786994934082 43.705751955509186 63.9814413189888 19.352476060390472 42979.354668691754 18.712556183338165 16.245510280132294 2692.9504577517509 1134.3760563135147
leaf_count=564320 755 1474 267015 1910 29 29 27 23 578 21 478 40 27 63 20 108 21 2028 5861 124203 116 203 54 79 24 336665 23 20 3324 1397
internal_value=-1.75813e-05 -1.31094e-05 5.54687e-05 0.000417672 4.52383e-05 0.000454948 0.0102361 0.000331993 0.00225772 0.00897436 0.000837128 0.00119647 -0.000111084 0.000891056 0.00669126 0.00304555 0.0064899 0.000791411 -0.000947979 -7.43904e-05 1.58551e-05 0.00193365 0.00445038 0.00774425 0.000131294 3.48347e-05 -0.000319717 0.00552061 -0.000197394 0.000884112
internal_weight=387646 385792 182057 9812.42 5197.53 3650.88 45.3236 3605.55 508.44 40.5872 4614.88 3346.62 1268.27 2872.21 48.51 474.407 38.8572 2823.7 1854.27 203735 3097.11 309.922 145.743 82.6852 63.0582 172244 1229.41 34.9581 2787.19 2772.31
internal_count=1310935 1304319 615796 12116 6417 4507 56 4451 628 50 5699 4134 1565 3548 60 586 48 3488 6616 688523 3823 383 180 102 78 603680 1517 43 3440 3425
is_linear=0
shrinkage=0.05


Tree=128
num_leaves=31
num_cat=0
split_feature=9 10 8 7 8 10 8 18 3 7 10 7 7 10 18 6 10 0 10 17 1 8 10 17 6 7 8 0 7 10
split_gain=0.644051 0.604797 0.617021 0.929307 0.761551 0.594793 0.58805 0.777015 0.741962 0.696109 0.776719 0.550688 0.959388 0.733409 0.906358 0.958529 0.83831 0.549437 0.534628 0.520157 0.51699 0.663932 0.677054 0.644632 0.751908 0.618863 0.554173 0.522553 0.944882 1.16745
threshold=6.0390628155997765 4.7959920073102493 1.0000000180025095e-35 3.0201273556387074 2.1383330595080281 4.887860577895828 1.2424533248940002 1.0625000000000002 1.0000000180025095e-35 3.9219243190762363 0.47873179439478714 2.3502401828962087 1.0397207708399181 5.8039889525589397 1.0791666666666668 1.0000000180025095e-35 4.9774592195155405 72.500000000000014 8.3125550392534944 0.66507504340750978 2003.5000000000002 5.2652741739841078 7.2061565359679971 0.64632798978931005 0.91597561503675351 3.9219243190762363 1.2424533248940002 46.500000000000007 6.4559841094561436 8.0968046622812135
decision_type=2 2 2 2 2 2 2 2 2 2 2 2 2 2 2 2 2 2 2 2 2 2 2 2 2 2 2 2 2 2
left_child=1 6 11 4 5 -4 9 -8 -9 -1 -11 12 -3 14 -14 16 -16 -10 20 -2 21 22 26 24 27 -24 -5 -22 29 -29
right_child=19 2 3 18 -6 -7 7 8 17 10 -12 -13 13 -15 15 -17 -18 -19 -20 -21 23 -23 25 -25 -26 -27 -28 28 -30 -31
leaf_value=-0.0015597432629921304 -0.029216624678392502 0.0066278277658547774 0.047344237076383446 0.0046187510171876948 0.0077217239551350186 -0.021165948800677261 -0.0038026966207332039 0.026332937723849703 -0.014263004910721877 0.030130664163791822 0.0048968321645800122 0.0070351494342502548 -0.00041455117223134776 -0.011908563310727517 -0.055719314984659124 -0.00097509308138019621 0.084807466954706784 -0.037048954910325428 0.0080617278424842016 -0.0047394105839467134 -0.010861592408090238 -0.0053812755948395635 -0.0078223543356219505 0.0016711122739197393 0.051576962888966987 0.0034207629448246737 -0.0032266126912682048 0.036561057154182473 -0.011048284972218615 0.042164734203709434
leaf_weight=80727.644358068705 608.61075586080551 12004.960701156408 89.102926786988974 9266.0454069934785 985.28367968648672 3888.1465478278697 25631.331966884434 399.36338687688112 2414.8905606418848 1101.3579902201891 3521.3081842958927 31388.908647999167 2716.51947382465 6974.0614020340145 39.882850833237171 105.02569821476936 149.79771999269724 721.2029684856534 7121.797875829041 1245.6618672460318 386.60102200508118 30874.199137814343 5291.0911546163261 53461.012910407037 133.84997507184744 50035.564883932471 55224.020709984004 720.25156104564667 379.83974158763885 38.903466463088989
leaf_count=269464 755 37394 270 30605 3234 12227 101460 441 2694 4123 12496 102226 9476 21945 45 114 164 794 19229 5861 476 110525 16610 185893 166 169337 191509 887 467 48
internal_value=-1.69804e-05 -1.25123e-05 2.81628e-05 -9.16017e-06 -0.000685547 -0.000993835 -0.000108866 -0.000302687 -0.000997556 -4.26314e-05 0.000554089 0.000180517 -1.13546e-05 -0.000373474 0.000278655 0.00291232 0.00503416 -0.00125604 6.60343e-06 -0.000946593 -8.13443e-06 -5.60624e-05 -2.78695e-06 0.000122893 0.00109342 0.000125535 -0.000112876 0.000778164 0.00131728 0.00233595
internal_weight=387646 385792 271275 217896 4962.53 3977.25 114517 29166.8 3535.46 85350.3 4622.67 53379.2 21990.2 9985.29 3011.23 294.706 189.681 3136.09 212933 1854.27 205811 150691 119817 55120.5 1659.45 55326.7 64490.1 1525.6 1138.99 759.155
internal_count=1310935 1304319 912847 741483 15731 12497 391472 105389 3929 286083 16619 171364 69138 31744 9799 323 209 3488 725752 6616 706523 518586 408061 187937 2044 185947 222114 1878 1402 935
is_linear=0
shrinkage=0.05


Tree=129
num_leaves=31
num_cat=0
split_feature=9 1 6 17 10 17 17 1 0 17 10 7 7 6 10 17 7 7 10 16 17 16 16 1 10 16 10 10 0 4
split_gain=0.627752 0.561061 0.540874 0.531223 0.48287 0.468788 0.459613 0.445001 0.452383 0.422994 0.573176 0.609616 0.538718 0.943424 0.706957 0.564838 0.556779 0.584305 0.550665 0.702063 0.585555 1.71686 0.670697 0.782011 0.573665 0.545405 0.877133 0.707037 0.542329 0.959912
threshold=6.0390628155997765 1221.5000000000002 -0.37940952255126015 0.66507504340750978 8.1894716571980375 0.64725493382190846 0.8117955087897063 17777.000000000004 62.500000000000007 0.64853776465145774 1.8913788188785896 1.0397207708399181 3.795426061844291 0.25881904510252057 3.7091449638409379 0.64805509467998179 4.7405652883788738 6.0198082819228818 5.1007818250360604 0.81953658246555017 0.64607191580427192 0.86681196525373416 0.83561204850757254 362.50000000000006 6.8352287666851659 0.77481306712307374 3.1220594398583335 2.5835315567622654 62.500000000000007 2.5000000000000004
decision_type=2 2 2 2 2 2 2 2 2 2 2 2 2 2 2 2 2 2 2 2 2 2 2 2 2 2 2 2 2 2
left_child=1 6 4 -2 -3 7 9 -4 -9 10 11 -1 13 -12 15 25 -14 -18 19 -16 21 22 23 24 -20 26 27 -15 -25 -30
right_child=3 2 5 -5 -6 -7 -8 8 -10 -11 12 -13 16 14 18 -17 17 -19 20 -21 -22 -23 -24 28 -26 -27 -28 -29 29 -31
leaf_value=-0.00044654452019137207 -0.027755793444472876 0.0022205552184320076 0.005720563053484274 -0.0045024400547493569 0.011338332258338869 -0.00098967664547788825 -0.010119691314283676 -0.042198605246649867 0.089389345742974025 -0.00060628677150920129 -0.0041330955434053301 -0.028640235910053453 -0.019752634662670677 0.1381929890912526 -0.048678176473798421 -0.04266827357617451 0.0089730463458069128 -0.0095605782651496229 0.082513621116415525 0.012799293571514381 0.010831754832407281 0.099449090233785065 -0.064180948149840614 -0.0037181762608997195 0.062319618524262405 0.044570819742358783 0.079212643704681271 -0.055652869930852847 -0.0027522973016187225 0.13002043260757185
leaf_weight=1230.8005777001381 608.61075586080551 84515.757068756968 5219.1801328286529 1245.6618672460318 4243.8255786262453 88035.900808177888 9027.6012135371566 17.844542980194092 24.182808697223663 176682.06615923345 4033.3569139838219 1872.4750502705574 2625.0297601819038 16.26704603433609 189.26963144540787 37.982428193092346 2610.9655265212059 4181.2044267654419 22.065842628479004 91.664543211460114 678.59586745500565 22.898507297039032 38.335579991340637 112.12233257293701 17.189430952072144 137.03271734714508 19.456041157245636 21.834682583808899 26.891624987125397 40.170065462589264
leaf_count=1524 755 286021 6452 5861 11938 311333 124203 22 30 542008 4993 2319 3247 20 235 47 3230 5175 27 114 845 28 47 137 21 170 24 27 33 49
internal_value=-1.61415e-05 -1.17303e-05 5.20561e-05 -0.000933916 0.000140413 -3.20036e-05 -6.87295e-05 0.000426467 0.00555087 -5.25589e-05 -0.000283285 -0.000901554 -0.000154709 0.000238216 0.00132177 0.00385129 -0.000384406 -0.000145397 0.000847036 -0.0010996 0.00141773 0.00334299 0.00217311 0.00324363 0.00963526 0.00493993 0.00902433 0.00461365 0.00184336 0.00540017
internal_weight=387646 385792 182057 1854.27 88759.6 93297.1 203735 5261.21 42.0274 194708 18025.6 3103.28 14922.3 5505.13 1471.78 232.573 9417.2 6792.17 1239.2 280.934 958.269 279.673 256.775 218.439 39.2553 194.59 57.5578 38.1017 179.184 67.0617
internal_count=1310935 1304319 615796 6616 297959 317837 688523 6504 52 564320 22312 3843 18469 6817 1824 288 11652 8405 1536 349 1187 342 314 267 48 241 71 47 219 82
is_linear=0
shrinkage=0.05


Tree=130
num_leaves=31
num_cat=0
split_feature=0 8 7 8 7 0 9 8 16 16 17 16 7 7 8 7 16 16 7 8 16 16 16 7 18 16 6 17 8 6
split_gain=0.46897 0.399691 2.28604 1.07491 0.860612 0.767375 0.689336 1.01556 0.762656 0.785896 1.0339 0.685232 0.532463 0.448036 0.801617 0.54945 0.623528 0.521432 0.433555 0.728653 0.67286 0.649842 0.470001 0.429431 0.717492 1.04757 0.536955 0.429371 0.619362 0.540127
threshold=24.500000000000004 2.249904835165133 4.1026092131977068 1.0000000180025095e-35 3.0201273556387074 87.500000000000014 1.0000000180025095e-35 2.8617925509761908 0.73379547857688465 0.90748563302870633 0.64632798978931005 0.86985364382818464 5.2284276452838947 5.0205801788306017 1.0000000180025095e-35 4.166635176627655 0.85011430646827157 0.6500768209777964 4.135134555718313 0.89587973461402759 0.78737496167786236 0.77844195728709664 0.70095262182836504 3.1984648276080736 1.0625000000000002 0.76875055652117463 -0.9159756150367534 0.65185921791924917 1.7005986908310777 -0.9159756150367534
decision_type=2 2 2 2 2 2 2 2 2 2 2 2 2 2 2 2 2 2 2 2 2 2 2 2 2 2 2 2 2 2
left_child=-1 2 3 -2 -5 13 8 -8 -3 11 12 23 -11 15 17 16 -4 -15 19 20 21 22 -7 24 -10 -26 -27 29 -29 -17
right_child=1 6 5 4 -6 18 7 -9 9 10 -12 -13 -14 14 -16 27 -18 -19 -20 -21 -22 -23 -24 -25 25 26 -28 28 -30 -31
leaf_value=-0.0070336464518311551 0.00084308393110417163 0.0082732444401576906 0.02780613817901554 -0.013288364118540397 -0.003028222820537252 0.052807821886750574 0.015996471615950282 -9.9223561205441516e-05 0.0033842000340967185 0.030223087903089231 0.013442330077128185 -0.012969211942190341 0.07500814049144694 0.049372371546817152 0.016134751399909341 0.01803765960270165 -0.018069591963155919 -0.012636617928360173 0.019997096913884117 0.0058711778886999305 0.058482233897709839 0.14019221462211987 0.048976393075847606 -0.0043537847462890916 -0.083799021390207562 -0.003312384254201817 0.063766447930690737 0.0096817841678433769 -0.0032282758516060995 -0.012521844162357154
leaf_weight=7151.5873391367495 118399.18351714686 6475.7944884449244 2206.61325718835 6959.0503852330148 40992.541770689189 5.4535737857222548 4235.3036539517343 94255.738266088068 1416.1616228371859 17.844675362110138 1571.7396701127291 6195.2353748902678 19.433196544647217 15.392570517957209 8986.1698733530939 611.99170655012131 461.24571873992682 1230.4935610257089 4097.987837985158 104.62191374599934 40.568199478089809 7.3076334595680228 31.886809535324574 60752.44672665745 46.986628696322441 30.336482167243958 119.51685643196106 10871.68982796371 7156.2201565280557 3031.0449950695038
leaf_count=24839 387323 16227 7515 22666 134255 18 14640 330076 5331 22 5606 20481 24 50 31861 769 1487 4595 13957 340 141 20 120 214843 60 33 129 42179 27555 3797
internal_value=-1.06584e-05 -3.11577e-06 4.42356e-05 -3.64219e-05 -0.000236139 0.000389523 -5.85979e-05 2.8909e-05 -0.000171046 -0.00021896 0.000873322 -0.000244594 0.00910319 0.000311272 0.000588885 0.000194563 0.000871646 -0.000599673 0.00102043 0.0033564 0.00678873 0.0110238 0.00835529 -0.000194774 0.000610436 0.00343897 0.00548145 0.000111209 0.000211256 -0.000383886
internal_weight=387498 380346 205209 166351 47951.6 38858.7 175137 98491 76645.5 70169.7 1609.02 68560.7 37.2779 34570.9 10232.1 24338.8 2667.86 1245.89 4287.83 189.838 85.2162 44.648 37.3404 62365.4 1613 196.84 149.853 21670.9 18027.9 3643.04
internal_count=1310959 1286120 678648 544244 156921 134404 607472 344716 262756 246529 5652 240877 46 119808 36506 83302 9002 4645 14596 639 299 158 138 220396 5553 222 162 74300 69734 4566
is_linear=0
shrinkage=0.05


Tree=131
num_leaves=31
num_cat=0
split_feature=0 10 7 16 17 17 0 0 0 4 5 0 7 16 16 0 10 0 7 16 4 16 7 0 5 16 0 10 7 7
split_gain=0.446893 0.382628 0.63441 0.630018 0.506347 0.827422 0.622527 0.516601 0.77384 0.749564 0.559584 0.494746 0.459201 0.477445 0.655165 1.12929 0.610796 0.769321 0.65569 0.536083 0.507209 0.614737 0.52439 0.493829 0.462351 0.589915 0.405415 0.462007 0.391818 0.822963
threshold=24.500000000000004 7.8101015432155938 6.6976511508909491 0.6500768209777964 0.64675799809678969 0.64632798978931005 34.500000000000007 73.500000000000014 88.500000000000014 3.5000000000000004 -0.9159756150367534 57.500000000000007 1.0397207708399181 0.79235388637407622 0.76559799429155406 43.500000000000007 8.1533614626534874 53.500000000000007 5.7252164247697896 0.76875055652117463 4.5000000000000009 0.70870188235304732 6.5139714008924194 60.500000000000007 0.37940952255126054 0.77792824209143629 55.500000000000007 8.0353250454199436 1.0397207708399181 2.1383330595080281
decision_type=2 2 2 2 2 2 2 2 2 2 2 2 2 2 2 2 2 2 2 2 2 2 2 2 2 2 2 2 2 2
left_child=-1 28 4 -4 5 12 -7 10 9 -9 11 -8 -3 14 20 -16 -15 18 -18 -17 22 -22 -14 -23 25 -21 -27 -28 -2 -30
right_child=1 2 3 -5 -6 6 7 8 -10 -11 -12 -13 13 16 15 19 17 -19 -20 24 21 23 -24 -25 -26 26 27 -29 29 -31
leaf_value=-0.006681964129239582 0.0024566869452794962 0.063710170689877638 0.026705112514939788 -0.00092003864933880579 0.0046167344032195688 0.09553569549520434 0.13474113755867645 0.026573091712063415 0.0066177904958670602 0.072068704911309303 0.013631165098719401 0.0037731593753062677 -0.036321221851083461 -0.024088192726273761 0.12353143577460179 0.039950430910662686 0.14728449319497683 -0.044879721133228759 0.0082087325197271362 -0.059552924462946424 0.069266560364309004 -0.096724500580191872 0.041328063916795402 0.030388517351227939 -0.12076782769279677 0.12352593862665513 -0.039462582776199497 0.056713864899381905 -0.005607166255004326 -0.00048880490874445568
leaf_weight=7151.5873391367495 40948.036380469799 27.631428956985474 722.23431245237589 40178.909985035658 26754.482213139534 29.961431324481964 36.624074995517731 27.431123971939087 45.149191498756409 17.11473935842514 214.5078786611557 28.28083747625351 272.02672779560089 384.60203891992569 36.612371861934662 19.459502220153809 21.932896077632904 48.696826815605164 24.2288938164711 33.269528031349182 16.193148851394653 18.758922815322876 26.088570356369019 26.885983824729919 39.030818045139313 16.234037160873413 17.853865563869476 17.838519930839539 19454.732390869409 250841.19230988249
leaf_count=24839 133748 34 2074 134434 86515 37 45 34 56 21 266 35 335 473 45 24 27 60 30 41 20 23 32 33 48 20 22 22 63457 864109
internal_value=-9.36929e-06 -2.00639e-06 0.000104426 -2.13718e-05 0.000286877 0.00119808 0.00313543 0.00257279 0.00587428 0.0105498 0.00151297 0.0055808 0.000459891 0.00028755 0.00130678 0.003767 -0.000860906 0.00273252 0.00735734 0.00176952 7.44663e-05 0.00419549 -0.000780357 0.00122617 0.000560766 0.0026254 0.00595571 0.00297615 -2.56364e-05 -4.74717e-05
internal_weight=387498 380346 69102 40901.1 28200.9 1446.41 399.069 369.108 89.6951 44.5459 279.413 64.9049 1047.34 1019.71 540.252 180.299 479.461 94.8586 46.1618 143.686 359.953 61.8381 298.115 45.6449 124.227 85.196 51.9264 35.6924 311244 270296
internal_count=1310959 1286120 224806 136508 88298 1783 494 457 111 55 346 80 1289 1255 665 222 590 117 57 177 443 76 367 56 153 105 64 44 1061314 927566
is_linear=0
shrinkage=0.05


Tree=132
num_leaves=31
num_cat=0
split_feature=0 8 7 10 8 7 18 6 8 17 10 16 8 7 10 10 10 16 17 5 0 7 7 8 8 18 16 8 0 0
split_gain=0.408555 0.381644 1.87398 0.784421 0.657845 0.922534 0.602556 0.705459 0.67988 0.582629 0.672611 0.580183 0.56114 0.521669 0.591674 1.08903 0.580994 0.548133 0.598633 1.28113 0.520894 0.576821 0.893591 0.877029 0.707505 0.86354 0.554159 0.783243 0.517216 0.564056
threshold=24.500000000000004 1.8688348091416842 4.1026092131977068 7.004218655558728 1.0000000180025095e-35 3.0201273556387074 1.0708333333333335 0.1294095225512602 6.6405290017835643 0.65185921791924917 0.0071637638140005979 0.73379547857688465 5.8245230014317348 2.9174053685313028 6.2098202892798655 6.2358486112362446 5.8817821543845819 0.86765078569965659 0.65266048731061865 -1.0000000180025095e-35 101.50000000000001 5.173316863805991 5.2496487501035594 2.740319461670996 3.0677824455408698 0.99583333333333346 0.76314558284360301 4.0859410030639109 78.500000000000014 141.50000000000003
decision_type=2 2 2 2 2 2 2 2 2 2 2 2 2 2 2 2 2 2 2 2 2 2 2 2 2 2 2 2 2 2
left_child=-1 2 4 6 -2 -6 8 28 11 -4 -11 -3 -5 -9 16 -16 17 18 19 -15 -13 -22 23 -23 25 -25 -26 -28 -8 -30
right_child=1 3 9 12 5 -7 7 13 -10 10 -12 20 -14 14 15 -17 -18 -19 -20 -21 21 22 -24 24 26 -27 27 -29 29 -31
leaf_value=-0.0063478659227775847 0.000817082653671597 0.010144901778490301 -0.0016798491068573008 0.0020612844117496201 -0.013199329895670875 -0.0018856431937209984 -0.013237710016996296 0.10990721196926637 0.018160926041311188 0.055411293501693715 0.010333386794023781 -0.0040071392573685751 -0.0030253416070023412 -0.06919720778868528 0.07462690627931963 0.011649943751243886 -0.037109263962681285 -0.037502999839417045 -0.00044715026043236074 0.13403400551122502 -0.0026542820988258112 -0.064544185640551671 0.01625543263348277 0.11527313949328083 0.13603127618463282 0.24645380646940707 -0.035278555956832505 0.18659335415601436 -0.035120815474584961 0.072480631161033135
leaf_weight=7151.5873391367495 118399.18351714686 4698.6659863293171 4475.2881260514259 82328.685773298144 6355.4242542870343 34026.961317520589 3717.9205251708627 28.123705685138702 1529.907937631011 292.76565507799387 22445.91769990325 65166.358977597207 30295.135811269283 25.836132645606995 19.274644397199154 932.88680841773748 261.05902784317732 88.403505802154541 893.81649812310934 19.691156029701233 2098.94808441028 17.316377084702253 1322.5279603302479 6.0386090464889985 5.310383364558219 7.5004287511110306 24.07351753115654 11.090639863163231 829.76359497010708 22.124294601380825
leaf_count=24839 387323 13106 5613 277776 20619 111461 4062 30 6395 1218 87336 250961 103904 29 21 1020 288 93 1001 22 7536 63 5118 30 11 15 91 48 906 24
internal_value=-9.8635e-06 -2.8235e-06 4.83743e-05 -5.18204e-05 -1.73305e-05 -0.000191596 -0.00016974 -0.000619001 -0.000128712 0.000431733 0.000534369 -0.000150469 3.3749e-05 0.000101668 1.67379e-05 0.000961956 -0.000681583 -0.00014654 0.000207695 0.00580046 -0.000187254 0.000407614 0.0011961 0.00664736 0.00978655 0.0196807 0.00647687 0.00420329 -0.000976842 -0.0020881
internal_weight=387498 380346 185996 194350 158782 40382.4 81726.6 6838.9 74887.7 27214 22738.7 73357.8 112624 2269.09 2240.97 952.161 1288.81 1027.75 939.344 45.5273 68659.2 3492.81 1393.86 71.33 54.0136 13.539 40.4745 35.1642 4569.81 851.888
internal_count=1310959 1286120 613570 672550 519403 132080 290870 7496 283374 94167 88554 276979 381680 2504 2474 1041 1433 1145 1052 51 263873 12912 5376 258 195 45 150 139 4992 930
is_linear=0
shrinkage=0.05


Tree=133
num_leaves=31
num_cat=1
split_feature=1 4 17 17 8 8 6 10 10 17 10 9 1 2 17 8 10 10 1 8 17 6 1 10 10 1 3 6 10 9
split_gain=0.610149 0.409468 0.619022 0.625655 0.496976 0.938169 0.616568 0.77609 0.934255 0.789511 0.923754 1.22941 1.10616 0.577261 0.574854 0.553509 0.530202 0.560288 0.482909 0.719356 1.37326 0.456448 0.449063 0.445045 0.566448 0.430961 0.421719 0.761468 0.54407 0.704245
threshold=246.50000000000003 4.5000000000000009 0.66656010559132584 0.65090371963234628 4.4367340276668159 3.6505739029280164 -0.37940952255126015 6.5736783256565259 6.8535334408403505 0.64607191580427192 8.0137018983129114 1.8688348091416842 1061.5000000000002 0 0.64867302866654353 4.5900436644025815 5.9812086984327735 5.6357330754872352 1079.5000000000002 4.1190041246092024 0.64725493382190846 -0.78656609248549325 704.50000000000011 7.4504533262904724 7.580229746060315 2753.5000000000005 1.0000000180025095e-35 0.91597561503675351 8.2503539996157595 3.2384861814448418
decision_type=2 2 2 2 2 2 2 2 2 2 2 2 2 1 2 2 2 2 2 2 2 2 2 2 2 2 2 2 2 2
left_child=-1 26 3 4 5 14 7 16 -9 -10 11 12 -11 15 -3 -6 17 -7 19 -8 -21 23 -23 -16 -25 -14 27 -2 29 -28
right_child=1 2 -4 -5 13 6 18 8 9 10 -12 -13 25 -15 21 -17 -18 -19 -20 20 -22 22 -24 24 -26 -27 28 -29 -30 -31
leaf_value=-0.007474935194520649 0.0036513302228262656 -0.0022705192557609609 0.0049596908871897497 -0.0060732239406488427 -0.051920723702064513 0.014601277997820095 0.0047775277045421401 0.15117408335990279 -0.023361976624641925 0.081045504382888739 -0.004049180931646479 0.11389946381893262 -0.00038539650324203038 -0.018303281366408887 0.027409158150331736 0.028608990200969277 -0.053114194889222734 0.1052395319637211 -0.012178296651203091 0.11580188405812475 0.018027691191919406 -0.031273179442126757 0.017547871401005156 0.079671590652701824 0.041605118828595571 0.055325512578132369 -0.00071540970033143756 -0.011578226065173025 0.0057939199479070114 -0.0079091242037291117
leaf_weight=13005.360252447426 39805.456312924623 4096.2267694473267 36042.97587864846 12859.853637158871 38.101273894309998 52.060327529907227 68.364521324634552 21.809682011604309 33.530035853385925 29.931200981140137 39.366532564163208 22.278728723526001 45.336633265018463 1030.5694501399994 514.16454386711121 482.63430917263031 41.969984412193298 18.135986149311066 226.88510239124298 16.172609746456146 29.435347318649292 288.36045598983765 1268.0292607545853 19.141216397285461 67.95612108707428 25.163507044315338 252155.73342207447 2827.6488645449281 9493.310225263238 12831.626096189022
leaf_count=42960 133220 5070 167772 16171 49 66 86 27 41 38 50 28 58 1298 667 607 53 23 287 20 37 378 1660 25 89 32 857272 9700 26691 46484
internal_value=-1.11113e-05 5.80821e-07 0.000123492 -8.99636e-05 0.000243554 0.000424776 0.00220231 0.00374431 0.00548703 0.0043926 0.00583742 0.00797544 0.00561828 -0.00056534 0.000234218 0.000786693 0.000366313 0.00302442 0.000711311 0.00336665 0.00823001 0.000894722 0.000442713 0.00206477 0.0053699 0.00219919 -2.16587e-05 0.000124645 -4.4383e-05 -5.77071e-05
internal_weight=387498 374492 57378.5 21335.5 8475.62 6924.32 670.44 329.583 217.416 195.607 162.077 122.71 100.431 1551.31 6253.88 520.736 112.166 70.1963 340.858 113.972 45.608 2157.65 1556.39 601.262 87.0973 70.5001 317114 42633.1 274481 264987
internal_count=1310959 1267999 194632 26860 10689 8735 846 416 274 247 206 156 128 1954 7889 656 142 89 430 143 57 2819 2038 781 114 90 1073367 142920 930447 903756
cat_boundaries=0 1
cat_threshold=5
is_linear=0
shrinkage=0.05


Tree=134
num_leaves=31
num_cat=0
split_feature=1 0 6 5 16 4 17 16 7 16 16 4 0 17 16 16 18 6 16 10 16 0 7 10 4 17 16 1 18 16
split_gain=0.554681 0.401612 0.427387 0.498534 0.421226 1.28307 1.29027 1.45682 0.76365 0.747202 0.93296 0.738392 0.609086 0.618295 0.592791 1.18237 0.815497 0.863666 0.577279 0.568505 0.551951 0.519408 0.800342 0.6815 0.496794 0.892545 0.583879 0.481486 0.618879 0.497387
threshold=246.50000000000003 54.500000000000007 0.37940952255126048 -0.37940952255126059 0.85011430646827157 1.5000000000000002 0.64725493382190846 0.8784123464990774 3.9981586158983733 0.8847782686317428 0.85153679219563605 3.5000000000000004 74.500000000000014 0.64853776465145774 0.8470278619941235 0.84649134540172921 1.0791666666666668 -0.5 0.84506216924924515 8.3382844508594918 0.81441168430396382 87.500000000000014 1.0397207708399181 8.2341025566602486 3.5000000000000004 0.70807993030371785 0.8861666780130667 1640.5000000000002 1.029166666666667 0.83867651399525556
decision_type=2 2 2 2 2 2 2 2 2 2 2 2 2 2 2 2 2 2 2 2 2 2 2 2 2 2 2 2 2 2
left_child=-1 -2 4 -4 11 6 7 8 -6 10 -8 14 13 -12 15 18 -16 -18 -3 -20 -13 -11 -23 -24 26 -26 -7 -22 -29 -30
right_child=1 2 3 -5 5 24 9 -9 -10 21 12 20 -14 -15 16 -17 17 -19 19 -21 27 22 23 -25 25 -27 -28 28 29 -31
leaf_value=-0.0071011884347946365 -0.00095493709118676939 0.00037972234753664847 0.0018418591074107261 -0.0039262001347094349 0.09087732579865844 -0.0039077071228578618 -0.057929419260056902 0.028972501201256984 0.072697889204521235 -0.0057702302756182274 0.11509791460282887 0.0041127565595257655 0.0057357092772467588 0.046329539981984927 0.016642881500990005 -0.044033705875334332 0.10190470871498765 0.071971593531426001 0.027948837746966815 0.083463814320171803 0.0055415281220083214 0.10434374507795452 0.0021095044488491864 0.1691359524506284 -0.02256459064554224 -0.0027091247800998587 0.0096201049577242514 0.010298545934841542 0.026590132848952397 0.04012967679066004
leaf_weight=13005.360252447426 174299.11998460814 71836.216017130762 22714.462831478566 29487.599421039224 24.296975195407867 10846.049440272152 80.008071079850197 106.91171848773956 20.992753803730011 1303.9292578175664 25.995547652244568 37327.262838609517 383.89747644215822 580.17002367973328 1102.6631780862808 606.72176374495029 36.259143233299255 28.474682450294495 540.97571764886379 7.7524407133460036 6330.6065446287394 50.850357413291931 252.56280697882175 14.547677122056482 2852.8834553360939 4911.0744714736938 3681.3215510770679 3856.0266828089952 927.13968342542648 255.45552343130112
leaf_count=42960 595045 242572 77452 100302 30 34667 203 132 26 4194 32 128502 1130 1727 3863 1151 38 30 1905 20 19586 167 841 41 3885 21683 12754 14620 1097 304
internal_value=-1.09235e-05 2.2455e-07 4.85387e-05 -7.44683e-05 9.1928e-05 -9.45655e-05 0.00090553 0.00538428 0.0129001 0.000652305 0.00167786 0.000130083 0.00209755 0.00308449 3.07529e-05 1.28752e-05 0.00114856 0.00660271 3.12991e-05 0.00164689 0.000281352 -2.43237e-05 0.00178766 0.000693141 -0.000222168 -0.000545049 -4.9609e-05 0.000586366 0.000951089 0.00195171
internal_weight=387498 374492 200193 52202.1 147991 25135.5 2844.16 152.201 45.2897 2691.96 1070.07 122856 990.063 606.166 74159.1 72991.7 1167.4 64.7338 72384.9 548.728 48696.5 1621.89 317.961 267.11 22291.3 7763.96 14527.4 11369.2 5038.62 1182.6
internal_count=1310959 1267999 672954 177754 495200 81512 8523 188 56 8335 3092 413688 2889 1759 249579 245648 3931 68 244497 1925 164109 5243 1049 882 72989 25568 47421 35607 16021 1401
is_linear=0
shrinkage=0.05


Tree=135
num_leaves=31
num_cat=1
split_feature=17 16 16 16 3 2 16 16 16 4 16 4 4 10 16 17 16 8 0 0 3 17 17 17 16 4 16 16 10 0
split_gain=0.615296 0.563155 0.909569 1.49168 0.637518 0.567949 0.563355 0.55828 1.94797 2.32362 1.34408 1.3038 1.0062 1.12005 1.02256 0.980643 0.856218 0.853242 0.748376 0.817371 0.70927 0.682757 0.595353 0.587631 0.586337 0.582795 0.579921 0.649671 0.588779 0.587917
threshold=0.78997110768990131 0.76640384685231278 0.76654570564470936 0.77084640888616696 1.0000000180025095e-35 0 0.75969361271235591 0.84649134540172921 0.8470278619941235 2.5000000000000004 0.84425539163094909 1.5000000000000002 1.5000000000000002 4.4818906257795668 0.84373940648526213 0.66507504340750978 0.93504912530908568 3.7012257604091228 44.500000000000007 45.500000000000007 1.0000000180025095e-35 0.66656010559132584 0.64632798978931005 0.66507504340750978 0.84797720773251295 3.5000000000000004 0.87606775566422657 0.86308177560703947 5.6056556283943264 53.500000000000007
decision_type=2 2 2 2 2 1 2 2 2 2 2 2 2 2 2 2 2 2 2 2 2 2 2 2 2 2 2 2 2 2
left_child=7 6 4 -4 -3 -6 -2 10 11 15 12 -9 13 -1 -14 16 18 -17 22 -20 -15 -16 -10 -13 -11 26 27 -26 -29 -28
right_child=1 2 3 -5 5 -7 -8 8 9 24 -12 23 14 20 21 17 -18 -19 19 -21 -22 -23 -24 -25 25 -27 29 28 -30 -31
leaf_value=-0.016994634108876472 0.0036318701564387549 0.011032550987967139 0.023426455181136244 0.00022587015762889353 -0.0030275425473161202 -0.020231535872995601 0.016062928071453264 0.11153578031135553 -0.039420760845432223 0.035197092630995179 0.021182530662151103 -0.041686755869293463 -0.00015506937237346198 0.015696915584560458 -0.010903504775214979 0.0029210138838031033 -0.010787477568222093 -0.020923351577672111 0.073511883868509029 0.014865304369231148 -0.005796733384632758 -0.062318155040525763 0.0049553141727493259 0.0066082976239307594 -0.0013094011369542136 -0.014943872122498992 -0.010968576876295223 -0.0054665542727321383 -0.028855913403835132 0.017315938062115777
leaf_weight=6586.752512767911 26781.586875289679 2138.0663655549288 3812.8291686698794 140354.58623737097 5745.8060378804803 6998.3638871498406 5168.5576120018959 25.316250085830688 220.78046458959579 422.3020544052124 1698.6131975352764 1339.2064997553825 140555.6238630712 2233.0236752256751 357.89432442188263 3863.8958238363266 847.01829725503922 1391.6652433872223 153.08687204122543 5195.9665713310242 10706.080471768975 372.02322489023209 2035.5494218468666 205.74828431010246 3523.7011965513229 9035.6753926575184 1287.2045147716999 1364.228954821825 1843.5613315701485 1667.0252324342728
leaf_count=9390 118281 33258 16917 642453 89372 109211 22740 31 272 620 2474 1669 198382 3150 456 7000 1044 2519 190 6468 15143 676 2544 349 5115 13191 1916 1984 2694 2460
internal_value=-2.56933e-05 3.82472e-05 -2.32976e-07 3.81839e-05 -0.000372385 -0.000506426 0.000229804 -8.77077e-05 -0.000270627 -0.000188393 -4.89627e-05 -0.00199105 -6.37413e-05 -0.000400173 -1.72459e-05 0.000308543 0.000642014 -0.000227771 0.000809956 0.00113209 -0.000129984 -0.00188385 4.62842e-05 -0.00217548 -0.000544227 -0.000585787 -0.00031634 -0.000572644 -0.00108747 0.000267672
internal_weight=387932 191000 159050 144167 14882.2 12744.2 31950.1 196932 34421.9 32851.7 162510 1570.27 160811 19525.9 141286 13708 8452.4 5255.56 7605.38 5349.05 12939.1 729.918 2256.33 1544.95 19143.7 18721.4 9685.72 6731.49 3207.79 2954.23
internal_count=1311969 1032232 891211 659370 231841 198583 141021 279737 50066 48017 229671 2049 227197 27683 199514 20037 10518 9519 9474 6658 18293 1132 2816 2018 27980 27360 14169 9793 4678 4376
cat_boundaries=0 1
cat_threshold=3
is_linear=0
shrinkage=0.05


Tree=136
num_leaves=31
num_cat=0
split_feature=17 4 16 16 16 16 16 4 16 16 16 16 17 16 16 16 16 16 17 16 16 16 17 16 16 16 16 17 17 16
split_gain=0.575024 0.54046 0.608759 0.532054 0.575355 1.07845 0.53918 0.705151 1.50567 1.44207 3.06965 1.41578 1.37808 1.35633 1.19372 1.12539 2.5572 1.77389 1.24415 1.03532 1.26007 2.27204 1.25055 1.009 1.79459 2.15291 1.23675 0.942425 0.931207 1.19919
threshold=0.67112732600106184 4.5000000000000009 0.86985364382818464 0.76640384685231278 0.76654570564470936 0.77084640888616696 0.97182285662211954 1.5000000000000002 0.83744152111093351 0.81496621376278278 0.79001139522371822 0.81055355588102429 0.79839976814429703 0.81399107482384137 0.89111819891260613 0.82537325419067853 0.83561204850757254 0.83468210669106557 0.79383782107478895 0.83214013540678655 0.83256737835245809 0.83375273960117646 0.80045525943363083 0.82340483352627902 0.81759950385457481 0.82005847370157603 0.82137319586356661 0.78997110768990131 0.7957125904581609 0.81001179525997946
decision_type=2 2 2 2 2 2 2 2 2 2 2 2 2 2 2 2 2 2 2 2 2 2 2 2 2 2 2 2 2 2
left_child=-1 3 -3 -2 -5 -6 7 8 9 10 -7 28 13 -13 -10 23 17 19 -19 -17 -21 22 -22 24 -11 27 -27 -26 29 -12
right_child=1 2 -4 4 5 6 -8 -9 14 15 11 12 -14 -15 -16 16 -18 18 -20 20 21 -23 -24 -25 25 26 -28 -29 -30 -31
leaf_value=-0.001803820820071156 0.0045866202297110362 0.0055162277156137534 -0.010201563029261729 -0.0089687018642154118 0.019465272584140703 -0.02494040002340725 0.021246225056944068 1.6117352244271466e-05 0.017384672382973854 -0.034145650714580325 0.034551845822324977 -0.018332490540126912 0.079128670379463237 0.073958507461076947 -0.0075781531717646015 0.037433638624525548 -0.033171649656668301 0.20317841154509628 0.089171679747577448 -0.04348612466145281 0.16476492887065164 -0.010038660469768913 0.026934847218412217 -0.034262422968270319 0.15160699079422468 -0.028820914139253386 0.017820434766119941 0.042579767701808852 0.0096262225097057952 0.12806559030330453
leaf_weight=155958.4017630294 32415.655673995614 32480.083033896983 2502.3098063394427 12618.780531402677 3847.7805765643716 3477.8977152779698 820.14696589112282 125750.19210001081 3408.694467715919 1697.3803309425712 1216.1339887231588 1331.6588511317968 116.51600229740143 24.669706970453262 2410.9339721724391 831.73449505120516 1213.8262660056353 9.2614929080009478 16.354904241859913 446.1557247787714 70.561644941568375 361.77859849482775 49.75442723929882 2239.3089962825179 20.380850940942764 759.60617364943027 409.62377101182938 417.84854723513126 974.75187531858683 33.556604787707329
leaf_count=201781 126641 157337 10921 196475 15150 13746 3613 512993 14608 5493 3377 3388 888 86 10055 3049 5196 20 64 2593 217 2274 470 8439 41 3320 1253 2326 6045 110
internal_value=-2.45592e-05 2.53546e-05 0.00020646 -6.80676e-06 -4.32754e-05 -1.6335e-05 -3.78047e-05 -4.49235e-05 -0.000309271 -0.000563641 -4.10567e-05 0.000961974 -0.000240452 -0.000688722 0.000377783 -0.00100253 -0.000222337 0.000981366 0.0140442 0.000791238 -0.000356685 0.00141551 0.00736764 -0.00142461 -0.000869375 0.000327907 -0.000792341 0.00331681 0.00175812 0.00266162
internal_weight=387932 231973 34982.4 196991 164575 151957 148109 147289 21538.4 15718.8 7175.18 3697.29 1472.84 1356.33 5819.63 8543.58 2999.43 1785.6 25.6164 1759.98 928.25 482.095 120.316 5544.15 3304.84 1607.46 1169.23 438.229 2224.44 1249.69
internal_count=1311969 1110188 168258 941930 815289 618814 603664 600051 87058 62395 27640 13894 4362 3474 24663 34755 13883 8687 84 8603 5554 2961 687 20872 12433 6940 4573 2367 9532 3487
is_linear=0
shrinkage=0.05


Tree=137
num_leaves=31
num_cat=0
split_feature=17 17 16 16 1 16 16 17 4 16 16 4 4 16 16 4 10 17 17 16 8 0 0 7 16 16 16 16 16 16
split_gain=0.49167 0.533834 0.715852 0.542185 0.652698 0.649262 1.09475 0.730529 0.533876 0.520893 1.79615 2.03887 1.28477 1.0929 0.880171 0.911475 1.09485 0.86497 0.772758 0.755213 0.710316 0.651409 0.750795 0.621909 0.615804 2.31319 1.40476 3.27843 1.48165 2.26224
threshold=0.78997110768990131 0.79273943809408642 0.88926421891343954 0.76640384685231278 7201.5000000000009 0.76654570564470936 0.77084640888616696 0.80159729966194859 2.5000000000000004 0.84649134540172921 0.8470278619941235 2.5000000000000004 1.5000000000000002 0.84425539163094909 0.84373940648526213 1.5000000000000002 4.4818906257795668 0.66507504340750978 0.66656010559132584 0.93504912530908568 3.7012257604091228 44.500000000000007 45.500000000000007 1.0397207708399181 0.79786200270967511 0.79397100198119108 0.81536292963384094 0.81901187298636557 0.81327991938713906 0.8127814019877837
decision_type=2 2 2 2 2 2 2 2 2 2 2 2 2 2 2 2 2 2 2 2 2 2 2 2 2 2 2 2 2 2
left_child=9 2 -2 -3 5 -5 -7 -8 -9 13 12 17 -11 14 15 16 -1 19 -16 21 -19 -12 23 -23 25 -18 28 -28 29 -26
right_child=1 3 -4 4 -6 6 7 8 -10 10 11 -13 -14 -15 18 -17 24 20 -20 -21 -22 22 -24 -25 26 -27 27 -29 -30 -31
leaf_value=-0.01605471136242911 0.003294003846811533 0.0054128043843226338 0.020291883493342835 -0.0092040559252672075 0.011014437116843245 0.019374499974336823 -0.00211926429097542 -0.001907306974255274 0.0085068197512876195 0.10604918233679131 0.00053082467064661241 -0.0093908908856147125 -0.035681391319786607 0.020213595170047106 -0.0039264105595102627 -8.4099681710858576e-05 0.0022992455845630036 0.0024399492147757496 -0.059203053156111698 -0.010157912648807433 -0.019877989866400728 -0.046312219043508754 0.014212230191773157 0.074672689996696295 -0.0083024485619914053 0.095493155281745734 0.066503133714604909 -0.0012762335212252564 -0.041560146129404535 0.10735413656504336
leaf_weight=6586.752512767911 28727.19256708771 26518.902986600995 1519.3166327625513 14498.361421633512 3213.4908207729459 3042.5171525031328 90488.202996745706 8966.4479977488518 14025.363608062267 25.316250085830688 2256.3298864364624 19143.698677212 1544.954784065485 1698.6131975352764 359.41578429937363 140555.6238630712 5909.143074400723 3863.8958238363266 372.02322489023209 847.01829725503922 1391.6652433872223 15.454415678977965 5195.9665713310242 137.63245636224747 3184.6135829985142 153.9591523706913 218.54010584950447 2195.6078024208546 1258.8132595121861 16.905709564685822
leaf_count=9390 93354 123534 5048 226060 19451 14249 340146 81935 128455 31 2816 27980 2018 2474 458 198382 8272 7000 676 1044 2519 20 6468 170 4322 235 307 3351 1780 24
internal_value=-2.44791e-05 3.26781e-05 0.000225386 -3.58081e-06 -4.43948e-05 -6.16617e-05 -2.24004e-05 -4.7495e-05 0.000204179 -7.99145e-05 -0.000256603 -0.000177639 -0.00190862 -4.24894e-05 -5.58156e-05 -4.79086e-05 -0.000368026 0.000287854 -0.00178633 0.000601041 -0.000215837 0.000758766 0.0010593 0.0045104 -0.000100868 0.000266445 -0.000424829 0.000546695 -0.000950665 -0.000379237
internal_weight=387932 191000 30246.5 160753 134234 131021 116523 113480 22991.8 196932 34421.9 32851.7 1570.27 162510 160811 160080 19524.3 13708 731.439 8452.4 5255.56 7605.38 5349.05 153.087 12937.6 6063.1 6874.48 2414.15 4460.33 3201.52
internal_count=1311969 1032232 98402 933830 810296 790845 564785 550536 210390 279737 50066 48017 2049 229671 227197 226063 27681 20037 1134 10518 9519 9474 6658 190 18291 8507 9784 3658 6126 4346
is_linear=0
shrinkage=0.05


Tree=138
num_leaves=31
num_cat=0
split_feature=8 7 7 10 10 0 8 9 8 16 16 7 4 18 8 7 9 18 7 7 10 16 7 7 7 10 16 16 7 16
split_gain=0.473725 1.26623 1.04705 1.19593 0.855283 0.775941 0.733941 0.829091 1.09876 0.791852 0.79679 0.6567 0.630182 0.794799 0.582179 0.656267 0.604274 1.2094 0.563805 0.88231 0.798103 0.78047 0.760272 1.40777 1.17223 0.860084 0.932984 0.744945 0.571216 0.806652
threshold=1.0000000180025095e-35 3.9219243190762363 3.4175922930736511 0.1970491786496901 5.383420565988323 149.50000000000003 1.8688348091416842 1.0000000180025095e-35 2.602003343538398 0.7355916861827595 0.97182285662211954 3.1984648276080736 1.5000000000000002 1.0458333333333336 4.1971736807086968 7.0854828791590796 4.9308638091439496 1.0458333333333336 3.0201273556387074 3.1132683346437333 0.098905681065719467 0.80530725634941192 2.524928003624769 2.3502401828962087 1.0397207708399181 0.031737426730471384 0.76147646873488994 0.81634941973475705 1.0000000180025095e-35 0.97182285662211954
decision_type=2 2 2 2 2 2 2 2 2 2 2 2 2 2 2 2 2 2 2 2 2 2 2 2 2 2 2 2 2 2
left_child=2 -2 11 -4 -5 -6 -3 9 -9 -8 -11 18 13 -12 15 -10 -17 -18 22 21 -21 -20 23 24 28 26 -24 -26 29 -1
right_child=1 6 3 4 5 -7 7 8 14 10 12 -13 -14 -15 -16 16 17 -19 19 20 -22 -23 25 -25 27 -27 -28 -29 -30 -31
leaf_value=-0.0068406189699030673 -0.0053623655053063775 0.0046952425941352519 0.027855285514601348 -0.0066214426913980612 0.012169689503515735 0.11717911077011332 0.0083143881357376163 0.017729668651272457 0.0017212959810774199 -0.0043282929342702394 0.10024815774199843 -0.014865042804686769 -0.045185232908783624 0.094884315061427901 -0.0010683064943103116 0.015037587531596876 0.037693675197793521 0.20166207132994551 0.027216068874198654 -0.033331658715104066 0.0027842097951734424 0.0040738596274283887 -0.059590650831596294 0.0098196190684828114 -0.01020425505332594 -0.0026528353264168914 -0.012432574119663808 -0.00030057779895966699 0.0041068969791078214 0.034245519223278724
leaf_weight=6674.3976810313761 52441.622038006783 27170.187145438045 1850.7595083415508 4876.2767244689167 9357.1268931142986 5.8336842395365229 7144.4505529999733 3440.9788179509342 21837.760599952191 72748.039012100548 133.61785567551851 2960.1200043074787 67.45525050163269 18.464445292949677 71305.979516379535 4305.3500079028308 20.204750899225477 7.2902818322181693 3042.0150265172124 738.67065541818738 2626.7738256342709 2434.3205087631941 477.11466385424137 17138.116162266582 13492.364845793694 12812.162996154279 2940.3836097046733 10142.021186359227 35682.698163513094 39.183444835245609
leaf_count=24900 171915 92834 6729 17219 31648 16 17914 11847 75852 257030 514 9685 232 21 250049 15339 98 8 10770 2565 8526 7537 1164 55485 45568 41247 10372 31316 113449 120
internal_value=-2.47828e-05 -6.33956e-05 5.42813e-05 0.000431272 0.000275863 0.000555515 -8.08577e-06 -4.44548e-05 5.08823e-05 -0.000164551 -0.00021374 -2.66861e-07 0.00279395 0.00457804 1.98846e-05 0.000221584 0.000783693 0.00817255 1.98269e-05 0.00040244 -0.000234699 0.00079399 -1.42077e-05 4.6878e-05 -5.79229e-05 -0.000327241 -0.001032 -0.000340082 9.93707e-05 -0.000323744
internal_weight=387932 260641 127290 16090 14239.2 9362.96 208200 181030 100918 80112 72967.6 111200 219.538 152.082 97476.6 26170.6 4332.85 27.495 108240 8841.78 3365.44 5476.34 99398.4 83168.8 66030.7 16229.7 3417.5 23634.4 42396.3 6713.58
internal_count=1311969 893653 418316 55612 48883 31664 721738 628904 353193 275711 257797 362704 767 535 341346 91297 15445 106 353019 29398 11091 18307 323621 270838 215353 52783 11536 76884 138469 25020
is_linear=0
shrinkage=0.05


Tree=139
num_leaves=31
num_cat=1
split_feature=17 11 16 17 10 10 17 0 2 16 1 8 5 17 10 6 1 17 8 10 5 0 16 0 8 16 17 1 1 6
split_gain=0.494365 0.538982 0.556806 1.01038 0.600157 0.475493 0.737065 0.527954 0.580549 0.622483 0.542496 0.531391 0.653998 0.52238 0.662756 0.78652 0.624247 0.513107 0.978078 0.672746 0.6445 0.650368 0.741253 0.54847 0.504792 0.71883 0.661071 0.610252 0.651315 0.77981
threshold=0.66268314391858796 1.0000000180025095e-35 0.72594608427542362 0.66197798957202592 7.7437006301226488 3.1220594398583335 0.64725493382190846 69.500000000000014 0 0.68333810207629286 10898.500000000002 2.8617925509761908 -0.5 0.6484252398823479 2.7067481026702671 -0.78656609248549325 2678.5000000000005 0.65047227725875179 3.9415346756528771 2.0502184835072974 -0.98296291314453399 79.500000000000014 0.70870188235304732 44.500000000000007 1.0000000180025095e-35 0.8861666780130667 0.64927633572046617 371.50000000000006 1905.5000000000002 -0.37940952255126015
decision_type=2 2 2 2 2 2 2 2 1 2 2 2 2 2 2 2 2 2 2 2 2 2 2 2 2 2 2 2 2 2
left_child=1 5 3 4 -3 13 7 8 9 -7 -9 -12 -13 14 -1 -16 -17 18 -15 20 21 22 -19 -24 25 -8 -27 -28 -29 -30
right_child=-2 2 -4 -5 -6 6 24 10 -10 -11 11 12 -14 17 15 16 -18 19 -20 -21 -22 -23 23 -25 -26 26 27 28 29 -31
leaf_value=-0.017756019123225976 0.00030299816769356895 0.020060788201175007 0.0013587280570317329 0.049881956290282317 -0.091476712728984833 0.041543642534860009 0.00051963574536277872 0.010776226236537491 -0.0045146309017057408 0.007366418441400735 0.034909811804882153 0.11695560695577001 0.027004943476227797 0.0046405926037222933 -0.037370100030116697 0.043074754640698057 -0.081845415336527338 0.076556812475597938 0.16964692654385063 -0.016314240858691886 -0.0052706213768511263 0.073203984502020467 -0.038057177525379994 0.024798387953987856 -0.0042184973694115785 -0.037580077080360444 0.070412270505192123 0.0083076889096682215 -0.011571398102264442 0.06191386946096411
leaf_weight=3530.2902756333351 262756.07836226746 1308.588324368 12739.862014435232 99.590972065925598 59.204547822475433 161.77667742967606 14440.046974182129 4519.7849782705307 7022.028129003942 4422.9505112171173 34.860933423042297 16.944359123706818 16.204012334346771 3051.7709409594536 120.32892501354218 232.43321573734283 42.071253538131714 15.641925334930418 29.008500218391418 2011.960179746151 6701.6136406064034 66.703410565853119 94.356687545776367 179.3872377872467 63763.821732223034 97.930609881877899 62.932716965675354 291.89173269271851 17.314362287521362 24.361716568470001
leaf_count=4363 1157193 1631 15813 110 74 200 17832 5581 8671 5459 43 21 20 3937 149 287 52 20 37 2475 8178 80 114 218 78797 122 78 361 22 31
internal_value=-2.37432e-05 -0.00010552 0.000184442 0.00110675 0.000752723 -0.000142644 -0.000100044 0.000207144 2.76579e-05 0.000464703 0.000661229 0.00509365 0.00962608 -0.000394108 -0.000895584 0.00104717 0.00252468 -0.00023211 0.000325388 -0.000421481 -0.00019156 0.00188125 0.000855351 0.000250445 -0.000163258 9.84015e-05 0.00197305 0.00288166 0.00202964 0.00787675
internal_weight=387932 125176 14207.2 1467.38 1367.79 110968 94892.8 16194.5 11606.8 4584.73 4587.79 68.0093 33.1484 16075.6 3925.12 394.833 274.504 12150.4 3080.78 9069.66 7057.7 356.089 289.386 273.744 78698.3 14934.5 494.431 396.501 333.568 41.6761
internal_count=1311969 154776 17628 1815 1705 137148 117238 19995 14330 5659 5665 84 41 19910 4851 488 339 15059 3974 11085 8610 432 352 332 97243 18446 614 492 414 53
cat_boundaries=0 1
cat_threshold=5
is_linear=0
shrinkage=0.05


Tree=140
num_leaves=31
num_cat=0
split_feature=1 16 18 17 12 16 4 6 5 17 3 1 17 3 1 0 5 16 9 10 0 0 6 18 16 16 9 9 1 5
split_gain=0.541412 0.795433 0.851488 0.502047 0.481554 0.698841 0.550958 0.54504 0.652968 1.25156 0.483068 0.765948 0.456876 0.490058 0.573806 0.469897 0.465452 0.893351 0.682921 0.65595 1.07783 0.954425 0.888178 0.803661 0.971623 1.13217 0.504332 0.848232 0.463156 0.453543
threshold=5746.5000000000009 0.8784123464990774 1.0625000000000002 0.6484252398823479 1.0000000180025095e-35 0.97182285662211954 1.5000000000000002 0.37940952255126048 0.78656609248549325 0.65232474344564295 1.0000000180025095e-35 846.50000000000011 0.72406633601923109 1.0000000180025095e-35 467.50000000000006 120.50000000000001 0.37940952255126054 0.7320314144775445 5.0005792898547883 0.0040779931159931546 98.500000000000014 119.50000000000001 0.37940952255126048 1.0791666666666668 0.76314558284360301 0.79511889808813974 4.1510089048756029 4.3757372435704527 279.50000000000006 0.12940952255126045
decision_type=2 2 2 2 2 2 2 2 2 2 2 2 2 2 2 2 2 2 2 2 2 2 2 2 2 2 2 2 2 2
left_child=4 -2 3 -3 12 6 -6 -8 29 -10 -7 -12 16 -14 -15 -16 -1 18 26 20 23 22 -22 -19 -25 -26 -18 -28 -27 -9
right_child=1 2 -4 -5 5 10 7 8 9 -11 11 -13 13 14 15 -17 17 19 -20 -21 21 -23 -24 24 25 28 27 -29 -30 -31
leaf_value=-0.00053401173502778401 0.0036316683076345058 0.13558391545620066 0.074240855540346345 0.012330107881436625 -0.016515201072582555 0.00047421272554872831 -0.012449931442017548 0.013367268973124369 0.19735480716396994 0.03105630111347947 0.039166362559086836 0.032890824454990676 0.0041249975418051312 -0.0066831270570416046 0.00013909089036110434 0.013393304783441985 0.0086171181105106683 -0.0030924943320649548 -0.063934442056829036 -0.0060129001128646836 0.19374253942549113 -0.024591079840348209 0.0028852378164823779 -0.028213279935792947 0.14154644173066802 -0.035049712748693097 0.11407748960255044 0.019100321440662916 0.069093912967186588 -0.014392320503215473
leaf_weight=113406.28361041099 14913.253044359386 23.339219629764557 42.386402368545532 434.32966078817844 899.07709902897477 18.553684525191784 4199.075929556042 825.76362892240286 30.01341700553894 118.02203540503979 12.23988611251116 10.291282653808592 32366.738788571209 13134.235605493188 150201.9180742763 3207.6552627384663 6052.7770673036575 648.76011919975281 85.335254311561584 46522.744684696198 25.268027484416962 23.279037594795227 14.477678596973417 24.818143963813782 22.608540415763855 21.997581660747528 27.296278834342957 57.075577199459076 73.114401757717133 368.16019076853991
leaf_count=152937 50340 29 46 1662 3294 57 15484 3202 37 508 41 29 161139 66508 766578 15582 8017 927 115 63186 33 33 20 26 24 23 34 74 77 1427
internal_value=-1.96495e-05 0.000270739 0.0022323 0.0016044 -3.16685e-05 -0.000458889 -0.000500359 -0.00031407 0.000563124 0.00369534 0.00604147 0.0109614 -2.41014e-05 2.70921e-05 -7.50583e-06 1.96501e-05 -8.50749e-05 -0.000206492 0.00035676 -0.000280469 0.00109244 0.00738531 0.0120942 0.000591233 0.00399071 0.00588615 0.000418527 0.00425757 0.00349549 0.000174759
internal_weight=387811 15413.3 500.055 457.669 372398 6481.2 6440.11 5541.04 1341.96 148.035 41.0849 22.5312 365916 198911 166544 153410 167006 53599.6 6222.48 47377.1 854.324 63.0247 39.7457 791.299 142.539 117.721 6137.15 84.3719 95.112 1193.92
internal_count=1311489 52077 1737 1691 1259412 24079 23952 20658 5174 545 127 70 1235333 1009807 848668 782160 225526 72589 8240 64349 1163 86 53 1077 150 124 8125 108 100 4629
is_linear=0
shrinkage=0.05


Tree=141
num_leaves=31
num_cat=0
split_feature=12 8 10 8 18 17 6 5 0 9 18 10 0 10 17 4 0 18 9 0 10 17 17 8 8 0 17 6 5 17
split_gain=0.427195 0.40896 0.446732 0.464442 0.582631 1.129 0.620036 0.534488 0.49942 0.488417 0.478185 0.43966 0.420003 0.583334 0.54775 0.445296 0.414651 0.807946 0.400446 0.705832 0.48122 0.752684 0.493475 0.524422 1.4027 0.723928 1.42359 0.385828 0.854871 1.06618
threshold=1.0000000180025095e-35 8.0173072902757028 7.9504083152704217 1.0000000180025095e-35 1.0541666666666669 0.72406633601923109 0.98296291314453421 0.12940952255126045 37.500000000000007 3.8393944990995772 1.0708333333333335 3.8494083025890826 69.500000000000014 5.4792697198747033 0.65737091758083455 2.5000000000000004 148.50000000000003 1.0458333333333336 2.249904835165133 77.500000000000014 8.3679307178720688 0.65185921791924917 0.65232474344564295 4.0689902272260703 3.9019216517693867 59.500000000000007 0.73245799793552135 0.37940952255126048 0.78656609248549325 0.65232474344564295
decision_type=2 2 2 2 2 2 2 2 2 2 2 2 2 2 2 2 2 2 2 2 2 2 2 2 2 2 2 2 2 2
left_child=1 2 3 4 5 -1 -6 9 10 -5 -9 -10 13 14 -8 -15 18 -18 19 20 -4 -22 -23 24 -24 26 -26 -2 -29 -30
right_child=27 -3 16 7 6 -7 12 8 11 -11 -12 -13 -14 15 -16 -17 17 -19 -20 -21 21 22 23 -25 25 -27 -28 28 29 -31
leaf_value=-0.0044491116864366909 -0.01113041927502665 -0.012259270744315209 0.0011783253281033802 0.0002012985757781527 0.0076732496754091774 0.0030146331643565285 0.011255210313285647 -0.0081663442016512329 -0.0087142986117353834 -0.011903186671955602 -0.025453107013821044 -0.0016055387292060797 -0.063317462299975286 -0.046127333082027815 -0.043061991251215084 0.027824385620331585 0.0023342016934814859 0.058549689690606456 -0.0014394862039753598 0.013176892375588967 -0.013002280343261452 0.098146952121506287 0.039017127296035618 0.015962502393244992 0.12727393714771509 0.033758298316721107 0.090571120931897009 -0.0015699726236851896 0.18748706680577143 0.021976513539428602
leaf_weight=38768.962334871292 5075.3688838556409 3095.3316342048347 25650.344765674323 120146.36116373911 16131.74360306561 62653.211569659412 95.416622698307037 10568.371222615242 9461.3333165422082 3221.7720553092659 877.07450930774212 65037.803184166551 131.23784783482552 40.560603313148022 106.29285904020071 58.329407051205635 32.042119208723307 16.076236188411713 17276.512990638614 6467.9981601797044 280.53367012739182 16.303209602832794 236.5230375751853 657.26180106773973 7.4905456304550233 7.5848343670368186 11.087548989802597 1491.7325964793563 38.370053172111511 151.856829456985
leaf_count=56754 18680 10827 80364 420304 17746 310957 106 39210 33378 11909 1023 224238 152 48 118 68 110 19 56394 19824 353 20 589 1828 11 22 38 5720 48 631
internal_value=-1.78751e-05 -1.08868e-05 -6.19925e-06 -2.75853e-05 5.17464e-05 6.84468e-06 0.000326688 -7.23032e-05 -0.00016803 -5.61497e-06 -0.000475535 -0.000120787 -0.00154306 -0.000512736 -0.00205496 0.00263299 0.00013197 0.00477124 0.00012756 0.000228809 0.000115922 0.00108749 0.0017682 0.00161539 0.00350373 0.0144894 0.0198037 -0.00041195 0.000244355 0.00340097
internal_weight=387811 381054 377958 327298 117986 101422 16563.6 209313 85944.6 123368 11445.4 74499.1 431.837 300.599 201.709 98.89 50659.8 48.1184 50611.6 33335.1 26867.1 1216.78 936.251 919.948 262.686 26.1629 18.5781 6757.33 1681.96 190.227
internal_count=1311489 1286410 1275583 1116011 385949 367711 18238 730062 297849 432213 40233 257616 492 340 224 116 159572 129 159443 103049 83225 2861 2508 2488 660 71 49 25079 6399 679
is_linear=0
shrinkage=0.05


Tree=142
num_leaves=31
num_cat=0
split_feature=1 0 0 1 16 18 17 8 3 18 8 0 18 16 17 3 16 12 1 0 1 9 17 1 8 16 8 8 16 8
split_gain=0.476593 0.541793 0.440214 0.43763 0.776168 0.853206 0.54359 0.409214 0.348287 0.940998 0.346168 0.370145 0.533123 0.343496 0.341872 0.666863 0.766874 0.772643 0.778898 0.48302 0.399995 0.378683 0.469328 0.698678 0.623105 0.607357 0.331415 0.417219 0.501228 0.654062
threshold=246.50000000000003 83.500000000000014 81.500000000000014 5746.5000000000009 0.88082740402785908 1.0625000000000002 0.6484252398823479 2.524928003624769 1.0000000180025095e-35 1.0458333333333336 3.5408542930527882 148.50000000000003 0.99583333333333346 0.85311987714289217 0.72406633601923109 1.0000000180025095e-35 0.97182285662211954 1.0000000180025095e-35 886.50000000000011 87.500000000000014 467.50000000000006 3.6762205501217919 0.79229829071519753 2182.5000000000005 8.2423614529731406 0.76559799429155406 8.1059111524599299 7.7395768305489003 0.75254527973905927 7.7896613911804815
decision_type=2 2 2 2 2 2 2 2 2 2 2 2 2 2 2 2 2 2 2 2 2 2 2 2 2 2 2 2 2 2
left_child=1 2 13 14 10 6 -6 -7 -4 -10 -5 26 -13 -1 -2 21 19 -18 -19 20 -17 -16 24 -24 -23 -25 27 -12 -29 -30
right_child=3 -3 8 4 5 7 -8 -9 9 -11 11 12 -14 -15 15 16 17 18 -20 -21 -22 22 23 25 -26 -27 -28 28 29 -31
leaf_value=-0.0092622510719176706 -0.00136188501985961 -0.020819298020099675 0.012502139401948798 0.00057276269292074746 0.12879465475460172 0.070145150279558574 0.011793879423825083 0.054135143224486384 0.065315675678380841 0.16535905995395922 0.011365103059621484 -0.044692723001447734 0.083146062498779261 0.0048928533809105895 0.0045555772259778136 -0.0067623232898968329 0.030802629446490173 0.039874867358700654 0.031802804195992483 0.0050325817655595189 -0.00041264421257455333 0.051317000291182961 0.0135447839010729 0.11229288209506874 0.12386531854044024 0.043407003975329685 -0.046121357197854707 -0.044314699567218702 0.11456510503498199 0.055540287498786881
leaf_weight=9335.0919442027807 163739.72600255907 1587.2112647183239 142.7570525072515 10676.289180617779 18.562722325325012 18.247110545635223 398.31176927685738 19.651244223117828 25.191124554723505 6.1898120045661917 4077.0173538550735 7.5501389950513831 8.2237109839916211 1981.5519313514233 26790.786904461682 10745.665134988725 383.1741810515523 10.543140694499018 8.8155177831649763 18506.532448384911 138538.29467181861 112.66434708237648 463.73473830148578 4.4035008549690229 9.7695955485105497 5.4775756187736988 104.17285368591547 22.787656895816326 10.461944941431282 52.032640799880028
leaf_count=31046 221159 5111 460 35769 23 20 1541 21 105 7 14019 28 12 6425 133853 54724 1839 37 26 92513 708964 292 2768 15 26 42 346 66 44 188
internal_value=-1.8101e-05 -0.000314806 -0.000195198 -7.74616e-06 0.000253143 0.00228806 0.00163507 0.00947084 0.00229962 0.00706896 0.000191277 0.000571066 0.00821621 -0.000233588 -1.89372e-05 2.56876e-05 -1.15681e-05 0.0021682 0.011914 -1.67975e-05 -4.66667e-05 0.000254489 0.00150098 0.000787624 0.00426047 0.0139438 0.000542801 0.000612517 0.00407372 0.00638838
internal_weight=387811 13078 11490.8 374733 15413.3 454.773 416.874 37.8984 174.138 31.3809 14958.5 4282.25 15.7738 11316.6 359320 195580 168193 402.533 19.3587 167790 149284 27386.8 596.05 473.616 122.434 9.88108 4266.47 4162.3 85.2822 62.4946
internal_count=1311489 43154 38043 1268335 52077 1605 1564 41 572 112 50472 14703 40 37471 1216258 995099 858103 1902 63 856201 763688 136996 3143 2825 318 57 14663 14317 298 232
is_linear=0
shrinkage=0.05


Tree=143
num_leaves=31
num_cat=0
split_feature=7 7 8 7 7 7 7 7 7 7 7 16 10 16 7 18 10 10 7 16 7 10 1 4 10 7 10 5 1 10
split_gain=0.595927 1.92305 1.70667 1.29427 1.43917 1.25603 1.43577 2.05574 1.12519 0.986244 1.0588 0.971173 0.854869 0.838118 0.824957 0.743197 0.693741 0.670682 0.654336 0.686601 0.627081 0.623578 0.800924 0.614736 0.607982 0.601042 0.594851 0.589854 0.581748 0.579819
threshold=3.4175922930736511 3.1984648276080736 1.7005986908310777 3.0201273556387074 2.524928003624769 3.4811217321331038 3.7012257604091228 3.7494348669884658 3.9219243190762363 2.3502401828962087 1.0397207708399181 0.75969361271235591 0.014300311171438811 0.78674518472911437 3.1132683346437333 1.0541666666666669 0.019637433459862831 0.098905681065719467 1.0000000180025095e-35 0.97182285662211954 3.5408542930527882 0.012050400015810229 6360.5000000000009 1.5000000000000002 4.0592278643616817 7.8619196447433657 0.1970491786496901 0.12940952255126045 1115.5000000000002 5.8817821543845819
decision_type=2 2 2 2 2 2 2 2 2 2 2 2 2 2 2 2 2 2 2 2 2 2 2 2 2 2 2 2 2 2
left_child=1 3 5 4 9 17 20 -8 -9 10 18 -12 -6 -3 -5 -13 -16 28 19 23 -7 -17 -23 -1 -19 -10 -20 -15 -2 -28
right_child=2 13 -4 14 12 6 7 8 25 -11 11 15 -14 27 16 21 -18 24 26 -21 -22 22 -24 -25 -26 -27 29 -29 -30 -31
leaf_value=-0.015542848136776189 0.030918821155122213 -0.032489316790376546 -0.0007599286196659172 0.015174706300991004 -0.018049190685216689 0.0037222563404490042 0.029387377920389257 -0.0069508488597279433 0.0081334281252145157 0.0076574293888183043 -0.028486207071141401 -0.0058790452449919541 -0.0066585310035932382 -0.00091081798566818863 -0.021938442845926543 -0.017802441691806958 0.0026464364235711637 -0.007905074804581691 0.0081143322858190821 0.028644530489025002 -0.014233568279836663 0.010592754307018004 -0.057300915409845256 -0.0051153708535339182 0.02840496811979798 -0.074446996517154182 -0.0060801057807587716 -0.014896855861662318 0.053283346869788507 0.0067005429013484276
leaf_weight=917.93620740994811 349.60082628205419 3855.1416552402079 198637.74590064585 9222.3748839460313 2985.9779322892427 3778.5577883496881 2629.0312738679349 6622.2333401888609 29613.165385130793 17568.811352603137 3691.1168027669191 17708.03682506457 20322.829161606729 4502.9654627740383 1022.7887572869658 440.17419699579477 6505.9745319709182 870.34985162317753 15546.608350425959 41.084853291511536 6103.7225103639066 2146.5808983892202 71.042859561741352 5798.307302262634 2839.2457711845636 84.508568055927753 12184.756868001074 3004.1503473445773 370.51670968532562 8375.5520410239697
leaf_count=3353 1267 14815 687402 30273 10046 12538 8789 22018 102140 56804 8983 66139 66009 13384 3586 487 21353 2947 50060 127 20403 2383 79 21599 9240 280 38848 8901 1290 25946
internal_value=-1.72869e-05 -0.000101667 2.82405e-05 -4.48607e-05 -0.000108398 0.000279578 0.000206447 0.000343013 0.000245282 -1.24407e-05 -9.9969e-05 -0.000365443 -0.000456223 -0.000724363 0.000364019 -0.000230196 -2.4331e-05 0.00108575 4.90243e-05 -0.000402551 -0.000331801 0.000549445 0.000890656 -0.000441971 0.000814679 0.000376699 0.000133536 -0.00041663 0.00248212 -4.29388e-05
internal_weight=387811 135912 251899 124550 107799 53260.9 48831.2 38948.9 36319.9 84490 66921.2 24057 23308.8 11362.3 16751.1 20365.8 7528.76 4429.71 42864.2 6757.33 9882.28 2657.8 2217.62 6716.24 3709.6 29697.7 36106.9 7507.12 720.118 20560.3
internal_count=1311489 443175 868314 406075 350863 180912 166168 133227 124438 274808 218004 78071 76055 37100 55212 69088 24939 14744 139933 25079 32941 2949 2462 24952 12187 102420 114854 22285 2557 64794
is_linear=0
shrinkage=0.05


Tree=144
num_leaves=31
num_cat=0
split_feature=7 7 8 7 8 7 7 7 7 9 8 17 7 7 7 7 10 10 7 17 7 10 7 17 0 5 10 0 10 18
split_gain=0.561102 1.74792 1.5 1.17413 1.28255 1.1081 1.28428 1.95175 0.99641 0.855863 1.0665 0.775159 0.693851 0.672631 1.05016 0.987525 0.784601 0.641847 0.616688 0.596362 0.59366 0.592636 0.582556 0.613866 0.941454 0.716047 0.580178 0.720236 0.573461 0.727377
threshold=3.4175922930736511 3.1984648276080736 1.7005986908310777 3.0201273556387074 1.0000000180025095e-35 3.4811217321331038 3.7012257604091228 3.7494348669884658 3.9219243190762363 1.0000000180025095e-35 2.8029010331479989 0.64675799809678969 3.1132683346437333 2.524928003624769 2.3502401828962087 1.0397207708399181 0.47873179439478714 0.098905681065719467 1.0000000180025095e-35 0.7490710616788091 7.8619196447433657 0.019637433459862831 3.5408542930527882 0.6544711875884256 41.500000000000007 0.60355339059327384 8.3679307178720688 46.500000000000007 0.031737426730471384 1.0541666666666669
decision_type=2 2 2 2 2 2 2 2 2 2 2 2 2 2 2 2 2 2 2 2 2 2 2 2 2 2 2 2 2 2
left_child=1 3 5 4 13 11 22 -8 -9 26 -11 -2 -5 14 15 18 -15 -13 -1 -16 -10 -14 23 24 -7 -26 -4 -28 -17 -30
right_child=2 -3 9 12 -6 6 7 8 20 10 -12 17 21 16 19 28 -18 -19 -20 -21 -22 -23 -24 -25 25 -27 27 -29 29 -31
leaf_value=-0.0062123414446644378 -0.029244916995102566 -0.013425322227311121 -0.0029847224676177401 0.014415970985941452 -0.0118965614455955 -0.029259277863388933 0.027918009024369805 -0.0066033064167415395 0.007726756718953798 0.015335177710632931 0.00048118766622482493 0.045944746130533745 -0.020841520703630212 -0.01462928323995354 0.0017920380242735234 -0.011285908982341121 -0.0025640736286218105 0.023353890439938765 0.0029436575053319205 0.015311059793297678 -0.070724646691296481 0.0025141146023926145 -0.013521889865844839 -0.0053768358091750516 0.063033245647931363 -0.0088928008393556416 0.080353961132069218 0.0035899120955085184 -0.0060599218159308917 0.008149264072385632
leaf_weight=6757.3283629640937 202.18718212842941 11362.257465358824 97186.740650717169 9222.3748839460313 8361.9081982262433 161.2244673371315 2629.0312738679349 6622.2333401888609 29613.165385130793 5446.4211988970637 95691.119862254709 685.98259272053838 1022.7887572869658 4155.0059235803783 8455.4058572649956 6162.2528602182865 12006.565104328096 3541.5433839261532 35657.591562081128 8741.5579044744372 84.508568055927753 6505.9745319709182 6103.7225103639066 2946.6419663801789 516.28131157159805 154.41004306077957 87.030740424990654 226.43344835191965 14999.728847954422 2501.471030600369
leaf_count=25079 249 37100 332618 30273 27412 203 8789 22018 102140 18805 335254 2515 3586 14023 11536 20384 38718 11980 113315 44038 280 21353 20403 11493 647 195 191 534 53598 2760
internal_value=-1.79588e-05 -9.98363e-05 2.62183e-05 -4.56783e-05 -0.000106195 0.000261848 0.000193158 0.000322319 0.000227092 -3.69613e-05 6.49418e-05 0.00101906 0.000343762 -5.6182e-05 1.10661e-06 -8.94743e-05 -0.000351372 0.00116371 5.49014e-05 0.000349159 0.00035076 -1.23938e-05 -0.000315904 0.000172012 0.00137142 0.0021961 -0.000142666 0.00200495 -0.000348257 -0.000202201
internal_weight=387811 135912 251899 124550 107799 53260.9 48831.2 38948.9 36319.9 198638 101138 4429.71 16751.1 99436.9 83275.3 66078.4 16161.6 4227.53 42414.9 17197 29697.7 7528.76 9882.28 3778.56 831.916 670.691 97500.2 313.464 23663.5 17501.2
internal_count=1311489 443175 868314 406075 350863 180912 166168 133227 124438 687402 354059 14744 55212 323451 270710 215136 52741 14495 138394 55574 102420 24939 32941 12538 1045 842 333343 725 76742 56358
is_linear=0
shrinkage=0.05


Tree=145
num_leaves=31
num_cat=0
split_feature=10 7 16 7 9 10 0 1 16 9 9 7 18 6 4 17 17 1 5 10 7 17 5 0 10 10 1 9 0 0
split_gain=0.427115 0.58131 0.831062 0.543518 0.409066 0.405731 0.389329 0.860214 0.390498 0.502068 0.446837 0.647928 0.521161 0.447404 0.377126 0.357781 1.0598 0.852258 1.32326 0.958016 0.733288 0.615346 0.753506 0.545977 0.549478 0.675915 0.618708 0.53048 0.52314 0.549256
threshold=7.9827405244537077 7.8619196447433657 0.8127814019877837 7.0854828791590796 1.2424533248940002 4.2554201719326556 147.50000000000003 3061.5000000000005 0.6500768209777964 6.6933229005138619 1.0000000180025095e-35 7.7099810294433491 1.0125000000000002 -0.12940952255126037 3.5000000000000004 0.66268314391858796 0.66383823997485858 176.50000000000003 -0.37940952255126059 5.2487550259060098 2.6735537653587351 0.65641077446366225 -0.37940952255126059 34.500000000000007 0.01032695592379766 0.01112691082614283 1181.5000000000002 2.4414009612931857 114.50000000000001 83.500000000000014
decision_type=2 2 2 2 2 2 2 2 2 2 2 2 2 2 2 2 2 2 2 2 2 2 2 2 2 2 2 2 2 2
left_child=1 15 -3 -2 -4 14 8 -8 9 10 11 12 13 -5 -6 20 17 18 -17 -20 -1 22 -22 -24 -25 26 -26 28 29 -19
right_child=3 2 4 6 5 -7 7 -9 -10 -11 -12 -13 -14 -15 -16 16 -18 27 19 -21 21 -23 23 24 25 -27 -28 -29 -30 -31
leaf_value=0.0024890773681490066 0.0057580632387699733 -0.00019777208444029528 -0.033691903788179836 -0.11030545940830634 0.0083660478106587274 -0.01338342941370705 -0.014185944493739911 0.037796714540215742 -0.00069275660890677493 0.075582245539992071 0.011652575146986656 -0.0020799343029723528 0.053636463456916063 0.079052566399289592 0.13699582548310266 -0.035226522496020256 0.00012525357575170483 0.01305754364712124 -0.008568231670739954 0.12404428567097092 0.0022246135615787035 -0.0069960312644268274 -0.018890790438170504 -0.029950771112484675 0.046698472582582133 -0.0030266309594965571 0.075884609190132804 -0.028533920785803746 -0.034154272605929757 0.040495675668701159
leaf_weight=31598.087107501924 19761.464712001383 7133.9137302711606 987.57339496165514 6.8797698318958291 13.549346573650839 4456.3633134663105 24.00979034230113 14.596353717148302 28178.468168187886 11.414189629256724 468.06232035905123 20.431801244616508 7.3252926319837561 5.7364825382828721 7.3387348875403395 21.754379153251648 217976.56567564607 3157.2642379999161 20.517772555351257 22.129786610603333 22343.696468293667 22948.231034040451 2616.0530646443367 613.57860553264618 21.759097099304199 24527.703211069107 20.147936284542084 131.82974171638489 116.03810036182404 418.3302366733551
leaf_count=39161 58370 29938 3158 26 49 15302 75 34 91717 31 1325 54 10 20 26 27 977130 3693 23 26 28334 26894 3306 773 28 30975 25 153 131 483
internal_value=-8.15135e-06 -2.79981e-05 -0.000361263 0.000130638 -0.000825243 -0.000622074 -8.16631e-06 0.00500957 -1.49164e-05 0.00134299 0.00111017 0.00615715 0.0125687 0.00640946 0.00633016 -1.51404e-05 2.08104e-05 0.000839062 0.00654306 0.0116619 -9.13297e-05 -0.000178337 -8.01919e-05 -0.00025396 -0.000182542 -0.000145633 0.00619893 0.000742985 0.000854279 0.000961504
internal_weight=387651 339152 12598.7 48498.4 5464.82 4477.25 28736.9 38.6061 28698.3 519.85 508.436 40.3733 19.9415 12.6163 20.8881 326554 221864 3887.86 64.4019 42.6476 104689 73091.2 50142.9 27799.2 25183.2 24569.6 41.907 3823.46 3691.63 3575.59
internal_count=1311297 1159635 48473 151662 18535 15377 93292 109 93183 1466 1435 110 56 46 75 1111162 981666 4536 76 49 129496 90335 63441 35107 31801 31028 53 4460 4307 4176
is_linear=0
shrinkage=0.05


Tree=146
num_leaves=31
num_cat=0
split_feature=1 16 5 17 7 7 18 16 16 5 3 7 16 16 7 5 4 16 16 16 16 16 17 16 16 7 16 7 1 16
split_gain=0.34215 0.489051 0.727078 0.869315 0.898213 0.750022 0.443475 0.926401 0.699614 0.572297 0.420873 0.433128 0.415024 0.412771 0.696947 0.993633 0.390393 3.31318 2.24255 1.33485 2.90335 1.58793 1.87573 2.19447 2.87934 2.26785 1.79891 1.25363 1.02821 0.924086
threshold=335.50000000000006 0.88779654317510448 -0.60355339059327362 0.64991817661828988 4.8081027000528378 5.8362705921142739 1.0791666666666668 0.78426879051960718 0.68333810207629286 -0.98296291314453399 1.0000000180025095e-35 4.5053345884235583 0.69056601514900129 0.97182285662211954 1.0000000180025095e-35 0.12940952255126045 1.5000000000000002 0.83744152111093351 0.90374560103526036 0.81327991938713906 0.81218281370748857 0.81354795087357534 0.66690025027010624 0.82872382376875298 0.82922542429719359 5.7120799114421201 0.83100810020223159 5.0968083143154814 823.50000000000011 0.84373940648526213
decision_type=2 2 2 2 2 2 2 2 2 2 2 2 2 2 2 2 2 2 2 2 2 2 2 2 2 2 2 2 2 2
left_child=1 6 -3 4 -4 -6 -1 8 -8 -10 11 -2 -11 16 15 -15 17 19 -19 20 -12 -21 23 25 -25 27 -26 -23 -24 -18
right_child=10 2 3 -5 5 -7 7 -9 9 12 13 -13 -14 14 -16 -17 29 18 -20 21 -22 22 28 24 26 -27 -28 -29 -30 -31
leaf_value=-0.0066238190118216968 0.00053498953285489035 -0.018124411721964419 0.045581458550264742 0.01618586375107851 0.058902688847498746 0.1793359151881983 -0.043557486659127335 -0.0071542643937683621 0.058410489820143498 0.059652073206176714 -0.003461384345240931 0.00704636835872865 0.024308842996683833 -0.18057150119123921 0.016848292436861322 0.036753251859759972 0.00093571822126246049 0.022632321208110852 -0.013498505460213162 -0.025207906455010698 0.11632535470146502 0.046876067356253805 -0.023071606620304098 -0.034049179187368474 0.16302484148224172 -0.0022193483145755977 0.047014097709922244 0.076849713173449977 -0.0084248727471653469 -0.003124272866634348
leaf_weight=23177.439968999475 25644.62743780762 571.5450474768877 78.858348846435547 1144.6288434788585 15.891790628433226 16.115656852722168 107.81086009740829 1214.9662344455719 35.757138311862946 30.17112797498703 17637.961418941617 16163.610417455435 929.92520625889301 6.7124269530177143 623.74704501032829 12.74601575732231 223657.82556008175 4806.1295457184315 1722.4686746746302 1758.9969554618001 43.945786371827126 407.48352831602097 2852.2838775143027 607.01873153448105 15.787581741809843 284.83119976520538 125.89974236488342 35.026323735713959 4813.1422875225544 59107.459075726569
leaf_count=81976 83786 1990 98 4108 20 20 114 1278 38 32 62601 56987 1090 26 2144 39 766513 15223 5200 2701 149 527 11200 772 21 366 160 46 19199 192873
internal_value=-7.6233e-06 -0.000178209 0.000612005 0.00128499 0.0055125 0.0125766 -0.000234835 0.000424468 0.00147309 0.00188729 5.31192e-06 0.000154466 0.00165597 -1.42657e-05 0.00125108 0.0105696 -1.68261e-05 -0.000174073 0.000842199 -0.000406204 -0.000137919 -0.000841394 -0.000576673 0.00105549 -0.000844699 0.0030115 0.00557326 0.00525146 -0.000890962 2.69937e-06
internal_weight=387651 27323.1 1827.04 1255.49 110.866 32.0074 25496.1 2318.63 1103.66 995.853 360328 41808.2 960.096 318519 643.205 19.4584 317876 35111 6528.6 28582.4 17681.9 10900.5 9141.47 1476.05 748.706 727.341 141.687 442.51 7665.43 282765
internal_count=1311297 90764 6236 4246 138 40 84528 2552 1274 1160 1220533 140773 1122 1079760 2209 65 1077551 118165 20423 97742 62750 34992 32291 1892 953 939 181 573 30399 959386
is_linear=0
shrinkage=0.05


Tree=147
num_leaves=31
num_cat=0
split_feature=9 16 1 9 1 17 7 0 17 9 7 0 3 16 1 6 18 16 1 4 16 7 0 17 0 7 6 1 6 7
split_gain=0.318134 0.340687 0.532482 0.49262 0.319973 0.315986 0.315279 0.497204 0.429894 0.353845 0.496583 0.432571 0.450556 0.554703 0.50823 0.64496 0.497581 0.79678 0.637702 0.648936 1.19981 1.03555 1.25581 0.78561 0.905122 0.590166 0.577212 0.678321 0.671504 0.621169
threshold=3.860674306308975 0.81901187298636557 1052.5000000000002 5.0005792898547883 13074.000000000002 0.79657838570501738 9.7540009636654226 138.50000000000003 0.79012795506376243 1.2424533248940002 8.0214203567995543 76.500000000000014 1.0000000180025095e-35 0.97182285662211954 467.50000000000006 0.37940952255126048 1.0625000000000002 0.81327991938713906 3218.5000000000005 3.5000000000000004 0.81218281370748857 4.2555875595453383 73.500000000000014 0.64853776465145774 51.500000000000007 7.0215301936806513 0.25881904510252057 326.50000000000006 -0.37940952255126015 5.7120799114421201
decision_type=2 2 2 2 2 2 2 2 2 2 2 2 2 2 2 2 2 2 2 2 2 2 2 2 2 2 2 2 2 2
left_child=4 2 -2 5 6 -3 9 -8 -9 10 11 12 16 14 15 -14 -1 18 19 20 -18 23 26 24 -21 -19 28 -28 -23 -30
right_child=1 3 -4 -5 -6 -7 7 8 -10 -11 -12 -13 13 -15 -16 -17 17 25 -20 21 -22 22 -24 -25 -26 -27 27 -29 29 -31
leaf_value=0.00062202203213193032 -0.013443040999845347 -0.025063163647924071 0.0044499371507918722 0.0006652717203075476 0.0093793620062228474 -0.00016051394634475358 -0.012830031082176242 0.17821241352482953 0.087750687196814697 0.0021794636131979186 -0.013358666591887626 0.0020094771880779573 -0.011188908481180239 0.031455779655720842 -0.0010012048181092582 0.0033270643539887071 0.027098326774779791 -0.0071454672901367202 0.031972950487303246 -0.077055728106271662 0.11665113419342502 0.028119963160089381 0.10523379058118465 -0.028811966662934597 0.15363449093251447 0.15865303630868019 0.11417130024417861 -0.039602402902617143 0.022696916447093065 0.095057859311765427
leaf_weight=35467.254514656961 3306.1999365575612 2058.9890131652355 5093.6329303048551 1514.3582938611507 2716.674049153924 590.31761899590492 2446.0601921416819 5.7243438363075239 7.722289465367794 55503.158014621586 3769.3317954689264 61998.011595819145 12991.444520704448 422.67841673642397 190091.77649981529 4110.1120486669242 2492.5344180315733 1658.5179824829102 22.719960808753967 22.841876864433289 20.527866363525391 203.43016917258501 18.829454205930233 876.15314409136772 21.17549055814743 27.023932218551636 12.884161919355391 95.960401184856892 55.441641263663769 29.327282689511776
leaf_count=130288 11820 4596 18038 5113 9206 4179 8741 8 39 194593 13092 204461 43215 1455 642266 14054 2803 1781 24 27 22 221 21 958 25 29 18 106 65 33
internal_value=-7.87153e-06 -0.000255366 -7.20524e-05 -0.000625185 4.18262e-07 -0.00103637 -3.52624e-06 -0.000567754 0.00902052 2.25268e-07 -2.03213e-05 -1.33995e-05 -4.28622e-05 -7.27815e-05 -7.64728e-05 -0.000337554 0.000108552 0.000548457 0.000943475 0.000894175 0.00136754 3.78059e-06 0.00207439 -0.000932037 0.00558601 -0.00035893 0.00147605 -0.00162609 0.00264764 0.00638648
internal_weight=387651 12563.5 8399.83 4163.66 375087 2649.31 372371 2459.51 13.4466 369911 314408 310639 248641 207616 207193 17101.6 41024.6 5557.37 3871.83 3849.11 2513.06 1336.04 415.873 920.171 44.0174 1685.54 397.044 108.845 288.199 84.7689
internal_count=1311297 43746 29858 13888 1267551 8775 1258345 8788 47 1249557 1054964 1041872 837411 700990 699535 57269 136421 6133 4323 4299 2825 1474 464 1010 52 1810 443 124 319 98
is_linear=0
shrinkage=0.05


Tree=148
num_leaves=31
num_cat=0
split_feature=10 7 16 7 17 16 3 17 7 7 18 6 17 17 1 5 10 7 17 5 7 10 16 17 17 1 7 7 7 7
split_gain=0.373848 0.544945 0.719127 0.492291 0.382846 0.378894 0.415801 0.721888 0.984471 0.550967 0.396661 0.508295 0.360757 0.941546 0.866318 1.32326 0.958016 0.689736 0.587927 0.682064 0.4852 0.636304 0.655432 0.979072 1.33674 0.470953 0.466816 1.32004 0.86717 0.972218
threshold=7.9827405244537077 7.8619196447433657 0.8127814019877837 7.0854828791590796 0.79630840319735097 0.6500768209777964 1.0000000180025095e-35 0.68761242875147521 8.5772529079372504 7.8619196447433657 1.0458333333333336 -0.37940952255126015 0.66268314391858796 0.66383823997485858 176.50000000000003 -0.37940952255126059 5.2487550259060098 2.6735537653587351 0.65641077446366225 -0.37940952255126059 7.7712779230915112 6.9692997206039617 0.75792181117495805 0.65813547005910744 0.66197798957202592 6360.5000000000009 3.0201273556387074 3.1132683346437333 2.524928003624769 2.3502401828962087
decision_type=2 2 2 2 2 2 2 2 2 2 2 2 2 2 2 2 2 2 2 2 2 2 2 2 2 2 2 2 2 2
left_child=1 12 -3 -2 -4 6 7 8 9 -5 -8 -12 17 14 15 -14 -17 -1 19 -19 -20 -22 -23 -24 -25 26 28 -28 29 -15
right_child=3 2 4 5 -6 -7 10 -9 -10 -11 11 -13 13 25 -16 16 -18 18 20 -21 21 22 23 24 -26 -27 27 -29 -30 -31
leaf_value=0.00227070230125499 0.005299033583827573 -0.00013434776421226147 -0.019937330223853779 0.051254730133054732 -0.0011265357743078575 -0.00058795047756992074 0.027970843494548394 -0.0046258613257957664 0.075380155021125592 0.076013412543827874 0.027715723712384802 -0.083869867891593952 -0.03275020978702399 -0.0024972585916726467 0.012203585747696089 -0.012009990673127156 0.11527171289884919 0.0020584827877966339 -0.0071773767329596618 -0.0046606277776808482 -0.048203992068695016 -0.050524099691005291 -0.024527187078228832 0.20074194301480311 -0.025650037098276002 0.0075749331114482567 0.017254370593792645 0.00027261148908830357 -0.008322407685916345 0.0085552961656005354
leaf_weight=31598.087107501924 19761.464712001383 7133.9137302711606 4123.0852966457605 16.818188309669498 1341.7394932433963 28217.074312247336 290.80048268288374 54.466638132929802 24.092110693454742 14.928250491619108 57.267255544662476 61.476930379867554 21.754379153251648 41943.085887670517 3823.4623167514801 20.517772555351257 22.129786610603333 22343.696468293667 22836.290429532528 27799.241914629936 20.769478559494019 28.123782277107239 16.502123892307281 29.885504484176636 16.659715294837952 7285.8121422752738 5733.8839220292866 137582.235605672 14509.123619236052 10922.424498762935
leaf_count=39161 58370 29938 9226 22 9309 91826 1021 235 30 19 67 72 27 181965 4460 23 26 28334 26760 35107 25 33 19 38 19 32708 25065 626955 63143 47294
internal_value=-9.02971e-06 -2.75976e-05 -0.000350271 0.000120817 -0.000781874 -1.12842e-05 0.00132631 0.00405106 0.00804596 0.0138295 0.000592441 -0.00184268 -1.51486e-05 2.09514e-05 0.000792203 0.00654306 0.0116619 -9.16541e-05 -0.000176038 -8.01046e-05 -0.000385656 0.00289813 0.00469738 0.00752883 0.0112389 7.19522e-06 -6.47169e-06 4.45578e-05 -0.000115019 -2.1045e-05
internal_weight=387651 339152 12598.7 48498.4 5464.82 28736.9 519.85 110.305 55.8385 31.7464 409.545 118.744 326554 221864 3887.86 64.4019 42.6476 104689 73091.2 50142.9 22948.2 111.941 91.1711 63.0473 46.5452 217977 210691 143316 67374.6 52865.5
internal_count=1311297 1159635 48473 151662 18535 93292 1466 306 71 41 1160 139 1111162 981666 4536 76 49 129496 90335 63441 26894 134 109 76 57 977130 944422 652020 292402 229259
is_linear=0
shrinkage=0.05


Tree=149
num_leaves=31
num_cat=1
split_feature=8 7 8 8 7 7 7 9 1 7 7 7 10 7 7 7 10 7 10 6 1 10 10 2 7 10 1 5 1 1
split_gain=0.475505 1.13229 2.35915 1.57311 0.785387 0.729254 1.07635 0.66916 0.686975 0.549402 0.546354 0.875804 0.562707 0.536081 0.924827 0.941598 0.796842 0.608087 0.59627 0.945123 0.616344 0.566549 0.794382 0.670409 0.555352 0.510381 0.54698 0.484491 0.471585 0.53358
threshold=0.89587973461402759 4.6101453514146771 2.4414009612931857 3.3140206880897671 5.2907859277095151 3.3497501700808394 3.1984648276080736 4.6491756246494491 475.50000000000006 5.7667560492893086 3.0201273556387074 3.1132683346437333 0.019637433459862831 2.524928003624769 2.3502401828962087 1.0397207708399181 0.0095776392541581917 1.0000000180025095e-35 8.1072308966856976 0.1294095225512602 2678.5000000000005 0.040486699357039899 5.8817821543845819 0 2.1383330595080281 7.9827405244537077 3522.5000000000005 -0.5 2833.5000000000005 3522.5000000000005
decision_type=2 2 2 2 2 2 2 2 2 2 2 2 2 2 2 2 2 2 2 2 2 2 2 1 2 2 2 2 2 2
left_child=5 3 4 -2 -3 6 10 8 -5 -7 13 28 -13 14 15 17 -15 -1 -18 20 27 23 -23 24 -17 26 -4 -20 -12 -30
right_child=1 2 25 7 -6 9 -8 -9 -10 -11 11 12 -14 16 -16 21 18 -19 19 -21 -22 22 -24 -25 -26 -27 -28 -29 29 -31
leaf_value=-0.0061346300307195236 -0.0056966981299565681 0.0051603813185971958 -0.0029571527706880652 -0.019091916778884999 0.018062895853865203 0.0074271036174789369 -0.015040231089689104 -0.06973937549000829 0.011024104450933204 -0.012076795436556244 0.013660961422575958 -0.023806574483829269 0.0010201993880508465 -0.018382708226865521 0.0083444405611360576 0.001096019127101744 -0.0028125674747865982 0.0042284197398841043 0.079096956907097449 -0.037476112985573094 0.087899778488444547 0.0027199970609833261 -0.0096066835178150855 -0.014960859687270412 0.031825840223461778 0.0016136007370963325 0.0040058071108949106 0.041253132883156157 0.068069833755576556 0.019419140399315804
leaf_weight=6685.8799669705331 68459.561363708228 12740.661051791161 92611.103339914232 1074.1769207566977 8243.3615008480847 27234.241707693785 3551.4631050117314 101.06900497153401 7187.9866075403988 1090.5913687460124 5825.0414356663823 807.68230053037405 4087.1816122084856 1899.1834328398108 17357.612752679735 1052.2617909647524 16621.847804531455 35675.550660122186 16.172278881072998 28.162041123956442 9.9014256075024587 10553.454664349556 6754.0239121317863 5237.9734531268477 119.23794760927558 40643.568236019462 10914.912424143404 33.770451165735722 307.89209799095988 725.28719618171453
leaf_count=24980 227081 43894 334484 3621 29273 93015 11544 378 24583 3987 19343 2782 13429 6403 56225 3497 53806 113439 34 70 21 34767 21110 17380 405 129050 39221 72 978 2425
internal_value=-9.18425e-06 -5.2151e-05 2.16161e-05 -0.000210735 0.000516948 6.21868e-05 7.22502e-06 0.000436608 0.000486074 0.000289893 3.39762e-05 0.000356796 -0.000154101 -3.20471e-06 5.09174e-05 -3.44003e-05 -0.000245868 0.000106827 -0.000135564 0.0039692 0.0075237 -0.000286649 -0.000137934 -0.000688222 0.000392993 -5.04799e-05 -0.000109426 0.00526435 0.000721434 0.00170591
internal_weight=387651 241976 165154 76822.8 20984 145674 117350 8363.23 8262.16 28324.8 113798 11753.1 4894.86 102045 83436 66078.4 18609 42361.4 16709.9 88.0062 59.8442 23717 17307.5 6409.47 1171.5 144170 103526 49.9427 6858.22 1033.18
internal_count=1311297 831585 575922 255663 73167 479712 382710 28582 28204 97002 371166 38957 16211 332209 271803 215578 60406 138419 54003 197 127 77159 55877 21282 3902 502755 373705 106 22746 3403
cat_boundaries=0 1
cat_threshold=1
is_linear=0
shrinkage=0.05


Tree=150
num_leaves=31
num_cat=0
split_feature=6 4 16 16 0 10 16 16 8 18 16 4 18 16 4 18 10 0 10 10 3 0 9 8 18 10 16 10 16 6
split_gain=0.534456 0.468156 0.887279 0.844208 0.774568 0.785265 0.684354 1.20502 0.676277 0.743592 0.650028 1.56374 0.754619 0.591285 0.554548 0.925725 0.530678 0.529622 0.495284 0.440326 0.475031 0.446631 0.402786 0.405685 0.397512 0.36944 0.368383 0.402311 0.362641 0.626838
threshold=-0.60355339059327384 2.5000000000000004 0.86985364382818464 0.87606775566422657 134.50000000000003 6.6358533115328004 0.85570644998864431 0.80172580346046063 6.0672668391739295 1.0625000000000002 0.79998426569637526 1.5000000000000002 1.0625000000000002 0.85472328363330063 1.5000000000000002 1.029166666666667 6.8352287666851659 33.500000000000007 0.00230835222093671 0.0083147347355221144 1.0000000180025095e-35 144.50000000000003 4.9380581778699986 3.8815106545092593 1.0791666666666668 8.3679307178720688 0.88214353201501761 6.8352287666851659 0.91167763378283551 -0.98296291314453399
decision_type=2 2 2 2 2 2 2 2 2 2 2 2 2 2 2 2 2 2 2 2 2 2 2 2 2 2 2 2 2 2
left_child=1 4 -3 25 6 19 7 10 9 26 -1 12 -12 16 15 17 -9 -15 -16 20 -6 -22 23 -13 -20 -4 27 -7 -5 -30
right_child=-2 2 3 28 5 8 -8 13 -10 -11 11 22 -14 14 18 -17 -18 -19 24 -21 21 -23 -24 -25 -26 -27 -28 -29 29 -31
leaf_value=0.0014985858357516426 -0.0008476883448352402 0.0040672505609293808 -0.026576863604565949 -0.0034642281365628194 0.085546717526645555 0.14315568463473133 0.0063565592032507334 -0.0094376662469402468 -0.09722104328514472 0.14523191746836381 0.077355295365546931 0.029261431852133014 0.18950940879900707 0.077258086355008804 0.056918428957498046 0.2533141871849775 -0.00096841382270946858 -0.027382645185052602 -0.045330142813555178 -0.0092601219532413293 0.095065646451568994 -0.048713427358077016 0.23036049083042773 -0.058425827759157972 0.16901276556125702 0.17766151558078427 0.10366612204592869 0.050545298734494808 0.036032795700629762 0.0041238763067042326
leaf_weight=23429.291361622512 236466.11807278544 87359.386228110641 2001.407906845212 4710.963605299592 12.708494544029234 11.209958877414463 9070.1397523954511 13599.101400136948 19.52912800386548 19.845797620713711 107.83796779811382 312.78541830927134 17.757697224617004 5.35051101446152 14.183003835380076 5.8771150112152091 8669.5154098123312 22.755113780498505 572.20619411021471 256.95716443285346 15.971263710409401 19.671997390687466 7.4954645559191695 91.049105577170849 12.416235089302061 10.662730179727076 9.1200590804219228 92.673861443996429 106.36054166406393 625.4758972749114
leaf_count=88695 803902 293409 6278 16479 36 33 29488 39939 64 23 330 835 19 22 41 7 25186 106 1641 776 50 50 20 264 13 31 29 319 404 2482
internal_value=1.87065e-06 7.52859e-05 0.000143138 -0.00038046 -3.8789e-05 0.00200976 -5.55504e-05 -0.000132486 0.00494133 0.00621845 0.000115349 0.00183547 0.00671866 -0.000391844 -0.00189899 0.00431434 -0.000349017 0.000540638 -0.0022516 0.000546616 0.00492397 0.00196471 0.000344434 0.000131272 -0.00247558 -0.00125557 0.00465082 0.00380496 -5.69525e-05 0.000978536
internal_weight=387676 151210 94814.3 7454.87 56395.4 457.688 55937.8 46867.6 152.379 132.85 23966.2 536.926 125.596 22901.4 632.788 33.9827 22268.6 28.1056 598.805 305.309 48.3518 35.6433 411.33 403.835 584.622 2012.07 113.004 103.884 5442.8 731.836
internal_count=1310971 507069 319083 25674 187986 1380 186606 157118 468 404 90163 1468 349 66955 1830 135 65125 128 1695 912 136 100 1119 1099 1654 6309 381 352 19365 2886
is_linear=0
shrinkage=0.05


Tree=151
num_leaves=31
num_cat=1
split_feature=6 0 17 17 7 10 10 10 1 1 10 1 7 0 10 6 7 10 10 7 7 1 10 17 1 17 0 2 17 0
split_gain=0.449711 0.35459 0.312167 0.498199 0.525047 0.422849 0.493019 0.811864 0.414702 0.504516 0.52158 0.37396 0.356884 0.389012 0.388568 0.561473 0.441281 0.308252 0.340819 0.466205 0.375715 0.403405 0.57047 0.606545 0.566705 1.19787 0.409597 0.395278 0.417509 0.644215
threshold=-0.60355339059327384 82.500000000000014 0.64805509467998179 0.64675799809678969 9.6597266625627505 1.3339768851679699 7.6356794924471805 7.3005524262861128 380.50000000000006 396.50000000000006 5.9543849063635728 279.50000000000006 6.281331292928102 80.500000000000014 6.5947700359075858 -0.9159756150367534 7.6031499009727135 1.0000000180025095e-35 0.0055928205646541074 3.6505739029280164 1.0397207708399181 771.50000000000011 0.0051118715834421648 0.65933186473910388 958.50000000000011 0.72406633601923109 137.50000000000003 0 0.79520371252349864 101.50000000000001
decision_type=2 2 2 2 2 2 2 2 2 2 2 2 2 2 2 2 2 2 2 2 2 2 2 2 2 2 2 1 2 2
left_child=1 2 3 4 8 -5 7 12 -1 10 -10 -8 13 -7 15 -14 -16 -3 19 20 21 26 24 -24 25 -23 -19 28 29 -22
right_child=-2 17 -4 5 -6 6 11 -9 9 -11 -12 -13 14 -15 16 -17 -18 18 -20 -21 27 22 23 -25 -26 -27 -28 -29 -30 -31
leaf_value=-0.025911162974344617 -0.00080530392759348146 -0.017693191115174534 0.0011667389457024502 -0.032756904881311111 -0.038554307841367708 -0.019494612134288894 0.13115215869497812 0.077136255444457513 0.11967797878439801 0.0025782766328312336 -0.01663518132985289 -0.037172932976914021 -0.066187379120304105 0.084169646391065903 -0.057372970061842526 0.10403132236725386 0.082592669039119493 8.9948286284657899e-05 0.0049496717806088997 0.06267959384691979 0.064892774110885731 0.2053555597138732 0.13461123922196686 0.1400323184955363 0.030185088841832242 -0.013349683292500103 0.081269381650313305 -0.029593703926698346 -0.059011667472821633 -0.02088635645557604
leaf_weight=550.60262674093246 236466.11807278544 291.48171085864305 121280.73012652248 335.44535130262375 94.23106724023819 1244.3748089075089 19.94096165895462 216.73279732465744 23.707235217094421 5017.5485752820969 18.597361207008362 592.18364948034286 18.980515360832214 22.469734668731689 50.464296519756317 25.970333933830261 16.754978954792023 136.08981364965439 20875.315519697964 39.50603324919939 38.628101050853729 5.0466443896293622 5.0419008135795584 9.1485599130392057 56.260183315724134 6.2605800926685333 15.128875978291033 142.76950811222196 30.70609363541007 29.588439673185349
leaf_count=678 803902 1074 425460 419 116 1553 25 271 29 6189 23 739 24 28 63 32 21 424 68654 133 80 7 6 45 183 36 38 466 196 57
internal_value=-1.90092e-07 6.71536e-05 3.5828e-05 -0.000261819 -2.35255e-06 -0.000843805 -0.000592509 -0.000129752 5.98132e-05 0.000201617 0.00563901 -0.00179887 -0.000576855 -0.000816201 0.00212631 0.00572499 -0.000280199 0.000254302 0.000276311 0.00154803 0.00111368 0.00254646 0.00537605 0.0144897 0.00346201 0.0136762 0.00101662 -0.000267427 0.00205591 0.00444307
internal_weight=387676 151210 129529 8248 5704.69 2543.32 2207.87 1595.75 5610.46 5059.85 42.3046 612.125 1379.01 1266.84 112.17 44.9508 67.2193 21681 21389.5 514.175 474.669 232.977 81.7579 14.1905 67.5674 11.3072 151.219 241.692 98.9226 68.2165
internal_count=1310971 507069 435670 10210 7035 3175 2756 1992 6919 6241 52 764 1721 1581 140 56 84 71399 70325 1671 1538 739 277 51 226 43 462 799 333 137
cat_boundaries=0 1
cat_threshold=11
is_linear=0
shrinkage=0.05


Tree=152
num_leaves=31
num_cat=0
split_feature=6 4 16 16 16 16 16 4 7 18 1 1 17 16 4 16 16 16 4 1 1 6 8 1 7 8 8 6 17 16
split_gain=0.394477 0.427947 0.85928 0.740524 0.689901 1.03623 0.50703 1.09777 0.637391 0.569415 0.494934 0.42114 0.401751 0.864368 0.855049 0.827959 2.46315 0.823991 0.604654 0.513104 0.592945 0.480135 0.473123 0.612679 0.452348 0.595704 0.737954 0.443267 0.437711 0.749661
threshold=-0.60355339059327384 2.5000000000000004 0.86985364382818464 0.87606775566422657 0.86486683785997276 0.80172580346046063 0.79998426569637526 1.5000000000000002 2.3502401828962087 0.99583333333333346 490.50000000000006 6033.5000000000009 0.66237379509048522 0.81441168430396382 1.5000000000000002 0.82805938968709258 0.82626392889630418 0.82922542429719359 1.5000000000000002 639.50000000000011 525.50000000000011 -0.98296291314453399 1.7005986908310777 428.50000000000006 9.0446395749334112 4.6867395546766826 4.3372693810700085 -0.78656609248549325 0.65130300798649621 0.83744152111093351
decision_type=2 2 2 2 2 2 2 2 2 2 2 2 2 2 2 2 2 2 2 2 2 2 2 2 2 2 2 2 2 2
left_child=1 4 -3 -4 5 6 11 8 9 -8 -10 -1 13 18 15 16 22 19 21 20 -17 -7 23 -15 25 26 28 -25 -19 -30
right_child=-2 2 3 -5 -6 12 7 -9 10 -11 -12 -13 -14 14 -16 17 -18 24 -20 -21 -22 -23 -24 27 -26 -27 -28 -29 29 -31
leaf_value=0.0010545297568353539 -0.00076503873121380739 0.0037978773856144343 -0.02387827112583403 -0.00098137620456779646 0.0078247433897256965 0.006900842741264724 0.012211349782059556 0.017126943302289366 0.17978645477002628 0.17107403456936723 0.029944134883414589 0.032095210289271363 -0.0043542872888892026 -0.029050424175912595 -0.0089339864921951905 -0.029292208108897346 0.2062735395429155 0.072651491959914036 -0.010639899581373347 -0.033275878878401569 0.070270545715780716 -0.028267612045396774 0.001780597469733758 0.074342070823130074 0.038667831634817906 -0.056767943452255221 0.076362359377542655 0.063936551293244562 0.10222778029194567 -0.01998509536561437
leaf_weight=23031.413044411689 236466.11807278544 87359.386228110641 2012.0706370249391 5442.8000442385674 7356.5732868015766 200.20658874511719 8.3985908031463641 415.631950981915 17.978079237043858 14.968061670660971 87.339631319046021 594.89117855206132 17543.708758957684 27.368571221828461 3776.3418287038803 54.038676619529724 16.419783115386963 143.82045388221741 1288.5771870613098 161.56757164001465 22.753544688224792 1174.8613257408142 127.41292238235474 61.953009426593781 21.033516585826874 52.88623046875 16.019709467887878 29.049880027770996 20.784930527210236 129.45116233825684
leaf_count=87169 803902 293409 6309 19365 23880 248 41 1129 52 29 232 2187 64151 33 4709 68 20 180 1601 199 28 1464 157 76 26 66 20 36 26 159
internal_value=-7.55564e-07 6.23171e-05 0.00012719 -0.000388081 -4.67491e-05 -0.000114483 0.000118651 0.00162739 0.00566284 0.0131336 0.00400532 8.38915e-05 -0.000341077 -0.000652103 -0.00024149 0.00115778 0.00351452 0.00016487 -0.0013706 -0.00214431 0.00122061 -0.00209985 0.00226194 0.0045379 0.00159826 0.00118515 0.0020217 0.0065106 0.00145237 -0.000435061
internal_weight=387676 151210 94814.3 7454.87 56395.4 49038.9 24170.6 544.316 128.684 23.3667 105.318 23626.3 24868.3 7324.55 4660.9 884.56 262.204 622.356 2663.65 238.36 76.7922 1375.07 245.784 118.371 383.996 362.962 310.076 91.0029 294.057 150.236
internal_count=1310971 507069 319083 25674 187986 164106 90839 1483 354 70 284 89356 73267 9116 5803 1094 322 772 3313 295 96 1712 302 145 477 451 385 112 365 185
is_linear=0
shrinkage=0.05


Tree=153
num_leaves=31
num_cat=0
split_feature=4 16 16 16 16 16 17 16 16 16 0 7 16 16 4 16 16 17 16 0 10 16 16 3 16 16 10 17 16 16
split_gain=0.368836 2.4184 1.94401 1.77357 2.91889 2.48067 2.28641 1.70425 3.23612 1.28724 1.14379 1.0569 1.0107 1.70473 1.51689 0.943857 1.20323 0.922447 0.914146 0.899392 1.36216 0.875933 3.74985 1.00191 1.60029 1.17452 0.85753 0.853638 0.81337 1.21289
threshold=1.5000000000000002 0.83744152111093351 0.8847782686317428 0.81327991938713906 0.81218281370748857 0.81354795087357534 0.66690025027010624 0.82805938968709258 0.82922542429719359 0.83596978670169342 34.500000000000007 6.6073254057471518 0.85472328363330063 0.85570644998864431 2.5000000000000004 0.86985364382818464 0.87260122516658101 0.66536933010598343 0.8861666780130667 94.500000000000014 4.3718242005210728 0.85672772824506083 0.8576553408240688 1.0000000180025095e-35 0.87162810712201477 0.87500919789417042 7.4931540695953087 0.66164817016019506 0.88926421891343954 0.91681818959512318
decision_type=2 2 2 2 2 2 2 2 2 2 2 2 2 2 2 2 2 2 2 2 2 2 2 2 2 2 2 2 2 2
left_child=1 3 21 4 -1 -5 7 11 -9 10 -10 19 -2 -14 28 17 -17 -16 -4 -7 -21 -3 -23 -24 -25 -26 27 -12 -15 -30
right_child=12 2 18 5 -6 6 -8 8 9 -11 26 -13 13 14 15 16 -18 -19 -20 20 -22 22 23 24 25 -27 -28 -29 29 -31
leaf_value=-0.0020423869266150254 0.0010714151038281993 0.011815621587267833 -0.055182464093380595 -0.024951640372494144 0.083108918922146072 0.044228857285488671 -0.014802331279922499 -0.02928775314652339 0.19117329918287093 -0.015986695681512876 0.094404073552843998 -0.00075314875414072007 -0.026492561545589145 0.00060492597891612663 -0.0098619463090968036 -0.02904071911026922 -0.0059702498773744677 0.0052556043997975758 0.00054867032617005322 0.19572709782935846 0.051192489424799571 0.15648337087622832 -0.0041439416024138696 0.013542234094949413 0.10258526163553144 0.034696895861930588 0.021009815749428153 0.029986804940314651 0.025331175807337392 -0.0035133658788458091
leaf_weight=23388.676449768245 289628.21680438891 2285.0612419694662 334.91508213430643 2053.4129491522908 86.804171122610569 612.30828356742859 9146.9316252097487 784.32705819606781 20.829371452331543 50.532623589038849 55.991766452789307 224.83569145202637 2646.6010437309742 10858.367093101144 4474.2358954548836 2965.3483924344182 16486.876328356564 8828.4039544388652 5074.9675146490335 17.975580453872681 28.137448191642761 84.092583335936069 699.25476685911417 1105.7781685963273 218.25527370721102 616.66228678077459 55.104462027549744 20.178676128387451 2976.4696137011051 1846.2722571343184
leaf_count=82835 983982 8288 590 3150 277 793 36084 992 27 61 71 287 8014 35993 5593 8692 58663 35476 16292 23 35 343 1883 3081 647 1599 71 29 10490 6610
internal_value=-1.16964e-06 -0.000132528 0.000539449 -0.000324103 -6.41983e-05 -0.000790907 -0.000493528 0.00109943 -0.000328424 0.00530433 0.00760131 0.00269493 1.69374e-05 -0.000188118 -0.0001206 -0.000314204 -0.000536161 1.03607e-05 -0.000117743 0.00370564 0.0104395 0.00124922 0.0018548 0.0015237 0.00210839 0.00376074 0.0058742 0.00931139 0.000283801 0.000824134
internal_weight=387676 46965 10419 36546 23475.5 13070.6 11017.2 1870.22 986.964 202.637 152.104 883.257 340711 51082.6 48436 32754.9 19452.2 13302.6 5409.88 658.421 46.113 5009.1 2724.04 2639.95 1940.7 834.918 131.275 76.1704 15681.1 4822.74
internal_count=1310971 157458 32723 124735 83112 41623 38473 2389 1251 259 198 1138 1153513 169531 161517 108424 67355 41069 16882 851 58 15841 7553 7210 5327 2246 171 100 53093 17100
is_linear=0
shrinkage=0.05


Tree=154
num_leaves=31
num_cat=0
split_feature=4 16 16 16 16 16 17 16 16 16 10 16 16 16 16 16 16 16 16 8 8 3 16 16 1 16 16 16 16 1
split_gain=0.380106 2.1538 1.71518 1.70474 2.58928 2.33543 1.93684 1.61366 2.42493 1.2565 0.943245 0.919627 0.913344 0.89009 0.825994 0.779454 0.805271 0.754598 3.37129 0.927302 1.05207 0.939703 1.44026 0.835237 0.735491 0.725558 0.816175 0.713667 1.12771 0.740477
threshold=1.5000000000000002 0.83744152111093351 0.8847782686317428 0.81327991938713906 0.81218281370748857 0.81354795087357534 0.66164817016019506 0.82922542429719359 0.82872382376875298 0.83596978670169342 7.1414546997017636 0.84373940648526213 0.8861666780130667 0.80530725634941192 0.84425539163094909 0.89111819891260613 0.97182285662211954 0.85672772824506083 0.8576553408240688 5.9309171654189532 5.8985256106096164 1.0000000180025095e-35 0.87162810712201477 0.87500919789417042 1221.5000000000002 0.88779654317510448 0.88926421891343954 0.74201131889676508 0.74468638834487166 3109.5000000000005
decision_type=2 2 2 2 2 2 2 2 2 2 2 2 2 2 2 2 2 2 2 2 2 2 2 2 2 2 2 2 2 2
left_child=1 3 17 4 27 -5 7 8 24 10 -9 13 -4 -2 -13 25 -17 -3 -19 20 21 -20 -23 -24 -7 -14 -27 -1 -29 -30
right_child=11 2 12 5 -6 6 -8 9 -10 -11 -12 14 15 -15 -16 16 -18 18 19 -21 -22 22 23 -25 -26 26 -28 28 29 -31
leaf_value=0.010930669087660183 -0.00011362724275731928 0.011224840507904444 -0.052423340888711548 -0.023704058353869441 0.078953472976038788 0.055740097387853862 -0.012856271063273939 0.090177398723106178 -0.028363347585185675 -0.015187360897437241 0.054673384185085674 -0.025684013735075117 -0.0017804565242615312 0.0033067030984944793 -0.001991631131018612 -0.0085021364919738666 0.021358412227259694 0.14865920233241689 0.0011965271147913016 -0.021565476828411614 0.092490771818014447 0.014343255112142917 0.099368865751651853 0.037063145423308068 0.004111588785802223 0.099585931424537824 0.012595788248475938 -0.061828877652878769 -0.0042482992339504255 0.013604604705406233
leaf_weight=4041.9982056692243 180391.83126137778 2285.0612419694662 334.91508213430643 2053.4129491522908 86.804171122610569 496.05842447280884 9618.865620456636 53.612677276134491 527.75329965353012 37.238036811351776 56.358442485332489 1476.0381050631404 201.20837111026049 90010.317466504872 68832.604549795389 3687.2547416985035 907.34530784189701 84.092583335936069 667.48587717115879 234.58397968113422 7.9427746310830107 974.83549004793167 201.42657958716154 553.67579482495785 227.26608556509018 110.97943601757288 168.17965798079967 594.95596650242805 17323.729618176818 1427.992659419775
leaf_count=10247 650967 8288 590 3150 277 617 36729 68 664 44 71 4058 438 272839 225649 11776 3142 343 1797 695 17 2701 571 1429 280 400 536 987 66335 5266
internal_value=-2.35117e-06 -0.000135701 0.000498449 -0.000316493 -6.16811e-05 -0.000774149 -0.000485606 0.00125318 0.000670536 0.00620486 0.00889291 1.60304e-05 -0.000118853 5.79177e-05 -0.000145065 4.8042e-05 -0.000152318 0.00116514 0.00172721 0.00141327 0.00170592 0.00164573 0.00226062 0.00389984 0.00255083 0.00196444 0.00361418 -9.36715e-05 -0.000219915 -0.000151919
internal_weight=387676 46965 10419 36546 23475.5 13070.6 11017.2 1398.29 1251.08 147.209 109.971 340711 5409.88 270402 70308.6 5074.97 4594.6 5009.1 2724.04 2639.95 2405.37 2397.42 1729.94 755.102 723.325 480.367 279.159 23388.7 19346.7 18751.7
internal_count=1310971 157458 32723 124735 83112 41623 38473 1744 1561 183 139 1153513 16882 923806 229707 16292 14918 15841 7553 7210 6515 6498 4701 2000 897 1374 936 82835 72588 71601
is_linear=0
shrinkage=0.05


Tree=155
num_leaves=31
num_cat=0
split_feature=10 7 7 16 16 8 9 4 9 9 8 7 7 7 7 7 7 0 7 10 9 7 7 7 7 7 16 10 10 16
split_gain=0.487236 0.507833 0.466571 0.768547 0.427231 0.541651 1.14097 0.449603 0.404227 0.379113 0.717832 1.04711 0.984716 0.898912 1.34543 0.710492 0.674957 0.63213 0.604931 0.533794 0.53255 0.512635 0.904439 0.735066 0.949839 0.999789 0.842955 0.658838 0.693676 0.626283
threshold=8.4036835615819729 9.1195400016540109 10.113667430069365 0.75692737795582421 0.83915056236976993 3.6762205501217919 2.8617925509761908 3.5000000000000004 6.0390628155997765 1.2424533248940002 1.2424533248940002 3.4175922930736511 3.4811217321331038 3.7012257604091228 3.7494348669884658 3.9219243190762363 3.1984648276080736 82.500000000000014 3.9607678160667752 4.1882333364740107 4.1190041246092024 3.0201273556387074 3.1132683346437333 2.524928003624769 2.3502401828962087 1.0397207708399181 0.80843591680373295 0.058681907356509619 6.3297016685451188 0.79397100198119108
decision_type=2 2 2 2 2 2 2 2 2 2 2 2 2 2 2 2 2 2 2 2 2 2 2 2 2 2 2 2 2 2
left_child=1 9 3 -2 5 6 7 -3 -7 10 11 16 -13 -14 -15 -16 21 18 -17 -18 -11 23 -23 24 25 -1 -27 -24 -29 -25
right_child=2 4 -4 -5 -6 8 -8 -9 -10 20 -12 12 13 14 15 17 19 -19 -20 -21 -22 22 27 29 -26 26 -28 28 -30 -31
leaf_value=0.0018703606947002795 -0.017778434426097525 -0.01152067630489797 -0.0087463446600487323 0.026103138844740938 -0.015589631960835315 -0.0021227957416920518 0.16522492448426562 0.059131260578614779 -0.02730063983483846 0.0028553864016021002 -0.0020401520945655172 0.025141187027828905 -0.0071193730731878629 0.024699125554539236 -0.006261527346011775 0.03021413203519523 -0.017394602749701182 0.022628435265465499 0.0029386769418776383 -0.0029341112854158525 -0.0074531312854863255 0.015234155093102953 -0.0199310193240692 -0.015202271140430891 0.0083173760811618546 -0.010628693658964995 -0.0001900243917875133 0.0086094564318666134 -0.014611962314762162 -0.0013542372090021182
leaf_weight=42512.549066174775 429.81915627419949 24.957404434680939 691.9300686083734 1221.3609770089388 2156.9895651265979 7371.359213642776 7.963400073349475 9.6305028162896615 832.76307146623731 53717.075149685144 155494.34245919064 3770.7399053312838 7314.2671370021999 2090.0508165918291 4575.4706948921084 1086.3561026267707 2300.4576369598508 2772.8657348044217 15063.652634948492 4173.5003380253911 5361.9107077568769 7518.9426155723631 1167.8863105475903 7925.3580281510949 17473.697686940432 11908.425253286958 11873.338912673295 2866.0172051340342 1654.7465723529458 12102.18894610554
leaf_count=138597 821 107 1636 2693 7435 27267 28 29 3176 189153 532046 12661 24499 6984 15313 3651 7756 9536 52516 13389 18707 24953 3968 29218 56446 41599 35774 9472 5364 36073
internal_value=-1.31018e-05 -1.74751e-05 0.000705728 0.00116247 -0.000362055 -0.000198188 0.00542846 0.00149986 -0.000227371 -7.90835e-06 -2.96662e-05 4.46315e-05 0.000279227 0.000191517 0.000331243 0.000223115 -2.50447e-05 0.000358308 0.000238563 -0.000522013 0.000108339 2.45333e-06 0.000295849 -3.48801e-05 3.01806e-05 -5.62585e-05 -0.000315869 -0.000179839 9.36561e-05 -0.000307005
internal_weight=387471 385128 2343.11 1651.18 10403.7 8246.67 42.5513 34.5879 8204.12 374724 315645 160151 36673.4 32902.7 25588.4 23498.3 123477 18922.9 16150 6473.96 59079 117003 13207.6 103796 83768 66294.3 23781.8 5688.65 4520.76 20027.5
internal_count=1310867 1305717 5150 3514 38042 30607 164 136 30443 1267675 1059815 527769 125160 112499 88000 81016 402609 65703 56167 21145 207860 381464 43757 337707 272416 215970 77373 18804 14836 65291
is_linear=0
shrinkage=0.05


Tree=156
num_leaves=31
num_cat=0
split_feature=1 8 7 16 7 0 7 7 7 16 10 10 17 1 16 7 7 16 0 16 16 10 17 7 7 16 0 1 8 10
split_gain=0.378622 0.403242 1.11185 0.701003 0.699359 0.613684 0.549162 0.814949 0.86123 0.817683 0.539151 0.847583 0.676839 1.12077 0.516925 0.515178 0.503961 0.683153 0.489982 0.487087 0.595126 0.824473 0.994483 1.81155 0.943326 0.454966 0.983266 1.00682 0.439964 0.433567
threshold=192.50000000000003 1.0000000180025095e-35 3.4175922930736511 0.80417266174550694 2.9174053685313028 76.500000000000014 2.524928003624769 2.3502401828962087 1.0397207708399181 0.80843591680373295 7.2061565359679971 2.8159497556634725 0.64675799809678969 371.50000000000006 0.72123156168238733 2.524928003624769 1.0000000180025095e-35 0.97182285662211954 107.50000000000001 0.83375273960117646 0.82872382376875298 5.8817821543845819 0.65737091758083455 3.5972184255501678 3.1984648276080736 0.88214353201501761 116.50000000000001 7201.5000000000009 1.4978661367769956 6.464191194684128
decision_type=2 2 2 2 2 2 2 2 2 2 2 2 2 2 2 2 2 2 2 2 2 2 2 2 2 2 2 2 2 2
left_child=-1 4 3 -3 6 19 7 8 16 -10 11 -8 13 -13 -7 -5 17 -2 -9 20 -6 -22 23 24 -23 -14 27 -27 -4 -11
right_child=1 2 28 15 5 14 10 18 9 29 -12 12 25 -15 -16 -17 -18 -19 -20 -21 21 22 -24 -25 -26 26 -28 -29 -30 -31
leaf_value=-0.0088734009164932685 -0.0053203107211265317 -0.014058448908401822 0.0031350276267507974 -0.024679709703108756 0.0061831069509518779 -0.0097928532104369029 -0.011736987260468701 0.0069217700515255224 -0.01020262607480873 0.0023921439004803702 -0.020649725569746469 0.13070970820325348 -0.00084171674984752094 0.019362052440294233 0.018058028651792003 -0.00039555692912480734 0.004049838325198874 0.02945712808881127 0.028195496160410595 -0.0041741313951312534 0.0065803761363210983 0.080211080070775029 0.047039572102080568 0.084951893913945184 0.13652236955918537 0.0089203017357494929 0.1414202742730187 0.069319617902834321 -0.00062850151637556812 -0.010719083595241985
leaf_weight=6504.2235174849629 6551.0583034530282 11419.120853614062 28700.471793513745 585.42863772064447 16207.293024152517 463.73296353965998 5204.7803139016032 15775.678669374436 11458.433695070446 9450.8635025545955 1601.7504562959075 21.892901837825775 6583.2810115516186 293.15767461061478 5534.280081383884 12372.639920376241 34374.697490699589 30.314814247190952 953.13330843299627 5992.6767284199595 427.96625789999962 18.659392893314362 214.95262619107962 30.722532212734222 19.376264095306396 377.96656142920256 9.1894108504056913 7.1818355098366728 204240.70652909577 2044.9822017922997
leaf_count=21245 24444 40427 97128 1869 56253 1132 17672 51054 40114 28554 4940 27 21883 362 18879 37339 109318 96 2997 19485 1368 24 805 37 24 1328 31 20 705964 6048
internal_value=-1.25454e-05 -6.08729e-06 -4.17462e-05 -0.000363029 6.81208e-05 0.000283383 2.43295e-06 5.27693e-05 -2.85529e-05 -0.000273725 -0.000285461 -0.00017477 0.000173093 0.00244 0.000733624 -0.000111329 0.000108857 -0.000291983 0.000363451 0.000165515 0.00030272 0.00171787 0.00380804 0.00904212 0.0163361 7.07389e-05 0.00172039 0.00133474 -8.12402e-06 2.42107e-05
internal_weight=387471 380966 257318 24377.2 123648 28909.7 94738.4 80639.2 63910.4 22954.3 14099.2 12497.4 7292.67 315.051 5998.01 12958.1 40956.1 6581.37 16728.8 22911.6 16919 711.677 283.711 68.7582 38.0357 6977.62 394.338 385.148 232941 11495.8
internal_count=1310867 1289622 882727 79635 406895 98007 308888 262625 208574 74716 46263 41323 23651 389 20011 39208 133858 24540 54051 77996 58511 2258 890 85 48 23262 1379 1348 803092 34602
is_linear=0
shrinkage=0.05


Tree=157
num_leaves=31
num_cat=0
split_feature=10 17 7 17 8 8 5 17 7 7 16 8 0 8 0 9 1 8 16 16 0 18 16 1 10 8 9 9 8 10
split_gain=0.368791 0.533762 0.61242 0.763196 1.11613 1.18596 0.588279 1.07539 1.30767 0.471831 0.447863 0.414334 1.12061 0.404241 0.395773 0.391156 0.62676 0.574624 0.381751 0.378308 0.652759 1.15884 0.370256 0.361644 0.441358 0.351025 0.553218 0.699064 1.07065 0.536518
threshold=8.4036835615819729 0.64954346602561752 10.481293953298048 0.65232474344564295 4.6681339642869872 5.4138732270297307 0.12940952255126045 0.65130300798649621 9.2635019021077358 9.1195400016540109 0.75883232982744986 3.6762205501217919 38.500000000000007 6.729226341787089 91.500000000000014 1.2424533248940002 1035.5000000000002 3.795426061844291 0.71843582945990481 0.6500768209777964 79.500000000000014 1.0458333333333336 0.76060710736486381 854.50000000000011 8.0656092028552901 6.756350655615905 4.2268071048866842 4.2121001622835372 5.4951148343168761 3.2154300527916817
decision_type=2 2 2 2 2 2 2 2 2 2 2 2 2 2 2 2 2 2 2 2 2 2 2 2 2 2 2 2 2 2
left_child=9 14 3 4 -3 -6 7 8 -7 25 15 12 -11 -8 -2 16 17 -5 -19 20 23 -22 -12 24 -13 26 27 -1 -29 -27
right_child=1 2 -4 10 5 6 13 -9 -10 11 22 19 -14 -15 -16 -17 -18 18 -20 -21 21 -23 -24 -25 -26 29 -28 28 -30 -31
leaf_value=-0.00017613958599937973 -0.031437222535671161 -0.020300277314170237 -0.01698240523648429 -0.14135117697635136 0.17175029037248912 0.039011907060135846 -0.12137743395151253 0.0037174926871895056 0.13573745140355351 0.16485418832295451 0.12860372572807313 0.095657630714450104 0.022625780573930943 0.088002619143617497 0.081169129595864892 -0.024616052847655157 -0.020171745507848594 0.025577432459368277 0.11257465567424085 -0.0079758418924921869 0.055465173419044958 0.067670719923797543 0.024541071040348906 -0.029194190897542917 0.056610782314827905 0.21387512845286613 -0.014023911212472285 -0.077388568945000333 0.09294568114969573 0.0048449737573155183
leaf_weight=362359.58914639428 330.06369251012802 32.50420755147934 420.75619242712855 9.8231285214424116 22.448739647865295 19.899448573589325 21.390549957752228 31.325395047664642 17.760105192661285 7.7699963711202136 11.773043483495711 10.410900712013243 42.20441260933876 15.998526930809019 51.02232426404953 269.55230107903481 47.226382605731487 10.283223740756513 15.061885438859461 10190.641121584922 19.683488026261333 6.6781042814254752 1016.221054919064 84.130278512835503 42.144855462014675 19.566473759710789 3100.7335793524981 13.618880987167357 24.366027697920799 9205.9658065624535
leaf_count=1224219 411 42 1088 19 28 26 27 38 23 32 30 40 160 20 63 607 93 28 31 37338 79 8 2576 267 118 97 10852 57 82 32368
internal_value=-1.1875e-05 0.000613509 0.000946097 0.00140765 0.00466171 0.00675075 0.00454688 0.00728429 0.0129779 -1.56798e-05 0.00102722 -0.000347821 0.00419395 -0.000503788 -0.00109882 -0.000512243 0.0025027 0.00755615 0.0115351 -0.000369743 0.00201966 0.00922352 0.00155427 0.000630302 0.00388428 -6.45835e-06 -1.41468e-05 -8.45672e-06 0.00677421 0.000298142
internal_weight=387471 2343.11 1962.02 1541.27 161.327 128.823 106.374 68.9849 37.6596 385128 1379.94 10403.7 49.9744 37.3891 381.086 351.947 82.3946 35.1682 25.3451 10353.7 163.048 26.3616 1027.99 136.686 52.5558 374724 365498 362398 37.9849 9225.53
internal_count=1310867 5150 4676 3588 204 162 134 87 49 1305717 3384 38042 192 47 474 778 171 78 59 37850 512 87 2606 425 158 1267675 1235210 1224358 139 32465
is_linear=0
shrinkage=0.05


Tree=158
num_leaves=31
num_cat=0
split_feature=1 10 7 16 17 7 9 7 17 10 17 7 17 7 7 16 7 0 1 9 6 1 16 16 6 6 7 16 0 4
split_gain=0.334685 0.414573 0.400913 0.564903 0.573671 0.38597 0.857416 0.376429 0.680458 0.338727 0.51404 0.528214 0.646338 0.783422 0.55331 0.500478 0.428121 0.470631 0.658969 0.558428 0.71195 0.592606 0.424799 0.482705 0.418132 1.44154 0.382094 0.498082 0.518474 0.589101
threshold=246.50000000000003 6.1117791469975336 7.3743154372845536 0.66451488603447284 0.66164817016019506 7.3228405759704325 0.89587973461402759 4.9308638091439496 0.64555464890881631 8.4036835615819729 0.64954346602561752 10.481293953298048 0.65232474344564295 7.5509240552007428 8.4806329307251342 0.81055355588102429 9.3458759809388088 59.500000000000007 838.50000000000011 4.8559213341406453 0.60355339059327384 1702.5000000000002 0.69590327897418025 0.70517799062805808 0.37940952255126048 -0.60355339059327384 9.1834315540998528 0.58123026540307288 79.500000000000014 2.5000000000000004
decision_type=2 2 2 2 2 2 2 2 2 2 2 2 2 2 2 2 2 2 2 2 2 2 2 2 2 2 2 2 2 2
left_child=1 7 5 4 -4 -3 -7 -1 -9 26 16 12 13 -12 -15 24 -11 -18 -19 20 21 -20 -14 -24 25 -16 -2 28 29 -28
right_child=9 2 3 -5 -6 6 -8 8 -10 10 11 -13 22 14 15 -17 17 18 19 -21 -22 -23 23 -25 -26 -27 27 -29 -30 -31
leaf_value=-0.011442667071875757 3.9974831847855444e-05 0.0038827744668622935 0.10819143456833068 -0.025704195620872384 0.0020466037992242117 0.080451832706968499 -0.067639550888468403 0.21915747266930749 0.014660283435570598 -0.05575477857744407 -0.05050753284862073 -0.016133284974660069 -0.073901692297364457 0.16316277585386466 0.025835363045483596 -0.0090062684886600859 -0.019300075041379872 -0.079912991357583438 -0.025591107998374121 -0.022787168947101089 0.16821977183704456 0.10864797742640304 0.075481940094917432 0.020319318252150609 0.019452989344276018 0.15974226175614159 0.056452754139686069 -0.0068619400669340802 0.064287183927607669 -0.086722394369575018
leaf_weight=6735.9474766477942 362627.79533948377 4892.5168513432145 7.218383967876437 868.42179220914841 22.816460400819778 11.979711502790453 14.226091269403694 8.2442124485969526 520.10885537043214 195.29202461242676 27.064770340919495 414.42755696550012 75.416481576859951 30.901015400886536 19.962719440460205 36.171523332595825 74.342668235301971 28.246364533901215 21.656462669372559 16.673261225223541 16.740761399269104 17.757526218891144 22.08076349645853 1254.469536781311 26.778872609138489 16.32440197467804 16.103153020143509 9422.141532342881 8.758182540535925 20.028520844876766
leaf_count=21752 1227906 16068 9 3023 72 38 57 10 2016 243 35 1066 175 39 25 45 92 35 27 21 21 22 39 3092 34 21 61 34721 33 69
internal_value=-1.15254e-05 -0.000260126 5.44193e-05 -0.000916798 0.00582477 0.000231822 0.00628367 -0.00051201 0.000773134 -2.83912e-06 0.000602829 0.000931379 0.00136556 0.00440003 0.0060097 0.00419042 -0.00110201 0.000690837 0.00291196 0.00542624 0.00781197 0.00414284 0.00101272 0.00122815 0.00687954 0.010377 -6.57362e-06 -0.000320156 0.00493414 0.00228855
internal_weight=387471 13081.5 5817.18 898.457 30.0348 4918.72 26.2058 7264.3 528.353 374389 2294.31 1923.6 1509.17 157.203 130.139 99.2375 370.709 175.417 101.074 72.828 56.1548 39.414 1351.97 1276.55 63.066 36.2871 372095 9467.03 44.8899 36.1317
internal_count=1310867 43045 19267 3104 81 16163 95 23778 2026 1267822 5032 4571 3505 199 164 125 461 218 126 91 70 49 3306 3131 80 46 1262790 34884 163 130
is_linear=0
shrinkage=0.05


Tree=159
num_leaves=31
num_cat=0
split_feature=8 7 7 7 17 17 4 6 10 17 10 4 7 7 7 10 17 7 10 7 7 18 4 16 17 17 7 6 6 16
split_gain=0.34729 1.15314 0.646338 0.830168 0.839094 1.15967 0.854162 0.763882 0.615107 0.59062 0.540984 0.56687 0.474079 0.660249 1.25228 0.64079 0.599139 0.49633 0.813281 0.651872 0.820015 0.540566 0.502613 0.493775 0.851041 1.57276 0.484011 0.482291 1.18012 0.657616
threshold=1.0000000180025095e-35 3.0201273556387074 3.4175922930736511 3.4811217321331038 0.64853776465145774 0.65090371963234628 1.5000000000000002 0.60355339059327384 3.3011167046184218 0.65266048731061865 0.0083147347355221144 3.5000000000000004 5.0968083143154814 3.7012257604091228 3.7494348669884658 0.031737426730471384 0.64927633572046617 3.9219243190762363 0.098905681065719467 3.9607678160667752 4.0689902272260703 1.0458333333333336 2.5000000000000004 0.76654570564470936 0.64991817661828988 0.64867302866654353 3.9607678160667752 -0.78656609248549325 -0.98296291314453399 0.76654570564470936
decision_type=2 2 2 2 2 2 2 2 2 2 2 2 2 2 2 2 2 2 2 2 2 2 2 2 2 2 2 2 2 2
left_child=2 -2 -1 4 -4 6 -6 8 -8 -7 11 -11 13 15 23 -5 27 -16 19 21 -21 -19 -20 24 25 -15 -24 28 -17 -30
right_child=1 -3 3 12 5 9 7 -9 -10 10 -12 -13 -14 14 17 16 -18 18 22 20 -22 -23 26 -25 -26 -27 -28 -29 29 -31
leaf_value=0.00029637948598921772 -0.0093277435914045689 -0.00045435792402916955 -0.038332899837827464 -0.046513042351892291 0.13402537517289345 -0.048618868366718408 0.036470357216562332 0.073879071518338266 -0.0054687975391142455 0.041926439618861888 0.033410468910792135 0.072751693729522018 -0.012957679373615517 0.04143360830163343 -0.0078626875385202407 -0.075545359039142224 -0.0076983023116428129 0.10958668560787049 -0.0067234052539947523 -0.087259833541711906 0.044473479804689568 -0.037988475637775167 0.049170463045469417 0.038634380888170484 0.024336747269656334 0.091683759765979783 0.01057580662422657 0.020311408112472076 0.11310335973294233 0.081183396353586318
leaf_weight=111029.00862253457 8381.3918260596693 251939.76746656373 205.77891576290131 340.92899566888809 16.196297287940979 92.022987306118011 21.343231439590454 28.040192544460297 54.47478061914444 120.40059364959598 1787.1234036125243 45.722029536962509 1289.9519933499396 37.263083398342133 1721.1591205559671 19.978822231292725 2496.9179841578007 70.385457318276167 2264.5554462037981 66.332082625478506 336.63284056633711 15.170759141445158 366.9410283267498 806.86724755167961 342.21444327011704 15.314342260360716 3294.6419136635959 206.76851719617844 16.168417632579803 41.150432169437408
leaf_count=362265 27455 865495 254 1226 21 113 28 37 72 489 6870 199 4749 46 5899 25 8946 298 7809 235 1284 18 1283 2417 1583 20 11403 257 20 51
internal_value=-1.14002e-05 -4.44828e-05 5.63319e-05 0.000352182 0.00121622 0.00150618 0.00628215 0.00461668 0.00200892 0.00122583 0.00141026 0.00413953 0.000203178 0.000297648 0.000508109 -0.000331829 -8.1016e-05 0.000285575 0.000487867 0.00244873 0.00160714 0.00641258 0.000326223 0.00201477 0.00346374 0.00938632 0.000688347 0.00209482 0.00546439 0.00911181
internal_weight=387471 260321 127149 16120.4 2371.1 2165.32 120.055 103.858 75.818 2045.27 1953.25 166.123 13749.3 12459.4 9337.48 3121.91 2780.98 8135.82 6414.66 488.521 402.965 85.5562 5926.14 1201.66 394.792 52.5774 3661.58 284.066 77.2977 57.3188
internal_count=1310867 892950 417917 55652 8083 7829 158 137 100 7671 7558 688 47569 42820 32295 10525 9299 28229 22330 1835 1519 316 20495 4066 1649 66 12686 353 96 71
is_linear=0
shrinkage=0.05


Tree=160
num_leaves=31
num_cat=0
split_feature=17 1 5 16 0 7 0 8 16 0 1 1 6 0 7 8 17 8 7 0 16 8 0 7 16 0 17 16 18 16
split_gain=0.375927 0.468893 0.333684 0.926057 0.866494 1.19954 0.720757 0.59819 0.52588 0.619055 1.01006 0.86656 1.2437 0.559699 0.493145 0.461584 0.430259 0.472446 0.521278 0.573378 0.548309 0.488513 0.541556 0.522619 0.767266 1.14012 1.78567 0.731694 1.20733 0.644817
threshold=0.70060497822106316 157.50000000000003 0.91597561503675362 0.6500768209777964 46.500000000000007 2.524928003624769 59.500000000000007 3.9607678160667752 0.72364337447615934 64.500000000000014 992.50000000000011 1494.5000000000002 1.0000000180025095e-35 124.50000000000001 4.7050052835523761 5.1845846780664209 0.66197798957202592 2.9700856263602158 4.3630783395783075 147.50000000000003 0.87383864857670368 2.9174053685313028 99.500000000000014 4.9308638091439496 0.8224798576058957 83.500000000000014 0.65047227725875179 0.77968850705887938 1.0791666666666668 0.7434124931127456
decision_type=2 2 2 2 2 2 2 2 2 2 2 2 2 2 2 2 2 2 2 2 2 2 2 2 2 2 2 2 2 2
left_child=1 -1 -3 4 5 -4 -5 -6 9 10 -8 -12 -13 -11 -7 -9 17 18 19 20 -10 22 23 24 25 -20 -27 28 29 -25
right_child=-2 2 3 6 7 14 8 15 16 13 11 12 -14 -15 -16 -17 -18 -19 21 -21 -22 -23 -24 27 -26 26 -28 -29 -30 -31
leaf_value=-0.018848773440135538 0.0005663851390103503 -0.00059349059676323541 0.076228421808195501 -0.013443967911813237 -0.0085350709079566218 -0.06616433431665443 -0.01581243541559765 0.075716419060910589 0.0086519071629068463 0.0069754135976924925 0.099402361710979659 0.084908797938657937 -0.0057489205223190789 0.064247030156530327 0.054577040874237204 0.045292817027393767 -0.01034725793118272 -0.006261976526765101 -0.007610998956816762 0.10226381939160506 -0.042218214033623851 0.1474922974316745 -0.027094571112187538 0.096675569916447796 0.067542078913443993 -0.011743850085864427 0.13054207994451714 -0.011379290100111895 0.14148319816924149 -0.032672456407165144
leaf_weight=1407.5931540727615 219930.09315741807 149621.93102810532 21.130233466625214 9054.0196053385735 129.87983596324921 19.427961826324463 48.674940288066864 17.143243968486786 2226.9490162730217 491.23412412405014 17.780227422714233 15.98480176925659 26.755102396011353 28.761540234088898 25.417178332805634 31.335779428482056 2129.4288711547852 1542.3657643198967 120.702652156353 26.352952539920807 159.99103182554245 22.221835017204285 78.142686069011688 18.522194504737854 93.636788308620453 20.518298625946045 17.872164189815521 191.70760673284531 17.867272019386292 48.127026081085205
leaf_count=1849 1088667 198355 28 12042 165 26 64 22 2778 633 22 21 33 37 33 40 3192 1917 150 32 199 28 95 24 115 26 23 238 19 62
internal_value=-1.28971e-05 -6.92923e-05 -6.15989e-05 -0.000273989 0.00278153 0.00767725 -0.000319518 0.000970588 4.85605e-05 0.00143076 0.00485325 0.0091659 0.00530693 0.000712067 0.00304938 0.00571013 -8.09623e-05 0.000191806 0.000553172 0.000218968 0.000137988 0.00183477 0.00156825 0.00214223 0.0037853 0.00167175 0.00917702 0.000638908 0.00451463 0.00142046
internal_weight=387602 167671 166264 16642 244.334 65.9754 16397.6 178.359 7343.6 629.191 109.195 60.5201 42.7399 519.996 44.8451 48.479 6714.41 4584.98 3042.61 2413.29 2386.94 629.319 607.097 528.954 252.73 159.093 38.3905 276.224 84.5165 66.6492
internal_count=1310935 222268 220419 22064 314 87 21750 227 9708 810 140 76 54 670 59 62 8898 5706 3789 3009 2977 780 752 657 314 199 49 343 105 86
is_linear=0
shrinkage=0.05


Tree=161
num_leaves=31
num_cat=0
split_feature=17 1 16 16 16 7 8 8 7 7 7 1 7 8 17 0 16 1 7 0 0 9 6 1 7 16 1 7 7 17
split_gain=0.342715 0.381916 0.33929 0.42348 0.421286 0.318267 0.949825 0.850388 0.578191 0.630247 0.47433 0.424707 0.411156 0.513081 1.04483 0.581742 0.626626 0.403774 0.36876 0.453377 0.528764 0.361016 0.354643 0.424748 0.37446 0.386906 0.378098 0.354615 0.4729 0.594373
threshold=0.70060497822106316 157.50000000000003 0.84797720773251295 0.85672772824506083 0.85153679219563605 4.1026092131977068 2.3502401828962087 1.0000000180025095e-35 2.3502401828962087 1.0397207708399181 2.524928003624769 13074.000000000002 4.135134555718313 0.89587973461402759 0.72406633601923109 104.50000000000001 0.79173584366809513 1201.5000000000002 4.2555875595453383 120.50000000000001 122.50000000000001 1.0000000180025095e-35 -0.5 388.50000000000006 1.0000000180025095e-35 0.78247868681815624 2419.5000000000005 2.524928003624769 2.9174053685313028 0.7490710616788091
decision_type=2 2 2 2 2 2 2 2 2 2 2 2 2 2 2 2 2 2 2 2 2 2 2 2 2 2 2 2 2 2
left_child=1 2 -1 4 -4 7 11 8 9 22 -9 12 13 15 17 -7 -17 -15 19 -14 -21 -8 24 -24 -2 26 -26 -10 -29 -30
right_child=5 -3 3 -5 -6 6 21 10 27 -11 -12 -13 18 14 -16 16 -18 -19 -20 20 -22 -23 23 -25 25 -27 -28 28 29 -31
leaf_value=-0.028941918985716499 -0.0072873078924951653 -0.00094627316738127298 0.13233350779448896 -0.00101396674734342 0.05144478654747129 0.052076596490097549 -0.0023161862356346984 -0.029526501780245674 0.011086033711608812 -0.0056254122852642313 -0.0039218884894013598 0.049934080894655564 -0.0066049202241944775 0.046572973752528314 0.00029354553915975637 0.13045902860197969 0.022431050922537166 0.09378105426834478 0.0075520544205220034 0.16671954225606511 0.044599728511252185 0.0017435428756160665 -0.012887681535774576 0.00057814312586419454 -0.0073105071174766056 0.014847709690383494 0.024655916352033194 -0.0037620654695494473 0.029205130041547414 0.0052125215369091876
leaf_weight=1187.5365052819252 1856.3626364134252 166263.88176248223 15.484369337558745 186.51316791772842 18.059111535549164 336.95757319405675 35136.224341068417 702.59754956513643 9514.0353834182024 12946.096482869238 34628.869231078774 188.67462086305022 2760.1082787103951 16.503414750099186 579.67300802469254 12.392557121813299 11.655385337769983 11.018829107284544 20845.619137693197 4.9194786846637717 45.460556663572788 57396.962523180991 2072.2679040655494 11170.012285456061 2422.3581596575677 5572.6704678088427 532.54858167842031 7903.0672477819026 1013.155707359314 12249.881815865636
leaf_count=1551 9530 220419 21 253 24 1740 176060 3389 45507 62560 167992 945 13773 30 2895 69 49 20 105360 26 207 290762 9641 54514 14074 22724 2942 38428 1879 63551
internal_value=-1.30866e-05 -6.6933e-05 -0.000887066 0.000916256 0.00608839 2.7965e-05 8.42029e-05 -3.63657e-05 6.79779e-05 -6.62999e-05 -0.000234981 0.000358908 0.000340801 0.00135071 0.000463196 0.00284346 0.0103567 0.00998189 0.000299467 -0.000238166 0.00446232 1.05401e-05 8.73462e-05 -8.4195e-05 0.000306107 0.000446198 -1.63106e-05 0.000228044 0.000114076 0.000296512
internal_weight=387602 167671 1407.59 220.057 33.5435 219930 117346 102584 67252.5 36572.3 35331.5 24813 24624.3 968.201 607.195 361.006 24.0479 27.5222 23656.1 2810.49 50.38 92533.2 23626.2 13242.3 10383.9 8527.58 2954.91 30680.1 21166.1 13263
internal_count=1310935 222268 1849 298 45 1088667 591936 496731 325350 175985 171381 125114 124169 4803 2945 1858 118 50 119366 14006 233 466822 113425 64155 49270 39740 17016 149365 103858 65430
is_linear=0
shrinkage=0.05


Tree=162
num_leaves=31
num_cat=0
split_feature=4 16 16 16 16 16 16 16 17 17 1 16 18 16 1 1 16 16 1 1 7 18 16 7 10 16 16 16 4 16
split_gain=0.315455 2.08534 1.73164 1.49194 1.09185 0.908194 0.892061 3.37707 2.96784 1.56503 0.736808 0.723447 1.20612 1.0597 1.55905 0.889009 0.861106 0.70422 0.947463 0.677393 0.673894 1.12095 0.872603 0.835901 0.653072 0.60562 0.797092 0.660152 1.06029 0.67312
threshold=1.5000000000000002 0.83744152111093351 0.80530725634941192 0.8847782686317428 0.8861666780130667 0.79940033165848312 0.80570143096500557 0.80742409001324889 0.78997110768990131 0.79127073924281743 2793.5000000000005 0.89517497621427877 1.029166666666667 0.88779654317510448 1559.5000000000002 793.50000000000011 0.89302366647559417 0.88214353201501761 540.50000000000011 13074.000000000002 2.524928003624769 1.0791666666666668 0.80468843791176625 5.4004200416950168 5.905479208128825 0.83375273960117646 0.80530725634941192 0.83596978670169342 3.5000000000000004 0.83813577384133187
decision_type=2 2 2 2 2 2 2 2 2 2 2 2 2 2 2 2 2 2 2 2 2 2 2 2 2 2 2 2 2 2
left_child=1 2 5 17 -5 -1 8 9 10 -8 -4 12 16 -14 15 -15 -6 -3 -19 -13 21 -7 -22 -24 -18 26 -2 28 -27 -29
right_child=25 3 6 4 11 20 7 -9 -10 -11 -12 19 13 14 -16 -17 24 18 -20 -21 22 -23 23 -25 -26 27 -28 29 -30 -31
leaf_value=-0.0015709139055175127 -0.00019613808038960735 0.016494759415409944 -0.043499668948214137 -0.054402498528746707 -0.0013276489858928598 0.050054918283612394 0.11564152588468475 -0.010305863839988872 0.090135497825900454 0.043529994520146657 0.011909419660523791 -0.0029280847293720494 0.034315272564466336 0.10848622601103469 -0.026575230141726715 0.15964299563338274 0.059519600496273209 -0.0075141047913125369 0.061796333449555846 0.094104681083329436 0.01152902634764681 0.17379093395252024 0.14128844193001408 0.021939055891686234 0.026758648251665962 -0.018617644006417435 0.0035090794390368 0.012174542638145214 0.0094073308919856661 -0.0016803851292228169
leaf_weight=18471.956957641989 180390.70113160089 4793.5922201871872 966.93639928102493 333.82544832676649 616.37091935425997 146.43916994333267 26.802131712436676 15839.314653612673 65.349898092448711 47.643985316157341 120.20902991294861 4255.4137473553419 65.854072511196136 26.38774186372757 16.283451914787292 20.59665435552597 45.512247994542122 66.605567254126072 132.85191021859646 10.665225498378275 742.09589209407568 18.074069917201996 10.512759312987329 9.9270483702421171 48.365820564329624 4403.7173847407103 68888.496501088142 3997.3250442892313 1649.4779109209776 81374.263078726828
leaf_count=72326 651063 15341 1245 578 1961 443 47 48052 208 315 157 13693 78 31 20 24 212 166 302 40 1847 19 22 32 201 12150 207478 12674 5370 264840
internal_value=-1.31378e-05 -0.000134717 -0.000313051 0.000488634 -8.42502e-05 1.01242e-05 -0.0006804 -0.000583119 -0.00202368 0.0100412 -0.00264576 9.68938e-05 0.00143871 0.00588393 0.0105052 0.0151259 0.00063058 0.00111272 0.00402375 -0.000167115 0.00153725 0.00443956 0.00091109 0.0111026 0.00509158 3.59748e-06 4.39686e-05 -0.000106478 -0.000611052 -7.07021e-05
internal_weight=387602 46897.6 36465.3 10432.3 5439.28 19399 17066.3 15913.8 1152.5 74.4461 1087.15 5105.45 839.371 129.122 63.2678 46.9844 710.249 4993.05 199.457 4266.08 927.049 164.513 762.536 20.4398 93.8781 340704 249279 91424.8 6053.2 85371.6
internal_count=1310935 157360 124713 32647 16838 74689 50024 48414 1610 362 1402 16260 2527 153 75 55 2374 15809 468 13733 2363 462 1901 54 413 1153575 858541 295034 17520 277514
is_linear=0
shrinkage=0.05


Tree=163
num_leaves=31
num_cat=0
split_feature=4 1 17 6 1 17 10 17 5 0 17 5 5 0 1 1 0 17 1 1 1 1 0 5 0 0 1 6 17 17
split_gain=0.349914 0.517514 0.411402 0.587706 0.689419 0.555784 0.687922 0.480989 0.570867 0.466743 0.398734 0.491704 0.57495 0.484946 0.575854 1.08172 0.527397 0.517587 0.467494 0.491338 0.471956 0.495145 0.484406 0.452902 0.418097 0.490767 0.531506 0.497834 0.448647 0.429454
threshold=1.5000000000000002 4473.5000000000009 0.64632798978931005 0.60355339059327384 192.50000000000003 0.64853776465145774 5.8817821543845819 0.65047227725875179 0.25881904510252091 148.50000000000003 0.66268314391858796 -0.37940952255126059 -0.70710678118654735 39.500000000000007 3595.5000000000005 3522.5000000000005 88.500000000000014 0.65090371963234628 801.50000000000011 1304.5000000000002 1494.5000000000002 1481.5000000000002 87.500000000000014 0.91597561503675362 44.500000000000007 63.500000000000007 1468.5000000000002 0.98296291314453421 0.65130300798649621 0.65185921791924917
decision_type=2 2 2 2 2 2 2 2 2 2 2 2 2 2 2 2 2 2 2 2 2 2 2 2 2 2 2 2 2 2
left_child=1 -1 3 4 -2 6 -4 8 -7 -8 11 12 -9 14 15 -13 18 -16 -15 -20 21 22 24 -23 -21 26 27 28 -26 -27
right_child=2 -3 5 -5 -6 7 9 10 -10 -11 -12 13 -14 16 17 -17 -18 -19 19 20 -22 23 -24 -25 25 29 -28 -29 -30 -31
leaf_value=-0.0029920329159720538 -0.073324274336043035 0.010707291067948654 -0.011349697664982152 0.016229471466216828 0.0027858989227681264 0.0076429973690727683 -0.00054622725259423355 -0.0020523272818059992 -0.0016390100504519722 0.026382171839468029 0.00052240380110084588 -0.011429412243486781 0.0057182766971003891 0.0037486186951199985 0.049128204082251471 0.09181600042962379 -0.0098711594281306603 -0.036102607996232487 -0.011032964616571217 -0.034864623069321053 -0.0028857300365244367 0.083893470954766874 0.10435473040989618 -0.055936594508855575 0.085461010948465976 -0.051335207657542715 -0.012225549964642824 -0.037650042771939757 0.029257287101309926 0.0043868603139070039
leaf_weight=45405.071837481111 144.20166379213333 1492.5151851251721 7605.0496290326118 2161.0314277261496 8766.3806995749474 10477.003655850887 11231.873987436295 18157.072502374649 6637.7422950267792 19.377711176872253 230961.1942887269 5105.9064304232597 9716.1620050668716 8038.4100750088692 17.34177166223526 20.535280823707581 4062.5826927423477 430.32606011629105 5603.013984143734 199.2292994260788 9884.7065666913986 84.135458409786224 16.392985701560974 20.05425500869751 79.573250889778137 89.93673700094223 50.732683062553406 34.893160700798035 657.73180902004242 431.38868474960327
leaf_count=152361 177 4999 9441 2671 10781 13640 13941 22075 8589 24 1017844 6254 11869 9818 22 26 4941 525 6855 243 12048 102 21 25 100 112 62 44 801 524
internal_value=-1.45312e-05 -0.000142579 3.09443e-06 0.000302889 0.000123489 -6.975e-06 -0.00027055 9.01736e-06 0.00026668 -2.2258e-05 -5.99938e-06 -0.00011782 3.86929e-05 -0.000243084 -0.000670504 -0.000520325 -0.000161639 -0.00239027 -7.63799e-05 -0.000223839 -3.74384e-05 0.000741582 0.000518679 0.00407879 0.000427874 0.00074468 0.00150508 0.00183078 0.00210696 -0.000455632
internal_weight=387602 46897.6 340704 11071.6 8910.58 329632 18856.3 310776 17114.7 11251.3 293661 62700.1 27873.2 34826.9 5574.11 5126.44 29252.8 447.668 25190.2 17151.8 11548.8 1664.07 1559.88 104.19 1543.49 1344.26 822.931 772.198 737.305 521.325
internal_count=1310935 157360 1153575 13629 10958 1139946 23406 1116540 22229 13965 1094311 76467 33944 42523 6827 6280 35696 547 30755 20937 14082 2034 1907 127 1886 1643 1007 945 901 636
is_linear=0
shrinkage=0.05


Tree=164
num_leaves=31
num_cat=0
split_feature=4 16 16 16 16 16 16 17 17 16 1 7 18 10 0 16 5 17 16 16 18 7 5 16 16 16 17 16 16 16
split_gain=0.307854 1.72882 1.59559 1.29834 1.07878 0.948111 3.10749 2.4659 1.34404 0.842141 0.719014 0.698682 1.12095 0.672707 0.740103 0.703707 1.03533 0.680978 0.612774 0.991569 0.764235 0.813258 0.873604 0.595545 2.4945 2.03548 1.28632 2.33423 3.40491 1.22461
threshold=1.5000000000000002 0.83744152111093351 0.80530725634941192 0.8847782686317428 0.8861666780130667 0.80570143096500557 0.80742409001324889 0.78997110768990131 0.79127073924281743 0.79940033165848312 2793.5000000000005 2.524928003624769 1.0791666666666668 6.464191194684128 142.50000000000003 0.88214353201501761 0.91597561503675362 0.70807993030371785 0.89517497621427877 0.89302366647559417 1.029166666666667 2.6735537653587351 -0.70710678118654735 0.81327991938713906 0.81104456713643081 0.81354795087357534 0.66656010559132584 0.82805938968709258 0.82922542429719359 0.83596978670169342
decision_type=2 2 2 2 2 2 2 2 2 2 2 2 2 2 2 2 2 2 2 2 2 2 2 2 2 2 2 2 2 2
left_child=1 2 9 13 -5 7 8 10 -7 -1 -4 12 -11 15 -15 -3 17 -17 19 20 -6 -22 -23 24 -8 -25 27 -27 -29 -30
right_child=-2 3 5 4 18 6 23 -9 -10 11 -12 -13 -14 14 -16 16 -18 -19 -20 -21 21 22 -24 25 -26 26 -28 28 29 -31
leaf_value=-0.001342766564443032 5.4334413657497475e-05 0.023246996527580312 -0.041175083855004825 -0.051532771956510764 -0.0011116648907996129 0.11000905123624911 -0.0091502803883121483 0.08577832458040402 0.04150309643993793 0.047701774015230396 0.011463550323296202 0.016984361625250476 0.16525098890069284 0.0072437857736868064 0.12679870514476113 0.011607800857051388 0.1237739110116397 0.06283190421499521 -0.0023483518226082634 0.066484120203857119 0.10321151635628155 0.10821883573541391 -0.0052273094959303101 -0.021287353112509389 0.052855655601784401 0.036850067552065859 -0.012199366563230797 -0.030219906833301353 0.086320058792556026 -0.0039122219604885268
leaf_weight=18471.956957641989 340703.98105136678 2321.9896547868848 966.93639928102493 333.82544832676649 616.37091935425997 26.802131712436676 2546.696110278368 65.349898092448711 47.643985316157341 146.43916994333267 120.20902991294861 762.53569977730513 18.074069917201996 2569.7070415392518 7.7671698927879325 57.587555885314941 9.4411285743117315 26.557146981358528 4266.0789728537202 112.99600689858198 26.26331627368927 27.766490042209625 55.974175989627838 2023.1585798412561 306.41112631559372 775.00950908660889 9209.5008426234126 789.85640650987625 139.26097106933594 49.421107888221741
leaf_count=72326 1153575 7649 1245 578 1961 47 5411 208 315 443 157 1901 19 7943 22 75 23 97 13733 435 32 33 66 3109 1150 981 36167 999 176 59
internal_value=-1.39295e-05 -0.000134035 -0.000296411 0.000433535 -0.000100889 -0.000649034 -0.000548743 -0.00203387 0.00964269 1.38097e-05 -0.00260091 0.00148435 0.00443956 0.00101572 0.000453878 0.00161522 0.00586611 0.00410453 7.91673e-05 0.00131409 0.000636287 0.0044753 0.00206769 -0.000596644 5.74519e-05 -0.00074035 -0.000471437 0.000769751 -0.000853731 0.00518078
internal_weight=387602 46897.6 36465.3 10432.3 5439.28 17066.3 15913.8 1152.5 74.4461 19399 1087.15 927.049 164.513 4993.05 2577.47 2415.58 93.5858 84.1447 5105.45 839.371 726.375 110.004 83.7407 15839.3 2853.11 12986.2 10963 1753.55 978.538 188.682
internal_count=1310935 157360 124713 32647 16838 50024 48414 1610 362 74689 1402 2363 462 15809 7965 7844 195 172 16260 2527 2092 131 99 48052 6561 41491 38382 2215 1234 235
is_linear=0
shrinkage=0.05


Tree=165
num_leaves=31
num_cat=0
split_feature=1 16 7 7 5 16 1 6 7 7 17 7 17 17 6 10 10 16 1 17 6 10 3 16 18 16 18 16 1 16
split_gain=0.416715 0.322817 0.329351 1.90727 0.349364 0.582727 0.548913 0.393691 0.311161 0.38912 0.524689 0.423949 0.368204 0.332812 0.326392 0.352266 0.403263 0.330731 0.324635 0.424448 1.09634 0.628347 0.59726 0.367895 1.0601 0.592241 0.327868 0.309462 0.308676 0.304869
threshold=221.50000000000003 0.74201131889676508 7.0854828791590796 7.2000516193180655 -0.60355339059327362 0.73733268991567924 192.50000000000003 -0.37940952255126015 7.9863348994433627 4.3882378946731615 0.64555464890881631 5.2907859277095151 0.6484252398823479 0.79039094287235756 -0.9159756150367534 6.0069386946268866 5.4159101400068357 0.90374560103526036 176.50000000000003 0.69355307585676318 -0.98296291314453399 7.0405050533413869 1.0000000180025095e-35 0.81001179525997946 1.0625000000000002 0.84935014080349602 1.0125000000000002 0.92481023624323644 157.50000000000003 0.66451488603447284
decision_type=2 2 2 2 2 2 2 2 2 2 2 2 2 2 2 2 2 2 2 2 2 2 2 2 2 2 2 2 2 2
left_child=1 2 4 -4 5 -1 7 -7 9 14 -11 -12 -13 -10 18 16 -16 -17 19 20 28 22 23 24 -22 -25 -20 -19 -3 -5
right_child=-2 8 3 29 -6 6 -8 -9 13 10 11 12 -14 -15 15 17 -18 27 26 -21 21 -23 -24 25 -26 -27 -28 -29 -30 -31
leaf_value=0.01282376174308535 -3.4880611722554188e-05 -0.12332302733426909 0.1069685917982898 0.041013224327188083 -0.012905029782523237 -0.057505130954549788 0.079706901065044106 0.080934424371740976 -0.056153101595864424 0.089180228827998198 0.017376202072738958 -0.037723973766004448 -0.0064921617045764273 -0.011296682682824312 -0.016138166835571767 -0.012962345463968551 -0.043968058414915322 0.071699280491963835 0.0040836829451272654 -0.0018112526707190102 0.092730538775405436 -0.032114435889808404 -0.057560569231589337 -0.013296814274757596 0.17338163017668928 0.1520576448578444 -0.044251908708893603 0.015475773804533112 0.12633381122965615 -0.0011537688597970774
leaf_weight=368.13933942466974 377874.77646005154 43.736971616744995 10.019252419471739 26.167409762740135 1001.1279348731041 10.912308461964129 10.013289473950861 22.249742686748505 143.74926576018333 18.118701636791229 908.47537240386009 74.460485339164734 1132.0199725180864 184.04621249437332 2931.201477561146 1318.8663119859993 406.61083828657866 29.227508127689362 337.05829196795821 292.99782994389534 33.859014213085175 24.48461240530014 22.482795596122742 22.081356883049011 23.589357256889343 18.425729751586914 161.85370866209269 37.685731790959835 18.111830532550812 117.01749812811613
leaf_count=914 1278749 58 20 74 2448 28 28 55 218 22 3196 92 4479 1046 9774 4459 1344 104 1423 1369 48 33 29 29 25 25 232 137 23 287
internal_value=-9.79416e-06 -0.000332557 0.000325232 0.00252716 8.63944e-05 0.00131322 0.00680867 0.00371074 -0.000458409 -0.000395426 0.000180956 0.000108374 -0.000505915 -0.00196774 -0.000610282 -0.000783915 -0.00106213 -0.000113794 0.000210973 0.00111168 0.00284622 0.00522467 0.00670912 0.00839599 0.010969 0.00474684 -0.000691277 0.0033155 -0.00272693 0.00105142
internal_weight=387624 9748.79 1565.65 153.204 1412.44 411.315 43.1753 33.1621 8183.14 7855.35 2133.07 2114.96 1206.48 327.795 5722.27 4723.59 3337.81 1385.78 998.681 499.769 206.772 144.923 120.438 97.9555 57.4484 40.5071 498.912 66.9132 61.8488 143.185
internal_count=1310768 32019 3854 381 3473 1025 111 83 28165 26901 7789 7767 4571 1264 19112 15818 11118 4700 3294 1639 270 189 156 127 73 54 1655 241 81 361
is_linear=0
shrinkage=0.05


Tree=166
num_leaves=31
num_cat=0
split_feature=1 0 10 0 0 6 1 3 6 10 0 10 0 5 9 8 1 10 1 9 9 6 1 8 5 5 18 6 18 1
split_gain=0.366731 0.403289 0.326143 0.362351 0.317403 0.323876 0.340114 0.318241 0.645918 0.560582 0.359985 0.443025 0.898654 0.477217 0.462536 0.547203 0.463052 0.982636 0.388134 0.440052 0.808688 1.03177 0.434298 0.496002 0.493551 0.590202 0.689084 0.393827 0.64426 0.409585
threshold=221.50000000000003 69.500000000000014 0.0035577032138956383 36.500000000000007 116.50000000000001 0.98296291314453421 268.50000000000006 1.0000000180025095e-35 0.91597561503675351 4.7466181426221139 37.500000000000007 8.3125550392534944 41.500000000000007 -0.70710678118654735 1.0000000180025095e-35 8.0173072902757028 886.50000000000011 8.3382844508594918 2003.5000000000002 4.816232960488728 4.6491756246494491 -0.78656609248549325 901.50000000000011 8.2423614529731406 -0.9159756150367534 0.60355339059327384 0.99583333333333346 -0.98296291314453399 1.0625000000000002 1780.5000000000002
decision_type=2 2 2 2 2 2 2 2 2 2 2 2 2 2 2 2 2 2 2 2 2 2 2 2 2 2 2 2 2 2
left_child=1 2 3 -1 7 -6 -7 8 -2 -10 -9 -12 13 14 -13 16 17 -16 22 20 -20 -22 -14 27 -25 26 -26 28 -24 -29
right_child=4 -3 -4 -5 5 6 -8 10 9 -11 11 12 18 -15 15 -17 -18 -19 19 -21 21 -23 23 24 25 -27 -28 29 -30 -31
leaf_value=0.03766604200392152 0.0030022346722984317 -0.018443767145141843 -0.00021068233241070545 -0.027646881792551415 0.0063193496925024739 0.24015541164076201 -0.028966622960507716 -0.0028721332312752869 -0.035432642249928883 -0.0010818650909671047 -0.00027244483858988037 0.12518947969859515 -0.0041193034209069173 0.028335032733213653 0.14829628724540087 0.15868132869240559 0.0017731522356881026 0.012828148340726521 -0.0033793631302486919 -0.044372687956214789 -0.07761458096245609 0.12857706929120721 0.032341708362644231 -0.061976283496224888 0.059983799798540918 -0.0068253757463886851 0.13689311818365835 0.0060852197905885367 0.17366658106097368 0.0376261472436775
leaf_weight=126.86900691315532 47297.414102811366 2444.6909018307924 6700.3673896491528 476.86285357177258 10197.435669265687 3.2000185251235953 233.31476061046124 44076.825873181224 1050.7150646224618 2260.0001231655478 267109.10720586032 19.929824739694595 1519.9811867251992 241.17639661952853 10.044063106179236 8.135726932436226 60.133272416889668 29.694232650101185 1335.912551112473 157.00772649422288 8.9426431655883807 10.120594747364519 83.96804590523243 20.723623067140579 34.423418216407299 22.886411737650633 44.726505637168884 1773.3361873142421 15.927634358406065 249.6935970634222
leaf_count=422 158493 7889 22191 1517 32536 12 788 151766 3514 7762 908694 39 4098 625 30 31 171 66 3517 485 18 26 262 58 146 62 70 4762 17 701
internal_value=-9.19428e-06 -0.000311981 -0.000125931 -0.00123899 -1.38268e-06 0.000270556 -0.0015586 -9.10472e-06 0.000107324 -0.000567836 -2.7702e-05 -6.27728e-06 0.000431993 0.00281709 0.0052855 0.00399408 0.00297831 0.0071664 0.000265181 -0.000411506 -0.000121142 0.0101044 0.000536883 0.000978644 0.00406877 0.00549754 0.00754237 0.000799955 0.00386462 0.000648624
internal_weight=387624 9748.79 7304.1 603.732 377875 10434 236.515 367441 50608.1 3310.72 316833 272756 5646.76 369.114 127.937 108.007 99.8716 39.7383 5277.65 1511.98 1354.98 19.0632 3765.67 2245.69 122.76 102.036 79.1499 2122.93 99.8957 2023.03
internal_count=1310768 32019 24130 1939 1278749 33336 800 1245413 169769 11276 1075644 923878 15184 962 337 298 267 96 14222 4046 3561 44 10176 6078 336 278 216 5742 279 5463
is_linear=0
shrinkage=0.05


Tree=167
num_leaves=31
num_cat=1
split_feature=1 0 10 0 16 10 7 9 8 7 17 17 16 2 4 10 3 17 10 16 16 17 7 5 10 17 10 10 0 16
split_gain=0.313448 0.317294 0.3147 0.283596 0.402818 0.467058 0.450367 0.502649 0.496867 0.390203 0.430114 0.386646 0.792439 0.704125 0.590246 0.552049 0.521251 0.488153 1.10022 0.458791 0.579912 0.447585 0.703535 0.657104 0.682381 0.915217 0.521979 0.538913 0.417106 0.401829
threshold=221.50000000000003 69.500000000000014 0.0035577032138956383 116.50000000000001 0.70095262182836504 0.0089048174978050443 3.7012257604091228 3.5972184255501678 1.0000000180025095e-35 1.0397207708399181 0.65306806413895013 0.66237379509048522 0.86486683785997276 0 2.5000000000000004 0.0066058531364937851 1.0000000180025095e-35 0.65641077446366225 4.6977331199400609 0.82005847370157603 0.78426879051960718 0.65047227725875179 1.5890269151739729 -1.0000000180025095e-35 0.015776001442497901 0.64853776465145774 4.7959920073102493 5.4792697198747033 135.50000000000003 0.82416620690332965
decision_type=2 2 2 2 2 2 2 2 2 2 2 2 2 1 2 2 2 2 2 2 2 2 2 2 2 2 2 2 2 2
left_child=1 2 -1 -2 5 -5 8 -8 11 -10 -11 12 13 15 16 -6 -14 29 19 20 -19 23 -23 -15 25 -25 -24 -28 -29 -17
right_child=3 -3 -4 4 6 -7 7 -9 9 10 -12 -13 14 21 -16 17 -18 18 -20 -21 -22 22 26 24 -26 -27 27 28 -30 -31
leaf_value=-0.017214560593989247 -0.00017709931856468852 -0.017521578787884764 -0.00020014821579015241 0.041830659356822064 -0.055910006325573483 -0.017348501386654027 0.015218565689540409 -0.023264660408233252 0.1080358724998078 -0.042413484602100732 -0.015340721528050771 -0.0012484220946029857 0.04747505819034812 -0.013497969261158827 0.0072089555367271579 0.015489197010929169 0.11404676033939209 0.08480258448834653 0.014233483965626893 0.018864909962688282 0.17431285094506174 -0.038893034257651761 -0.037595874346337647 0.032034685161103041 0.015780107587351912 0.10277140314652167 0.12355479151976656 0.05274406337122306 -0.034682029519482627 0.10607978359192548
leaf_weight=603.73186048492789 367440.82601165026 2444.6909018307924 6700.3673896491528 20.337603718042374 42.655707716941833 380.42740081250668 4763.2639063000679 317.48551629856229 9.8871163800358755 193.27147150039673 841.78516317158937 2608.6619309075177 27.63556981086731 153.15409159660339 42.132908940315247 224.03775990009308 29.356287360191345 19.810350298881531 47.552100419998169 19.173349738121033 17.056946754455566 221.31178647279739 108.52438503503799 23.968117237091064 146.13947641849518 20.077709436416626 25.872111618518829 38.152998626232147 28.553316831588745 63.665365099906921
leaf_count=1939 1245413 7889 22191 56 54 965 15881 1030 35 245 3065 10447 33 193 53 283 37 24 56 23 20 270 134 30 183 26 32 45 34 82
internal_value=-9.25401e-06 -0.000289182 -0.000124156 -2.03214e-06 0.000255017 -0.00129943 0.000317107 0.000647842 -2.21964e-05 -0.00099066 -0.00108509 0.000236791 0.000941663 0.000586661 0.00523824 0.00216813 0.00855566 0.0028069 0.00574999 0.0104965 0.0137591 -0.000333515 -0.00142769 0.00100295 0.00296586 0.00842126 0.000712913 0.00347092 0.00109514 0.00174719
internal_weight=387624 9748.79 7304.1 377875 10434 400.765 10033.2 5080.75 4952.44 1044.94 1035.06 3907.49 1298.83 1199.71 99.1248 433.952 56.9919 391.296 103.593 56.0406 36.8673 765.754 422.415 343.339 190.185 44.0458 201.103 92.5784 66.7063 287.703
internal_count=1310768 32019 24130 1278749 33336 1021 32315 16911 15404 3345 3310 12059 1612 1489 123 542 70 488 123 67 44 947 515 432 239 56 245 111 79 365
cat_boundaries=0 1
cat_threshold=9
is_linear=0
shrinkage=0.05


Tree=168
num_leaves=31
num_cat=0
split_feature=1 0 6 10 8 7 18 10 16 1 16 17 6 10 7 16 10 18 17 16 10 17 1 18 17 9 6 10 7 0
split_gain=0.298119 0.308166 0.342727 0.314564 0.339182 0.344946 0.390447 0.312781 0.311796 0.390725 0.320704 0.426073 0.284233 0.39777 0.282715 0.455922 0.368469 0.342994 0.440358 0.324903 0.555997 0.281608 0.316519 0.296599 0.671861 0.873166 0.627798 0.582941 0.574392 0.610515
threshold=221.50000000000003 69.500000000000014 -0.9159756150367534 8.1894716571980375 2.3502401828962087 1.5890269151739729 1.0791666666666668 0.0035577032138956383 0.90748563302870633 192.50000000000003 0.9461910594647257 0.73245799793552135 0.37940952255126048 5.5423782493351199 2.6735537653587351 0.74058505004740149 7.8710827681682654 1.029166666666667 0.66507504340750978 0.83744152111093351 4.6445538561955049 0.81388086701805229 1315.5000000000002 1.0375000000000003 0.65047227725875179 1.7005986908310777 0.91597561503675351 7.0228209549334624 1.0397207708399181 99.500000000000014
decision_type=2 2 2 2 2 2 2 2 2 2 2 2 2 2 2 2 2 2 2 2 2 2 2 2 2 2 2 2 2 2
left_child=1 7 3 4 5 -3 14 -1 -4 12 11 -11 -10 -14 15 -7 17 18 -16 -17 -21 23 -23 24 25 26 -2 -27 29 -25
right_child=21 2 8 -5 -6 6 -8 -9 9 10 -12 -13 13 -15 16 19 -18 -19 -20 20 -22 22 -24 28 -26 27 -28 -29 -30 -31
leaf_value=-0.016353832564289794 0.014455781667521973 -0.022526574206395589 -0.023959597284185952 0.10938309239285654 -0.035349516906696764 0.089044436736223365 0.11157069684953332 -0.00019014080500063814 -0.01841913385728158 0.15454334353935076 0.0017610916403421051 0.061647843036853889 -0.0063128446161059507 0.077226310235833623 0.089892279133286485 -0.010962680831144534 0.096005804618099516 -0.10651905573667708 0.0068976631070325929 0.24751902796051561 -0.016335305355633656 -0.013940471234148167 0.001051878979068288 0.0044390922050337343 0.00034121234826343109 -0.054295239854102256 -0.014045640181939656 -0.0032269373193203332 -0.0017868877229990866 0.030390698983539056
leaf_weight=603.73186048492789 7120.3180787563324 131.07927712798119 1925.9561454467475 8.697379030287264 95.995989184826612 7.9585142135620108 11.50415927171707 6700.3673896491528 44.726351961493492 4.9690526723861703 15.193875648081303 10.010759718716143 10.584471903741361 8.9232932105660421 4.7665093541145316 30.023705448955297 6.0654860772192469 26.853635489940643 85.851916454732418 7.5030662044882765 8.0273134112358075 4533.2363749407232 3636.8439801260829 9346.9269270002842 267236.79316035286 239.36137926578522 621.54005324840546 1042.4818299412727 83254.202849894762 843.07182652503252
leaf_count=1939 9532 374 6255 28 313 16 12 22191 152 7 53 37 28 27 7 106 20 33 370 22 29 64694 51775 11016 1040225 320 825 1396 97968 998
internal_value=-9.68586e-06 -0.000282683 -0.000768596 0.000523208 0.000326277 0.00110905 0.00247856 -0.000120047 -0.00103991 0.00176559 0.00645881 0.0116503 -0.000439025 0.00459717 0.00189858 0.00493434 0.000583589 -3.69036e-05 0.00143385 0.00300531 0.00887648 -2.64281e-06 -0.000293 3.77378e-06 2.982e-05 0.000454152 0.000654286 -0.000754583 -7.32297e-05 0.000281105
internal_weight=387624 9748.79 2444.69 424.327 415.63 319.634 188.554 7304.1 2020.36 94.4078 30.1737 14.9798 64.2341 19.5078 177.05 53.5126 123.538 117.472 90.6184 45.5541 15.5304 377875 8170.08 369705 276260 9023.7 7741.86 1281.84 93444.2 10190
internal_count=1310768 32019 7889 1330 1302 989 615 24130 6559 304 97 44 207 55 603 173 430 410 377 157 51 1278749 116469 1162280 1052298 12073 10357 1716 109982 12014
is_linear=0
shrinkage=0.05


Tree=169
num_leaves=31
num_cat=0
split_feature=1 0 17 4 10 7 10 9 1 10 0 5 1 16 17 6 16 9 10 17 10 5 0 17 1 17 18 10 16 16
split_gain=0.288028 0.313185 0.32716 0.320245 0.459528 0.643882 0.407765 0.355053 0.290249 0.279767 0.334416 0.31071 0.755629 0.306638 0.286012 0.279529 0.35311 0.834611 0.351104 0.273854 0.268603 0.435213 0.263314 0.258373 0.291225 0.288927 0.494515 0.563423 0.93039 0.946634
threshold=221.50000000000003 69.500000000000014 0.65737091758083455 2.5000000000000004 4.5932514782278071 3.3497501700808394 5.8039889525589397 1.4978661367769956 176.50000000000003 0.0035577032138956383 36.500000000000007 0.78656609248549325 192.50000000000003 0.79837705762624855 0.66197798957202592 -0.9159756150367534 0.69590327897418025 1.7005986908310777 0.0035577032138956383 0.74075138247375838 0.0051118715834421648 -0.37940952255126059 74.500000000000014 0.81388086701805229 1315.5000000000002 0.66268314391858796 1.0125000000000002 8.4036835615819729 0.81496621376278278 0.82088808205360964
decision_type=2 2 2 2 2 2 2 2 2 2 2 2 2 2 2 2 2 2 2 2 2 2 2 2 2 2 2 2 2 2
left_child=1 9 3 4 -3 6 -6 -7 -8 10 11 14 13 -13 -1 18 17 -17 19 -4 21 -5 -20 25 -25 -2 -27 -28 -29 -30
right_child=23 2 15 20 5 7 8 -9 -10 -11 -12 12 -14 -15 -16 16 -18 -19 22 -21 -22 -23 -24 24 -26 26 27 28 29 -31
leaf_value=-0.049465089362694406 -0.0009048256041986225 -0.039534438016463377 0.085397665176622173 0.05263009443327267 0.084592214899412183 -0.026743640996519248 0.092631470373983504 0.064975727177955994 -0.070318755529339194 -0.00018063376475061511 -0.024586118045009899 0.066926872212022023 0.1157042296247123 -0.020105272160120081 0.044593489360370775 0.010704040609399269 -0.016198270108976232 0.066181729498257402 -0.070795212877180394 0.066178164939102044 -0.050349199355210587 -0.037866967622123493 0.019892182492809021 -0.013243447672440746 0.00099928503011486041 0.00042031859429374489 0.0070353412540370202 0.082092319150260815 0.16766161698210388 0.033557763147698982
leaf_weight=23.392607808113098 121873.04530845582 132.95343559980392 5.5983307957649258 15.690734624862669 23.997656643390656 79.505907952785492 26.204288482666016 21.236557245254517 17.384952306747437 6700.3673896491528 476.86285357177258 6.8624085001647535 7.2868627756834021 13.342151671648024 75.984976157546043 58.635844886302948 1458.2209100835025 7.5586884617805472 55.661049738526344 17.306301679462194 263.79997438192368 23.768939077854156 237.16732987016439 4533.2363749407232 3636.8439801260829 238668.67608794197 9099.7792524546385 41.62952421605587 7.5717215985059765 13.994210317730902
leaf_count=29 150689 166 9 20 30 99 33 27 22 22191 1517 25 24 31 313 205 5713 21 223 80 330 30 881 64694 51775 973413 38053 81 11 33
internal_value=-1.0337e-05 -0.000278674 -0.000768528 -0.00177767 -0.000623104 0.00111233 0.00488778 -0.00142057 0.00200615 -0.00011472 -0.00114561 0.00113584 0.00584036 0.000862169 -0.000165603 -0.000436996 -0.000717452 0.00285424 0.000917098 0.00687883 -0.00292471 0.000922798 0.000450779 -3.41415e-06 -0.000281535 2.73204e-06 3.37285e-05 0.000394192 0.005099 0.013528
internal_weight=387624 9748.79 2444.69 604.542 301.283 168.329 67.5869 100.742 43.5892 7304.1 603.732 126.869 27.4914 20.2046 99.3776 1840.15 1524.42 66.1945 315.733 22.9046 303.26 39.4597 292.828 377875 8170.08 369705 247832 9162.97 63.1955 21.5659
internal_count=1310768 32019 7889 757 377 211 85 126 55 24130 1939 422 80 56 342 7132 5939 226 1193 89 380 50 1104 1278749 116469 1162280 1011591 38178 125 44
is_linear=0
shrinkage=0.05


Tree=170
num_leaves=31
num_cat=0
split_feature=17 16 16 4 16 4 0 1 17 16 16 10 6 7 8 1 8 16 10 10 1 7 6 1 0 10 10 10 17 6
split_gain=0.427873 0.385306 1.26703 1.46991 0.852744 1.89452 0.76866 0.746407 0.795308 0.813394 0.916411 1.46863 0.966498 0.789031 0.781777 0.75681 0.722057 0.71241 0.61724 0.811646 0.712037 0.607317 1.51132 0.802242 0.851185 0.599864 0.873757 0.698717 0.591786 0.579629
threshold=0.70060497822106316 0.78226511065443993 0.77205513822544292 1.5000000000000002 0.77026250544891328 1.5000000000000002 18.500000000000004 618.50000000000011 0.66847687381717125 0.77968850705887938 0.77728047855132176 4.887860577895828 -0.12940952255126037 6.7159890799278301 1.4978661367769956 1097.5000000000002 5.987706711087152 0.7727749090057251 0.0061014869019665038 0.0083147347355221144 131.50000000000003 3.5972184255501678 0.1294095225512602 1211.5000000000002 42.500000000000007 5.6357330754872352 5.383420565988323 8.0554591761172674 0.65266048731061865 -0.12940952255126037
decision_type=2 2 2 2 2 2 2 2 2 2 2 2 2 2 2 2 2 2 2 2 2 2 2 2 2 2 2 2 2 2
left_child=1 2 4 7 16 -6 -5 -4 9 10 11 -9 -13 14 -14 -11 18 25 21 -20 -21 -1 23 24 -23 26 -8 -27 -26 -29
right_child=-2 -3 3 6 5 -7 17 8 -10 15 -12 12 13 -15 -16 -17 -18 -19 19 20 -22 22 -24 -25 28 27 -28 29 -30 -31
leaf_value=-0.02103264216928773 0.00059928018338784028 -0.0021598945962748141 0.0075939243545699812 0.12116444626654617 -0.051163621970485754 0.00084777922540106858 0.036073685239014885 0.10932873159976626 -0.017973920741667416 0.036196169990841465 -0.027843169410285935 0.0072530106998682786 0.069800771815696425 0.013658488605450936 0.078841343768148539 0.11995852148008174 -0.012663229204331295 0.0047203659301870097 0.033759561000215224 -0.077847554757523391 0.0011854140600641829 0.089716340689467308 -0.059127909440490005 -0.016608738357686236 -0.01236305948061265 -0.00052683375420312648 0.17135979944617521 0.089150231063072655 0.1315279315481846 -0.013939496551498998
leaf_weight=2011.1762776374817 220005.91284759715 102553.13241946697 202.31356108188629 20.08963543176651 955.23679542541504 1862.1308810710907 204.59444826841354 34.924313306808472 59.634515821933746 29.794457376003265 92.027458190917969 81.321241497993469 16.737473011016846 25.746907413005829 17.046566367149353 31.911169826984406 4628.2140008807182 9390.400801718235 720.30297482013702 225.32473230361938 43634.068230822682 16.217369854450226 45.469992995262146 16.295484721660614 17.236679673194885 333.56752544641495 19.826618373394012 44.910929501056671 19.958831787109375 31.887533187866211
leaf_count=2626 1088620 136854 273 27 1283 2474 275 46 103 38 127 105 22 33 21 40 6073 12444 930 294 56960 21 57 21 22 445 26 59 29 41
internal_value=-1.76507e-05 -7.79056e-05 1.7549e-05 0.000516452 -8.0448e-05 -0.000927393 0.000373828 0.00293877 0.00421948 0.00518109 0.00398864 0.00610498 0.00382921 0.00867003 0.0136952 0.0103564 -3.39653e-05 0.000354249 2.50646e-05 6.47618e-05 3.74211e-05 -0.000807199 0.00272382 0.00734957 0.0103123 0.00197538 0.00405381 0.000838721 0.00614452 0.00513855
internal_weight=387347 167341 64788.4 10636.7 54151.6 2817.37 10045.3 591.458 389.144 329.51 267.804 175.777 140.852 59.5309 33.784 61.7056 51334.3 10025.2 46706.1 44579.7 43859.4 2126.35 115.178 69.7084 53.4129 634.787 224.421 410.366 37.1955 76.7985
internal_count=1310389 221769 84915 14125 70790 3757 13317 808 535 432 354 227 181 76 43 78 67033 13290 60960 58184 57254 2776 150 93 72 846 301 545 51 100
is_linear=0
shrinkage=0.05


Tree=171
num_leaves=31
num_cat=0
split_feature=17 16 1 10 10 7 7 18 1 10 10 7 7 17 17 10 10 5 8 0 18 6 7 0 1 0 0 6 10 5
split_gain=0.38346 0.342327 0.553766 1.02852 0.425063 0.508305 0.659966 1.23286 0.563105 1.08785 0.658638 0.534368 0.6676 0.660096 0.936038 0.655612 0.889129 0.683957 0.748134 0.69705 1.02798 0.675253 0.788112 0.493847 0.426059 0.424935 0.590706 0.462634 0.406741 0.466596
threshold=0.70060497822106316 0.90748563302870633 5746.5000000000009 7.0735233155969857 7.8345042055976304 3.9981586158983733 4.1026092131977068 1.0458333333333336 207.50000000000003 4.3718242005210728 0.017422101145432873 4.3107766033702406 6.3465127852423047 0.65090371963234628 0.64927633572046617 7.4504533262904724 6.6773997267357688 -1.0000000180025095e-35 3.5114340430413216 71.500000000000014 1.0791666666666668 0.60355339059327384 6.048552817139119 76.500000000000014 696.50000000000011 54.500000000000007 68.500000000000014 -0.5 6.4420544875491013 -0.98296291314453399
decision_type=2 2 2 2 2 2 2 2 2 2 2 2 2 2 2 2 2 2 2 2 2 2 2 2 2 2 2 2 2 2
left_child=1 -1 4 -4 5 8 7 -7 9 10 -3 23 15 14 -14 16 17 18 -13 20 -19 22 24 -8 -17 -18 27 -27 29 -10
right_child=-2 2 3 -5 -6 6 11 -9 28 -11 -12 12 13 -15 -16 21 25 19 -20 -21 -22 -23 -24 -25 -26 26 -28 -29 -30 -31
leaf_value=-0.0013007244097173133 0.00056931617421844831 0.052019778720407132 0.075820147423076023 -0.0039360026911372083 -0.0081270824929521989 0.011786570348352843 -0.06105870666201918 0.05593964693755589 0.010075499228366281 0.099330937485617596 -0.085740549187321241 -0.01860020233913735 0.0042254431460833075 -0.02769174329097053 0.10896734035702216 0.1187725440197768 -0.042947158898420004 0.025775581707927753 0.057645766984684044 0.0395170163812733 0.13624422945369979 0.084469307810458361 0.069813711363912262 0.051852203333365536 -0.070584366439898738 -0.027957743653980984 -0.049719717817356693 0.060626732181332965 0.016594775022746689 -0.012138704997677996
leaf_weight=164638.27395905554 220005.91284759715 20.309251725673676 21.016472101211548 18.275231719017029 609.17153835296631 25.56309187412262 78.986210465431213 20.976650774478912 34.040461599826813 25.91101211309433 29.098857879638672 93.106055915355682 58.397220492362976 205.57498788833618 18.563536107540131 17.735637962818146 84.599991619586945 89.296187579631805 31.237841963768005 38.951139807701111 15.327275872230528 23.721703767776489 20.686081290245056 14.646493375301359 39.26077127456665 14.845321178436278 47.886580169200897 23.336271464824677 255.07371836900711 727.6302735209465
leaf_count=218124 1088620 27 28 25 827 40 107 24 46 35 38 131 72 277 24 24 112 127 39 53 16 31 28 19 55 20 63 32 348 977
internal_value=-1.67826e-05 -7.38246e-05 0.000484277 0.00637683 0.000397364 0.000741258 0.00157885 0.00738728 2.88966e-06 0.00417441 -0.000177157 0.00128378 0.00169121 -0.000278085 0.00367183 0.00272158 0.00188386 0.00368066 0.000966035 0.00603168 0.00815741 0.00634485 0.00409016 -0.00229525 0.00105614 -0.000936795 0.00153675 0.00617564 -0.000306131 -0.000884856
internal_weight=387347 167341 2703.23 39.2917 2663.93 2054.76 962.699 46.5397 1092.06 75.3191 49.4081 916.159 822.527 282.536 76.9608 539.991 438.587 267.919 124.344 143.575 104.623 101.404 77.6825 93.6327 56.9964 170.668 86.0682 38.1816 1016.74 761.671
internal_count=1310389 221769 3645 53 3592 2765 1294 64 1471 100 65 1230 1104 373 96 731 593 366 170 196 143 138 107 126 79 227 115 52 1371 1023
is_linear=0
shrinkage=0.05


Tree=172
num_leaves=31
num_cat=1
split_feature=4 16 16 16 16 16 16 18 16 16 16 16 18 16 16 16 2 0 18 16 3 3 16 16 18 16 18 10 5 5
split_gain=0.41161 1.66481 1.24377 1.04334 1.56674 1.03703 0.944927 0.855047 0.76291 1.11944 2.30449 1.82466 1.6348 1.14366 2.05212 1.6024 1.48818 1.6871 1.88463 1.35374 1.08924 0.849668 0.799114 1.18211 1.11221 2.41025 1.03708 1.27529 1.08285 0.852453
threshold=1.5000000000000002 0.83744152111093351 0.80530725634941192 0.80570143096500557 0.80742409001324889 0.8847782686317428 0.8861666780130667 0.98750000000000016 0.78892696523979611 0.77026250544891328 0.77142618591489243 0.77481306712307374 1.0125000000000002 0.76386542164760074 0.76232687082252271 0.75969361271235591 0 46.500000000000007 1.0125000000000002 0.76483445552001961 1.0000000180025095e-35 1.0000000180025095e-35 0.79786200270967511 0.79940033165848312 1.0625000000000002 0.79397100198119108 1.0791666666666668 7.6487177596033016 -0.78656609248549292 0.37940952255126054
decision_type=2 2 2 2 2 2 2 2 2 2 2 2 2 2 2 2 1 2 2 2 2 2 2 2 2 2 2 2 2 2
left_child=1 2 8 7 -5 -3 -7 -4 9 13 -11 21 -13 14 15 -1 17 18 -17 20 -15 -12 24 -24 -10 -26 -25 28 -28 -30
right_child=-2 5 3 4 -6 6 -8 -9 22 10 11 12 -14 19 -16 16 -18 -19 -20 -21 -22 -23 23 26 25 -27 27 -29 29 -31
leaf_value=-0.0010610841364203428 5.5264560796786102e-05 0.015986340744714899 0.023657905727712272 0.081310380609261546 -0.0090582641098190027 -0.042267005356756072 0.0008525959034781927 -0.03706337777998775 0.015887975663858401 -0.048784844976261378 -0.0033579617267240017 -0.024505326620974956 0.020007717497652601 0.030183986385650476 -0.059645459650656041 0.09753478974157398 0.023765647843742868 0.081690283853760273 0.10851889773919182 0.01677970379827989 0.23899156627381102 0.078461635319072853 -0.019522721785127917 0.014084959240618634 0.04695910118145457 0.13705577322217305 -0.027368420800383465 -0.016106478889042732 0.10019470026735011 0.047602285923529268
leaf_weight=6310.9550785347819 340465.65283659846 4980.5733062773943 149.26903520524502 71.721281439065933 15974.58828715235 308.61886959522963 5060.7439981773496 1009.3712019324303 1503.3647491261363 1318.7726816609502 116.42679495364428 3012.0903077572584 896.95102719962597 22.515785053372383 851.74121870100498 24.750023551285267 205.61061166226864 89.784895472228527 15.781862094998358 2374.2366148270667 23.23049396276474 273.66592364758253 1207.6388576775789 837.12853065878153 92.579568386077881 45.852978110313416 19.92339426279068 32.477687358856201 29.534432291984558 21.860341548919678
leaf_count=16535 1153125 15742 332 365 48313 554 16187 1293 6187 2142 338 11079 1372 64 1676 79 642 226 23 28930 79 832 1725 2292 99 49 21 34 31 23
internal_value=-1.61239e-05 -0.000155022 -0.000313615 -0.000622828 -0.000518201 0.000404758 -7.72731e-05 -0.00207183 -3.83511e-05 -0.000193514 -0.000757452 -0.000196578 -0.00052198 0.0001259 -0.000179106 0.000116985 0.00348188 0.00741537 0.0164517 0.001071 0.00959054 0.0030642 0.000597656 -3.69726e-05 0.00142817 0.00571679 0.00129169 0.00600586 0.0097459 0.0135819
internal_weight=387347 46881.8 36531.8 17204.9 16046.3 10349.9 5369.36 1158.64 19326.9 15536.5 5617.91 4299.13 3909.04 9918.61 7498.62 6646.88 335.927 130.317 40.5319 2419.98 45.7463 390.093 3790.36 2148.56 1641.8 138.433 940.924 103.796 71.3182 51.3948
internal_count=1310389 157264 124781 50303 48678 32483 16741 1625 74478 64017 15763 13621 12451 48254 19181 17505 970 328 102 29073 143 1170 10461 4126 6335 148 2401 109 75 54
cat_boundaries=0 1
cat_threshold=4
is_linear=0
shrinkage=0.05


Tree=173
num_leaves=31
num_cat=0
split_feature=17 0 8 10 17 0 5 8 8 0 3 16 10 17 10 1 16 0 0 10 17 8 1 16 17 8 10 1 16 6
split_gain=0.337465 0.357464 0.551079 0.355285 0.392475 0.77689 0.372456 0.406232 0.458781 0.38047 0.350737 0.524862 0.778481 0.717924 0.403879 0.412436 0.349772 0.346669 0.390672 0.343473 0.341105 0.43813 0.334781 0.345558 0.430331 0.710411 0.556688 0.323594 0.346226 0.32142
threshold=0.72406633601923109 87.500000000000014 5.3821962081647756 4.1279035690442862 0.64675799809678969 22.500000000000004 -0.98296291314453399 7.698255979076877 7.5663108808184232 51.500000000000007 1.0000000180025095e-35 0.97182285662211954 1.0000000180025095e-35 0.79491800676186719 8.1295222705248644 696.50000000000011 0.76232687082252271 31.500000000000004 40.500000000000007 2.8159497556634725 0.73245799793552135 6.3126414277150058 428.50000000000006 0.90374560103526036 0.79297947051919115 4.8559213341406453 8.1072308966856976 3925.5000000000005 0.85472328363330063 0.91597561503675351
decision_type=2 2 2 2 2 2 2 2 2 2 2 2 2 2 2 2 2 2 2 2 2 2 2 2 2 2 2 2 2 2
left_child=3 10 19 -1 5 -5 17 8 -8 -10 22 14 13 -13 15 -12 -4 -7 -19 -3 21 -18 -2 29 25 -25 -27 -22 -29 -24
right_child=1 2 16 4 -6 6 7 -9 9 -11 11 12 -14 -15 -16 -17 20 18 -20 -21 27 -23 23 24 -26 26 -28 28 -30 -31
leaf_value=-0.003593007552739236 -0.00066366556807446748 -0.00095054684437539949 -0.033542998962641367 -0.041238559892512489 -0.00084589016282485838 0.054920164103504247 0.0078665945782280932 -0.015094500497632569 -0.026360256446897858 0.090027142964556328 -0.0044731975522325218 0.005652333555707845 0.024983319047863529 0.038392933114020082 0.0058472199296629064 -0.00017229219512473473 -0.066033519707115837 -0.065726349861900166 -0.01209564506729517 0.0092286298006602607 -0.0085676578303787391 0.069619475687931143 0.0091097224636212289 0.0031828521679566624 -0.024352233602108433 0.10148396113575525 0.040307958923855393 0.023421099127637835 -0.044599009092453692 -0.013089063190036266
leaf_weight=43942.017737135291 12620.55532682687 5021.6904743351042 614.68306463211775 136.30576884746552 119431.15678886324 30.822801232337952 11834.01738320291 206.15591108798981 16.97634357213974 25.153646528720856 29393.608183097094 7.661462575197219 368.08293474465609 8.1879493892192823 10108.171540487558 118212.85905868933 12.809352755546572 59.248470187187195 568.11803036928177 16094.851549871266 2106.6777192652225 12.293031275272368 14320.140581581742 193.49653245508671 653.98411451280117 8.7990353554487246 9.5011582970619184 258.45674761012197 37.179916903376579 1033.7500591911376
leaf_count=59415 62461 25040 2528 168 162689 38 14599 254 21 31 150766 20 1766 35 46697 608763 24 73 700 79885 11391 23 71873 554 3421 26 28 1479 168 5453
internal_value=-1.60051e-05 2.66388e-05 0.00020763 -6.70804e-05 -2.61693e-05 0.000236094 0.000276265 0.000339363 0.000377561 0.00558597 3.2488e-06 -2.60026e-05 0.00182045 0.0126705 -3.04975e-05 -5.14359e-05 -0.000421536 -0.000882016 -0.00113636 0.000298269 -0.000151744 0.00564654 0.000163601 0.00031387 -0.000658014 0.00130079 0.010717 -0.000212332 0.00133675 0.000368673
internal_weight=387347 211097 24158.6 176250 132308 12876.8 12740.5 12082.3 11876.1 42.13 186939 158099 383.932 15.8494 157715 147606 3042.1 658.189 627.367 21116.5 2427.42 25.1024 28840.2 16219.7 865.781 211.797 18.3002 2402.31 295.637 15353.9
internal_count=1310389 1072401 120538 237988 178573 15884 15716 14905 14651 52 951863 808047 1821 55 806226 759529 15613 811 773 104925 13085 47 143816 81355 4029 608 54 13038 1647 77326
is_linear=0
shrinkage=0.05


Tree=174
num_leaves=31
num_cat=0
split_feature=4 1 6 17 8 0 10 17 17 18 1 1 17 10 17 17 1 8 6 17 10 10 8 1 8 8 0 0 9 9
split_gain=0.409931 0.721975 0.687103 0.620093 0.554264 0.397177 0.385761 0.358018 0.332396 0.605323 0.428178 0.52216 0.320588 0.31781 0.560535 0.423168 0.691856 0.847416 0.493091 1.35489 0.672944 0.995785 0.552177 0.448487 0.44705 1.53534 0.79831 0.939616 0.435762 0.413008
threshold=1.5000000000000002 5746.5000000000009 -0.98296291314453399 0.79373626084532356 3.1567740231385479 22.500000000000004 6.5736783256565259 0.66690025027010624 0.65090371963234628 1.0458333333333336 1018.5000000000001 625.50000000000011 0.64675799809678969 3.6286626092943273 0.64867302866654353 0.64725493382190846 3925.5000000000005 3.1567740231385479 -0.5 0.64632798978931005 5.6929629503794645 5.2128942736536876 7.5663108808184232 344.50000000000006 2.4414009612931857 3.795426061844291 70.500000000000014 49.500000000000007 1.2424533248940002 1.0000000180025095e-35
decision_type=2 2 2 2 2 2 2 2 2 2 2 2 2 2 2 2 2 2 2 2 2 2 2 2 2 2 2 2 2 2
left_child=1 13 3 4 -3 6 7 8 9 10 11 -2 -8 14 -1 16 18 -18 19 24 21 -21 23 -20 -15 26 27 -26 -27 -17
right_child=5 2 -4 -5 -6 -7 12 -9 -10 -11 -12 -13 -14 15 -16 29 17 -19 22 20 -22 -23 -24 -25 25 28 -28 -29 -30 -31
leaf_value=-0.016633345714464159 0.076556149975662763 0.075212816896436246 0.01409366075060965 -0.0040820758654436682 0.13923183071656367 0.00016447754126351912 -0.045167986460787901 -0.0072409335674638699 -0.032979568303837595 -0.024257452019577987 -0.016164094785460305 0.17880805493138652 0.0062192974032605937 -0.042633923778255617 -0.0047373217152635316 -0.00019917164893947794 -0.0004293264903504568 0.14691354777596488 0.045838322639763354 0.089357767595338214 0.041358640775690875 0.25697460223343976 0.07308756066747911 -0.011642412778517764 0.079033339447934392 -0.067483998484771573 -0.013789984930136657 0.085969560311915938 0.0063157152432411047 -0.0069575269318608692
leaf_weight=1247.6902033090591 16.482542514801029 19.966211035847667 853.12153867632151 18.216644015163183 10.170741572976111 336772.3695714213 55.174836218357086 1507.4013859592378 542.69992089271545 311.15530532598495 25.912447690963745 15.031309008598326 1219.4255175665021 202.21622240543365 11622.479617793113 20381.480995621532 17.00559276342392 17.854285955429077 132.13922709226608 52.297010362148285 227.5746408700943 16.911384403705597 17.718546986579895 881.0949639081955 30.964432954788208 60.247099936008453 17.890077590942383 34.906830251216888 106.60319852828979 10913.210372246802
leaf_count=1547 22 37 2876 111 19 1140202 68 7230 698 387 35 20 4463 249 41964 69605 21 22 163 65 282 21 22 1088 38 74 22 43 131 38864
internal_value=-1.56728e-05 -0.000154288 0.00124703 0.00704526 0.0114474 3.41428e-06 -0.000512274 -0.000883228 -0.00166561 -0.000506878 0.00420973 0.00812472 0.00019165 -0.000181762 -0.000392603 -9.98058e-05 0.000642345 0.00761831 0.000505769 0.00148156 0.0041073 0.0084247 -0.000203732 -0.000356752 -0.000239348 0.00117185 0.00669535 0.0092392 -0.00160102 -0.000142858
internal_weight=387347 46881.8 901.475 48.3536 30.137 340466 3693.28 2418.68 911.282 368.582 57.4263 31.5139 1274.6 45980.3 12870.2 33110.1 1815.42 34.8599 1780.56 749.611 296.783 69.2084 1030.95 1013.23 452.828 250.612 83.7613 65.8713 166.85 31294.7
internal_count=1310389 157264 3043 167 56 1153125 12923 8392 1162 464 77 42 4531 154221 43511 110710 2241 43 2198 925 368 86 1273 1251 557 308 103 81 205 108469
is_linear=0
shrinkage=0.05


Tree=175
num_leaves=31
num_cat=0
split_feature=4 16 16 16 16 17 16 16 16 16 16 16 16 16 5 16 16 10 5 16 16 16 16 16 16 17 16 16 10 16
split_gain=0.363047 1.87116 1.53192 2.26934 1.88521 1.53147 1.80023 2.32487 1.15898 1.03935 2.18473 1.27699 0.937994 0.924412 0.876296 0.816389 0.813679 0.766229 0.984557 0.759905 1.73676 1.47394 1.69859 1.66724 1.61151 1.16344 0.832832 0.758102 0.757553 0.754927
threshold=1.5000000000000002 0.83744152111093351 0.81327991938713906 0.81218281370748857 0.81354795087357534 0.66656010559132584 0.81862082546193804 0.82922542429719359 0.81810455653768555 0.82872382376875298 0.81953658246555017 0.82805938968709258 0.8847782686317428 0.83626252219812136 1.0000000180025095e-35 0.8224798576058957 0.8861666780130667 6.8352287666851659 -0.78656609248549292 0.82537325419067853 0.83523104476989685 0.82340483352627902 0.81759950385457481 0.82005847370157603 0.82291002297139948 0.78997110768990131 0.81496621376278278 0.58123026540307288 7.4073427185764524 0.82137319586356661
decision_type=2 2 2 2 2 2 2 2 2 2 2 2 2 2 2 2 2 2 2 2 2 2 2 2 2 2 2 2 2 2
left_child=1 2 3 27 -4 6 8 9 -6 10 -8 14 -3 17 15 -12 -14 18 -9 21 -21 22 26 25 29 -24 -7 -1 -27 -25
right_child=-2 12 4 -5 5 19 7 13 -10 -11 11 -13 16 -15 -16 -17 -18 -19 -20 20 -22 -23 23 24 -26 28 -28 -29 -30 -31
leaf_value=0.02345216113241393 0.00024641093286688066 0.016591896971016328 -0.019561300802045656 0.089300023406505655 0.040470995772504598 0.011220074234224643 -0.040776389519739921 0.2019607388974326 0.22723408784671803 -0.025358401406511213 0.17176370817641998 -0.012316337728461191 -0.037042254787985597 -0.011051549459823874 0.11515016357577412 0.034032516082562282 0.001735481028167607 0.029192791444338884 0.081381119685278558 0.015737348790813704 -0.025188202544624883 -0.02471232276661723 0.13857614070611687 -0.019434137074674968 0.090740266140015166 0.048027398183715798 -0.026036076904325123 -0.0024352247755184742 -0.0028425702843478343 0.018698487100591566
leaf_weight=269.37344932556152 341368.33032795042 5024.6960144937038 2046.9629125595093 83.480813577771187 409.13832861185074 376.10990019887686 246.9360123872757 15.185672044754027 20.461174845695496 673.86235678195953 17.917538821697235 88.921262979507446 340.96293221414089 47.552887141704559 65.154211938381195 66.529364824295044 5033.6446318924427 80.21878319978714 43.166742563247681 1874.3717794269323 1253.9689595773816 2335.8588021695614 24.872689843177795 780.6058192923665 62.654977530241013 289.38881991803646 1743.9625066816807 23170.022687673569 142.3075236082077 378.48353047668934
leaf_count=829 1154611 15838 3139 278 521 1094 308 20 25 854 24 110 599 57 81 86 16208 102 55 8838 5274 8592 50 3353 161 1601 5539 82144 777 1136
internal_value=-3.82142e-06 -0.000134095 -0.000302232 -6.09981e-05 -0.000735912 -0.000477455 0.000867934 -3.183e-05 0.00368587 -0.00086462 0.000899219 0.00431209 0.000457778 0.00515541 0.00713265 0.00377135 -1.36698e-06 0.00721962 0.011579 -0.00073528 -0.000101108 -0.0010587 -0.000450906 0.000737469 -0.000225905 0.00331539 -0.00139166 -9.03066e-05 0.00270954 -0.000648102
internal_weight=388375 47006.8 36607.5 23522.9 13084.6 11037.6 1775.04 1345.44 429.6 1159.32 485.458 238.522 10399.3 186.124 149.601 84.4469 5374.61 138.571 58.3524 9262.59 3128.34 6134.24 3798.39 1678.31 1221.74 456.569 2120.07 23439.4 431.696 1159.09
internal_count=1312304 157693 125048 83251 41797 38658 2243 1697 546 1463 609 301 32645 234 191 110 16807 177 75 36415 14112 22303 13711 7078 4650 2428 6633 82973 2378 4489
is_linear=0
shrinkage=0.05


Tree=176
num_leaves=31
num_cat=0
split_feature=4 16 16 16 16 17 16 16 16 16 16 6 3 1 1 16 10 6 16 16 10 7 3 16 6 16 16 16 16 16
split_gain=0.386792 1.7204 1.52615 1.93874 1.775 1.45074 1.63957 2.67342 1.66887 2.00232 1.27288 1.13043 0.993096 1.79947 0.981049 0.816419 0.796624 0.818139 0.796261 0.730818 0.722876 0.701245 0.807446 1.0327 0.779315 0.700034 1.59204 1.32788 1.52905 1.49725
threshold=1.5000000000000002 0.83744152111093351 0.81327991938713906 0.81218281370748857 0.81354795087357534 0.6657714024266651 0.82805938968709258 0.82922542429719359 0.81953658246555017 0.81862082546193804 0.81810455653768555 0.91597561503675351 1.0000000180025095e-35 958.50000000000011 696.50000000000011 0.83626252219812136 6.8352287666851659 -0.60355339059327384 0.8847782686317428 0.8861666780130667 6.6984141434628581 8.4806329307251342 1.0000000180025095e-35 0.87162810712201477 -0.60355339059327384 0.82537325419067853 0.83523104476989685 0.82340483352627902 0.81759950385457481 0.82005847370157603
decision_type=2 2 2 2 2 2 2 2 2 2 2 2 2 2 2 2 2 2 2 2 2 2 2 2 2 2 2 2 2 2
left_child=1 2 3 -1 -4 6 8 -8 9 10 11 20 -10 14 -14 16 17 -9 21 -20 -6 22 -3 -24 -25 27 -27 28 -7 -30
right_child=-2 18 4 -5 5 25 7 15 12 -11 -12 -13 13 -15 -16 -17 -18 -19 19 -21 -22 -23 23 24 -26 26 -28 -29 29 -31
leaf_value=-0.0017862815139340516 0.00023409038622352886 -0.0024329751692285131 -0.018583235761943373 0.084835022236180363 0.058987397503068119 -0.019132280949424964 -0.023897729929410118 0.068811553648544965 0.059288178494279614 -0.038737570043752938 0.21587238345438209 0.1227304672501932 0.16317552276759897 0.10045525501222721 0.1569243754803305 -0.010498971986832679 0.027733151872121956 0.10023931348046924 -0.03519014204858633 0.0016487069767592288 -0.0023657836533198754 -0.016448915435034728 0.017308670130568894 0.077971480253591186 0.022584310027017152 0.014300105098479544 -0.023928792417393631 -0.023536184505004026 0.041895289879398924 -0.0035478039906852834
leaf_weight=23439.39613699913 341368.33032795042 1146.3680568188429 2046.9629125595093 83.480813577771187 205.38080340623856 2131.8139758631587 751.48016577959061 26.30129736661911 47.236785054206848 242.59166949987411 19.848895132541656 23.830086588859558 28.135437309741974 43.564613282680511 18.413250863552094 46.904950439929962 77.14943915605545 30.78703784942627 340.96293221414089 5033.6446318924427 168.18586963415146 353.47741506993771 2751.6515682116151 292.30771946161985 480.89125493168831 1891.8301168531179 1256.4894166663289 2340.7263301312923 462.15353433787823 1224.8059696480632
leaf_count=82973 1154611 3508 3139 278 259 6652 946 34 57 301 24 31 36 55 23 56 97 39 599 16208 212 1183 9121 753 1273 8866 5278 8600 2437 4655
internal_value=-5.23097e-06 -0.000139698 -0.000300919 -6.01398e-05 -0.00073378 -0.000482993 0.000846699 -0.000576491 0.00251168 0.00146793 0.00356812 0.00295093 0.00752591 0.0106041 0.0174395 0.00487605 0.00686026 0.0113379 0.000427831 4.7952e-06 0.0022774 0.000880326 0.00104281 0.0014177 0.0030322 -0.000730109 -0.000123598 -0.00104012 -0.000465353 0.00065936
internal_weight=388375 47006.8 36607.5 23522.9 13084.6 11037.6 1729.81 932.623 797.187 659.837 417.246 397.397 137.35 90.1133 46.5487 181.143 134.238 57.0883 10399.3 5374.61 373.567 5024.7 4671.22 3524.85 773.199 9307.82 3148.32 6159.5 3818.77 1686.96
internal_count=1312304 157693 125048 83251 41797 38658 2170 1172 998 827 526 502 171 114 59 226 170 73 32645 16807 471 15838 14655 11147 2026 36488 14144 22344 13744 7092
is_linear=0
shrinkage=0.05


Tree=177
num_leaves=31
num_cat=0
split_feature=4 1 10 8 17 17 5 7 0 10 8 0 7 10 7 10 8 5 1 1 8 0 0 8 7 17 17 17 6 10
split_gain=0.380795 0.484684 0.392281 0.390068 0.383612 0.641475 0.614746 0.668717 0.573538 0.647777 0.768148 1.2512 0.601372 0.70842 0.66513 0.527391 0.502371 0.451557 0.41768 0.407535 0.401729 0.378255 0.425718 0.684982 0.607982 0.636921 0.700772 0.503626 0.95792 0.382941
threshold=1.5000000000000002 4606.5000000000009 8.2897175009295605 8.0173072902757028 0.64632798978931005 0.64725493382190846 -1.0000000180025095e-35 9.3458759809388088 55.500000000000007 5.6929629503794645 1.0000000180025095e-35 74.500000000000014 5.1503930356556173 7.8225641747821397 6.7725079657475691 8.0353250454199436 5.3494828320967684 -1.0000000180025095e-35 1407.5000000000002 279.50000000000006 3.8393944990995772 43.500000000000007 35.500000000000007 8.1059111524599299 9.9902377956001747 0.6544711875884256 0.64991817661828988 0.66536933010598343 -0.98296291314453399 8.0757038079184476
decision_type=2 2 2 2 2 2 2 2 2 2 2 2 2 2 2 2 2 2 2 2 2 2 2 2 2 2 2 2 2 2
left_child=1 4 -3 -2 17 6 8 15 16 10 18 -12 -11 14 -14 19 -6 -1 -10 -8 -15 22 23 29 -24 26 -26 -27 -29 -5
right_child=3 2 -4 21 5 -7 7 -9 9 12 11 -13 13 20 -16 -17 -18 -19 -20 -21 -22 -23 24 -25 25 27 -28 28 -30 -31
leaf_value=-0.026849271566810162 0.00031449791491200418 0.0094331511350553843 0.10344809234867328 0.030302314547880106 -0.024696703357909935 -0.0028617244867341855 -0.035292094531050554 0.20666300978450591 -0.0048942498589899189 -0.059758850937388155 0.13452955062938718 0.022546795002095402 0.062993492403583803 0.010479443146498492 0.15675852466561824 -0.043146639727829866 0.094461965823326 -0.0045316549366379412 0.044965430197666481 0.071352809160514147 -0.04230140943866556 -0.017355660983612298 -0.0027207884302451468 -0.031199169620563086 0.049310213954640886 -0.037104840304821356 0.057241829251287651 0.077704643615511243 0.042629878605429328 0.15096835967940481
leaf_weight=681.3045009970665 338623.16414808854 1385.4222595728934 35.941862553358078 10.012951150536539 267.69289255142212 43118.66607202962 31.456886768341064 16.265962302684784 49.535008490085602 79.318136274814606 20.110089957714081 19.416307628154755 33.907069146633148 16.103484272956848 19.306683659553528 49.820933520793915 28.298618257045746 788.7746633887291 23.365745902061462 298.65798568725586 43.407923638820648 2269.6768358722329 154.64583927020431 174.84389579668641 18.014009416103363 18.637943625450134 15.986901819705961 4.5558132827281943 71.327699616551399 7.4642900116741648
leaf_count=840 1145091 4639 91 38 332 149918 39 20 62 98 25 24 42 20 24 62 35 969 29 370 54 7815 567 662 23 24 20 15 332 24
internal_value=-6.02115e-06 -0.000139441 0.000769801 1.23509e-05 -0.000167792 -0.000141314 0.00111276 0.00264148 0.000104068 0.00162768 0.0046419 0.0102547 -0.000136915 0.00221011 0.00640184 0.00221645 -0.00146319 -0.000962353 0.00159867 0.00294015 -0.00153804 -0.000581261 0.000701039 -0.00111435 0.00193401 0.00447541 0.0103441 0.00236433 0.0041731 0.00832376
internal_weight=388375 47006.8 1421.36 341368 45585.4 44115.3 996.664 396.202 600.462 304.47 112.427 39.5264 192.043 112.725 53.2138 379.936 295.992 1470.08 72.9008 330.115 59.5114 2745.17 475.489 192.321 283.168 128.522 34.0009 94.5215 75.8835 17.4772
internal_count=1312304 157693 4730 1154611 152963 151154 1236 491 745 378 140 49 238 140 66 471 367 1809 91 409 74 9520 1705 724 981 414 43 371 347 62
is_linear=0
shrinkage=0.05


Tree=178
num_leaves=31
num_cat=0
split_feature=4 1 17 8 9 8 8 7 7 7 10 18 1 7 7 18 17 0 10 1 0 18 17 8 5 10 17 1 8 17
split_gain=0.371113 0.436739 0.377145 0.346687 0.419405 0.790754 0.555043 0.831065 1.43309 0.827115 0.632117 0.584904 0.534055 0.529806 0.761528 0.70972 0.517485 0.505841 0.469061 0.479175 0.468993 0.511856 0.464315 0.44684 0.44061 0.431291 0.612156 0.83045 0.902848 0.725824
threshold=1.5000000000000002 4606.5000000000009 0.81359249534525546 8.0173072902757028 1.0000000180025095e-35 3.1984648276080736 1.7005986908310777 3.7012257604091228 3.7494348669884658 3.9219243190762363 0.0055928205646541074 1.0791666666666668 4231.5000000000009 3.5408542930527882 3.4175922930736511 1.0541666666666669 0.64555464890881631 84.500000000000014 7.5660670078195009 967.50000000000011 26.500000000000004 1.0458333333333336 0.73245799793552135 1.0000000180025095e-35 -0.25881904510252113 2.4720611056939106 0.75945140584483528 2678.5000000000005 4.3372693810700085 0.66656010559132584
decision_type=2 2 2 2 2 2 2 2 2 2 2 2 2 2 2 2 2 2 2 2 2 2 2 2 2 2 2 2 2 2
left_child=1 -1 3 4 6 -6 7 13 16 -10 11 12 17 14 15 23 -9 -11 20 -20 21 -12 -19 -2 -17 26 27 29 -29 -7
right_child=2 -3 -4 -5 5 25 -8 8 9 10 18 -13 -14 -15 -16 24 -18 22 19 -21 -22 -23 -24 -25 -26 -27 -28 28 -30 -31
leaf_value=-0.0027233388742131993 -0.00048150757625644582 0.0099803876246172159 -0.0077328442935034715 -0.010034962288508621 0.011336849279295725 -0.010958324475078541 -0.0018997834823061056 0.10936877203362588 -0.0067157941857183051 0.023777686800712863 -0.0027726168261914767 0.10455291090575816 0.077004148994809146 -0.011358774436904273 0.011246566726069763 0.010022236077871449 0.023209604954641572 0.085837217891113274 -0.012800357982600909 0.0048005579670507672 0.0086894844058741597 -0.045015325076019845 0.05437212273912722 -0.0054901022877661635 0.0005533080087209985 0.0010008710589173742 0.00065484847066490384 0.17898178576346657 0.029069236880865646 0.14256707555242962
leaf_weight=45585.408964473754 79661.961704023182 1421.3641221262515 9143.3389929644763 2667.304680403322 9729.8100504651666 77.453738212585449 91149.581873811781 32.154086887836456 5707.2337168902159 198.42821611091495 419.43973696604371 13.375412821769713 8.677992530167101 5247.3079195022583 7084.7478606961668 7435.3048236966133 2224.5250535383821 9.6854613423347491 2087.939938724041 3162.427736479789 18520.72777075693 133.90363986045122 18.956656504422426 12895.059306934476 8291.6876992806792 75116.705704029649 250.75224850699306 14.64840227365494 16.35265451669693 48.837249219417572
leaf_count=152963 263115 4730 131654 8382 30685 96 282583 39 17394 690 1677 14 33 16136 21555 8017 6820 14 6315 9404 58600 159 86 42159 9269 238321 1261 21 25 87
internal_value=-6.07409e-06 -0.000137787 1.20629e-05 2.07816e-05 2.53767e-05 0.00012086 -7.94414e-06 5.01969e-05 0.000274448 0.000183861 0.000309796 0.00281561 0.00223853 -1.02972e-05 1.20513e-05 -2.08072e-05 0.00148997 0.0017733 0.000284133 -0.000134362 0.000399328 -0.00103505 0.00798479 -7.35727e-05 0.00028973 6.62036e-05 0.00168736 0.00413257 0.0114654 0.00233256
internal_weight=388375 47006.8 341368 332225 329558 85254.6 244303 153154 32537.5 30280.8 24573.6 249.124 235.748 120616 115369 108284 2256.68 227.07 24324.4 5250.37 19074.1 553.343 28.6421 92557 15727 75524.7 408.044 157.292 31.0011 126.291
internal_count=1312304 157693 1154611 1022957 1014575 270496 744079 461496 101245 94386 76992 837 823 360251 344115 322560 6859 790 76155 15719 60436 1836 100 305274 17286 239811 1490 229 46 183
is_linear=0
shrinkage=0.05


Tree=179
num_leaves=31
num_cat=1
split_feature=17 17 5 0 17 10 10 4 10 10 17 7 10 6 2 10 7 1 1 6 17 0 7 5 7 10 7 0 1 10
split_gain=0.335962 0.537975 0.742111 0.605106 0.975237 0.524123 0.628695 0.59131 0.729053 0.607077 0.922903 1.01463 0.552097 0.635907 0.643205 0.845668 0.837651 0.724095 0.841182 0.575514 0.532545 0.530642 0.552132 0.484511 0.476342 0.474019 0.909055 0.744638 0.546618 0.49027
threshold=0.64853776465145774 0.65047227725875179 0.37940952255126054 135.50000000000003 0.64954346602561752 4.4818906257795668 0.65675555764692939 4.5000000000000009 6.3532720516638044 6.6773997267357688 0.64954346602561752 3.5972184255501678 7.1252063492905746 0.37940952255126048 0 7.846586089027463 7.040974027005384 4231.5000000000009 1764.5000000000002 -0.12940952255126037 0.64927633572046617 25.500000000000004 5.0005792898547883 -0.9159756150367534 6.6814816381200126 2.7067481026702671 2.6735537653587351 59.500000000000007 326.50000000000006 1.3339768851679699
decision_type=2 2 2 2 2 2 2 2 2 2 2 2 2 2 1 2 2 2 2 2 2 2 2 2 2 2 2 2 2 2
left_child=25 2 5 -4 -5 6 -2 -7 -9 10 23 -12 -11 14 16 -16 17 18 -14 -18 -17 -8 -23 -10 -22 26 -1 -28 -29 -30
right_child=1 -3 3 4 -6 7 21 8 9 12 11 -13 13 -15 15 20 19 -19 -20 -21 24 22 -24 -25 -26 -27 27 28 29 -31
leaf_value=-0.0031759400187518329 0.0065350452097742602 -9.6017923890467927e-05 -0.0046657480918076205 0.0010852553487927352 0.098781675804636981 0.0017596398772777189 0.13030977157047388 -0.012006577633203896 0.077780135836304082 -0.011368055801960077 0.096148872705084862 0.050046904762843528 0.048269709927036344 -0.0014694105944349724 -0.031275061450678064 -0.022982336286724039 -0.0052553772970139528 0.00078690794960332164 0.10540428193578406 0.062695290595808431 0.019002081468858692 0.02780998386835476 -0.01740775569203994 -0.010503308947949331 0.17097764929755521 -0.001001602235501342 -0.026940241732823434 -0.067722269280009725 -0.01205740077408919 0.021528020093124323
leaf_weight=4202.2675564289093 1819.2584612369537 334559.35633221269 6641.4589273929596 56.338904321193695 22.624177932739258 7961.8107754588127 57.735563814640045 442.04466891288757 16.381255447864532 180.69000434875488 25.82569408416748 23.712925136089325 86.208685338497162 215.89182901382446 79.309937834739685 22.410616636276245 91.276380956172943 36.789268314838409 78.489440321922302 23.00335967540741 16.103909730911255 1515.5778140425682 127.47965085506439 59.581417679786682 21.49803227186203 27906.999112948775 1207.1222767829895 57.612913727760315 550.40149408578873 269.84202760457993
leaf_count=5208 2371 1244500 8582 71 30 10374 75 576 21 234 34 31 112 280 103 29 119 48 102 30 21 1979 166 76 28 34529 1492 71 679 333
internal_value=-4.89043e-06 9.55908e-06 0.000264013 -0.000162029 0.00418915 0.000485947 0.00100621 0.000290727 0.00123096 0.00199316 0.00523968 0.0105492 0.00151476 0.00217538 0.00323557 0.000217505 0.00442032 0.00649975 0.0079164 0.00114085 0.0047113 0.00169731 0.00153175 0.00177714 0.00834751 -0.000154557 -0.000546766 -0.00140031 -0.00029227 3.83953e-05
internal_weight=388375 354181 19621.5 6720.42 78.9631 12901.1 3520.05 9381.03 1419.22 977.173 125.501 49.5386 851.671 670.981 455.09 139.322 315.767 201.487 164.698 114.28 60.0126 1700.79 1643.06 75.9627 37.6019 34194.2 6287.25 2084.98 877.856 820.244
internal_count=1312304 1269992 25492 8683 101 16809 4591 12218 1844 1268 162 65 1106 872 592 181 411 262 214 149 78 2220 2145 97 49 42312 7783 2575 1083 1012
cat_boundaries=0 1
cat_threshold=11
is_linear=0
shrinkage=0.05


Tree=180
num_leaves=31
num_cat=0
split_feature=8 18 9 4 10 4 16 8 16 10 6 8 17 1 8 16 10 10 5 8 8 17 1 17 8 5 8 1 10 10
split_gain=0.372969 0.423059 0.372131 0.403756 0.613062 0.784577 0.535751 0.945235 0.861178 1.16874 0.482217 0.423015 0.947928 1.35709 0.9018 1.04397 0.612 0.505591 0.447823 0.682181 1.17901 0.685627 0.671315 0.653442 0.776343 0.710646 0.547381 0.78934 0.535652 0.531115
threshold=1.0000000180025095e-35 1.0708333333333335 3.860674306308975 2.5000000000000004 0.0055928205646541074 3.5000000000000004 0.85672772824506083 0.89587973461402759 0.86486683785997276 5.8568961415879626 -0.70710678118654757 6.9674381702079344 0.66268314391858796 1294.5000000000002 7.3148856110385276 0.76314558284360301 8.3382844508594918 7.9292096708947346 0.12940952255126045 5.0782890901091458 5.1269313471631675 0.65813547005910744 234.50000000000003 0.65641077446366225 3.0677824455408698 -0.78656609248549292 4.8559213341406453 823.50000000000011 8.0757038079184476 6.464191194684128
decision_type=2 2 2 2 2 2 2 2 2 2 2 2 2 2 2 2 2 2 2 2 2 2 2 2 2 2 2 2 2 2
left_child=-1 -2 3 11 5 -5 -6 8 -8 -10 -9 18 14 -14 15 -13 -16 -17 19 23 -21 -22 -20 24 -3 26 -25 -28 -26 -23
right_child=1 2 -4 4 6 -7 7 10 9 -11 -12 12 13 -15 16 17 -18 -19 22 20 21 29 -24 25 28 -27 27 -29 -30 -31
leaf_value=0.0012451127442508537 -0.000333268449896762 0.027244689259377855 -0.020266653953544281 0.16805154683152368 -0.0048442889290764238 -0.029494983927777014 -0.035416751753444047 -0.0044027307056295319 0.023733381236656026 0.084577052307998973 -0.032991307846531974 0.10707383761512919 -0.0045687287853862562 0.11107513024538891 -0.029370685826545808 0.11541160099602675 0.0077810710786194066 -0.008597259679761304 0.080747049069650523 0.14465476009925657 -0.028154884716282691 -0.055205385214113445 -0.010015810376562229 -0.015742158009052876 -0.036209684572238519 0.003924145284393177 0.06232833646208924 -0.021974731225115375 0.048328062339746673 0.034501024973303429
leaf_weight=127298.09234902263 237231.53970573843 381.0327000617981 1127.7042072936893 18.106583677232265 12469.15535518527 22.302019484341145 40.63927549123764 411.0016023516655 43.673388659954071 26.482312679290771 877.1730922460556 18.90612918138504 21.298062026500702 22.167430870234966 103.88550913333893 34.107773244380951 22.812291026115417 35.877882659435272 100.68230544775724 21.191784024238586 340.13475000858307 20.456720232963562 2833.0617335736752 1375.3831278085709 185.31396371126175 1968.5609130263329 20.156259655952454 26.706605732440948 30.775078475475311 358.41523767262697
leaf_count=418284 867174 422 1240 20 13704 26 43 431 46 28 924 20 29 27 110 36 24 38 118 22 368 21 3268 1435 205 2071 21 28 34 371
internal_value=-3.76691e-06 -3.80788e-05 -0.000243031 -0.000197277 -0.000359553 0.00579014 -0.000377472 -0.00130528 0.00312635 0.00648139 -0.00168644 8.7668e-05 0.00207482 0.00881084 0.000716757 0.00457745 -0.00199192 0.00176114 2.04805e-05 0.000321589 0.00171563 0.00137304 -0.000464796 6.28416e-05 0.00158802 -0.000205742 -0.00105734 0.00425671 -0.000806016 0.00283598
internal_weight=387487 260189 22957.2 21829.5 13908.5 40.4086 13868.1 1398.97 110.795 70.1557 1288.17 7920.93 259.055 43.4655 215.59 88.8918 126.698 69.9857 7661.87 4728.13 740.198 719.007 2933.74 3987.93 597.122 3390.81 1422.25 46.8629 216.089 378.872
internal_count=1310588 892304 25130 23890 15222 46 15176 1472 117 74 1355 8668 284 56 228 94 134 74 8384 4998 782 760 3386 4216 661 3555 1484 49 239 392
is_linear=0
shrinkage=0.05


Tree=181
num_leaves=31
num_cat=0
split_feature=8 7 8 8 16 8 16 5 7 7 7 10 6 18 7 4 10 16 18 8 7 17 17 6 8 10 17 5 0 6
split_gain=0.341302 0.633744 2.15271 1.1705 0.69108 0.777313 0.617469 0.61346 0.604608 0.77721 0.542785 0.595133 0.602151 0.903755 1.2517 0.624566 0.672334 0.944939 0.664712 0.606669 0.584971 0.655182 0.541399 0.532068 0.526783 0.563383 0.619407 0.824167 0.705941 0.520203
threshold=1.0000000180025095e-35 4.6867395546766826 2.4414009612931857 3.2384861814448418 0.97182285662211954 3.3497501700808394 0.80417266174550694 1.0000000180025095e-35 4.4367340276668159 3.9607678160667752 5.8245230014317348 8.0353250454199436 0.78656609248549303 1.0625000000000002 6.2334293711344477 3.5000000000000004 6.3532720516638044 0.83042702519027534 1.0625000000000002 1.4978661367769956 5.8536372009884516 0.7957125904581609 0.64991817661828988 0.98296291314453421 2.0126758453675748 6.7976209634028883 0.64555464890881631 -0.9159756150367534 69.500000000000014 -0.9159756150367534
decision_type=2 2 2 2 2 2 2 2 2 2 2 2 2 2 2 2 2 2 2 2 2 2 2 2 2 2 2 2 2 2
left_child=-1 3 10 6 8 -6 -2 24 9 23 -3 12 15 -14 -15 16 17 20 -17 -20 21 -12 -19 -5 25 26 27 -8 -29 -21
right_child=1 2 -4 4 5 -7 7 -9 -10 -11 11 -13 13 14 -16 18 -18 22 19 29 -22 -23 -24 -25 -26 -27 -28 28 -30 -31
leaf_value=0.0011828571070382932 -0.0072461879388760588 0.0064129457058225599 -0.00086410469706899029 -0.00072697335351641363 0.10356455586262313 0.040612483106643005 -0.025450929934142975 -0.0045080089440109111 -0.0044137110354738997 0.018537940790407915 0.10325723694353083 -0.00081336636366360351 0.035144946185913815 0.088773052980439748 0.012036579243549906 0.027673340147405058 0.0015495069122517969 0.098647941263247677 -0.0035147307603096592 0.058260739626517212 0.0086901576195062454 -0.035814741233166462 0.082134705634188301 0.029600864905210592 -0.0035997958413856337 -0.0046347670281645884 0.0055024336222127216 0.07484132945861359 -0.0028375504344370531 0.088295007441913057
leaf_weight=127298.09234902263 41981.702165279537 15286.416024878621 141464.11869968101 3265.0452961362898 5.3409756049513843 15.120147772133349 39.420409619808197 20847.589035280049 3011.0301492922008 3781.3808407858014 15.737035378813745 1203.8492046967149 484.26256921514869 35.594787441194057 36.716263458132744 1119.274422287941 2002.0733314007521 11.036906123161314 28.520276233553886 32.909792721271515 320.62652781605721 9.7631821334362012 116.47542394697666 71.185738552361727 8328.943506732583 4167.4710643813014 12328.905005946755 58.372029364109039 20.571741282939911 99.251246936619282
leaf_count=418284 150643 53230 494276 11342 17 58 48 63538 10171 12763 31 3632 2041 39 41 4608 7143 14 33 35 1337 76 475 248 25691 12790 37778 71 25 110
internal_value=-4.28877e-06 -3.71117e-05 2.35072e-05 -0.000137563 0.00037081 0.00955057 -0.000196346 -6.93659e-05 0.000352266 0.000603525 0.00049842 0.000923591 0.001198 0.0027328 0.00794682 0.000970547 0.000506926 0.00220099 0.00186729 0.00487458 0.000845463 0.00813412 0.00588049 4.72762e-05 9.79431e-05 0.00026063 0.000429101 0.00402886 0.00697714 0.00630179
internal_weight=387487 260189 162267 97922.1 10149.1 20.4611 87773 45791.3 10128.6 7117.61 20802.5 5516.09 4312.24 556.574 72.3111 3755.67 2475.71 473.639 1279.96 160.681 346.127 25.5002 127.512 3336.23 24943.7 16614.7 12447.3 118.364 78.9438 132.161
internal_count=1310588 892304 567121 325183 34599 75 290584 139941 34524 24353 72845 19615 15983 2121 80 13862 9076 1933 4786 178 1444 107 489 11590 76403 50712 37922 144 96 145
is_linear=0
shrinkage=0.05


Tree=182
num_leaves=31
num_cat=1
split_feature=1 8 7 8 8 16 17 16 1 1 5 8 17 16 7 0 1 5 6 7 7 0 16 10 17 10 2 17 16 16
split_gain=0.313834 0.373159 0.55865 2.08679 1.14315 1.03202 1.20491 0.487856 0.748939 0.524229 0.533857 0.70882 0.486539 0.598766 0.563893 1.88547 0.631955 0.510812 0.477322 0.598863 0.474845 0.469909 1.04632 0.52737 0.512774 0.598634 0.577861 0.523445 0.77515 1.80107
threshold=246.50000000000003 1.0000000180025095e-35 4.7050052835523761 2.4414009612931857 3.1132683346437333 0.97182285662211954 0.79039094287235756 0.80417266174550694 17777.000000000004 279.50000000000006 1.0000000180025095e-35 2.0126758453675748 0.79607112255342927 0.6262678782415706 8.8602153186160582 68.500000000000014 2573.5000000000005 -0.60355339059327362 0.78656609248549303 3.9607678160667752 3.0201273556387074 100.50000000000001 0.93504912530908568 7.004218655558728 0.64805509467998179 7.7709141262221211 0 0.64675799809678969 0.80368004095377399 0.82489902666054515
decision_type=2 2 2 2 2 2 2 2 2 2 2 2 2 2 2 2 2 2 2 2 2 2 2 2 2 2 1 2 2 2
left_child=-1 -2 4 21 7 -6 -7 20 9 -9 11 -11 13 14 -5 -16 17 -17 -13 -20 -3 23 -23 -4 25 26 27 28 -25 -30
right_child=1 2 3 12 5 6 -8 8 -10 10 -12 18 -14 -15 15 16 -18 -19 19 -21 -22 22 -24 24 -26 -27 -28 -29 29 -31
leaf_value=-0.0050507294189908961 0.0014344088958634595 -0.017981081722797356 0.013082030065417484 0.016055530556375697 0.0059437876445847752 0.11212711328584035 0.03858185895131086 -0.025598431601811345 0.053104627569727739 0.0040672781919889323 -0.0046309093761720101 -0.0076602139322851761 0.0026894316811274968 -0.0018384539575275749 -0.011141811580495898 0.021600146163043468 0.073701049791537798 0.071631647662229181 0.025897987825696814 -0.0044521983932781731 -0.0058175348595269852 0.02903044665522574 0.050229634980041786 0.038171432188479362 0.0017232401313625801 0.00062954930642062929 0.028784810698365915 0.1051334829783353 0.19595164896983397 0.011416110887333519
leaf_weight=13030.605085149407 120646.68149597943 3416.121650505811 8831.7856756597757 716.06011992692947 11601.789670202881 10.395210087299349 14.512690044939516 503.01662395894527 130.64832874387503 16068.613699398935 19687.194671884179 6650.746079929173 34038.593191489577 103201.30362416059 75.73505711555481 10.933967307209967 10.626130402088164 22.18170540034771 448.55208762735128 702.71304680407047 36756.701736938208 1043.7437498681247 9.5257524028420431 53.588354289531708 9175.0511483773589 345.24551832675934 214.18605065345764 31.16184663772583 16.111693799495697 22.670486330986023
leaf_count=42990 396933 12059 32580 1434 39751 16 72 1556 391 48998 59959 20345 271955 208850 144 20 20 40 1368 2220 132147 3605 34 66 32256 427 265 39 20 28
internal_value=-3.74741e-06 4.64667e-06 -2.97661e-05 2.80864e-05 -0.000124881 0.000339909 0.0105066 -0.000188937 -7.42973e-05 -8.55059e-05 -6.69722e-05 9.19957e-05 -4.06647e-05 -9.4351e-05 0.00123876 0.00441869 0.0126836 0.00927924 -0.000299018 0.000640965 -0.000315044 0.000508905 0.00153645 0.000450997 0.000199603 0.00152134 0.00301805 0.00560383 0.00416704 0.00955117
internal_weight=387487 374456 253810 157819 95991 11626.7 24.9079 84364.3 44191.5 44060.8 43557.8 23870.6 138075 104037 835.537 119.477 43.7418 33.1157 7802.01 1151.27 40172.8 19743.1 1053.27 18689.8 9858.02 682.964 337.718 123.532 92.3705 38.7822
internal_count=1310588 1267598 870665 551783 318882 39839 88 279043 134837 134446 132890 72931 482463 210508 1658 224 80 60 23933 3588 144206 69320 3639 65681 33101 845 418 153 114 48
cat_boundaries=0 1
cat_threshold=5
is_linear=0
shrinkage=0.05


Tree=183
num_leaves=31
num_cat=0
split_feature=6 1 17 17 16 1 11 4 1 1 16 17 17 0 3 6 17 9 6 4 1 8 8 16 1 1 0 0 16 6
split_gain=0.304487 0.365938 0.369561 0.466068 0.627449 0.499294 0.426793 0.550306 0.501163 0.416705 0.525622 0.530299 0.41301 0.501648 0.522516 1.08378 0.716102 0.491749 0.461631 0.417756 0.428897 0.382938 0.612662 0.562233 0.407612 0.430244 0.378703 0.458467 0.644079 0.563325
threshold=-0.37940952255126015 1134.5000000000002 0.64853776465145774 0.64675799809678969 0.67530393782091591 893.50000000000011 1.0000000180025095e-35 2.5000000000000004 428.50000000000006 388.50000000000006 0.88214353201501761 0.64607191580427192 0.65047227725875179 52.500000000000007 1.0000000180025095e-35 -0.60355339059327384 0.64954346602561752 2.602003343538398 -0.5 3.5000000000000004 436.50000000000006 1.0000000180025095e-35 4.5485858369352732 0.7320314144775445 335.50000000000006 412.50000000000006 58.500000000000007 59.500000000000007 0.85472328363330063 -0.9159756150367534
decision_type=2 2 2 2 2 2 2 2 2 2 2 2 2 2 2 2 2 2 2 2 2 2 2 2 2 2 2 2 2 2
left_child=1 2 3 9 5 6 7 -5 -9 10 -1 -12 13 14 15 -4 -17 18 19 21 -21 23 -23 -16 -25 -26 -15 28 29 -28
right_child=-2 -3 12 4 -6 -7 -8 8 -10 -11 11 -13 -14 26 17 16 -18 -19 -20 20 -22 22 -24 24 25 -27 27 -29 -30 -31
leaf_value=-0.025288760393110954 -0.00084925447575846531 0.0021744165976311128 0.0099088175037885147 0.07387759650165493 -0.016696580511249448 -0.14145248488142137 -0.097359282162035626 -0.017157865284335251 0.046525506031204159 0.0050763284847161975 -0.05776537955376751 0.10470946947399362 -0.00047622092670489562 -0.015177575014607392 0.071862604462590435 0.06667474548509715 0.038748793442689777 -0.068782002643588677 -0.021773349889821915 -0.025472976988234565 0.047722177324668949 -0.010473862397609302 0.058094730815586762 -0.043526123479453352 0.085363155253837572 0.029423843590097667 0.10322441263482765 0.0020863447580645291 0.11911769276766969 -0.045091203863174001
leaf_weight=802.98887926340103 196458.68190703541 95863.16868628189 436.35297906398773 36.785997807979584 4266.5371996164322 16.994811832904816 17.631693542003632 16.049336493015289 28.892043828964233 3477.570711016655 27.774559855461121 21.711569249629974 81927.841931980103 544.54523921012878 26.199619472026825 52.45708155632019 45.403106331825256 111.27153384685516 135.07906091213226 46.312270879745483 295.14363068342209 523.00224441289902 112.5085471868515 33.273796260356903 22.757582008838654 265.51223796606064 15.539873838424681 1796.3021675944328 18.670524537563324 43.835325837135315
leaf_count=990 668788 322541 566 46 5289 21 22 20 36 4291 34 27 302582 710 34 69 60 146 177 61 386 680 148 43 30 346 20 2345 24 56
internal_value=-4.69233e-06 4.0256e-05 -2.92005e-05 -0.000339571 -0.000703049 0.0029196 0.0042742 0.00579629 0.0020843 2.83436e-05 -0.000962341 0.00403891 2.07968e-06 0.00046714 0.0010315 0.00238234 0.00713787 0.000572166 0.000816392 0.00110032 0.00260705 0.000577073 -0.000152837 0.001911 0.00133712 0.00194194 -2.40461e-05 0.000313166 0.00406474 0.00151767
internal_weight=387487 191028 95164.9 8712.94 4382.89 116.354 99.3591 81.7274 44.9414 4330.05 852.475 49.4861 86452 4524.17 2105.27 534.213 97.8602 1571.06 1459.79 1324.71 341.456 983.254 635.511 347.743 321.544 288.27 2418.89 1874.35 78.0457 59.3752
internal_count=1310588 641800 319259 10776 5434 145 124 102 56 5342 1051 61 308483 5901 2746 695 129 2051 1905 1728 447 1281 828 453 419 376 3155 2445 100 76
is_linear=0
shrinkage=0.05


Tree=184
num_leaves=31
num_cat=2
split_feature=6 17 0 17 5 17 0 2 10 10 5 0 16 10 10 0 10 10 9 8 9 8 16 16 2 9 18 0 17 10
split_gain=0.272792 0.332808 0.520235 0.473615 0.527655 0.725264 0.466563 0.46121 0.555013 0.54431 0.61378 0.503233 0.56424 1.23725 0.702846 0.47347 0.433566 0.417059 0.487415 0.426133 0.502292 0.648638 0.539891 0.415771 0.413193 0.58165 0.524822 0.404501 0.424849 0.607339
threshold=-0.37940952255126015 0.6484252398823479 148.50000000000003 0.64675799809678969 0.25881904510252091 0.64805509467998179 73.500000000000014 0 7.1414546997017636 7.6487177596033016 0.37940952255126054 76.500000000000014 0.7320314144775445 4.9336050502534485 6.3532720516638044 36.500000000000007 1.0914388665473447 8.4036835615819729 6.4385510104182506 1.4978661367769956 1.0000000180025095e-35 2.740319461670996 0.97182285662211954 0.82005847370157603 1 3.9019216517693867 1.0625000000000002 119.50000000000001 0.65047227725875179 4.1279035690442862
decision_type=2 2 2 2 2 2 2 1 2 2 2 2 2 2 2 2 2 2 2 2 2 2 2 2 1 2 2 2 2 2
left_child=1 2 3 -1 16 6 -6 9 11 -7 -11 12 13 -9 -14 -16 -5 19 -19 -3 22 -22 27 -20 -18 -26 -27 28 29 -21
right_child=-2 17 -4 4 5 7 -8 8 -10 10 -12 -13 14 -15 15 -17 24 18 23 20 21 -23 -24 -25 25 26 -28 -29 -30 -31
leaf_value=0.00089222827311568058 -0.00080679175197053701 0.0028357181583228311 0.030986569422311261 -0.023800203506998852 -0.018572930361213612 0.01717632249902188 0.017030155275482971 0.10805627024146963 -0.01746537779330435 -0.071960424355171568 0.035093466636378377 -0.019570163126564056 0.0058700842469424641 -0.016308833928254576 -0.058986526466215321 0.10323546460101891 -0.00012475412045738211 0.013493542699963657 0.089691030367693714 0.067929272020442411 0.021092623112096254 0.0010482819256621757 0.074091268198014731 0.019811119128367995 -0.026798567334969658 0.083121447438624957 0.1322539263232215 0.022196474807857625 -0.0037516104399285322 0.0020603938549207611
leaf_weight=8525.1274103522301 196458.68190703541 76481.887614566833 28.23195481300354 601.255635201931 1087.9210965633392 192.77738034725189 295.53769260644913 27.422486245632172 397.89763683080673 19.398135483264923 45.459872245788574 104.19438087940216 394.59015423059464 32.941881000995636 16.88506543636322 88.080392301082611 1535.3926810622215 903.88310761004686 18.512639164924625 415.23275685310364 2351.3630029633641 43733.32659773156 127.80167225748301 13.401132844388483 2080.2485242486 61.86492645740509 19.482485413551331 990.6968630515039 47838.416258197278 2598.8828054070473
leaf_count=10515 668788 264494 35 740 1350 239 367 34 491 24 57 128 488 41 21 109 1888 2119 42 537 8481 161898 464 29 2559 77 23 3393 177790 3367
internal_value=-4.43012e-06 3.81144e-05 -0.000183548 -0.000195879 -0.000500602 4.67517e-05 -0.000753142 0.000885324 0.000405464 0.00274124 0.00680985 0.00129403 0.00188777 0.00645382 0.00133602 0.00497231 -0.000844825 5.77636e-05 0.00111049 5.21193e-05 -1.68794e-05 0.000103296 -0.000123443 0.00718339 -0.00064231 -0.00108533 0.00305727 -0.000131445 -0.000150938 0.000424819
internal_weight=387487 191028 15554.7 15526.5 7001.35 2703.11 1383.46 1319.65 1062.01 257.635 64.858 664.114 559.92 60.3644 499.556 104.965 4298.24 175473 935.797 174538 98055.7 46084.7 51971 31.9138 3696.99 2161.6 81.3474 51843.2 50852.5 3014.12
internal_count=1310588 641800 19186 19151 8636 3349 1717 1632 1312 320 81 821 693 75 618 130 5287 622614 2190 620424 355930 170379 185551 71 4547 2659 100 185087 181694 3904
cat_boundaries=0 1 2
cat_threshold=2 9
is_linear=0
shrinkage=0.05


Tree=185
num_leaves=31
num_cat=1
split_feature=7 8 7 8 8 17 18 2 17 1 16 5 0 1 6 18 6 17 1 0 0 17 16 5 16 7 1 1 7 1
split_gain=0.356097 0.607987 0.559914 0.439074 0.430251 0.537634 0.519096 0.540858 0.677822 0.795752 0.495102 0.507537 0.602806 0.729352 0.500514 0.462441 0.41423 0.78022 0.657083 0.405699 0.511611 0.604589 1.16507 0.628113 0.537794 0.632095 0.422213 0.963825 0.513827 0.448601
threshold=7.4238668626505984 4.2555875595453383 7.4710784311910805 5.7021130240234443 3.5972184255501678 0.65933186473910388 1.0625000000000002 0 0.64867302866654353 1181.5000000000002 0.72594608427542362 -0.25881904510252113 58.500000000000007 3011.5000000000005 0.1294095225512602 1.0791666666666668 0.37940952255126048 0.65737091758083455 1294.5000000000002 47.500000000000007 57.500000000000007 0.65306806413895013 0.85943965931063915 1.0000000180025095e-35 0.80800552371908407 7.8619196447433657 590.50000000000011 823.50000000000011 8.3191080320121937 1507.5000000000002
decision_type=2 2 2 2 2 2 2 1 2 2 2 2 2 2 2 2 2 2 2 2 2 2 2 2 2 2 2 2 2 2
left_child=3 4 -3 -1 6 19 7 8 9 -2 11 12 15 14 -14 -7 -8 18 -18 26 -21 22 23 -22 25 -23 -6 -28 29 -29
right_child=1 2 -4 -5 5 10 16 -9 -10 -11 -12 -13 13 -15 -16 -17 17 -19 -20 20 21 24 -24 -25 -26 -27 27 28 -30 -31
leaf_value=9.0213343260781017e-05 0.073625440014351104 -0.027610838276611462 -0.0028197300477156521 0.0054459158638654253 -0.036693916911335438 -0.056706082491760415 -0.053360082115576281 -0.0083069429480930879 0.019164010243786046 0.096406379329141159 0.0049749993334604172 0.015788088122239998 0.068812417732789219 0.076674160996772447 0.0015832919148491165 0.10653980104023622 -0.040309657372116052 -0.022734763905873614 0.11342039337962624 -0.016681965555010871 -0.02825239210135946 0.040923661062958555 0.18866235038127288 0.051642566616062348 -0.051419710433984994 0.099607457755188256 0.10691115132276528 -0.04397313595095094 0.051326148181699519 0.10008021018752244
leaf_weight=331757.57832365483 22.26551479101181 1166.7872052006423 39542.823845736682 10670.422750860453 30.401422917842865 26.985087707638741 141.03901478648186 1261.3116511031985 283.71535026654601 16.835826754570007 1623.0851066745818 82.666651293635368 16.642765544354919 6.5996866673231116 13.08156196773052 8.7954458594322187 20.478944540023804 32.954441830515862 17.975725114345551 112.10556143522263 105.44476842880249 20.234389543533325 16.093846201896667 83.526308715343475 17.231607854366302 19.753462195396423 21.820779204368591 34.769985973834991 23.834322214126587 47.123133778572083
leaf_count=1115044 28 4095 138717 37360 38 101 156 4906 1184 21 7224 266 49 21 43 9 23 36 20 138 133 24 20 107 21 23 28 43 30 58
internal_value=-3.24703e-06 -0.000135781 -0.000194274 1.40988e-05 0.000444044 0.000895358 -0.000136296 0.000174949 0.00196755 0.00820007 0.000477975 0.00318003 0.00624582 0.0107832 0.00744472 0.00163954 -0.00245711 0.000645719 0.00548392 0.00228929 0.00139274 0.00260113 0.00133307 0.000233221 0.00714565 0.0103277 0.0044144 0.00567648 0.0037019 0.00182145
internal_weight=387244 44816.4 40709.6 342428 4106.77 2310.2 1796.58 1584.13 322.817 39.1013 1777.86 154.771 72.1045 36.324 29.7243 35.7805 212.448 71.4091 38.4547 532.34 374.39 262.284 205.065 188.971 57.2195 39.9879 157.95 127.548 105.727 81.8931
internal_count=1309966 157562 142812 1152404 14750 8376 6374 6139 1233 49 7713 489 223 113 92 110 235 79 43 663 466 328 260 240 68 47 197 159 131 101
cat_boundaries=0 1
cat_threshold=16
is_linear=0
shrinkage=0.05


Tree=186
num_leaves=31
num_cat=0
split_feature=9 9 7 0 0 7 1 5 16 1 0 16 4 0 7 0 10 4 5 16 9 0 1 16 9 5 10 6 7 7
split_gain=0.344886 0.565092 0.527357 0.539588 0.501487 0.422056 0.406635 0.945024 1.08231 0.377803 0.392255 0.610095 0.3881 0.369138 0.493686 0.582677 0.529787 0.571261 0.458443 0.353221 0.539752 1.22007 0.528828 0.414495 0.740959 0.376235 0.349162 0.571448 0.832201 0.520933
threshold=2.8029010331479989 0.89587973461402759 8.0214203567995543 121.50000000000001 98.500000000000014 6.8303339860793031 3061.5000000000005 0.91597561503675362 0.78674518472911437 1431.5000000000002 125.50000000000001 0.74921355212946705 1.5000000000000002 107.50000000000001 6.5139714008924194 109.50000000000001 7.6487177596033016 3.5000000000000004 0.91597561503675362 0.6262678782415706 4.8481086751891054 68.500000000000014 1886.5000000000002 0.58123026540307288 5.6577370132897373 -0.5 8.2503539996157595 0.37940952255126048 9.4940897185655437 6.2176031103882972
decision_type=2 2 2 2 2 2 2 2 2 2 2 2 2 2 2 2 2 2 2 2 2 2 2 2 2 2 2 2 2 2
left_child=1 26 3 4 -3 13 9 -8 -9 10 11 -5 -13 18 -15 16 17 -16 -6 20 -2 23 25 24 -22 -23 -1 29 -29 -28
right_child=19 2 -4 6 5 -7 7 8 -10 -11 -12 12 -14 14 15 -17 -18 -19 -20 -21 21 22 -24 -25 -26 -27 27 28 -30 -31
leaf_value=-0.00037579705295867074 0.0016877799890016921 0.0048347330737821721 -0.0028312098863509496 0.063935198565306051 -0.02305750178047683 -0.028876113288712049 0.026066805358865099 0.089058362135660929 0.11698659814738162 -0.0064462625282653901 0.021094995061002389 0.13698828087721091 0.045117473414976676 0.0077683588721800595 -0.095181910255171601 0.0206504877640191 0.077493771160109234 0.13732125107891791 0.059052760806693576 -0.0030015619508458216 0.057769298011452766 -0.0089063382874893914 0.067050996197174098 -0.092450416616521522 -0.010360932187698868 0.083077825648273693 0.036738407084941783 -0.010572823833824119 0.11767954241051629 0.0076734167421994128
leaf_weight=302105.19758626074 208.36751376092434 41248.760617766529 10586.401102654636 12.796687684953211 495.46624388173223 747.50900630652905 157.7142928801477 10.360477458685638 12.649258553981779 222.35515136271715 227.60091450437903 6.1458616890013209 43.971768032759428 356.18886317685246 8.5627257451415115 87.450769048184156 12.070078521966932 10.21646675467491 65.945852477103472 27833.074721056968 6.3659424036741283 5.9872162491083145 9.0681897401809675 24.904219500720501 13.855031512677668 5.9982637614011782 657.58447846025229 750.45856539905071 42.119049560278654 1269.2375726513565
leaf_count=1013405 680 145153 36843 33 1752 2695 525 34 34 754 741 19 167 1239 26 315 31 30 214 97725 26 19 20 71 47 21 1663 2050 137 3497
internal_value=-3.30322e-06 9.8975e-06 0.000158483 0.000235145 0.000212846 -0.00060804 0.00161864 0.0036581 0.013124 0.000899975 0.00208721 0.00558169 0.00309371 4.53588e-05 0.00107203 0.00387057 0.00977871 0.00452562 -0.000822357 -0.000171972 0.00161268 0.0055465 0.0154856 0.000909283 0.00622737 0.00859284 -1.65767e-05 0.000547452 -0.000582661 0.00101231
internal_weight=387244 359137 54312.2 43725.8 43032.2 1783.41 693.594 180.724 23.0097 512.87 290.515 62.9143 50.1176 1035.9 474.489 118.3 30.8493 18.7792 561.412 28107.6 274.546 66.1789 21.0537 45.1252 20.221 11.9855 304825 2719.4 792.578 1926.82
internal_count=1309966 1211357 190605 153762 151455 6302 2307 593 68 1714 960 219 186 3607 1641 402 87 56 1966 98609 884 204 60 144 73 40 1020752 7347 2187 5160
is_linear=0
shrinkage=0.05


Tree=187
num_leaves=31
num_cat=1
split_feature=9 9 16 9 1 5 4 5 1 9 10 5 10 6 1 1 10 2 16 16 5 1 10 3 16 11 10 10 1 1
split_gain=0.308459 0.491269 0.349897 0.539752 0.930882 0.730293 0.321111 0.470368 0.317982 0.791281 0.886015 0.793787 0.288059 0.462056 0.383925 0.363915 0.56452 0.307869 0.418215 0.259417 0.317175 0.398838 0.566037 0.457901 0.390847 0.517756 0.379862 0.322183 0.440606 0.317239
threshold=2.8029010331479989 0.89587973461402759 0.6262678782415706 4.8481086751891054 1886.5000000000002 0.25881904510252091 2.5000000000000004 -0.5 289.50000000000006 2.740319461670996 7.8225641747821397 0.25881904510252091 8.2503539996157595 0.37940952255126048 1780.5000000000002 353.50000000000006 8.3679307178720688 0 0.66451488603447284 0.91167763378283551 0.60355339059327384 444.50000000000006 3.6286626092943273 1.0000000180025095e-35 0.92481023624323644 1.0000000180025095e-35 0.0083147347355221144 7.4073427185764524 420.50000000000006 4473.5000000000009
decision_type=2 2 2 2 2 2 2 2 2 2 2 2 2 2 2 2 2 1 2 2 2 2 2 2 2 2 2 2 2 2
left_child=1 12 3 -2 6 -6 7 -5 9 -3 11 -11 19 17 15 16 -15 18 -14 -1 29 22 23 -22 -25 -26 -23 -24 -29 -21
right_child=2 8 -4 4 5 -7 -8 -9 -10 10 -12 -13 13 14 -16 -17 -18 -19 -20 20 21 26 27 24 25 -27 -28 28 -30 -31
leaf_value=-0.00045705832647575663 0.0016033909895516009 -0.014364628408600222 -0.0028514838533035382 -0.10270154523292017 0.062511559109786632 0.025405947160017119 -0.021699774008293371 0.077761883849882765 0.0032585330378540945 0.1083065143374006 -0.026010293950084321 0.18554342604524363 0.068226498663600713 -0.026209410356879428 0.031965548984602021 -0.021472693118306598 0.15079373102642096 0.022927800504891006 -0.00640352089662799 0.00020974261176629483 -0.016854943485260732 0.028203972029658343 0.054590767365944259 -0.051238729946543639 0.030219461208622178 0.22235150393603262 0.0033713487780006272 -0.00019215077628627065 0.091952814756684959 0.039484440021501005
leaf_weight=296623.00982563943 208.36751376092434 1716.9782191962004 27833.074721056968 11.072662718594076 8.6290311366319674 8.3634980171918851 25.043996766209602 13.069674529135225 52562.488871093839 7.4943927004933384 16.380282677710056 8.8243728317320329 15.536994807422159 35.744289591908455 230.25592598319054 509.8616557084024 16.71574367582798 1515.1349084191024 396.15014788508415 3913.3409289345145 107.10688464343548 71.169711537659168 179.332873724401 10.17035538703203 19.161245636641983 7.7852259054779998 980.26025318354368 68.139803059399128 8.8148662224411947 116.9056123867631
leaf_count=994411 680 6049 97725 34 28 24 80 38 184442 24 63 27 34 98 648 1408 33 4076 1050 13682 301 251 599 37 59 29 3337 242 28 429
internal_value=-4.04262e-06 8.44151e-06 -0.000163555 0.00161268 0.0055465 0.0156356 0.00206101 0.0061757 0.000146982 -0.000516122 0.00718885 0.0154348 -1.62429e-05 0.000496062 -0.000520142 -0.00122433 0.0027411 0.000914066 -0.000303877 -2.08544e-05 0.000319958 0.000953585 0.00229628 -0.000209431 0.00457644 0.00772858 0.000442126 0.00370634 0.00100008 9.16868e-05
internal_weight=387244 359137 28107.6 274.546 66.1789 16.9925 49.1863 24.1423 54312.2 1749.68 32.699 16.3188 304825 2719.4 792.578 562.322 52.46 1926.82 411.687 302105 5482.19 1451.94 400.511 144.224 37.1168 26.9465 1051.43 256.288 76.9547 4030.25
internal_count=1309966 1211357 98609 884 204 52 152 72 190605 6163 114 51 1020752 7347 2187 1539 131 5160 1084 1013405 18994 4883 1295 426 125 88 3588 869 270 14111
cat_boundaries=0 1
cat_threshold=8
is_linear=0
shrinkage=0.05


Tree=188
num_leaves=31
num_cat=1
split_feature=7 9 17 1 0 10 7 2 4 9 6 0 4 10 10 9 7 0 5 4 7 6 7 10 1 17 7 10 10 17
split_gain=0.297133 0.462862 0.466252 0.683694 0.638709 0.40471 0.388941 0.378682 0.367571 0.372785 0.684675 0.367385 0.432651 0.487501 0.554424 0.425689 0.431345 0.45226 0.488438 0.762675 1.5862 0.474212 0.345506 0.339589 0.339128 0.497626 0.448732 0.334384 0.634178 0.301162
threshold=7.4238668626505984 1.0000000180025095e-35 0.64607191580427192 5746.5000000000009 55.500000000000007 8.0863844360616497 6.2662508806395367 0 3.5000000000000004 2.740319461670996 -0.60355339059327384 33.500000000000007 1.5000000000000002 7.9933290451173296 6.7976209634028883 3.4811217321331038 7.3228405759704325 58.500000000000007 0.60355339059327384 2.5000000000000004 6.0198082819228818 0.37940952255126048 5.2067464199591091 7.6900569605238571 420.50000000000006 0.65813547005910744 9.7540009636654226 7.9397739131828367 8.1295222705248644 0.8117955087897063
decision_type=2 2 2 2 2 2 2 1 2 2 2 2 2 2 2 2 2 2 2 2 2 2 2 2 2 2 2 2 2 2
left_child=1 29 3 7 -5 24 -6 11 9 -9 -11 -3 13 14 -13 16 17 21 19 20 -19 22 -14 -23 25 26 -2 -21 -29 -1
right_child=5 2 -4 4 6 -7 -8 8 -10 10 -12 12 15 -15 -16 -17 -18 18 -20 27 -22 23 -24 -25 -26 -27 -28 28 -30 -31
leaf_value=-0.0001062990976182121 -0.051952140731876109 -0.05376265895271555 0.003145306198919751 -0.090230391276651736 0.034713568131811194 0.00061973659962677452 0.072663233335077765 -0.044966438576794658 -0.00026172971189200036 -0.075419917409371248 0.068811891072541251 -0.026276230511359036 0.013810221378665988 -0.017553888277368656 0.081948628006129523 0.055493653543649039 0.15709669718884989 0.096866256543365559 -0.060561091757740382 -0.02553165087434435 -0.04006773371881911 -0.027358715144631063 -0.057653450503059922 0.094473153206533406 -0.0044297887738213859 -0.010811640598484119 0.090950337630557737 0.15051761280666273 -0.0027274281870588893 -0.005735797170386814
leaf_weight=270017.67805965617 430.49481379985809 53.954991519451141 58994.648607272655 18.774462044239044 18.911443531513214 19867.214925728738 17.127904772758484 350.53792691230774 155.50479048490524 17.031227946281433 17.133513748645782 17.245246291160583 22.075644791126251 18.774267852306366 27.749890267848969 26.042354702949524 22.030176162719727 22.893762052059174 46.931690275669098 138.49348735809326 24.503337621688843 42.384293556213379 191.6480969786644 21.21280163526535 23018.459813419729 1479.9685151055455 20.245346248149872 22.080640554428101 18.661279916763306 12103.971176609397
leaf_count=775910 540 66 208773 23 23 62840 21 429 190 21 21 21 27 23 34 32 27 28 57 170 30 52 235 26 87358 6799 25 27 23 166115
internal_value=-6.06417e-06 9.78062e-06 0.000135513 -0.000796855 0.00466936 -0.000127129 0.00856494 -0.00103524 -0.00201955 -0.00288615 0.00209943 -0.000261481 5.78805e-05 0.00397316 0.00679707 -0.000358969 -0.000643162 -0.000917519 0.000524913 0.00148634 0.0071268 -0.00234041 -0.00346828 0.00144988 -0.000261209 -0.000897717 -0.00235226 -5.22517e-06 0.00397653 -1.7096e-05
internal_weight=387244 342428 60306.4 1311.7 54.8138 44816.4 36.0393 1256.89 540.207 384.703 34.1647 716.682 662.727 63.7694 44.9951 598.958 572.915 550.885 273.564 226.633 47.3971 277.321 213.724 63.5971 24949.2 1930.71 450.74 179.235 40.7419 282122
internal_count=1309966 1152404 210379 1606 67 157562 44 1539 661 471 42 878 812 78 55 734 702 675 335 278 58 340 262 78 94722 7364 565 220 50 942025
cat_boundaries=0 1
cat_threshold=7
is_linear=0
shrinkage=0.05


Tree=189
num_leaves=31
num_cat=0
split_feature=7 16 1 9 5 8 10 10 9 16 1 8 7 16 9 1 8 10 4 1 10 10 7 8 9 8 8 7 5 8
split_gain=0.284133 0.633286 0.549279 1.35607 0.69101 0.46167 0.453092 0.36353 0.491894 0.448345 0.893812 0.304113 0.427923 0.303827 0.297652 0.453772 0.608294 0.714968 0.504788 0.689488 0.492415 0.448394 0.445083 0.426494 0.317205 0.465309 0.522118 0.508936 0.468326 0.535237
threshold=8.9250553887386221 0.6262678782415706 1867.5000000000002 4.9732735209982879 0.60355339059327384 8.2423614529731406 3.3011167046184218 8.3125550392534944 5.6149496020273224 0.6262678782415706 362.50000000000006 5.2496487501035594 7.269964817843598 0.69056601514900129 3.8393944990995772 1640.5000000000002 4.6298509007569537 7.9717224783790419 2.5000000000000004 1018.5000000000001 8.1650461647328445 8.0353250454199436 4.0689902272260703 8.806355825888863 0.89587973461402759 6.756350655615905 5.8593596889746626 6.7351858371076387 0.37940952255126054 6.7816248409714861
decision_type=2 2 2 2 2 2 2 2 2 2 2 2 2 2 2 2 2 2 2 2 2 2 2 2 2 2 2 2 2 2
left_child=7 2 5 4 -4 -2 -3 14 9 10 -9 12 -12 -11 24 16 17 22 20 -20 21 -19 -16 -17 25 26 -1 -28 -27 -30
right_child=1 6 3 -5 -6 -7 -8 8 -10 13 11 -13 -14 -15 15 23 -18 18 19 -21 -22 -23 -24 -25 -26 28 27 -29 29 -31
leaf_value=-0.00024061069830763062 -0.0014146993865964852 0.13626560927655146 -0.023307072658783047 0.061187641173080468 0.070195972159297876 0.030756445092233211 -0.0041619024401596148 0.069586299377359315 0.10876979304318489 -0.038108799365823835 0.0055757241374984725 -0.076686317374163648 0.046144733455700943 0.010090367027922388 0.092161150772607364 0.0017297429260892728 -0.019480491174352733 0.061010099378124828 -0.075783657646404295 0.067331130195215791 -0.015538549957546444 0.10845093852771404 -0.0013298112497217131 0.10797046580930703 0.0019530288102290517 0.0064908376050933471 0.0010414716693496473 -0.024023144434179189 0.055869072726354801 0.046011167137004975
leaf_weight=299691.43620992824 96.146133661270142 7.4912236854434004 21.828483499586586 8.4210818782448751 7.7675790488719931 16.740284964442253 13833.161456923932 7.4693084657192221 17.438537411391735 150.92718190699816 14.365359745919706 19.915704272687435 11.858708418905733 3626.3929724209011 12.885310787707565 2492.782368734479 3655.8498226329684 5.9415275640785756 20.016994416713715 14.5971835963428 7.3714806698262683 17.306988727301359 303.47078593447804 8.8111189790070039 59931.739382728934 525.14564271643758 1145.374813593924 1292.7300666458905 23.387545641511679 255.61322921514511
leaf_count=1004163 316 23 69 28 19 45 48197 14 45 301 37 56 31 9417 31 8579 12945 23 56 38 23 51 1102 32 213065 1878 4158 4300 56 868
internal_value=-5.3237e-06 -0.000226535 0.00299502 0.00819316 0.00315597 0.00124442 -0.000261659 2.9685e-06 0.000486419 0.000448279 0.00498871 0.00239108 0.0059286 0.00038384 -2.06797e-06 -0.000336409 -0.000664268 0.00123536 0.00600148 0.0018647 0.0106779 0.0142483 0.000252566 0.000192739 3.95704e-06 -1.68362e-05 -2.00332e-05 -0.000748767 0.00118431 0.00283975
internal_weight=387244 13991.6 150.904 38.0171 29.5961 112.886 13840.7 373253 3848.37 3830.93 53.6091 46.1398 26.2241 3777.32 369404 6539.03 4037.44 381.59 65.2342 34.6142 30.62 23.2485 316.356 2501.59 362865 302934 302130 2438.1 804.146 279.001
internal_count=1309966 48697 477 116 88 361 48220 1261269 9901 9856 138 124 68 9718 1251368 22880 14269 1324 191 94 97 74 1133 8611 1228488 1015423 1012621 8458 2802 924
is_linear=0
shrinkage=0.05


Tree=190
num_leaves=31
num_cat=0
split_feature=8 1 5 16 0 17 17 16 5 17 16 1 10 7 4 1 16 6 0 10 1 10 7 8 1 16 8 0 17 16
split_gain=0.296879 0.27139 0.506663 0.313847 0.491317 0.247506 0.271424 0.37425 0.410639 0.293593 0.716601 0.890552 0.570926 0.998543 0.452722 0.970411 0.767146 0.320069 0.499179 0.330497 0.316752 0.278443 0.382978 0.590459 0.480354 0.407461 0.489753 0.368833 0.350359 0.512055
threshold=8.0173072902757028 412.50000000000006 0.98296291314453421 0.58123026540307288 58.500000000000007 0.72406633601923109 0.79273943809408642 0.88926421891343954 -0.78656609248549292 0.78997110768990131 0.97182285662211954 371.50000000000006 7.0910595020580098 5.0205801788306017 4.5000000000000009 646.50000000000011 0.89781489096933687 0.60355339059327384 34.500000000000007 8.3382844508594918 5746.5000000000009 4.4298085208830411 6.0198082819228818 1.8688348091416842 10898.500000000002 0.89781489096933687 2.8617925509761908 113.50000000000001 0.79607112255342927 0.77084640888616696
decision_type=2 2 2 2 2 2 2 2 2 2 2 2 2 2 2 2 2 2 2 2 2 2 2 2 2 2 2 2 2 2
left_child=5 2 -2 4 -3 -1 7 -7 -9 10 17 -12 -13 -14 -11 16 -16 19 -19 20 -10 22 23 -8 25 -24 -27 28 29 -23
right_child=1 3 -4 -5 -6 6 21 8 9 14 11 12 13 -15 15 -17 -18 18 -20 -21 -22 27 24 -25 -26 26 -28 -29 -30 -31
leaf_value=-0.00082810687835706005 -0.060363324639990307 -0.083020312455884246 0.17685819158180296 -0.0072395320088021412 0.041333310870472588 0.0022053785157441388 -0.0010179387137795538 -0.0077146983649912793 -0.019615768100513509 0.025253754507218451 0.089494782400320272 -0.043459307905671013 0.10124514255336484 -0.012620415481549907 0.08344143486452138 0.035941343165467508 0.045153860249364589 0.11557095563227092 0.0047771176156619528 0.061879648855272286 0.11044074869608936 0.0062089944675145061 0.012963929307420786 -0.010139289408311393 0.11632557417056995 0.23426267599066863 0.026480069153535915 0.013706476435426574 0.0021804705144746086 -0.0033212449037032911
leaf_weight=175300.24146131426 224.99343936890364 6.9544224366545704 8.8515020869672281 2836.7767374031246 9.2818707972764951 47617.38791140914 35976.672803904861 570.58964112401009 491.08146792650223 1062.384862869978 10.768328428268431 22.985634654760361 10.365344524383547 10.20042249560356 16.349707722663883 84.452626183629036 11.747671887278555 16.939211994409561 138.1740431189537 12.548374235630034 12.532261967658995 10897.868973091245 810.95138504728675 6680.175250440836 9.6995486877858621 5.1821838244795826 14.904821760952471 3290.2710858248174 63809.949553798884 37734.027037158608
leaf_count=236694 774 22 25 9966 33 131557 208659 1626 983 3530 21 47 22 21 51 275 42 35 290 25 25 33301 5320 40388 57 21 101 18378 500841 118140
internal_value=-1.00849e-05 -0.000498474 -0.00213603 -0.000364253 0.00656755 -6.16522e-06 3.05406e-05 0.000132057 0.00073201 0.00108518 0.000294378 0.00581812 0.0026347 0.00868692 0.00157354 0.00458896 0.0126381 -0.000152604 0.00183903 -0.000751116 -0.000950829 -1.39296e-06 -0.000109243 -0.000130072 0.000947546 0.000818428 0.00785308 3.91422e-05 2.38732e-05 -7.72256e-05
internal_weight=387705 3086.86 233.845 2853.01 16.2363 384618 209318 50088.5 2471.12 1900.53 725.595 54.3197 43.5514 20.5658 1174.93 112.55 28.0974 671.275 155.113 516.162 503.614 159230 43497.6 42656.8 840.738 831.038 20.087 115732 112442 48631.9
internal_count=1311270 10820 799 10021 55 1300450 1063756 138550 6993 5367 1469 111 90 43 3898 368 93 1358 325 1033 1008 925206 254546 249047 5499 5442 122 670660 652282 151441
is_linear=0
shrinkage=0.05


Tree=191
num_leaves=31
num_cat=0
split_feature=8 10 10 5 16 9 5 17 5 0 9 10 16 17 9 17 6 0 9 17 4 16 16 16 16 17 16 16 6 0
split_gain=0.278528 0.263414 0.392937 0.409725 0.302004 0.262775 0.50148 0.285975 0.246074 0.41173 0.376804 0.243006 0.437935 0.343923 0.816801 0.69019 0.558046 0.408106 0.359393 0.349921 0.242271 1.31989 1.25688 2.28519 1.55594 1.26455 1.07214 2.09819 1.16505 1.96619
threshold=8.0173072902757028 7.7029209498175364 7.9179619986492931 0.98296291314453421 0.74201131889676508 7.9345057026993775 -0.70710678118654735 0.67112732600106184 0.25881904510252091 63.500000000000007 2.9700856263602158 8.3125550392534944 0.76232687082252271 0.65232474344564295 5.1901713283654836 0.64954346602561752 -0.5 71.500000000000014 2.6735537653587351 0.66197798957202592 1.5000000000000002 0.83744152111093351 0.81327991938713906 0.81104456713643081 0.81536292963384094 0.66690025027010624 0.82922542429719359 0.82872382376875298 1.0000000180025095e-35 52.500000000000007
decision_type=2 2 2 2 2 2 2 2 2 2 2 2 2 2 2 2 2 2 2 2 2 2 2 2 2 2 2 2 2 2
left_child=20 5 3 4 8 7 -7 -2 10 -10 -3 -4 -13 14 15 16 -14 -15 -19 -20 21 22 23 -1 -24 26 27 -26 -28 -30
right_child=1 2 11 -5 -6 6 -8 -9 9 -11 -12 12 13 17 -16 -17 -18 18 19 -21 -22 -23 24 -25 25 -27 28 -29 29 -31
leaf_value=-0.0016942661954370886 -0.051960183673419008 0.1038551010057184 -0.016820885485971406 0.16092562105921907 0.011652559237738648 0.080885038653379662 -0.012003321765586118 -0.02361486693947348 0.078989301248141616 0.12188339717373001 -0.04567778465236625 -0.040062234812980706 -0.05775893670288406 -0.0076001670141629951 -0.025536567365237794 0.07219331731927936 0.16657868579315438 -0.025517742927490473 0.14756383987682051 0.050224998864874443 0.00015821085128966408 0.0056940625198093732 -0.01648529642095899 0.053356359954923764 0.035942225946821796 -0.0097447264694460866 0.014950421571067941 -0.021519045615854406 0.16586108461389992 0.016042136787235074
leaf_weight=22995.021192904562 144.74701571464539 9.3576568365097064 1707.8302468881011 7.3048824071884146 257.32345170900226 6.1230664178729084 16.240211214870214 310.36379728466272 6.7000414058566076 7.9826615005731583 15.194275490939615 176.08528469502926 17.283857464790344 235.6385884359479 29.845494210720062 19.873992741107941 15.940909564495085 14.711208920925854 12.624190270900725 75.687138918787241 338027.64952531457 10308.860341697931 3312.1495624706149 300.92397172003984 760.26842480897903 8025.0352003052831 134.3223774433136 681.66635584831238 34.644363701343536 37.910299181938171
leaf_count=81477 188 25 5926 30 1040 24 61 1748 19 22 46 401 22 844 38 25 20 44 17 280 1144059 32292 6017 1127 977 33371 170 866 44 50
internal_value=-1.031e-05 -0.000483363 -0.000285786 0.0014043 0.00111614 -0.00156312 0.00372837 -0.00182313 0.0052024 0.0103228 0.00214024 -0.000508536 0.000359181 0.00123385 0.00411946 0.00783937 0.00343053 0.000527116 0.00315213 0.00435745 -6.51337e-06 -0.000113402 -0.000255258 -3.55388e-05 -0.000649419 -0.000329173 0.000932002 0.000449061 0.00429811 0.00940348
internal_weight=387705 3086.86 2609.38 303.863 296.558 477.474 22.3633 455.111 39.2346 14.6827 24.5519 2305.52 597.691 421.605 82.9443 53.0988 33.2248 338.661 103.023 88.3113 384618 46590.8 36281.9 23295.9 12986 9673.85 1648.81 1441.93 206.877 72.5547
internal_count=1311270 10820 8799 1182 1152 2021 85 1936 112 41 71 7617 1691 1290 105 67 42 1185 341 297 1300450 156391 124099 82604 41495 35478 2107 1843 264 94
is_linear=0
shrinkage=0.05


Tree=192
num_leaves=31
num_cat=0
split_feature=7 8 9 8 6 9 9 8 1 10 18 9 9 1 6 8 8 1 7 9 8 6 7 6 10 8 8 18 8 8
split_gain=0.293004 0.302348 1.07576 0.404807 0.363918 0.32612 0.5371 0.604676 0.352628 0.433734 0.690711 0.473121 1.10276 0.640524 0.844127 0.574768 0.609656 0.534846 0.372918 0.356425 0.40219 0.344639 0.32037 0.479339 0.481341 0.318331 0.372176 0.529852 0.638574 0.309909
threshold=9.1195400016540109 4.0859410030639109 3.6242520361853052 3.9219243190762363 -0.9159756150367534 4.0859410030639109 5.754157426206274 4.5695295849856103 1507.5000000000002 8.2180314916043535 1.0125000000000002 4.7229433450037179 4.7999057951650004 1284.5000000000002 0.25881904510252057 6.6675925204233062 7.9008218325052129 483.50000000000006 9.3458759809388088 5.0968083143154814 7.221470461735473 -0.70710678118654757 9.1834315540998528 -0.70710678118654757 8.2180314916043535 8.1059111524599299 7.1094707993797224 1.0625000000000002 7.2789738888676521 4.791641144189394
decision_type=2 2 2 2 2 2 2 2 2 2 2 2 2 2 2 2 2 2 2 2 2 2 2 2 2 2 2 2 2 2
left_child=-1 2 3 4 -2 -3 8 -8 9 21 19 18 -13 14 15 -14 17 -17 -12 -11 -21 -7 23 -10 -25 26 -20 28 -28 -24
right_child=1 5 -4 -5 -6 6 7 -9 22 10 11 12 13 -15 -16 16 -18 -19 25 20 -22 -23 29 24 -26 -27 27 -29 -30 -31
leaf_value=-5.8031213034848152e-05 0.15702220176525306 -0.0087469960648366204 0.073787296857556361 0.048949077708419345 -0.019669232774069269 -0.023280759640641316 0.2047502086279657 -0.015402627317397367 -0.01802747410529899 -0.0029638832023391793 -0.071535499064404373 0.1392052205781297 0.18309802252612639 0.12524838647808753 -0.028147732867856348 0.24253534892516174 0.13486968997290613 -0.065027867305145093 0.029254867035371879 0.087214198970619314 0.0064648338189932097 0.017812517670858008 0.15748428904051714 0.047506630059647219 0.047090568221642176 -0.046085842154733263 0.22403696008649066 0.023354890031166909 0.068378719381816347 -0.0099032370787222046
leaf_weight=375994.13838787004 6.5905096121132365 6899.0373466424644 12.392297778278587 28.268043786287308 72.60447383671999 369.66496625542641 5.9979155324399462 1540.8717385679483 18.592028688639402 442.20171881094575 18.704834401607513 12.068582177162169 13.566878601908682 16.935208916664124 32.855507776141167 9.7913501858711225 27.954303547739983 41.161024734377861 63.560970306396484 52.336051769554615 103.40131921693683 661.63756127282977 7.1003340408205977 29.2911476790905 7.5873077772557727 36.427170448005199 13.932164281606672 24.073673270642757 21.937760844826698 1120.6270088590682
leaf_count=1270287 27 23948 39 88 291 1464 25 5475 53 1749 23 15 19 24 43 13 38 59 84 193 430 2631 28 111 18 49 22 27 39 3958
internal_value=-1.13198e-05 -0.000257609 0.00224078 0.000632197 -0.00120123 -0.000283443 3.81411e-05 -0.000724671 0.000413282 0.00082438 0.00160682 0.00343193 0.00545966 0.00422865 0.00299538 0.00544131 0.00380679 0.000551436 0.00168008 0.000590478 0.0026475 0.000118112 -0.000268482 0.00344121 0.00674139 0.00246135 0.00367282 0.00649918 0.0103502 -0.000450954
internal_weight=387705 11711.2 119.855 107.463 79.195 11591.3 4692.28 1546.87 3145.41 1962.21 930.909 332.969 154.333 142.264 125.329 92.4736 78.9067 50.9524 178.637 597.939 155.737 1031.3 1183.2 55.4705 36.8785 159.932 123.505 59.9436 35.8699 1127.73
internal_count=1311270 40983 445 406 318 40538 16590 5500 11090 6922 2827 455 211 196 172 129 110 72 244 2372 623 4095 4168 182 129 221 172 88 61 3986
is_linear=0
shrinkage=0.05


Tree=193
num_leaves=31
num_cat=1
split_feature=17 8 8 10 16 1 16 5 1 2 17 10 17 16 17 11 18 10 10 16 11 18 10 0 16 1 1 17 16 1
split_gain=0.268601 0.375057 0.380643 0.415826 0.458696 0.670569 0.490525 0.370723 0.302749 0.293917 0.30155 0.268965 0.263178 0.374293 0.338811 0.400659 0.36593 0.510397 0.468877 0.261444 0.25515 0.774099 0.518174 0.404008 1.31386 0.839081 1.05403 0.8414 0.707923 0.677832
threshold=0.72406633601923109 8.2423614529731406 8.4272681008362351 7.8225641747821397 0.81588595208918047 2607.5000000000005 0.71230193001861186 -0.70710678118654735 917.50000000000011 0 0.65980955961161136 8.1650461647328445 0.79273943809408642 0.88926421891343954 0.74075138247375838 1.0000000180025095e-35 0.97916666666666674 7.3777448829540324 7.7709141262221211 0.79060468980597221 1.0000000180025095e-35 1.0208333333333335 6.2098202892798655 99.500000000000014 0.87606775566422657 1797.5000000000002 2024.5000000000002 0.65047227725875179 0.78306500589658634 576.50000000000011
decision_type=2 2 2 2 2 2 2 2 2 1 2 2 2 2 2 2 2 2 2 2 2 2 2 2 2 2 2 2 2 2
left_child=1 20 -3 -4 6 7 11 8 -6 10 -8 -5 13 -2 15 -15 17 -16 -19 -12 -1 22 -22 -23 25 -25 27 -27 -28 -26
right_child=12 2 3 4 5 -7 9 -9 -10 -11 19 -13 -14 14 16 -17 -18 18 -20 -21 21 23 -24 24 29 26 28 -29 -30 -31
leaf_value=-0.0011232783187962614 0.0020890620447888476 -0.043863168146538373 -0.042771269861660022 0.057682286547921492 0.05284441804002285 0.16624929300823732 -0.027500390570083379 -0.002815689042222225 0.037886316550071755 -0.025373772338296255 0.0450537405030094 0.032345051546798988 -7.4804545672257919e-05 -0.02481711800747646 -0.050467217352361843 0.069875810876723635 0.016360897946176369 0.099273760622895502 -0.028228667456691461 -0.03627984813049661 -0.010177308880393388 0.0073978182880965141 0.015117529317065248 -0.00017451828892154353 0.089143156081007341 0.030752974307499237 -0.040765310092174413 0.11736978843886492 0.072105202659249065 0.097070261593027854
leaf_weight=155713.98112918437 47953.318054966629 334.15516084432602 136.60861706733704 16.34570175409317 16.633973360061646 21.57014012336731 70.29502135515213 92.303711712360382 17.633484959602356 188.82143211364746 24.418950021266937 27.156087219715118 160568.56714915857 242.19663441181183 65.110777914524078 27.091335296630859 2125.1992757469416 11.230628639459612 20.743626356124878 17.339303612709045 6148.3025915026665 11584.675714313984 1240.2112991213799 665.03878351300955 18.875507354736328 25.419190943241119 128.73374819755554 25.272389352321625 146.32600653171539 31.734160840511322
leaf_count=210215 132496 455 188 21 24 30 89 128 24 255 36 35 933141 456 135 51 6344 24 42 27 9971 13828 2013 794 23 32 155 28 173 37
internal_value=-1.13135e-05 -5.67934e-05 -0.0010407 -0.000316338 0.000360656 0.00268714 -0.000640133 0.00129843 0.00573958 -0.00135767 0.000703257 0.00432263 2.67691e-05 0.000126392 0.000723895 -0.00095106 0.00092686 -0.00207502 0.00309836 0.00413136 -5.13999e-05 0.00011665 -0.000289841 0.000354519 0.00129785 0.000896464 0.0029755 0.0096007 0.00175452 0.00915581
internal_weight=387705 176692 963.282 629.126 492.518 148.141 344.376 126.571 34.2675 300.875 112.053 43.5018 211013 50444.9 2491.57 269.288 2222.28 97.085 31.9743 41.7583 175729 20014.6 7388.51 12626.1 1041.4 990.79 325.751 50.6916 275.06 50.6097
internal_count=1311270 238581 1312 857 669 206 463 176 48 407 152 56 1072689 139548 7052 507 6545 201 66 63 237269 27054 11984 15070 1242 1182 388 60 328 60
cat_boundaries=0 1
cat_threshold=20
is_linear=0
shrinkage=0.05


Tree=194
num_leaves=31
num_cat=0
split_feature=8 10 10 5 1 16 5 1 16 9 5 17 17 17 10 16 17 1 16 16 16 1 1 1 8 16 16 10 16 10
split_gain=0.297941 0.232939 0.346859 0.418968 0.35289 0.407616 0.381491 0.282774 0.276919 0.258114 0.50148 0.301594 0.230494 0.243336 0.324914 0.280883 0.2626 0.251987 0.23972 1.07455 0.876191 0.269269 0.258889 0.35291 0.711133 0.249078 0.51821 0.589692 0.403567 0.392079
threshold=8.0173072902757028 7.7029209498175364 7.9179619986492931 0.98296291314453421 412.50000000000006 0.58123026540307288 0.98296291314453421 942.50000000000011 0.70870188235304732 7.9345057026993775 -0.70710678118654735 0.67112732600106184 0.72406633601923109 0.8117955087897063 7.0910595020580098 0.77844195728709664 0.8124046165950346 1481.5000000000002 0.82340483352627902 0.82365261305926685 0.82137319586356661 718.50000000000011 1431.5000000000002 1419.5000000000002 1.8688348091416842 0.82626392889630418 0.82416620690332965 0.0089048174978050443 0.83150458966048368 3.9905963018512036
decision_type=2 2 2 2 2 2 2 2 2 2 2 2 2 2 2 2 2 2 2 2 2 2 2 2 2 2 2 2 2 2
left_child=12 9 3 8 6 7 -4 -6 -3 11 -11 -2 -1 18 15 17 -17 -15 20 21 -14 -20 23 -22 -25 26 27 -21 29 -27
right_child=1 2 4 -5 5 -7 -8 -9 -10 10 -12 -13 13 14 -16 16 -18 -19 19 25 22 -23 -24 24 -26 28 -28 -29 -30 -31
leaf_value=-0.00077874035073548513 -0.049303109013156501 0.065771313834974393 -0.069485216266145677 0.15412727761579822 0.043464885990606564 -0.0067682245603802212 0.18634140262962254 0.034749309062984103 0.014729119395563562 0.077667082002520357 -0.010737477413676411 -0.022427481804564442 0.0014899962395380053 -0.0174273647115494 0.0030433769984041792 -0.010180712964921734 0.0072980287044331019 -0.002875821695843861 -0.020839305980014367 0.12982968694874736 0.024024731420858859 -0.02035582090425685 0.011080976187885394 -0.03207009681344173 0.16214091753550383 0.01809144393119011 -0.010807826890206386 0.0086811126762343926 -0.00032901436003847097 0.0030874517015656803
leaf_weight=175300.24146131426 144.74701571464539 19.704925730824471 157.49555551633239 7.3048824071884146 5.5330954119563085 2128.4589283764362 6.061873670667409 7.9714591354131699 276.85316121205688 6.1230664178729084 16.240211214870214 310.36379728466272 113710.95859917626 4943.7269502915442 6040.9677107259631 938.74488202482462 2185.4444749727845 2984.1461975462735 424.07685688138008 48.498638324439526 1714.9961861595511 678.18821384012699 1267.2036759704351 5.9179956689476949 4.9793833643198013 1630.1510388478637 4266.3172238618135 715.23743868619204 62659.78958491236 5098.865102827549
leaf_count=236694 188 55 526 30 20 7030 17 24 1097 24 61 1748 495314 75463 83359 9547 21368 45356 1107 188 6903 1992 5242 24 19 6944 18002 2736 268835 21357
internal_value=-1.13471e-05 -0.000500608 -0.000314811 0.00127309 -0.000524093 -0.000353157 -0.00276269 0.00830613 0.000981699 -0.00151598 0.00372837 -0.00177368 -7.42041e-06 2.80016e-05 -0.000152785 -0.000313952 8.75807e-05 -0.000472186 4.40774e-05 -2.53332e-05 8.89942e-05 -0.00157503 0.000933431 0.00133189 0.0103013 -2.37961e-06 -0.000342126 0.000857351 2.22489e-05 0.00039021
internal_weight=387705 3086.86 2609.38 303.863 2305.52 2141.96 163.557 13.5046 296.558 477.474 22.3633 455.111 384618 209318 17093 11052.1 3124.19 7927.87 192225 75521.1 116704 1102.27 2993.1 1725.89 10.8974 74418.9 5030.05 763.736 69388.8 6729.02
internal_count=1311270 10820 8799 1182 7617 7074 543 44 1152 2021 85 1936 1300450 1063756 235093 151734 30915 120819 828663 321161 507502 3099 12188 6946 43 318062 20926 2924 297136 28301
is_linear=0
shrinkage=0.05


Tree=195
num_leaves=31
num_cat=0
split_feature=17 5 0 16 3 17 17 5 8 9 0 0 16 4 0 18 0 16 8 0 11 6 8 0 16 0 0 16 16 16
split_gain=0.338837 0.307626 0.599645 0.762986 0.716879 0.414124 0.717792 0.468993 0.635993 0.494412 0.572087 0.564845 0.827397 0.559723 0.512879 0.499831 0.923493 0.633147 0.47298 0.463312 0.428327 0.418454 0.467128 0.533795 0.667384 0.420369 0.447589 0.444354 0.407382 0.372153
threshold=0.72406633601923109 -0.37940952255126059 17.500000000000004 0.79511889808813974 1.0000000180025095e-35 0.65047227725875179 0.64927633572046617 -0.70710678118654735 7.9611958338014412 2.3502401828962087 51.500000000000007 33.500000000000007 0.87383864857670368 2.5000000000000004 43.500000000000007 1.0375000000000003 45.500000000000007 0.78032535351180055 1.8688348091416842 30.500000000000004 1.0000000180025095e-35 0.37940952255126048 0.89587973461402759 47.500000000000007 0.77205513822544292 51.500000000000007 62.500000000000007 0.79173584366809513 0.76875055652117463 0.8224798576058957
decision_type=2 2 2 2 2 2 2 2 2 2 2 2 2 2 2 2 2 2 2 2 2 2 2 2 2 2 2 2 2 2
left_child=1 2 3 4 -1 6 -4 21 9 10 11 19 13 -13 -14 16 18 -18 -15 28 29 -8 23 -23 -25 -26 -27 -28 -9 -12
right_child=-2 -3 5 -5 -6 -7 7 8 -10 -11 20 12 14 15 -16 -17 17 -19 -20 -21 -22 22 -24 24 25 26 27 -29 -30 -31
leaf_value=0.11445468149962067 0.00055422691874027483 -0.0020148669176776046 0.00062835912901721975 0.0062961583053466443 0.059973369375891462 -0.0014549035283484835 0.0097052025269473777 0.14094683297704158 0.071446919031017728 -0.027843079730200039 0.0080013558122711721 0.0037726281527788786 0.022492141397585333 0.13350647011508276 0.1284344027602701 0.055707983747359441 0.087729626538215283 -0.032881969658329326 0.087837402882130031 -0.048563492383530665 -0.049902751013762937 -0.025893784460106307 -0.024183714444280802 -0.044370452206025562 0.15139411669444877 -0.035009815304398242 0.12641801641983094 0.026333631598717756 -0.041592021026691878 0.023094345566801545
leaf_weight=15.327301025390623 211002.71779558063 98686.740681380033 18438.945170760155 91.180308222770691 43.133902847766876 53891.759309649467 2641.7733091711998 20.474749326705933 19.506616234779358 131.19130003452301 499.96556729078293 162.13820278644562 21.102209389209747 24.584435820579529 15.284659147262571 151.46997690200806 15.92259895801544 18.090389966964722 23.863383829593658 55.196099281311035 88.679840743541718 120.31848520040512 713.4577944278717 87.282553613185883 29.190108358860016 61.200735092163086 21.12432873249054 87.954649329185486 44.162009358406067 212.11822152137756
leaf_count=19 1072273 133419 22993 125 57 74667 3453 27 26 173 659 215 27 34 20 193 22 25 33 73 117 161 947 116 39 81 28 117 59 277
internal_value=-1.77334e-05 -6.88686e-05 5.51564e-06 0.0031676 0.0076264 -5.82273e-07 0.00017358 0.000688423 0.00143478 0.0013169 0.00160106 0.00283904 0.00368076 0.00301787 0.0108963 0.00458271 0.00771511 0.00140004 0.0121486 -0.000198591 0.000747223 0.000390111 -0.00041955 0.000931979 0.00210481 0.00370043 0.00275008 0.00467023 0.00267439 0.00115531
internal_weight=387436 176433 77746.4 149.642 58.4612 77596.8 23705 5266.05 1503.75 1484.24 1353.05 552.289 432.456 396.069 36.3869 233.931 82.4608 34.013 48.4478 119.833 800.764 3762.3 1120.53 407.071 286.752 199.47 170.28 109.079 64.6368 712.084
internal_count=1310475 238202 104783 201 76 104582 29915 6922 1980 1954 1781 728 569 522 47 307 114 47 67 159 1053 4942 1489 542 381 265 226 145 86 936
is_linear=0
shrinkage=0.05


Tree=196
num_leaves=31
num_cat=1
split_feature=7 6 16 2 0 1 16 16 16 1 17 16 16 4 0 17 10 1 1 16 5 17 7 5 17 0 6 17 16 7
split_gain=0.313132 0.565441 0.416718 0.536712 0.498813 0.543087 0.749436 0.830536 0.474461 0.407259 0.439248 0.547575 0.620953 0.407319 0.357044 0.331511 0.376583 0.689486 0.29042 0.745406 0.463833 0.389777 0.341843 0.2992 0.286017 0.296202 0.279859 0.529735 0.299303 0.309983
threshold=1.0000000180025095e-35 0.37940952255126048 0.77205513822544292 0 30.500000000000004 1533.5000000000002 0.81810455653768555 0.8031598128688493 0.81354795087357534 5498.5000000000009 0.73245799793552135 0.8224798576058957 0.76386542164760074 3.5000000000000004 137.50000000000003 0.72406633601923109 1.0000000180025095e-35 618.50000000000011 157.50000000000003 0.85153679219563605 0.78656609248549325 0.66690025027010624 6.2334293711344477 0.12940952255126045 0.64853776465145774 31.500000000000004 -0.37940952255126015 0.6544711875884256 0.86588849856005423 2.524928003624769
decision_type=2 2 2 1 2 2 2 2 2 2 2 2 2 2 2 2 2 2 2 2 2 2 2 2 2 2 2 2 2 2
left_child=1 9 -3 4 8 6 7 -6 -4 -1 11 12 -11 -14 24 18 17 -17 19 22 21 26 -2 -23 -5 -26 28 -28 -21 -30
right_child=15 2 3 14 5 -7 -8 -9 -10 10 -12 -13 13 -15 -16 16 -18 -19 -20 20 -22 23 -24 -25 25 -27 27 -29 29 -31
leaf_value=-0.01046938303032894 -0.016016167141378723 -0.020791298729677887 0.16372845516623666 -0.018484925743271586 0.14578913600675641 0.02651534414642609 0.01407727813118902 0.20842810790018548 0.030605722465605202 0.11279488335358751 -0.0037644921101906096 0.22976388574543205 -0.066386534058124932 0.019141471092210871 0.029935502561699634 0.26704584580644347 0.00068243909279381849 0.0092976541444387724 -0.00089051611091675034 0.030964516243265419 -0.02672130989061099 -0.068176841861942089 -0.04998364371416493 0.028772061602041533 -0.016544103087396927 0.010592111247095316 0.016076127167931189 0.097231296912384843 0.06554121284308026 -0.019082190268409807
leaf_weight=4852.9345447197556 1120.1802899241447 413.46498323231936 7.383150368928912 62.299850344657898 8.3871385082602519 190.5181929692626 21.284868367016315 8.0042154267430288 12.639678232371805 24.424212038516998 128.27823808416724 15.298014044761656 26.689314544200897 24.231906533241272 9.4260495007038099 3.5479154810309401 206973.58756003156 9.9011026397347432 172243.55859807134 16.975433707237244 50.958219707012177 20.384874105453495 143.80631935596466 11.552220225334166 84.615645699203014 854.21662932634354 27.452625036239624 18.080247938632965 20.829513907432556 30.945141911506653
leaf_count=17928 1487 2271 23 77 25 630 65 23 34 31 671 21 34 32 23 18 1050779 60 232543 21 70 35 196 20 291 2941 34 25 28 39
internal_value=-1.74766e-05 -0.000355198 0.000442127 0.00089449 0.00292885 0.0023829 0.00786803 0.0159039 0.0106137 -0.000618084 0.00149142 0.00415575 0.00240465 -0.000738986 0.000362236 -1.14938e-05 3.12494e-05 0.0083977 -6.24266e-05 -0.000764365 0.00209493 0.00352654 -0.00121041 -0.00135681 0.000274626 0.000492332 0.00489122 0.00793157 0.00287761 0.000988573
internal_weight=387436 6744.1 1672.24 1258.78 248.217 228.194 37.6762 16.3914 20.0228 5071.86 218.922 90.6434 75.3454 50.9212 1010.56 380692 206987 13.449 173705 1461.16 197.178 146.22 1263.99 31.9371 1001.13 938.832 114.283 45.5329 68.7501 51.7747
internal_count=1310475 25120 6403 4132 800 743 113 48 57 18717 789 118 97 66 3332 1285355 1050857 78 234498 1955 272 202 1683 55 3309 3232 147 59 88 67
cat_boundaries=0 1
cat_threshold=1
is_linear=0
shrinkage=0.05


Tree=197
num_leaves=31
num_cat=0
split_feature=12 17 1 16 5 17 5 5 0 16 16 16 16 16 4 8 1 16 18 1 16 17 4 8 0 0 8 16 5 5
split_gain=0.337207 0.307015 0.309882 0.677858 0.429856 0.357471 0.2992 0.267193 0.51645 0.684807 0.51594 0.460492 0.82257 0.826803 0.567774 0.707009 0.710371 0.538999 0.484088 0.427702 0.481495 0.422839 0.400002 0.468993 0.423927 0.499064 0.418518 0.390063 0.494078 0.386843
threshold=1.0000000180025095e-35 0.72406633601923109 157.50000000000003 0.85153679219563605 0.78656609248549325 0.66690025027010624 0.12940952255126045 -0.37940952255126059 17.500000000000004 0.78950820384860276 0.76804571209237682 0.84649134540172921 0.81354795087357534 0.81327991938713906 1.5000000000000002 2.6735537653587351 1573.5000000000002 0.8470278619941235 1.0625000000000002 518.50000000000011 0.84797720773251295 0.66164817016019506 2.5000000000000004 0.89587973461402759 67.500000000000014 37.500000000000007 2.1383330595080281 0.91681818959512318 -0.78656609248549292 -0.70710678118654735
decision_type=2 2 2 2 2 2 2 2 2 2 2 2 2 2 2 2 2 2 2 2 2 2 2 2 2 2 2 2 2 2
left_child=1 2 3 -1 5 -5 -7 8 9 10 -4 12 13 -10 -15 16 18 -13 -16 20 -19 22 23 27 25 26 -25 -22 -29 -24
right_child=-2 -3 7 4 -6 6 -8 -9 11 -11 -12 17 -14 14 15 -17 -18 19 -20 -21 21 -23 29 24 -26 -27 -28 28 -30 -31
leaf_value=-0.024551352012130236 -0.0060477327498819292 0.00065703797304161871 0.047963341459202981 0.041228949518378903 -0.025385244396080434 -0.06476799976884498 0.027333458521939448 -0.0016823866775164344 -0.00013079651660925508 0.0061862250573285317 0.10877647323018547 -0.028364674896122044 0.0065927094809048459 -0.020379760853564889 0.024332413474059168 -0.04153410830040534 -0.0061936656875801084 0.048178599276003056 0.1163551790671264 -0.00084588758383317151 -0.024466216085549643 -0.024644459422485856 -0.037167412123067248 0.036443020786391188 -0.019252497260896374 0.049210593924011503 -0.04475379307718539 -0.042269468074125176 0.074442873017409511 0.0044885068383472065
leaf_weight=1263.9866092801094 6744.0966319404542 206987.03657815233 33.165667355060577 114.28296250104904 50.958219707012177 20.384874105453495 11.552220225334166 96206.576388925314 46153.788017988205 95.177568435668945 19.153871595859528 647.70375716686249 15412.448764681816 784.13087683916092 28.873504102230072 57.060130834579468 22.123257100582123 38.467617511749268 15.768923938274382 10597.845468580723 264.2706378698349 889.18906718492508 382.28298944234848 24.497939109802246 79.037704348564148 208.24457705020905 41.712607443332672 26.310261309146881 29.753511846065521 185.97548741102219
leaf_count=1683 25120 1050857 42 147 70 35 20 130072 61619 130 26 837 21122 998 41 75 30 52 17 14542 336 1374 484 31 98 259 52 33 37 236
internal_value=-1.71718e-05 -1.09632e-05 -5.99782e-05 -0.000785055 0.00194161 0.00331979 -0.00135681 -5.38273e-05 1.62215e-05 0.00297199 0.00756712 1.04768e-05 6.7551e-05 -3.62754e-05 -0.00153047 0.00161592 0.00510867 -0.000255314 0.00873934 -0.000183931 -0.000823505 -0.000923572 -0.000327691 0.000496303 0.00175202 0.00268121 -0.00110004 -0.000889391 0.00289869 -0.00130476
internal_weight=387436 380692 173705 1461.16 197.178 146.22 31.9371 172244 76037 147.497 52.3195 75889.5 62474.2 47061.7 907.957 123.826 66.7657 13415.3 44.6424 12767.6 2169.74 2131.27 1242.09 673.827 353.493 274.455 66.2105 320.334 56.0638 568.258
internal_count=1310475 1285355 234498 1955 272 202 55 232543 102471 198 68 102273 83902 62780 1161 163 88 18371 58 17534 2992 2940 1566 846 440 342 83 406 70 720
is_linear=0
shrinkage=0.05


Tree=198
num_leaves=31
num_cat=1
split_feature=7 6 1 17 1 7 0 4 0 2 0 1 1 17 0 5 17 17 1 5 0 4 1 17 0 17 7 7 17 1
split_gain=0.299601 0.437349 0.34926 0.429149 0.279409 0.361537 0.374968 0.26281 0.258303 0.251803 0.554563 0.487949 0.373905 0.511754 0.331831 0.278551 0.259536 0.380173 0.384792 0.525962 0.466217 0.351572 0.495902 0.250416 0.304257 0.354778 0.277175 0.353151 0.465919 0.3243
threshold=1.0000000180025095e-35 0.37940952255126048 5498.5000000000009 0.65721354409355948 157.50000000000003 7.9503261612304357 62.500000000000007 2.5000000000000004 28.500000000000004 0 30.500000000000004 2135.5000000000005 1533.5000000000002 0.66847687381717125 31.500000000000004 -0.78656609248549292 0.64853776465145774 0.6544711875884256 741.50000000000011 -0.37940952255126059 52.500000000000007 3.5000000000000004 1274.5000000000002 0.78997110768990131 119.50000000000001 0.79312576120472666 4.2555875595453383 4.2835627800822236 0.79319119888790413 562.50000000000011
decision_type=2 2 2 2 2 2 2 2 2 1 2 2 2 2 2 2 2 2 2 2 2 2 2 2 2 2 2 2 2 2
left_child=1 2 -1 -4 5 6 8 -5 -2 10 11 -3 13 -12 -11 -16 -17 18 20 -20 -18 22 -21 -6 25 -25 29 28 -28 -27
right_child=4 9 3 7 23 -7 -8 -9 -10 14 12 -13 -14 -15 15 16 17 -19 19 21 -22 -23 -24 24 -26 26 27 -29 -30 -31
leaf_value=-0.0096435272413184069 -0.057277740811970415 0.037681871028075922 0.029823708500413649 -0.044862592238808424 -0.00073682455389212365 -0.061592560695263358 -0.021822423711086558 0.027085474499833895 0.0035507575010036876 -0.016470875684962302 0.13556221709439389 0.1558444190454189 0.001191940643995837 0.017872319712029495 -0.021489910482776087 -0.017258292818613907 0.070701588797475887 0.004464128728244132 0.062380466017719322 0.11665639079880577 -0.044676655177766811 -0.049758416379695573 -0.015671118768439209 0.0032784020921110546 0.010584912693389415 -0.0061423937692943742 0.12477721208010567 0.0010593037805437966 0.019576115252243634 -0.00054212224016205737
leaf_weight=4852.9345447197556 67.809060126543045 21.298090554773811 44.185866415500641 46.658446121960878 191913.00890686363 130.50919116660953 1178.8677729815245 128.07737270742655 1835.3959905952215 114.47073168680072 18.919953346252441 5.6556312628090373 251.31534291058779 27.757117968052626 199.60499562695622 64.773959755897522 19.241381347179413 842.94851610809565 23.1136873960495 23.469270169734955 24.36005312204361 17.860951244831085 17.450719475746155 34881.10651602596 4285.227473910898 15118.38638176024 10.348070219159125 76160.162979926914 758.1548522375524 54352.782866228372
leaf_count=17928 236 77 55 200 272574 457 3700 534 6023 457 24 22 975 149 758 80 25 3699 30 30 31 23 23 112782 22020 86575 28 459831 4571 316558
internal_value=-1.58393e-05 -0.000346184 -0.000577384 0.00137614 -9.98715e-06 -0.000474313 -0.000365164 0.000262923 6.88814e-05 0.00035504 0.00158105 0.00849775 0.00100848 0.00511814 4.72606e-05 0.000286719 0.00061706 0.000822004 0.00338949 0.00540968 -0.000404926 0.00289701 0.00545173 -6.03544e-06 3.53795e-05 2.5536e-05 -8.60667e-06 5.67718e-05 0.00112324 -8.10033e-05
internal_weight=387436 6744.1 5071.86 218.922 380692 3212.58 3082.07 174.736 1903.21 1672.24 324.946 26.9537 297.992 46.6771 1347.29 1232.82 1033.22 968.445 125.496 81.8946 43.6014 58.7809 40.92 377479 185566 181281 146400 76928.7 768.503 69471.2
internal_count=1310475 25120 18717 789 1285355 10416 9959 734 6259 6403 1247 99 1148 173 5156 4699 3941 3861 162 106 56 76 53 1274939 1002365 980345 867563 464430 4599 403133
cat_boundaries=0 1
cat_threshold=1
is_linear=0
shrinkage=0.05


Tree=199
num_leaves=31
num_cat=0
split_feature=7 6 1 17 6 16 17 16 1 1 1 7 0 16 4 17 6 0 10 17 10 0 7 7 6 17 1 7 6 6
split_gain=0.296402 0.360795 0.331245 0.435586 0.451787 0.331051 0.327776 0.341333 0.540715 0.305286 0.28447 0.36034 0.37022 0.336569 0.345108 0.44939 0.479007 0.556439 0.29761 0.304538 0.26581 0.79043 0.685345 0.60744 0.686365 0.552412 1.34764 0.747794 0.354511 0.501873
threshold=1.0000000180025095e-35 0.37940952255126048 5498.5000000000009 0.66268314391858796 -0.60355339059327384 0.77205513822544292 0.64853776465145774 0.77544768026853006 2205.5000000000005 4752.5000000000009 157.50000000000003 7.9503261612304357 62.500000000000007 0.76386542164760074 1.5000000000000002 0.66383823997485858 -0.70710678118654757 49.500000000000007 7.6762034755851571 0.64725493382190846 0.003017335621888714 83.500000000000014 4.135134555718313 4.3372693810700085 0.37940952255126048 0.65130300798649621 893.50000000000011 1.0397207708399181 -0.37940952255126015 0.60355339059327384
decision_type=2 2 2 2 2 2 2 2 2 2 2 2 2 2 2 2 2 2 2 2 2 2 2 2 2 2 2 2 2 2
left_child=1 2 -1 4 -4 -3 -7 8 -8 -9 11 12 13 -2 15 16 -15 -18 19 -16 21 22 -12 24 -24 26 27 -23 -25 -30
right_child=10 5 3 -5 -6 6 7 9 -10 -11 20 -13 -14 14 18 -17 17 -19 -20 -21 -22 25 23 28 -26 -27 -28 -29 29 -31
leaf_value=-0.0091613508792524941 -0.027192795300257668 -0.021651497971173918 0.045843039673822396 -0.0038118773954943122 0.01699559875007375 -0.015285756305817322 0.00084816119219466302 0.011969688735112683 0.084905910246270103 -0.019104089511307976 -0.00020114816225422772 -0.0585129326605002 -0.020731302525532236 -0.00037034303725003159 -0.015506727527557064 0.022873302085835479 0.12810649832094609 0.029008066409038039 0.023197220545707609 -0.00045444064838768839 -0.00018659200244472985 0.1054329553866456 0.094702670674983794 -0.019268837095950533 0.25185788143658377 0.024765178570322011 -0.021840092008339029 0.043863756152466848 0.085666885944246485 -0.010803743182860572
leaf_weight=4852.9345447197556 524.43874191492796 413.46498323231936 31.873796284198761 151.24296536669135 35.804923593997955 79.317237973213196 16.664079561829571 1078.3670466840267 9.7333568409085256 74.693697683513165 2476.1672096326947 130.50919116660953 1178.8677729815245 33.381150782108307 47.960262954235077 217.8224290125072 29.58600914478302 31.711177885532379 120.59735253453255 897.70792649313807 374532.04152725264 17.454561412334442 19.690134305506948 46.383345298469067 7.9343808107078067 296.63583854585886 21.574910700321198 20.750476598739624 21.66079406440258 18.884868551045656
leaf_count=17928 1312 2271 38 708 43 98 55 3720 26 233 8117 457 3700 41 59 980 36 41 451 3339 1265241 22 70 179 26 1057 27 26 100 74
internal_value=-1.58921e-05 -0.000344468 -0.000554461 0.00134801 0.00468208 0.000292434 0.000695628 0.000904859 0.0065265 0.000776161 -1.00712e-05 -0.000478583 -0.000369615 6.16734e-05 0.000471751 0.00193295 0.0048089 0.0074334 4.35036e-05 -0.000254801 -6.08392e-06 0.000466908 0.00016319 0.00394413 0.0104029 0.00267457 0.00705945 0.0127009 0.00189164 0.0053068
internal_weight=387436 6744.1 5071.86 218.922 67.6787 1672.24 1258.78 1179.46 26.3974 1153.06 380692 3212.58 3082.07 1903.21 1378.77 312.501 94.6783 61.2972 1066.27 945.668 377479 2947.14 2590.72 114.554 27.6245 356.416 59.7799 38.205 86.929 40.5457
internal_count=1310475 25120 18717 789 81 6403 4132 4034 81 3953 1285355 10416 9959 6259 4947 1098 118 77 3849 3398 1274939 9698 8566 449 96 1132 75 48 353 174
is_linear=0
shrinkage=0.05


Tree=200
num_leaves=31
num_cat=2
split_feature=10 7 8 7 7 18 4 16 16 16 16 9 18 8 2 7 18 1 8 9 8 16 7 9 1 6 2 6 8 16
split_gain=0.294955 0.390328 0.60137 0.50415 0.444023 0.752499 0.35498 0.471681 0.511675 0.351924 0.342083 0.352842 0.576108 0.535396 0.341755 0.516444 0.497243 0.519679 0.470163 0.429988 0.576189 1.18311 0.572669 0.352399 0.545426 0.589653 0.337988 0.332439 0.286971 0.306584
threshold=8.4036835615819729 10.481293953298048 7.7896613911804815 10.113667430069365 10.113667430069365 1.0458333333333336 2.5000000000000004 0.76729534643992026 0.82537325419067853 0.69056601514900129 0.72811069527815941 4.5485858369352732 1.0125000000000002 6.729226341787089 0 6.7725079657475691 0.99583333333333346 1468.5000000000002 3.5972184255501678 1.8688348091416842 5.9309171654189532 0.77728047855132176 8.200700027694209 1.4978661367769956 555.50000000000011 -0.37940952255126015 1 0.37940952255126048 4.2121001622835372 0.76232687082252271
decision_type=2 2 2 2 2 2 2 2 2 2 2 2 2 2 1 2 2 2 2 2 2 2 2 2 2 2 1 2 2 2
left_child=-1 2 3 10 6 -6 -4 -8 -9 -3 26 14 -13 -14 15 16 -12 -18 -17 20 23 -22 -23 28 -25 -26 27 -2 29 -16
right_child=1 9 4 -5 5 -7 7 8 -10 -11 11 12 13 -15 19 18 17 -19 -20 -21 21 22 -24 24 25 -27 -28 -29 -30 -31
leaf_value=-0.00027082177848063437 0.070978111536499175 0.050217768343730464 -0.038671537221850551 -0.014751349141166603 0.087103671944268157 0.095213176448895265 -0.0011873669295455081 0.16149423025520682 0.057395135453261609 -0.014132788697143206 -0.00033471077446849411 0.05089837539923972 0.1801258431887881 0.087845949291691039 -0.020758702563210909 -0.095000554054197564 0.17024508541751071 0.060204941786289191 0.027758338712110666 -0.0079492445200393998 0.1072772979914931 0.14480052361033913 -0.018298972054849295 -0.037727731676047552 0.14499741294439758 0.1489346597762353 -0.059907989881146852 -0.033649965131055386 -0.01195260072966633 0.022733713515200728
leaf_weight=384825.12554954737 56.078068375587463 18.420701488852501 41.179028861224651 146.09117868542671 31.43108743429184 16.384201109409332 22.32535058259964 18.252124138176445 13.542235583066939 482.48329965025187 17.611394427716732 39.461804926395416 13.2021521627903 16.523245766758919 16.918796256184578 26.872323043644428 18.400289446115494 19.840778902173042 467.11551642417908 419.33346932381392 15.317296549677847 13.319174475967882 36.092033691704273 13.225061304867266 13.359131447970867 15.510666400194168 115.31117428094149 25.162081301212311 103.87328805029392 73.691084168851376
leaf_count=1305036 102 41 88 347 87 19 41 33 34 1134 53 116 18 23 29 52 25 30 1038 943 36 23 87 26 35 32 227 47 211 147
internal_value=-1.21191e-05 0.000549192 0.000888461 0.000623765 0.00399997 0.00793177 0.00202722 0.0046891 0.00860058 -0.000687194 0.000890686 0.00117648 0.0046537 0.00991065 0.000987116 0.00191174 0.00650373 0.00970532 0.00143125 0.000251616 0.00169594 0.00587605 0.00211237 0.000552251 0.00470013 0.00855226 -0.00105723 0.00138299 -0.000345536 0.00171088
internal_weight=387151 2326.33 1825.42 1682.31 143.114 47.8153 95.2987 54.1197 31.7944 500.904 1536.22 1339.67 69.1872 29.7254 1270.48 549.84 55.8525 38.2411 493.988 720.64 301.307 64.7285 49.4112 236.578 42.0949 28.8698 196.551 81.2401 194.483 90.6099
internal_count=1310160 5124 3949 3647 302 106 196 108 67 1175 3300 2924 157 41 2767 1198 108 55 1090 1569 626 146 110 480 93 67 376 149 387 176
cat_boundaries=0 1 2
cat_threshold=9 18
is_linear=0
shrinkage=0.05


Tree=201
num_leaves=31
num_cat=0
split_feature=6 16 16 1 10 0 16 0 10 8 7 7 7 0 8 10 16 7 7 8 10 7 8 7 9 0 16 10 9 10
split_gain=0.242071 0.430037 0.372906 0.960997 0.477237 0.37856 0.387526 0.405707 0.348746 0.517399 0.909089 0.68215 0.606493 0.431763 0.466508 0.63888 1.11218 0.693087 0.704882 0.539113 0.54981 0.483916 1.16219 0.442192 0.391496 0.580837 0.977839 0.5441 0.533243 0.514297
threshold=-0.37940952255126015 0.78737496167786236 0.78426879051960718 2917.5000000000005 6.7976209634028883 125.50000000000001 0.78554027385569514 136.50000000000003 7.4355970572708285 6.729226341787089 6.0342838271617802 5.9255909116924723 5.9255909116924723 88.500000000000014 2.8029010331479989 6.1368695189505944 0.8470278619941235 6.7159890799278301 5.9725357258298626 2.1383330595080281 6.0354018228882049 6.0901773787622728 2.6735537653587351 7.6827128082063991 2.1383330595080281 105.50000000000001 0.82872382376875298 7.0228209549334624 3.3140206880897671 6.9503960479486464
decision_type=2 2 2 2 2 2 2 2 2 2 2 2 2 2 2 2 2 2 2 2 2 2 2 2 2 2 2 2 2 2
left_child=1 2 -1 4 5 -4 -7 -8 9 12 11 -11 -3 14 15 16 19 18 -18 -14 -21 22 -20 -17 25 27 -27 29 -26 -12
right_child=-2 8 3 -5 -6 6 7 -9 -10 10 24 -13 13 -15 -16 23 17 -19 21 20 -22 -23 -24 -25 28 26 -28 -29 -30 -31
leaf_value=0.0022634733198279911 -0.00083751323504461801 -0.00087706001810046181 0.026861591380288676 -0.020612495992268533 0.0079155652191408975 0.0026816533032606228 0.097267679913564387 0.068872411536124209 0.0018872360278716195 0.09409320971255325 0.052894881395424226 0.18610767625378707 -0.02975562243601353 0.0091555486143652942 -0.013390746059246596 -0.0058860070210331912 -0.071063852227984767 -0.0077649563943580583 0.030349280626837328 0.072226807266871834 0.22569696633938233 0.10272524529646704 0.21982519579764093 0.15011553671036895 -0.042883482923716187 0.20967567677423818 -0.074318282168698388 -0.0090336845261989041 0.027598919206118455 0.075588988772717344
leaf_weight=71336.850581847131 196093.56414418668 73776.449356749654 1789.6156290769577 616.72531972825527 1432.7268694639206 12.95497491955757 9.4018764048814791 10.173625797033308 30396.536092087626 45.630113482475281 120.82282391935587 8.9875781387090665 74.689377412199974 1037.1766064241529 8971.6131691858172 572.12833961844444 5.089432254433631 14.50220615416765 8.8292341083288175 95.864253006875515 7.5602649673819533 20.666924580931664 5.8217007964849463 6.5291391536593428 186.22883439064026 9.5208886116743106 7.3553936108946791 159.40359964966774 301.48649194091558 16.548746138811111
leaf_count=277986 668611 223245 4781 1797 3907 33 21 23 91623 165 439 33 269 3264 29188 1880 26 50 39 350 25 85 18 22 662 31 22 506 1010 49
internal_value=-1.17018e-05 2.83526e-05 0.000121453 0.000599366 0.000942264 0.00147912 0.00682453 0.0112641 -3.20877e-05 -8.38277e-05 0.00113928 0.00738078 -9.62035e-05 -0.000445779 -0.000548617 0.000599271 0.00280981 0.00903113 0.0123965 0.000891883 0.00322953 0.0149033 0.0218546 -0.000290905 0.000713884 0.00209197 0.0111149 0.00157888 -0.000172371 0.00388508
internal_weight=387151 191058 75208.4 3871.6 3254.87 1822.15 32.5305 19.5755 115849 85452.9 855.984 54.6177 84596.9 10820.5 9783.29 811.681 233.023 54.9095 40.4073 178.114 103.425 35.3179 14.6509 578.657 801.367 313.651 16.8763 296.775 487.715 137.372
internal_count=1310160 641549 288548 10562 8765 4858 77 44 353001 261378 2917 198 258461 35216 31952 2764 862 218 168 644 375 142 57 1902 2719 1047 53 994 1672 488
is_linear=0
shrinkage=0.05


Tree=202
num_leaves=31
num_cat=0
split_feature=4 16 16 16 16 17 16 17 16 16 16 16 17 16 16 16 16 16 17 16 8 16 16 16 0 7 8 16 7 16
split_gain=0.268957 1.2921 1.50487 1.14171 1.07433 2.5765 1.44936 1.25099 0.911848 0.773505 0.842995 0.931722 0.773233 0.71082 0.933787 0.77688 2.2924 2.89544 2.02528 1.36671 0.879998 0.659845 1.16612 2.79789 0.665638 0.657912 0.622254 0.629836 0.572885 0.56956
threshold=1.5000000000000002 0.84373940648526213 0.80530725634941192 0.84425539163094909 0.80570143096500557 0.70807993030371785 0.80742409001324889 0.79115009682514292 0.8847782686317428 0.8861666780130667 0.89111819891260613 0.88779654317510448 0.65090371963234628 0.79001139522371822 0.79235388637407622 0.77026250544891328 0.77142618591489243 0.77411901582335829 0.66764792291798603 0.76875055652117463 3.0677824455408698 0.78226511065443993 0.78554027385569514 0.78674518472911437 87.500000000000014 1.5890269151739729 6.3741723047025554 0.88214353201501761 1.0397207708399181 0.76386542164760074
decision_type=2 2 2 2 2 2 2 2 2 2 2 2 2 2 2 2 2 2 2 2 2 2 2 2 2 2 2 2 2 2
left_child=1 2 13 -3 5 -4 7 -6 26 -10 11 -11 -13 15 25 19 -17 -18 20 29 21 24 -23 -24 28 -15 27 -5 -19 -1
right_child=-2 3 4 8 6 -7 -8 -9 9 10 -12 12 -14 14 -16 16 17 18 -20 -21 -22 22 23 -25 -26 -27 -28 -29 -30 -31
leaf_value=-0.0019237961994756248 6.4477746212476819e-05 0.12567950671061298 -0.034857536823323598 0.017822740914891045 0.10266551113776518 0.080274779117145492 -0.007537780815338924 0.012354234252707475 -0.040024195176895996 -0.0033867196041688532 -0.0014600981059759823 0.14612098302117604 0.038648142394098133 0.074760901054313364 0.0062134067868810042 -0.044690258383297377 0.08401002800408007 0.037348441175376237 -0.0231580505685689 0.12672943445420543 -0.0049915504837826814 0.00081780944064225821 0.18029166560486865 0.031180827659110434 -0.041639185073439444 0.030585102079281626 -0.013199853288900077 0.047927003960093154 0.091868540883318472 0.01533668389204328
leaf_weight=7546.7739120200276 340324.87463165075 18.906804248690605 1072.8543430566788 3565.9212958589196 23.208821386098862 71.113390155136585 16826.983104407787 45.531594209372997 322.67776973545551 200.25475061684847 4580.6626001000404 18.858851969242096 262.56757355481386 36.290164045989513 3223.2935763299465 1311.3046950399876 309.43368112295866 42.175324082374573 3070.1811201348901 131.04691909998655 454.18245923519135 383.51736378669739 20.737110435962677 109.12819308042526 16.044053018093109 253.07122710347176 266.61865878850222 180.74101958423853 157.2225946187973 2305.2759853303432
leaf_count=19262 1152932 94 1377 10884 39 218 51693 302 566 447 14849 24 925 120 8320 2127 946 53 12383 276 586 498 28 142 22 746 842 424 204 28831
internal_value=-1.17335e-05 -0.000124083 -0.000255861 0.000399398 -0.000584467 -0.00206735 -0.000484065 0.0067614 0.000374705 -5.04651e-05 0.000100827 0.00209054 0.00394554 5.01819e-05 0.000693731 -9.23773e-05 -0.000548629 -1.90927e-05 -0.000358833 0.000176075 0.00139886 0.00247538 0.00150078 0.00559591 0.00479777 0.00341459 0.000945198 0.00111128 0.00558612 0.000108603
internal_weight=387151 46826.6 37409.4 9417.21 18039.7 1143.97 16895.7 68.7404 9398.3 5385.02 5062.34 481.681 281.426 19369.7 3512.65 15857 5873.93 4562.62 4253.19 9983.1 1183.01 728.825 513.383 129.865 215.442 289.361 4013.28 3746.66 199.398 9852.05
internal_count=1310160 157228 128173 29055 53629 1595 52034 341 28961 16811 16245 1396 949 74544 9186 65358 16989 14862 13916 48369 1533 947 668 170 279 866 12150 11308 257 48093
is_linear=0
shrinkage=0.05


Tree=203
num_leaves=31
num_cat=0
split_feature=4 16 16 16 16 17 16 17 16 1 17 16 16 16 16 16 17 16 16 17 7 17 1 7 1 8 16 16 1 7
split_gain=0.285616 1.1886 1.32661 1.14647 1.09332 2.40058 1.41198 1.27009 0.854526 0.714586 1.14839 0.670152 0.903052 0.769464 1.9197 2.1091 2.03723 1.16557 1.0449 1.00887 1.02241 0.994946 0.963167 0.752658 0.691117 0.727489 0.674973 2.2228 0.650096 0.640449
threshold=1.5000000000000002 0.84373940648526213 0.80530725634941192 0.84425539163094909 0.80570143096500557 0.70807993030371785 0.80742409001324889 0.79115009682514292 0.8847782686317428 4473.5000000000009 0.64805509467998179 0.79001139522371822 0.79235388637407622 0.77026250544891328 0.77142618591489243 0.77349831372429612 0.66764792291798603 0.77728047855132176 0.76875055652117463 0.65813547005910744 9.2635019021077358 0.65266048731061865 808.50000000000011 5.6401308701359305 6033.5000000000009 2.9700856263602158 0.78554027385569514 0.78674518472911437 1407.5000000000002 1.5890269151739729
decision_type=2 2 2 2 2 2 2 2 2 2 2 2 2 2 2 2 2 2 2 2 2 2 2 2 2 2 2 2 2 2
left_child=1 2 11 -3 5 -4 7 -6 -5 -10 -11 13 29 18 -15 19 17 21 -1 -16 -21 22 -17 -23 25 26 -19 -28 -29 -13
right_child=-2 3 4 8 6 -7 -8 -9 9 10 -12 12 -14 14 15 16 -18 24 -20 20 -22 23 -24 -25 -26 -27 27 28 -30 -31
leaf_value=0.0028205395833279081 6.1253858901855201e-05 0.11939553137508235 -0.033114659982157423 0.016196221121383171 0.097532235580876925 0.076261040161288207 -0.007160891774571976 0.011736522540072092 -0.0015246112433026317 0.068442701227939121 0.037710896510708296 0.071022856001597703 0.0059027364475369498 -0.042455745464132513 0.021111945531417844 0.099744422340580424 -0.0210232567824469 0.014962590728808879 0.12039296273149516 0.088052897286458223 0.20234185374095437 0.10205339875024305 0.13175090082372762 -0.040117013313456566 0.023583516367616398 -0.017648824422950238 0.14819683044963647 0.012835624875964013 0.17498145220280603 0.029055846975317535
leaf_weight=9852.0498973503709 340324.87463165075 18.906804248690605 1072.8543430566788 4013.2809742316604 23.208821386098862 71.113390155136585 16826.983104407787 45.531594209372997 5272.3417091369629 4.8006855845451346 107.87915125489235 36.290164045989513 3223.2935763299465 1311.3046950399876 74.341043293476105 37.458140850067139 3167.1878878995776 504.60236978530884 131.04691909998655 102.98213157057762 8.0386849120259267 38.162559807300568 46.018771469593048 29.209699630737305 15.240100622177122 413.7511465549469 18.765495419502258 89.574931085109711 17.288936614990234 253.07122710347176
leaf_count=48093 1152932 94 1377 12150 39 218 51693 302 16448 6 357 120 8320 2127 94 48 12785 654 276 390 24 52 58 36 21 536 25 117 22 746
internal_value=-1.25049e-05 -0.000128282 -0.000254671 0.000373795 -0.000563202 -0.00205913 -0.000461917 0.00668952 0.000349051 -6.25385e-05 0.00387733 3.26746e-05 0.000657543 -0.000105747 -0.000559815 -7.5234e-05 -0.000296452 0.00144865 0.000161422 0.00514876 0.00816724 0.00556067 0.00920868 0.00104064 0.000863034 0.000708722 0.00177816 0.00505754 0.00227053 0.00333325
internal_weight=387151 46826.6 37409.4 9417.21 18039.7 1143.97 16895.7 68.7404 9398.3 5385.02 112.68 19369.7 3512.65 15857 5873.93 4562.62 4377.26 1210.07 9983.1 185.362 111.021 150.849 83.4769 67.3723 1059.22 1043.98 630.232 125.629 106.864 289.361
internal_count=1310160 157228 128173 29055 53629 1595 52034 341 28961 16811 363 74544 9186 65358 16989 14862 14354 1569 48369 508 414 194 106 88 1375 1354 818 164 139 866
is_linear=0
shrinkage=0.05


Tree=204
num_leaves=31
num_cat=1
split_feature=4 1 7 17 17 17 6 17 7 0 2 9 5 0 0 9 17 1 6 0 17 1 17 17 7 1 7 0 6 0
split_gain=0.28475 0.404512 0.330495 0.246565 0.236411 0.298312 0.53247 0.216423 0.382427 0.212982 0.374783 0.653316 0.466066 0.506928 0.248703 0.451257 0.357001 0.288855 0.276025 0.268377 0.309032 0.204932 0.190909 0.2607 0.226023 0.204646 0.187819 0.554196 0.374963 0.390669
threshold=1.5000000000000002 4473.5000000000009 8.7722229285904714 0.81359249534525546 0.64607191580427192 0.64725493382190846 -0.12940952255126037 0.6657714024266651 11.211588533200596 61.500000000000007 0 4.6395599436855051 -0.5 44.500000000000007 66.500000000000014 1.2424533248940002 0.64991817661828988 1044.5000000000002 0.91597561503675351 83.500000000000014 0.65933186473910388 1481.5000000000002 0.80045525943363083 0.80690738087075398 4.1026092131977068 257.50000000000006 8.6705149526803247 102.50000000000001 -0.70710678118654757 48.500000000000007
decision_type=2 2 2 2 2 2 2 2 2 2 1 2 2 2 2 2 2 2 2 2 2 2 2 2 2 2 2 2 2 2
left_child=1 2 26 22 -3 6 -6 8 9 10 11 12 13 -4 16 -16 -11 -18 19 -17 -21 -5 -2 -24 25 -25 -1 28 -28 -30
right_child=3 4 7 21 5 -7 -8 -9 -10 14 -12 -13 -14 -15 15 18 17 -19 -20 20 -22 -23 23 24 -26 -27 27 -29 29 -31
leaf_value=-0.0021690751135861942 -3.1939082368959147e-05 -0.035744179768399678 0.069815585518722606 -0.011076565752598411 0.012367762456853183 0.0083840784526249441 0.15341378211191781 -0.0091075550270531599 0.028685644236791055 -0.0051765593336060792 -0.049450063184971964 0.047444000344899484 -0.075740376092038819 -0.012151500944642969 0.081497227088468627 -0.049935296147093182 0.0036558998933334808 0.090294506791266479 0.03352952291890552 -0.059755543516936439 0.10750615492177645 0.00074105551094585389 0.006968102272343857 -0.030609219674167455 0.0042050182502420428 -0.0023028530013268658 -0.038304270279582053 0.13812878563212441 -0.013508280208970193 0.057420868199941036
leaf_weight=42854.351515725255 300455.85425357521 30.259167730808258 17.678245663642883 5512.7640550471842 29.786754488945007 1405.4797869585454 20.116987943649292 1452.441995151341 25.904804050922394 26.112684786319733 390.46170908212662 25.978801429271698 60.822944521903992 24.73047548532486 20.909680664539337 124.12475824356079 18.463594496250153 16.846548438072205 17.69150972366333 41.65884006023407 18.618254959583282 3629.839679915458 11206.602473661304 357.9360885322094 10997.329713825136 8164.5483670942485 62.242779187858105 5.9005537927150717 51.926708899438381 84.06985467299819
leaf_count=143768 706620 37 22 79419 37 4851 25 6758 33 33 495 33 77 31 27 155 23 20 22 52 24 52254 95672 3998 123909 91060 227 18 176 284
internal_value=-1.26365e-05 -0.000128238 -0.000154839 3.2695e-06 0.000683616 0.000774563 0.0045735 -0.000741161 -0.00138523 -0.00157787 -0.00217988 0.000242308 -0.00152249 0.00250091 -0.000477929 -0.00125388 0.00233927 0.00561732 -0.00197736 -0.00254972 0.000187525 -0.000252877 1.03407e-05 0.00012905 1.86969e-05 -0.000174575 -0.000123759 0.00138926 0.000939798 0.00241092
internal_weight=387151 46826.6 45340.9 340325 1485.64 1455.38 49.9037 2282.44 830.003 804.098 519.672 129.21 103.232 42.4087 284.426 223.003 61.4228 35.3101 202.093 184.402 60.2771 9142.6 331182 30726.4 19519.8 8522.48 43058.5 204.14 198.239 135.997
internal_count=1310160 157228 152278 1152932 4950 4913 62 7805 1047 1014 658 163 130 53 356 280 76 43 253 231 76 131673 1021259 314639 218967 95058 144473 705 687 460
cat_boundaries=0 1
cat_threshold=8
is_linear=0
shrinkage=0.05


Tree=205
num_leaves=31
num_cat=0
split_feature=1 16 16 4 16 16 17 16 4 16 17 3 10 17 4 8 10 9 18 17 4 16 16 17 16 17 16 16 16 17
split_gain=0.363116 0.563873 1.7166 0.722936 0.690916 1.44659 0.63539 0.569705 0.528874 0.407968 0.402596 0.39825 0.431522 0.506394 0.341874 0.857331 0.337266 0.602319 0.607854 0.404751 0.337143 1.29829 0.800485 1.64448 1.09501 0.961458 0.753141 1.00871 2.59153 4.32609
threshold=1162.5000000000002 0.84649134540172921 0.8470278619941235 2.5000000000000004 0.85570644998864431 0.85472328363330063 0.68059376891959245 0.85382885972224343 1.5000000000000002 0.84797720773251295 0.68059376891959245 1.0000000180025095e-35 2.7067481026702671 0.64555464890881631 2.5000000000000004 4.9163179057820896 7.4785793946460926 2.602003343538398 1.0458333333333336 0.6544711875884256 1.5000000000000002 0.80530725634941192 0.80570143096500557 0.66847687381717125 0.80742409001324889 0.66507504340750978 0.78892696523979611 0.76232687082252271 0.76147646873488994 0.66656010559132584
decision_type=2 2 2 2 2 2 2 2 2 2 2 2 2 2 2 2 2 2 2 2 2 2 2 2 2 2 2 2 2 2
left_child=1 20 6 4 5 9 8 -5 -3 16 -7 12 -9 -14 -10 -16 19 18 -18 -4 21 26 23 -23 25 -24 27 28 -1 -30
right_child=-2 2 3 7 -6 10 -8 11 14 -11 -12 -13 13 -15 15 -17 17 -19 -20 -21 -22 22 24 -25 -26 -27 -28 -29 29 -31
leaf_value=0.007558028242601678 0.00072850091264768939 0.10445967344647294 -0.035559568121276787 0.0054976274047619181 0.0027531610064857048 0.0025505320452195116 0.003528376913600151 -0.01830806333471582 -0.041584352874670438 -0.0027129306106456587 -0.037392729532669457 -0.01054064896090008 0.059301315046109873 0.0026684513256685972 -0.026658317725899418 0.19713086497046065 0.060271019551933792 -0.067645637293490476 0.11132815030072912 0.039397670282145608 0.00041725644527659258 -0.030689858736681563 0.15655072520644553 0.067644186463491018 -0.006227225568163664 0.037494391340225343 0.017474116817348628 -0.0095236546804492242 0.13030696298079839 0.05230558313001224
leaf_weight=4421.3735689520836 192243.42687145993 19.953692972660065 51.986080467700958 3579.6319600641727 15535.44755731523 173.13050383329391 239.85727210342884 803.68427406251431 728.69404542446136 2484.0564781725407 853.05795123428106 14758.700981296599 32.117778897285461 2740.5479304119945 154.65165209770203 20.265190362930298 36.045744694769382 13.695076406002043 17.008673489093781 125.18547350913286 129033.60901569203 625.9947744011879 6.7890700697898856 53.594016410410404 10900.177627637982 37.652475446462631 2338.5797770172358 5474.1099070496857 29.247909188270569 94.743956230580807
leaf_count=11722 650819 24 66 10999 50489 243 1096 2636 930 8389 2739 48279 39 9150 202 25 116 40 20 393 442114 803 8 157 33408 187 6359 29215 37 297
internal_value=-8.59261e-06 -5.65955e-05 -0.000218019 -0.00016454 5.8691e-05 -0.000550041 -0.00211206 -0.000361031 -0.00270754 5.19348e-05 -0.00215031 -0.000473674 -2.93591e-07 0.000295402 -0.00288534 -0.000900301 0.00200321 0.00503225 0.00744538 0.000862018 -1.18998e-05 -0.000184053 -0.000563372 -0.00222848 -0.000459979 0.00737253 0.000172741 -1.58353e-05 0.000534722 0.00766401
internal_weight=387627 195384 42367.7 41204.3 19289.6 3754.17 1163.42 21914.7 923.565 2727.98 1026.19 18335.1 3576.35 2772.67 903.611 174.917 243.921 66.7495 53.0544 177.172 153016 23982.3 11624.2 679.589 10944.6 44.4415 12358.1 10019.5 4545.37 123.992
internal_count=1311001 660182 135875 133598 62495 12006 2277 71103 1181 9024 2982 60104 11825 9189 1157 227 635 176 136 459 524307 82193 34563 960 33603 195 47630 41271 12056 334
is_linear=0
shrinkage=0.05


Tree=206
num_leaves=31
num_cat=1
split_feature=16 16 16 16 4 17 0 16 16 4 17 18 7 17 10 18 0 7 16 4 7 3 7 7 10 17 16 17 16 2
split_gain=0.247005 0.919126 1.17482 0.84208 0.791685 1.64699 1.44328 1.20097 0.720375 0.760978 0.628549 0.620809 0.550655 0.581898 0.665085 0.562224 0.698958 0.671879 0.545536 2.79538 1.03202 0.585206 0.596994 0.909693 0.53897 0.491469 0.633313 0.487606 0.576427 0.562139
threshold=0.82340483352627902 0.82626392889630418 0.82686176440553638 0.81810455653768555 1.5000000000000002 0.66237379509048522 55.500000000000007 0.82581605217958109 0.82537325419067853 3.5000000000000004 0.64927633572046617 0.97083333333333344 3.5408542930527882 0.79345200444132125 6.7390887783039695 1.0625000000000002 62.500000000000007 3.1132683346437333 0.81862082546193804 1.5000000000000002 10.113667430069365 1.0000000180025095e-35 3.1132683346437333 4.1971736807086968 0.00230835222093671 0.79391760427172142 0.82137319586356661 0.65266048731061865 0.82489902666054515 0
decision_type=2 2 2 2 2 2 2 2 2 2 2 2 2 2 2 2 2 2 2 2 2 2 2 2 2 2 2 2 2 1
left_child=3 4 12 -1 5 6 -2 24 27 -10 -11 -5 13 14 15 17 -17 -3 19 21 -21 -13 -23 -24 -7 -20 -27 29 -29 -6
right_child=1 2 -4 11 8 7 -8 -9 9 10 -12 18 -14 -15 -16 16 -18 -19 25 20 -22 22 23 -25 -26 26 -28 28 -30 -31
leaf_value=-6.6078779385048145e-05 0.12596430906844147 0.027643644106112621 -0.00059536786425330452 0.02100551783973752 0.039855020426438605 0.010403321544951029 -0.0010342976153896455 0.13993973439362822 -0.021242585172361217 0.037982069682704234 0.0011732608995415285 0.087936672991039938 0.016951574526130431 0.0087451562197516045 -0.01474159523513352 0.031001041516218877 0.20929772420074186 0.091197796337152373 0.0053431463800851292 0.010360919250343638 0.099401186790400831 0.069488142383099291 0.3081389683182611 0.1565641364555222 -0.023111816119283646 -0.016713553429129648 0.011791246237908082 -0.0067717970033830399 0.01174275892338348 -0.004857250367047739
leaf_weight=240632.19713340327 19.594127833843231 148.57485882937908 119989.06261244416 2552.069535985589 497.57470643520355 101.29910532385111 20.30176830291748 31.592587552964687 2292.9878680333495 62.529880523681641 698.64528600126505 20.783086106181145 818.9491615369916 178.67489663511515 51.662460401654243 34.244437575340271 18.493703246116638 41.636735931038857 8566.343003988266 1047.433404430747 9.660871356725691 17.326088771224022 7.4019115418195751 16.852360084652901 2324.7044920921326 1911.7635826468468 998.98660914599895 3173.9982506781816 960.67585462331772 380.99690490961075
leaf_count=839955 24 292 387670 14954 623 351 25 215 5772 78 2285 55 2655 891 98 37 20 79 15996 2489 18 38 16 38 8442 9090 4262 10936 3120 477
internal_value=-8.86143e-06 -6.44539e-05 -2.54903e-05 1.97946e-05 -0.000511743 -0.00128965 0.0087879 -0.00145325 -0.000270919 -0.000876254 0.000493581 0.000381373 0.00147405 0.00283176 0.00419709 0.00529259 0.00986055 0.00402607 0.0002373 0.00129088 0.000684013 0.0115776 0.0150019 0.0200656 -0.00157938 0.000134536 -0.000426767 9.78621e-05 -0.000129445 0.0011676
internal_weight=387627 131846 121281 255781 10564.9 2497.49 39.8959 2457.6 8067.41 3054.16 761.175 15148.6 1292.24 473.287 294.612 242.95 52.7381 190.212 12596.6 1119.46 1057.09 62.3634 41.5804 24.2543 2426 11477.1 2910.75 5013.25 4134.67 878.572
internal_count=1311001 424090 391742 886911 32348 9057 49 9008 23291 8135 2363 46956 4072 1417 526 428 57 371 32002 2654 2507 147 92 54 8793 29348 13352 15156 14056 1100
cat_boundaries=0 1
cat_threshold=13
is_linear=0
shrinkage=0.05


Tree=207
num_leaves=31
num_cat=0
split_feature=1 10 10 9 10 6 3 18 17 9 17 18 1 5 17 6 6 17 3 1 9 17 10 17 17 9 18 4 17 18
split_gain=0.334952 0.282655 0.556356 0.55098 0.367499 0.312987 0.30934 0.598338 0.412844 0.300933 0.579029 0.279547 0.281686 0.607773 1.11824 0.248721 0.247613 0.244754 0.353927 0.228348 0.247752 0.605165 0.245681 0.396126 0.276485 0.246136 0.276511 0.241955 0.559213 0.239518
threshold=1162.5000000000002 0.1970491786496901 1.8913788188785896 1.7005986908310777 0.0055928205646541074 0.1294095225512602 1.0000000180025095e-35 1.0125000000000002 0.66383823997485858 2.524928003624769 0.79012795506376243 1.0958333333333337 1191.5000000000002 -0.25881904510252113 0.65980955961161136 0.37940952255126048 0.60355339059327384 0.81348717903240164 1.0000000180025095e-35 10898.500000000002 5.5032948732385458 0.78019127016926815 5.8039889525589397 0.64805509467998179 0.6484252398823479 2.9174053685313028 1.0458333333333336 1.5000000000000002 0.65130300798649621 1.029166666666667
decision_type=2 2 2 2 2 2 2 2 2 2 2 2 2 2 2 2 2 2 2 2 2 2 2 2 2 2 2 2 2 2
left_child=17 3 11 4 -2 6 7 8 -6 10 -5 12 13 14 -3 -16 -11 -1 -19 -4 22 -22 23 -21 -25 -24 -27 28 -26 -29
right_child=1 2 19 9 5 -7 -8 -9 -10 16 -12 -13 -14 -15 15 -17 -18 18 -20 20 21 -23 25 24 27 26 -28 29 -30 -31
leaf_value=-0.00080691783885585846 -0.0023783200193711719 0.098333165474272066 0.00044847210769414228 0.16418379025973234 0.082657814305340971 0.00055357274978637958 0.010051973121649472 -0.055126201411217358 0.001342314627493746 -0.010886063886792608 0.022534404731226809 0.065272981398397573 -0.0090629176716977792 -0.04747183322237164 -0.043949801417993033 0.060632739173658572 0.02959497634656847 0.007271571486278417 -0.014544579787066338 -0.066712858456194665 0.045431155668556933 0.0091642018376490338 0.0048392075961241959 0.20133059502837702 0.11988253568833494 -0.010348102209570609 -0.057376185103400618 0.026427327407877056 0.04807658945287048 -0.0039827353609876324
leaf_weight=189784.51745749637 5845.5694147981703 15.96489244699478 159972.41052395478 13.229934751987459 7.9527850747108451 6151.0245272666216 10374.526440743357 178.02428054064512 354.2409762814641 14.627987861633303 12.319405332207678 6.2757589593529692 5632.8590999506414 59.277225643396378 31.170146632939577 10.855668485164641 4.512773696333169 1450.2760909795761 4148.7968664355576 78.165115416049957 6.0020294785499599 15.410092856734989 2200.2782971449196 11.54753804206848 4.5814421772956839 172.74354313313961 45.706604346632957 753.54571316763759 53.020879715681076 217.58377356082201
leaf_count=579449 20657 19 540400 19 12 20930 35335 253 1432 63 73 21 19413 227 130 50 23 20812 59921 97 8 83 7145 14 6 652 55 3236 208 258
internal_value=-8.34697e-06 3.85098e-05 1.6184e-05 0.00020315 0.000192332 0.000309531 0.000470276 -0.000696214 0.000470402 0.00574952 0.00930083 -0.00046694 -0.000478451 0.00194698 0.00558626 0.00130686 0.00100918 -5.44507e-05 -0.00038026 3.31902e-05 0.000429334 0.00579147 0.000396874 0.00100967 0.0012676 0.000113512 -0.00148725 0.00118124 0.00432975 0.000994488
internal_weight=387627 192243 169287 22956 22911.3 17065.8 10914.7 540.218 362.194 44.6901 25.5493 5756.4 5750.13 117.268 57.9907 42.0258 19.1408 195384 5599.07 163531 3558.59 21.4121 3537.17 1118.44 1040.28 2418.73 218.45 1028.73 57.6023 971.129
internal_count=1311001 650819 572022 78797 78619 57962 37032 1697 1444 178 92 19860 19839 426 199 180 86 660182 80733 552162 11762 91 11671 3819 3722 7852 707 3708 214 3494
is_linear=0
shrinkage=0.05


Tree=208
num_leaves=31
num_cat=0
split_feature=1 16 16 4 16 16 16 6 16 16 4 9 9 4 3 18 16 18 10 8 18 1 10 9 8 6 8 10 3 6
split_gain=0.295627 0.509812 1.68493 0.67701 0.63136 1.44911 0.530559 0.402096 0.577058 0.378115 0.354515 0.824506 0.60876 0.394885 0.427002 0.54124 0.346267 0.396424 0.47792 0.696105 0.510573 0.673801 0.837956 0.515833 0.515818 0.740131 0.772708 0.411723 0.34435 0.454979
threshold=1162.5000000000002 0.84649134540172921 0.8470278619941235 2.5000000000000004 0.85570644998864431 0.85472328363330063 0.85382885972224343 0.78656609248549303 0.87500919789417042 0.84797720773251295 2.5000000000000004 2.1383330595080281 2.6735537653587351 1.5000000000000002 1.0000000180025095e-35 1.029166666666667 0.84425539163094909 1.0541666666666669 8.3125550392534944 5.6542404955442525 1.0458333333333336 467.50000000000006 7.8225641747821397 6.1125747596674556 3.795426061844291 -0.70710678118654757 1.0000000180025095e-35 0.0262312712915155 1.0000000180025095e-35 0.91597561503675351
decision_type=2 2 2 2 2 2 2 2 2 2 2 2 2 2 2 2 2 2 2 2 2 2 2 2 2 2 2 2 2 2
left_child=1 16 10 4 5 9 -5 -6 -9 -4 13 -12 -13 14 -3 -16 -1 18 20 -20 23 -22 24 -18 25 -23 -27 -19 -8 -30
right_child=-2 2 3 6 7 -7 28 8 -10 -11 11 12 -14 -15 15 -17 17 27 19 -21 21 22 -24 -25 -26 26 -28 -29 29 -31
leaf_value=-0.00035179298465020108 0.00065527142815775547 -0.054433850750723205 0.031221234341196481 0.005292860319679283 0.0016997841351706012 -0.028996404276549828 -9.1839721075359659e-05 0.027340347131673062 0.0026705800833905394 -0.0025071697949579086 -0.013046470533786093 0.19028283385656891 0.058493486400333521 -0.036875945355367805 -0.011959346312330622 0.11895788289397223 0.0093862387578592232 0.042301626244333625 0.16181926864514176 0.034310156278453734 -0.020938868345769947 -0.01795094456283295 0.10970158716706885 0.20021320914640439 -0.05047466298458872 0.025080879461637187 0.053790873486452243 -0.033349491139801783 -0.01176190346462287 0.0064235698047194539
leaf_weight=151043.20321707428 192243.42687145993 19.042274117469788 243.92104856669903 3579.6319600641727 13491.838751472533 1026.188455067575 3576.3499833717942 666.09343906491995 1377.5153667777777 2484.0564781725407 298.43378669768572 10.758788861334326 12.660687811672686 807.72787195444107 7.5926875099539739 7.2057560086250305 1540.8991708159447 31.135045409202576 8.1485878750681895 16.970787584781647 36.766701221466064 32.251848578453064 18.37068647146225 8.5113007724285108 22.7681645154953 37.776928961277008 29.342021882534027 189.72763693332672 13722.769404053688 1035.9315772429109
leaf_count=517614 650819 45 635 10999 43761 2982 11825 2210 4518 8389 800 25 47 1317 35 8 6122 34 25 51 47 41 23 32 29 48 37 204 44841 3438
internal_value=-8.32187e-06 -5.16348e-05 -0.000205125 -0.000152142 6.38821e-05 -0.000518023 -0.000342289 0.0002045 0.000858097 8.44777e-05 -0.00208161 -0.000670262 0.0083636 -0.00262137 0.00267006 0.00904119 -9.13559e-06 0.000649024 0.000900699 0.0077478 0.00080109 0.00334294 0.00491977 0.000510263 0.00342228 0.00497762 0.00796885 -0.00134718 -0.000450994 -0.000557659
internal_weight=387627 195384 42367.7 41204.3 19289.6 3754.17 21914.7 15535.4 2043.61 2727.98 1163.42 321.853 23.4195 841.569 33.8407 14.7984 153016 1972.67 1751.81 25.1194 1726.69 177.276 140.51 1549.41 122.139 99.3708 67.119 220.863 18335.1 14758.7
internal_count=1311001 660182 135875 133598 62495 12006 71103 50489 6728 9024 2277 872 72 1405 88 43 524307 6693 6455 76 6379 225 178 6154 155 126 85 238 60104 48279
is_linear=0
shrinkage=0.05


Tree=209
num_leaves=31
num_cat=0
split_feature=8 7 7 7 7 17 7 8 8 7 10 16 5 8 16 18 10 10 16 9 16 8 7 7 5 16 17 6 16 8
split_gain=0.2428 0.602639 1.04942 0.62155 1.08011 0.66791 0.526803 1.48408 0.877177 0.823556 1.2661 1.69432 2.66204 2.9185 0.704298 0.772385 0.634197 0.615414 0.612814 0.598811 0.590876 0.536725 0.514118 1.18941 0.695409 0.727883 0.911686 0.765764 0.922213 0.912987
threshold=1.2424533248940002 3.4175922930736511 3.4811217321331038 3.7012257604091228 3.7494348669884658 0.65306806413895013 4.6867395546766826 2.8029010331479989 3.3140206880897671 5.8245230014317348 5.6650743370964696 0.86308177560703947 0.12940952255126045 2.6735537653587351 0.84300269948124729 1.0708333333333335 8.4036835615819729 4.4818906257795668 0.89111819891260613 6.3851929771233262 0.87260122516658101 3.0201273556387074 3.1132683346437333 3.0201273556387074 -0.25881904510252113 0.81327991938713906 0.79158019573443184 -0.60355339059327384 0.83523104476989685 0.89587973461402759
decision_type=2 2 2 2 2 2 2 2 2 2 2 2 2 2 2 2 2 2 2 2 2 2 2 2 2 2 2 2 2 2
left_child=1 22 -3 -4 -5 -6 8 9 16 -8 11 -11 -13 20 -9 -16 18 -15 -2 -10 -14 -20 23 -1 25 -24 27 -27 29 -29
right_child=6 2 3 4 5 -7 7 14 19 10 -12 12 13 17 15 -17 -18 -19 21 -21 -22 -23 24 -25 -26 26 -28 28 -30 -31
leaf_value=-0.00047279107945272795 -0.0046809968827063791 0.023586133876350168 -0.0064133487349472334 0.023020624485800046 -0.0058081006368045918 0.0052389788362262601 0.0028194284820120654 -4.1372924197258243e-05 0.0055639121953175337 0.050747959138422387 0.011599926234300818 -0.0003020000245203214 0.069708606204001905 0.30066824327466257 -0.0036996538413149429 -0.015495808414297674 0.14360512004669654 0.25750970071843765 0.0077465974178257298 -0.080536637713700773 -0.0051996716812075855 0.040240736063967969 -0.0072198123707595931 0.014794687048410539 -0.012884524843398304 -0.017113901451018432 -0.0053988413807204427 0.053378403384548495 0.012160251091997721 -0.0088371502217937659
leaf_weight=103853.61048070714 56970.445263829082 3759.5083639137447 7348.2419729158282 2136.725549262017 4703.5540310144424 18883.025278728455 19144.213854912668 104748.12223080173 9324.0638517402112 576.1585689149797 7305.5409279428422 36.327964030206203 5.3038064688444164 7.9323761314153698 24936.177988260984 1788.5926268696785 6.3139024823904029 12.913564518094061 2070.5517150610685 79.124279420822859 14.876700177788733 116.82900432497263 3023.0585716180503 7578.123157851398 6544.6049359552562 329.99022141098976 1184.4587399959564 347.75462728738785 700.06386119127274 90.808868631720543
leaf_count=338004 188964 12530 24561 7046 5927 75448 65841 370799 31734 2403 25473 134 21 27 87185 1879 11 31 7181 295 57 430 10672 24962 21299 529 5755 552 1109 142
internal_value=-8.18543e-06 3.8893e-05 0.000216425 0.000126439 0.000242293 0.000144775 -4.14477e-05 8.62297e-06 -0.000157247 0.000345512 0.00077297 0.00288146 0.00982961 0.0185578 -6.08269e-05 -0.000289938 -0.000228542 0.031679 -0.000230233 0.000291341 0.00500392 0.000591046 -1.39867e-05 1.97765e-05 -0.000321848 8.31532e-05 0.000687551 0.00151993 0.00213458 0.0039324
internal_weight=387627 160484 36831.1 33071.5 25723.3 23586.6 227143 158576 68567.3 27103.3 7959.05 653.513 77.3544 41.0264 131473 26724.8 59164.1 20.8459 59157.8 9403.19 20.1805 2187.38 123652 111432 12220.7 5676.13 2653.08 1468.62 1138.63 438.563
internal_count=1311001 528536 125512 112982 88421 81375 782465 553850 228615 93987 28146 2673 270 136 459863 89064 196586 58 196575 32029 78 7611 403024 362966 40058 18759 8087 2332 1803 694
is_linear=0
shrinkage=0.05


Tree=210
num_leaves=31
num_cat=0
split_feature=1 8 8 4 7 7 0 10 10 1 8 1 9 7 9 8 8 8 18 1 1 18 1 7 5 10 5 6 8 18
split_gain=0.285228 0.295616 0.425181 0.225567 0.30972 0.558209 0.415812 0.355496 0.81762 0.314784 0.513026 0.800455 0.822355 0.499346 0.476858 0.412899 0.740415 0.608656 0.430625 0.380804 0.40042 0.376065 0.514461 0.345413 0.314105 0.311371 0.253984 0.306227 0.326478 0.743238
threshold=157.50000000000003 6.4401484558665105 6.3534997185584592 1.5000000000000002 8.8106833391308292 9.5731067158699013 35.500000000000007 6.7186225464380014 6.507403365479818 1395.5000000000002 7.1368808229253178 6360.5000000000009 5.772996334337213 8.5229764164019635 4.135134555718313 5.2496487501035594 6.1235881002042971 5.750982812366944 0.99583333333333346 1814.5000000000002 2067.5000000000005 1.0125000000000002 2678.5000000000005 8.6265855039078598 -0.37940952255126059 7.7839434739395426 0.60355339059327384 -0.5 4.8242976514536702 0.99583333333333346
decision_type=2 2 2 2 2 2 2 2 2 2 2 2 2 2 2 2 2 2 2 2 2 2 2 2 2 2 2 2 2 2
left_child=1 2 -1 4 9 -6 -7 8 -8 -2 13 12 -12 26 15 18 17 21 23 -18 -21 22 -17 -15 -25 -22 -11 -28 -29 -30
right_child=3 -3 -4 -5 5 6 7 -9 -10 10 11 -13 -14 14 -16 16 19 -19 -20 20 25 -23 -24 24 -26 -27 27 28 29 -31
leaf_value=-0.0089434237626267784 -0.0025135374570718575 -0.068114342740919806 0.16577833117345861 -3.7761571047378878e-05 -0.025353855925569158 -0.054832666916495756 -0.0091274570815648159 0.00892872779418683 0.2132038023791436 -0.0011406968999887468 0.031797788550714405 0.076836570829099227 0.080888302669985021 -0.037296026040467445 -0.092157835798127891 0.17520902957533868 -0.03565686925958185 0.12518556990097471 -0.046407377202496103 0.25888172116134894 0.048781386913140247 -0.042345609699961088 0.15742043683122856 0.10162435332827646 0.036892879986815875 -0.005643829126045042 0.028268131391041784 -0.00027395319243010973 -0.013290340050941298 0.079771042739565617
leaf_weight=3197.6364128477871 31834.133848458529 84.706804551184177 8.3714056685566884 338077.58144670352 1175.4373365826905 118.13276832178235 6.810426361858843 928.52366926148534 4.1287553310394287 8860.9555139131844 120.11125972121954 5.5607417896389952 6.0220760740339747 5.4582173414528397 20.764574315398932 11.705544453114273 20.646440081298351 13.399116840213535 21.063895493745804 7.0958160609006873 6.1980825252831009 5.3501486480236045 3.8966887146234503 6.0293571464717397 6.6275058798491928 19.523321144282818 614.52243443205953 2113.5410324707627 141.0737353824079 122.98258471116424
leaf_count=10335 106327 313 29 1145253 3944 415 45 3214 14 30023 443 23 25 28 75 65 59 36 37 23 20 7 15 26 34 54 1990 7048 673 238
internal_value=-1.99177e-05 -0.000483439 -0.000406407 -1.59484e-05 -0.000119576 -0.000694022 0.000139392 0.000490956 0.00945186 -9.04001e-05 0.000126313 0.00323006 0.00241159 9.22533e-05 0.00298096 0.00412953 0.00603386 0.0117615 -0.000138797 0.00235371 0.00570076 0.00643919 0.0103618 0.00551373 0.0100477 0.00279988 5.6243e-05 0.000454541 0.000197382 0.001855
internal_weight=387568 3290.71 3206.01 384277 46199.7 2233.03 1057.6 939.463 10.9392 43966.7 12132.5 131.694 126.133 12000.8 147.759 126.994 87.8152 34.3515 39.179 53.4637 32.8172 20.9524 15.6022 18.1151 12.6569 25.7214 11853.1 2992.12 2377.6 264.056
internal_count=1310831 10677 10364 1300154 154901 7632 3688 3273 59 147269 40942 491 468 40451 479 404 279 123 125 156 97 87 80 88 60 74 39972 9949 7959 911
is_linear=0
shrinkage=0.05


Tree=211
num_leaves=31
num_cat=1
split_feature=1 16 10 17 10 18 16 17 8 8 17 16 16 5 2 17 0 18 10 7 16 17 1 8 5 1 10 10 1 10
split_gain=0.238832 0.351034 0.469178 1.1456 0.427175 0.562062 0.325358 0.309938 0.293166 0.488724 0.268235 0.241231 0.726133 0.714367 0.520859 0.66295 0.537531 0.568535 0.499047 0.504103 0.510906 0.488264 0.445814 0.44852 0.474701 0.58805 0.440626 0.628867 0.592799 0.620392
threshold=157.50000000000003 0.90374560103526036 4.2554201719326556 0.65306806413895013 5.3502393369678822 0.99583333333333346 0.91167763378283551 0.79209867653381194 6.4159146208419617 6.3534997185584592 0.79022443270616816 0.87093098878569231 0.87606775566422657 -0.60355339059327362 0 0.64867302866654353 87.500000000000014 1.0791666666666668 0.0089048174978050443 2.8029010331479989 0.91681818959512318 0.80082328081040732 2793.5000000000005 0.89587973461402759 -1.0000000180025095e-35 353.50000000000006 7.4931540695953087 7.7168148692138958 289.50000000000006 6.1613069155431477
decision_type=2 2 2 2 2 2 2 2 2 2 2 2 2 2 1 2 2 2 2 2 2 2 2 2 2 2 2 2 2 2
left_child=1 8 6 -4 5 -5 7 -3 9 -1 -6 -2 21 -14 15 18 -16 -18 -15 20 -20 -13 23 -21 25 -25 28 -28 -26 -30
right_child=11 2 3 4 10 -7 -8 -9 -10 -11 -12 12 13 14 16 -17 17 -19 19 22 -22 -23 -24 24 26 -27 27 -29 29 -31
leaf_value=-0.011106384997704355 -5.7942441001701542e-05 0.093018814849262693 0.049347487352820976 0.024597056935132901 -0.020397165137753182 0.13488533964711744 -0.017359146666492988 -0.067501803108962255 -0.064708625603873832 0.15748941461478569 0.023919378113633316 -0.0139269753374077 -0.0057887789760465939 -0.010008110717028196 -0.0024422074654783191 0.0047631156469524431 0.0068857342639762516 0.056310338364696545 0.13291183823595368 -0.0048587940359563269 -0.0055312920091131097 0.016179907832963192 -0.010349319527493251 0.025912759511559049 -0.0063339205756254291 -0.027286752423136496 -0.067818800948647159 0.068915431160741489 0.042567386543249874 0.12960174388811568
leaf_weight=3029.605180952698 349068.66946276277 6.4746091365814191 12.061750113964079 6.8367924690246564 24.107669711112976 5.4230508804321289 64.162851013243198 6.0908274948596954 80.962120451033115 7.3703102096915236 47.619460634887218 6062.0967448651791 10085.154612824321 56.697390079498291 10322.284596167505 6336.3339895680547 1246.3558476045728 93.580306768417358 91.709604799747467 61.126631796360016 26.816393673419952 548.8034832328558 73.058476626873016 16.038528025150299 17.219597339630127 35.312890768051147 20.254510998725891 54.975522696971893 28.475274205207825 32.312473356723785
leaf_count=9780 1182381 14 15 36 40 12 193 30 299 23 235 15226 34578 70 35377 22495 4374 98 114 76 33 4989 90 20 21 44 25 68 35 40
internal_value=-1.90925e-05 -0.000443243 0.00175052 0.0040793 0.00200992 0.0106351 -0.00116465 0.00619278 -0.000564808 -0.000485646 0.000535682 -1.54603e-05 -0.000140197 -3.10234e-05 0.000153424 0.000499075 -4.99941e-05 0.000892128 0.00222681 0.00277539 0.00558197 -0.000612466 0.00179346 0.00274454 0.0038674 -0.000293094 0.00526163 0.00253143 0.00789463 0.0102145
internal_weight=387568 3290.71 172.777 96.0487 83.987 12.2598 76.7283 12.5654 3117.94 3036.98 71.7271 384277 35208.6 28597.7 18512.6 6850.33 11662.2 1339.94 513.997 457.3 118.526 6610.9 338.774 265.715 204.589 51.3514 153.237 75.23 78.0073 60.7877
internal_count=1310831 10677 575 338 323 48 237 44 10102 9803 275 1300154 117773 97558 62980 23131 39849 4472 636 566 147 20215 419 329 253 64 189 93 96 75
cat_boundaries=0 1
cat_threshold=6
is_linear=0
shrinkage=0.05


Tree=212
num_leaves=31
num_cat=2
split_feature=18 11 10 16 17 2 16 16 10 10 10 0 16 16 10 16 10 10 10 0 5 16 16 16 17 5 16 17 2 17
split_gain=0.210438 0.489224 0.701647 0.697922 0.806758 0.698662 1.24992 0.693438 0.757551 0.581536 1.45673 0.746968 0.639777 1.11897 1.10067 0.858142 0.521231 0.509145 0.930014 0.471612 0.747936 0.469184 0.561255 0.504207 0.455753 0.450857 0.760228 0.628559 0.531776 0.640445
threshold=1.0458333333333336 1.0000000180025095e-35 1.3339768851679699 0.84506216924924515 0.66197798957202592 0 0.74201131889676508 0.81810455653768555 5.4792697198747033 0.0061014869019665038 0.0066058531364937851 37.500000000000007 0.77844195728709664 0.77411901582335829 0.022380281092871965 0.74696725396252228 0.01112691082614283 7.0735233155969857 7.3619828880744267 88.500000000000014 -0.78656609248549292 0.82340483352627902 0.8368590514480303 0.83256737835245809 0.64805509467998179 -0.98296291314453399 0.8847782686317428 0.65813547005910744 1 0.65090371963234628
decision_type=2 2 2 2 2 1 2 2 2 2 2 2 2 2 2 2 2 2 2 2 2 2 2 2 2 2 2 2 1 2
left_child=-1 2 24 4 -3 6 -6 8 9 -7 -11 -12 13 14 15 -13 -17 -5 -19 20 -8 -9 23 -23 -2 26 27 28 29 -26
right_child=1 3 -4 17 5 7 19 21 -10 10 11 12 -14 -15 -16 16 -18 18 -20 -21 -22 22 -24 -25 25 -27 -28 -29 -30 -31
leaf_value=4.7226413876777507e-05 -0.01450086072107002 0.0064023202716342546 -0.0010075042350651043 -0.015056005014700792 0.088233964347004396 -0.0070386343400674935 0.10032005893078746 0.091689444370531711 -0.044004309084584442 0.069026307164096593 0.082386502282284682 0.081856113275789566 -0.055023620683956498 0.11483808085062397 -0.053504070730737797 -0.041263883559520577 0.10443504216140687 0.10415719596696607 -0.014043801135793713 0.059249140701118086 -0.012922316826451664 0.020194789191729436 0.069154086486964875 -0.062287459413618421 0.031052761367371031 -0.0064154291736840292 0.042783871295589457 -0.026212296931663472 -0.01701340523516617 0.11159886671621276
leaf_weight=291827.85571679473 1947.8417844176292 8020.7313700914383 76479.797518562526 1563.2926313877106 35.32945454120636 198.40247877314687 39.243466377258301 44.291600227355957 209.34000150114298 11.807813189923761 30.509865686297417 29.434708476066589 134.60962462425232 16.732871055603027 97.246164120733738 16.368030123412613 14.876646369695662 31.367244005203247 89.911972165107727 19.95694662630558 101.64202905446291 69.850564479827881 34.440974712371826 29.521699190139771 62.920254468917847 6156.0227350257337 18.12327378988266 85.621764659881592 95.507302820682526 55.392453908920288
leaf_count=1198073 2397 9498 90046 1819 36 241 40 45 250 13 33 30 137 17 136 29 19 37 104 26 129 71 35 30 79 7177 21 88 113 62
internal_value=-1.90037e-05 -8.33279e-05 -0.000123712 0.000233002 0.000405115 0.00165366 0.00430302 0.00104222 0.000394733 0.00136907 0.00259042 0.00199045 0.00125411 0.00325057 0.00194787 0.00723218 0.00146092 -0.000702294 0.00241856 0.00265186 0.00163285 0.00386123 0.0023848 0.000478432 -0.000556877 -0.000355111 0.00148206 0.000880215 0.00232984 0.00437205
internal_weight=387568 95740.1 84901.2 10838.9 9154.34 1133.6 196.172 937.433 759.328 549.988 351.586 339.778 309.268 174.658 157.926 60.6794 31.2447 1684.57 121.279 160.842 140.885 178.105 133.813 99.3723 8421.43 6473.59 317.565 299.442 213.82 118.313
internal_count=1310831 112758 99983 12775 10815 1317 231 1086 905 655 414 401 368 231 214 78 48 1960 141 195 169 181 136 101 9937 7540 363 342 254 141
cat_boundaries=0 1 2
cat_threshold=16 11
is_linear=0
shrinkage=0.05


Tree=213
num_leaves=31
num_cat=1
split_feature=1 16 10 17 10 17 8 8 17 16 8 10 16 8 1 5 10 10 16 17 0 1 17 0 16 9 10 2 5 5
split_gain=0.236107 0.357849 0.459458 1.1456 0.427175 0.532732 0.293538 0.488578 0.268235 0.247022 0.74926 0.717346 0.622935 0.618363 1.84226 1.67632 1.02953 0.459889 0.404627 0.812345 0.395435 0.657798 0.376016 0.367215 0.350993 0.498511 0.390799 0.38947 0.320619 0.318798
threshold=157.50000000000003 0.90374560103526036 4.2554201719326556 0.65306806413895013 5.3502393369678822 0.79092434854274274 6.4159146208419617 6.3534997185584592 0.79022443270616816 0.87093098878569231 2.740319461670996 7.9827405244537077 0.87260122516658101 2.6735537653587351 475.50000000000006 0.12940952255126045 5.9812086984327735 7.5525120388659799 0.89517497621427877 0.66383823997485858 36.500000000000007 10898.500000000002 0.76994110842690078 143.50000000000003 0.91167763378283551 1.0000000180025095e-35 2.9262521097915841 0 -0.25881904510252113 -0.37940952255126059
decision_type=2 2 2 2 2 2 2 2 2 2 2 2 2 2 2 2 2 2 2 2 2 2 2 2 2 2 2 1 2 2
left_child=1 6 -3 -4 5 -5 7 -1 -6 -2 13 12 22 20 15 17 -17 -15 -16 -20 21 -11 -12 -13 -14 27 -27 -26 -21 -29
right_child=9 2 3 4 8 -7 -8 -9 -10 10 11 23 24 14 18 16 -18 -19 19 28 -22 -23 -24 -25 25 26 -28 29 -30 -31
leaf_value=-0.010553427068512944 -4.2284725330876684e-05 -0.0094024476401061829 0.046930488196933157 0.12813871134406773 -0.019326931669112257 0.011103371614963997 -0.061422819111926867 0.14961258256335255 0.022721047887257841 0.0080577687742227067 -0.051461656731219052 0.0028596455185658787 -0.011134491041256323 -0.031142473660239256 -0.0064077105194299882 0.24439558665802666 0.068595867862112539 0.18679032477636648 0.11483668980435209 -0.034872403526878148 -0.0013378508703593139 0.073492051859172625 -0.023377948151539752 0.058720086401687334 -0.008607599499085029 0.039420940841498456 -0.01044094197273362 0.0037392699167030142 0.11214626773913222 0.030530678719435978
leaf_weight=3029.605180952698 349068.66946276277 76.728287644684315 12.061750113964079 4.5772721171379072 24.107669711112976 7.6825712323188782 80.962120451033115 7.3703102096915236 47.619460634887218 3072.3931616619229 321.04292470216751 3507.36766949296 7435.1778883188963 17.571939334273342 189.93035646528006 11.833102494478227 10.054479412734507 5.8142210915684691 22.43593031167984 40.033009640872478 18363.777713112533 10.751427821815012 475.77181975543499 6.6718372404575339 182.09640384465456 8.4400784447789174 898.31202978640795 263.75337839126587 32.817006140947342 332.56049793213606
leaf_count=9780 1182381 237 15 7 40 41 299 23 235 10090 484 11329 25972 59 595 38 40 18 27 148 60687 34 1897 22 656 38 3373 940 139 1187
internal_value=-1.84613e-05 -0.000440185 0.00177477 0.0040793 0.00200992 0.0106351 -0.000562924 -0.000483713 0.000535682 -1.48499e-05 -0.000141075 -0.000434778 -0.000652291 4.00656e-05 0.00218637 0.0115562 0.0215012 0.00224844 0.000699059 0.0033579 6.99168e-06 0.000530965 -0.00199297 0.00017908 -0.000535161 0.000116376 -0.000680419 0.00104454 0.000795881 0.00164672
internal_weight=387568 3290.71 172.777 96.0487 83.987 12.2598 3117.94 3036.98 71.7271 384277 35208.6 13431.2 9917.16 21777.4 330.49 45.2737 21.8876 23.3862 285.216 95.2859 21446.9 3083.14 796.815 3514.04 9120.34 1685.16 906.752 778.41 72.85 596.314
internal_count=1310831 10677 575 338 323 48 10102 9803 275 1300154 117773 45898 34547 71875 1064 155 78 77 909 314 70811 10124 2381 11351 32166 6194 3411 2783 287 2127
cat_boundaries=0 1
cat_threshold=8
is_linear=0
shrinkage=0.05


Tree=214
num_leaves=31
num_cat=0
split_feature=1 16 10 16 10 16 10 10 5 5 10 8 10 4 11 10 0 0 8 16 5 8 8 0 16 0 16 16 10 16
split_gain=0.232658 0.250507 0.24924 0.256435 0.335916 0.331933 0.328288 0.372032 0.236488 0.340311 0.442441 0.420384 0.23601 0.23117 0.24688 0.456753 0.305252 0.352823 0.293889 0.545884 0.366529 0.674796 0.275579 0.304533 0.384501 1.13581 0.259985 0.564227 0.509672 0.230908
threshold=157.50000000000003 0.85382885972224343 3.555428868879384 0.8604331563503772 8.0454510265001318 0.91167763378283551 7.8345042055976304 5.283083967317161 0.78656609248549325 0.25881904510252091 7.4931540695953087 1.0000000180025095e-35 0.0083147347355221144 1.5000000000000002 1.0000000180025095e-35 4.2554201719326556 62.500000000000007 39.500000000000007 3.1132683346437333 0.76147646873488994 -0.9159756150367534 5.2806591939842535 2.740319461670996 45.500000000000007 0.8031598128688493 40.500000000000007 0.74921355212946705 0.80742409001324889 2.8159497556634725 0.87093098878569231
decision_type=2 2 2 2 2 2 2 2 2 2 2 2 2 2 2 2 2 2 2 2 2 2 2 2 2 2 2 2 2 2
left_child=1 12 -3 6 5 -5 7 -4 9 10 -7 -11 -1 14 15 -14 17 -16 19 -17 21 -20 23 24 25 -21 -19 28 -28 -2
right_child=29 2 3 4 -6 8 -8 -9 -10 11 -12 -13 13 -15 16 18 -18 26 20 22 -22 -23 -24 -25 -26 -27 27 -29 -30 -31
leaf_value=0.0059509149070069434 -4.0170489064328413e-05 -0.0074510468899311013 0.087065566308703976 0.0099056202931766986 -0.059621686793517203 -0.00016370241682603926 0.034421978746755455 -0.021626716907594948 -0.02331180728289586 0.12173177577686434 0.042330719887498307 0.0036791562906024924 -0.048087502559966473 -0.024524824938056789 -0.07281834606052269 -0.02729831558102469 -0.040385255706622485 -0.064674880204675225 -0.071268906156675083 -0.052615015764775966 -0.045175467138264973 0.11148644940269335 0.20483612525186415 0.058958457538812549 0.05753220901648879 0.14053205535394273 0.1784214306840653 0.032788424831323715 0.16095351044681291 -0.0018977600412187991
leaf_weight=403.65800000727177 349068.66946276277 209.73259951174259 13.118464194238184 190.36951728910208 38.948053196072578 27.476346008479595 9.1845417618751508 29.116923682391644 18.207489870488644 5.6723773777484885 12.248624600470064 9.7747991234064084 81.183526571840048 1899.7248875238001 7.798300400376319 45.516301885247231 33.039102096110582 8.0310661271214467 6.8380950875580293 7.4170556776225558 73.384077448397875 5.8880388513207436 9.7093165926635248 79.56882069632411 17.298388876020908 8.4340957477688772 6.4408034943044212 21.060010649263859 11.874998718500136 35208.606875397265
leaf_count=1296 1182381 649 37 655 105 105 20 99 62 21 38 37 287 6090 27 119 114 21 26 32 291 18 35 310 45 31 15 54 38 117773
internal_value=-1.80037e-05 -0.000436635 0.000522732 0.00133175 0.00077719 0.00141726 0.0045963 0.00273326 0.00427427 0.00590488 0.00345615 0.0122022 -0.000635009 -0.000828904 0.000227475 -0.000391912 0.00258051 0.00485551 0.000651378 0.00186909 -0.00172356 0.00610982 0.00360721 0.00291099 0.00693744 0.0125628 0.00647671 0.00814894 0.0145669 -1.44188e-05
internal_weight=387568 3290.71 563.85 354.117 302.697 263.749 51.4199 42.2354 73.3796 55.1721 39.725 15.4472 2726.86 2323.21 423.482 335.238 88.2443 55.2052 254.054 167.944 86.1102 12.7261 122.428 112.718 33.1495 15.8512 47.4069 39.3758 18.3158 384277
internal_count=1310831 10677 1828 1179 1023 918 156 136 263 201 143 58 8849 7553 1463 1194 269 155 907 572 335 44 453 418 108 63 128 107 53 1300154
is_linear=0
shrinkage=0.05


Tree=215
num_leaves=31
num_cat=0
split_feature=16 16 4 4 16 16 16 16 7 16 16 6 16 16 16 16 16 16 16 16 16 16 16 0 0 6 16 3 1 7
split_gain=0.195729 0.984381 0.770086 0.668684 3.17731 0.96713 1.79825 1.08577 0.868844 0.851649 1.47156 0.814824 0.805653 0.760259 1.38957 1.17095 2.11408 1.78439 0.785285 1.35031 1.21176 1.02457 1.1059 0.727842 0.856971 1.02256 0.701169 0.665703 0.780157 0.922602
threshold=0.83375273960117646 0.83626252219812136 3.5000000000000004 1.5000000000000002 0.83256737835245809 0.81327991938713906 0.81104456713643081 0.81354795087357534 3.9219243190762363 0.81496621376278278 0.81536292963384094 0.37940952255126048 0.80417266174550694 0.81728538680709095 0.81680104559265798 0.81759950385457481 0.81862082546193804 0.81810455653768555 0.82537325419067853 0.83214013540678655 0.82340483352627902 0.82686176440553638 0.82922542429719359 53.500000000000007 47.500000000000007 0.37940952255126048 0.82137319586356661 1.0000000180025095e-35 1018.5000000000001 3.1984648276080736
decision_type=2 2 2 2 2 2 2 2 2 2 2 2 2 2 2 2 2 2 2 2 2 2 2 2 2 2 2 2 2 2
left_child=3 2 -2 4 5 6 -1 -7 11 -9 -11 -6 -5 14 -12 -15 17 -17 20 21 26 -20 -23 24 -24 -26 -18 -19 29 -29
right_child=1 -3 -4 12 8 7 -8 9 -10 10 13 -13 -14 15 -16 16 18 27 19 -21 -22 22 23 -25 25 -27 -28 28 -30 -31
leaf_value=-0.0017581183549627345 -0.015842246865435783 -0.00040341733731485974 0.0066090457817044486 -0.00047283171432184191 0.10574541152168915 -0.014298707860743649 0.04955279625496814 0.025224428539153788 0.094653022421007246 -0.026020786331488945 0.0098672484358835588 0.16437753720461853 0.0032124762203945782 -0.03043636024026727 0.097514734905574496 0.022389064756128497 -0.0061327559190477391 0.11951055763641696 0.05306981745943793 -0.034363496024007137 -0.018099365045396998 -0.0017996391056201322 0.045739277782414649 0.01212564612401006 0.069108506501181097 0.17726929510905293 0.036482053749329925 0.11511540100282357 0.059175085603094639 0.18662383922965611
leaf_weight=23050.790453951806 5916.6460500657558 95750.096724204719 1855.1306327730417 177560.36464921385 46.012351870536804 2028.5838693082333 315.20675475895405 553.88521638512611 100.96231272816658 790.94384756684303 675.53347576409578 16.461143344640732 71674.142827659845 500.62722048908472 34.866817653179169 119.15670789778233 1323.6506131738424 25.841835610568523 151.35883350670338 441.71843163669109 2379.4456738084555 1305.8212620615959 110.82838872075081 165.00925155729055 34.274346739053726 13.90318391472101 463.9475931674242 9.016825698316099 23.345164954662323 19.456909537315369
leaf_count=81563 19294 309369 6048 643067 155 3122 1158 1332 521 1681 2311 62 215191 1773 129 761 5075 93 614 2556 8616 2506 394 583 122 43 1327 25 77 51
internal_value=-1.77848e-05 -7.66393e-05 -0.000617824 3.67338e-06 -0.000201966 -0.000234878 -5.19308e-05 -0.000617536 0.00675309 -0.000385343 -0.000507892 0.0113876 3.23043e-05 -0.000299452 0.00125994 -0.000455757 -0.000278577 0.00482543 -0.000435786 0.000323119 -0.000840624 0.000936801 0.00057136 0.00318602 0.00560011 0.0111675 0.000143084 0.0107226 0.0139917 0.0195468
internal_weight=387457 103522 7771.78 283935 34700.6 34537.2 23366 11171.2 163.436 9142.63 8588.75 62.4735 249235 7797.8 710.4 7087.4 6586.78 196.817 6389.96 2222.91 4167.04 1781.2 1629.84 324.015 159.006 48.1775 1787.6 77.6607 51.8189 28.4737
internal_count=1309619 334711 25342 974908 116650 115912 82721 33191 738 30069 28737 217 858258 27056 2440 24616 22843 1007 21836 6818 15018 4262 3648 1142 559 165 6402 246 153 76
is_linear=0
shrinkage=0.05


Tree=216
num_leaves=31
num_cat=1
split_feature=4 7 0 10 0 8 8 17 10 0 10 17 5 7 5 0 17 2 7 8 17 8 0 8 7 0 0 18 10 17
split_gain=0.1929 0.368364 0.419281 0.364169 0.359308 0.367253 0.64305 0.306711 0.446656 0.674398 0.614541 0.735858 0.568772 0.557222 0.542093 0.487306 0.484895 0.405131 0.776447 0.555975 0.534679 0.748767 0.783054 0.576748 0.93543 0.533122 0.642766 0.708034 0.619729 0.529477
threshold=1.5000000000000002 8.7722229285904714 39.500000000000007 8.3125550392534944 75.500000000000014 6.936828408528867 6.5715827525167967 0.65721354409355948 3.1220594398583335 104.50000000000001 0.0055928205646541074 0.64927633572046617 1.0000000180025095e-35 1.5890269151739729 0.12940952255126045 74.500000000000014 0.64954346602561752 0 6.869533931231917 2.1383330595080281 0.64853776465145774 3.4175922930736511 75.500000000000014 5.2806591939842535 6.6637708581706061 53.500000000000007 38.500000000000007 1.029166666666667 6.507403365479818 0.6544711875884256
decision_type=2 2 2 2 2 2 2 2 2 2 2 2 2 2 2 2 2 1 2 2 2 2 2 2 2 2 2 2 2 2
left_child=1 3 -3 7 5 6 -5 8 9 15 11 -11 -10 14 16 -1 -14 19 -19 25 21 22 -21 -23 -25 26 -15 29 -27 -28
right_child=-2 2 -4 4 -6 -7 -8 -9 12 10 -12 -13 13 17 -16 -17 -18 18 -20 20 -22 23 -24 24 -26 28 27 -29 -30 -31
leaf_value=-0.0075300059595660336 -9.6658150695305703e-05 -0.031513859475954954 -0.004844420005796924 0.023026961179816133 -0.021845013493186904 -0.05280823006005058 0.10417334917246467 -0.00037555254903431923 -0.0083778614000853627 0.14051444348396666 0.010592958468845493 0.072902551909529351 0.098263088141670896 -0.02484244874427527 0.032290063400500627 -0.022973259022478421 0.079416586440354084 0.00022651290127939649 -0.054799437995306649 0.088591255100836055 0.0094196035509542704 -0.0021142697723240292 -0.061836249465168025 0.065492111407456061 0.022670966773598658 -0.03359168606837154 0.13383810093361298 0.017310404900201217 0.0088207000423312643 0.014797599496995106
leaf_weight=2123.0907179713249 340583.1936443001 415.54282878339291 1945.6608447246253 369.40652707964182 95.24590153619647 31.997956193983555 14.831124752759932 33772.026168320328 3972.5671914219856 17.590442478656769 117.73620223999023 18.803736448287964 22.754810690879822 156.05571389198303 337.46769154071808 437.34335911273956 22.554313719272614 1114.4774641990662 246.39472854137421 101.78854119777679 640.00250989198685 134.3306303024292 25.157222986221313 18.667354643344879 56.367508709430695 210.37115722894669 14.669064462184908 228.16633898019791 196.24669885635376 16.520974516868591
leaf_count=2678 1152569 1417 6634 949 242 84 38 134787 5008 22 148 24 28 196 429 552 28 1408 310 126 810 167 31 23 70 264 21 283 249 24
internal_value=-1.86234e-05 -0.000113721 -0.000722302 -8.14387e-05 0.00124503 0.00187896 0.00230755 -9.6858e-05 -0.00033672 -0.000886437 0.00232568 0.00800426 -0.00013814 0.000322539 0.00212422 -0.0010798 0.00725942 0.000104245 -0.000544741 0.000595076 0.00140508 0.00301922 0.00604904 0.00118214 0.00469343 -0.000359718 0.000900057 0.00242568 -0.00164674 0.00949157
internal_weight=387457 46873.8 2361.2 44512.6 511.482 416.236 384.238 44001.2 10229.1 2714.56 154.13 36.3942 7514.56 3541.99 382.777 2560.43 45.3091 3159.22 1360.87 1798.34 976.314 336.311 126.946 209.365 75.0349 822.03 415.412 259.356 406.618 31.19
internal_count=1309619 157050 8051 148999 1313 1071 987 147686 12899 3424 194 46 9475 4467 485 3230 56 3982 1718 2264 1227 417 157 260 93 1037 524 328 513 45
cat_boundaries=0 1
cat_threshold=7
is_linear=0
shrinkage=0.05


Tree=217
num_leaves=31
num_cat=0
split_feature=4 16 16 16 16 3 7 17 16 17 0 17 16 0 5 16 16 17 0 16 16 16 10 0 16 17 10 6 10 6
split_gain=0.177877 1.12359 1.6571 1.58596 1.22881 0.789906 0.795513 0.771053 0.70412 0.66247 0.651904 0.640035 0.806986 0.685804 0.678573 0.621531 0.955215 0.898518 1.75756 1.10957 0.750723 0.771799 0.700702 0.697989 0.646299 0.630353 0.628031 0.634904 0.617241 0.597331
threshold=1.5000000000000002 0.82537325419067853 0.81327991938713906 0.81104456713643081 0.82686176440553638 1.0000000180025095e-35 5.1503930356556173 0.79677860583903626 0.8847782686317428 0.64954346602561752 87.500000000000014 0.74075138247375838 0.97182285662211954 55.500000000000007 0.91597561503675362 0.82458796640878562 0.81536292963384094 0.6657714024266651 94.500000000000014 0.81953658246555017 0.81862082546193804 0.81634941973475705 7.6487177596033016 55.500000000000007 0.82340483352627902 0.79610934184877735 5.7774105117271706 -0.12940952255126037 8.0353250454199436 -0.5
decision_type=2 2 2 2 2 2 2 2 2 2 2 2 2 2 2 2 2 2 2 2 2 2 2 2 2 2 2 2 2 2
left_child=1 2 3 -1 -3 -6 7 8 -7 -5 11 -10 -13 -14 -15 16 25 18 19 20 21 26 -23 -21 -19 -4 27 -18 -8 -12
right_child=-2 4 15 9 5 6 28 -9 10 -11 29 12 13 14 -16 -17 17 24 -20 23 -22 22 -24 -25 -26 -27 -28 -29 -30 -31
leaf_value=-0.001591521620812575 -9.1825243160537084e-05 0.050435104213917774 -0.013814118058999115 0.096406567567983104 -0.005356394765704842 0.021345055718531781 -0.008246803739708054 -0.0046892656178725289 -0.010366356383822285 0.042068513246915407 0.088537005036346497 0.0037678465137710674 0.030376152734801654 0.095543281609143008 -0.014455305653144724 -0.021848927183968653 -0.004199051738242021 -0.00083640531546498316 0.15395327995697178 0.13875449739213144 -0.036059287636543667 0.11391153005257443 -0.011348382548243996 -0.035056922259726432 -0.015422146187519482 0.019084351850306599 -0.0043706692422047283 0.036964056421973139 0.011401120682750055 0.010063310545403215
leaf_weight=23050.790453951806 340583.1936443001 151.35883350670338 3188.9137032032013 28.381963849067688 3455.6868543177843 3317.7812405079603 2949.3307860195637 1486.9417844265699 958.19177496433258 286.82479090988636 83.947829067707062 657.97806838154793 69.34251993894577 39.575578838586807 8.9780226647853834 997.46106241643429 35.484614312648773 2656.0389196425676 29.311363935470581 41.069381177425385 226.8714816570282 39.143644392490387 19.786790370941162 20.337769746780396 1358.7352123260498 184.49923005700111 121.6051185131073 29.043479263782501 1275.0786728411913 105.34478022158146
leaf_count=81563 1152569 614 5370 35 10873 7725 10031 10590 1322 1123 204 2064 220 121 25 5036 46 10947 36 51 283 48 24 25 3552 765 154 36 3937 230
internal_value=-1.78606e-05 -0.00010918 -0.000273498 -5.19207e-05 0.000255517 0.000208437 0.000416389 0.000754045 0.00103915 0.00347072 0.00027799 -2.61443e-05 0.00104136 0.00485082 0.00940814 -0.000852086 -0.000704491 -0.000234014 0.00163724 0.000982121 0.000159476 0.00207823 0.00706506 0.00730443 -0.000496263 -0.00134289 0.000499382 0.00448642 -0.000121385 0.0030641
internal_weight=387457 46873.8 32314.3 23366 14559.5 14408.2 10952.5 6728.08 5241.14 315.207 1923.36 1734.07 775.874 117.896 48.5536 8948.3 7950.84 4577.43 562.654 533.342 471.935 245.064 58.9304 61.4072 4014.77 3373.41 186.133 64.5281 4224.41 189.293
internal_count=1309619 157050 109094 82721 47956 47342 36469 22501 11911 1158 4186 3752 2430 366 146 26373 21337 15202 703 667 591 308 72 76 14499 6135 236 82 13968 434
is_linear=0
shrinkage=0.05


Tree=218
num_leaves=31
num_cat=0
split_feature=4 16 16 16 16 3 7 16 16 16 16 16 7 10 16 16 16 16 16 1 16 7 8 16 10 7 6 1 8 1
split_gain=0.184055 1.069 1.57368 1.21431 1.18424 0.694392 0.687767 0.608025 0.91766 0.668283 0.605169 1.54667 0.577911 0.536449 0.532973 0.901279 1.05696 1.32207 1.64189 1.24086 0.811796 0.532928 0.526992 0.867445 1.80225 0.53539 1.00315 0.79095 0.523456 0.512044
threshold=1.5000000000000002 0.82537325419067853 0.81327991938713906 0.82686176440553638 0.81104456713643081 1.0000000180025095e-35 5.1503930356556173 0.82458796640878562 0.81536292963384094 0.82340483352627902 0.81496621376278278 0.81354795087357534 4.3630783395783075 8.0353250454199436 0.82137319586356661 0.82005847370157603 0.81810455653768555 0.81728538680709095 0.81680104559265798 444.50000000000006 0.81862082546193804 7.269964817843598 2.9700856263602158 0.97182285662211954 7.4504533262904724 5.0782890901091458 0.78656609248549303 1061.5000000000002 5.6076369307404796 771.50000000000011
decision_type=2 2 2 2 2 2 2 2 2 2 2 2 2 2 2 2 2 2 2 2 2 2 2 2 2 2 2 2 2 2
left_child=1 2 4 -3 -1 -5 22 8 10 12 11 -4 14 -8 15 16 17 18 -10 -20 -18 -6 -7 25 -25 -24 27 -27 -15 -11
right_child=-2 3 7 5 21 6 13 -9 9 29 -12 -13 -14 28 -16 -17 20 -19 19 -21 -22 -23 23 24 -26 26 -28 -29 -30 -31
leaf_value=-0.0015119455397719418 -8.7233981002521332e-05 0.047913349003221889 -0.012608902998113068 -0.0050885750274196175 0.052700163077717348 0.0083547891642208327 -0.0078344635527226487 -0.020756480824770218 0.016141055769068685 -0.017080523278763561 -0.024010263484512823 0.024672690642597764 -0.006537056795840524 0.020386172530571223 0.062224840595226795 -0.012954446733198399 0.10821595354994572 -0.019130076327192463 -0.024342494379230441 0.099361048640915828 0.040580180687952189 -0.0033720919594094848 0.010971486117881802 -0.020843214471564366 0.10892392228686415 -0.0020192489315326912 0.28899253422040755 0.070345775116078896 -0.003442054104250092 -0.0017130096072041662
leaf_weight=23050.790453951806 340583.1936443001 151.35883350670338 2028.5838693082333 3455.6868543177843 242.96436634659767 6224.3681644201279 2949.3307860195637 997.46106241643429 367.41623841971159 624.09835982322693 790.94384756684303 553.88521638512611 1658.571822591126 634.36927272379398 171.66588411480188 376.66691043972969 53.565749324858189 353.39648167788982 6.2050250545144108 16.141464486718178 191.81358783692122 72.242388412356377 428.65101751685143 10.95621754974127 12.427364885807036 28.042525932192802 6.9011290073394767 16.735179699957371 640.70940011739731 757.88625156879425
leaf_count=81563 1152569 614 3122 10873 901 20734 10031 5036 1219 1488 1681 1332 5706 1972 472 1841 161 1404 26 54 739 257 1516 46 34 89 23 59 1965 2092
internal_value=-1.75762e-05 -0.000110468 -0.000270745 0.000245259 -5.48174e-05 0.000198458 0.000393433 -0.00083458 -0.000688597 -0.000227462 -0.00131432 -0.000943698 0.000169844 -0.000106598 0.000868372 0.000538194 0.00133121 0.000391748 0.00239986 0.0155587 0.00417648 0.00298917 0.000707391 0.00226293 0.011667 0.00180513 0.00661276 0.00387796 0.00075033 -0.00114612
internal_weight=387457 46873.8 32314.3 14559.5 23366 14408.2 10952.5 8948.3 7950.84 4577.43 3373.41 2582.47 3195.44 4224.41 1536.87 1365.21 988.539 743.159 389.763 22.3465 245.379 315.207 6728.08 503.713 23.3836 480.33 51.6788 44.7777 1275.08 1381.98
internal_count=1309619 157050 109094 47956 82721 47342 36469 26373 21337 15202 6135 4454 11622 13968 5916 5444 3603 2703 1299 80 900 1158 22501 1767 80 1687 171 148 3937 3580
is_linear=0
shrinkage=0.05


Tree=219
num_leaves=31
num_cat=0
split_feature=4 16 16 16 16 3 7 17 16 17 16 16 17 16 16 16 10 0 17 3 8 16 16 16 16 16 17 17 10 16
split_gain=0.183034 0.988641 1.54621 1.10721 1.05158 0.622676 0.639944 0.792788 0.603773 0.579389 0.548819 0.842709 0.76559 1.44863 0.943296 0.836547 0.797459 0.695558 0.592781 0.567291 0.680684 0.557105 0.596498 1.2922 1.1042 0.966589 0.66792 0.62611 0.989886 0.613884
threshold=1.5000000000000002 0.82537325419067853 0.81327991938713906 0.81104456713643081 0.82686176440553638 1.0000000180025095e-35 3.7494348669884658 0.79665758589938462 0.97182285662211954 0.6484252398823479 0.82458796640878562 0.81536292963384094 0.6657714024266651 0.81953658246555017 0.81862082546193804 0.81634941973475705 7.6487177596033016 80.500000000000014 0.79610934184877735 1.0000000180025095e-35 3.1984648276080736 0.82340483352627902 0.81759950385457481 0.82005847370157603 0.81728538680709095 0.81680104559265798 0.80672842785710097 0.78997110768990131 6.507403365479818 0.82088808205360964
decision_type=2 2 2 2 2 2 2 2 2 2 2 2 2 2 2 2 2 2 2 2 2 2 2 2 2 2 2 2 2 2
left_child=1 2 3 -1 -3 -6 7 -7 -8 -5 11 18 13 14 15 17 -17 -13 -4 -15 -21 22 24 27 25 -14 29 28 -24 -25
right_child=-2 4 10 9 5 6 8 -9 -10 -11 -12 12 21 19 -16 16 -18 -19 -20 20 -22 -23 23 26 -26 -27 -28 -29 -30 -31
leaf_value=-0.0014363482627833381 -8.2872281952406371e-05 0.045517681553060796 -0.012492967006143508 0.088951231035698089 -0.0048341462760486571 0.017044422444646441 -0.0005006839391627605 -0.0068055558265422977 0.043007070090561685 0.039821258699610063 -0.019718656783531709 -0.00030696001546561826 0.0025893858995933109 0.096880409332010545 -0.03358989303944622 0.10280515587244841 -0.010454110581039755 0.15100445899419729 0.018760579407696921 0.14314437392936183 0.08610818387598794 -0.013797012714205331 0.12989425960158474 -0.018349141613845245 -0.028037368256179251 0.079525217276041213 0.12371245788826933 0.038015780537176649 0.045264163992297872 0.0063159315826926358
leaf_weight=23050.790453951806 340583.1936443001 151.35883350670338 3188.9137032032013 20.18019026517868 3455.6868543177843 3440.0064581185579 6168.3677403405309 1015.5155068784952 328.6013525351882 295.02656449377537 997.46106241643429 174.76271694898605 463.76196414977312 18.010930240154266 237.13704895973206 42.608863711357117 19.786790370941162 22.928754389286041 184.49923005700111 31.539029777050018 15.879508972167967 1358.7352123260498 11.036133885383608 506.72602451592684 498.38457200676203 27.579675614833832 8.1854304745793325 417.03151281177998 19.463433384895325 703.87017279863358
leaf_count=81563 1152569 614 5370 25 10873 7816 20279 7231 1143 1133 5036 221 2044 22 296 52 24 29 765 39 20 3552 22 2754 1770 120 78 2307 36 1816
internal_value=-1.74291e-05 -0.000110063 -0.000264198 -5.0163e-05 0.000232033 0.00018848 0.000373112 0.000834632 5.66085e-05 0.00289316 -0.00082309 -0.000684396 -0.000242494 0.0014848 0.000564483 0.00264398 0.00769144 0.00105089 -0.00128402 0.00847868 0.011348 -0.000484568 -6.32999e-05 0.000514179 -0.00103555 0.000646456 -0.000329555 0.00281196 0.00972742 -0.000425802
internal_weight=387457 46873.8 32314.3 23366 14559.5 14408.2 10952.5 4455.52 6496.97 315.207 8948.3 7950.84 4577.43 562.654 497.224 260.087 62.3957 197.691 3373.41 65.4295 47.4185 4014.77 2656.04 1666.31 989.726 491.342 1218.78 447.531 30.4996 1210.6
internal_count=1309619 157050 109094 82721 47956 47342 36469 15047 21422 1158 26373 21337 15202 703 622 326 76 250 6135 81 59 14499 10947 7013 3934 2164 4648 2365 58 4570
is_linear=0
shrinkage=0.05


Tree=220
num_leaves=31
num_cat=1
split_feature=6 10 8 8 8 0 9 18 16 12 18 16 16 4 0 16 17 16 8 0 0 17 10 2 10 16 0 16 16 17
split_gain=0.306158 0.460215 0.990066 0.516256 0.769127 0.4692 0.385303 0.65178 0.454074 0.376831 0.373062 0.543486 0.922664 1.96669 0.52169 0.401928 0.45816 0.566576 0.621363 0.57489 0.483739 0.599283 0.772923 0.42551 0.468346 0.400262 0.465556 0.510695 0.481841 0.461295
threshold=-0.37940952255126015 7.0735233155969857 1.4978661367769956 6.9674381702079344 7.3546821257633672 85.500000000000014 1.7005986908310777 1.0791666666666668 0.81354795087357534 1.0000000180025095e-35 1.0791666666666668 0.77026250544891328 0.78950820384860276 1.5000000000000002 75.500000000000014 0.73733268991567924 0.64725493382190846 0.72594608427542362 2.4414009612931857 33.500000000000007 53.500000000000007 0.64632798978931005 6.4847746935035122 0 0.058681907356509619 0.76729534643992026 42.500000000000007 0.76232687082252271 0.76386542164760074 0.65813547005910744
decision_type=2 2 2 2 2 2 2 2 2 2 2 2 2 2 2 2 2 2 2 2 2 2 2 1 2 2 2 2 2 2
left_child=1 2 9 5 6 10 7 8 -5 -1 15 25 13 -13 -15 16 17 19 -19 -4 -21 22 -22 -18 -25 26 27 -12 -29 -30
right_child=-2 -3 3 4 -6 -7 -8 -9 -10 -11 11 12 -14 14 -16 -17 23 18 -20 20 21 -23 -24 24 -26 -27 -28 28 29 -31
leaf_value=0.0024807167259724761 -0.0007828696744532238 0.0025752179491297157 0.094110245029776163 0.055860500369018684 -0.020573107240639123 0.0049140256283746638 0.03926689431946806 0.18639863256744574 0.12312965772797431 -0.0047783354261264899 -0.0022796239202172333 0.10924157321681789 -0.011445019909027044 0.010721547850031099 -0.10135074233922814 -0.0048003282690045612 0.017444348929311015 0.12296343831454203 0.01293682873284987 -0.081075698256561121 0.096423470905883421 -0.078565715386792023 -0.022663287413574332 0.072018065124924216 -0.010813283517549089 -0.062358296001835511 -0.0425307238038172 0.082505729070451408 -0.14438441628861007 0.16708881342007326
leaf_weight=66399.061606235802 196536.47786740586 71535.471733912826 17.028225541114807 55.753764301538467 228.79604001715779 5730.3581239655614 181.15129317715764 7.7696199268102637 35.237083375453949 3292.1759899705648 189.9850007891655 34.759777903556824 2018.6912395954132 372.06869870424271 36.074638426303864 37476.227046471089 1131.7805984541774 25.991443574428558 56.920928359031677 61.476804912090302 27.723974764347076 28.292658567428589 22.715545833110809 34.977043069899082 1513.0350226536393 85.298790574073792 734.50172135233879 8.5619245171546954 9.2571167349815386 6.9424734935164443
leaf_count=217352 669317 237126 21 254 995 19495 745 10 131 12194 199 36 2122 391 38 142228 3291 32 70 76 34 35 28 105 4406 90 883 9 10 46
internal_value=-5.88955e-06 3.91282e-05 -2.07844e-05 -0.000190244 0.00139448 -0.00020649 0.0031522 0.0056646 0.00447766 0.000101114 -0.000262043 -0.000757541 -0.000353396 0.00171324 0.000740905 -0.000219159 0.000345862 0.00243805 0.00578252 0.000674492 -0.000379121 0.00221606 0.00548315 0.00015837 -0.000380289 -0.00171916 -0.00142434 0.000623511 0.00737747 0.00230679
internal_weight=387895 191358 119823 50131.4 508.708 49622.7 279.912 98.7605 90.9908 69691.2 43892.3 3496.14 2461.59 442.903 408.143 40396.2 2919.94 240.15 82.9124 157.237 140.209 78.7322 50.4395 2679.79 1548.01 1034.55 949.248 214.747 24.7615 16.1996
internal_count=1311769 642452 405326 175780 2135 173645 1140 395 385 229546 154150 3824 2587 465 429 150326 8098 296 102 194 173 97 62 7802 4511 1237 1147 264 65 56
cat_boundaries=0 1
cat_threshold=12
is_linear=0
shrinkage=0.05


Tree=221
num_leaves=31
num_cat=0
split_feature=6 10 8 8 1 16 17 8 0 10 1 0 17 8 16 0 6 1 10 17 10 10 9 8 17 17 17 17 16 13
split_gain=0.273376 0.439505 0.924429 0.412383 0.753125 0.825242 1.3484 0.651869 0.428646 0.415111 0.398881 0.469047 0.500242 0.688627 0.510475 0.391744 0.354393 0.429665 1.23295 0.528587 0.350671 0.552159 0.420273 0.398385 0.568237 0.360825 1.26876 0.437183 0.338879 0.333514
threshold=-0.37940952255126015 7.0735233155969857 1.4978661367769956 6.9674381702079344 4606.5000000000009 0.75692737795582421 0.66656010559132584 7.3546821257633672 85.500000000000014 6.3532720516638044 176.50000000000003 54.500000000000007 0.66383823997485858 1.0000000180025095e-35 0.77205513822544292 38.500000000000007 -0.9159756150367534 157.50000000000003 6.6984141434628581 0.65047227725875179 6.1117791469975336 6.5298753861640817 2.249904835165133 7.023313520410543 0.79460608715672754 0.65306806413895013 0.66847687381717125 0.79050730550139992 0.6500768209777964 1.0000000180025095e-35
decision_type=2 2 2 2 2 2 2 2 2 2 2 2 2 2 2 2 2 2 2 2 2 2 2 2 2 2 2 2 2 2
left_child=1 2 10 8 7 -6 -7 20 -4 -8 11 12 13 15 -15 -1 17 -13 19 -19 -5 25 23 24 -23 -22 -27 -28 -18 -12
right_child=-2 -3 3 4 5 6 9 -9 -10 -11 29 16 -14 14 -16 -17 28 18 -20 -21 21 22 -24 -25 -26 26 27 -29 -30 -31
leaf_value=-0.048992821143940081 -0.00074372619073055375 0.0024464570516732121 -0.0045603118555543444 -0.0267916752146252 -0.02694038550157285 0.20486635181373264 0.12986023287454149 -0.033943018701928285 0.0046683243469559212 0.012412910223450792 0.002046254551969673 0.01424971359745373 0.016458266231735321 0.13773324879907686 0.0095727925360209031 0.056544452607017529 0.047403205465679402 0.084204765990483307 0.1815297554495916 0.015625726787463014 -0.047301474761008745 0.17707870093907346 -0.031706219260666794 0.032647356455184087 -0.03906322894238539 0.21000104356026356 -0.079293760927969095 0.10361607130509257 -0.017829709201100007 -0.0050250043947699611
leaf_weight=58.582595646381378 196536.47786740586 71535.471733912826 43892.310674291104 57.27572913095355 8.6978557258844358 7.7832249402999905 5.9162360057234791 213.23257672786713 5730.3581239655614 12.356067959219216 65108.74839015305 161.0645840652287 408.30264299362898 17.206110000610352 17.920062839984894 132.32968014478683 6.8428441733121863 7.8107534646987906 7.0157834589481345 54.100750561803579 5.189073681831359 11.749847084283831 59.493313528597355 68.19696356356144 7.5727824606001368 6.4629046916961661 7.6929391026496878 37.088286194950342 467.86788697913289 3243.4455117247999
leaf_count=73 669317 237126 154150 294 24 10 40 931 19495 70 213310 501 1728 21 22 164 18 10 18 190 7 24 243 257 38 9 16 172 1468 12023
internal_value=-5.78736e-06 3.6752e-05 -2.1797e-05 -0.000185543 0.00123081 0.0083354 0.012787 0.000709854 -0.000200063 0.00536345 9.59916e-05 0.000950628 0.00193696 0.00382407 0.0102579 0.0026403 6.27787e-05 0.00167368 0.00497724 0.00272612 0.0023868 0.00335976 0.00174589 0.00395004 0.0102875 0.007564 0.00883625 0.00584741 -0.000717683 7.92489e-05
internal_weight=387895 191358 119823 50131.4 508.708 34.7534 26.0555 473.954 49622.7 18.2723 69691.2 1339.04 634.341 226.038 35.1262 190.912 704.703 229.992 68.9273 61.9115 260.722 203.446 147.013 87.5196 19.3226 56.4332 51.2441 44.7812 474.711 68352.2
internal_count=1311769 642452 405326 175780 2135 144 120 1991 173645 110 229546 4213 2008 280 43 237 2205 719 218 200 1060 766 562 319 62 204 197 188 1486 225333
is_linear=0
shrinkage=0.05


Tree=222
num_leaves=31
num_cat=0
split_feature=6 10 8 8 1 16 17 8 16 17 0 10 10 10 10 16 16 10 10 0 1 1 17 16 1 1 10 1 10 10
split_gain=0.251529 0.379672 0.793936 0.400536 0.713746 0.801469 1.38863 0.648945 0.414486 0.850898 1.13894 1.0496 0.833027 0.777335 0.693254 0.555259 0.845237 1.30652 0.659248 0.592798 0.473507 0.456457 0.36724 0.438261 0.392778 0.364014 0.35859 0.349519 0.405115 0.402319
threshold=-0.37940952255126015 7.0735233155969857 1.4978661367769956 6.9674381702079344 4606.5000000000009 0.75692737795582421 0.66656010559132584 7.3546821257633672 0.7355916861827595 0.6484252398823479 77.500000000000014 6.8535334408403505 6.4847746935035122 6.2596303779279365 5.283083967317161 0.72811069527815941 0.70870188235304732 6.2358486112362446 4.1882333364740107 53.500000000000007 1027.5000000000002 192.50000000000003 0.79012795506376243 0.7434124931127456 17777.000000000004 984.50000000000011 6.3532720516638044 176.50000000000003 6.0888949902463336 0.0071637638140005979
decision_type=2 2 2 2 2 2 2 2 2 2 2 2 2 2 2 2 2 2 2 2 2 2 2 2 2 2 2 2 2 2
left_child=1 2 27 8 7 -6 -7 -5 9 10 12 13 15 14 -12 16 17 18 -4 -17 21 -11 23 -10 -24 -18 -8 28 29 -1
right_child=-2 -3 3 4 5 6 26 -9 22 20 11 -13 -14 -15 -16 19 25 -19 -20 -21 -22 -23 24 -25 -26 -27 -28 -29 -30 -31
leaf_value=0.025508111694864555 -0.00070653988119402384 0.0023241341990895672 -0.054028204690700625 0.060511761360753383 -0.025593366226494219 0.19462303422304603 0.12336722123081439 -0.032245867766831894 -0.03270499536709557 -0.065886946690197595 0.081522736784096148 0.075412595953545047 -0.044648463398549776 -0.046784188528961226 0.10299630088814182 0.01251800288898508 0.028035681859150154 0.10306765343865409 0.069116086562117748 0.092924118151006638 -0.010044603748893932 0.021098666637033858 -0.0022713231338820083 -0.0059057451283458743 0.051223780897176635 -0.082810679714010155 0.011792264712278256 0.0013885485997333859 0.046676676874523662 -0.0016719184712256309
leaf_weight=359.03239457309246 196536.47786740586 71535.471733912826 22.724248349666595 260.72183943912387 8.6978557258844358 7.7832249402999905 5.9162360057234791 213.23257672786713 604.15189960598946 59.559974394738674 22.819711267948151 16.907370924949646 110.62540304660797 30.902316570281982 16.125355362892151 24.294871807098389 36.730671226978302 16.137525498867035 47.918292462825775 28.58855277299881 1755.1034317016602 1404.0551360920072 24157.107315566391 21133.800757020712 87.973518542945385 47.142446041107178 12.356067959219216 68352.19390187785 228.24510960280895 751.76619015261531
leaf_count=1100 669317 237126 28 1060 24 10 40 931 838 168 28 21 137 38 20 30 45 20 59 35 4807 3785 132555 30522 451 58 70 225333 747 2366
internal_value=-4.93796e-06 3.58663e-05 -1.85517e-05 -0.000170301 0.00122556 0.00814191 0.0125289 0.000718406 -0.000184611 0.000329024 0.00244311 0.00754763 0.00111788 0.00484181 0.00954041 0.00287409 0.00148686 0.00494629 0.00201402 0.00735061 5.25615e-05 0.000716656 -0.000225266 -0.000374493 -9.14699e-05 -0.00209246 0.00499544 9.06071e-05 0.000890617 0.000496392
internal_weight=387895 191358 119823 50131.4 508.708 34.7534 26.0555 473.954 49622.7 3639.64 420.917 86.7548 334.162 69.8474 38.9451 223.537 170.653 86.7801 70.6425 52.8834 3218.72 1463.62 45983 21738 24245.1 83.8731 18.2723 69691.2 1339.04 1110.8
internal_count=1311769 642452 405326 175780 2135 144 120 1991 173645 9279 519 107 412 86 48 275 210 107 87 65 8760 3953 164366 31360 133006 103 110 229546 4213 3466
is_linear=0
shrinkage=0.05


Tree=223
num_leaves=31
num_cat=1
split_feature=6 4 16 17 1 1 16 5 1 0 0 0 18 16 17 17 6 2 1 0 0 16 9 17 16 6 17 0 16 16
split_gain=0.222073 0.293823 0.719585 0.727479 0.839878 0.512145 0.573278 0.48369 0.558942 0.683676 0.458042 0.444806 0.775694 0.430841 0.484993 0.365569 0.43476 0.377665 0.360212 0.337011 1.36669 0.332508 0.626712 0.995058 0.415814 0.366498 0.536181 0.357687 0.326116 0.53648
threshold=-0.37940952255126015 2.5000000000000004 0.70095262182836504 0.64805509467998179 618.50000000000011 511.50000000000006 0.69056601514900129 0.78656609248549325 1533.5000000000002 87.500000000000014 38.500000000000007 86.500000000000014 1.0958333333333337 0.6262678782415706 0.64632798978931005 0.64555464890881631 -0.70710678118654757 0 611.50000000000011 58.500000000000007 52.500000000000007 0.86308177560703947 6.8695328517904199 0.73245799793552135 0.92481023624323644 -0.98296291314453399 0.72406633601923109 41.500000000000007 0.85570644998864431 0.85472328363330063
decision_type=2 2 2 2 2 2 2 2 2 2 2 2 2 2 2 2 2 1 2 2 2 2 2 2 2 2 2 2 2 2
left_child=1 2 3 4 5 6 -1 -5 9 -9 -10 15 -13 14 -6 16 17 18 -4 20 -19 -3 24 -24 -23 26 -26 -28 29 -17
right_child=-2 21 11 7 13 -7 -8 8 10 -11 -12 12 -14 -15 -16 28 -18 19 -20 -21 -22 22 23 -25 25 -27 27 -29 -30 -31
leaf_value=0.029764257812786445 -0.00067121288713432046 0.0022284014664820883 0.030337345936082241 0.00448640612576674 -0.01247056270333804 0.051550519775890008 0.086676930281434222 0.041548622126916304 0.092962689548399258 0.074319973678340021 -0.084062103834918356 0.0062937923870685086 0.061434795333455749 -0.035124526635682156 0.027526701611180426 -0.0026696681274903881 -0.045066579806521047 0.0030900034271831968 -0.045886929008064611 -0.0098977872715106507 0.13358090663561054 -0.0036086359875901145 0.22289946282138004 -0.0079237041332139713 0.076890013286378955 0.010923483954790571 0.068768054009770027 0.0014329819027905089 0.0018792340427255417 -0.02480820233911827
leaf_weight=61.444472074508667 196536.47786740586 107310.00799037889 17.321700990200043 2124.8664780631661 17.086953401565552 18.520910263061523 17.851543605327606 165.47364130616188 12.464447967708109 17.199494779109955 53.393631100654602 6949.5808774344623 6.0766106918454161 103.40852570533752 16.876726806163788 50199.853197116405 219.04872381687164 129.4287274479866 150.95804804563522 111.36197340488434 28.847037672996521 12092.867020778358 10.417304992675783 13.755835697054861 10.521905601024626 400.0064424648881 6.0594907999038687 30.105460241436958 10326.811726339161 736.46903018653393
leaf_count=76 669317 361891 21 5927 21 23 22 453 31 39 136 22846 17 128 21 172063 266 157 183 135 35 40000 14 72 16 1659 29 155 33844 2172
internal_value=-6.26052e-06 3.20801e-05 -4.81516e-05 0.000766996 0.00341949 0.00696037 0.00521188 0.00050415 0.00259125 0.00401499 -0.00135783 -7.90243e-05 0.000300089 0.000898174 0.00578413 -0.000121611 -0.0012948 -0.000385098 -0.00216934 0.000779966 0.00229163 7.99247e-05 -0.000163447 0.00787957 -0.000178952 0.00131914 0.00551129 0.00262107 -0.00010903 -0.000160973
internal_weight=387895 191358 71484.3 2608.59 235.189 97.8169 79.296 2373.4 248.531 182.673 65.8581 68875.8 6955.66 137.372 33.9637 61920.1 656.966 437.917 168.28 269.638 158.276 119874 12563.7 24.1731 12539.6 446.693 46.6869 36.165 61263.1 50936.3
internal_count=1311769 642452 238616 6877 291 121 98 6586 659 492 167 231739 22863 170 42 208876 797 531 204 327 192 403836 41945 86 41859 1859 200 184 208079 174235
cat_boundaries=0 1
cat_threshold=9
is_linear=0
shrinkage=0.05


Tree=224
num_leaves=31
num_cat=0
split_feature=9 9 9 10 10 17 16 7 9 7 10 18 0 16 1 5 16 16 0 7 17 9 0 17 16 16 7 17 5 7
split_gain=0.213451 0.471546 0.62155 0.705427 0.506211 1.94146 0.485153 0.350298 0.357545 0.557921 0.439397 0.512471 0.429816 0.422138 0.498314 0.425661 0.371857 0.324243 0.306799 0.564755 1.16015 0.481895 0.518275 0.715689 0.302574 0.725341 0.952734 0.298921 0.293558 0.292481
threshold=6.0390628155997765 5.2176457913436565 5.3589392201907193 2.4720611056939106 8.2691911923319328 0.66237379509048522 0.58123026540307288 6.534515054473502 6.3234524487378154 7.1781639499794494 6.7576196076432629 1.0625000000000002 59.500000000000007 0.6262678782415706 1079.5000000000002 0.60355339059327384 0.76483445552001961 0.70095262182836504 66.500000000000014 7.8007773629641965 0.72406633601923109 5.3494828320967684 62.500000000000007 0.74075138247375838 0.74468638834487166 0.76483445552001961 9.4940897185655437 0.79012795506376243 -0.78656609248549292 10.113667430069365
decision_type=2 2 2 2 2 2 2 2 2 2 2 2 2 2 2 2 2 2 2 2 2 2 2 2 2 2 2 2 2 2
left_child=1 -1 4 -4 18 -6 -5 -2 -9 12 11 16 -10 14 -12 -15 -11 -8 19 20 -3 22 27 -24 -17 26 -26 -21 -29 -19
right_child=7 2 3 6 5 -7 17 8 9 10 13 -13 -14 15 -16 24 -18 29 -20 21 -22 -23 23 -25 25 -27 -28 28 -30 -31
leaf_value=-0.00011986063462630093 -0.064450688643028484 0.12831538840739981 0.10764976178704573 0.050542180772874847 0.17170292603339721 0.033447955253378361 -0.049097331612912236 -0.024212204157406193 0.019563400780430708 0.14297530414003976 -0.0056758554264317862 0.038466429292920129 0.13038701567205574 -0.015265693792055536 0.082521030742536014 -0.04647107582436525 0.0014917690992557022 -0.00021600873058473803 -0.021007258176953838 -0.022712363884997491 0.022359746749460552 0.092432427932120101 0.13862391828474127 -0.099854432592151376 0.16130042186150378 0.030092650740850681 0.010800077953203015 0.13820500634674956 0.026430728322289144 0.023747559766157524
leaf_weight=383945.41692584753 88.338664628565311 9.0006685256958026 4.9969907216727725 9.1257870867848379 22.337733328342438 61.661693301051855 81.631181359291077 446.26816925033927 12.465545542538168 12.974199213087557 9.6882261782884616 9.0262459516525251 8.7012540809810144 964.22150221839547 7.567453257739543 33.279447361826897 49.956062275916338 1177.9113805703819 95.740861676633358 79.73256179690361 19.148787051439285 6.3108759075403205 7.6400099396705619 8.1361655779182893 6.551929451525214 215.16783997789025 13.644016720354555 12.750596038997172 54.71829842031002 420.45272332057357
leaf_count=1298038 332 12 25 31 28 234 193 1531 44 36 23 10 32 3419 26 91 243 4111 348 112 113 28 11 41 18 785 43 80 313 1418
internal_value=-6.26928e-06 -3.68232e-06 0.000748707 0.000340022 0.00258434 0.00600642 0.000284528 -0.000538053 -0.000386324 2.10449e-05 -0.000107892 0.00369147 0.00807445 -0.000326582 0.0074397 -0.000435282 0.00209341 0.000222074 0.00160387 0.0027302 0.00928808 0.00163974 0.0011148 0.00972754 0.00132485 0.00195583 0.0110158 0.000191738 0.00264113 0.000379053
internal_weight=387895 386017 2071.3 1694.12 377.178 83.9994 1689.12 1877.85 1789.51 1343.24 1322.08 71.9565 21.1668 1250.12 17.2557 1232.86 62.9303 1680 293.179 197.438 28.1495 169.289 162.978 15.7762 268.643 235.364 20.1959 147.201 67.4689 1598.36
internal_count=1311769 1305136 7098 5778 1320 262 5753 6633 6301 4770 4694 289 76 4405 49 4356 279 5722 1058 710 125 585 557 52 937 846 61 505 393 5529
is_linear=0
shrinkage=0.05


Tree=225
num_leaves=31
num_cat=0
split_feature=7 7 8 18 9 1 5 1 18 16 8 9 1 18 17 1 1 16 17 17 5 18 1 16 4 17 5 8 7 1
split_gain=0.287089 0.385505 0.534356 0.336531 0.653568 0.398503 0.332311 0.320078 0.491096 0.484846 0.477707 0.54306 0.535881 1.02021 0.489763 0.477683 0.521448 0.862543 0.748498 0.554084 0.675887 0.46727 0.462198 0.550091 0.496628 0.47441 0.582771 1.27871 0.447867 0.411677
threshold=7.4238668626505984 7.4710784311910805 4.945201156493737 1.0458333333333336 1.8688348091416842 1088.5000000000002 -0.70710678118654735 1867.5000000000002 1.0625000000000002 0.97182285662211954 4.2121001622835372 1.2424533248940002 176.50000000000003 1.029166666666667 0.66383823997485858 1655.5000000000002 1431.5000000000002 0.7320314144775445 0.6544711875884256 0.65185921791924917 0.25881904510252091 1.0375000000000003 1088.5000000000002 0.85311987714289217 2.5000000000000004 0.65813547005910744 0.37940952255126054 3.5694334999727624 8.124742976541798 1468.5000000000002
decision_type=2 2 2 2 2 2 2 2 2 2 2 2 2 2 2 2 2 2 2 2 2 2 2 2 2 2 2 2 2 2
left_child=-1 2 3 -2 -5 -6 -3 8 10 -9 14 12 13 -12 22 16 -10 -18 19 20 -19 -14 23 24 -8 26 -24 -28 -26 -20
right_child=1 6 -4 4 5 -7 7 9 15 -11 11 -13 21 -15 -16 -17 17 18 29 -21 -22 -23 25 -25 28 -27 27 -29 -30 -31
leaf_value=0.00013169335248655045 0.016327446300123904 0.001786937556601309 -0.030760715672469165 -0.074095216716880963 0.11411526237321185 -0.032387453399204791 0.034154960188035412 0.00055149825156810552 -0.017825210449566333 0.072267765635565293 0.009341145186836864 -0.0035495562341920197 -0.012432030556632912 0.12632032481004868 0.0039458691548803554 -0.032129511987081916 0.073634864018078755 -0.064847132865200038 0.078107349598691797 0.12749150721425911 0.19882594763127162 -0.048813854639946121 0.055419845258799727 0.03327610503875511 -0.068587075272214415 0.20070254699705573 -0.058800561860922668 0.096957687541108548 0.012354543972538323 -0.038290938554302018
leaf_weight=342803.93005821109 472.915556717664 12493.226883627474 858.22711535170674 88.075153708457947 17.961767934262753 22.940371155738831 113.1202449798584 8872.3182033710182 2214.9589721485972 13.603090137243269 22.843241062015299 14925.766169399023 2278.0129343345761 7.1619522571563712 1308.7041856758296 238.49561965465546 39.189151704311371 23.586783647537231 35.809033468365669 27.016264617443085 26.101411581039429 346.93341143801808 58.999098837375641 34.142906308174133 75.400533318519592 14.698099434375761 21.870122969150543 27.385733783245087 27.805413126945496 126.12999980151653
leaf_count=1153390 2048 44055 2930 102 22 27 152 30697 2486 48 87 57985 9695 9 6035 273 42 27 43 30 30 437 77 46 100 22 29 36 38 141
internal_value=-8.23779e-06 -0.000127222 -0.000926321 0.000215854 -0.00204805 0.00317486 -0.000100321 -0.00018835 -0.000290669 6.49063e-05 -0.000201704 -0.000278723 -0.000937618 0.00570651 0.000603266 -0.000918115 -0.000713587 0.00132826 0.000199307 0.00426801 0.00113448 -0.00101357 0.00220045 0.000967978 3.70716e-05 0.00471113 0.00356671 0.00758174 -0.00247105 -0.00172788
internal_weight=387637 44833.4 1460.12 601.893 128.977 40.9021 43373.3 30880.1 21994.1 8885.92 19262.8 17580.7 2654.95 30.0052 1682.13 2731.29 2492.79 277.833 238.643 76.7045 49.6882 2624.95 373.422 250.469 216.326 122.953 108.255 49.2559 103.206 161.939
internal_count=1311139 157749 5129 2199 151 49 152620 108565 77820 30745 74748 68213 10228 96 6535 3072 2799 313 271 87 57 10132 500 336 290 164 142 65 138 184
is_linear=0
shrinkage=0.05


end of trees

feature_importances:
tag_target_score=1480
asker_reputation_log=1082
asker_account_age_days_log=748
body_length=571
recent_platform_answer_rate=559
asker_upvote_count_log=494
title_length=444
num_tags=388
post_hour_cos=217
has_code_block=202
recent_platform_median_speed=176
post_hour_sin=164
asker_downvote_count_log=164
body_length_bucket=63
is_new_asker=18
asker_reputation_missing=8
asker_upvote_count_missing=2

parameters:
[boosting: gbdt]
[objective: quantile]
[metric: quantile]
[tree_learner: serial]
[device_type: cpu]
[data_sample_strategy: bagging]
[data: ]
[valid: ]
[num_iterations: 500]
[learning_rate: 0.05]
[num_leaves: 31]
[num_threads: 0]
[seed: 0]
[deterministic: 0]
[force_col_wise: 0]
[force_row_wise: 0]
[histogram_pool_size: -1]
[max_depth: -1]
[min_data_in_leaf: 20]
[min_sum_hessian_in_leaf: 0.001]
[bagging_fraction: 0.8]
[pos_bagging_fraction: 1]
[neg_bagging_fraction: 1]
[bagging_freq: 5]
[bagging_seed: 3]
[bagging_by_query: 0]
[feature_fraction: 0.8]
[feature_fraction_bynode: 1]
[feature_fraction_seed: 2]
[extra_trees: 0]
[extra_seed: 6]
[early_stopping_round: 0]
[early_stopping_min_delta: 0]
[first_metric_only: 0]
[max_delta_step: 0]
[lambda_l1: 0]
[lambda_l2: 0]
[linear_lambda: 0]
[min_gain_to_split: 0]
[drop_rate: 0.1]
[max_drop: 50]
[skip_drop: 0.5]
[xgboost_dart_mode: 0]
[uniform_drop: 0]
[drop_seed: 4]
[top_rate: 0.2]
[other_rate: 0.1]
[min_data_per_group: 100]
[max_cat_threshold: 32]
[cat_l2: 10]
[cat_smooth: 10]
[max_cat_to_onehot: 4]
[top_k: 20]
[monotone_constraints: ]
[monotone_constraints_method: basic]
[monotone_penalty: 0]
[feature_contri: ]
[forcedsplits_filename: ]
[refit_decay_rate: 0.9]
[cegb_tradeoff: 1]
[cegb_penalty_split: 0]
[cegb_penalty_feature_lazy: ]
[cegb_penalty_feature_coupled: ]
[path_smooth: 0]
[interaction_constraints: ]
[verbosity: -1]
[saved_feature_importance_type: 0]
[use_quantized_grad: 0]
[num_grad_quant_bins: 4]
[quant_train_renew_leaf: 0]
[stochastic_rounding: 1]
[linear_tree: 0]
[max_bin: 255]
[max_bin_by_feature: ]
[min_data_in_bin: 3]
[bin_construct_sample_cnt: 200000]
[data_random_seed: 1]
[is_enable_sparse: 1]
[enable_bundle: 1]
[use_missing: 1]
[zero_as_missing: 0]
[feature_pre_filter: 1]
[pre_partition: 0]
[two_round: 0]
[header: 0]
[label_column: ]
[weight_column: ]
[group_column: ]
[ignore_column: ]
[categorical_feature: 2]
[forcedbins_filename: ]
[precise_float_parser: 0]
[parser_config_file: ]
[objective_seed: 5]
[num_class: 1]
[is_unbalance: 0]
[scale_pos_weight: 1]
[sigmoid: 1]
[boost_from_average: 1]
[reg_sqrt: 0]
[alpha: 0.9]
[fair_c: 1]
[poisson_max_delta_step: 0.7]
[tweedie_variance_power: 1.5]
[lambdarank_truncation_level: 30]
[lambdarank_norm: 1]
[label_gain: ]
[lambdarank_position_bias_regularization: 0]
[eval_at: ]
[multi_error_top_k: 1]
[auc_mu_weights: ]
[num_machines: 1]
[local_listen_port: 12400]
[time_out: 120]
[machine_list_filename: ]
[machines: ]
[gpu_platform_id: -1]
[gpu_device_id: -1]
[gpu_use_dp: 0]
[num_gpu: 1]

end of parameters

pandas_categorical:[["(1441.0, 2415.0]", "(2415.0, 115918.0]", "(36.999, 570.0]", "(570.0, 937.0]", "(937.0, 1441.0]"]]
