tree
version=v4
num_class=1
num_tree_per_iteration=1
label_index=0
max_feature_idx=18
objective=quantile
feature_names=title_length body_length body_length_bucket has_code_block num_tags post_hour_sin post_hour_cos asker_reputation_log asker_upvote_count_log asker_downvote_count_log asker_account_age_days_log is_new_asker asker_reputation_missing asker_upvote_count_missing asker_downvote_count_missing asker_account_age_days_missing tag_target_score recent_platform_answer_rate recent_platform_median_speed
feature_infos=[15:150] [37:43327] -1:3:4:0:2:1 [0:1] [1:5] [-1:1] [-1:1] [0:13.805322838936762] [0:10.538926167950644] [0:10.921305462207695] [0:8.4998009253947764] [0:1] [0:1] [0:1] [0:1] [0:1] [0:1] [0.64520548883667084:0.82565789473684215] [0.8833333333333333:2.1666666666666665]
tree_sizes=3502 3595 3637 3615 3636 3649 3589 3642 3571 3589 3602 3630 3640 3642 3553 3656 3634 3646 3641 3632 3594 3608 3658 3642 3655 3630 3639 3643 3650 3648 3652 3631 3638 3626 3637 3644 3626 3661 3641 3639 3657 3657 3624 3637 3643 3616 3635 3634 3616 3623 3633 3618 3605 3628 3623 3637 3622 3625 3626 3636 3616 3635 3640 3653 3634 3623 3642 3593 3680 3640 3633 3636 3634 3655 3615 3608 3623 3637 3645 3630 3598 3596 3637 3582 3628 3636 3638 3614 3664 3633 3616 3612 3626 3646 3634 3620 3608 3643 3596 3626 3607 3637 3584 3660 3626 3620 3601 3611 3613 3585 3599 3640 3629 3621 3614 3617 3644 3637 3619 3635 3625 3542 3627 3650 3578 3615 3597 3574 3580 3554 3594 3613 3600 3608 3593 3548 3621 3560 3548 3607 3615 3565 3586 3545 3560 3577 3625 3620 3650 3588 3640 3605 3599 3614 3602 3606 3575 3598 3582 3582 3581 3614 3584 3558 3612 3594 3563 3558 3574 3562 3526 3643 3511 3650 3523 3557 3499 3589 3509 3505 3626 3571 3583 3580 3538 3590 3581 3560 3543 3603 3588 3571 3577 3578 3604 3621 3569 3593 3529 3575 3594 3615 3561 3627 3521 3580 3527 3533 3527 3611 3555 3534 3537 3535 3496 3543 3560 3594 3592 3541 3621 3505 3502 3585 3553

Tree=0
num_leaves=31
num_cat=0
split_feature=1 16 3 1 16 16 1 4 1 3 1 1 10 1 10 16 16 4 16 1 3 8 4 8 10 10 3 1 1 16
split_gain=585.223 453.397 230.231 154.235 112.568 58.3068 55.3973 34.5552 27.2866 22.9238 19.0328 18.7468 17.7193 17.436 15.6277 15.272 12.5872 12.9739 25.2218 11.2356 13.5661 10.9696 10.2325 10.0105 8.30273 8.1555 8.07908 7.5882 7.09701 7.00279
threshold=1242.5000000000002 0.80530725634941192 1.0000000180025095e-35 611.50000000000011 0.80172580346046063 0.76232687082252271 2112.5000000000005 2.5000000000000004 893.50000000000011 1.0000000180025095e-35 279.50000000000006 540.50000000000011 6.7186225464380014 444.50000000000006 6.7390887783039695 0.76147646873488994 0.90056769624314192 2.5000000000000004 0.84300269948124729 646.50000000000011 1.0000000180025095e-35 4.8081027000528378 1.5000000000000002 0.89587973461402759 7.0735233155969857 6.9299907804842293 1.0000000180025095e-35 353.50000000000006 2067.5000000000005 0.85311987714289217
decision_type=2 2 2 2 2 2 2 2 2 2 2 2 2 2 2 2 2 2 2 2 2 2 2 2 2 2 2 2 2 2
left_child=1 5 10 12 15 13 24 9 14 -7 -3 -11 16 21 23 -2 17 27 -19 20 -9 -1 -17 -5 -6 -10 -21 -4 -24 -25
right_child=4 2 3 8 6 7 -8 19 25 11 -12 -13 -14 -15 -16 22 -18 18 -20 26 -22 -23 28 29 -26 -27 -28 -29 -30 -31
leaf_value=0.095310181379318237 0.10170184969902038 0.093771598488092425 0.09218416344374418 0.093771598488092425 0.094546807557344431 0.095310181379318237 0.096802829205989843 0.096062075346708298 0.093771598488092425 0.092984180524945254 0.096062075346708298 0.094546807557344431 0.092984180524945254 0.097532769292592997 0.093771598488092425 0.095310181379318237 0.092984180524945254 0.093771598488092425 0.09218416344374418 0.099660750478506088 0.093771598488092425 0.091371137369424107 0.096802829205989843 0.092984180524945254 0.095310181379318237 0.094546807557344431 0.095310181379318237 0.092984180524945254 0.098961438238620761 0.092984180524945254
leaf_weight=9731.5596189275384 35005.460165545344 5344.8960807472467 2195.2770820856094 8523.0393244251609 29335.7203059569 6279.0830176286399 42721.235753297806 7353.9081196561456 17660.309819206595 4916.8918922618032 16664.152892164886 14144.070630729198 9932.4022027850151 29554.576834104955 10878.316289454699 4423.0591418147087 924.2564344778657 3706.2478799149394 3954.2564807161689 3127.8165672682226 8015.8556852005422 1474.7672925591469 23044.337132070214 4993.3974819108844 16649.153870679438 10886.445443898439 18624.937392659485 6187.4913403764367 28868.021773990244 2785.8389621376991
leaf_count=24374 87343 16645 6488 25567 90708 28093 134100 31408 54840 22594 52584 62957 30586 74767 33555 19422 3137 11178 12464 13664 35922 3839 102121 15210 51241 33811 81387 18364 123996 9275
internal_value=0.0943366 0.0925291 0.0902097 0.0889992 0.0964233 0.0948802 0.0951546 0.0939203 0.0905001 0.0924968 0.0947541 0.0916337 0.08589 0.0963513 0.0893663 0.0976553 0.0849082 0.0845813 0.0860687 0.0948919 0.0938571 0.0946719 0.0971457 0.0883869 0.0939503 0.0915797 0.0956231 0.083222 0.0973424 0.08709
internal_weight=387907 207860 104636 82627.3 180047 103223 88706.1 62462.6 55727.3 25340 22009 19061 26899.9 40760.9 27180.6 91340.9 16967.5 16043.3 7660.5 37122.5 15369.8 11206.3 56335.4 16302.3 45984.9 28546.8 21752.8 8382.77 51912.4 7779.24
internal_count=1311640 702709 323704 254475 608931 379005 276049 276025 172258 113644 69229 85551 82217 102980 83607 332882 51631 48494 23642 162381 67330 28213 245539 50052 141949 88651 95051 24852 226117 24485
is_linear=0
shrinkage=1


Tree=1
num_leaves=31
num_cat=0
split_feature=1 16 3 16 1 16 1 4 16 1 1 1 3 1 16 1 16 10 17 4 1 16 4 4 16 8 4 8 1 3
split_gain=395.698 248.681 138.244 96.4217 93.031 35.8897 32.9446 30.8557 23.677 16.838 16.5408 13.7353 13.0082 14.2601 11.8407 11.3641 10.396 10.0644 9.78556 9.42422 7.74653 7.73534 19.5213 16.578 9.92612 7.54333 7.52942 6.89748 6.77713 6.58038
threshold=1061.5000000000002 0.8127814019877837 1.0000000180025095e-35 0.81055355588102429 548.50000000000011 0.76232687082252271 1849.5000000000002 1.5000000000000002 0.76147646873488994 1849.5000000000002 808.50000000000011 380.50000000000006 1.0000000180025095e-35 504.50000000000006 0.81354795087357534 371.50000000000006 0.90374560103526036 7.6487177596033016 0.80746214238737768 1.5000000000000002 428.50000000000006 0.85382885972224343 1.5000000000000002 1.5000000000000002 0.83813577384133187 3.0201273556387074 1.5000000000000002 0.89587973461402759 3595.5000000000005 1.0000000180025095e-35
decision_type=2 2 2 2 2 2 2 2 2 2 2 2 2 2 2 2 2 2 2 2 2 2 2 2 2 2 2 2 2 2
left_child=1 5 20 8 14 11 -5 29 -2 19 17 25 15 -14 26 -9 21 27 -15 -10 -3 22 24 -23 -16 -1 -4 -6 -8 -7
right_child=3 2 4 6 10 7 28 12 9 -11 -12 -13 13 18 16 -17 -18 -19 -20 -21 -22 23 -24 -25 -26 -27 -28 -29 -30 -31
leaf_value=0.00075189396739006042 0.0054009343683719645 -0.0008009685203433037 -0.0030097178928554058 -0.00072520513087511037 -0.0014616537466645243 -0.00076337382197380068 0.00067726157605648015 -0.00076337382197380068 -0.00072520513087511037 0.00275946207344532 -0.0014616537466645243 0.002111458517611027 -0.0014616537466645243 0 -0.0030097178928554058 0.0021849932149052621 -0.002209700811654329 -0.0014616537466645243 -0.0015004142001271246 0.00079006265848875074 0.0007142992690205574 -0.0014222828485071658 -0.002209700811654329 -0.0029697170387953521 -0.0014222828485071658 -0.0031260179355740549 -0.002209700811654329 -0.002209700811654329 0.0021479555219411847 -0.0015004142001271246
leaf_weight=6201.9531280323863 40105.546006724238 9265.2548026889563 463.03124451637268 44944.48720831424 8222.5658144205809 2415.9179411232471 30846.319653786719 6315.0732513517141 3667.0375931374729 43967.026153206825 20249.966032996774 27101.386671774089 8005.8874545246363 25133.230786059052 1995.2219785004854 9752.2495534978807 1241.4659346118569 4306.8939542248845 4124.8326239064336 32080.843260582536 9339.0294742062688 780.74218693375587 8309.119734108448 5626.1956919208169 336.21275532990694 2241.0067439302802 171.47767774760723 9926.9834542572498 13634.14529376477 7135.6788484714925
leaf_count=15369 100284 29293 631 141160 24937 10046 97695 25665 14528 177489 63290 68511 34448 64741 7004 41443 4184 13489 58332 133411 29685 2261 24556 18276 1091 5853 469 31575 43965 27959
internal_value=-0.000332841 -0.00206107 -0.00412718 0.00114278 -0.00526749 -0.000376852 -9.96293e-05 -0.00109467 0.00207003 0.00157148 -0.00397436 0.000893074 -0.000625948 -0.00113871 -0.00818582 0.000563267 -0.00795286 -0.00490879 -0.000627064 0.000765579 -0.000349689 -0.00827456 -0.0074481 -0.00964714 -0.0114911 -0.000867899 -0.0149006 -0.00542442 0.000865057 -0.0037118
internal_weight=387907 178661 80234.2 209245 61629.9 98427.2 89425 62882.9 119820 79714.9 42706.4 35544.3 53331.3 37264 18923.5 16067.3 18289 22456.4 29258.1 35747.9 18604.3 17047.5 10640.6 6406.94 2331.43 8442.96 634.509 18149.5 44480.5 9551.6
internal_count=1311640 603108 250741 708532 191763 352367 282820 262634 425712 325428 133291 89733 224629 157521 58472 67108 57372 70001 123073 147939 58978 53188 32651 20537 8095 21222 1100 56512 141660 38005
is_linear=0
shrinkage=0.05


Tree=2
num_leaves=31
num_cat=1
split_feature=1 3 1 2 10 1 1 1 10 10 8 8 1 10 1 8 8 1 3 7 5 8 8 10 1 5 1 8 5 8
split_gain=387.75 186.539 142.396 41.0604 26.8996 26.6869 17.1899 14.9899 14.8437 10.9385 9.2447 9.1595 8.11562 8.11478 7.64346 5.90886 5.08929 4.89215 4.17987 4.09233 4.06814 4.04413 3.9576 3.65795 3.63642 3.53406 3.51388 3.33763 3.2289 2.9053
threshold=1134.5000000000002 1.0000000180025095e-35 540.50000000000011 0 6.6773997267357688 279.50000000000006 801.50000000000011 326.50000000000006 6.8535334408403505 6.1613069155431477 0.89587973461402759 5.0205801788306017 808.50000000000011 6.7186225464380014 1507.5000000000002 1.7005986908310777 0.89587973461402759 646.50000000000011 1.0000000180025095e-35 1.0000000180025095e-35 0.12940952255126045 5.3302974810274764 7.5663108808184232 7.6900569605238571 1533.5000000000002 -1.0000000180025095e-35 5277.5000000000009 2.9700856263602158 -0.37940952255126059 6.2393002351051399
decision_type=2 2 2 1 2 2 2 2 2 2 2 2 2 2 2 2 2 2 2 2 2 2 2 2 2 2 2 2 2 2
left_child=1 5 7 13 6 11 10 -3 14 20 19 -1 21 26 18 -11 -8 -7 -5 -4 -9 -6 -13 -23 -10 -21 -2 -14 -12 -17
right_child=3 2 4 8 12 17 16 9 24 15 28 22 27 -15 -16 29 -18 -19 -20 25 -22 23 -24 -25 -26 -27 -28 -29 -30 -31
leaf_value=-0.00072520513087511037 0.0013841523565351962 -0.0028192311441525815 -0.0021759890224784611 0.002297016860917211 -0.00072520513087511037 0.00075246796011924771 -0.00065018442086875396 -0.0020992157710716121 0.00071239083446562326 -0.0013117978079244489 -0.0020992157710716121 -0.0035857909126207235 0.00011125137843191677 0.0041685389317572116 0.00053928847238421396 -0.0020612149597145613 -0.0013492001611739393 0.0027253225948661573 -0.00065018442086875461 -0.0013885710593312978 -0.0020212141056545076 -0.0021385866692289718 -0.0038220664393156766 -0.0013885710593312978 0.0016329577788710596 -0.00076337382197380068 0.0027599947489798065 -0.00065212244354188398 -0.0015004142001271246 -0.0029366352055221791
leaf_weight=12053.299785144627 30936.348937209696 8632.8551041185856 933.85647957399487 1723.6498792991042 15163.081513572484 27032.589153248817 15645.223517108709 7808.2981429174542 24065.254541531205 3755.2894731611013 5032.0145804919302 740.56733022630215 9463.4903631545603 33369.31297217682 39263.408297415823 8167.365157969296 14483.096544340253 13612.174060810357 27578.079715780914 6685.9866040796041 5803.8533468134701 1542.7570420764387 97.312729872763157 3692.1847507283092 29531.535330597311 6494.3547968007624 10495.841053344309 15476.462655056268 6888.1167282834649 1739.1223217472434
leaf_count=39249 105499 28927 3476 5728 51146 90593 52295 26716 80907 12108 17797 2693 30828 111100 134034 27897 50675 45980 94090 22084 19779 5689 310 12551 99268 21142 35903 53025 24085 6066
internal_value=-0.000267489 -0.00187304 -0.00284852 0.00128898 -0.00189118 0.000630679 -0.00262251 -0.00555472 0.000723871 -0.00497996 -0.00356353 -0.00135154 -0.000985231 0.00221151 0.000236636 -0.00398046 -0.00180936 0.00125937 -0.000374461 -0.00269765 -0.00598311 -0.00172493 -0.00640655 -0.00292312 0.00134731 -0.00247103 0.00174444 -0.000380244 -0.00458878 -0.00462068
internal_weight=387907 190943 137407 196963 101501 53535.9 56162.6 35906.8 122162 27273.9 26034.3 12891.2 45338 74801.5 68565.1 13661.8 30128.3 40644.8 29301.7 14114.2 13612.2 20398 837.88 5234.94 53596.8 13180.3 41432.2 24940 11920.1 9906.49
internal_count=1311640 645111 466286 666529 344793 178825 191554 121493 414027 92566 88584 42252 153239 252502 233852 46071 102970 136573 99818 46702 46495 69386 3003 18240 180175 43226 141402 83853 41882 33963
cat_boundaries=0 1
cat_threshold=2
is_linear=0
shrinkage=0.05


Tree=3
num_leaves=31
num_cat=0
split_feature=16 1 3 1 1 1 3 16 1 4 10 4 1 1 1 16 16 16 8 16 4 4 16 4 1 16 16 8 1 1
split_gain=369.98 263.692 142.361 105.843 85.3511 32.6128 30.9347 30.1052 24.92 23.4507 14.8633 14.5294 13.076 12.3281 11.9009 11.8407 11.6397 10.396 7.80119 7.73534 19.5213 16.578 9.92612 7.52942 7.51837 7.20241 7.3429 6.29871 5.85654 5.81816
threshold=0.8127814019877837 1018.5000000000001 1.0000000180025095e-35 778.50000000000011 548.50000000000011 2205.5000000000005 1.0000000180025095e-35 0.76314558284360301 2135.5000000000005 1.5000000000000002 7.5081166522515774 2.5000000000000004 289.50000000000006 475.50000000000006 741.50000000000011 0.81354795087357534 0.75487371117856195 0.90374560103526036 4.8402344967050359 0.85382885972224343 1.5000000000000002 1.5000000000000002 0.83813577384133187 1.5000000000000002 428.50000000000006 0.76640384685231278 0.76654570564470936 1.4978661367769956 1242.5000000000002 1655.5000000000002
decision_type=2 2 2 2 2 2 2 2 2 2 2 2 2 2 2 2 2 2 2 2 2 2 2 2 2 2 2 2 2 2
left_child=3 2 24 6 15 28 12 29 11 16 14 -9 18 -11 27 23 -8 19 -1 20 22 -21 -17 -4 -2 -15 -27 -6 -3 -5
right_child=1 5 4 7 10 -7 9 8 -10 13 -12 -13 -14 25 -16 17 -18 -19 -20 21 -22 -23 -24 -25 -26 26 -28 -29 -30 -31
leaf_value=-0.0006120157297700643 -0.0007985434923321003 -0.00087955910684540885 -0.0027542712096590549 0.003026007183175534 -0.0019942549825180318 0.0011726179217919699 -2.5121778948228314e-06 -0.00018145230151712864 0.0025522813519462946 -0.0012836102707777166 -0.0013523108027875424 0.0011983944427222011 0.0014174297302961354 0.00086508336849510726 -0.0013560618382878601 -0.0027542712096590549 -0.0020297193130943921 -0.0019942549825180318 -0.0034065013669896875 -0.0012481079580960793 -0.0019961550230858842 -0.002716270398302004 -0.0012481079580960793 -0.0019582542138639829 0.00064096090756356758 -0.0020316573357675219 -0.00061142396740615371 -0.0020241950610652561 -0.00065643565328791717 0.0062558724863454708
leaf_weight=8089.2744795642793 9265.2548026889563 16632.884830132127 463.03124451637268 25183.955519922078 7112.8171706646681 32120.515731103718 1292.9899086654186 22597.241651024669 36734.227418337017 10212.756057839841 9264.6616690903902 42025.746693436056 20601.489375464618 8034.1067516729236 17299.466159395874 1995.2219785004854 5010.1970949918032 1241.4659346118569 672.60894446447492 780.74218693375587 8309.119734108448 5626.1956919208169 336.21275532990694 171.47767774760723 9051.2950797975063 1743.0684271641076 12539.214520573616 5819.5742201656103 40645.722671039402 27034.246527783573
leaf_count=26874 29293 52546 631 63476 21479 103063 3449 92761 147612 37750 28819 173308 71116 20273 54271 7004 19392 4184 2473 2261 24556 18276 1091 469 28779 26960 35225 18649 128019 67581
internal_value=-0.000284741 -0.00206883 -0.0042189 0.00105178 -0.00542478 -0.000223298 -0.000587423 0.00177967 0.00127719 -0.00151344 -0.00410192 0.000686096 0.000637216 -0.00097257 -0.00463887 -0.00818582 -0.00430475 -0.00795286 -0.000980698 -0.00827456 -0.0074481 -0.00964714 -0.0114911 -0.0149006 -0.000372782 -0.000314092 -0.000987793 -0.00578624 -0.00093844 0.00275499
internal_weight=387907 166136 76736.5 221771 58420 89399.1 68195.7 153575 101357 38832.3 39496.5 64623 29363.4 32529.1 30231.9 18923.5 6303.19 18289 8761.88 17047.5 10640.6 6406.94 2331.43 634.509 18316.5 22316.4 14282.3 12932.4 57278.6 52218.2
internal_count=1311640 523390 239762 788250 181690 283628 243512 544738 413681 143049 123218 266069 100463 120208 94399 58472 22841 57372 29347 53188 32651 20537 8095 1100 58072 82458 62185 40128 180565 131057
is_linear=0
shrinkage=0.05


Tree=4
num_leaves=31
num_cat=0
split_feature=16 4 4 16 16 16 16 3 4 10 16 3 16 10 4 8 17 4 16 16 10 10 17 16 8 17 16 16 6 4
split_gain=336.047 57.9947 41.0001 77.9718 45.9597 28.3378 28.0335 22.1955 20.1835 17.8662 16.9453 12.6932 10.1072 9.98955 9.32818 8.8463 8.84145 7.84229 27.8322 16.6393 7.24219 6.82783 5.42315 5.40075 5.26752 5.26508 4.72233 4.449 4.38312 4.32913
threshold=0.8127814019877837 2.5000000000000004 2.5000000000000004 0.85672772824506083 0.88926421891343954 0.76232687082252271 0.81354795087357534 1.0000000180025095e-35 1.5000000000000002 7.4212171186186024 0.75585081854172964 1.0000000180025095e-35 0.83327601148575159 7.6630053345060398 1.5000000000000002 1.2424533248940002 0.6657714024266651 1.5000000000000002 0.84101010209804372 0.85237436024189284 6.7769113658813378 5.8817821543845819 0.80752367129488067 0.79173584366809513 2.0126758453675748 0.8075687721315542 0.81496621376278278 0.79676044088868148 0.25881904510252057 3.5000000000000004
decision_type=2 2 2 2 2 2 2 2 2 2 2 2 2 2 2 2 2 2 2 2 2 2 2 2 2 2 2 2 2 2
left_child=1 5 4 12 6 -1 14 -8 21 16 -3 -5 29 15 -2 -13 28 18 26 -19 22 -7 23 -12 -21 27 -18 -10 -9 -4
right_child=2 10 3 11 -6 8 7 9 25 -11 20 13 -14 -15 -16 -17 17 19 -20 24 -22 -23 -24 -25 -26 -27 -28 -29 -30 -31
leaf_value=0.0014468600237485961 -0.0020756767095206304 0.0038506987481238329 -0.00036035827561281542 -0.00075861631771549512 0.00028527493186760735 -0.0013075214239209884 -0.00057020882023498399 -0.001288258746373467 0.00023453633532859384 -0.0011089293087844267 0.0013511018013209108 -0.001288258746373467 -0.00055190078122541251 -0.0010349227286665693 -0.0014557955299643801 -0.0019141362040396778 8.0286306687631098e-05 -0.0012194297572388317 0.00028724347677547491 -0.0018204406512458806 0.0019668847779370849 -0.00068543482817709435 -0.0004082199193327689 0.00023453633532859384 -0.0025444561097328548 -0.00098111836723983252 -0.0020387573775975036 -0.00051735763206146662 -0.00062361387062352116 0.00039218272485188124
leaf_weight=23512.020166911185 2056.2792853415012 44936.366698414087 15791.670587271452 4025.9815333038568 9561.2862932235003 7912.0943833291531 7917.8135161325336 7756.057234108448 19196.567746784538 13798.231106542051 29127.389764167368 10137.664232604206 28230.606674782932 5143.2422363832593 831.43623529374599 12558.082863092422 202.07982643693686 12161.843393161893 1431.2996076643467 3660.1173794269562 44730.372923124582 8887.008701685816 7018.9587769135833 21206.760907202959 2566.6826068013906 4719.4050742462277 6391.0567907094955 10524.178228124976 3488.8578789830208 18425.370256483555
leaf_count=59589 3192 112133 47845 13223 32398 31066 24144 9755 50328 43028 74986 33119 89838 16920 2099 42089 573 47374 5759 14664 177423 34498 97766 56150 10696 67010 25685 27301 4382 56607
internal_value=-0.000297008 0.000976745 -0.00199731 -0.00131186 -0.0028974 -0.000157196 -0.00339305 -0.00315907 -0.000816654 -0.00353829 0.00155329 -0.00332445 -0.000284903 -0.00370395 -0.00820387 -0.00415483 -0.00410225 -0.00460214 -0.00590635 -0.004033 0.00119714 -0.00223753 0.000825224 0.00100678 -0.00613499 -0.000123584 -0.00727836 0.000122767 -0.00292807 0.000292882
internal_weight=387907 221771 166136 94312.6 71823 74751.3 62261.8 59374 51239.3 51456.2 147020 31865 62447.6 27839 2887.72 22695.7 37658 26413.1 8024.44 18388.6 102083 16799.1 57353.1 50334.2 6226.8 34440.2 6593.14 29720.7 11244.9 34217
internal_count=1311640 788250 523390 299641 223749 269792 191351 186060 210203 161916 518458 105351 194290 92128 5291 75208 118888 104751 32017 72734 406325 65564 228902 131136 25360 144639 26258 77629 14137 104452
is_linear=0
shrinkage=0.05


Tree=5
num_leaves=31
num_cat=0
split_feature=16 4 4 16 16 16 16 16 3 4 3 17 16 16 4 16 16 4 16 16 16 16 16 16 16 16 16 16 16 16
split_gain=308.863 56.0937 39.6207 73.3814 44.8496 27.8232 24.8203 19.3094 18.9585 16.2813 13.4009 10.5274 10.4317 9.67151 8.66478 8.51248 8.07177 7.79994 35.2216 22.7103 6.33206 11.435 11.5322 7.90833 7.33623 5.6096 5.07598 4.87027 17.5842 5.90718
threshold=0.8127814019877837 1.5000000000000002 2.5000000000000004 0.85076214567902253 0.88926421891343954 0.76640384685231278 0.81354795087357534 0.75487371117856195 1.0000000180025095e-35 3.5000000000000004 1.0000000180025095e-35 0.66690025027010624 0.76654570564470936 0.86308177560703947 1.5000000000000002 0.90748563302870633 0.79060468980597221 1.5000000000000002 0.84101010209804372 0.85311987714289217 0.82340483352627902 0.82537325419067853 0.83214013540678655 0.81759950385457481 0.81496621376278278 0.83375273960117646 0.76654570564470936 0.80530725634941192 0.80570143096500557 0.79001139522371822
decision_type=2 2 2 2 2 2 2 2 2 2 2 2 2 2 2 2 2 2 2 2 2 2 2 2 2 2 2 2 2 2
left_child=1 7 4 25 6 -3 14 -1 -8 12 -5 -10 -7 -12 -2 -15 -14 18 20 -19 23 -22 -23 24 -13 -4 -11 29 -29 -9
right_child=2 5 3 10 -6 9 8 27 11 26 13 17 16 15 -16 -17 -18 19 -20 -21 21 22 -24 -25 -26 -27 -28 28 -30 -31
leaf_value=0.0014198182970519412 -0.0019662334039893463 0.0025948422104505593 0.0001577778651309203 -0.00053227800434920911 0.00027362952552572803 -0.00084634523641318046 -0.00065457707427442064 -0.0010793393963673147 -0.0010711544075461565 -4.6502638050471144e-05 -0.0010073276896052988 2.9448182150488418e-05 0.00082366871334193311 -0.001682862869321368 -0.0013855068080399651 -0.00044863673980277967 -4.6685806535649856e-05 -0.001077955646925722 0.00034041819776361797 -0.0019135031170187285 -0.002084303034142824 0.00024169782023015439 -0.0021877670276723225 -0.0010051864013650921 -0.0019049098515061204 -0.00045050385104492279 0.0015688830715250221 -0.0020670930924899878 -0.00083702297235652774 4.3985071305185226e-05
leaf_weight=5612.5574234351516 2077.0758275836706 77358.148553229868 34930.73854277283 4640.2383169904351 9604.5450492501259 8038.3762054778636 7923.4313347190619 10275.270198177546 16139.755289793015 5266.8557429499924 11001.986548826098 311.62468703091145 29755.143484041095 20654.624365419149 838.29297087341547 1758.7196004539728 32374.565611898899 16171.808154821396 2172.3706391900778 8189.2890572026372 2178.8685759231448 656.46980063617229 2323.1224263235927 1458.5236460343003 1617.8522894755006 21333.008437551558 45317.437073655427 1150.3573112264276 2878.4803412780166 3493.2717017382383
leaf_count=14875 3224 194352 106843 15236 32503 123845 24183 50494 20610 80774 34562 903 83215 68315 2117 6955 91807 64104 8803 33508 7989 2364 11856 6232 5079 68047 130505 1602 6837 9183
internal_value=-0.000318275 0.000903636 -0.00194904 -0.00127568 -0.00283528 0.00117714 -0.00332737 -0.00141095 -0.00310536 0.000702873 -0.00297145 -0.00345745 0.000209921 -0.0033211 -0.00783116 -0.00391707 0.000429208 -0.00394367 -0.00506766 -0.00344912 -0.00651268 -0.00761564 -0.00560254 -0.00483334 -0.00693363 -0.000128697 0.00138667 -0.00221736 -0.00374642 -0.00176995
internal_weight=387503 221520 165982 94319.3 71663 198111 62058.5 23409.9 59143.1 120752 38055.6 51219.7 70168.1 33415.3 2915.37 22413.3 62129.7 35079.9 10718.8 24361.1 8546.46 5158.46 2979.59 3388 1929.48 56263.7 50584.3 17797.4 4028.84 13768.5
internal_count=1310922 787489 523433 299958 223475 704498 190972 82991 185631 510146 125068 161448 298867 109832 5341 75270 175022 140838 43226 97612 34423 22209 14220 12214 5982 174890 211279 68116 8439 59677
is_linear=0
shrinkage=0.05


Tree=6
num_leaves=31
num_cat=5
split_feature=2 3 2 2 10 4 3 2 2 4 4 10 8 10 10 8 10 8 10 8 10 8 4 4 4 4 8 8 8 8
split_gain=358.991 198.339 88.0627 66.8005 18.9252 18.8757 17.5317 16.9793 14.2004 12.8363 12.3733 11.3798 8.30603 7.44718 7.31616 7.10733 6.88624 6.41301 5.17497 5.83664 4.88224 4.73974 4.66086 4.48636 4.08135 4.0044 3.57564 3.24481 2.82554 2.77625
threshold=0 1.0000000180025095e-35 1 2 7.3316652221561238 2.5000000000000004 1.0000000180025095e-35 3 4 2.5000000000000004 2.5000000000000004 6.2596303779279365 7.5323558811652562 6.9109568050123915 6.8352287666851659 0.89587973461402759 6.5298753861640817 1.2424533248940002 5.8568961415879626 5.6222091859522445 6.6773997267357688 1.4978661367769956 2.5000000000000004 2.5000000000000004 1.5000000000000002 1.5000000000000002 4.3757372435704527 4.6491756246494491 1.0000000180025095e-35 1.2424533248940002
decision_type=1 2 1 1 2 2 2 1 1 2 2 2 2 2 2 2 2 2 2 2 2 2 2 2 2 2 2 2 2 2
left_child=3 8 4 7 10 11 -5 16 -2 13 15 17 -10 -8 23 25 22 24 -7 28 29 -12 -1 -9 -4 -3 -6 -13 -20 -11
right_child=1 2 5 6 26 18 9 14 12 20 21 27 -14 -15 -16 -17 -18 -19 19 -21 -22 -23 -24 -25 -26 -27 -28 -29 -30 -31
leaf_value=0.00060029839724578193 0.0020422033710582183 -0.001264468612987059 -0.0018210061276257969 0.0029956640983968977 -0.00035836457210599378 -0.0016357837996719402 -0.0010652638839022317 -8.1946214578370458e-05 -3.8253705578483038e-05 9.4123459801713502e-05 -0.00075914089706239718 -0.0016731143609900079 -0.0037538300193227835 -0.00045756770832653814 0.0015367809857560208 -0.0017202988700166226 0.0036379651612890884 -0.0023344030058749833 -0.0006132108498828247 -0.002947652425406129 0.00044006317813312661 -0.0011638168295873324 0.0020237770659735895 0.00063576460108638187 -0.0017337071947411522 -0.0011015615579602366 -0.001128687779868464 -0.0025043871153188286 -0.0015958829477470363 -0.00050547522343139808
leaf_weight=10780.042895838618 14209.417622011155 3503.7379455603659 3039.7373361252248 6460.7333869114518 10176.593935664743 8889.3329344056547 16029.293998997658 14270.288786832243 35506.935577705503 13151.389820106328 13995.685758907348 6603.9969858638942 332.03919302672148 11600.712531007826 34447.24069262296 9615.366242621094 35933.318128168583 3612.380800537765 2007.1646794117987 1794.3820260390639 21143.401155151427 11772.597144812346 27964.731143284589 29136.659513507038 4305.4960353411734 6170.6297350823879 9615.0522883497179 3397.7655314616859 7071.8055278398097 10964.879854783416
leaf_count=36565 48230 11602 9962 21842 33400 30778 54551 48690 117927 43576 46603 21686 1077 38899 116015 33800 120075 12897 6459 6352 71110 41787 95588 99433 14209 20415 32795 11748 24030 38821
internal_value=-0.000323593 -0.00218121 -0.00341038 0.000923139 -0.00226485 -0.00523279 -0.000253483 0.00153522 0.000411152 -0.000474781 -0.0028313 -0.00627937 -0.000119361 -0.00132401 0.0010182 -0.00378895 0.00207401 -0.00739246 -0.00412548 -0.00339391 4.36515e-05 -0.00211442 0.0016119 0.000586549 -0.00654418 -0.00283213 -0.000976414 -0.00505991 -0.00287891 -0.000442595
internal_weight=387503 155620 105572 231883 64849.7 40722.1 79350.4 152532 50048.4 72889.7 45058 20959.4 35839 27630 77854.2 19289.7 74678.1 10957.6 19762.7 10873.4 45259.7 25768.3 38744.8 43406.9 7345.23 9674.37 19791.6 10001.8 9078.97 24116.3
internal_count=1310922 525757 358523 785165 220402 138121 268799 516366 167234 246957 154207 70502 119004 93450 264138 65817 252228 37068 67619 36841 153507 88390 132153 148123 24171 32017 66195 33434 30489 82397
cat_boundaries=0 1 2 3 4 5
cat_threshold=19 8 3 2 8
is_linear=0
shrinkage=0.05


Tree=7
num_leaves=31
num_cat=0
split_feature=1 16 3 1 16 16 1 4 16 4 4 1 1 17 1 16 4 7 16 1 1 3 3 16 4 16 3 3 16 1
split_gain=339.9 230.957 131.616 82.8152 64.2127 26.2695 25.8041 17.2053 15.8068 32.9203 17.4784 12.5246 11.2448 10.9352 9.80413 9.7287 8.46847 7.74716 7.25713 7.26695 7.23987 7.3652 7.18878 6.87018 7.09848 18.4025 6.56809 6.47159 6.25766 5.90627
threshold=1124.5000000000002 0.80530725634941192 1.0000000180025095e-35 625.50000000000011 0.80172580346046063 0.76232687082252271 2112.5000000000005 1.5000000000000002 0.84649134540172921 1.5000000000000002 1.5000000000000002 335.50000000000006 326.50000000000006 0.80752367129488067 246.50000000000003 0.74468638834487166 2.5000000000000004 5.8847132099692177 0.90374560103526036 831.50000000000011 467.50000000000006 1.0000000180025095e-35 1.0000000180025095e-35 0.90374560103526036 2.5000000000000004 0.83327601148575159 1.0000000180025095e-35 1.0000000180025095e-35 0.78306500589658634 1507.5000000000002
decision_type=2 2 2 2 2 2 2 2 2 2 2 2 2 2 2 2 2 2 2 2 2 2 2 2 2 2 2 2 2 2
left_child=1 5 14 12 15 11 29 22 9 -5 -10 17 -4 20 -3 -2 -17 -1 19 -12 27 -22 -7 24 -14 -26 -15 -9 -24 -6
right_child=4 2 3 8 6 7 -8 13 10 -11 18 -13 23 26 -16 16 -18 -19 -20 -21 21 -23 28 -25 25 -27 -28 -29 -30 -31
leaf_value=-0.00012406913305756663 0.0059265535840158073 -0.0012822659094826037 -0.0023097653017431249 -0.0017464409282814614 -0.00056589767208709355 -0.00053708836154951268 0.0010469580378461457 -7.6651522601926125e-05 -0.00018977933555487311 -0.00063938310895488297 -0.0018466212604796993 0.0015770263445599121 -0.0017581585759650381 0.00013207597882766708 0.00041828898241922724 0.00066204509047947395 0.0024705978761282738 -0.0034516443947497453 -0.0010329166316009699 -0.0012989927777705664 0.0022158280455520838 -3.9302309320177894e-05 -0.0016960702394023634 -0.0012173198458819555 -0.0011234336823381875 -0.0018019087079239834 -0.0013351027960302076 -0.0011886842916228567 -0.00093042203689680395 1.9939348762305216e-05
leaf_weight=5227.3235231116414 24240.292705640197 4121.7517176941037 4908.291186645627 4978.268550850451 28489.005211137235 2002.0744277648628 42633.736730709672 6521.3092432245612 2064.3560460135341 21466.317492000759 6918.1323662772775 30853.261542998254 11289.820514477789 2067.1343560926616 17231.815140798688 20859.973333079368 54751.170628461987 1354.7515063285828 1328.0964953154325 8721.3693648651242 5729.9321863874793 24696.581351194531 3177.1119571141899 1293.1885084882379 4125.275098092854 6550.6769331693649 5442.0140943489969 4614.3107236176729 2428.7773122340441 27416.68895984441
leaf_count=13053 59938 12878 14862 14846 87633 9118 133929 17329 6303 64487 22100 78096 33779 29259 54452 87295 217555 3538 4905 27929 15598 63547 18639 4496 12355 20792 78339 11962 6941 84969
internal_value=-0.000310508 -0.00182724 -0.00356644 -0.0045686 0.00113529 -7.17336e-05 0.000229781 -0.000750618 -0.00324902 -0.00245821 -0.00434783 0.000956137 -0.00669908 -0.000407606 -0.000110221 0.0020289 0.00174945 -0.00102393 -0.00487635 -0.00517768 -9.03444e-05 0.000308881 -0.00296305 -0.00624015 -0.00644866 -0.00552434 -0.0021636 -0.00118117 -0.00388155 -0.000476793
internal_weight=387503 189112 94997.4 73643.8 198391 94114.6 98539.4 56679.2 45476.5 26444.6 19032 37435.3 28167.3 49071.3 21353.6 99851.4 75611.1 6582.08 16967.6 15639.5 41562.1 30426.5 7607.96 23259 21965.8 10676 7509.15 11135.6 5605.89 55905.7
internal_count=1310922 639603 294184 226854 671319 345419 306531 250732 140570 79333 61237 94687 86284 216034 67330 364788 304850 16591 54934 50029 108436 79145 34698 71422 66926 33147 107598 29291 25580 172602
is_linear=0
shrinkage=0.05


Tree=8
num_leaves=31
num_cat=7
split_feature=2 16 3 16 2 2 16 3 4 16 4 4 2 17 2 10 16 16 16 2 4 16 10 2 9 10 4 16 16 10
split_gain=296.513 186.653 132.979 84.3233 44.4297 35.2847 21.8998 18.0749 15.4805 12.5469 23.9679 18.0681 12.0365 11.9079 10.6493 7.49639 7.37647 7.21684 6.73259 6.71798 6.4688 12.2884 6.12238 6.00833 6.99185 5.50092 5.49167 14.2155 5.36682 5.1417
threshold=0 0.80530725634941192 1.0000000180025095e-35 0.80172580346046063 1 2 0.75692737795582421 1.0000000180025095e-35 1.5000000000000002 0.84649134540172921 1.5000000000000002 1.5000000000000002 3 0.80752367129488067 4 7.3777448829540324 0.90748563302870633 0.90374560103526036 0.75792181117495805 5 2.5000000000000004 0.83327601148575159 6.4847746935035122 6 1.4978661367769956 6.2098202892798655 2.5000000000000004 0.8576553408240688 0.88926421891343954 7.3777448829540324
decision_type=1 2 2 2 1 1 2 2 2 2 2 2 1 2 1 2 2 2 2 1 2 2 2 1 2 2 2 2 2 2
left_child=3 6 -3 14 12 9 23 -8 -9 10 -4 -11 -5 19 22 26 -13 20 -16 -10 29 -22 -1 -2 -25 -12 28 -28 -6 -7
right_child=1 2 5 4 15 17 7 8 13 11 25 16 -14 -15 18 -17 -18 -19 -20 -21 21 -23 -24 24 -26 -27 27 -29 -30 -31
leaf_value=0.0016689529188121208 0.0020149464448984164 -0.00018948089854584836 -0.0016652934269149678 0.0011090063512961268 -0.0011111118414890535 -0.0021255505059387192 0.00041212901482086536 -0.0012309229921638695 -2.231408910442767e-05 -0.00026933469159831706 -0.0011063120385757291 -0.0017377354884694233 1.8942381324189851e-05 -0.0013891090716256071 0.002933411177865922 -0.00040152591064494608 -0.0009859617409493115 -0.0016072310536005491 0.00042192083906184637 -0.0010502155817357667 -0.0011551929867352152 -0.0017527941123263585 0.0039293560300730284 0.00053091287704896408 -0.0027423321441573836 -0.00049056342143389273 -0.00043138330923495619 -0.0012126812615097843 0.00028513108295553577 -0.0018763030465206853
leaf_weight=36911.688655361533 12762.642537325621 19993.051803819835 4120.08467977494 34073.373594984412 11080.552111268044 8701.9486144632101 16910.706087250262 4804.1676275767386 15491.80426793918 1717.0280698165298 7915.0070458352566 12316.919877424836 40015.722167223692 4236.7720538303256 12629.58092636615 12235.422250628471 869.03444162011147 1323.8814415484667 24257.941275823861 8666.2913054078817 3813.7477837428451 6213.9116099476814 41531.496742684394 12730.890592224896 2071.9676389023662 8091.4777075722814 12802.876319393516 5202.8568694293499 1141.1809940487146 2868.7821147441864
leaf_count=137186 32394 62939 12204 107170 33264 25934 71069 21571 39471 5247 23947 39266 124341 60765 31845 37320 3284 4546 106388 22177 11412 19672 147669 31727 5432 24105 38921 17206 3855 8595
internal_value=-0.000303555 -0.0019918 -0.00372056 0.000829505 -0.000118926 -0.0049336 -0.000257301 -0.00087999 -0.00155773 -0.00393122 -0.00311806 -0.00503203 0.00062012 -0.00111362 0.00178805 -0.00140823 -0.00566026 -0.00646089 0.00108637 -0.000684824 -0.00668335 -0.00575385 0.0021176 0.000874648 0.000188449 -0.00224266 -0.00183123 -0.00127598 -0.00264924 -0.0074889
internal_weight=387503 155620 77944.9 231883 116552 57951.8 77675.2 50109.7 33199 35029.6 20126.6 14903 74089.1 28394.9 115331 42462.9 13186 22922.3 36887.5 24158.1 21598.4 10027.7 78443.2 27565.5 14802.9 16006.5 30227.5 18005.7 12221.7 11570.7
internal_count=1310922 525757 241151 785165 362077 178212 284606 215053 143984 108053 60256 47797 231511 122413 423088 130566 42550 70159 138233 61648 65613 31084 284855 69553 37159 48052 93246 56127 37119 34529
cat_boundaries=0 1 2 3 4 5 6 7
cat_threshold=19 3 8 2 3 8 8
is_linear=0
shrinkage=0.05


Tree=9
num_leaves=31
num_cat=0
split_feature=1 3 1 1 1 1 4 4 4 8 1 4 1 1 7 1 4 3 1 18 1 5 5 6 1 4 8 3 6 6
split_gain=281.615 130.997 78.559 31.7359 25.2552 18.4179 14.8184 14.0192 9.44847 9.3865 6.65856 5.12786 4.77505 4.13654 5.34198 4.11489 3.81439 3.59517 4.11198 3.29959 3.17732 2.94722 2.79991 2.66903 2.60824 2.5624 2.73065 2.37252 2.29274 2.28831
threshold=1143.5000000000002 1.0000000180025095e-35 625.50000000000011 2539.5000000000005 317.50000000000006 335.50000000000006 2.5000000000000004 2.5000000000000004 1.5000000000000002 7.5323558811652562 815.50000000000011 2.5000000000000004 1546.5000000000002 192.50000000000003 5.2907859277095151 893.50000000000011 3.5000000000000004 1.0000000180025095e-35 1686.5000000000002 1.0125000000000002 646.50000000000011 -0.5 0.37940952255126054 0.78656609248549303 4022.5000000000005 1.5000000000000002 6.5228275521598329 1.0000000180025095e-35 0.25881904510252057 0.25881904510252057
decision_type=2 2 2 2 2 2 2 2 2 2 2 2 2 2 2 2 2 2 2 2 2 2 2 2 2 2 2 2 2 2
left_child=1 4 5 7 9 22 10 12 21 13 23 -5 27 14 -1 -8 19 -9 -19 -10 -6 -7 25 -4 -13 -3 -27 -2 -14 -12
right_child=3 2 6 11 20 8 15 17 16 -11 29 24 28 -15 -16 -17 -18 18 -20 -21 -22 -23 -24 -25 -26 26 -28 -29 -30 -31
leaf_value=-0.0010748140271604103 0.0021503140302382693 -0.002127936127913 -0.001243978409618532 0.0010941445440789503 0.00074168929687630297 -0.0017284362895481555 -0.00075208547125575837 0.0037286768199256272 -0.001498707147323264 -0.0033577023242353926 -0.00093662232443264689 0.0020077623655701386 1.1129145785348377e-05 -0.00043346949982916647 -0.0034661103986622179 -0.00026744120393490183 -0.0010646915836445435 0.00026501799320146832 0.0011820559814413789 -0.0012229927741758768 0.0023124766584601978 -0.0014565841143658735 -0.00166217362173096 -0.00075368752655296601 0.0036219136320822785 -0.0017887855942906824 -0.0032362595711990095 -0.00045821527486927945 0.00073282707922875119 -0.00037228887952290711
leaf_weight=4438.5844060331583 1170.8211112245917 1416.4262030497193 12998.459239471704 18391.180443782359 23594.606502279639 2679.8575649932027 27042.199688017368 3777.4996162503958 15966.946135837585 127.40779026225209 15461.809408985078 27538.719628170133 16093.988089937717 10910.099015280604 871.34831013903022 24494.611677911133 9825.4128665439785 42026.523674890399 37824.282448779792 7652.8102580681443 13722.428731091321 4808.4311712794006 3441.6758029423654 1841.1413434743881 22963.096536800265 4280.265399582684 231.64824848622084 18745.346988596022 6775.8771660141647 6389.3037398047745
leaf_count=14226 3845 4761 43898 61731 79128 8925 92286 12697 69312 416 52343 92932 54117 36147 3111 83136 33742 142756 128312 11003 46477 16065 11495 6513 77964 14370 852 63220 23269 21873
internal_value=-0.000276764 -0.00163554 -0.002448 0.00106036 0.000461752 -0.00402487 -0.00154893 0.000589846 -0.00356713 -0.00117707 -0.00231691 0.00192373 -0.000146291 -0.00107088 -0.00221542 -0.00100218 -0.00320768 0.00096647 0.000895165 -0.00355207 0.00117967 -0.00517254 -0.00602455 -0.00313426 0.00218405 -0.00668311 -0.00610068 -0.000712318 0.000346631 -0.00176183
internal_weight=387503 192195 138531 195307 53664.5 50303.5 88227.5 126414 40933.5 16347.4 36690.7 68893 42786 16220 5309.93 51536.8 33445.2 83628.3 79850.8 23619.8 37317 7488.29 9370.02 14839.6 50501.8 5928.34 4511.91 19916.2 22869.9 21851.1
internal_count=1310922 650079 470574 660843 179505 170525 300049 428216 139047 53900 124627 232627 144451 53484 17337 175422 114057 283765 271068 80315 125605 24990 31478 50411 170896 19983 15222 67065 77386 74216
is_linear=0
shrinkage=0.05


Tree=10
num_leaves=31
num_cat=0
split_feature=1 3 1 1 1 10 4 4 10 10 1 1 4 7 10 1 1 1 1 5 18 1 4 4 7 1 6 10 4 4
split_gain=253.689 119.746 73.0646 30.5336 21.067 19.3485 13.6031 11.9058 9.27109 8.72348 8.56498 6.90707 5.67811 5.60827 5.04283 4.95642 4.71983 4.0459 3.98464 3.90902 3.9951 3.35793 3.18341 3.16366 3.02017 2.88579 2.69712 2.6015 2.44852 2.44584
threshold=1134.5000000000002 1.0000000180025095e-35 504.50000000000006 2205.5000000000005 317.50000000000006 6.6773997267357688 3.5000000000000004 2.5000000000000004 7.3619828880744267 6.8535334408403505 326.50000000000006 733.50000000000011 2.5000000000000004 6.281331292928102 6.7576196076432629 733.50000000000011 870.50000000000011 192.50000000000003 511.50000000000006 -1.0000000180025095e-35 1.0208333333333335 1546.5000000000002 3.5000000000000004 2.5000000000000004 6.5532206455302013 157.50000000000003 0.25881904510252057 7.1414546997017636 1.5000000000000002 3.5000000000000004
decision_type=2 2 2 2 2 2 2 2 2 2 2 2 2 2 2 2 2 2 2 2 2 2 2 2 2 2 2 2 2 2
left_child=1 4 10 6 13 7 9 16 12 21 -3 22 -5 25 23 -9 19 -15 -6 28 -21 -2 -7 -12 -16 -1 -17 -8 -4 -13
right_child=3 2 5 8 18 11 27 15 -10 -11 14 29 -14 17 24 26 -18 -19 -20 20 -22 -23 -24 -25 -26 -27 -28 -29 -30 -31
leaf_value=-0.0012060481419245359 -0.00045438876140476564 -0.0019598684914839399 -0.0015631998756082067 0.00043790888702217591 0.00042929351551466505 -0.00098060815748140942 0.00061211284439001499 -0.0010017163024988931 0.0036418463653348 0.0005101814435580249 -0.001472275730576616 -0.00038160165837751035 0.0017269989698012189 -0.0032928048787291067 -0.00088946727826031693 -0.00076736236805675581 -0.00090665879692684588 -0.0022478582993124886 0.001838338353305278 -0.0013726556452452008 -0.00048619455167429052 1.0572688496080646e-05 -0.00038756204095827598 -0.0013191248062227436 -0.0019627070325280204 -0.0002897667301951512 -0.00017061596526168205 0.0018116464151703713 -0.0013923349975014405 0.00020524464865172219
leaf_weight=2545.8753012456 20402.495758231729 8610.6192738488317 2799.311884559691 16432.216915264726 15534.826412733644 12614.295368772 25893.63703526929 12206.532415062189 26243.883141104132 30864.030990015715 6656.9780364483595 21604.816756118089 43452.250640060753 572.79526508972049 4800.0441889837384 15705.833812475204 9385.8516231290996 1330.3165200203657 21502.570435050875 5779.195293687284 2250.2068489082158 18580.166568391025 4298.0741751119494 6449.5706295855343 3660.9535560123622 11841.554775875062 6109.9576752744615 14925.690047688782 5340.0275289490819 9337.5106184072793
leaf_count=8168 69585 28992 9558 55694 51976 42543 88648 41768 86455 103450 22286 72780 148931 2027 15890 53705 31946 4710 72783 24245 2757 63281 14689 22178 12745 38767 21148 50132 18138 31523
internal_value=-0.000272538 -0.00157096 -0.00235044 0.000987242 0.000440461 -0.00173981 0.000437804 -0.0023412 0.00169321 1.4022e-05 -0.00452424 -0.000991118 0.0013498 -0.001058 -0.003992 -0.00172861 -0.00315676 -0.0036088 0.00109955 -0.00367448 -0.00289174 -0.00048318 -0.00180363 -0.00460629 -0.00304043 -0.000720593 -0.00127719 0.00116294 -0.00444665 -0.000547018
internal_weight=387732 190938 137610 196794 53327.9 107432 110666 59576.9 86128.4 69846.7 30178.2 47854.7 59884.5 16290.5 21567.5 34022.3 25554.6 1903.11 37037.4 16168.7 8029.4 38982.7 16912.4 13106.5 8461 14387.4 21815.8 40819.3 8139.34 30942.3
internal_count=1311498 645322 466891 666176 178431 364800 375096 203265 291080 236316 102091 161535 204625 53672 73099 116621 86644 6737 124759 54698 27002 132866 57232 44464 28635 46935 74853 138780 27696 104303
is_linear=0
shrinkage=0.05


Tree=11
num_leaves=31
num_cat=0
split_feature=1 16 3 16 1 16 4 1 16 1 3 3 16 4 4 1 16 1 17 1 4 16 8 8 10 1 16 3 10 10
split_gain=225.969 168.609 82.0196 57.4699 41.6581 22.2148 19.4338 18.97 9.67897 9.42283 11.2598 9.59432 8.71273 19.6301 17.4174 7.76619 7.04936 6.96568 6.93141 6.89546 6.85243 6.61218 5.78577 5.44057 5.388 4.72895 4.72742 4.70006 4.41062 4.38359
threshold=1134.5000000000002 0.81055355588102429 1.0000000180025095e-35 0.80172580346046063 548.50000000000011 0.75487371117856195 1.5000000000000002 2003.5000000000002 0.74591243234688742 504.50000000000006 1.0000000180025095e-35 1.0000000180025095e-35 0.84649134540172921 1.5000000000000002 1.5000000000000002 234.50000000000003 0.90056769624314192 388.50000000000006 0.81045960846292242 326.50000000000006 2.5000000000000004 0.90748563302870633 3.1567740231385479 1.4978661367769956 8.0554591761172674 3831.5000000000005 0.79735433676339496 1.0000000180025095e-35 7.4504533262904724 6.1848857164332625
decision_type=2 2 2 2 2 2 2 2 2 2 2 2 2 2 2 2 2 2 2 2 2 2 2 2 2 2 2 2 2 2
left_child=1 5 15 8 16 17 27 -5 -2 10 -8 -11 13 -6 -14 -3 19 22 26 -4 -10 23 -1 -16 -25 -9 -13 -7 -21 -15
right_child=3 2 4 7 12 6 9 25 20 11 -12 18 14 29 21 -17 -18 -19 -20 28 -22 -23 -24 24 -26 -27 -28 -29 -30 -31
leaf_value=0.00049311939333424525 0.005346707982292336 -0.0011725167575799647 -0.0019235501639723103 -0.00037341775098362898 -0.0014888235194576169 -0.00049467858271186403 -5.0792016633310903e-05 0.00036487343251111128 0.0004969364266993085 0.0021781770250519773 -0.00097862036475656407 0.00022274427729314166 0.00033639746316516746 -0.00092769071273710458 -0.0011373920802337512 0.00024338774639192097 -0.0014437891264482952 0.0017490750124407727 -0.0010196746033938192 -0.0015009677711623898 0.0020485499225381537 -0.00052352271851741419 -0.0026083457222904408 -0.0016652351459775041 -0.0010908493980417225 0.0015160504902403103 -0.00051087587501118736 -0.0011223110184150342 -0.0013862093432869878 -0.00046862842977440163
leaf_weight=5520.9851077124476 24817.251637212932 3374.2793958410621 4217.7179169207811 51204.202939987183 5034.2949075326324 2524.7205100096762 10193.263397939503 32163.726877205074 20544.212880156934 7522.4259697049856 8435.8287754431367 22533.5391574651 2491.9803761020303 10784.087203025818 8179.2177314162254 16257.868754848838 1402.6983479335904 23942.635222665966 3483.8964408263564 10816.399857543409 53637.748017605394 1311.2751618176699 1890.9604780301452 9322.02647908777 1268.1363523900509 14427.228743858635 8654.0585364922881 7581.2815044671297 3005.3307530730963 11188.81005705893
leaf_count=13627 61350 10666 12840 158440 16073 10416 40806 100138 86148 30996 35382 66945 7623 32493 25485 51561 4752 60555 51680 33229 214323 4942 4948 30448 3893 45777 23537 29725 9221 33479
internal_value=-0.000265622 -0.00149105 -0.003087 0.00092334 -0.00389809 -0.000107772 -0.000597693 6.36514e-05 0.00177257 -0.000260334 -0.00119694 0.000153187 -0.00312888 -0.00252291 -0.00385389 -0.000235393 -0.00585967 0.00100051 -0.000198005 -0.00612516 0.00148662 -0.00434316 -0.000338925 -0.00458298 -0.0053311 0.000793692 3.82798e-05 -0.00262809 -0.00558515 -0.00187768
internal_weight=387732 190938 88654.1 196794 69022 102284 70929 97795.2 98999.2 60823 18629.1 42193.9 49579.8 27007.2 22572.6 19632.1 19442.1 31354.6 34671.5 18039.4 74182 20080.7 7411.95 18769.4 10590.2 46591 31187.6 10106 13821.7 21972.9
internal_count=1311498 645322 276705 666176 214478 368617 289487 304355 361821 249346 76188 173158 154436 82045 72391 62227 60042 79130 142162 55290 300471 64768 18575 59826 34341 145915 90482 40141 42450 65972
is_linear=0
shrinkage=0.05


Tree=12
num_leaves=31
num_cat=0
split_feature=16 1 3 1 1 16 4 1 16 4 3 1 16 10 6 1 1 1 1 18 8 16 4 8 16 16 16 4 3 1
split_gain=207.212 142.324 71.836 61.8604 43.8634 19.4939 18.0534 14.8689 12.3917 9.50714 9.07553 11.9162 8.72422 8.22833 7.79437 7.18048 7.07578 6.58275 6.1868 6.04731 5.79941 6.60289 5.74979 5.61626 5.01282 4.61379 5.3968 9.42927 4.36598 5.17656
threshold=0.8127814019877837 1143.5000000000002 1.0000000180025095e-35 1097.5000000000002 548.50000000000011 0.75487371117856195 1.5000000000000002 2003.5000000000002 0.75487371117856195 2.5000000000000004 1.0000000180025095e-35 504.50000000000006 0.81354795087357534 7.5227904940025789 0.25881904510252057 371.50000000000006 511.50000000000006 326.50000000000006 444.50000000000006 0.93750000000000011 2.740319461670996 0.84649134540172921 1.5000000000000002 2.524928003624769 0.79735433676339496 0.91167763378283551 0.8624299788615909 2.5000000000000004 1.0000000180025095e-35 335.50000000000006
decision_type=2 2 2 2 2 2 2 2 2 2 2 2 2 2 2 2 2 2 2 2 2 2 2 2 2 2 2 2 2 2
left_child=3 2 16 5 12 18 28 25 -5 -10 15 -12 22 14 20 -8 -2 -14 23 -13 -6 -22 -4 -1 -21 26 27 -3 -7 -30
right_child=1 7 4 8 13 6 10 -9 9 -11 11 19 17 -15 -16 -17 -18 -19 -20 24 21 -23 -24 -25 -26 -27 -28 -29 29 -31
leaf_value=0.00078653703228796161 -0.00068291231772314937 -0.00065432584430731371 -0.001903437022359409 0.0044375775588771553 -0.0010681580460404759 -0.0004749335316081925 -0.00041188663207596886 0.0005368029486894618 0.00023021867250044433 0.0016813360847655078 -0.00092218527709528742 -0.00089359093099863137 -0.0018298555418761889 -0.00085927889555616275 -0.00084690453158604579 0.0016227541455113765 0.00097197221835386503 -0.0013878570519885551 0.0017716629932316543 0.00022230622143858196 -0.0011506228870191177 -0.0018411135121173172 -0.0012931075882067955 -0.0017865095781517835 -0.00050659840316307219 0.0025082297582932215 -0.00097451021930115432 7.411328023548617e-05 -0.0020493310252096253 -0.00091207126996187759
leaf_weight=6235.4487183019519 11442.474237814546 12152.93561476469 475.37270607054234 32564.160890571773 18823.606850147247 2641.7128467671573 6967.3532441221178 37763.301003679633 25579.125297695398 61576.16625552997 8813.0052870064974 4470.8759449012578 4263.6822735443711 11369.548993550241 10763.708690024912 11098.139069292694 7564.4940826818347 13915.799576371908 21048.201549895108 20366.032334107906 4060.8731637597084 3577.5831674858928 174.31511967629194 3197.6626433879137 9172.6974554881454 1357.1981904879212 10088.046164117754 18433.288612350821 735.16653719171882 7040.1129705868661
leaf_count=15429 36146 37398 649 81225 57695 10746 27475 120738 100175 241509 36441 61538 13350 35325 33796 45259 24142 43869 53244 52968 12949 12025 476 8239 23553 4858 33127 57286 2980 26888
internal_value=-0.000249456 -0.00158376 -0.00298952 0.000751855 -0.00375485 -0.000154339 -0.000606748 -6.10816e-05 0.00152231 0.00121137 -0.000277673 -0.000674159 -0.00580363 -0.00296102 -0.00332058 0.000662162 -0.000274594 -0.00560017 0.000903984 -0.000249576 -0.00378202 -0.004944 -0.0114968 -0.000160076 9.81292e-06 -0.000708031 -0.000803722 -0.000472958 -0.00253022 -0.00312687
internal_weight=387732 166226 86431.5 221506 67424.5 101786 71305.1 79794.8 119719 87155.3 60888.1 42822.6 18829.2 48595.3 37225.8 18065.5 19007 18179.5 30481.3 34009.6 26462.1 7638.46 649.688 9433.11 29538.7 42031.5 40674.3 30586.2 10417 7775.28
internal_count=1311498 523829 270422 787669 210134 364760 287848 253407 422909 341684 247234 174500 58344 151790 116465 72734 60288 57219 76912 138059 82669 24974 1125 23668 76521 132669 127811 94684 40614 29868
is_linear=0
shrinkage=0.05


Tree=13
num_leaves=31
num_cat=0
split_feature=16 1 3 1 1 16 3 1 16 1 16 1 1 1 1 1 8 17 1 16 16 16 3 10 10 8 1 10 16 16
split_gain=186.806 127.268 67.3129 55.645 53.8647 17.2609 12.7634 16.1781 11.8144 11.55 8.77124 8.52847 8.43142 8.02494 7.57198 7.39736 5.91554 5.83325 4.99465 4.95089 6.57433 4.61822 4.32475 4.19852 4.14082 4.07485 3.89428 3.86365 3.83384 6.0995
threshold=0.8127814019877837 1231.5000000000002 1.0000000180025095e-35 1097.5000000000002 555.50000000000011 0.75382425525355401 1.0000000180025095e-35 504.50000000000006 0.75487371117856195 2793.5000000000005 0.81354795087357534 801.50000000000011 2003.5000000000002 246.50000000000003 371.50000000000006 326.50000000000006 6.0672668391739295 0.81045960846292242 234.50000000000003 0.84373940648526213 0.90374560103526036 0.80172580346046063 1.0000000180025095e-35 7.7581550303642528 7.6630053345060398 2.8617925509761908 518.50000000000011 6.8731336345561873 0.90748563302870633 0.85382885972224343
decision_type=2 2 2 2 2 2 2 2 2 2 2 2 2 2 2 2 2 2 2 2 2 2 2 2 2 2 2 2 2 2
left_child=3 2 13 5 10 16 14 -8 -5 23 -4 24 22 -2 -7 -12 18 21 -1 -13 -21 -9 -10 -3 25 -6 -18 -24 29 -17
right_child=1 9 4 8 11 6 7 17 12 -11 15 19 -14 -15 -16 28 26 -19 -20 20 -22 -23 27 -25 -26 -27 -28 -29 -30 -31
leaf_value=-0.00090873603524978188 -0.0010587971405602006 -0.00036306737180019579 -0.0017989705423417963 0.0042156986809332971 -0.0012638938700488462 -0.00054552626918460761 -0.0010524372130914527 -4.4719630992971771e-06 0.0050718872512480542 0.00091179781308965225 -0.0017383627647823794 -0.00058414509975255192 0.0018059967819568264 0.00018965010360137078 0.0012835004828937722 -0.0012638522458983184 -0.0027662952734310055 -0.00097073806197243713 0.0015171256059312557 -0.0010910410602093371 0.00047013719313550171 -0.00062990697268832318 7.6786910795163119e-05 0.00049832705607021283 -0.00088513466669725013 -0.0014409537853732072 -9.835689469394685e-05 0.0010263477775375625 -0.0012643296946759121 -0.0018025448692053254
leaf_weight=2281.0452033430338 3658.4459882378578 42660.824531421065 660.12973676621914 32564.160890571773 12651.852200567722 8372.5355086624622 11064.806704580784 27745.806560970843 1980.9106276556849 21248.668225288391 4263.6822735443711 16507.004919625819 44375.584923315793 15755.570340655744 12601.986231934279 8431.8451903313398 810.23262365162373 3862.7256622537971 25033.383240759373 14410.879511296749 1578.4803216010332 8365.811813749373 23102.079570632428 9702.8544690385461 4007.6644079759717 4663.0615554079413 1648.0750511437654 17696.716431621462 829.36767268180847 5195.8971020877361
leaf_count=5705 11570 135401 1149 81225 38654 32908 45202 81561 8218 68359 13350 50440 172020 49988 51309 25898 2154 57177 62852 45860 5552 21600 92126 30142 12562 15229 4292 69320 2880 16795
internal_value=-0.000229675 -0.00149657 -0.00273001 0.000721054 -0.00342421 -0.000138411 -0.000557068 -0.000983785 0.00145178 5.52511e-05 -0.00568441 -0.00261028 0.00114817 -0.000112563 0.0004813 -0.00548467 0.000874229 -0.000515442 0.00108567 -0.00210044 -0.0027275 -0.000317901 0.000647295 -0.000343715 -0.00338731 -0.00372253 -0.00147506 0.00053652 -0.00494492 -0.00514578
internal_weight=387732 166226 92613.9 221506 73199.9 101786 72013.7 51039.2 119719 73612.3 19380.9 53818.9 87155.3 19414 20974.5 18720.8 29772.7 39974.3 27314.4 32496.4 15989.4 36111.6 42779.7 52363.7 21322.6 17314.9 2458.31 40798.8 14457.1 13627.7
internal_count=1311498 523829 289927 787669 228369 364760 289757 205540 422909 233902 60072 168297 341684 61558 84217 58923 75003 160338 68557 101852 51412 103161 169664 165543 66445 53883 6446 161446 45573 42693
is_linear=0
shrinkage=0.05


Tree=14
num_leaves=31
num_cat=8
split_feature=16 2 3 2 2 3 16 4 16 4 2 2 16 18 2 8 16 4 4 16 2 6 10 16 4 2 10 16 4 4
split_gain=170.875 111.04 53.2943 65.3515 49.4155 13.7387 13.0495 12.5033 11.6009 12.2864 10.9022 7.588 6.9408 6.57983 6.07168 6.14518 6.02516 22.2391 10.0801 7.53188 5.68006 5.57497 5.35989 4.90949 4.69512 4.53396 4.41018 4.19842 8.95126 6.07197
threshold=0.8127814019877837 0 1.0000000180025095e-35 1 2 1.0000000180025095e-35 0.7434124931127456 1.5000000000000002 0.74201131889676508 1.5000000000000002 3 4 0.90056769624314192 0.93750000000000011 5 7.5323558811652562 0.85472328363330063 1.5000000000000002 1.5000000000000002 0.83744152111093351 6 0.25881904510252057 7.5227904940025789 0.89781489096933687 2.5000000000000004 7 6.6984141434628581 0.84649134540172921 2.5000000000000004 1.5000000000000002
decision_type=2 1 2 1 1 2 2 2 2 2 1 1 2 2 1 2 2 2 2 2 1 2 2 2 2 1 2 2 2 2
left_child=4 20 23 10 6 14 -1 -8 -7 -10 27 -9 16 -11 -6 -16 17 19 -18 -5 -2 22 -12 -3 -19 -15 -13 28 -4 -29
right_child=1 2 3 12 5 8 7 11 9 13 21 26 -14 25 15 -17 18 24 -20 -21 -22 -23 -24 -25 -26 -27 -28 29 -30 -31
leaf_value=0.0046455119026041023 0.00063409384374446412 -0.00029052141532038281 -0.00082326524915844821 -0.0017454221785005608 0.0022037601979519039 0.0010236070587868393 -0.00036822608471618061 0.0023152980726198302 -0.0011555139247183316 -0.0010738963444231879 -0.0012842933300847973 0.00034723174997714146 -0.0011752786744749764 -2.1882184239623017e-05 0.00016486893146289914 -0.0036518144803242441 -0.00054464038614948987 -0.0011572055177991815 -0.0017124176257450594 -0.0010328488934855738 -9.9599030603066135e-05 -0.00072262582786082055 -0.00087048819634860392 0.002953275186976646 -0.0011823015740444337 -0.00070340479213389377 0.0013609519374896059 0.0009577851374131148 -0.0001627838013858768 -0.0010067301984216445
leaf_weight=26757.455468326807 27631.570761062205 17050.543548755348 8008.8437404483557 2637.6087226048112 9196.944832354784 9501.5680118277669 9279.7786072790623 35227.231811519712 6995.3850167617202 4601.4513194486499 17223.13090673089 33471.018046095967 1504.680855885148 20839.25237230584 22702.750782776624 214.69823751226068 756.17609897255898 4152.4570704326034 5845.2622044831514 394.38061716407537 33104.570259325206 9127.2498465031385 5150.689603947103 3048.6872550845146 5328.5479413345456 11847.992220655084 30870.334317982197 1430.438958324492 10293.802879363298 13537.58717610687
leaf_count=66458 88615 53399 24569 8184 32236 23853 34471 131643 26487 63053 53674 129763 5119 53418 77457 745 2246 11951 19078 1291 105060 28648 15875 10301 16069 30373 117712 4303 31509 43938
internal_value=-0.000224736 -0.00143641 -0.00241685 -0.00296232 0.000684551 -0.000253805 0.00127888 0.00103579 -0.000742444 -0.00108258 -0.00218074 0.00119939 -0.00541386 -0.000721859 0.000564497 0.000128523 -0.00567387 -0.00502908 -0.00689605 -0.00875653 0.000266831 -0.00284812 -0.00327387 -0.000100646 -0.00383706 -0.00047266 0.00087594 -0.0015482 -0.00104073 -0.00216976
internal_weight=387732 166226 105490 85390.9 221506 85900 135606 108848 53785.6 44284.1 64771.7 99568.6 20619.1 37288.7 32114.4 22917.4 19114.4 12513 6601.44 3031.99 60736.1 31501.1 22373.8 20099.2 9481.01 32687.2 64341.4 33270.7 18302.6 14968
internal_count=1311498 523829 330154 266454 787669 307622 480047 413589 197184 173331 202516 379118 63938 146844 110438 78202 58819 37495 21324 9475 193675 98197 69549 63700 28020 83791 247475 104319 56078 48241
cat_boundaries=0 1 2 3 4 5 6 7 8
cat_threshold=3 24 19 16 2 8 2 8
is_linear=0
shrinkage=0.05


Tree=15
num_leaves=31
num_cat=0
split_feature=16 1 3 1 1 1 1 8 1 16 16 8 17 10 10 16 16 16 3 17 1 1 16 10 1 3 10 1 16 16
split_gain=156.887 116.325 58.8292 54.446 38.5904 10.6464 10.3354 10.202 9.56879 9.48375 9.11045 8.71496 7.10857 6.68695 6.61108 6.10362 9.4742 6.65535 5.99655 7.02929 5.39772 5.07405 5.76489 4.7863 4.72808 4.63994 3.93769 3.82927 3.64305 3.50302
threshold=0.80172580346046063 1252.5000000000002 1.0000000180025095e-35 597.50000000000011 815.50000000000011 1686.5000000000002 1814.5000000000002 6.3126414277150058 246.50000000000003 0.84649134540172921 0.74201131889676508 1.4978661367769956 0.80752367129488067 8.0757038079184476 6.6567834978476315 0.81327991938713906 0.81354795087357534 0.90374560103526036 1.0000000180025095e-35 0.80752367129488067 317.50000000000006 380.50000000000006 0.85382885972224343 6.2098202892798655 4022.5000000000005 1.0000000180025095e-35 6.0354018228882049 444.50000000000006 0.91167763378283551 0.7320314144775445
decision_type=2 2 2 2 2 2 2 2 2 2 2 2 2 2 2 2 2 2 2 2 2 2 2 2 2 2 2 2 2 2
left_child=4 2 8 15 7 12 -3 10 -2 23 -1 -11 25 28 -7 -4 -17 21 20 27 -12 -18 26 -5 -8 -6 -23 -20 -13 -27
right_child=1 6 3 9 5 14 24 -9 -10 11 18 13 -14 -15 -16 16 17 -19 19 -21 -22 22 -24 -25 -26 29 -28 -29 -30 -31
leaf_value=0.0012984953689704718 -0.0010122793760207799 -0.00038501321496589997 -0.00099242540653172724 -0.00078872713844265342 0.0043167135769532116 0.0014067372808262758 0.00022010034347509714 -0.0022799435168840442 0.00022452427512570789 -0.00071387596060323508 -0.00064778691878563462 -0.0013990143261585473 -0.00043350365949551621 -0.00061545633904042324 0.003703863097498053 -0.0016217509062996787 -0.0015633408591535136 -0.001085832027110336 -0.00080186366564260483 -0.0012658992318133285 0.0008668824322804608 -0.0011588620630460047 -0.0012834544659361916 -0.00043287836066247811 0.0013335688930343704 0.0031943544982103731 -0.0010496173467166546 -0.00013475489491913685 -0.00074039941686086103 0.00060293819177205258
leaf_weight=15072.849359929562 4400.0414253249764 33910.660651922226 3758.1805213913321 18219.385000951588 5634.1683615148067 32951.693391811103 41018.142654687166 3590.5978323221207 18879.820245437324 10340.074769772589 6097.1494700461626 11065.646067395806 6844.9004441909492 1821.0304177626967 32499.574284683913 614.97111614793539 6342.5647321939468 1497.4692329466343 5453.8557740524411 3752.9098912924528 11457.269971136004 4512.0317243933678 5409.9127957820892 18531.335727497935 13075.116211287677 8386.8432351872325 4445.2469261139631 16918.655542954803 846.44458355009556 40189.560698848218
leaf_count=37507 13620 104643 10070 54446 14163 122210 127857 13773 59330 32520 23734 36067 95003 5576 114937 944 19636 5121 13768 53784 45853 13948 17338 54977 41543 19127 13617 42566 3058 100098
internal_value=-0.000226905 -0.0012077 -0.00228647 -0.00288137 0.000804985 0.00130674 0.000149086 -0.000213167 -5.28964e-05 -0.00205642 -5.50466e-05 -0.00282784 0.000831826 -0.00365333 0.00174975 -0.00476912 -0.00507658 -0.00490705 -0.000420796 -0.000901017 0.000293896 -0.00513981 -0.00461981 -0.00155111 0.000578108 0.00102353 -0.00384143 -0.000565109 -0.00408471 0.000865996
internal_weight=387538 198688 110684 87404.3 188850 126507 88003.9 62343.3 23279.9 60823.9 58752.7 24073.2 61055.5 13733.1 65451.3 26580.4 22822.2 22207.2 43679.8 26125.4 17554.4 20709.8 14367.2 36750.7 54093.3 54210.6 8957.28 22372.5 11912.1 48576.4
internal_count=1310834 614311 340268 267318 696523 465538 274043 230985 72950 186644 217212 77221 228391 44701 237147 80674 70604 69660 179705 110118 69587 64539 44903 109423 169400 133388 27565 56334 39125 119225
is_linear=0
shrinkage=0.05


Tree=16
num_leaves=31
num_cat=0
split_feature=16 1 3 1 1 1 1 8 1 16 16 8 18 3 18 16 16 1 1 10 10 6 10 1 10 1 8 16 16 8
split_gain=139.958 105.287 53.0585 50.3742 35.2034 11.5189 9.82093 9.52877 9.24767 8.66793 7.60717 8.16203 6.80848 6.41409 6.45752 6.207 6.77695 6.19902 6.05193 5.81703 5.29957 4.62811 3.9334 3.74287 3.69487 3.33912 3.30682 3.28321 3.25656 3.12851
threshold=0.80172580346046063 1252.5000000000002 1.0000000180025095e-35 646.50000000000011 733.50000000000011 2024.5000000000002 3595.5000000000005 6.3126414277150058 246.50000000000003 0.7434124931127456 0.84649134540172921 1.4978661367769956 0.93750000000000011 1.0000000180025095e-35 0.93750000000000011 0.81327991938713906 0.90748563302870633 490.50000000000006 317.50000000000006 8.0757038079184476 6.6358533115328004 0.25881904510252057 5.8039889525589397 246.50000000000003 7.0735233155969857 1749.5000000000002 2.602003343538398 0.91167763378283551 0.85311987714289217 8.336749862461053
decision_type=2 2 2 2 2 2 2 2 2 2 2 2 2 2 2 2 2 2 2 2 2 2 2 2 2 2 2 2 2 2
left_child=4 2 8 15 7 9 21 13 -2 -6 22 -12 -11 18 -15 -4 17 -17 26 27 -7 25 -5 -16 -14 -3 -1 29 -19 -13
right_child=1 6 3 10 5 20 -8 -9 -10 12 11 19 24 14 23 16 -18 28 -20 -21 -22 -23 -24 -25 -26 -27 -28 -29 -30 -31
leaf_value=-6.9803207973011258e-05 -0.000961665407219741 -0.00047337895193441464 -0.00093865588692142318 -0.00074558609145342146 0.0029649688873242181 0.0015392758958844386 0.0011709989416291715 -0.0023055837132114482 0.0002132980613694227 -0.00048343551095505826 -0.00065493989978629159 -0.0013080666040217155 0.00029052662005274178 -0.0012336412713886227 -0.0014754930238888389 -0.0014054560904519339 -0.00082143631823496793 -0.0010807681506067861 0.0011641400389936774 -0.00047597038518411294 0.0041005812317022466 0.00030501504039498196 -0.00039521016934150057 -0.00019969010237877728 0.0013650508936631591 -3.4195547384582861e-06 -0.0019885071263568664 -0.00055322389710247416 -0.0012150779839438374 -0.0031439760343221186
leaf_weight=6888.5768156051636 4400.0414253249764 21917.488290324807 4493.7837579473853 14565.061617314816 19196.031502939761 26098.881105616689 16357.749315343797 3029.9895887151361 18879.820245437324 8667.6470112651587 9373.8543068096042 10147.682245858014 32888.199477847666 3289.0929170399904 1023.6034191176295 13372.534616835415 1492.3840185776353 7490.9802430272102 15336.101573742926 1685.350712262094 25748.43258086592 21220.723739512265 19324.305574558675 22593.106385342777 22077.874558441341 28507.9581727162 2012.4913214296103 771.37661316245794 4652.1479929983616 34.83191654831171
leaf_count=23263 13620 67375 12094 43558 48046 96363 51815 11633 59330 120353 29529 33049 84664 45299 2590 40810 5229 22748 53733 5154 90561 66090 57288 56198 56437 88763 7383 2800 14932 127
internal_value=-0.000215996 -0.00114237 -0.00216868 -0.00273366 0.000758633 0.00119159 0.000148448 -0.000317731 -4.74847e-05 0.000825748 -0.00183258 -0.00255628 0.000544819 -0.000156324 -0.000687774 -0.00433268 -0.00461897 -0.00481052 0.000433642 -0.00338542 0.00177606 -0.000103935 -0.0013625 -0.0003987 0.000750197 -0.000364629 -0.000603438 -0.00380617 -0.00399267 -0.00404442
internal_weight=387538 198688 110684 87404.3 188850 134677 88003.9 54173 23279.9 82829.8 55902.5 22013.1 63633.7 51143 26905.8 31501.8 27008 25515.7 24237.2 12639.2 51847.3 71646.2 33889.4 23616.7 54966.1 50425.4 8901.07 10953.9 12143.1 10182.5
internal_count=1310834 614311 340268 267318 696523 496424 274043 200099 72950 309500 171505 70659 261454 188466 104087 95813 83719 78490 84379 41130 186924 222228 100846 58788 141101 156138 30646 35976 37680 33176
is_linear=0
shrinkage=0.05


Tree=17
num_leaves=31
num_cat=0
split_feature=16 1 3 1 1 1 16 1 16 3 1 1 17 17 1 3 5 16 10 6 1 16 6 9 10 1 1 6 16 9
split_gain=122.253 92.5426 55.4708 31.7331 22.0735 16.7069 11.135 7.77868 7.41572 6.80673 6.74786 6.52245 6.34876 6.00315 5.22803 5.20226 4.95784 4.71389 4.33462 4.29952 4.13755 4.05818 4.03479 3.90258 3.34899 3.18189 3.08036 3.00434 2.98833 2.953
threshold=0.80172580346046063 893.50000000000011 1.0000000180025095e-35 741.50000000000011 1599.5000000000002 597.50000000000011 0.76314558284360301 246.50000000000003 0.85153679219563605 1.0000000180025095e-35 2917.5000000000005 157.50000000000003 0.8070196052682399 0.80746214238737768 4022.5000000000005 1.0000000180025095e-35 -0.60355339059327362 0.90748563302870633 6.7390887783039695 -0.37940952255126015 246.50000000000003 0.71230193001861186 0.25881904510252057 1.0000000180025095e-35 6.1848857164332625 396.50000000000006 2753.5000000000005 0.25881904510252057 0.91167763378283551 2.8029010331479989
decision_type=2 2 2 2 2 2 2 2 2 2 2 2 2 2 2 2 2 2 2 2 2 2 2 2 2 2 2 2 2 2
left_child=3 2 7 9 15 16 21 -2 24 11 13 23 20 18 27 -3 28 -10 -8 -18 -11 -5 -17 -1 -7 -13 -23 -6 -4 -22
right_child=1 4 5 6 14 8 10 -9 17 12 -12 25 -14 -15 -16 22 19 -19 -20 -21 29 26 -24 -25 -26 -27 -28 -29 -30 -31
leaf_value=-0.0010886133760708266 -0.00091358213685875384 0.00092034881480313195 -0.0013836071387899305 0.0055499806059074374 -3.6249469486026449e-05 -0.0008990944845173425 0.00017542119635403642 0.00016577219691582545 -0.0012166378176486784 -0.0015564379969062647 0.0020457884661950589 -6.6313047574360914e-05 -0.0011783245599027209 -0.00039782659870065892 0.0012083405013011931 -0.00060304039074252644 -0.0011435649892209681 -0.00016395724730853406 0.0012781302570038511 -0.00083989906677145389 -0.00020413618219018855 0.0015534759698658759 -0.00021129700918664785 -0.0031338553423845071 -0.00057870868037850358 0.0013346828679070125 0.0046399053949329003 0.00063061594106632042 -0.00042204876537930568 -0.0015039971204036961
leaf_weight=1373.0810791254044 4400.0414253249764 3650.640669092536 8467.0544898286462 13117.176631629467 36294.627482809126 9657.0191580578685 28057.307982899249 16309.509829834104 9418.1831672415137 1096.7307648248971 17733.904952555895 11607.659301839769 3736.946562319994 10240.858715731651 13075.116211287677 37606.111524678767 10111.044322654605 1147.6698091253638 24339.282422274351 7640.3008659482002 22722.580888561904 29989.520782142878 15435.605590447783 219.52707315981388 9656.9373497068882 12110.028110817075 10443.706400997937 15456.235537983477 361.97737053781748 2061.716589089483
leaf_count=4515 13620 11429 25496 33955 113006 28630 72351 51242 30285 2707 76618 40352 51986 147232 41543 115330 30605 4157 62567 23315 54870 74815 47855 828 28374 42681 25923 48166 1258 5123
internal_value=-0.000202267 -0.00106806 -0.00242217 0.000708632 -0.000208145 -0.00323405 0.00112372 -0.000208747 -0.00242283 -0.000303402 0.000751568 0.000298701 -0.000817933 0.000507794 0.000422047 -0.000928749 -0.00414597 -0.00348781 0.000724195 -0.00366438 -0.000539767 0.00168227 -0.0010544 -0.00279878 -0.00184023 0.000506692 0.00143435 0.000196348 -0.00511424 -0.000406779
internal_weight=387538 198688 77169.7 188850 121518 56460.2 133922 20709.6 29879.8 54928.3 80371.4 25310.3 29618 62637.4 64826 56692.4 26580.4 10565.9 52396.6 17751.3 25881 53550.4 53041.7 1592.61 19314 23717.7 40433.2 51750.9 8829.03 24784.3
internal_count=1310834 614311 236982 696523 377329 172120 493461 64862 91446 203062 358768 88376 114686 282150 202715 174614 80674 34442 134918 53920 62700 134693 163185 5343 57004 83033 100738 161172 26754 59993
is_linear=0
shrinkage=0.05


Tree=18
num_leaves=31
num_cat=0
split_feature=16 1 3 1 1 16 1 8 16 1 3 3 1 1 16 16 8 10 16 1 16 8 10 5 1 10 16 10 1 3
split_gain=113.401 77.2121 44.4351 35.6172 17.6634 13.5285 11.5906 10.1406 8.79366 8.60938 7.33026 6.63081 5.92164 5.53877 4.86796 5.23682 5.13402 4.53187 4.46168 4.31697 4.2846 4.3378 4.50353 4.06236 3.9386 3.87527 3.48135 3.38454 3.38093 3.37624
threshold=0.8127814019877837 893.50000000000011 1.0000000180025095e-35 741.50000000000011 1599.5000000000002 0.76314558284360301 646.50000000000011 6.2547894266644208 0.74201131889676508 1640.5000000000002 1.0000000180025095e-35 1.0000000180025095e-35 246.50000000000003 335.50000000000006 0.91167763378283551 0.85472328363330063 1.2424533248940002 7.1414546997017636 0.90748563302870633 207.50000000000003 0.85153679219563605 1.7005986908310777 7.6762034755851571 -0.60355339059327362 4022.5000000000005 5.9812086984327735 0.71230193001861186 8.0036029533214368 307.50000000000006 1.0000000180025095e-35
decision_type=2 2 2 2 2 2 2 2 2 2 2 2 2 2 2 2 2 2 2 2 2 2 2 2 2 2 2 2 2 2
left_child=3 2 12 7 14 26 18 8 -1 10 -7 19 -2 -13 15 29 -17 -11 23 -10 -8 -22 -23 -4 -6 -15 -5 -18 -9 -3
right_child=1 4 6 5 24 9 20 28 11 17 -12 13 -14 25 -16 16 27 -19 -20 -21 21 22 -24 -25 -26 -27 -28 -29 -30 -31
leaf_value=0.001034986489914607 -0.0008645976086380507 0.0014338816061343178 -0.0013138895309042797 0.0052724815756120648 5.8030044227159327e-05 0.0028626760679298759 -0.00069350530463404495 -0.0024891445681860438 -0.0010604365369542839 0.00068263635300108781 -1.9713901806733133e-05 -0.0011539584830269956 0.00011899404779563624 -0.00063934352959795979 0.0017522151866453577 -0.00047484597229722971 -0.0011924341427918053 0.002274857923521821 -0.00077216663995779283 0.00036849483014117154 -0.00070814908908818088 -0.0012155646180375284 -0.0012005262839301562 -0.0009935825424445099 0.0010520319694826529 -0.00023640641663155994 0.0020100021432826742 -0.00034429267013790584 -0.0017422897392037119 -0.00040453781444497187
leaf_weight=13389.02636680752 3714.9177482351661 1616.254718452692 8676.5687035545707 13117.176631629467 42378.409388184547 4474.5810254663229 12567.915101394057 542.25841289386153 2886.4273070245981 33321.813614331186 47465.385517068207 3426.1422671936452 13641.157947063446 11147.21795649454 1730.0053575709462 6043.0518254116178 8063.6514397412539 18692.16306329146 1492.3840185776353 16594.33751103282 4091.2223917394876 3246.5473202541471 1435.0242970883846 17013.702027693391 10452.279733158648 12511.781004317105 40433.227183140814 1546.1422448977828 3167.9622867293656 28659.36865209043
leaf_count=33315 11689 5004 26556 33955 134880 19413 37892 2076 10488 135228 195660 13416 43381 44682 6169 19049 26669 74682 5229 63445 12996 10847 4755 52406 33866 48011 100738 4738 11750 87849
internal_value=-0.000199105 -0.00118527 -0.0025156 0.000542709 -0.000313115 0.000946115 -0.00329222 -0.000455296 -0.000298318 0.000613525 0.000158176 -0.000623019 -0.000344365 -0.00112903 -0.00101106 -0.00110913 -0.00185166 0.00106823 -0.00397693 8.05098e-05 -0.00242008 -0.00326806 -0.00430742 -0.00413133 0.000316499 -0.000856934 0.00159175 -0.00256974 -0.00299197 -0.000725239
internal_weight=387538 166369 65879.4 221170 100489 157504 48523.4 63665.2 59954.9 103954 51940 46565.9 17356.1 27085.1 47658.5 45928.5 15652.8 52014 27182.7 19480.8 21340.7 8772.79 4681.57 25690.3 52830.7 23659 53550.4 9609.79 3710.22 30275.6
internal_count=1310834 523975 205751 786859 318224 559676 150681 227183 213357 424983 215073 180042 55070 106109 149478 143309 50456 209910 84191 73933 66490 28598 15602 78962 168746 92693 134693 31407 13826 92853
is_linear=0
shrinkage=0.05


Tree=19
num_leaves=31
num_cat=0
split_feature=1 16 16 1 4 16 16 10 8 1 1 8 4 4 8 10 8 10 8 10 16 4 16 16 7 4 16 10 4 7
split_gain=104.306 82.5897 20.9724 17.4063 14.0844 12.2751 9.51258 9.10515 10.8173 7.38695 7.31954 6.42472 5.93322 5.32854 4.77314 4.50397 4.22177 4.36472 4.19581 4.53141 4.54557 4.13475 4.96593 4.01894 3.76974 3.71031 4.55569 3.6597 3.62727 3.6044
threshold=1349.5000000000002 0.81218281370748857 0.79298886997848383 801.50000000000011 2.5000000000000004 0.90748563302870633 0.7434124931127456 7.3472743445324857 1.4978661367769956 3595.5000000000005 396.50000000000006 5.1445790166580574 1.5000000000000002 1.5000000000000002 3.9415346756528771 7.6356794924471805 6.3288288446259466 7.1736726191874567 1.2424533248940002 7.4504533262904724 0.85472328363330063 3.5000000000000004 0.85672772824506083 0.81354795087357534 5.0782890901091458 3.5000000000000004 0.83561204850757254 6.1613069155431477 1.5000000000000002 1.0000000180025095e-35
decision_type=2 2 2 2 2 2 2 2 2 2 2 2 2 2 2 2 2 2 2 2 2 2 2 2 2 2 2 2 2 2
left_child=1 4 12 5 6 7 -1 8 23 21 11 -6 -2 27 -9 -14 17 -12 -5 20 -20 -4 -23 28 -7 -10 -27 -8 -3 -25
right_child=2 3 9 18 10 24 13 14 25 -11 16 -13 15 -15 -16 -17 -18 -19 19 -21 -22 22 -24 29 -26 26 -28 -29 -30 -31
leaf_value=0.00090174196336536422 -0.00015424792744211103 -0.0013810258719087927 -0.00015547695303202159 -0.0003417256080740325 -0.0003531924525942809 0.0012464965876885351 -0.00095057256086862054 -0.00036811366372861075 -0.0012666541370828747 0.001098762903297973 0.00030219335772829346 -0.0025405391874101487 0.0015817394912198857 -0.00038390853938590001 -0.0012194902087262179 0.0042646551131502453 -0.0010196311665027671 0.0015170030358742552 -0.00060444879037502286 -0.00037173198837664668 -0.0011458570515851406 0.00076253246276420522 -0.00049431802122596943 -0.0012370872322955391 -0.0016080778969468587 -0.00037259816152393141 -0.0012767497622066565 -0.00050765973126782053 -0.00087789872608451326 -0.00074281941554084916
leaf_weight=9806.920381449163 4789.2908219173551 688.50327231734991 46543.450920157135 17371.832419484854 10950.528696570545 2626.1723641231656 6517.3375861607492 6750.5153384804726 11490.986564397812 18869.943733647466 38155.318829488009 1082.1257967539132 50163.066560335457 25114.22014348954 6654.7254814133048 18319.248486947268 4091.2724166475236 19523.328897841275 10189.60265404731 9965.5411120653152 5932.7132691815495 20579.963789276779 5400.8368226885796 1022.8335581123829 1379.4135221242905 1550.6883263587952 2399.0065295696259 6542.04966179654 428.26483082026243 22638.400274865329
leaf_count=24746 19446 998 141590 53153 37501 9127 25097 20555 36582 59267 138887 3985 191257 99649 20969 63955 14898 67812 31982 31243 19787 63595 18194 3473 4895 4842 7930 24828 1240 69351
internal_value=-0.000190596 -0.000895679 0.000763722 -0.00195212 -1.87511e-05 -0.00252188 -0.000685634 -0.00272132 -0.00309747 0.000258478 0.000414803 -0.000713391 0.00139393 -0.00104247 -0.0015928 0.00151292 0.000634573 0.000744663 -0.0011966 -0.0015975 -0.00211559 2.91869e-05 0.000534495 -0.00245015 0.000148094 -0.00413623 -0.00281421 -0.00186167 -0.00538125 -0.00231181
internal_weight=387538 222872 164666 101089 121783 57629.5 47980.5 53623.9 40218.7 91394.2 73802.6 12032.7 73271.6 38173.6 13405.2 68482.3 61769.9 57678.6 43459.7 26087.9 16122.3 72524.3 25980.8 24778 4005.59 15440.7 3949.69 13059.4 1116.77 23661.2
internal_count=1310834 753530 557304 316127 437403 179962 174320 165940 124416 282646 263083 41486 274658 149574 41524 255212 221597 206699 136165 83012 51769 223379 81789 75062 14022 49354 12772 49925 2238 72824
is_linear=0
shrinkage=0.05


Tree=20
num_leaves=31
num_cat=6
split_feature=16 2 3 2 2 4 8 16 4 18 8 10 10 16 2 10 4 16 5 6 6 3 2 2 4 10 7 16 6 16
split_gain=91.835 65.4703 35.3141 29.4761 22.7451 10.3147 9.24563 9.05993 16.9439 7.15756 6.91192 7.26809 5.29288 4.4152 4.22649 4.08255 3.85105 3.89286 3.82092 3.98889 3.79937 3.79206 3.7886 3.76016 3.50814 3.20717 3.17587 3.03688 3.05011 3.03346
threshold=0.80172580346046063 0 1.0000000180025095e-35 1 2 2.5000000000000004 5.3958951239350581 0.83375273960117646 1.5000000000000002 0.94583333333333341 0.89587973461402759 8.0036029533214368 7.4212171186186024 0.71230193001861186 3 7.6356794924471805 3.5000000000000004 0.71230193001861186 -0.60355339059327362 -0.37940952255126015 0.25881904510252057 1.0000000180025095e-35 4 5 2.5000000000000004 6.2836524756025289 10.791892978568784 0.74468638834487166 0.25881904510252057 0.81327991938713906
decision_type=2 1 2 1 1 2 2 2 2 2 2 2 2 2 1 2 2 2 2 2 2 2 1 1 2 2 2 2 2 2
left_child=4 12 23 7 5 13 9 8 29 21 -9 22 20 -1 -8 27 17 -11 -5 -20 -2 -6 -12 -3 -10 -15 -16 -7 -29 -4
right_child=1 2 3 18 6 15 14 10 24 16 11 -13 -14 25 26 -17 -18 -19 19 -21 -22 -23 -24 -25 -26 -27 -28 28 -30 -31
leaf_value=0.004992809392655677 -0.0001994357894708622 0.0009115405320612995 -0.00054605702749668534 -0.0012453680935139819 0.00018163224988917634 0.0033745249504923262 -0.00051317944502186636 -0.00047576262715067212 -0.00048623803369488711 0.0019573077093382875 -0.00090896228957195943 -0.00035461810792444538 0.00089656489606828183 -0.00026148728711336696 -0.0018734739693698301 0.0035184333963728695 0.00085747417854496744 -0.00010919066691751495 -0.0010219220646154341 -0.00068313760954555227 0.00044879049608571105 -0.00095344170050148816 -0.0010347953949084562 -0.00022925994595949172 -2.1829178382112152e-05 0.00059886314697794049 -0.003048632487322918 0.00068002805743670324 0.0018725787458131389 -0.00099951979985941431
leaf_weight=3057.166085600853 38140.202363163233 8741.146025031805 1860.41836296767 7999.2773010283709 2472.9719233959913 14216.812490664423 4576.2541779503226 14684.196432970464 9587.7216215804219 4974.9319054633379 11601.818990699947 4016.7227339297533 20001.047480046749 13464.570707060397 3495.5078894421458 21746.791611868888 18818.474323596805 34567.004675082862 9114.960479542613 6915.1687855273485 16025.825752541423 4674.0865251123905 10799.099746383727 15211.143465198576 19095.35508043319 15576.161856964231 111.77626238390803 34021.968051899225 13246.2186511904 4892.6344897672534
leaf_count=8042 119569 27543 3875 24108 32472 35538 17691 46212 27581 11432 38158 12300 61857 54298 13462 74362 46664 87178 27560 21119 50414 64167 35169 47483 56713 60218 406 135566 54681 14617
internal_value=-0.000164853 -0.000915425 -0.00161583 -0.00202689 0.000624102 0.00106248 -6.21128e-05 -0.00154657 -0.000960899 0.000135829 -0.00205188 -0.00253529 0.000260674 0.000301133 -0.00164667 0.00135622 0.000318728 3.85312e-05 -0.00355469 -0.00311078 4.04022e-06 -0.00135766 -0.00288648 0.000109401 -0.000430393 0.000110867 -0.00292382 0.00114796 0.000955241 -0.00321418
internal_weight=387707 198687 124520 100567 189021 115330 73691 76538 35436.1 65507.5 41101.8 26417.6 74167.1 32097.9 8183.54 83231.8 58360.4 39541.9 24029.4 16030.1 54166 7147.06 22400.9 23952.3 28683.1 29040.7 3607.28 61485 47268.2 6753.05
internal_count=1310455 614278 382438 307412 696177 422705 273472 234625 102786 241913 131839 85627 231840 122558 31559 300147 145274 98610 72787 48679 169983 96639 73327 75026 84294 114516 13868 225785 190247 18492
cat_boundaries=0 1 2 3 4 5 6
cat_threshold=3 24 19 8 16 24
is_linear=0
shrinkage=0.05


Tree=21
num_leaves=31
num_cat=5
split_feature=2 3 2 4 4 2 10 10 8 10 8 8 10 4 6 7 8 10 8 10 8 2 8 8 10 5 4 2 5 6
split_gain=80.983 40.2683 38.67 12.4368 11.7398 10.2705 7.43738 6.5905 6.37495 4.80296 5.21012 4.561 4.23621 4.11637 3.90725 3.76457 3.65648 3.83099 3.59526 3.14901 3.0116 2.85018 2.60882 2.58259 2.98371 2.46028 2.36339 2.26978 2.20739 2.05466
threshold=0 1.0000000180025095e-35 1 3.5000000000000004 2.5000000000000004 2 7.5081166522515774 7.0228209549334624 7.5323558811652562 7.3777448829540324 0.89587973461402759 0.89587973461402759 7.6900569605238571 1.5000000000000002 0.25881904510252057 1.0000000180025095e-35 1.2424533248940002 6.3532720516638044 5.3302974810274764 6.2596303779279365 6.1994939452674993 3 3.9607678160667752 2.524928003624769 6.5947700359075858 -0.37940952255126059 3.5000000000000004 4 -0.37940952255126059 -0.70710678118654757
decision_type=1 2 1 2 2 1 2 2 2 2 2 2 2 2 2 2 2 2 2 2 2 1 2 2 2 2 2 1 2 2
left_child=3 5 4 7 6 -2 11 14 23 10 15 25 21 28 -1 -6 17 -15 -11 -18 -21 -5 -8 24 -7 -3 -12 -9 -4 -27
right_child=1 2 13 12 9 8 22 27 -10 18 26 -13 -14 16 -16 -17 19 -19 -20 20 -22 -23 -24 -25 -26 29 -28 -29 -30 -31
leaf_value=-0.00022437281123446618 0.0015985621192305803 -0.00071269729997297049 -0.0011425795420307999 0.0016739010184528462 -0.0010966409300497693 -5.1323051607929386e-05 0.00026327899886496728 0.0018971167957257985 -0.0029618067665835336 0.00056193703504132107 -0.00067407092559629918 -0.00080420500488660035 0.0034243414824302364 -0.0006992393725940738 0.00053946161286520388 6.2404968083581283e-05 -0.0011569079527611816 -5.392084721005039e-05 -0.00044792655166931014 -0.00078696721339431433 -0.0019007649701628993 0.00057885866787872337 -0.0004733719944976317 -0.00069064830700813005 0.001053691402017406 -0.0006007858780293974 -0.00028661076444723226 0.00049586571539158295 -0.00088009977156395462 -4.0511293002855335e-05
leaf_weight=37650.371577978134 20631.842697665095 8159.8045645579696 3354.5094247795641 27165.798509161919 1392.9729488939047 18267.230435784906 6302.0699504502118 15602.310155436397 327.43708139285445 16392.67386103794 14810.715744893998 21120.081204652786 13450.623101457953 11025.234229102731 15640.411874249578 24298.502797618508 6128.7908603474498 3379.0295295938849 7788.8030055128038 10093.149707134813 2040.9864912852645 23714.958507373929 9562.9657851830125 9674.5430462062359 7525.0885738544166 3959.6983563862741 17161.39440182969 19382.250575397164 4761.3933810070157 6941.7938682623208
leaf_count=127786 69762 27109 11173 92747 5353 59348 20398 51651 1059 54146 51812 73773 44113 36579 53780 79964 21926 10956 26512 34236 7234 81302 31981 34019 24509 12907 60353 65240 15895 22832
internal_value=-0.000154468 -0.000736656 -0.00110442 0.00074243 -0.000704201 0.00042775 -0.00126176 0.000357152 -8.45387e-05 -0.000322476 -0.000570514 -0.00162368 0.00127122 -0.00245683 7.10936e-06 -4.0321e-05 -0.00220705 -0.00161141 0.000269001 -0.00267684 -0.00221023 0.00106261 -0.000345124 -2.04482e-05 0.000240862 -0.00106295 -0.000996556 0.000890361 -0.00346523 -0.000571493
internal_weight=387707 235101 178675 152607 137891 56426.1 56046.4 88275.3 35794.3 81845.1 57663.6 40181.4 64331.4 40783.1 53290.8 25691.5 32667.2 14404.3 24181.5 18262.9 12134.1 50880.8 15865 35466.9 25792.3 19061.3 31972.1 34984.6 8115.9 10901.5
internal_count=1310455 793836 605139 516619 467140 188697 189000 298457 118935 278140 197482 136621 218162 137999 181566 85317 110931 47535 80658 63396 41470 174049 52379 117876 83857 62848 112165 116891 27068 35739
cat_boundaries=0 1 2 3 4 5
cat_threshold=3 24 24 2 2
is_linear=0
shrinkage=0.05


Tree=22
num_leaves=31
num_cat=0
split_feature=16 1 3 1 4 1 1 8 1 16 3 10 8 1 10 3 16 17 1 10 16 17 4 16 4 16 8 10 1 16
split_gain=78.9436 47.7406 34.7859 26.6989 14.3578 11.4975 11.1151 9.13874 6.65044 6.54377 6.42133 5.56372 7.64556 5.26131 5.23713 4.4885 4.43404 4.09817 4.05406 3.88498 3.68677 3.58728 3.54329 3.49122 5.90946 4.49955 4.00103 3.78225 3.44501 3.2363
threshold=0.81055355588102429 976.50000000000011 1.0000000180025095e-35 696.50000000000011 2.5000000000000004 396.50000000000006 2003.5000000000002 4.8402344967050359 2963.5000000000005 0.73897713012189381 1.0000000180025095e-35 7.5227904940025789 2.9174053685313028 192.50000000000003 6.0626624360479076 1.0000000180025095e-35 0.85076214567902253 0.80752367129488067 234.50000000000003 7.4212171186186024 0.78492673449477679 0.81154391523261615 1.5000000000000002 0.83426495118380328 1.5000000000000002 0.91167763378283551 1.0000000180025095e-35 8.0244791375174263 246.50000000000003 0.8624299788615909
decision_type=2 2 2 2 2 2 2 2 2 2 2 2 2 2 2 2 2 2 2 2 2 2 2 2 2 2 2 2 2 2
left_child=3 2 28 7 9 -4 23 10 15 -5 18 12 -7 -9 21 -6 -14 20 -1 -8 -17 -12 -11 24 -3 26 -25 29 -2 -28
right_child=1 6 5 4 8 11 19 13 -10 22 14 -13 16 -15 -16 17 -18 -19 -20 -21 -22 -23 -24 25 -26 -27 27 -29 -30 -31
leaf_value=-0.00052407696983921073 -0.00075457783691136322 -0.00075260702918191348 -0.0011358394487254347 0.0023483399234325063 0.0037470385184244547 -0.00067648241566989689 0.00012429247212066702 -0.0024217134263022468 0.0030060746820494717 -0.00047854392587752125 -0.00050915126977762527 -0.00056698854067282892 -0.00085943008028339799 -0.0012809569469855566 1.6995426345596532e-05 0.0015711851266521333 -0.0013436172119267516 -0.00022462344070499075 0.0006977793485969698 0.0013605103475853358 0.00035966238886905866 -0.0010996377151513339 0.00011827408316691658 -0.00010576462397740989 9.740298483499818e-05 0.0015774519786166835 -0.00057158573336377888 7.788145013087403e-05 0.00010020201705049498 -0.0010696445400681877
leaf_weight=5081.2706940844655 3788.2258576229215 3733.0955159813166 8297.9266327023506 7785.0289833620191 7477.6782239377499 28324.752437628806 28891.165250994265 325.48237031325698 25916.575571268797 11646.014975562692 12141.443083975464 11135.371583238244 5489.1706702336669 7475.013681974262 11948.669626805931 44123.989952728152 3833.4760310798883 7638.340467043221 18957.35147055611 10296.778530739248 25246.126452066004 1044.995666269213 28475.183570511639 9440.8108956441283 19791.7920159325 1879.6624341607094 11258.573644191027 3059.8196595013142 14867.574240319431 8336.0760580599308
leaf_count=16760 11977 11501 25282 19455 25860 86709 92573 1251 89593 43929 34543 34307 17341 28237 42222 106130 13071 103839 65082 32496 65630 15556 110790 29835 59251 6712 36181 9284 47176 27882
internal_value=-0.000143656 -0.000940883 -0.00188093 0.000494858 0.000828898 -0.00249353 -0.000204538 -0.000433306 0.00114256 0.000106035 -0.000181093 -0.00220086 -0.00249127 -0.00202324 -0.000739859 0.000927632 -0.00373326 0.000814068 0.000403161 0.000444841 0.000935103 -0.00142688 -0.000151378 -0.00064711 -0.0001789 -0.000971308 -0.00111056 -0.00147094 -6.54936e-06 -0.00172624
internal_weight=387707 172424 75736.5 215283 158309 57080.7 96687.8 56974.2 110403 47906.2 49173.7 48782.8 37647.4 7800.5 25135.1 84486.1 9322.65 77008.5 24038.6 39187.9 69370.1 13186.4 40121.2 57499.8 23524.9 33974.9 32095.3 22654.5 18655.8 19594.6
internal_count=1310455 541578 235863 768877 565226 176710 305715 203651 391052 174174 174163 151428 117121 29488 92321 301459 30412 275599 81842 125069 171760 50099 154719 180646 70752 109894 103182 73347 59153 64063
is_linear=0
shrinkage=0.05


Tree=23
num_leaves=31
num_cat=0
split_feature=16 1 1 1 1 18 8 16 10 8 8 16 4 16 4 16 8 4 16 16 7 16 4 16 4 10 16 5 10 16
split_gain=70.8801 49.2354 20.1546 13.3877 9.47198 7.94647 7.82555 7.29596 6.56364 7.14941 6.78668 5.19776 5.18861 5.12265 6.78724 5.51577 4.47048 4.10187 14.368 6.34354 3.91395 3.84155 4.02569 3.78083 3.72437 3.64581 3.39412 3.28759 3.13325 3.05763
threshold=0.80172580346046063 854.50000000000011 1626.5000000000002 2003.5000000000002 404.50000000000006 0.93750000000000011 5.0205801788306017 0.90374560103526036 6.6984141434628581 3.9019216517693867 1.4978661367769956 0.72123156168238733 2.5000000000000004 0.83375273960117646 1.5000000000000002 0.90748563302870633 0.89587973461402759 1.5000000000000002 0.83813577384133187 0.83327601148575159 5.040188859666439 0.8624299788615909 1.5000000000000002 0.72364337447615934 3.5000000000000004 7.4639358514569789 0.8624299788615909 -0.37940952255126059 8.0036029533214368 0.8423321668866619
decision_type=2 2 2 2 2 2 2 2 2 2 2 2 2 2 2 2 2 2 2 2 2 2 2 2 2 2 2 2 2 2
left_child=2 7 4 13 6 -6 -1 8 10 29 17 -4 23 14 -3 16 -15 18 27 -19 -9 -18 -23 -7 -13 -5 -11 -2 -24 -10
right_child=1 3 11 25 5 12 -8 20 9 26 -12 24 -14 15 -16 -17 21 19 -20 -21 -22 22 28 -25 -26 -27 -28 -29 -30 -31
leaf_value=-0.00032962342966568749 -0.0012232900802956971 -0.00067439079374755008 0.0063843723534862985 0.00018374369929622937 -0.00048107665373855329 0.0022370455830679494 -0.0020210441991879934 0.0010089862045927372 -2.483851736233972e-06 -0.00084789752930194496 -0.00096270428432009491 0.00072263845821558402 0.00082125783950999238 -0.00023608411611539539 5.3738843428083329e-05 0.0014543720211187613 -0.00050546273780929937 -0.00028114005586365385 0.00063912568227163658 -0.00071482597382832374 -0.0011824716297750887 0.00078067192409854436 -0.0011111516785810148 -0.00013396756686951671 0.0021689396583225175 0.0013986768049425433 -0.0012811559870921981 -0.00091369790495738972 -0.00016522583956805268 -0.00062841104458842773
leaf_weight=18220.524058945477 1610.1106966137886 5743.9803326278925 8456.3832995742559 34657.289931289852 11357.306263241917 4726.8131191208959 2179.5369388274848 3147.8770298957825 8726.3388703241944 8822.9016529843211 14418.970572799444 31203.864407736808 57089.379636354744 13506.848811000586 31980.848930902779 2761.6710102558136 14725.33414580673 9364.8692795783281 1519.7192736193538 12816.824588611722 1680.9156546592712 868.29007451236248 8292.5023107603192 26908.390183139592 28878.499230735004 11719.927272282541 2310.9515086263418 2314.7619864195585 1405.1512062624097 6290.6539709791541
leaf_count=65055 4537 16082 21352 109116 154072 10889 8329 10653 25745 26891 45081 120689 141831 42480 94512 9991 47045 27075 4608 39656 5897 2554 27851 68167 105793 36300 7691 6509 4353 19651
internal_value=-0.000138057 -0.000797459 0.000555066 -0.00019745 0.000165654 0.000365809 -0.000816301 -0.00182996 -0.00196295 -0.00134097 -0.0023498 0.0012396 0.000525212 -0.000592161 -0.000170322 -0.000975073 -0.00112875 -0.00189087 -0.00312062 -0.00158903 4.82159e-05 -0.00152098 -0.00224845 1.15631e-05 0.00107625 0.000477331 -0.0023011 -0.0047189 -0.00254048 -0.000629108
internal_weight=387707 198687 189021 125662 120482 100082 20400.1 73024.9 68196.1 26150.8 42045.3 68538.7 88724.6 79284.6 37724.8 41559.8 38798.1 27626.3 5444.59 22181.7 4828.79 25291.3 10565.9 31635.2 60082.4 46377.2 11133.9 3924.87 9697.65 15017
internal_count=1310455 614278 696177 390284 448343 374959 73384 223994 207444 79978 127466 247834 220887 244868 110594 134274 124283 82385 15654 66731 16550 81803 34758 79056 226482 145416 34582 11046 32204 45396
is_linear=0
shrinkage=0.05


Tree=24
num_leaves=31
num_cat=0
split_feature=16 1 3 1 1 4 1 3 16 1 1 1 3 7 6 17 6 17 16 1 10 6 1 16 4 4 1 10 10 7
split_gain=64.8375 39.1627 29.5331 22.3334 13.5899 13.2596 8.25979 7.33502 6.01951 5.98301 5.74072 4.8501 4.64273 4.10153 3.88407 3.83865 3.71065 3.59957 3.58746 3.22135 2.99488 2.93942 2.81944 2.49632 5.04758 4.8249 2.48902 2.4852 2.46776 2.45704
threshold=0.81055355588102429 1061.5000000000002 1.0000000180025095e-35 632.50000000000011 396.50000000000006 2.5000000000000004 2793.5000000000005 1.0000000180025095e-35 0.73897713012189381 741.50000000000011 2573.5000000000005 207.50000000000003 1.0000000180025095e-35 5.8847132099692177 0.25881904510252057 0.80861267945741766 0.25881904510252057 0.80746214238737768 0.78615827369750269 335.50000000000006 7.6085905625571861 0.25881904510252057 317.50000000000006 0.85472328363330063 1.5000000000000002 1.5000000000000002 221.50000000000003 7.5374034531634555 6.6773997267357688 5.9725357258298626
decision_type=2 2 2 2 2 2 2 2 2 2 2 2 2 2 2 2 2 2 2 2 2 2 2 2 2 2 2 2 2 2
left_child=3 2 22 7 26 8 14 11 -5 20 12 13 -7 -1 -3 19 28 18 -14 29 21 -6 -2 25 -25 -11 -4 -8 -10 -9
right_child=1 6 4 5 9 10 27 15 16 23 -12 -13 17 -15 -16 -17 -18 -19 -20 -21 -22 -23 -24 24 -26 -27 -28 -29 -30 -31
leaf_value=-0.00045359657398389639 -0.00063522126177072288 -0.00036073808780499113 -0.0012699724664598788 0.0021358951839393404 -0.00084160574018180424 0.0031408765874377867 0.00032602102665625285 -0.00062417445090461813 -0.00053746900345449239 -0.00085016593440316872 0.0025956573445782105 0.00039412564709675611 0.0013309152749412052 -0.0025111592607031589 0.00010285944728275834 -0.00098404823448920578 0.00039122107520040143 -0.00030319220092320384 0.00021323198282120759 -0.00033791808535753727 -0.00053851492105237567 -0.00059037108472735221 0.00033026341631733349 0.00084732896869561954 -0.00083007116144312584 -0.00034468806634382486 -0.0010048380985572421 0.0023494757993952394 -2.7577812714736638e-06 -0.0018265253657587625
leaf_weight=3454.9550365321338 6169.8610522970557 47483.34886983037 1093.6192438974977 8326.4573560059071 16246.772508047521 8667.8757457099855 17071.549470737576 2936.7175849340856 16247.002642944455 2776.9298809990287 32176.629133012146 20695.741283036768 43337.617279257625 587.66962379962206 19883.405291892588 2362.0533263683319 12402.355378694832 7511.794272493571 23182.490625917912 18398.170735798776 5639.2944282144308 6503.4089535176754 13081.937134720385 1157.2248793020844 8570.9297014698386 14530.135121256113 7204.307388804853 5011.5475330427289 13946.738503869623 1048.8962620832026
leaf_count=11271 19478 149233 3310 20798 50335 30016 55112 7582 62581 8900 111282 71393 103885 2127 62972 33756 48651 102011 60060 47638 17412 20272 41568 3499 28273 43506 21972 15736 53055 2771
internal_value=-0.000136945 -0.000859443 -0.00164184 0.000441718 -0.00216033 0.000719935 -0.000133689 -0.000490463 4.83438e-05 -0.0018778 0.00101764 0.000118376 0.000797166 -0.00146567 -0.000408777 -0.00109912 -0.000192004 0.000668977 0.000786137 -0.000896824 -0.00238475 -0.00264043 7.43469e-05 -0.00134545 -0.0019863 -0.000985241 -0.00404744 0.000705495 -0.000491096 -0.00218555
internal_weight=387707 172424 82974.4 215283 63722.6 165799 89449.9 49484.2 50922.6 55424.7 114876 24738.4 82699.8 4042.62 67366.8 24745.8 42596.1 74031.9 66520.1 22383.8 28389.5 22750.2 19251.8 27035.2 9728.15 17307.1 8297.93 22083.1 30193.7 3985.61
internal_count=1310455 541578 258525 768877 197479 592339 283053 176538 185085 172197 407254 84791 295972 13398 212205 91747 164287 265956 163945 57991 88019 70607 61046 84178 31772 52406 25282 70848 115636 10353
is_linear=0
shrinkage=0.05


Tree=25
num_leaves=31
num_cat=0
split_feature=1 16 3 1 16 4 18 1 1 10 3 16 9 10 16 6 1 1 4 16 4 4 1 16 4 4 5 3 6 4
split_gain=60.1533 41.5365 24.8321 20.9261 15.8545 7.5202 7.08868 6.24023 6.07876 5.1644 5.03786 4.95316 4.82279 4.3307 3.56382 3.49308 3.40814 3.30755 3.23979 3.07019 7.32445 4.4472 3.04533 3.0408 9.0275 5.83682 2.95981 2.83687 2.82291 2.78051
threshold=1242.5000000000002 0.80217785889642024 1.0000000180025095e-35 689.50000000000011 0.78615827369750269 3.5000000000000004 0.93750000000000011 404.50000000000006 344.50000000000006 6.5298753861640817 1.0000000180025095e-35 0.85672772824506083 0.89587973461402759 7.7168148692138958 0.91167763378283551 0.25881904510252057 504.50000000000006 2306.5000000000005 2.5000000000000004 0.84649134540172921 1.5000000000000002 1.5000000000000002 192.50000000000003 0.84649134540172921 1.5000000000000002 1.5000000000000002 -0.5 1.0000000180025095e-35 -0.60355339059327384 1.5000000000000002
decision_type=2 2 2 2 2 2 2 2 2 2 2 2 2 2 2 2 2 2 2 2 2 2 2 2 2 2 2 2 2 2
left_child=1 6 16 8 9 13 27 12 -4 29 -9 -7 -8 14 17 19 -3 -6 -12 20 26 -21 -14 24 -5 -25 -10 -1 -26 -2
right_child=4 2 3 23 5 11 7 10 15 -11 18 -13 22 -15 -16 -17 -18 -19 -20 21 -22 -23 -24 25 28 -27 -28 -29 -30 -31
leaf_value=0.00017699484159184738 -0.00049348011364206551 -0.00040837227957189748 -0.00098775958040749979 -0.00078658245781891567 -0.00037669599511292801 0.00086433658373467621 -0.00020468957162290901 0.001524084501681887 -0.0012346800505580622 0.0025816686843183876 -0.00020729997381638347 -0.00033570855346790681 -0.0022977536610598232 0.00058718675602414472 0.0038329152440661021 -0.00054016691803846254 0.00080348766874577054 7.3392976794556947e-05 0.0004484275257555952 -0.00032605004299546411 -0.0005835299033147501 -0.0010525995129998301 -0.0014039717033527842 0.0007337948922924505 -0.00044516282021387564 -0.00070852312691635987 -0.00083801061464474638 -0.00076435781446354415 9.4247295314604795e-06 0.00089804527282921071
leaf_weight=2964.2743329517543 2527.7784208208323 13393.163700275123 6069.8061130195856 5137.163017809391 31361.696672827005 33704.705834709108 15508.419323466718 16370.383534815162 1048.2371180355549 37640.396723754704 20263.901704329997 7172.726971462369 377.79980844631791 14295.036707304418 1183.0757844746113 8503.9459732472897 9744.384118847549 21683.937930844724 32583.511751193553 1211.7375606372952 9471.5291300565004 7719.3179911896586 2525.6304866224527 2084.6364363357425 10123.211873240769 17849.29544583708 1813.0707143470645 7963.4203048944473 15329.132060267031 30284.32624681294
leaf_count=38901 10563 41632 18209 15451 95190 103922 38473 41204 3046 141122 50818 24196 966 42447 4089 26206 30834 66138 80933 3633 27995 24656 6380 6317 29940 57624 5240 109065 45792 120521
internal_value=-0.000119887 -0.000698787 -0.00136903 -0.00175877 0.00054979 0.000173066 4.58665e-05 0.00019561 -0.0026829 0.00113478 0.000413222 0.000709791 -0.000622488 -0.000147115 -0.000351197 -0.00238885 8.56624e-05 -0.000411731 0.000175811 -0.00273137 -0.0022201 -0.00343738 -0.00249273 -0.00110326 -0.00079013 -0.00158378 -0.00443704 -0.00115493 -0.000404238 0.000676278
internal_weight=387910 208056 109499 86361.1 179854 109401 98557.3 87629.6 35837.6 70452.5 69217.8 40877.4 18411.8 68523.7 54228.7 29767.8 23137.5 53045.6 52847.4 21263.9 12332.8 8931.06 2903.43 50523.4 30589.5 19933.9 2861.31 10927.7 25452.3 32812.1
internal_count=1311503 703315 336575 264109 608188 335982 366740 218774 108985 272206 172955 128118 45819 207864 165417 90776 72466 161328 131751 64570 36281 28289 7346 155124 91183 63941 8286 147966 75732 131084
is_linear=0
shrinkage=0.05


Tree=26
num_leaves=31
num_cat=0
split_feature=1 16 3 1 16 4 1 3 8 1 18 16 6 10 16 4 4 5 10 1 1 10 8 8 4 5 16 4 6 16
split_gain=54.7753 37.4546 23.0541 19.4542 14.0623 8.73085 6.3419 6.43284 6.06873 5.47587 5.18591 5.17074 4.89813 3.51265 3.4954 9.39285 6.00039 3.62894 3.40108 3.32765 2.98232 3.01205 2.98437 2.93675 2.90475 2.84972 2.76533 2.81043 2.67368 2.60532
threshold=1242.5000000000002 0.80172580346046063 1.0000000180025095e-35 689.50000000000011 0.76640384685231278 3.5000000000000004 404.50000000000006 1.0000000180025095e-35 3.4498615536424366 344.50000000000006 0.93750000000000011 0.84797720773251295 0.25881904510252057 6.507403365479818 0.84649134540172921 1.5000000000000002 1.5000000000000002 -0.60355339059327362 7.7168148692138958 192.50000000000003 246.50000000000003 7.2370010984580881 6.4808108456015434 1.4978661367769956 1.5000000000000002 0.12940952255126045 0.70870188235304732 3.5000000000000004 0.25881904510252057 0.90056769624314192
decision_type=2 2 2 2 2 2 2 2 2 2 2 2 2 2 2 2 2 2 2 2 2 2 2 2 2 2 2 2 2 2
left_child=1 6 20 9 26 12 8 -8 -1 -4 -9 13 18 28 15 17 -16 -11 23 -10 22 29 -3 -6 -12 -5 -2 -28 -7 -22
right_child=4 2 3 25 5 11 7 10 19 14 24 -13 -14 -15 16 -17 -18 -19 -20 -21 21 -23 -24 -25 -26 -27 27 -29 -30 -31
leaf_value=-0.00018165519075461975 0.0060148792040587611 -0.00061578593495782295 -0.00093793632114803004 -0.00054130347067136086 -2.1491036678497612e-05 0.00022265784880395602 0.0014028775345782162 -0.00061110059022384609 -0.0021796436366831656 -0.001146064319728472 -0.00037171393228058462 -0.00020398418116462856 0.0004314736524772475 0.0017414679860539815 -7.6100612399153394e-05 -0.0005047498055432986 -0.00091328229515209164 -0.0007530980593255833 0.00041831734213473447 -0.0013020576515435965 -0.00020043650986323951 0.0015792719603181697 -0.0025921579325354875 -0.00049171089077749215 0.00025025915658848238 -0.0002606275054122885 0.00083771065992830078 0.0031346277294037345 0.0014370128397220711 0.0035312941548953439
leaf_weight=15841.965597841889 7963.3574735149741 4289.5618221759796 6109.4421668350697 30621.869187496603 23229.348800271749 16695.405307684094 18009.540271945298 7120.5744976177812 604.39510205760598 1380.7532623186707 6333.3447418026626 9587.7734738141298 25284.759731896222 21499.603907853365 1730.709084123373 13243.125655196607 10866.847846508026 2715.4533938914537 12553.003368038684 3920.3002738691866 11639.265023753047 5861.4561286494136 89.688433669507504 24391.051238901913 46062.2428345792 20221.351757451892 16373.850223600864 15469.295114450157 6806.2326529845595 1394.0854180827737
leaf_count=56156 20609 13229 18309 93968 81406 62531 63443 97555 2236 3985 16058 31980 91614 81771 5228 39351 34798 7908 43931 14868 36042 18546 302 89488 114439 62101 40368 38540 25950 4793
internal_value=-0.000117048 -0.000669465 -0.00130186 -0.00167621 0.000521991 0.000286281 4.22026e-05 0.000248476 -0.000742976 -0.00256475 -2.06752e-06 0.000780234 -2.92465e-05 0.00100485 -0.00228636 -0.00182584 -0.00292021 -0.0039183 -0.000274624 -0.00235796 9.57102e-05 0.000368193 -0.00107995 -0.000467623 0.000169991 -0.00104626 0.00135126 0.00114286 0.000582335 -5.51614e-05
internal_weight=387910 208056 110164 86889.6 179854 140047 97892.4 77525.7 20366.7 36046.3 59516.2 54589 85458.2 45001.2 29936.9 17339.3 12597.6 4096.21 60173.4 4524.7 23274.1 18894.8 4379.25 47620.4 52395.6 50843.2 39806.5 31843.1 23501.6 13033.4
internal_count=1311503 703315 338560 265648 608188 508671 364755 291495 73260 109579 228052 202232 306439 170252 91270 51244 40026 11893 214825 17104 72912 59381 13531 170894 130497 156069 99517 78908 88481 40835
is_linear=0
shrinkage=0.05


Tree=27
num_leaves=31
num_cat=0
split_feature=1 3 16 16 4 1 1 7 1 6 1 16 16 4 8 16 8 16 16 4 4 4 6 16 16 16 4 4 16 1
split_gain=50.4958 31.0131 26.3625 21.4699 12.5313 7.29686 7.05288 6.67457 6.66345 6.32512 5.52394 4.8167 4.4527 4.3118 4.19694 4.05033 4.01774 6.17236 3.85025 3.50563 3.10401 2.88246 2.81829 2.78355 2.46717 2.41969 7.7255 5.30626 2.45299 2.39122
threshold=862.50000000000011 1.0000000180025095e-35 0.81218281370748857 0.82340483352627902 2.5000000000000004 428.50000000000006 192.50000000000003 5.4785512376367516 2917.5000000000005 0.25881904510252057 362.50000000000006 0.72594608427542362 0.91167763378283551 1.5000000000000002 7.698255979076877 0.76386542164760074 0.89587973461402759 0.8624299788615909 0.7503268675834982 2.5000000000000004 2.5000000000000004 1.5000000000000002 0.60355339059327384 0.71230193001861186 0.90056769624314192 0.84649134540172921 1.5000000000000002 1.5000000000000002 0.90748563302870633 3454.5000000000005
decision_type=2 2 2 2 2 2 2 2 2 2 2 2 2 2 2 2 2 2 2 2 2 2 2 2 2 2 2 2 2 2
left_child=1 6 10 4 11 24 7 -1 12 15 -3 -2 16 -13 23 -6 -5 20 -12 -20 -18 -19 25 -8 -4 26 -7 -27 -29 -11
right_child=3 2 5 8 9 22 14 -9 -10 29 18 13 -14 -15 -16 -17 17 21 19 -21 -22 -23 -24 -25 -26 27 -28 28 -30 -31
leaf_value=-0.00053027233890605853 0.0032279450615923262 -0.00085451344571712759 -0.00089053472383443912 -6.416764579951495e-05 0.0020848597023562718 -0.00094134020759536129 0.0032307538177968284 -0.002436453356392631 0.00055078112978325519 0.0015168144403273479 0.00059506267068643872 -0.00042647255987370849 0.0017292505783583088 0.00010033328663370394 -0.0029399857784631247 0.00042535072371927137 -0.00057740449329281296 0.00061142727794093752 -0.00051706949652525341 -8.7055147901156382e-05 -5.6150020230670562e-05 -0.00088435788108938223 -0.00037492018518276717 0.00018285859551325572 -0.00042958774671337835 5.7127571396545229e-06 -0.00043530412004554427 -0.00090132283620856515 -0.00029234169556217464 0.0047650237640312378
leaf_weight=4485.4660558365285 4525.8053121566772 5754.8258580900729 9333.635400749743 22082.987744905055 26469.635299220681 3182.1214762628078 3771.0324946194887 881.82584994286299 14870.25035431236 25694.868670616299 9250.8808864951134 14170.720719739795 2792.5213179662824 32577.595057584345 325.04720742627978 55868.373243641108 10594.307342223823 1121.1704360917211 13856.82660137862 17567.878966156393 17255.378668896854 12262.131360590458 6891.1580542623997 38649.998413007706 774.21388639509678 1696.6554532051086 12118.74454780668 11472.693386442959 851.51833359152079 6759.3853932619095
leaf_count=14329 11620 21197 28397 69127 66333 10147 9503 3117 48818 90558 23077 48718 9951 117252 1098 217135 33980 3336 55586 70990 55193 40912 21766 132536 2618 5120 36378 36386 3092 23233
internal_value=-0.000112895 -0.000868369 -0.00140271 0.000317874 0.000643367 -0.00224666 0.000161705 -0.0015467 -0.000349628 0.00093365 -0.000560748 -6.51566e-06 -0.00056474 -0.000157302 0.000376216 0.000700635 -0.000650918 -0.000942399 -0.000355612 -0.000619551 -0.000518322 -0.00182487 -0.00191511 0.000419584 -0.00343448 -0.00212894 -0.00169415 -0.00260343 -0.00296434 0.00152482
internal_weight=387910 140865 92751.2 247045 166066 46320.7 48113.4 5367.29 80978.7 114792 46430.4 51274.1 66108.5 46748.3 42746.1 82338 63316 41233 40675.6 31424.7 27849.7 13383.3 36212.9 42421 10107.8 29321.7 15300.9 14020.9 12324.2 32454.3
internal_count=1311503 475337 314754 836166 574849 143904 160583 17446 261317 397259 170850 177590 212499 165970 143137 283468 202548 133421 149653 126576 89173 44248 112889 142039 31015 91123 46525 44598 39478 113791
is_linear=0
shrinkage=0.05


Tree=28
num_leaves=31
num_cat=0
split_feature=1 16 3 1 16 16 6 1 3 1 3 10 1 6 7 17 1 8 1 16 10 16 16 17 16 16 10 10 8 10
split_gain=46.8066 34.4952 14.53 22.8448 8.76172 7.88763 5.87346 5.75706 5.58457 5.38515 4.30657 4.2718 4.23015 3.93147 3.29464 3.11873 3.0455 2.96278 2.90899 2.82383 2.75962 2.62095 3.30191 2.49703 2.39494 2.59286 2.37649 2.36654 2.29311 2.27453
threshold=1655.5000000000002 0.8127814019877837 1.0000000180025095e-35 793.50000000000011 0.76640384685231278 0.7434124931127456 0.60355339059327384 653.50000000000011 1.0000000180025095e-35 428.50000000000006 1.0000000180025095e-35 7.7168148692138958 192.50000000000003 0.25881904510252057 5.8847132099692177 0.68059376891959245 221.50000000000003 7.698255979076877 5498.5000000000009 0.89302366647559417 5.905479208128825 0.86308177560703947 0.90374560103526036 0.80721709212400827 0.86486683785997276 0.90748563302870633 7.2370010984580881 7.6085905625571861 7.9611958338014412 6.2596303779279365
decision_type=2 2 2 2 2 2 2 2 2 2 2 2 2 2 2 2 2 2 2 2 2 2 2 2 2 2 2 2 2 2
left_child=1 5 19 9 29 12 11 10 -9 -4 -7 18 14 20 -1 -5 -12 -14 -6 26 -10 27 -23 -18 -17 -26 -3 -11 -28 -2
right_child=4 2 3 15 6 7 -8 8 13 21 16 -13 17 -15 -16 24 23 -19 -20 -21 -22 22 -24 -25 25 -27 28 -29 -30 -31
leaf_value=-0.00058933603855129278 0.0012791566919461901 -0.00052017928319470223 -0.00083050529070660792 -0.00012856421904622675 -3.6242703349159692e-05 -4.2220320435150398e-05 0.0012393545313364577 0.0019688354399231057 -0.00039664297624327356 -0.00059116670997484309 -0.0015081985410504526 0.0011816960041136624 0.0013039255811682735 0.00046434368074825332 -0.0024206346041705951 -0.00033743724833416107 -0.00038816975324153236 -0.0027396186299124617 0.00087572684967295175 0.0021740209493996479 7.3998201364514076e-06 -0.00084603761875386087 -0.00043320976022465725 -0.00083100702187891571 -0.00081756882412189211 0.00019949422870713316 0.00092622319355414667 -0.00024416524158363609 -0.0027042491653153583 0.0038199183737449545
leaf_weight=882.46533028036356 11548.989222995937 12283.236443124712 10038.336717203259 20234.393663048744 55997.586790304631 18177.431052099913 19899.428730294108 7591.0892595611513 18217.757605522871 16904.028870515525 782.83712666109204 15417.894999336451 29009.223263584077 17934.055937834084 206.38229619711637 25818.299181863666 18713.794228486717 537.33514223992825 8129.8751810081303 3482.6194169819355 28014.302240815014 7381.5673669651151 1713.2550855800509 2779.8437936455011 7831.6761606559157 1497.8612607941031 4781.7120083943009 4114.9964998215437 75.730195835232735 17911.64872122556
leaf_count=2148 28994 38192 30835 26598 203375 69373 73202 29819 71651 51197 3080 54894 72565 70732 521 106409 46323 1346 30289 11882 105959 24062 5957 38808 33991 6906 15009 12525 221 44640
internal_value=-0.000106978 -0.00049445 -0.00113434 -0.00139416 0.000671554 2.58872e-05 0.000447187 -0.000168247 0.000100659 -0.00230223 -0.000645232 0.000254993 0.000736961 -5.10574e-05 -0.00232363 -0.00073582 -0.00111125 0.00084975 7.53303e-05 6.92495e-05 -0.000294817 -0.00196791 -0.00267704 -0.000999673 -0.00102051 -0.00170711 -0.000194474 -0.00166107 0.000741743 0.00142891
internal_weight=387910 259004 116158 95534.4 128905 142847 99444.8 112211 71757.2 40152.2 40453.9 79545.4 30635.4 64166.1 1088.85 55382.2 22276.5 29546.6 64127.5 20623.3 46232.1 30113.8 9094.82 21493.6 35147.8 9329.54 17140.7 21019 4857.44 29460.6
internal_count=1311503 876109 363784 298480 435394 512325 361760 435745 278161 124576 157584 288558 76580 248342 2669 173904 88211 73911 233664 65304 177610 93741 30019 85131 147306 40897 53422 63722 15230 73634
is_linear=0
shrinkage=0.05


Tree=29
num_leaves=31
num_cat=0
split_feature=1 3 16 16 4 1 1 7 1 16 4 16 16 4 4 6 6 16 7 10 16 4 4 3 10 7 4 16 10 10
split_gain=43.3993 26.7334 20.7331 19.3003 8.13755 7.03821 6.17057 6.46088 4.99756 4.76708 4.32271 3.81803 5.22287 11.1609 7.06073 3.68178 3.43956 3.16286 3.09929 2.93589 2.72168 4.72227 4.3575 2.68722 2.52364 3.25372 2.41437 2.4006 2.31944 2.29186
threshold=808.50000000000011 1.0000000180025095e-35 0.81327991938713906 0.81055355588102429 3.5000000000000004 2917.5000000000005 192.50000000000003 5.4785512376367516 428.50000000000006 0.7320314144775445 2.5000000000000004 0.91681818959512318 0.84649134540172921 1.5000000000000002 1.5000000000000002 0.25881904510252057 1.0000000180025095e-35 0.75382425525355401 2.524928003624769 6.3297016685451188 0.86308177560703947 2.5000000000000004 1.5000000000000002 1.0000000180025095e-35 7.9933290451173296 6.7725079657475691 4.5000000000000009 0.90748563302870633 7.004218655558728 6.7390887783039695
decision_type=2 2 2 2 2 2 2 2 2 2 2 2 2 2 2 2 2 2 2 2 2 2 2 2 2 2 2 2 2 2
left_child=1 6 10 4 9 11 7 -1 -4 -2 17 12 13 -5 -14 28 19 -3 -16 -6 21 -10 -22 -15 25 -20 -25 -24 -11 -7
right_child=3 2 8 5 16 29 -8 -9 20 15 -12 -13 14 23 18 -17 -18 -19 24 -21 22 -23 27 26 -26 -27 -28 -29 -30 -31
leaf_value=-0.00048335456514065901 0.0025732261935744491 2.7364003322639941e-05 -0.00079153220981209864 -0.00074595949290636181 0.00034927148882079738 0.0001275116753270314 0.00023745975665435959 -0.0023197386809801811 -0.00064716736596390082 -0.00022865325796322529 -8.974981801594743e-05 0.001825007805683905 0.0013075125680357597 0.0022300887773375011 -0.0001147621007611635 0.00070693533070110984 0.002260458511004921 -0.00057816159288277065 -0.00057976383027230703 0.0016859382554843027 -4.2551702596917847e-05 -0.00033390862072088003 -0.00086472143651416817 -5.0816964029291178e-05 -3.7710403706248813e-05 -0.0012568082779789152 0.00064132460060461961 -0.00038051209792527504 0.00036242998567391775 0.0015376482748580508
leaf_weight=4485.4660558365285 11790.958859995008 4173.650577224791 9976.5150519162416 7199.7688215598464 17354.195708740503 12275.043579109013 41145.8556859456 881.82584994286299 11100.286576710641 29920.687361449003 23214.774221107364 2502.8536440953612 2816.4050635173917 2029.0963916927576 6169.6430610492826 20748.688498109579 22295.900928612798 14558.641165748239 20723.097154684365 22432.230806734413 1523.6641917675734 10630.770115554333 7011.9374117478728 37285.745339177549 3440.9027908071876 3360.329326801002 6691.3165175244212 893.13115318119526 21051.717750504613 8224.5541320294142
leaf_count=14329 29686 10721 30668 23480 62005 39626 137623 3117 33542 113635 84937 8778 8368 6282 19569 79666 79200 58531 67305 76654 4599 32390 23224 112491 10834 11748 20909 3322 78118 26146
internal_value=-0.00010574 -0.000852399 -0.00138972 0.000268862 0.000649142 -0.000222332 0.000107377 -0.00148714 -0.00218731 0.000326847 -0.000607536 -0.000408611 -0.000462347 -0.000146325 -0.000922879 0.000173678 0.00108269 -0.00117258 -0.00112391 0.000804087 -0.00187548 -0.00156767 -0.0025849 0.000140152 -0.00135095 -0.00153191 5.80696e-05 -0.0030568 -5.48839e-05 0.000615663
internal_weight=387910 129597 83083.4 258313 145594 112719 46513.1 5367.29 41136.3 83512.1 41947.1 92219.2 89716.3 53205.9 36510.4 71721.1 62082.3 18732.3 33694 39786.4 31159.8 21731.1 9428.73 46006.2 27524.3 24083.4 43977.1 7905.07 50972.4 20499.6
internal_count=1311503 437003 281934 874500 518964 355536 155069 17446 127745 301105 154189 289764 280986 163162 117824 271419 217859 69252 109456 138659 97077 65932 31145 139682 89887 79053 133400 26546 191753 65772
is_linear=0
shrinkage=0.05


Tree=30
num_leaves=31
num_cat=0
split_feature=16 4 1 1 3 16 1 4 1 5 16 1 3 17 16 7 16 16 18 0 16 4 4 1 7 17 16 4 1 7
split_gain=40.4133 25.9933 18.8446 15.0622 13.9996 8.31644 8.14666 5.5 3.5636 3.38631 3.37289 3.14135 4.28907 3.08698 3.41943 3.0405 3.03206 2.93821 2.89231 2.80402 2.74429 5.73975 5.38684 2.73487 2.64787 2.41887 3.3871 3.76805 2.40763 3.52644
threshold=0.82340483352627902 1.5000000000000002 1143.5000000000002 1832.5000000000002 1.0000000180025095e-35 0.74201131889676508 490.50000000000006 3.5000000000000004 3749.5000000000005 -0.37940952255126059 0.76483445552001961 157.50000000000003 1.0000000180025095e-35 0.81333642008160811 0.79001139522371822 5.8985256106096164 0.89781489096933687 0.91167763378283551 1.0041666666666669 56.500000000000007 0.85472328363330063 1.5000000000000002 1.5000000000000002 704.50000000000011 3.1984648276080736 0.70807993030371785 0.86985364382818464 2.5000000000000004 483.50000000000006 5.8245230014317348
decision_type=2 2 2 2 2 2 2 2 2 2 2 2 2 2 2 2 2 2 2 2 2 2 2 2 2 2 2 2 2 2
left_child=1 5 4 7 16 -1 -6 11 17 -7 -5 15 23 14 -14 -3 -2 25 20 -12 22 -22 -8 -13 -23 -4 27 -27 29 -9
right_child=2 3 8 10 6 9 18 28 -10 -11 19 12 13 -15 -16 -17 -18 -19 -20 -21 21 24 -24 -25 -26 26 -28 -29 -30 -31
leaf_value=0.0015889575806649647 -0.00042390660665970125 -0.00061459160835826985 1.4510154485858352e-05 0.0030615077732392181 -0.00075208467446074472 -0.00078743858486850921 -0.00086590943671418716 0.00020227691752930239 0.00068339245698203772 -0.00039685375366254884 0.00038626333397808469 0.00021941577338517108 0.00012310108478920113 -0.00076488487489759791 -0.00028050516579025204 -0.0022210300107491461 0.0022334355127385506 0.0020020174994892655 -0.00033039880534380535 0.0013078395449675651 0.00035660749863314985 -0.00045905655844459412 -0.00035479967863576503 0.0023684882377905726 -0.00091948201847129665 -0.00059081832043208224 -0.00085892179968279504 4.3128636632249614e-05 0.00063601005184918825 -0.0014802529200479181
leaf_weight=4067.1741012185812 12679.648667983711 1096.1493778415024 19626.232388794422 23850.025590471923 11620.370208695531 10879.543605048209 2576.9568256884813 7991.6852988824248 9011.4729034900665 15095.759405877441 22525.841063030064 15091.877757895738 39050.344575449824 3370.9538221471012 29682.85353705287 210.37169995158911 2872.7520326375961 2019.3207208737731 12082.310443177819 27287.20595221594 1715.6960868388414 3973.245964333415 13491.107898749411 5180.0238539837301 8957.2430190071464 8844.4927802309394 7218.730416238308 15326.355579979718 48404.419793277979 1995.1404902637005
leaf_count=10342 40300 3535 26549 59551 36853 38487 10572 26651 29892 52172 88067 51382 122711 50464 83047 734 9786 7219 18287 105521 6468 15340 50378 17914 35565 38626 32088 66539 168731 7216
internal_value=-0.000112388 0.000254312 -0.000822866 0.000438192 -0.00138541 -0.00112735 -0.00176351 0.000153936 -0.000188492 -0.00145653 0.00102503 -8.34575e-05 -4.90243e-05 -0.000229675 -0.000157223 -0.00251801 -6.2461e-05 -0.000344689 -0.00144472 0.000790916 -0.00170253 -0.00219756 -0.0012513 0.000593523 -0.00255811 -0.000418731 -0.00069097 -0.000407128 0.000534808 -0.000172029
internal_weight=387795 255779 132016 225737 69969.3 30042.5 54416.9 152074 62046.6 25975.3 73663.1 93682.6 92376.1 72104.2 68733.2 1306.52 15552.4 53035.1 42796.6 49813 30714.2 14646.2 16068.1 20271.9 12930.5 51015.8 31389.6 24170.8 58391.2 9986.83
internal_count=1310987 886525 424462 785524 223549 101001 173463 532385 200913 90659 253139 329787 325518 256222 205758 4269 50086 171021 136610 193588 118323 57373 60950 69296 50905 163802 137253 105165 202598 33867
is_linear=0
shrinkage=0.05


Tree=31
num_leaves=31
num_cat=0
split_feature=1 16 16 8 16 6 16 5 10 4 1 10 8 7 17 10 1 16 4 8 4 16 7 8 4 5 17 8 1 7
split_gain=36.2063 24.8958 10.7985 6.51391 6.49972 6.29107 6.05528 5.87578 5.49728 5.35751 5.29455 4.98231 4.57899 4.56515 4.43172 4.10463 4.09851 4.05983 4.40069 4.02671 3.1992 4.1086 3.13373 2.7521 2.64439 2.60771 2.60633 2.59092 2.59018 2.32167
threshold=1242.5000000000002 0.80053615053700111 0.78615827369750269 6.0672668391739295 0.9461910594647257 0.25881904510252057 0.7434124931127456 -0.60355339059327362 7.3005524262861128 1.5000000000000002 4349.5000000000009 7.0228209549334624 1.4978661367769956 1.0000000180025095e-35 0.80752367129488067 7.7437006301226488 404.50000000000006 0.84649134540172921 1.5000000000000002 3.5972184255501678 3.5000000000000004 0.86985364382818464 6.590987390102673 7.7395768305489003 1.5000000000000002 0.60355339059327384 0.80769608614511024 1.7005986908310777 298.50000000000006 10.791892978568784
decision_type=2 2 2 2 2 2 2 2 2 2 2 2 2 2 2 2 2 2 2 2 2 2 2 2 2 2 2 2 2 2
left_child=1 3 11 6 5 8 28 -7 12 -8 15 24 13 -3 -11 20 29 18 -14 -10 27 -22 -19 -6 -2 -15 -26 -4 -1 -5
right_child=2 4 10 16 23 7 9 -9 19 14 -12 -13 17 25 -16 -17 -18 22 -20 -21 21 -23 -24 -25 26 -27 -28 -29 -30 -31
leaf_value=-0.00039341852025810838 -0.00057904501146074656 -0.00099287191865403131 -3.729194501848679e-05 -0.0015915878104376267 0.0026781793270645097 -0.00058040149203980845 -0.00048534504195012901 -3.6911340886779111e-05 5.4766966244177569e-05 0.00020139370364831574 0.0010074983958295841 0.0024266312541449857 -0.0008921896112933825 -0.000487110998514876 -0.0005538950554490864 0.00065057256087766449 -0.00079238933234000513 -0.00078915702700428777 -0.00048783841067139775 -0.00059655614925253279 0.00034612005106515812 -0.0007432450141442497 -0.0013680761067131827 -0.0027583043204268778 0.00099068178984833689 -0.00013577214491042113 -0.00037180674125454827 -0.00046926075529658275 0.0014720105755097941 -0.0019994198325089057
leaf_weight=3153.2819828763604 2889.8517524339259 1505.7271814644337 24890.720674075186 1054.8303045295179 1701.2492970526218 8688.5423252657056 8617.7948729358613 22543.977167874575 9689.7951395064592 49549.699490055442 14317.810383878648 30592.356702525169 2357.4782880321145 23664.568773768842 7807.3236100710928 18308.072786346078 6271.0289363451302 8108.0592127889395 11970.348796658218 12487.736587099731 25671.025530740619 3074.9954838454723 1125.0116039812565 23.227544113993645 32333.829228211194 7799.3701037764549 4607.3701738156378 23190.249748833477 19756.40474781394 43.56743061169982
leaf_count=7776 12029 4855 74204 4001 5931 26773 37796 69478 28765 125862 44826 113961 7157 70934 110905 54834 24169 26290 36539 38479 79110 10874 4053 86 80458 23190 65902 72264 49321 165
internal_value=-0.000103067 -0.000552434 0.000416355 3.68645e-05 -0.0010604 -0.00110818 0.000155301 -0.000507752 -0.00134644 -8.78883e-05 0.000105607 0.000899324 -0.00160816 -0.00122775 8.67611e-05 -2.93013e-05 -0.00139163 -0.00214048 -0.00161361 -0.000679292 -0.000189626 0.000227657 -0.00295809 0.00198545 0.000530752 -0.00109904 0.000644699 -0.000439106 0.000855632 -0.00420908
internal_weight=387795 207919 179876 96253.9 111665 109941 88884.5 31232.5 78708.1 65974.8 109453 70423.4 56530.6 32969.7 57357 95135.1 7369.43 23560.9 14327.8 22177.5 76827 28746 9233.07 1724.48 39831.1 31463.9 36941.2 48081 22909.7 1098.4
internal_count=1310987 702525 608462 359995 342530 336513 331660 96251 240262 274563 336112 272350 173018 98979 236767 291286 28335 74039 43696 67244 236452 89984 30343 6017 158389 94124 146360 146468 57097 4166
is_linear=0
shrinkage=0.05


Tree=32
num_leaves=31
num_cat=0
split_feature=16 1 1 3 16 7 10 1 3 8 1 6 10 8 8 6 8 1 16 1 16 8 10 10 16 8 5 16 16 8
split_gain=33.5396 16.6714 15.5386 14.6775 8.2615 6.47738 5.3871 5.31596 7.06457 5.24701 4.85771 3.88704 3.87178 3.53453 3.4107 3.40146 3.25416 3.19641 3.19537 3.18269 3.08367 3.2843 3.30005 3.03753 2.76691 2.75019 2.59875 2.47212 2.38564 2.36153
threshold=0.82340483352627902 1717.5000000000002 808.50000000000011 1.0000000180025095e-35 0.7434124931127456 1.0000000180025095e-35 6.2836524756025289 660.50000000000011 1.0000000180025095e-35 3.795426061844291 2003.5000000000002 0.25881904510252057 6.6567834978476315 8.4272681008362351 5.7381826048292135 1.0000000180025095e-35 1.4978661367769956 221.50000000000003 0.90748563302870633 317.50000000000006 0.85472328363330063 2.4414009612931857 8.0554591761172674 7.6085905625571861 0.82365261305926685 1.0000000180025095e-35 -0.37940952255126059 0.72594608427542362 0.90374560103526036 8.0173072902757028
decision_type=2 2 2 2 2 2 2 2 2 2 2 2 2 2 2 2 2 2 2 2 2 2 2 2 2 2 2 2 2 2
left_child=1 4 3 29 14 -6 11 9 -9 12 18 -3 25 17 -1 -10 24 -11 20 -16 -4 -22 -23 -18 -5 -7 -17 -8 -26 -2
right_child=2 6 10 16 5 7 27 8 15 13 -12 -13 -14 -15 19 26 23 -19 -20 -21 21 22 -24 -25 28 -27 -28 -29 -30 -31
leaf_value=0.001185365132399216 -1.255579096103507e-05 5.4046807741348766e-05 -0.00017985852741021215 -0.00091581373478909287 -0.0010258493239617146 -0.00010888962314129711 0.006425603768295287 0.0020272572801095941 -0.00020014861916926795 -0.0017875112164094057 0.00014211897175514382 0.0012447376143297885 0.00028930466746863797 -0.0023928387011435009 -0.0014858560938968432 -0.00012797271527794155 -0.00078299749878018719 -0.0006807537108791395 0.0011617631694344377 -0.00048015469283766988 -0.00030878106693607024 -0.00085384944030985211 0.00014032568251928223 -0.00063670320888512477 -0.0004028277921594218 -0.00054899045291349269 0.0005515679155861556 0.0013630903511810289 0.00062774998707447948 -0.0026186238813113065
leaf_weight=27705.130208991468 13393.080041974783 27616.211663357913 30977.908174179494 427.31057807803154 2502.1930867806077 14963.864993792027 5884.140535697341 8449.4442283175886 50476.507253661752 718.47217835858464 28755.77380271256 11349.14495170489 11960.56347187236 132.38676477596164 278.59105963259935 12328.852783169597 12015.52163644135 9853.6949888765812 2994.862326361239 3296.1319974735379 12345.834026150405 8312.9863368421793 1711.047036357224 5569.4342421367764 14385.665098153055 10746.633800953627 16095.861416347325 41421.544540844858 1069.419099457562 57.093537874519825
leaf_count=68980 43142 96025 97551 910 10275 52976 14581 32253 184519 2884 93895 40251 43527 488 698 46628 39459 38673 10818 8444 39191 27853 5180 17842 44722 40402 59608 145313 3731 168
internal_value=-9.57992e-05 0.000238263 -0.000743042 -0.0014736 -4.97148e-05 -0.000215764 0.000804093 -0.000169291 6.35761e-05 -0.000589775 -0.00034026 0.000368749 -0.000312192 -0.00156663 0.000684073 -8.3571e-05 -0.00203424 -0.00146497 -0.000610139 -0.000769437 -0.000699354 -0.0011467 -0.00181905 -0.0025028 -0.00151545 -0.000657925 0.000353908 0.00116268 -0.00140572 -7.85979e-05
internal_weight=387795 255779 132016 46917.5 169508 138228 86271 135726 87350.7 48375.6 85098.4 38965.4 37671.1 10704.6 31279.9 78901.2 33467.4 10572.2 56342.6 3574.72 53347.8 22369.9 10024 17585 15882.4 25710.5 28424.7 47305.7 15455.1 13450.2
internal_count=1310987 886525 424462 149974 590355 512233 296170 501958 323008 178950 274488 136276 136905 42045 78122 290755 106664 41557 180593 9142 169775 72224 33033 57301 49363 93378 106236 159894 48453 43310
is_linear=0
shrinkage=0.05


Tree=33
num_leaves=31
num_cat=0
split_feature=1 16 3 1 4 17 8 1 8 10 10 1 4 8 10 1 8 1 16 4 8 10 16 10 16 4 4 16 0 7
split_gain=30.1106 22.9073 11.1221 14.3244 7.24651 6.52696 6.04972 4.89428 4.83822 4.38311 4.04222 3.81159 3.33733 3.2578 3.22784 3.02966 3.09183 2.92885 2.78943 4.72282 3.21406 3.63965 2.69835 2.61326 2.54782 4.09803 4.0344 2.60648 2.53269 2.48425
threshold=1717.5000000000002 0.80053615053700111 1.0000000180025095e-35 741.50000000000011 3.5000000000000004 0.80752367129488067 7.698255979076877 234.50000000000003 2.0126758453675748 7.004218655558728 7.7168148692138958 467.50000000000006 1.5000000000000002 3.795426061844291 6.1368695189505944 257.50000000000006 8.4272681008362351 396.50000000000006 0.83523104476989685 1.5000000000000002 3.0201273556387074 8.0656092028552901 0.71230193001861186 7.2370010984580881 0.85311987714289217 1.5000000000000002 1.5000000000000002 0.84101010209804372 91.500000000000014 1.0000000180025095e-35
decision_type=2 2 2 2 2 2 2 2 2 2 2 2 2 2 2 2 2 2 2 2 2 2 2 2 2 2 2 2 2 2
left_child=1 5 15 17 10 6 7 8 -1 12 22 -8 -9 -11 -6 16 -3 -4 19 -5 -20 -22 -2 -17 26 -26 27 -19 -15 -14
right_child=4 2 3 18 14 -7 11 9 -10 13 -12 -13 29 28 -16 23 -18 24 20 -21 21 -23 -24 -25 25 -27 -28 -29 -30 -31
leaf_value=-0.00018583789730525007 0.0045159135551427311 -0.00050652115414101387 -0.00068404209373472901 -0.00051322552437775071 0.00051983411045378603 -0.00053065790539052126 -0.0018617887528838339 -0.00038704546509558892 -0.001691752348789111 0.0013060184112476795 0.0012934124705652459 -0.0018186647281617481 -0.0010671429474720558 0.00049616722143398101 0.0018034139258540278 7.0662006463238785e-06 -0.0023989553630211313 -0.00067932058326338482 -0.00027011209512170438 -3.1926442548303043e-05 -0.00074990630102345773 8.7037835800372895e-05 -4.0000353174740602e-05 0.0014734410587858135 9.7905306636130596e-05 -0.00067939524041207052 -0.000347969136782806 0.00085536067438296494 -0.0015579608167724378 0.00022854268513924361
leaf_weight=3645.1457677669823 2115.7455056160688 4860.4924411028624 9416.7909241840243 6158.4038431793451 23005.387220293283 13684.693471774459 253.17206386849284 6995.9601861275733 1690.8160862587392 21935.93573410064 15471.960874792188 1316.9173024855554 1352.6513719037175 18717.419125840068 30180.352612473071 13789.874192245305 12.30136752873659 4145.2854185327888 23715.845247998834 31646.514124691486 11080.242018423975 2683.5830865725875 52063.733607634902 6357.8743833377957 1584.7491116672754 9649.2628665715456 16854.198056310415 284.37783192843199 1641.8545755334198 51483.765440583229
leaf_count=8890 5526 15049 28205 17471 79543 189988 616 17622 4200 53519 50083 3263 3602 46347 100907 43088 34 12016 75254 92947 37308 8276 179296 19944 4824 31806 49762 819 3970 126812
internal_value=-8.98306e-05 -0.000389819 -0.000821649 -0.00102592 0.000557241 0.000110704 0.000239888 0.000284906 -0.00119131 0.000362035 0.000221656 -0.00284135 8.66333e-05 0.000751629 0.000996719 0.000135333 -0.000983443 -0.0017665 -0.0006134 -0.000310361 -0.000919069 -0.00152685 1.8107e-05 0.000405912 -0.00154164 -0.00215083 -0.0012201 -0.00256287 0.000296134 0.000222514
internal_weight=387795 264958 142240 117219 122837 122718 109034 107464 5335.96 102128 69651.4 1570.09 59832.4 42295.2 53185.7 25020.5 4872.79 41934.7 75284.6 37804.9 37479.7 13763.8 54179.5 20147.7 32517.9 11234 21283.9 4429.66 20359.3 52836.4
internal_count=1310987 895632 436803 358688 415355 458829 268841 264962 13090 251872 234905 3879 148036 103836 180450 78115 15083 127432 231256 110418 120838 45584 184822 63032 99227 36630 62597 12835 50317 130414
is_linear=0
shrinkage=0.05


Tree=34
num_leaves=31
num_cat=4
split_feature=2 4 4 10 8 8 7 8 10 5 10 8 10 2 0 8 2 8 7 17 2 10 8 7 10 8 10 10 10 7
split_gain=24.9703 9.62187 7.86857 6.81718 8.82446 8.27385 6.11235 5.06144 4.45757 3.69717 3.48221 3.31279 3.78724 3.03594 2.36394 2.34359 2.22494 2.01585 1.99807 2.00061 1.87446 1.96404 1.83703 2.45542 1.80122 1.76289 1.74579 1.73989 1.71458 2.03171
threshold=0 3.5000000000000004 3.5000000000000004 6.8907215136908624 3.795426061844291 1.2424533248940002 1.0000000180025095e-35 7.6584635422148262 7.7301819049598004 0.12940952255126045 7.5081166522515774 5.5471267646873921 6.6984141434628581 1 61.500000000000007 1.7005986908310777 2 1.0000000180025095e-35 6.6073254057471518 0.72406633601923109 3 8.0137018983129114 1.0000000180025095e-35 1.0000000180025095e-35 0.0035577032138956383 8.336749862461053 7.6630053345060398 6.2596303779279365 5.2128942736536876 7.8619196447433657
decision_type=1 2 2 2 2 2 2 2 2 2 2 2 2 1 2 2 1 2 2 2 1 2 2 2 2 2 2 2 2 2
left_child=2 3 8 5 17 6 -2 13 15 27 14 12 22 26 -4 24 -13 -5 19 -7 21 -9 23 -3 -1 -18 -6 -8 -17 -30
right_child=1 11 10 4 7 18 9 20 -10 -11 -12 16 -14 -15 -16 28 25 -19 -20 -21 -22 -23 -24 -25 -26 -27 -28 -29 29 -31
leaf_value=-0.00074751200876656894 -0.00089627905955993602 -0.00070584238001913588 0.00026399302113774489 0.00069204513705386985 -0.00052166588156804256 -0.00041390545794372515 -0.00038159767952291663 -0.0022454357124648354 0.00096563693865040498 2.8052588780647787e-05 0.0022962252598642042 -0.00036624321961467869 0.00055001845525801541 -0.00075010614502118783 0.0010827354489028052 -0.00063518489308385037 -0.0012782938173085722 7.0817575916733855e-05 -0.0010189536906169247 -0.00064920682498326447 -0.0017048759445405202 -0.00062911191078368351 -0.00025360708327345913 0.00023297439118310782 0.00021710812031954657 -0.0024120850949759191 -2.3220336664134258e-05 0.0001235236005053937 -5.0761922332569909e-05 -0.0011212956694861263
leaf_weight=2080.7451151609421 2994.9708823114634 1145.7482048086822 25064.627156220376 8903.5748055651784 6868.7054343372583 15545.928719565272 29097.334732528776 447.34097677469254 19465.175571169704 24009.195463720709 16769.871416222304 5290.596657268703 24169.903768140823 8839.4891898296773 22328.005941540003 6890.7421792633832 1347.4409442730248 25264.648182522506 3323.7090657278895 19755.311568789184 638.68583890423179 1029.1003849953413 19737.801480900496 17843.596017386764 34639.2609734945 69.60089373216033 15108.039002653211 3794.6396490335464 23537.679146882147 1793.836497604847
leaf_count=7295 10999 4420 86654 28567 24697 21081 96124 1829 63170 77667 55598 18655 80798 30286 75805 25217 4761 83946 13359 101964 2198 3399 68894 58065 114368 232 50323 12226 81527 6863
internal_value=-8.50269e-05 -0.000408145 0.000413142 -0.000615472 -0.000226767 -0.000880207 -0.000512252 -0.000810832 0.000107268 -0.000396372 0.000834658 8.51203e-05 0.000197767 -0.000648434 0.000615546 -8.13833e-05 -0.000971157 0.000336154 -0.0014508 -0.00134045 -0.00317688 -0.00214778 -0.000108744 0.000242343 0.0001917 -0.00272367 -0.00033309 -0.000740712 -0.000392584 -0.000202357
internal_weight=387795 235225 152570 165621 67099.6 98521.1 59896.1 32931.4 88407.4 56901.2 64162.5 69604.7 62897 30816.2 47392.6 68942.3 6707.64 34168.2 38624.9 35301.2 2115.13 1476.44 38727.1 18989.3 36720 1417.04 21976.7 32892 32222.3 25331.5
internal_count=1310987 794490 516497 558665 225245 333420 197016 112732 298440 186017 218057 235825 212177 105306 162459 235270 23648 112513 136404 123045 7426 5228 131379 62485 121663 4993 75020 108350 113607 88390
cat_boundaries=0 1 2 3 4
cat_threshold=3 24 24 24
is_linear=0
shrinkage=0.05


Tree=35
num_leaves=31
num_cat=0
split_feature=1 3 1 1 6 8 10 10 8 6 1 8 5 4 8 5 7 8 0 10 1 8 8 4 8 4 10 8 1 6
split_gain=27.1085 12.9812 17.9596 8.29706 6.47845 5.95799 5.52464 5.13211 4.67235 4.14858 3.68388 3.58517 3.50357 3.30169 3.28702 3.10401 3.07382 4.12825 2.40117 2.33582 2.22325 2.08061 1.96303 1.92375 1.88071 1.81393 1.88976 1.82507 1.75502 1.69052
threshold=1849.5000000000002 1.0000000180025095e-35 632.50000000000011 289.50000000000006 0.25881904510252057 7.5663108808184232 7.4504533262904724 6.6984141434628581 5.6852775618392517 0.60355339059327384 221.50000000000003 2.0126758453675748 -0.37940952255126059 4.5000000000000009 7.850298363023362 -1.0000000180025095e-35 1.0000000180025095e-35 0.89587973461402759 61.500000000000007 7.1414546997017636 192.50000000000003 7.6584635422148262 1.4978661367769956 2.5000000000000004 6.3288288446259466 3.5000000000000004 7.9933290451173296 1.0000000180025095e-35 3595.5000000000005 0.25881904510252057
decision_type=2 2 2 2 2 2 2 2 2 2 2 2 2 2 2 2 2 2 2 2 2 2 2 2 2 2 2 2 2 2
left_child=1 3 10 5 7 11 9 16 25 13 -3 -1 -6 18 15 -12 -4 -18 -2 22 24 -21 -5 -19 -13 26 27 -9 -8 -17
right_child=6 2 4 19 12 -7 28 8 -10 -11 14 20 -14 -15 -16 29 17 23 -20 21 -22 -23 -24 -25 -26 -27 -28 -29 -30 -31
leaf_value=-0.00014449215360611209 -0.00025947618286744495 -0.0010705575723576112 -0.00084542237841428935 0.00055001812636874608 -0.00018996216787247613 -0.0018620568565454795 0.0011336405600618036 0.00051793692339706799 -0.00062795089395047696 0.00119622604169424 -0.00056621470454797096 -0.0016346656541125562 0.00035946727645379126 0.00093377742181287727 -0.0016426692370234775 -0.00038139893232174256 -0.0001761676676423206 -0.00060327071308828898 0.00036636579268076175 0.0017443729496323364 -0.00081911458842422462 -0.0024496764200029513 -0.00025859902658620165 -0.00038510520635218833 -0.0016592859739562552 0.00048186874311853398 0.00060007301919640099 -0.00027267201884989474 0.0032015107029530602 -7.0133293249047266e-05
leaf_weight=9636.2234279885888 28920.397173985839 2056.7906903810799 2176.4136118069291 19204.469600073993 18821.743708536029 104.31113423034549 21537.127500724047 3723.1863650791347 11940.80508140102 15393.875984020531 24603.511220235378 1357.2297410704195 28457.425225481391 13742.120346393436 500.3056168705225 17366.88087875396 30902.038522548974 11539.424408670515 21135.426565393806 15991.337007783353 2516.5679915957153 388.87082070112228 8748.2731122374535 20047.203627064824 88.458784766495228 14191.361697811633 6311.8914850465953 18695.974316764623 10238.821054410189 7184.064273443073
leaf_count=30942 99365 6890 8100 63106 65195 331 71289 12039 40810 53362 83651 4727 97465 46540 1797 57983 101400 40092 71356 53709 8750 1352 31034 70311 342 47265 19202 64275 33421 24902
internal_value=-9.1676e-05 -0.000356576 -0.000533115 0.000308135 -0.000280732 -0.000767198 0.00056851 -0.000476706 -0.000121011 0.000345034 -0.00134723 -0.000675884 0.000214716 0.000167267 -0.00126134 -0.0012203 -0.000778484 -0.00071415 -2.11999e-05 0.000640508 -0.00194197 0.00111462 0.000362681 -0.00111612 -0.00350461 0.000122361 -0.00010608 -0.000321243 0.00112546 -0.000822547
internal_weight=387523 276555 218519 58035.7 166807 13702.8 110968 119528 54863.2 79191.8 51711.6 13598.5 47279.2 63797.9 49654.8 49154.5 64665.1 62488.7 50055.8 44333 3962.26 16380.2 27952.7 31586.6 1445.69 42922.4 28731.1 22419.2 31775.9 24550.9
internal_count=1311003 935670 741377 194293 566154 45092 375333 403494 183591 270623 175223 44761 162660 217261 168333 166536 219903 211803 170721 149201 13819 55061 94140 110403 5069 142781 95516 76314 104710 82885
is_linear=0
shrinkage=0.05


Tree=36
num_leaves=31
num_cat=4
split_feature=16 4 2 3 2 16 4 8 10 2 8 10 16 16 16 6 16 16 7 8 8 10 16 10 18 6 16 2 7 7
split_gain=24.7045 19.2142 10.4395 8.41858 6.11944 5.61221 6.67855 4.52904 5.85332 4.8197 3.71983 4.77802 3.71946 3.54967 3.01847 2.99054 2.92837 6.45632 2.86409 2.96884 2.82981 3.719 2.64709 2.424 2.27437 2.25524 2.14657 2.00853 2.30133 1.87946
threshold=0.82340483352627902 2.5000000000000004 0 1.0000000180025095e-35 1 0.72123156168238733 1.5000000000000002 6.3534997185584592 6.3969000025906384 2 3.1132683346437333 8.0036029533214368 0.8624299788615909 0.82365261305926685 0.90374560103526036 1.0000000180025095e-35 0.81759950385457481 0.81327991938713906 1.0000000180025095e-35 1.0000000180025095e-35 3.1567740231385479 7.6630053345060398 0.7503268675834982 6.7576196076432629 1.0041666666666669 0.25881904510252057 0.90056769624314192 3 4.9308638091439496 10.297790450505167
decision_type=2 2 1 2 1 2 2 2 2 1 2 2 2 2 2 2 2 2 2 2 2 2 2 2 2 2 2 1 2 2
left_child=1 5 10 26 22 -1 16 8 18 -9 14 12 -12 -5 23 -8 17 -7 -6 -20 24 -22 -3 -2 -15 -24 -4 28 -10 -14
right_child=2 4 3 13 7 6 15 9 27 -11 11 -13 29 20 -16 -17 -18 -19 19 -21 21 -23 25 -25 -26 -27 -28 -29 -30 -31
leaf_value=0.0013171206982856322 -0.00018016015819399684 0.0046342116433856556 -0.00036468303909110853 -0.00078866639968292471 -0.00081606774287500128 -0.00041489354711755151 -0.00029897422507160765 -0.0015971658106926319 0.00073734831300176847 -0.00028035597886747198 -0.00031938580359065771 0.00044192227496082096 -0.00086609726527499546 -0.00041934929460146699 0.0018561769905877741 0.0001897636800678712 0.00027660369623619781 -0.00075745852834647987 0.00040592166248565531 -0.00015360232291612222 -0.00073614921219223933 -0.00050194160365897578 0.00069061104472686603 0.00038917719601703278 -0.00012693632168264276 0.0024400875151954272 0.0020916096937345185 0.0010275755663770266 -0.00040104962789024593 -0.0033066082927915943
leaf_weight=8274.0159928128123 34085.081239074469 9390.5081076920033 11917.70266828686 798.79692901670933 1954.6285718604922 20790.883766494691 34841.19686884433 1200.6557836420834 5914.4649766683578 6727.1873756721616 13459.858200185001 6390.6798279061913 6825.4124059006572 20067.593776389956 2565.0750214383006 19862.738002058119 1996.6320385858417 4570.2974179089069 27848.531859401613 28421.491695787758 7593.4012807831168 5443.147742845118 22064.231923270971 11975.843372762203 8340.8618469983339 9072.593194462359 2473.1382487416267 46990.155380029231 5620.8759079687297 44.849551782011986
leaf_count=21201 108572 23161 38115 1788 7858 76168 124830 4400 19292 24040 44830 19989 23615 77217 8969 72763 7490 10314 94000 104218 25421 17649 81125 37333 12522 34067 8395 161608 19912 141
internal_value=-8.91524e-05 0.000197751 -0.000644651 -0.0011575 0.000518355 -0.000388567 -0.000513706 0.00034476 0.000423316 -0.000811669 -0.000258979 -0.000732938 -0.0011078 -0.00151351 1.41532e-06 -0.00019472 -0.00115154 -0.00129669 6.8371e-05 0.00013373 -0.00144988 -0.00205977 0.00105205 -9.15483e-05 -0.00117 0.000830399 -0.000113256 0.000776437 0.00018457 -0.00205442
internal_weight=387523 255541 131981 56634.6 165205 90335.8 82061.7 124678 116750 7927.84 75346.8 26720.8 20330.1 42243.8 48626 54703.9 27357.8 25361.2 58224.7 56270 41445 13036.5 40527.3 46060.9 28408.5 31136.8 14390.8 58525.5 11535.3 6870.26
internal_count=1311003 886447 424556 181107 573681 312766 291565 435328 406888 28440 243449 88575 68586 134597 154874 197593 93972 86482 206076 198218 132809 43070 138353 145905 89739 115192 46510 200812 39204 23756
cat_boundaries=0 1 2 3 4
cat_threshold=19 2 4 4
is_linear=0
shrinkage=0.05


Tree=37
num_leaves=31
num_cat=0
split_feature=1 16 4 16 16 1 3 8 16 4 10 1 16 1 3 8 8 10 8 10 16 16 1 10 8 16 7 17 17 16
split_gain=22.3584 15.9958 10.7976 6.38759 5.34018 4.90502 6.91124 4.66292 3.79882 4.95664 3.51395 4.3592 3.49043 3.11912 2.93554 2.84942 2.81855 3.10244 2.77061 2.66465 2.55399 3.56904 2.4125 2.3395 3.57836 2.47951 1.93518 1.85157 1.83249 1.76567
threshold=1849.5000000000002 0.82340483352627902 2.5000000000000004 0.9461910594647257 0.76640384685231278 808.50000000000011 1.0000000180025095e-35 7.6071329784297115 0.76232687082252271 1.5000000000000002 5.8568961415879626 326.50000000000006 0.82365261305926685 5277.5000000000009 1.0000000180025095e-35 0.89587973461402759 3.1567740231385479 7.6630053345060398 3.3140206880897671 7.4504533262904724 0.81759950385457481 0.81327991938713906 451.50000000000006 7.9933290451173296 4.2413008733233104 0.86985364382818464 1.0000000180025095e-35 0.69355307585676318 0.72406633601923109 0.80570143096500557
decision_type=2 2 2 2 2 2 2 2 2 2 2 2 2 2 2 2 2 2 2 2 2 2 2 2 2 2 2 2 2 2
left_child=1 2 8 5 -2 6 -3 10 -1 20 14 18 -8 19 -4 -13 28 -18 -12 -6 21 29 -9 24 27 -26 -16 -7 -14 -10
right_child=4 3 7 -5 13 23 12 22 9 -11 11 15 16 -15 26 -17 17 -19 -20 -21 -22 -23 -24 -25 25 -27 -28 -29 -30 -31
leaf_value=9.7512399524625484e-05 0.0022160779817191278 -0.00026435528519547224 0.00056817020711000601 0.0025181775617453823 5.8661198472906299e-06 -1.9118904537952788e-05 -0.00083049429654175196 -0.0019581917851602404 -0.00053269737763276994 -0.00020947971290883051 -3.943411282999604e-05 0.0012879165699677759 -0.00019902085106849668 0.0011168969723830643 -0.00094614182379939573 0.00046677637248776564 -0.00075165255642398979 -0.00057702054697289582 -0.0015328798900124162 0.00078752487526853739 0.00017612403673281896 -0.00070524711958409663 -0.0015226705449875326 0.00029183706050656745 -0.00049347354144195878 -0.001074965140280329 -0.00012871345612558565 -0.00034593778222380205 -0.00048536511463940504 2.0085644219057509e-05
leaf_weight=18619.847619123757 25775.189638398588 12680.579963669181 10216.545880436897 2014.6762737035751 52427.98797051236 14571.997231602669 666.49302652478218 178.76802518963814 11113.421286314726 32350.669944770634 3072.4553893506527 12989.580220047385 9432.6388686299324 13106.70136892423 1378.7723477035761 47118.643573082983 5827.4296186193824 4083.7774343639612 1485.4622346758842 19657.88964709267 1628.6391246542335 3766.9223460778594 1540.7979881316423 5620.034981444478 5490.4421911761165 2014.2476026415825 29357.636010821909 24008.584765546024 12979.782082647085 2345.9163193926215
leaf_count=47350 64492 40752 34842 6993 190998 19481 1487 623 47537 127527 10122 42079 12951 48817 5620 164484 19556 13267 5231 71026 6094 8281 5512 17188 18368 7132 106660 103144 57808 5581
internal_value=-8.52099e-05 -0.000325785 -4.09664e-05 -0.000833474 0.000514352 -0.000891129 -0.00126871 0.000273862 -0.000524935 -0.000747326 0.000315912 0.000545421 -0.00165005 0.000323565 -4.64917e-05 0.000658466 -0.0015762 -0.00227831 -0.000945376 0.00019456 -0.00139169 -0.00157063 -0.00230889 -0.000557614 -0.000675064 -0.00167403 -0.000290552 -0.000480746 -0.00126571 -0.00118988
internal_weight=387523 276555 177164 99390.7 110968 97376 45670.7 107339 69825.4 51205.6 105619 64666.1 32990.1 85192.6 40953 60108.2 32323.6 9911.21 4557.92 72085.9 18854.9 17226.3 1719.57 51705.3 46085.3 7504.69 30736.4 38580.6 22412.4 13459.3
internal_count=1311003 935670 617543 318127 375333 311134 145821 375173 242370 195020 369038 221916 105069 310841 147122 206563 103582 32823 15353 262024 67493 61399 6135 165313 148125 25500 112280 122625 70759 53118
is_linear=0
shrinkage=0.05


Tree=38
num_leaves=31
num_cat=0
split_feature=1 16 16 6 8 16 4 16 10 5 4 8 10 8 10 10 7 16 5 8 1 16 4 7 1 8 7 16 8 10
split_gain=20.2672 10.5315 9.53645 8.05345 5.21056 4.24505 4.10068 3.94311 3.51852 3.51442 3.499 3.16259 3.27744 3.01553 2.82267 2.79193 2.67104 2.63869 2.43 2.42543 2.54082 2.37415 5.09354 3.27465 2.29749 2.24366 2.91984 2.41854 2.16863 2.13693
threshold=893.50000000000011 0.76640384685231278 0.81218281370748857 0.25881904510252057 6.1409609789068069 0.715355920334797 4.5000000000000009 0.9461910594647257 7.3619828880744267 -0.60355339059327362 2.5000000000000004 1.0000000180025095e-35 7.6487177596033016 4.8713658868283671 7.0228209549334624 5.9812086984327735 10.791892978568784 0.861421261414552 -1.0000000180025095e-35 7.9611958338014412 298.50000000000006 0.84649134540172921 1.5000000000000002 6.3465127852423047 4022.5000000000005 0.89587973461402759 1.0000000180025095e-35 0.83523104476989685 7.850298363023362 6.3969000025906384
decision_type=2 2 2 2 2 2 2 2 2 2 2 2 2 2 2 2 2 2 2 2 2 2 2 2 2 2 2 2 2 2
left_child=2 14 4 6 5 -1 8 11 25 -5 18 15 21 -10 -2 -4 -6 -8 29 -14 -21 22 -13 -23 -11 26 -3 -27 -16 -7
right_child=1 3 7 9 16 10 17 -9 13 24 -12 12 19 -15 28 -17 -18 -19 -20 20 -22 23 -24 -25 -26 27 -28 -29 -30 -31
leaf_value=0.001429734927051922 0.00068074683819887856 -0.00085986951610499693 -0.00033553400135747096 -5.8137276710872046e-05 -0.0010177340871495924 -0.00068964183923135515 0.00055726028659843711 0.0019407531553970209 0.00043617047484035626 0.00048264480718373945 6.2336472319657338e-05 -0.00068367152212107831 -0.00022076907879797457 -0.00032137944336375278 0.0026849444643159944 0.0001410973747302098 -0.0024257042461591407 -0.00052364700284921394 -0.00011858640876685895 -0.0020174587272351399 -0.0015568129521330875 -0.0005557915672043792 -0.00024990822048617871 -0.0010347386268926603 0.0023679315413247708 -0.00027689247348768042 -5.6731879415179712e-05 -0.00056672051034469266 -0.0017583239777079305 -0.00024958461454374707
leaf_weight=8246.8032615706325 27790.367659278214 2079.5775006599724 18671.969050101936 15694.004278611392 5135.4680039361119 7268.7947359345853 19471.327830702066 1384.2181325182319 20449.545907951891 34404.958040390164 38999.114005930722 2966.9497712180018 10669.051446743309 13385.028073348105 23392.860794767737 6142.0796950235963 264.9206664301455 2409.9660991504788 14372.444254603237 34.920508801937103 341.20002486556768 11641.708987131715 12440.631895065308 2140.174326620996 4813.0632426552474 29490.817451618612 32309.688147619367 14087.620672173798 761.81416867673397 6261.442341171205
leaf_count=21099 69560 8013 56972 57857 18974 28124 72934 4841 71585 125725 143362 9693 33385 48837 58707 18436 987 8040 52769 105 1108 37554 38274 7407 18024 113835 112993 46488 1937 23378
internal_value=-8.27951e-05 0.00019986 -0.000545369 2.62289e-05 -0.000179612 -7.18078e-05 -0.000183177 -0.000988845 -0.000305687 0.00053603 -0.000203747 -0.00104504 -0.00131883 0.000120109 0.000830257 -0.000601098 -0.00167975 0.000442784 -0.000631239 -0.000585222 -0.00453141 -0.00159642 -0.00116994 -0.00207321 0.000789068 -0.000490464 -0.000188527 -0.000728733 0.0012256 -0.00111215
internal_weight=387523 240541 146982 188596 80549 75148.6 133684 66432.9 111802 54912 66901.8 65048.7 40234.6 33834.6 51945 24814 5400.39 21881.3 27902.7 11045.2 376.121 29189.5 15407.6 13781.9 39218 77967.7 34389.3 43578.4 24154.7 13530.2
internal_count=1311003 814535 496468 684331 288693 268732 482725 207775 401751 201606 247633 202934 127526 120422 130204 75408 19961 80974 104271 34598 1213 92928 47967 44961 143749 281329 121006 160323 60644 51502
is_linear=0
shrinkage=0.05


Tree=39
num_leaves=31
num_cat=0
split_feature=1 16 4 16 16 8 1 6 18 16 7 16 4 17 0 16 4 4 7 16 16 6 16 16 8 6 1 4 16 8
split_gain=18.8161 12.9304 9.14658 5.33827 4.53767 4.25855 4.19305 4.17729 3.92736 3.96758 3.43615 3.25435 3.36033 3.24189 3.21365 2.9668 6.04563 5.67719 3.50438 3.01467 2.72331 2.69785 2.64441 3.68802 2.37883 2.32421 2.28694 2.04398 2.04351 2.00905
threshold=1849.5000000000002 0.82340483352627902 2.5000000000000004 0.9461910594647257 0.73733268991567924 6.2547894266644208 569.50000000000011 0.25881904510252057 1.0041666666666669 0.82365261305926685 1.0000000180025095e-35 0.715355920334797 1.5000000000000002 0.81333642008160811 63.500000000000007 0.85472328363330063 1.5000000000000002 1.5000000000000002 3.4811217321331038 0.84101010209804372 0.89111819891260613 0.25881904510252057 0.83561204850757254 0.82537325419067853 7.2506352600451018 -0.60355339059327384 801.50000000000011 2.5000000000000004 0.89781489096933687 8.806355825888863
decision_type=2 2 2 2 2 2 2 2 2 2 2 2 2 2 2 2 2 2 2 2 2 2 2 2 2 2 2 2 2 2
left_child=1 2 11 8 -2 10 -7 14 9 26 -4 -1 -13 21 -6 17 20 19 -18 22 24 -12 23 -11 -17 -24 -3 -19 -22 -10
right_child=4 3 5 -5 7 6 -8 -9 29 15 13 12 -14 -15 -16 16 18 27 -20 -21 28 -23 25 -25 -26 -27 -28 -29 -30 -31
leaf_value=0.00078889336317365113 0.0035421497984572297 -0.00095836494215353072 -0.00086771662168865231 0.002338553526729536 -0.00012067138842600245 -0.001428345959845731 -0.0003754099175066639 0.00094539696637118559 -0.00012011677997826841 -0.00082098928818782131 0.00020446871224347326 -0.00041650517147240676 -0.00020598008659502288 -0.00059749073723776303 0.00060024150870306584 0.0019590807378289539 -0.00033798896534447819 -0.00033975201119430879 -0.00070007901947111086 0.00018141698356329353 -0.0014589150366797429 0.00085608389771201919 -0.00051876705672131954 -0.00013953195609631258 -0.001782271970726775 -0.0015513643159572087 -0.00052706373366033098 -3.7251144037898924e-05 7.4709224694850812e-05 -0.0027766918557056808
leaf_weight=5866.7943791076541 11556.906444005668 732.09596883505583 1680.8929946348071 2014.6762737035751 41150.62116985023 1304.4181965216994 5921.3774255402386 29381.995363216847 27236.488705307245 936.85010895878077 68887.344673577696 22393.364706546068 41565.257554680109 4110.2444397509098 28878.245647855103 1899.6253584325314 10663.579225413501 11408.529551431537 17997.749559231102 852.17823614180088 429.14916640520096 25434.383939415216 497.64814887195826 1602.7740726098418 58.736635521054268 884.62878163903952 624.57008522003889 19960.591930836439 1559.7731394991279 31.039092510938644
leaf_count=15279 28504 1723 6781 6993 143889 4788 21319 103519 41260 4876 204484 76790 150301 61206 99421 6809 41110 42266 71428 3287 1572 76595 2201 7137 203 4035 1564 75567 6046 50
internal_value=-7.56133e-05 -0.000296309 -4.02322e-05 -0.000752766 0.000474406 0.000249529 -0.000922734 0.00036539 -0.000805474 -0.0010035 0.000334139 -0.000485666 -0.000589048 0.000372418 0.000155446 -0.000950667 -0.00129646 -0.000638688 -0.00154912 -0.002245 0.000538063 0.000432318 -0.00283068 -0.00187283 0.00186159 -0.00459052 -0.00368115 -0.000394223 -0.000765124 -0.000296311
internal_weight=387523 276555 177164 99390.7 110968 107339 7225.8 99410.9 97376 70108.5 100113 69825.4 63958.6 98432 70028.9 68751.8 32608.6 36143.2 28661.3 4774.08 3947.28 94321.7 3921.9 2539.62 1958.36 1382.28 1356.67 31369.1 1988.92 27267.5
internal_count=1311003 935670 617543 318127 375333 375173 26107 346829 311134 269824 349066 242370 227091 342285 243310 266537 127168 139369 112538 21536 14630 281079 18249 12013 7012 6236 3287 117833 7618 41310
is_linear=0
shrinkage=0.05


Tree=40
num_leaves=31
num_cat=3
split_feature=16 4 6 2 3 16 4 16 16 8 17 16 4 18 16 4 7 6 16 2 2 8 16 16 8 3 16 4 8 17
split_gain=17.3738 13.3382 6.06314 5.95126 6.06579 4.45811 4.64779 3.66806 3.38609 3.07227 3.32016 2.95416 2.89769 2.85785 2.71237 2.72223 2.47148 2.40145 2.38878 2.3693 2.34818 2.67901 2.2051 4.15581 1.99925 1.93116 1.67028 1.59971 1.48815 1.43851
threshold=0.82340483352627902 2.5000000000000004 0.25881904510252057 0 1.0000000180025095e-35 0.70870188235304732 1.5000000000000002 0.91167763378283551 0.72364337447615934 2.740319461670996 0.67112732600106184 0.85472328363330063 1.5000000000000002 1.0041666666666669 0.82537325419067853 1.5000000000000002 1.0000000180025095e-35 1.0000000180025095e-35 0.83214013540678655 1 2 6.1994939452674993 0.81759950385457481 0.81327991938713906 1.4978661367769956 1.0000000180025095e-35 0.82365261305926685 4.5000000000000009 5.6716020950760067 0.81311413657290077
decision_type=2 2 2 1 2 2 2 2 2 2 2 2 2 2 2 2 2 2 2 1 1 2 2 2 2 2 2 2 2 2
left_child=1 5 8 7 26 28 22 9 -3 10 -2 -11 -13 14 15 -6 -10 -8 -16 -4 21 -18 23 -7 -20 -22 -5 -27 -1 -21
right_child=3 2 19 4 13 6 17 -9 16 11 -12 12 -14 -15 18 -17 20 -19 24 29 25 -23 -24 -25 -26 27 -28 -29 -30 -31
leaf_value=0.0025501124982716577 0.00028110830688488005 0.0017810194239643281 0.0028144824882555294 -0.0014778980537287871 -0.00069960445035739292 -0.00034543967708184703 -0.00024584647224662888 0.0018838347818090748 -0.00080638489540666998 -0.00016061243283483422 -0.00020203135524424003 0.0016204875315934176 -0.00068082898418628593 -0.00017634706490037531 -1.4868917915360214e-05 -0.00046697676243268423 -0.00011220905961395744 0.00020170687726875776 -0.00031599718776528438 0.00081434248922528519 0.001564194194490786 -0.0013522961808333318 0.00028877948307500168 -0.00065517907644447595 -0.00057522180616637476 8.5463060186649628e-05 1.8410282821115094e-05 0.00060834140196600885 -0.0011815852544788752 -0.00053652027823335765
leaf_weight=5342.3942519426346 15270.454155504704 13269.884726405144 11808.088084820658 135.69926389306784 1162.308645658195 21279.552774071693 35877.462524570525 2978.497801028192 1761.2046405337751 17424.924257025123 27939.360895417631 873.65773563086987 10967.314637087286 11832.12808971107 3200.4577151015401 972.79869398474693 16043.337679792196 20294.380122795701 11381.673744656146 32393.710379626602 6685.8638523668051 842.00942928344011 2013.6775690317154 4553.9178655520082 13598.157768949866 59356.070754237473 14256.605247020721 21619.406266156584 810.96121612936258 1594.3729483224452
leaf_count=14032 19898 33443 40867 336 3952 77206 127403 10592 6921 56932 116676 2668 36920 17909 11738 3493 56812 73771 43748 96866 24181 3267 7470 10265 53274 211308 46054 76214 2174 23745
internal_value=-5.91214e-05 0.000181482 0.000448221 -0.00052494 -0.000912742 -0.000307711 -0.000402854 -0.000234197 0.000260862 -0.000304901 -3.69879e-05 -0.000700462 -0.00130986 -0.00121554 -0.00147276 -0.00319096 0.000166858 -0.000141014 -0.00134257 0.000937432 0.000198149 -0.000341664 -0.000931024 -0.00105525 -0.00150735 0.000302132 -2.66516e-05 0.000234733 0.000991386 0.000724717
internal_weight=387540 255546 165374 131994 56539.8 90172.3 84019 75454.2 119578 72475.7 43209.8 29265.9 11841 42147.5 30315.4 2135.11 106308 56171.8 28180.3 45796.2 104547 16885.3 27847.1 25833.5 24979.8 87661.3 14392.3 80975.5 6153.36 33988.1
internal_count=1310135 885945 573624 424190 180504 312321 296115 243686 412146 233094 136574 96520 39588 134114 116205 7445 378703 201174 108760 161478 371782 60079 94941 87471 97022 311703 46390 287522 16206 120611
cat_boundaries=0 1 2 3
cat_threshold=19 2 4
is_linear=0
shrinkage=0.05


Tree=41
num_leaves=31
num_cat=3
split_feature=16 4 6 2 3 10 10 8 16 8 2 8 10 16 18 16 4 5 5 8 8 7 16 10 18 5 4 8 2 16
split_gain=15.7211 11.9591 5.38178 5.38017 5.45226 4.92683 3.43695 3.57273 3.31238 2.93649 2.78306 2.78104 2.85307 3.40152 2.54304 2.52397 2.51959 2.33899 2.33164 2.23169 2.13881 2.50902 2.13193 1.99447 2.08148 1.84808 1.81595 1.81343 1.78308 1.69889
threshold=0.82340483352627902 2.5000000000000004 0.25881904510252057 0 1.0000000180025095e-35 6.1613069155431477 6.3297016685451188 6.2906423552336603 0.91167763378283551 1.2424533248940002 1 2.740319461670996 8.0137018983129114 0.86985364382818464 1.0041666666666669 0.82537325419067853 1.5000000000000002 0.12940952255126045 -0.60355339059327362 2.4414009612931857 1.0000000180025095e-35 1.0000000180025095e-35 0.83214013540678655 6.7769113658813378 1.0041666666666669 -0.70710678118654735 1.5000000000000002 1.4978661367769956 2 0.72594608427542362
decision_type=2 2 2 1 2 2 2 2 2 2 1 2 2 2 2 2 2 2 2 2 2 2 2 2 2 2 2 2 1 2
left_child=1 5 6 8 -5 9 20 29 11 17 -9 23 13 -13 15 16 -6 26 -4 -7 21 -3 -17 24 -2 -15 -1 -24 -20 -8
right_child=3 2 18 4 14 19 7 10 -10 -11 -12 12 -14 25 -16 22 -18 -19 28 -21 -22 -23 27 -25 -26 -27 -28 -29 -30 -31
leaf_value=-0.00054148676935085807 -0.00026063355042090858 -0.00076472023184153283 0.00032980264796094106 -2.1434333739620004e-05 -0.00066462422783952345 0.0003672769997948175 0.0028058253755752481 -0.0013130364192800404 0.0017896430427186208 -0.00056527483490136717 -0.00013836593011823522 -0.00031372048395102506 0.00023213860074944027 -0.0014203716895209786 -0.00016752971165535647 -1.4125472019592411e-05 -0.00044362792431104983 6.1582825185553522e-05 0.0033232223477614579 -0.00014940303274980847 -0.0002676497623706517 0.00030963072966571433 -0.00030019732837702001 0.00043469989600502384 0.00019814205508701806 -0.00058782149057033661 -0.00025031624992963227 -0.0005464607158580558 0.00096107228503915167 0.00054459236582549771
leaf_weight=5833.2869629971683 23367.390463210642 1901.4101331718266 13035.649329058826 14392.304510913789 1162.308645658195 17655.649848815054 7678.7691255882382 885.82157860323787 2978.497801028192 13667.60573349148 6915.0210060328245 17872.602162361145 6074.5640810355544 1563.2327217683196 11832.12808971107 3200.4577151015401 972.79869398474693 11952.729547422379 8348.2645334005356 30974.292388815433 27104.025556594133 25633.949275646359 11381.673744656146 10416.02547942102 9426.3991082906723 3755.497664578259 10088.781842552125 13598.157768949866 24412.257550310344 49458.780673138797
leaf_count=19428 89769 7343 46291 46390 3952 58611 19088 3214 10592 50987 24103 59556 18696 5432 17909 11738 3493 39939 28871 108214 98371 85635 43748 32535 14270 12836 35142 53274 86316 174392
internal_value=-5.54948e-05 0.000173379 0.000425952 -0.000498604 -0.000867331 -0.000289834 0.000249434 0.00049532 -0.000222164 -0.000689708 -0.000508393 -0.000289352 -0.000665698 -0.00091836 -0.0011544 -0.00139704 -0.0030545 -0.000395348 0.000886856 5.17601e-05 -4.27986e-05 0.000267568 -0.00127146 -3.44532e-05 -0.0002259 -0.00202839 -0.000792185 -0.00142713 0.0011119 0.000632354
internal_weight=387540 255546 165374 131994 56539.8 90172.3 119578 64938.4 75454.2 41542.4 7800.84 72475.7 29265.9 23191.3 42147.5 30315.4 2135.11 27874.8 45796.2 48629.9 54639.4 27535.4 28180.3 43209.8 32793.8 5318.73 15922.1 24979.8 32760.5 57137.5
internal_count=1310135 885945 573624 424190 180504 312321 412146 220797 243686 145496 27317 233094 96520 77824 134114 116205 7445 94509 161478 166825 191349 92978 108760 136574 104039 18268 54570 97022 115187 193480
cat_boundaries=0 1 2 3
cat_threshold=19 4 2
is_linear=0
shrinkage=0.05


Tree=42
num_leaves=31
num_cat=3
split_feature=2 3 16 4 10 16 0 5 16 16 7 8 8 6 10 8 2 17 8 2 10 6 10 16 6 8 5 10 8 8
split_gain=14.6865 8.83393 8.26502 7.03951 5.64659 5.53906 4.31905 4.0783 3.52108 3.28071 3.18606 3.18585 3.05805 2.8638 2.47462 2.42981 2.40377 2.23994 2.19209 2.42254 2.34346 2.17474 2.07529 2.04655 1.87299 1.85173 1.83927 1.805 2.45744 1.79092
threshold=0 1.0000000180025095e-35 0.83375273960117646 1.5000000000000002 7.2696029113363272 0.76640384685231278 47.500000000000007 0.12940952255126045 0.90374560103526036 0.74201131889676508 10.791892978568784 2.524928003624769 7.698255979076877 0.78656609248549303 7.7581550303642528 8.4272681008362351 1 0.66690025027010624 1.2424533248940002 2 6.1368695189505944 1.0000000180025095e-35 8.4036835615819729 0.86985364382818464 0.78656609248549303 3.860674306308975 -0.70710678118654735 7.4504533262904724 2.740319461670996 5.6365721362514982
decision_type=1 2 2 2 2 2 2 2 2 2 2 2 2 2 2 2 1 2 2 1 2 2 2 2 2 2 2 2 2 2
left_child=2 12 3 9 6 10 -5 24 11 -1 29 17 18 -8 23 21 -6 -4 20 -20 -2 -9 -22 -13 27 -18 -25 28 -7 -3
right_child=1 5 8 4 16 7 13 15 -10 -11 -12 14 -14 -15 -16 -17 25 -19 19 -21 22 -23 -24 26 -26 -27 -28 -29 -30 -31
leaf_value=0.0037433508349828575 8.8582156312326526e-05 0.00029372938419802296 0.000284006545523776 -0.00020165371689310972 0.0025343311649947617 -0.0003991559405233332 0.00030656989275884149 -0.00028205285847910446 0.0012756441936989009 -0.00038103725699624588 -0.0037463521464140646 -0.00040990670258070908 -0.0018844904684787085 0.0014607602524334441 -7.9875889977178152e-05 -0.0018824863218506395 0.0012012118811281691 -0.00021706948915428405 0.00069994717491871918 -0.00046548315257413306 0.0011757620085521385 1.8815207196024378e-05 -0.0048086232029797967 -0.0014864853883899548 -0.00015188352782934852 0.00035596462918838017 -0.00059361167443577965 -0.00032422264613672788 -0.00067068175857224193 -0.001046944924497606
leaf_weight=1526.6690538153052 18128.002604801208 16448.509318053722 9942.5934042334557 31212.804989498109 18417.312542777508 24287.321450389922 62305.454514373094 21768.903978563845 4205.876929692924 14701.93364809826 95.833301417529583 11515.362173564732 374.77073065191507 9069.153316590935 7595.9782302379608 106.67617972195148 16372.200511440635 20491.692740246654 7221.655030336231 15145.120194461197 8984.4634895697236 14082.083570934832 6.7593822181224814 1310.0869722515345 6715.5411793366075 20141.968013208359 3165.2638966739178 11354.464440923184 8516.3092983812094 2329.5686498433352
leaf_count=3833 59051 41091 12671 109671 60910 85165 215134 77270 14863 50974 264 38423 1286 31846 24146 399 53826 84240 25047 52219 28896 50519 12 4534 24642 69425 10783 40467 32505 6023
internal_value=-5.3923e-05 -0.000429773 0.000198138 0.000370919 0.000473074 -0.000688575 0.000254015 -0.00085732 -0.000317402 -0.000620615 8.77561e-05 -0.000425893 0.000118803 0.000468556 -0.000862057 -0.000449732 0.000882177 -8.78639e-05 0.000152879 -0.000213554 0.000455097 -0.000427311 0.00111507 -0.00121504 -0.00114541 0.00064666 -0.00212238 -0.00126372 -0.00145179 0.000134165
internal_weight=387540 155566 231974 173747 157519 105705 102587 86831.3 58226.9 16228.6 18873.9 54021 49860.8 71374.6 23586.7 35957.7 54931.5 30434.3 49486 22366.8 27119.2 35851 8991.22 15990.7 50873.6 36514.2 4475.35 44158.1 32803.6 18778.1
internal_count=1310135 524856 785279 595619 540812 358345 356651 310967 189660 54807 47378 174797 166511 246980 77886 128188 184161 96911 165225 77266 87959 127789 28908 53740 182779 123251 15317 158137 117670 47114
cat_boundaries=0 1 2 3
cat_threshold=19 2 8
is_linear=0
shrinkage=0.05


Tree=43
num_leaves=31
num_cat=0
split_feature=1 10 8 1 10 8 10 1 8 8 6 5 7 0 10 1 7 0 7 10 7 10 6 5 0 10 5 5 4 7
split_gain=14.3704 7.68306 6.87601 6.3594 5.51178 5.20759 4.97852 4.54251 4.10322 4.10226 3.87991 3.85861 3.78614 3.1372 2.36261 2.21893 2.2931 1.99297 1.86578 1.84085 2.08018 1.77139 1.66843 1.56011 1.50825 1.47417 1.52912 1.47084 1.45961 1.45865
threshold=893.50000000000011 7.004218655558728 1.2424533248940002 317.50000000000006 5.9543849063635728 7.698255979076877 6.3969000025906384 4022.5000000000005 4.0342014792848504 6.2906423552336603 0.25881904510252057 -0.37940952255126059 1.0000000180025095e-35 63.500000000000007 8.4036835615819729 192.50000000000003 5.8847132099692177 58.500000000000007 10.791892978568784 8.0244791375174263 7.8619196447433657 7.6487177596033016 1.0000000180025095e-35 0.37940952255126054 141.50000000000003 7.6762034755851571 1.0000000180025095e-35 0.12940952255126045 4.5000000000000009 1.0397207708399181
decision_type=2 2 2 2 2 2 2 2 2 2 2 2 2 2 2 2 2 2 2 2 2 2 2 2 2 2 2 2 2 2
left_child=2 10 4 5 12 15 27 8 22 21 13 -12 -1 -2 -6 16 -4 23 24 20 -10 -8 -3 -14 25 26 -11 -5 -15 -19
right_child=1 7 3 6 14 -7 9 -9 19 18 11 -13 17 28 -16 -17 -18 29 -20 -21 -22 -23 -24 -25 -26 -27 -28 -29 -30 -31
leaf_value=-0.00067654536792287204 -0.00026106757567666283 0.00044013750543928922 -0.00080146354676430699 -0.00058446955402385002 0.00036992541022120505 -0.0012545395772551116 -0.00019074705941132046 0.0027029091389196209 4.8915630153367057e-05 -0.0013899376984733277 -0.00015659528255453707 0.00056036579973606779 -0.00034549902603867174 -1.0929473834827425e-05 -0.0044204534333678307 -0.00060585444179212596 -0.0017440141598248375 0.00044395300728310508 -0.0019271576190453416 0.00044368123812026236 -0.00064237491433158378 0.00018095200515127544 0.0012496405270648451 -6.7027876999199709e-06 -0.0029320739893030239 -0.00050022027791864069 -0.00057389239306570173 -0.0002991201033921219 0.0006147203952252267 -8.3843819982373088e-05
leaf_weight=2638.58023763448 63977.763262495399 27456.292684160173 1495.8602174930274 12840.680170886219 21828.202024940401 193.30182818323374 21012.147078327835 11485.543149229139 17106.45756804198 814.37322269007564 16422.056688103825 25410.783105559647 16749.255609437823 30467.932433594018 8.4846112281084043 7792.4403303414583 930.62759940326214 5859.4377726763487 430.38868280872703 17110.268971860409 6871.3960651010275 18002.270558986813 16078.779108922929 8860.1526012457907 19.44615576043725 4870.0909451246262 746.27713174000382 9620.8028312809765 8220.3946249485016 12219.846464101225
leaf_count=9883 218907 89675 4986 46058 69990 681 72923 37910 60082 3019 56851 87458 55321 102220 15 26775 3307 18415 1494 54174 26033 59896 53724 28869 57 16477 2883 33871 27584 40597
internal_value=-5.08677e-05 0.000187063 -0.000440489 -0.000758673 -7.28015e-05 -0.00190979 -0.000583333 0.000533507 0.000406868 -0.000284817 -4.33626e-05 0.000362523 -0.000381485 -0.000208747 0.000582081 -0.001756 -0.00307634 -0.000270401 -0.00141046 4.84841e-05 -0.000234228 -8.62995e-05 0.000745109 -0.000554145 -0.00119777 -0.00115573 -0.00249303 -0.00119328 0.000146682 0.000131523
internal_weight=387540 240608 146933 78768.7 68164 10412.2 68356.5 96108.7 84623.2 45895 144499 41832.8 46327.3 102666 21836.7 10218.9 2426.49 43688.7 6880.58 41088.1 23977.9 39014.4 43535.1 25609.4 6450.19 6430.74 1560.65 22461.5 38688.3 18079.3
internal_count=1310135 814618 495517 272427 223090 35749 236678 321598 283688 156749 493020 144309 153085 348711 70005 35068 8293 143202 23930 140289 86115 132819 143399 84190 22436 22379 5902 79929 129804 59012
is_linear=0
shrinkage=0.05


Tree=44
num_leaves=31
num_cat=0
split_feature=16 1 17 4 3 1 1 9 16 10 0 16 3 16 5 4 1 7 7 7 1 7 9 10 16 16 16 17 9 4
split_gain=13.3103 7.86623 7.67782 5.78733 5.53808 4.60219 3.72995 3.21499 3.16649 3.1137 2.84534 2.61535 3.93923 3.29828 2.60526 2.50802 2.41458 2.22107 2.0617 2.02194 2.98772 1.92269 1.90677 1.86862 1.80325 1.82268 1.63868 3.06305 2.09126 1.75616
threshold=0.79060468980597221 801.50000000000011 0.80746214238737768 1.5000000000000002 1.0000000180025095e-35 604.50000000000011 3595.5000000000005 4.5798392285869785 0.74201131889676508 7.0735233155969857 48.500000000000007 0.83426495118380328 1.0000000180025095e-35 0.90374560103526036 -0.70710678118654735 2.5000000000000004 317.50000000000006 6.6637708581706061 2.524928003624769 5.9725357258298626 176.50000000000003 6.2176031103882972 7.7128905618232126 0.00230835222093671 0.76640384685231278 0.76654570564470936 0.86985364382818464 0.67112732600106184 4.297262267176281 1.5000000000000002
decision_type=2 2 2 2 2 2 2 2 2 2 2 2 2 2 2 2 2 2 2 2 2 2 2 2 2 2 2 2 2 2
left_child=2 4 3 8 16 7 11 19 -1 10 -7 12 -3 18 -6 -14 21 -11 23 -5 -21 -2 -9 -13 -4 -26 28 -28 -20 -29
right_child=1 6 24 5 14 9 -8 22 -10 17 -12 13 15 -15 -16 -17 -18 -19 26 20 -22 -23 -24 -25 25 -27 27 29 -30 -31
leaf_value=0.0010388875669518503 -0.00026938240878782301 0.0020822447910038926 0.00067489071321867817 0.00017695893576347919 -0.00047873624730228087 -6.1712921007192612e-05 0.00055672291057529556 -0.0017044154200647158 -0.00043221896411546336 0.0022305712390396251 0.00078885790490400157 -0.0007527737396211911 -0.0002197762204846604 0.00086732872129313622 -0.00026603192049881461 0.00011281111624086154 0.00020088188029234873 0.00091575875644322666 -0.00021611233915813169 -0.0019584346846043947 -0.00049840209022659757 -0.001888965196079269 -0.0031180543725209428 0.00018183705018015724 -0.00060011475472644205 0.0004070176982013757 -4.3021904309648032e-05 0.00067194040731375227 -0.0013554487489429987 -0.00077877136306341163
leaf_weight=3898.1303614601493 7328.2795889079571 3164.1189331114292 2702.9482648000121 20520.10629606992 14823.510596424341 18719.619332164526 19671.352921441197 344.23778188601136 9741.0562324412167 24504.876666720957 38271.559624493122 1009.3383259102702 26816.812431551516 4512.4429164454341 38303.700179234147 44699.784978143871 14525.873105272651 18130.606741633266 29882.985496424139 244.4792524240911 5256.7458688952029 918.47219779342413 8.4428777694702131 9340.989738047123 14459.490779615939 2246.1068113818765 4063.2689208388329 666.80420362949371 850.04014875739813 7914.1521626189351
leaf_count=9016 22213 9638 25851 49455 44816 45696 61325 849 24532 58336 92929 3410 76240 15871 115644 132373 45206 44262 95216 607 13159 3022 17 29096 225079 21489 5326 2641 2795 34026
internal_value=-5.01331e-05 -0.000294608 0.000301084 0.000430598 -0.000710579 0.000536502 -8.77023e-05 -5.0806e-05 -0.000547758 0.000691979 0.000450209 -0.000182801 1.30584e-05 -0.000433951 -0.000990205 -6.33242e-05 -5.82288e-05 0.00101515 -0.000542997 1.34624e-05 -0.000837772 -0.000741533 -0.00479263 9.10739e-05 -0.000630737 -0.000824598 -0.000694294 -0.00117341 -0.000497174 -0.00170893
internal_weight=387540 228492 159048 139640 75899.8 126001 152592 26374 13639.2 99626.7 56991.2 132921 74680.7 58240 53127.2 71516.6 22772.6 42635.5 53727.6 26021.3 5501.23 8246.75 352.681 10350.3 19408.5 16705.6 43377.3 12644.2 30733 8580.96
internal_count=1310135 698858 611277 338858 230901 305310 467957 64087 33548 241223 138625 406632 218251 188381 160460 208613 70441 102598 172510 63221 13766 25235 866 32506 272419 246568 140004 41993 98011 36667
is_linear=0
shrinkage=0.05


Tree=45
num_leaves=31
num_cat=0
split_feature=1 6 4 5 10 8 8 7 8 1 10 6 1 5 1 8 1 8 10 8 0 10 8 10 7 10 7 0 1 10
split_gain=12.625 8.3224 5.72782 5.56071 4.43664 5.17445 4.41413 4.68432 3.67619 3.39722 3.2382 2.31062 1.93604 1.88663 1.87528 2.08313 1.72085 1.65884 2.36335 2.11536 1.70518 1.63565 1.91189 1.49952 1.9223 1.46298 1.44677 1.63816 1.42214 1.41454
threshold=2678.5000000000005 0.25881904510252057 3.5000000000000004 -0.37940952255126059 7.3777448829540324 7.850298363023362 0.89587973461402759 1.0000000180025095e-35 3.860674306308975 234.50000000000003 7.7168148692138958 0.78656609248549303 298.50000000000006 0.60355339059327384 483.50000000000006 6.8653694264271499 854.50000000000011 7.6584635422148262 7.5081166522515774 2.740319461670996 144.50000000000003 6.7186225464380014 3.9219243190762363 4.7466181426221139 7.1596805561968466 7.9504083152704217 10.791892978568784 132.50000000000003 335.50000000000006 7.7168148692138958
decision_type=2 2 2 2 2 2 2 2 2 2 2 2 2 2 2 2 2 2 2 2 2 2 2 2 2 2 2 2 2 2
left_child=1 2 4 21 6 8 7 -1 -6 -10 11 -2 -7 -9 15 -5 23 18 19 -4 28 -3 -23 -8 -25 -11 27 29 -19 -14
right_child=10 3 17 14 5 12 16 13 9 25 -12 -13 26 -15 -16 -17 -18 20 -20 -21 -22 22 -24 24 -26 -27 -28 -29 -30 -31
leaf_value=-0.00079180673941250533 0.00031336535762055141 -0.00029950897758122542 5.2596481045678879e-05 2.1690436934957566e-05 0.00034107883572948169 -0.0011895577301445307 -0.00060755550255915431 -0.00022793588677959796 -0.0014398755580510008 -0.00045393444553311037 0.0023172788224211194 0.0018176969753622458 -0.0021517885836676021 0.00012678181761824128 0.00046770808901525215 -0.0011785110023674152 -0.00037835824416186382 -0.0013894568237489816 0.00051218634209742318 -0.00034809510712990047 -0.0069740621286456085 0.00044000708367913856 -0.00035451341937262141 -0.00041309193367217379 -0.00096810924041945906 -7.4959564244365957e-06 -0.002425813633873996 -0.0044965769282861966 -0.001207844355576486 -0.00067741306757094361
leaf_weight=2815.4042063727975 43831.532578770071 19422.517623439431 40464.080652344972 9582.9953676983714 21438.935432843864 69.348551474511623 5893.7053688243032 38369.988719828427 586.34782398119569 10684.127887547016 12911.006655741483 6550.0317300930619 135.76297664642334 13163.980327848345 45933.669439639896 258.74737907201052 30849.925087768584 33.144638322293758 17647.664433635771 16282.432499662042 9.2608291357755643 8804.1023933328688 7555.3729586862028 16722.516044422984 1319.3139733411372 14029.283043496311 273.8300801999867 7.8009331785142413 1069.4347815662622 966.53688131645322
leaf_count=10329 149069 67256 134497 32323 69364 231 20921 125981 2007 38036 41685 22754 527 42463 157353 941 107307 122 58236 58628 23 29552 26386 57139 5155 45053 934 25 3725 3265
internal_value=-5.73828e-05 -0.000183417 -0.00034223 0.000220447 -0.000514033 -0.000114466 -0.000690475 -0.000371214 -2.31069e-05 -0.000431308 0.000588576 0.000407529 -0.00305265 -0.000262717 0.000532551 -9.37906e-05 -0.0010072 1.57454e-05 4.4396e-05 -0.000112763 -0.00190129 -0.000266047 0.000102296 -0.00132533 -0.00109914 -0.000342063 -0.00264412 -0.00184121 -0.00172184 -0.00167962
internal_weight=387683 324390 232833 91557.4 157327 48192 109135 54349.4 46738.7 25299.8 63292.6 50381.6 1453.28 51534 55775.4 9841.74 54785.5 75506 74394.2 56746.5 1111.84 35782 16359.5 23935.5 18041.8 24713.4 1383.93 1110.1 1102.58 1102.3
internal_count=1311287 1097779 783968 313811 528737 159442 369295 178773 154460 85096 213508 171823 4982 168444 190617 33264 190522 255231 251361 193125 3870 123194 55938 83215 62294 83089 4751 3817 3847 3792
is_linear=0
shrinkage=0.05


Tree=46
num_leaves=31
num_cat=0
split_feature=16 1 6 8 3 1 0 16 4 8 16 16 8 4 1 3 1 1 10 6 8 16 17 1 10 16 16 5 1 9
split_gain=12.4647 8.51141 5.64478 5.22537 4.97608 4.30477 3.722 3.35011 3.33065 3.18435 2.88554 2.85802 2.82939 2.48908 2.45308 2.35681 2.20551 2.13353 2.11982 2.04689 2.02039 1.97236 1.65469 1.60566 1.5515 1.64651 1.81927 1.52807 1.49174 1.9246
threshold=0.76640384685231278 748.50000000000011 0.60355339059327384 8.4272681008362351 1.0000000180025095e-35 353.50000000000006 47.500000000000007 0.83375273960117646 1.5000000000000002 7.7896613911804815 0.90748563302870633 0.68333810207629286 2.9174053685313028 3.5000000000000004 246.50000000000003 1.0000000180025095e-35 157.50000000000003 3831.5000000000005 7.3777448829540324 -0.70710678118654757 3.1984648276080736 0.76654570564470936 0.72406633601923109 2753.5000000000005 8.0656092028552901 0.84649134540172921 0.8470278619941235 -0.37940952255126059 396.50000000000006 2.9700856263602158
decision_type=2 2 2 2 2 2 2 2 2 2 2 2 2 2 2 2 2 2 2 2 2 2 2 2 2 2 2 2 2 2
left_child=5 3 6 4 16 12 -3 8 -8 11 20 -7 -1 18 -6 -10 -2 27 19 -13 -9 -17 -16 -15 25 -22 -27 -4 29 -5
right_child=1 2 17 28 14 9 7 10 15 -11 -12 13 -14 23 22 21 -18 -19 -20 -21 24 -23 -24 -25 -26 26 -28 -29 -30 -31
leaf_value=-4.8555740894269674e-05 -0.00082960300316217153 -0.00028327044354218222 -3.7774685440714056e-05 -0.0014010242142775472 -0.00061846190807242352 0.0038262838552801529 -0.00032275013246610071 -0.00012607506448325534 0.0023314760885080055 -0.0020246673434264353 0.0014578986466147201 -0.00050782061592145736 -0.0010533827766116826 0.00088077564983107056 -0.00015491194436354112 -0.00052301295982406105 2.7371904275361875e-05 0.0018167913421715685 0.001132943610515877 0.0003327167200811207 -0.00020458876070885424 0.00023855039440331754 -0.00037136646132308155 0.0034595007802197351 5.2528490990542273e-05 -0.0013836891813669269 -0.00069125769044684003 0.00042404922032953377 -0.0017011375054926928 -0.0011545512701461537
leaf_weight=5873.5264618620276 2028.9194106943905 53298.835607849061 13650.919355306774 31.39223612472415 2599.656476393342 8179.5163825601339 8389.9000897966325 23167.348387762904 3372.4265314415097 1184.7904368191957 2444.0538891479373 8348.4869977757335 2166.4408199265599 21693.269182145596 24318.190716348588 4976.1636305563152 28208.323882017285 4988.8618750758469 14015.617867462337 16194.648751653731 3113.9727149903774 63191.806705735624 32330.174313481897 7271.2321149259806 2436.8385558351874 240.06441926211119 6836.9310275986791 22943.7185488455 147.68468771502376 39.089223120361567
leaf_count=14708 7162 193713 50326 108 9146 22476 29837 73225 13909 3072 8771 20699 5631 54296 33147 76593 104684 18716 34785 40166 10338 182115 169845 18002 7310 521 23155 84119 577 135
internal_value=-5.37424e-05 -0.000203901 -3.18781e-05 -0.000612468 -0.000593625 0.000481554 -0.00015862 -2.17092e-06 0.000181968 0.000596666 -0.000387071 0.00063692 -0.00061928 0.000529994 -0.000859987 0.000292498 -7.17057e-05 0.000490738 0.000266886 -1.32695e-05 -0.000500565 0.000228667 -0.000791066 0.000880255 -0.00100937 -0.00128038 -0.00170196 0.000358501 -0.00834116 -0.014326
internal_weight=387683 302755 213052 89703.4 89485.3 84927.5 171468 118170 79930.3 76887.6 38239.2 75702.8 8039.97 67523.3 59248 71540.4 30237.2 41583.5 38558.8 24543.1 35795.2 68168 56648.4 28964.5 12627.8 10191 7077 36594.6 218.166 70.4815
internal_count=1311287 1097452 772648 324804 323984 213835 619487 425774 302454 193496 123320 190424 20339 167948 212138 272617 111846 153161 95650 60865 114549 258708 202992 72298 41324 34014 23676 134445 820 243
is_linear=0
shrinkage=0.05


Tree=47
num_leaves=31
num_cat=0
split_feature=16 1 6 8 1 8 1 10 7 8 8 5 1 16 16 8 8 10 16 7 1 9 10 1 8 10 5 7 10 1
split_gain=11.3387 7.80333 4.60815 4.6048 3.84314 3.21005 3.37825 3.27723 3.17867 3.03618 2.82881 2.734 2.69004 2.65571 2.54917 2.49252 2.04493 3.25674 2.7968 2.63525 1.99716 1.9246 1.9235 1.73883 1.68811 1.65057 1.61178 1.57706 1.55464 1.48438
threshold=0.76640384685231278 846.50000000000011 0.25881904510252057 8.4272681008362351 353.50000000000006 1.0000000180025095e-35 246.50000000000003 7.3316652221561238 1.0000000180025095e-35 7.698255979076877 6.048552817139119 -0.60355339059327362 4606.5000000000009 0.72364337447615934 0.91167763378283551 2.9174053685313028 1.0000000180025095e-35 5.751176346912966 0.8423321668866619 1.0000000180025095e-35 396.50000000000006 2.9700856263602158 7.3777448829540324 467.50000000000006 4.3882378946731615 7.5945810933342663 -1.0000000180025095e-35 6.869533931231917 8.0036029533214368 3831.5000000000005
decision_type=2 2 2 2 2 2 2 2 2 2 2 2 2 2 2 2 2 2 2 2 2 2 2 2 2 2 2 2 2 2
left_child=4 3 12 5 15 8 10 27 -2 13 -7 -4 16 -6 22 -1 19 -18 -19 -3 21 -5 -10 -11 -20 26 -15 -8 -26 -13
right_child=1 2 11 20 9 6 7 -9 14 23 -12 29 -14 25 -16 -17 17 18 24 -21 -22 -23 -24 -25 28 -27 -28 -29 -30 -31
leaf_value=-4.6127953849556259e-05 -0.0005558412415631285 -0.00063118626175587072 -0.00014968619168632681 -0.0013309730035636698 0.00214074548727234 -0.00065428153044601908 -0.00032785485499012144 -8.6108201706755488e-05 -0.00010807502385794463 -0.002073898657589713 -0.0012705825985122546 0.00034090958093452935 0.00057195094294663494 -0.00010946148539530965 0.0025173854401312223 -0.0010007136377810984 -0.00043661108362777414 6.1478723198740703e-06 -0.00018772331046468249 0.00013564122326528358 -0.0016563714965202774 -0.001096823706638846 0.00068692230975596564 -0.00175358978499826 -0.00081042048794221578 0.001387116154344243 0.00061281268893647743 -0.00075278487742328414 -0.0002150940942175078 0.0017573663958008788
leaf_weight=5873.5264618620276 2028.064948040992 2350.7350484542549 16404.46822745353 31.39223612472415 23583.311889156699 4238.7348568476737 34656.885737121105 23657.095249455422 34192.730857301503 72.64184445142746 364.81103340163827 35587.797179486603 12151.004378054291 19067.199721209705 1334.7235966399312 2166.4408199265599 23796.175035212189 48955.741492878646 10640.050869241357 34784.486869350076 195.69093699008226 39.089223120361567 3063.5202427096665 1285.7355949953198 4245.5934263020754 14333.392939835787 18545.279743693769 2454.2109154574573 2236.2315475195646 5346.0383779369295
leaf_count=14708 8126 9076 60330 108 59939 15604 127832 86406 119008 189 1460 129980 44653 47981 4543 5631 88282 183647 33955 121287 769 135 10429 3352 14309 35810 46225 10492 7093 19928
internal_value=-5.2571e-05 -0.000195787 -9.12195e-06 -0.000540982 0.000457975 -0.000524488 -0.000741389 -0.000642459 -0.00017541 0.00056674 -0.0020473 0.000368093 -0.000164546 0.000608877 -7.40127e-05 -0.00058216 -0.000232542 -0.000361506 -0.000180883 7.95734e-05 -0.00710923 -0.014326 -0.00015093 -0.00177616 -0.00073093 0.000409107 0.000235119 -0.000935625 -0.00136702 0.000586661
internal_weight=387683 302755 196498 106257 84927.5 105991 65371.7 60768.2 40619 76887.6 4603.55 57338.3 139160 75529.2 38591 8039.97 127009 89873.8 66077.6 37135.2 266.172 70.4815 37256.3 1358.38 17121.9 51945.9 37612.5 37111.1 6481.82 40933.8
internal_count=1311287 1097452 712540 384912 213835 383900 241794 224730 142106 193496 17064 210238 502302 189955 133980 20339 457649 327286 239004 130363 1012 243 129437 3541 55357 130016 94206 138324 21402 149908
is_linear=0
shrinkage=0.05


Tree=48
num_leaves=31
num_cat=0
split_feature=1 16 8 10 7 8 7 1 16 7 16 10 1 8 16 8 8 16 1 16 16 16 3 1 16 10 7 10 7 8
split_gain=10.1808 7.0394 4.65826 5.87592 5.78507 4.12015 3.95314 3.74597 3.23349 3.20891 3.15665 3.08775 2.95057 2.90277 11.5176 3.51834 3.24192 2.84867 2.77957 2.72162 2.70084 2.33951 2.17335 2.16162 2.14817 1.94349 1.85237 1.81086 1.81025 1.78369
threshold=2678.5000000000005 0.76640384685231278 1.0000000180025095e-35 7.3472743445324857 1.0000000180025095e-35 7.850298363023362 10.481293953298048 298.50000000000006 0.8624299788615909 6.590987390102673 0.76654570564470936 6.7186225464380014 176.50000000000003 3.4498615536424366 0.91167763378283551 3.4175922930736511 2.249904835165133 0.75692737795582421 221.50000000000003 0.90374560103526036 0.91167763378283551 0.71230193001861186 1.0000000180025095e-35 646.50000000000011 0.83523104476989685 5.5747840338677612 5.6401308701359305 7.7301819049598004 6.8506555468196231 7.698255979076877
decision_type=2 2 2 2 2 2 2 2 2 2 2 2 2 2 2 2 2 2 2 2 2 2 2 2 2 2 2 2 2 2
left_child=1 6 4 8 -3 12 18 -7 10 19 -4 20 -5 14 -11 16 -16 -2 26 -10 -6 -20 -14 28 -24 -25 -1 -19 -12 -23
right_child=17 2 3 5 11 7 -8 -9 9 13 23 -13 22 -15 15 -17 -18 27 21 -21 -22 29 24 25 -26 -27 -28 -29 -30 -31
leaf_value=-0.00044043269277435279 0.0028966735157073989 -0.00058210581482280317 -0.00080676826784802785 -0.0013756164809133463 -4.4646426527780725e-05 -0.0010679193089254597 -0.0027864190173551824 -0.0011689670497818641 -0.00048381589580625205 -0.00056890613123093193 -0.00030403311768369655 0.00057223609635547248 0.0010400348079268097 -0.00081244404474593033 -0.0045232782448442451 -0.0046507744969226071 0.0021882852709293301 0.00024533217351942335 0.0017336058364925287 0.00028171891314662106 0.0024149317460943473 0.00026156763508666667 8.9012372570046463e-05 -0.00031465275146263589 -0.00027651289801840646 -4.992005525117707e-05 -0.0016302221542721027 0.0015642866365131918 -0.00091601631057177117 -0.0019702037247102274
leaf_weight=2142.0924765616655 12115.068800859153 4704.0108837299049 5344.353355076164 533.88198879361153 64081.11646001786 84.934537880122662 485.96919433772564 2203.2645928859711 12709.597202196717 125.24986031651497 18844.944010689855 14399.645516645163 8732.7551607117057 1597.467415869236 13.261455461382868 22.185642838478088 11.891271397471426 41643.601488426328 15554.849232062697 2600.9022265151143 1637.218164511025 49976.008459627628 37111.122231505811 24133.672070607543 18217.553869321942 36681.501800522208 553.53159084171057 9533.9006753191352 1257.264037810266 629.98562689125538
leaf_count=5353 30006 18565 82418 2004 223417 322 1302 8413 42021 459 56205 49982 33351 5914 36 33 59 150268 40395 9025 5568 124805 140455 73141 58292 109041 1448 33234 4125 1630
internal_value=-4.98493e-05 -0.000163028 -0.000284477 -0.000435315 1.82351e-05 -7.01626e-05 0.000283671 -0.00215523 -0.000671644 -0.00130017 -0.00054719 0.00011829 3.69807e-06 -0.00331575 -0.00947592 -0.030486 -0.017684 0.00053022 0.000315387 -0.00106715 -2.70074e-05 0.00037951 3.45475e-05 -0.000469458 -8.11536e-05 -0.00032088 -0.00125844 0.000367013 -0.00091895 0.00021467
internal_weight=387683 324390 255048 170226 84822 66883.5 69342.4 2288.2 103342 17080.6 86261.7 80118 64595.3 1770.06 172.588 47.3384 25.1527 63292.6 68856.5 15310.5 65718.3 66160.8 64061.4 80917.4 55328.7 60815.2 2695.62 51177.5 20102.2 50606
internal_count=1311287 1097779 922846 625314 297532 242837 174933 8735 382477 57547 324930 278967 234102 6501 587 128 95 213508 173631 51046 228985 166830 232098 242512 198747 182182 6801 183502 60330 126435
is_linear=0
shrinkage=0.05


Tree=49
num_leaves=31
num_cat=0
split_feature=4 16 6 16 16 5 1 6 8 1 1 16 5 1 9 10 8 8 8 18 8 10 8 3 1 17 8 12 10 8
split_gain=10.8248 10.7267 5.98554 4.09334 3.95676 3.54636 3.18417 2.81996 2.71631 2.72151 2.53781 2.17566 1.89512 1.7827 1.75385 2.7533 5.06232 8.08104 1.74852 1.68007 1.60905 1.58642 2.04494 1.52391 1.45241 1.45241 1.26861 1.29216 1.32266 1.24864
threshold=3.5000000000000004 0.87093098878569231 0.25881904510252057 0.91167763378283551 0.79837705762624855 -0.37940952255126059 4606.5000000000009 0.25881904510252057 7.7395768305489003 221.50000000000003 675.50000000000011 0.70095262182836504 -0.37940952255126059 604.50000000000011 1.0000000180025095e-35 6.7390887783039695 3.4498615536424366 3.4175922930736511 2.249904835165133 0.97916666666666674 7.6584635422148262 7.4931540695953087 7.6584635422148262 1.0000000180025095e-35 3595.5000000000005 0.64991817661828988 2.524928003624769 1.0000000180025095e-35 0.80344726361328889 2.0126758453675748
decision_type=2 2 2 2 2 2 2 2 2 2 2 2 2 2 2 2 2 2 2 2 2 2 2 2 2 2 2 2 2 2
left_child=2 6 3 4 8 -4 7 21 9 29 23 -11 -9 20 -5 16 17 18 -16 -13 -7 26 -23 -6 -3 -22 27 28 -2 -1
right_child=1 24 5 14 10 13 -8 12 -10 11 -12 19 -14 -15 15 -17 -18 -19 -20 -21 25 22 -24 -25 -26 -27 -28 -29 -30 -31
leaf_value=-0.0004854693890826753 0.00058816084834111904 -0.00059767981549192642 -0.00017935363447391524 0.0018183787918341675 -0.00031441975969409634 -3.6335655234780513e-05 0.0019160621070430331 0.00022874956612805935 -0.0014831785394778694 0.0019160250049027661 -0.00024428924508369186 -0.00038072773351700704 0.0010973082595445779 0.00042864470725755417 -0.0038292435916340972 0.0003479277483331919 2.2495652348326901e-05 -0.0047403942023953255 0.0019251433830928756 -1.8085863589036023e-05 -0.0016620506252851123 0.00073313935249549184 -0.0012585988152008694 -0.00036693102033136216 0.0011434182233985804 -0.00094330936122616652 -0.00018418214348961683 -0.00056900373070783994 7.3757593847083303e-05 -0.001307912008092263
leaf_weight=1832.6753355190158 8621.4638335630298 8136.2231581658125 28125.831266850233 3281.0217829793692 9230.7830021828413 10902.777446053922 11327.930384185165 12840.002283215523 1030.486883495003 6133.1612973436713 70185.816809743643 15133.476288449019 18892.921603374183 33496.640002518892 6.2394102662801769 940.17571797221899 90.466366067528725 20.479028418660164 24.681392759084702 53254.297666937113 18.121058642864227 19819.394496284425 1110.2961498424411 19129.047597944736 606.00579316914082 101.37808308005333 19696.278321299702 1346.9592186771333 31503.637309867889 844.13231136277318
leaf_count=6334 28646 28228 96698 11108 28058 36966 38161 44228 3923 16307 212680 148443 64645 114362 19 3409 363 33 96 117694 23 65211 3716 57078 2184 435 70567 5168 103380 3124
internal_value=-4.71816e-05 0.00031655 -0.000239095 -0.000392871 -0.000430213 0.000144342 0.000434824 0.000355266 -0.000164711 -0.00013067 -0.000640975 -7.44048e-05 0.000755555 0.000422018 0.00112006 -0.000625574 -0.00711849 -0.019649 -0.0035146 -0.000155311 -0.000129553 0.000200545 0.000576291 -0.00104014 -0.00137674 -0.00589995 7.19775e-05 0.0002289 0.000280035 -0.00169707
internal_weight=387683 133901 253782 181137 176774 72644.7 125159 113831 78228.2 77197.7 98545.6 74520.9 31732.9 44518.9 4363.06 1082.04 141.866 51.3998 30.9208 68387.8 11022.3 82098 20929.7 28359.8 8742.23 119.499 61168.3 41472.1 40125.1 2676.81
internal_count=1311287 454134 857153 608669 593641 248484 423722 385561 295825 291902 297816 282444 108873 151786 15028 3920 511 148 115 266137 37424 276688 68927 85136 30412 458 207761 137194 132026 9458
is_linear=0
shrinkage=0.05


Tree=50
num_leaves=31
num_cat=0
split_feature=4 16 6 16 16 4 16 5 6 9 10 7 7 10 0 8 4 10 9 10 8 16 16 16 16 16 16 10 8 8
split_gain=10.7563 9.76862 5.66818 3.87889 3.73503 3.40411 3.31318 3.31293 2.93458 1.99011 2.12671 4.70232 9.22689 1.97986 2.32163 2.06034 1.87455 1.76275 2.65345 1.74912 2.44047 1.71759 1.92068 2.97963 2.14818 2.17142 2.09317 1.60314 1.59946 1.55633
threshold=3.5000000000000004 0.86486683785997276 0.25881904510252057 0.90374560103526036 0.82340483352627902 1.5000000000000002 0.82365261305926685 -0.37940952255126059 0.25881904510252057 1.0000000180025095e-35 6.7390887783039695 6.6260550586284914 6.6637708581706061 7.2846924547368088 64.500000000000014 5.6716020950760067 1.5000000000000002 6.3969000025906384 2.0126758453675748 7.9613966382746204 8.1059111524599299 0.81759950385457481 0.80530725634941192 0.80570143096500557 0.79886474335522972 0.79837705762624855 0.81055355588102429 5.8317312297695052 2.8617925509761908 7.3546821257633672
decision_type=2 2 2 2 2 2 2 2 2 2 2 2 2 2 2 2 2 2 2 2 2 2 2 2 2 2 2 2 2 2
left_child=2 8 3 4 5 21 16 29 13 -5 11 -11 -13 14 -2 -15 -6 -7 -19 20 28 22 24 -24 25 -1 -25 -10 -8 -4
right_child=1 -3 7 9 6 17 19 -9 27 10 -12 12 -14 15 -16 -17 -18 18 -20 -21 -22 -23 23 26 -26 -27 -28 -29 -30 -31
leaf_value=-0.00033694765860657204 -7.7327556073129858e-05 -0.00046640646785443032 -0.00014208170848242844 0.0013034480428219021 -0.00079610766393012832 -0.00022044056367473907 -0.00026753062484431191 0.00026683936377735546 0.00033231031757015935 0.00055027744343865987 2.0245956638215851e-05 -0.004503374492275559 -0.0019893817810997688 0.0009803655209400491 0.00040951446677554436 -0.00011102335776212447 0.00033245883690435148 0.00023544086459364525 -0.00047227678023252577 3.3010042536434082e-05 -0.001291072900805779 0.00033966248240030613 -0.00098395700808212583 0.00032008537132754283 0.0016128668673753219 -0.0011605960569126799 -0.00050805003438222473 0.0013281037306620358 -0.00044520561211547214 -0.0014907432082175037
leaf_weight=12411.550944447517 37568.183585684747 11348.136781424284 27433.601836711168 4318.9703714326024 818.04059647768736 44380.280177112669 36398.789319932461 44541.171016316861 13518.025841716677 117.95288551598787 1259.8891615048051 21.966901727020741 60.210005410015583 20821.892775923014 23012.944734439254 6813.5990277938545 223.27651389688253 38140.294172309339 11166.22072879225 6856.9852925762534 132.58347553014755 1403.058173365891 837.2700566649437 1331.8192417323589 872.98771195113659 392.40959437936544 3917.4385713040829 20659.924778457731 15973.912016071379 699.39839753136039
leaf_count=49484 128537 39037 94063 14630 1728 156772 114591 151735 47710 415 4431 37 273 68158 77564 23133 630 130675 39591 20997 448 5237 1174 2959 1993 601 9154 69815 53110 2483
internal_value=-4.98664e-05 0.000312982 -0.000241141 -0.000390879 -0.000432906 -0.000265512 -0.000751194 0.000131864 0.000443099 0.00088366 -0.000712194 -0.0055002 -0.0146825 0.000290708 0.000130723 0.000641417 -0.00354711 -0.000136127 6.96372e-05 -0.000702148 -0.00080023 -0.000838195 -0.000958203 -0.00169709 -0.000629384 -0.000793007 -0.00125526 0.000836435 -0.000783079 -0.00029291
internal_weight=387453 133743 253710 181036 175257 114853 60403.6 72674.2 122395 5778.99 1460.02 200.13 82.1769 88216.6 60581.1 27635.5 1041.32 93686.8 49306.5 59362.3 52505.3 21166.5 19763.5 6086.53 13676.9 12804 5249.26 34178 52372.7 28133
internal_count=1311165 453954 857211 608930 589144 397640 191504 248281 414917 19786 5156 725 310 297392 206101 91291 2358 327038 170266 189146 168149 70602 65365 13287 52078 50085 12113 117525 167701 96546
is_linear=0
shrinkage=0.05


Tree=51
num_leaves=31
num_cat=0
split_feature=4 16 1 3 1 8 16 0 1 7 1 8 5 3 16 16 1 1 7 8 1 17 16 9 17 8 16 4 4 8
split_gain=9.64105 8.60944 5.11151 4.85461 4.75278 3.39387 2.64474 2.57126 2.16093 2.10245 2.057 2.41165 2.01297 1.99088 1.79144 3.03314 1.74464 1.69565 1.60199 1.50939 1.48174 1.46664 1.37341 1.33806 1.75665 1.29451 1.28652 2.08844 2.06642 1.56783
threshold=3.5000000000000004 0.86486683785997276 317.50000000000006 1.0000000180025095e-35 893.50000000000011 6.048552817139119 0.73733268991567924 47.500000000000007 2917.5000000000005 1.0000000180025095e-35 611.50000000000011 4.3241107269113215 -0.60355339059327362 1.0000000180025095e-35 0.90056769624314192 0.83523104476989685 2678.5000000000005 854.50000000000011 10.481293953298048 0.89587973461402759 4022.5000000000005 0.68761242875147521 0.85943965931063915 4.0163424379838117 0.71520748940142131 8.4272681008362351 0.84373940648526213 1.5000000000000002 1.5000000000000002 8.2423614529731406
decision_type=2 2 2 2 2 2 2 2 2 2 2 2 2 2 2 2 2 2 2 2 2 2 2 2 2 2 2 2 2 2
left_child=2 6 5 14 12 22 -2 -6 19 -8 11 -11 -5 -12 15 17 -15 -4 -7 -9 -3 -14 -1 24 -20 -13 28 -28 -21 -29
right_child=1 20 3 4 7 18 9 8 -10 10 13 25 21 16 -16 -17 -18 -19 23 26 -22 -23 -24 -25 -26 -27 27 29 -30 -31
leaf_value=-0.00047048321459272521 0.0020339214114927793 -0.00047600621347131458 0.00032659515495508246 -0.0003638996041514062 -0.00024134479477017358 -0.00087545426611498065 -0.00062495558887287999 0.0001746436209037132 0.00057360178594465937 4.220005895303261e-05 0.0019859569921588834 -0.00078661628612460607 -2.2088104564621863e-05 0.00017835467486462879 0.0032371485375699838 -0.00055561164281429584 0.0009479635450035718 0.002290675586879795 -0.002245363901634061 -0.00042885756986391771 0.0013536048654268482 -0.00025985035427321775 4.1988976783761959e-05 -0.0010066918665944981 -0.00083281697007563668 -0.0015194125060158745 0.0014241502125878298 -0.00041949701258919559 4.6033614990462911e-05 -0.002341860718080708
leaf_weight=14721.095897838473 16139.158577077091 10732.431982018054 15816.024675190449 22397.555452842265 45448.086068175733 841.56869140267372 1801.9568436034024 24928.534489065409 20060.345468536019 13818.02877086401 5790.0001269429922 2404.4246246367693 18247.944346308708 58964.904077216983 1896.160477861762 5930.8013390824199 23438.12644155696 4916.814749006182 6.3434484004974347 5946.2439625933766 615.70479940623045 25936.563998226076 2988.1274696663022 42.713510304689407 7.9508822411298752 37.971282117068768 1249.0135308727622 9692.3881155177951 32541.478761769831 94.321827791631222
leaf_count=49115 39938 36833 54144 76158 155687 2998 7129 82205 67670 48129 21151 9230 23969 206833 6497 18487 82370 16838 8 20503 2204 125139 9488 148 51 137 3816 31580 112423 287
internal_value=-4.68912e-05 0.000296632 -0.000227979 -0.00016484 -0.000249328 -0.00102571 0.000418785 -8.38973e-05 6.47146e-05 0.000328203 0.000357415 -0.000159331 -0.000597074 0.000452689 0.000446166 0.000340565 0.000389718 0.000625787 -0.00402344 -5.93871e-05 -0.00102084 -0.000401336 -0.000873604 -0.0121349 -0.0253765 -0.00160769 -0.000219113 -0.000695033 -8.26507e-05 -0.000940756
internal_weight=387453 133743 253710 235102 206542 18607.8 122395 139960 94512.3 106255 104453 16260.4 66582.1 88193 28559.8 26663.6 82403 20732.8 898.577 74452 11348.1 44184.5 17709.2 57.0078 14.2943 2442.4 49523.4 11035.7 38487.7 9786.71
internal_count=1311165 453954 857211 795403 699437 61808 414917 474171 318484 374979 367850 57496 225266 310354 95966 89469 289203 70982 3205 250814 39037 149108 58603 207 59 9367 168609 35683 132926 31867
is_linear=0
shrinkage=0.05


Tree=52
num_leaves=31
num_cat=0
split_feature=1 16 8 3 6 1 1 0 1 5 10 5 16 0 8 16 7 16 3 16 7 1 10 9 8 10 9 10 9 17
split_gain=8.17657 5.73887 5.58329 4.60214 4.56188 3.9062 3.15637 2.99833 2.4561 2.4541 2.2127 2.19708 1.93944 1.87311 1.7991 2.28345 1.79888 1.79794 2.16884 1.67782 1.5639 1.92241 1.4935 1.38356 1.36889 1.35435 1.35402 1.2969 1.28147 1.91251
threshold=893.50000000000011 0.74201131889676508 6.2547894266644208 1.0000000180025095e-35 0.25881904510252057 317.50000000000006 298.50000000000006 49.500000000000007 221.50000000000003 -0.37940952255126059 7.1736726191874567 0.12940952255126045 0.73379547857688465 139.50000000000003 8.4272681008362351 0.81634941973475705 10.791892978568784 0.85472328363330063 1.0000000180025095e-35 0.89781489096933687 5.5194569071634776 157.50000000000003 5.8817821543845819 1.7005986908310777 1.4978661367769956 7.9292096708947346 3.3497501700808394 7.9179619986492931 5.9414853139235673 0.65306806413895013
decision_type=2 2 2 2 2 2 2 2 2 2 2 2 2 2 2 2 2 2 2 2 2 2 2 2 2 2 2 2 2 2
left_child=2 22 3 5 7 20 14 -3 -5 -6 24 12 -10 16 -4 -16 25 18 -9 -19 -1 26 -2 -15 -7 -8 -22 -20 -18 -30
right_child=1 4 6 8 9 10 13 17 11 -11 -12 -13 -14 23 15 -17 28 19 27 -21 21 -23 -24 -25 -26 -27 -28 -29 29 -31
leaf_value=-0.00018489711670814716 0.0004161063376128066 -0.00024853547337940488 -0.00089896823880235884 -0.00065610909438945067 1.6498501480567698e-05 0.0002774653299938118 -0.00083852156279399202 0.0022068823523813661 0.00053966979431072928 0.00054893922034063021 0.0014518079522222256 -5.8929527104473192e-05 -0.000263254474744757 -0.0047235711119832319 -0.00043006859789089248 -0.0014450579431890967 -0.00093029961410627873 -0.00033367369121035592 1.2933144167139033e-05 0.00060748432040956535 -0.0016488765211140786 -0.00094363774125846779 0.0026484953046190529 -0.0020436255952248359 -0.00039631223234300395 -0.00033037262107846015 -0.0015566982882457133 0.00061841349474707073 -0.0036497721536543695 -0.0019901999701801079
leaf_weight=13396.964129742235 8145.9373414739966 52560.045261804014 755.14921040460467 1905.7582907602191 24942.716221351177 14347.082608666271 2892.2811641357839 3328.0618150383234 3574.0661594048142 37300.839750222862 10323.889011185616 37537.411130622029 48767.510728660971 6.0936838723719147 28.653391793370247 19.811170607805252 297.71030337363482 12616.027656108141 68505.559741575271 2593.4346907883883 375.9793238863349 2052.2281033955514 18346.841748327017 18.669438220560551 6535.4449517317116 4075.5645723640919 15.725067116320131 12056.550090663135 24.899847686290741 105.87808315083385
leaf_count=43500 20614 184898 2733 6345 88536 47394 11092 12211 9066 131497 34313 126254 168661 19 91 64 1042 40867 241724 9111 1346 7295 45412 53 23208 13513 54 39804 31 417
internal_value=-4.43074e-05 0.000135342 -0.000337983 -0.000262995 4.93661e-05 0.000139095 -0.00160376 -9.85602e-05 -0.0004691 0.000409796 0.000463694 -0.000431437 -0.000640787 -0.00128143 -0.00458031 -0.0139188 -0.00123547 6.33471e-05 0.00015403 -0.000436826 -0.000500363 -0.00166353 0.00082951 -0.0150099 0.000167662 -0.0010421 -0.00487336 0.000102357 -0.00437991 -0.00850548
internal_weight=387453 240396 147057 138832 213903 47047.3 8224.71 151660 91784.7 62243.6 31206.4 89879 52341.6 7421.1 803.614 48.4646 7396.33 99099.6 83890.2 15209.5 15840.9 2443.93 26492.8 24.7631 20882.5 6967.85 391.704 80562.1 428.488 130.778
internal_count=1311165 814674 496491 467436 748648 157110 29055 528615 310326 220033 104915 303981 177727 26167 2888 155 26095 343717 293739 49978 52195 8695 66026 72 70602 24605 1400 281528 1490 448
is_linear=0
shrinkage=0.05


Tree=53
num_leaves=31
num_cat=0
split_feature=1 8 10 8 7 8 1 1 10 7 1 3 10 7 8 10 10 1 10 0 10 7 8 10 9 7 9 1 10 0
split_gain=7.8598 5.27308 6.37091 4.18065 5.25602 3.65684 4.20528 3.63965 3.33265 2.63548 2.14648 2.02393 1.8127 2.2058 1.79179 1.58724 1.58065 1.56897 1.43957 1.41895 1.40639 1.33984 4.52886 1.2871 1.28682 1.27525 1.24882 1.23044 1.11607 1.07089
threshold=2158.5000000000005 6.3534997185584592 7.3316652221561238 1.2424533248940002 1.0000000180025095e-35 2.1383330595080281 234.50000000000003 344.50000000000006 7.7168148692138958 1.0397207708399181 632.50000000000011 1.0000000180025095e-35 7.9292096708947346 8.9835024873652198 8.4272681008362351 5.6929629503794645 5.8317312297695052 6033.5000000000009 0.098905681065719467 66.500000000000014 8.4036835615819729 7.4958196445301075 2.0126758453675748 7.9397739131828367 6.0246567833931746 7.5205054857687132 1.0000000180025095e-35 984.50000000000011 4.4298085208830411 49.500000000000007
decision_type=2 2 2 2 2 2 2 2 2 2 2 2 2 2 2 2 2 2 2 2 2 2 2 2 2 2 2 2 2 2
left_child=1 2 3 4 -1 20 -7 14 17 29 21 -8 13 -9 26 18 -12 19 -11 -2 -4 -5 -23 -13 -14 -10 -3 -26 -20 -6
right_child=8 7 5 10 9 6 11 12 25 15 16 23 24 -15 -16 -17 -18 -19 28 -21 -22 22 -24 -25 27 -27 -28 -29 -30 -31
leaf_value=-0.00055859529764203802 -7.0473349675631577e-05 -0.0016095035236542651 0.00066670561417243141 -0.00033636659576923787 1.7442146198735908e-05 -0.0012606874941311309 0.00116113700449468 -0.00059425195406548207 0.0020097424324611842 3.2030417847805222e-05 -0.00031779703893088096 -0.00014762017141862276 -0.00016696341640862062 -0.0016929501302466394 -0.0008904579015028357 0.00011889666107220698 -8.580588865288592e-05 0.00094594596402869109 -0.00032679893767912049 0.00046827770591778496 -0.0038255424193948673 -0.0038224854317693091 -0.00093100148012702395 0.00023300925787962321 -0.0021213018739691075 0.00072649395054823207 -0.00079126468486317991 -0.00038822808209035276 -6.7377508091530372e-05 0.00042587738053523479
leaf_weight=5197.6702058203518 37444.689502239227 50.915231965482235 21651.994437959045 24535.819461923093 10378.672164116055 1325.0711926557124 8686.576480306685 5531.4349888786674 11525.533939011395 19045.17551028356 27950.342254135758 24926.302880827338 9158.3358639515936 1216.9447252564132 73.243924897164106 26047.149238146842 38289.359279975295 11392.545495886356 20568.083261780441 21403.258265346289 31.304196357727051 8.1189493276178819 616.46465192735195 20759.993885297328 301.57495101168752 7060.4488053694367 966.50140192732215 405.88788793608546 14009.353127773851 16894.018525842577
leaf_count=19458 128951 180 69331 85874 33441 4462 29579 20671 36721 64013 101537 87079 30148 4850 243 84546 131810 38817 69152 72439 58 19 2462 66124 1016 23600 3477 1416 46351 53340
internal_value=-4.32582e-05 -0.00016608 -0.000113333 -0.000260148 -5.55701e-05 0.000272843 5.8382e-05 -0.001003 0.000369655 1.98952e-05 -0.000511148 0.000126205 -0.000819322 -0.0014508 -0.003801 -0.00012533 -0.000361814 0.000212115 -0.000280873 0.00010814 0.000823729 -0.000904301 -0.00319118 -6.81234e-06 -0.000387379 0.000965036 -0.00325725 -0.00244194 -0.000473142 0.000444131
internal_weight=387453 298626 280921 203540 112140 77381.2 55697.9 17704.8 88826.5 106942 91400.1 54372.9 16614.2 6748.38 1090.66 79669.8 66239.7 70240.5 53622.6 58847.9 21683.3 25160.4 624.584 45686.3 9865.8 18586 1017.42 707.463 34577.4 27272.7
internal_count=1311165 1010637 948636 692003 370301 256633 187244 62001 300528 350843 321702 182782 58101 25521 3900 264062 233347 240207 179516 201390 69389 88355 2481 153203 32580 60321 3657 2432 115503 86781
is_linear=0
shrinkage=0.05


Tree=54
num_leaves=31
num_cat=0
split_feature=4 16 6 16 16 16 5 4 6 8 8 7 10 0 8 4 16 16 16 16 16 16 17 5 17 4 16 5 16 0
split_gain=8.41412 7.31001 4.71238 3.36209 2.98684 2.79757 2.73893 2.66318 2.65895 2.06451 5.90664 8.56467 1.63 1.76109 1.75763 1.60532 1.49734 1.57164 2.14194 1.86807 1.78004 2.19827 1.46171 1.45592 1.4296 1.53478 2.90721 2.02056 1.44186 1.42734
threshold=3.5000000000000004 0.85076214567902253 0.25881904510252057 0.90056769624314192 0.82340483352627902 0.82365261305926685 -0.37940952255126059 1.5000000000000002 0.25881904510252057 3.4175922930736511 3.4498615536424366 6.6457407421766872 7.2846924547368088 64.500000000000014 5.6716020950760067 1.5000000000000002 0.81759950385457481 0.80530725634941192 0.80570143096500557 0.80943535476948147 0.79886474335522972 0.79837705762624855 0.66690025027010624 -0.60355339059327362 0.68761242875147521 1.5000000000000002 0.82922542429719359 -0.25881904510252113 0.82872382376875298 47.500000000000007
decision_type=2 2 2 2 2 2 2 2 2 2 2 2 2 2 2 2 2 2 2 2 2 2 2 2 2 2 2 2 2 2
left_child=2 8 3 4 7 15 -4 16 12 -5 11 -11 13 -2 -14 -6 17 20 22 -20 21 -1 -19 -10 25 26 27 28 -7 -9
right_child=1 -3 6 9 5 24 -8 29 23 10 -12 -13 14 -15 -16 -17 -18 18 19 -21 -22 -23 -24 -25 -26 -27 -28 -29 -30 -31
leaf_value=-0.00031101809020060993 -6.2270735083542333e-05 -0.0002874848655368578 -0.00015471058062517808 0.0011634163497587795 -0.00073539804420347634 0.00069202183707607026 0.00024336157841016242 -0.00024916748772385691 0.00024783350539959033 0.0038243597172193445 -9.2907271424849674e-05 -0.0044034292531346681 0.00096692918087269849 0.00040527946608462308 -7.0914684353499954e-05 0.00029553317733207324 0.00036108722759735476 -0.00096537350140151195 0.00035030307820559174 -0.00044862989628252186 0.0015059995683724577 -0.0010789443479695044 0.0016561709437232517 0.0012429657405113245 -0.00033060207946339001 -0.00022212970185035155 0.0011255089756418706 0.00023375216880753316 -0.0015587393747513577 8.8504827950447451e-06
leaf_weight=12411.550944447517 35255.182358492166 18399.807394772768 28133.000234242529 4473.6304545104504 818.04059647768736 79.372385203838348 44541.171016316861 31672.542695090175 9232.8392938226461 23.578510046005249 1925.8724679201841 22.213645085692406 19819.072113893926 21622.971067041159 6522.8391845338047 223.27651389688253 1403.058173365891 748.44105696678162 1171.8015725165606 4077.4562405198812 872.98771195113659 392.40959437936544 88.828999698162079 22889.996112883091 37612.217878825963 18384.107273638248 2072.3925849795341 295.62486499547958 252.2493644952774 62014.252383124083
leaf_count=49484 121225 61061 96546 15151 1728 103 151735 112135 32024 69 6730 38 65054 73277 22216 630 5237 949 2333 9780 1993 601 225 79097 158981 24400 2756 384 320 214903
internal_value=-4.14386e-05 0.000279483 -0.000210612 -0.000347142 -0.000388542 -0.000675299 0.000129494 -0.000239395 0.000427123 0.000774312 -0.000573628 -0.0183213 0.000277973 0.000127382 0.000603134 -0.00324422 -0.000745933 -0.000857983 -0.00152636 -0.00115176 -0.000560539 -0.000709483 -0.00387495 0.000813523 -0.000629725 -0.000300143 0.000813093 -0.00216935 -0.00484874 -0.000124953
internal_weight=387453 133743 253710 181036 174591 59737.3 72674.2 114853 115343 6445.3 1971.66 45.7922 83220.1 56878.2 26341.9 1041.32 21166.5 19763.5 6086.53 5249.26 13676.9 12804 837.27 32122.8 58696 21083.7 2699.64 627.247 331.622 93686.8
internal_count=1311165 453954 857211 608930 586942 189302 248281 397640 392893 21988 6837 107 281772 194502 87270 2358 70602 65365 13287 12113 52078 50085 1174 111121 186944 27963 3563 807 423 327038
is_linear=0
shrinkage=0.05


Tree=55
num_leaves=31
num_cat=0
split_feature=4 16 1 16 16 6 5 10 6 10 0 1 1 1 17 1 16 4 4 16 5 16 17 10 0 4 16 16 16 16
split_gain=7.2335 5.60473 4.0019 4.42288 3.46715 3.21435 3.18595 2.73766 2.64701 1.89834 1.79363 1.47719 1.38628 1.29965 1.20273 1.20222 1.14919 3.11859 1.93621 1.42567 2.20236 1.30747 1.19365 1.1251 1.09825 1.09481 1.74001 1.53391 1.1205 1.02416
threshold=3.5000000000000004 0.86985364382818464 396.50000000000006 0.72364337447615934 0.91167763378283551 0.78656609248549303 0.60355339059327384 6.3297016685451188 0.60355339059327384 7.5660670078195009 58.500000000000007 3595.5000000000005 131.50000000000003 234.50000000000003 0.65266048731061865 4022.5000000000005 0.8423321668866619 1.5000000000000002 1.5000000000000002 0.83561204850757254 -0.70710678118654735 0.83744152111093351 0.76994110842690078 8.0036029533214368 63.500000000000007 1.5000000000000002 0.84649134540172921 0.84300269948124729 0.83561204850757254 0.87606775566422657
decision_type=2 2 2 2 2 2 2 2 2 2 2 2 2 2 2 2 2 2 2 2 2 2 2 2 2 2 2 2 2 2
left_child=2 8 29 -4 5 6 7 24 9 10 12 13 -2 -11 -8 -10 18 -18 19 -9 21 -21 -19 -16 -5 27 -27 28 -7 -1
right_child=1 -3 3 4 -6 25 14 16 15 11 -12 -13 -14 -15 23 -17 17 22 -20 20 -22 -23 -24 -25 -26 26 -28 -29 -30 -31
leaf_value=-0.00035944334273389365 -0.0019613594435552149 -0.00037842624749963305 0.0016350039609013226 -0.00034820006569084226 0.0012853701591213776 -0.00025380164701991893 0.00035244241250198885 -0.00028205209024024445 0.00070008449005530278 -0.0011928776146271558 0.00029206957130359644 0.0038282284588536486 -6.7341079061715445e-05 0.00056572353255045227 -8.2916990623604919e-05 0.0030715588967039063 0.00092036830717956571 -0.00015230752199324669 3.912463767839075e-05 -0.0018334575380985355 -4.5099363120965076e-05 -0.0013353886985765261 -0.00059793465862238238 0.00055935874821880086 -0.00019995433134199493 0.00053564270039860307 -0.000182576398678138 0.0017365989776357651 -0.0014267632515893112 3.0742219576642206e-05
leaf_weight=26438.47485506162 130.65734752640128 9169.2782785594463 13442.134448677301 41020.405751850456 5026.4626682251692 3656.6918254308403 9211.0918644666672 7860.4650593623519 20056.110320225358 283.53746005520225 38196.539937846363 3220.1082593612373 39641.76594318822 20178.96605348587 38058.39274578169 2857.4561285637319 1912.9255044832826 5787.9526887536049 42616.483816854656 139.81526465713978 212.67074144631624 71.321596905589104 7117.0927067697048 4587.9007933549583 20473.974669579417 17188.834509361535 4835.257938452065 767.88191897422075 264.80251355469227 3253.1942888721824
leaf_count=87985 392 31958 34357 142471 17203 13016 11543 27487 69186 913 128844 10529 135867 66361 148917 9753 5563 8208 148542 519 863 339 32960 16407 70028 60827 16006 2385 1090 10833
internal_value=-3.73776e-05 0.000260238 -0.000194111 -0.000121887 -0.000177958 -0.000209649 -0.000285974 -0.000420627 0.000348058 0.000238628 0.000119544 0.000630682 -0.000115472 0.000474033 4.43488e-05 0.000833526 -0.000196255 -0.000583771 -8.34438e-05 -0.000782875 -0.00360771 -0.00722515 -0.000863041 -6.75597e-05 -0.000660411 0.000301983 0.000449683 -0.000391706 -0.000791866 -0.000739599
internal_weight=387679 133734 253944 224253 210810 205784 179070 127213 124565 101652 77969 23682.6 39772.4 20462.5 51857.4 22913.6 65718.7 14818 50900.8 8284.27 423.808 211.137 12905 42646.3 61494.4 26713.5 22024.1 4689.38 3921.49 29691.7
internal_count=1311352 453803 857549 758731 724374 707171 613847 436980 421845 342906 265103 77803 136259 67274 176867 78939 224481 46731 177750 29208 1721 858 41168 165324 212499 93324 76833 16491 14106 98818
is_linear=0
shrinkage=0.05


Tree=56
num_leaves=31
num_cat=0
split_feature=1 8 3 1 1 10 16 18 1 6 4 9 10 6 5 1 13 16 4 16 1 8 0 16 8 10 0 8 8 0
split_gain=6.77707 4.93147 4.46732 4.82608 4.35027 3.41985 3.08706 3.69301 2.27628 2.23803 1.98382 1.82457 1.76798 1.68504 1.79209 1.62419 1.61255 1.55103 1.45939 1.45766 1.44433 1.36728 1.21728 1.19268 1.19074 1.64945 1.27119 1.1742 1.12413 1.08522
threshold=2003.5000000000002 8.4272681008362351 1.0000000180025095e-35 388.50000000000006 475.50000000000006 7.7168148692138958 0.78674518472911437 0.93750000000000011 396.50000000000006 0.78656609248549303 1.5000000000000002 1.7005986908310777 7.2846924547368088 0.78656609248549303 0.60355339059327384 157.50000000000003 1.0000000180025095e-35 0.81759950385457481 4.5000000000000009 0.88082740402785908 246.50000000000003 1.4978661367769956 28.500000000000004 0.77792824209143629 3.5408542930527882 6.8535334408403505 43.500000000000007 4.4829865921051741 8.6112298167715426 63.500000000000007
decision_type=2 2 2 2 2 2 2 2 2 2 2 2 2 2 2 2 2 2 2 2 2 2 2 2 2 2 2 2 2 2
left_child=1 2 3 15 20 9 7 -6 11 18 -9 17 21 14 -8 27 22 -3 29 -13 -4 -5 -12 28 25 26 -17 -1 -7 -2
right_child=5 8 4 12 6 23 13 10 -10 -11 16 19 -14 -15 -16 24 -18 -19 -20 -21 -22 -23 -24 -25 -26 -27 -28 -29 -30 -31
leaf_value=-0.00056930304300631255 -0.0001974339721521376 -0.00077032672007801425 -0.00051882882559230463 0.0006167494634382397 -0.00044860545389552591 0.0031739814396435973 -0.0002172621297814051 -0.00027937788362792721 -0.0015596333079384243 0.0010815836994676018 -0.0006559235535883918 -0.00072997020515563947 0.0015617523985193803 8.6612828396968877e-05 -3.4871386319962686e-05 -0.00062776799836146988 -0.0010583356439524863 -0.0012412025616897406 0.00058392206068521582 -0.0023441564105068841 -0.00025860332137510566 -0.00027402361849555786 0.00046150085946189759 0.00074983953701308621 -0.00080741502791121557 0.0009217767265989941 1.5231177428220999e-05 -0.0010902474270752306 -0.0040867551749038823 0.00022266289987302735
leaf_weight=2653.5298499651253 32339.625174477696 8.3411817811429518 3139.0205477513373 15527.672067910433 9794.3402431569993 8373.3225824460387 82210.03206449002 6273.1756144836545 884.99694058671594 10204.697797838598 2035.0214304067194 77.046677023172379 12460.795341577381 17056.101964667439 32919.998033963144 3455.3069662116468 817.99908853694797 8.140196353197096 14828.136617697775 9.9369001537561399 22647.432531185448 7836.4090704806149 52133.004602689296 12376.441132955253 3209.4774645753205 4378.0270740836859 8617.4141146838665 238.09607903659344 110.13851134851575 21054.970037169755
leaf_count=8451 110884 30 10605 51104 137266 30406 249952 15382 3109 35460 5090 251 41750 52645 99733 11341 2227 23 50368 35 76558 27874 127759 36873 11423 14309 28017 863 406 71158
internal_value=-3.70007e-05 -0.000159663 -0.000147537 0.000242917 -0.000247061 0.000319286 -0.00016944 9.63496e-05 -0.00368526 0.000167947 0.000240484 -0.0107027 0.000603617 -0.000312309 -0.000381021 -0.000330074 0.000336591 -0.0259564 6.46463e-05 -0.00781245 -0.000858839 0.000347101 0.000369865 0.000888276 -0.000167342 4.53167e-06 -0.000296965 -0.0014365 0.00134493 -5.72205e-05
internal_weight=387679 288391 287403 58376.7 229026 99287.3 203240 71053.5 988.462 78427.4 61259.2 103.465 35824.9 132186 115130 22551.9 54986 16.4814 68222.7 86.9836 25786.5 23364.1 54168 20859.9 19660.2 16450.7 12072.7 2891.63 8483.46 53394.6
internal_count=1311352 975797 972349 195132 777217 335555 690054 287724 3448 267870 150458 339 120728 402330 349685 74404 135076 53 232410 286 87163 78978 132849 67685 65090 53667 39358 9314 30812 182042
is_linear=0
shrinkage=0.05


Tree=57
num_leaves=31
num_cat=0
split_feature=1 8 7 16 17 7 1 6 6 1 3 1 1 16 8 7 16 0 6 3 16 7 9 0 0 16 0 8 8 16
split_gain=6.33002 4.66693 4.80485 4.44835 4.57206 3.2267 2.60659 2.57703 2.20788 2.10738 2.23488 2.26208 2.08207 2.42567 2.29508 1.96163 1.59888 1.40114 1.3601 1.28937 1.2822 1.2246 1.32971 1.24396 1.195 1.17122 1.13525 1.12475 1.11452 1.09823
threshold=2678.5000000000005 7.2506352600451018 1.0000000180025095e-35 0.78737496167786236 0.80752367129488067 1.5890269151739729 326.50000000000006 -0.37940952255126015 0.60355339059327384 192.50000000000003 1.0000000180025095e-35 741.50000000000011 307.50000000000006 0.81496621376278278 8.4272681008362351 6.3656106022916754 0.7503268675834982 64.500000000000014 0.78656609248549303 1.0000000180025095e-35 0.93504912530908568 10.791892978568784 0.89587973461402759 83.500000000000014 59.500000000000007 0.91167763378283551 37.500000000000007 6.0672668391739295 4.4248287033199567 0.89302366647559417
decision_type=2 2 2 2 2 2 2 2 2 2 2 2 2 2 2 2 2 2 2 2 2 2 2 2 2 2 2 2 2 2
left_child=1 2 -1 4 6 20 15 -8 16 27 29 -12 13 -3 -15 -4 -2 25 24 -6 -5 23 -23 -14 -13 -18 -9 -7 -26 -11
right_child=8 12 3 5 19 9 7 26 -10 10 11 18 21 14 -16 -17 17 -19 -20 -21 -22 22 -24 -25 28 -27 -28 -29 -30 -31
leaf_value=-0.00055168874491376765 0.0023350362616010424 -0.00033214906455251541 -0.0001389186855631261 0.00012549144971014186 0.00029878344732002103 -0.00068179307261724488 0.00010415644146299295 -1.2504071726460176e-05 0.0013980016005225679 5.7277341180696915e-05 -0.00023178664663963539 -0.00021892478609079476 -0.00037564559540770662 -0.00090692717022536654 -0.0013165240831065656 -0.0010265599220887608 -0.00012511633293146306 0.00056874430247890329 0.00014425068411433596 -0.00046706111916096295 0.0036331431679002255 -0.0056365829212650688 -0.0014816516425415031 -0.0019268628989555449 3.5337600923975725e-05 0.0053689815269252067 0.00081538830801631277 -0.0012247089157092037 -0.00030173221448884029 0.0017852345134534093
leaf_weight=5589.444173719734 8196.0798369348049 205.13189509510994 8164.2346691861749 26270.151233926415 2818.3504248224199 2462.6810487732291 46969.128260970116 5986.2150170281529 12585.390152756125 18951.46048912406 38259.060562759638 51669.467871926725 5526.9744285605848 106.79968150705099 24.934831030666828 1300.5377678871155 24825.373791042715 17542.292575955391 13579.8935938254 12087.70385600999 421.10232971608639 5.3285481557250014 977.77806201577187 950.26279310137033 29992.619636438787 265.46888050436974 40354.829539172351 96.956277653574944 8941.3628359958529 2551.6328340917826
leaf_count=20925 20278 752 19699 77218 38805 7596 114112 14508 42923 58626 115969 158649 19701 360 76 3194 88293 61486 42078 172648 1471 18 3384 3364 90355 906 97113 317 27815 8713
internal_value=-3.49249e-05 -0.000124272 -9.4498e-05 -6.83742e-05 0.000173964 -0.000215989 0.000292653 0.000372849 0.000421944 -0.000297801 -0.000275575 -0.000347301 -0.00133273 -0.00517775 -0.0104722 -0.000497975 0.000275139 0.000152183 -0.000226555 -0.000644379 0.000294374 -0.00115911 -0.00280342 -0.000909538 -0.000296496 -8.74924e-05 0.000637387 -0.0017214 -8.731e-05 0.00019956
internal_weight=387679 324264 316467 310877 117681 193196 102775 93310.2 63414.6 166505 163945 142442 7797.21 336.866 131.735 9464.77 50829.2 42633.1 104183 14906.1 26691.3 7460.34 983.107 6477.24 90603.5 25090.8 46341 2559.64 38934 21503.1
internal_count=1311352 1097466 1069811 1048886 460079 588807 248626 225733 213886 510118 502205 434866 27655 1188 436 22893 170963 150685 318897 211453 78689 26467 3402 23065 276819 89199 111621 7913 118170 67339
is_linear=0
shrinkage=0.05


Tree=58
num_leaves=31
num_cat=0
split_feature=4 8 10 8 8 7 1 1 10 1 10 7 7 7 1 10 7 7 7 9 8 17 1 17 8 7 0 9 10 7
split_gain=6.04042 3.65847 3.97245 4.51288 3.6915 3.2833 2.88526 2.74912 1.8366 1.74817 1.45396 1.41647 1.36663 1.44946 1.63071 1.46474 1.56665 1.3645 1.92001 1.27624 1.23704 1.21059 1.16035 1.82938 1.14035 1.07313 1.00496 0.970258 0.939727 0.913255
threshold=3.5000000000000004 8.4272681008362351 6.8907215136908624 3.5408542930527882 1.2424533248940002 1.0000000180025095e-35 2753.5000000000005 380.50000000000006 8.0968046622812135 490.50000000000006 7.3619828880744267 7.8619196447433657 1.0000000180025095e-35 1.5890269151739729 475.50000000000006 7.4785793946460926 11.211588533200596 1.0397207708399181 2.3502401828962087 1.7005986908310777 0.89587973461402759 0.72406633601923109 192.50000000000003 0.64675799809678969 6.2176031103882972 4.0689902272260703 54.500000000000007 2.8029010331479989 7.9397739131828367 1.8688348091416842
decision_type=2 2 2 2 2 2 2 2 2 2 2 2 2 2 2 2 2 2 2 2 2 2 2 2 2 2 2 2 2 2
left_child=1 2 4 20 5 -1 12 26 11 19 -8 -9 -2 -14 24 -16 -17 -7 29 -3 28 -6 23 -20 -15 -22 -5 -21 -4 -19
right_child=6 9 3 7 21 17 10 8 -10 -11 -12 -13 13 14 15 16 -18 18 22 27 25 -23 -24 -25 -26 -27 -28 -29 -30 -31
leaf_value=-0.00053720022328331354 -0.00050768718636787506 -0.0011291606502204456 0.00049782943019366366 -0.00034056387737861073 -0.00019168848719174905 0.00016783297664240971 0.00051564671778316638 -9.716422129129183e-05 0.0002839221798532049 -0.0015197995459969591 0.0024788902600388269 -0.00056511588741906611 0.00048517822083120332 -0.0002197542296778118 6.4086203341875985e-06 0.00050772357508076791 -0.0029325643965248342 -0.00023076416307452746 -0.0019064480630637823 0.0026666893505973214 -0.00020408616122711209 -0.00035618665146045365 1.5878669753443402e-05 -0.00045612716655137747 -0.00088379646475061154 0.00030305785185620745 -0.00095396967507457473 -0.000970265397887176 0.0015465300171548348 -0.00057377784406118513
leaf_weight=4571.0371387526393 1692.0461370311677 12.598336003720759 13843.576964210719 2206.6050517559052 26786.860421128571 21777.445548374206 19730.652487076819 26088.309611853212 16133.58323077485 801.99231054261327 8321.2107510045171 8953.0174637623131 13024.698912203312 10078.340942066163 56426.651018299162 23723.195342615247 162.28933945670724 10807.532864481211 63.414311468601227 18.795406553894281 6347.2757993154228 34810.999539997429 46056.78408420831 1135.4035321809351 575.33479905873537 25580.105704698712 1959.7122879847884 89.640364684164524 2474.610975433141 3424.9272227101028
leaf_count=16752 6557 45 45571 7627 36253 69701 67489 91059 49373 2720 27409 34184 41408 34137 194991 79151 616 35515 78 68 20231 181172 152860 3791 2045 85476 6709 287 7045 11032
internal_value=-3.44622e-05 -0.000177688 -0.000166225 7.17293e-05 -0.000331173 -0.000123064 0.000237504 -0.000236411 -0.000135859 -0.0033198 0.000688281 -0.000339106 0.000117852 0.000140787 7.01522e-05 0.000147257 0.000475453 -5.14395e-05 -0.000171897 -0.00892107 0.000425189 -0.00062793 -1.8562e-05 -0.00155427 -0.000511094 0.000244186 -0.00147149 -0.00717101 0.000779332 -0.000681009
internal_weight=387679 253944 253021 103587 149434 87836.5 133734 55341.2 51174.9 923.026 28051.9 35041.3 105683 103991 90965.8 80312.1 23885.5 83265.5 61488.1 121.034 48245.6 61597.9 47255.6 1198.82 10653.7 31927.4 4166.32 108.436 16318.2 14232.5
internal_count=1311352 857549 854429 347275 507154 289729 453803 188952 174616 3120 94898 125243 358905 352348 310940 274758 79767 272977 203276 400 158323 217425 156729 3869 36182 105707 14336 355 52616 46547
is_linear=0
shrinkage=0.05


Tree=59
num_leaves=31
num_cat=0
split_feature=4 10 8 8 7 1 8 10 6 8 0 1 7 8 10 17 1 6 7 8 10 8 17 9 10 1 7 7 8 0
split_gain=5.65101 4.40624 5.99865 3.84221 3.89887 3.61887 2.32689 2.24013 2.19609 2.17732 1.99095 1.87875 1.7067 3.47407 1.63671 1.5693 1.52039 1.42221 1.38201 1.33866 1.17888 1.16341 1.12088 1.08889 1.15331 1.07918 1.07315 1.16421 1.03985 0.979557
threshold=4.5000000000000009 6.7769113658813378 4.4248287033199567 1.2424533248940002 1.0000000180025095e-35 298.50000000000006 8.4272681008362351 8.0036029533214368 0.78656609248549303 7.9008218325052129 46.500000000000007 504.50000000000006 7.1328967532780565 2.0126758453675748 7.9933290451173296 0.65266048731061865 3218.5000000000005 0.60355339059327384 10.481293953298048 7.3546821257633672 5.8039889525589397 1.0000000180025095e-35 0.64927633572046617 4.7405652883788738 7.5660670078195009 3595.5000000000005 1.0397207708399181 2.3502401828962087 8.0173072902757028 97.500000000000014
decision_type=2 2 2 2 2 2 2 2 2 2 2 2 2 2 2 2 2 2 2 2 2 2 2 2 2 2 2 2 2 2
left_child=1 3 8 4 -1 9 7 16 14 18 -6 12 -5 -14 21 -13 19 23 -4 29 -17 -3 -20 24 -2 -26 -12 -28 -22 -7
right_child=17 2 5 11 10 6 -8 -9 -10 -11 26 15 13 -15 -16 20 -18 -19 22 -21 28 -23 -24 -25 25 -27 27 -29 -30 -31
leaf_value=-0.00052754532505533489 0.00016020678858571087 0.00047858260240651461 -0.00069525019019195432 -0.00036424305304816714 -0.00015688503868854995 -0.00026331916766309248 -0.0013315790831145799 0.00015212203113518577 0.0009578707780309656 -0.00072905456331074725 0.00029812034540645726 5.4867823408159827e-05 -0.003613338177979185 -0.00092657853692854281 0.0006976531196517075 -0.00037108882817544559 0.00088721218673770566 0.00098840346082149327 -0.0014393501865616249 -0.0010647787920405091 -0.00015127845751823632 1.8020229914694071e-05 -0.00082619913359122566 -0.0014686585880077541 0.00061278757659052614 0.0050173355904052676 -0.00022614932605982547 8.9652250265088995e-05 -0.0014950117842637727 -0.0012694053733678886
leaf_weight=5724.8082695901394 37234.144886199385 14745.862635981292 1828.0355582870543 10899.160368978977 34204.879197955132 22790.42729210481 1097.8047739937901 23179.217657420784 10960.343482539058 119.25046142190695 18313.992762621492 11749.50468724966 14.386961709707974 343.13460174947977 13541.849299836904 30168.825980503112 3337.8663038350642 10772.509421560913 8.7812730669975263 1661.7454910427332 23410.798938024789 48324.733522769064 28.844539366662502 733.91147214174271 8283.8252983056009 1526.9098290242255 11643.609805643559 39606.527855575085 44.619937054812908 1378.3353341333568
leaf_count=21200 126322 47967 6295 38132 112819 82103 3811 74088 37063 392 58112 14745 39 1463 40203 125001 11875 37240 11 6560 91532 164704 128 2618 27439 4925 38188 131491 175 4711
internal_value=-3.41912e-05 -0.000114707 9.40062e-05 -0.000275066 -8.50179e-05 -0.000313032 -0.000235175 -0.000187398 0.000351646 -0.0024094 -1.49383e-05 -0.000546618 -0.00114324 -0.00454253 0.000256941 -0.000443886 -0.000478974 0.000418405 -0.00199073 -0.000608739 -0.000558556 0.000149855 -0.0114762 0.000301395 0.000331208 0.000813496 0.000138636 2.124e-05 -0.000292679 -0.000514356
internal_weight=387679 329127 143003 186124 109494 55430.3 53445.4 52347.6 87572.8 1984.91 103769 76630.4 11256.7 357.522 76612.4 65373.7 29168.4 58551.3 1865.66 25830.5 53624.2 63070.6 37.6258 47778.8 47044.9 9810.74 69564.1 51250.1 23455.4 24168.8
internal_count=1311352 1112808 479911 632897 361810 189974 183148 179337 289937 6826 340610 271087 39634 1502 252874 231453 105249 198544 6434 93374 216708 212671 139 161304 158686 32364 227791 169679 91707 86814
is_linear=0
shrinkage=0.05


Tree=60
num_leaves=31
num_cat=0
split_feature=16 1 10 0 7 1 10 5 7 7 1 7 0 16 10 16 4 7 4 9 16 10 10 7 7 18 10 10 10 1
split_gain=6.0651 5.51642 3.64458 3.13314 2.63071 2.60938 2.18054 2.19686 1.73146 1.62811 1.75171 1.58572 1.52422 1.45928 1.42491 1.37575 2.81599 1.4033 1.36631 1.24337 1.20462 3.81809 3.56957 1.58555 1.22443 1.18604 1.15595 1.7062 1.35952 1.14126
threshold=0.72364337447615934 675.50000000000011 7.7168148692138958 63.500000000000007 6.1685636116899003 176.50000000000003 6.8535334408403505 -0.60355339059327362 7.6031499009727135 10.481293953298048 279.50000000000006 7.8007773629641965 96.500000000000014 0.9461910594647257 7.5374034531634555 0.83426495118380328 1.5000000000000002 6.6457407421766872 4.5000000000000009 5.2496487501035594 0.90374560103526036 6.7390887783039695 6.5736783256565259 7.4238668626505984 7.7400119915859422 1.0125000000000002 6.1117791469975336 0.098905681065719467 0.01032695592379766 7201.5000000000009
decision_type=2 2 2 2 2 2 2 2 2 2 2 2 2 2 2 2 2 2 2 2 2 2 2 2 2 2 2 2 2 2
left_child=-1 4 3 13 6 -6 7 -2 29 12 -11 18 14 15 20 16 -3 -17 -5 -12 24 22 23 -22 -7 -24 27 28 -18 -4
right_child=1 2 8 11 5 9 -8 -9 -10 10 19 -13 -14 -15 -16 17 26 -19 -20 -21 21 -23 25 -25 -26 -27 -28 -29 -30 -31
leaf_value=0.0013247087995467951 -0.0003126904313028596 -0.00034897542310955294 0.00054555535081851907 8.6651602954732076e-05 -0.0010580776845394736 -0.00031072382888796342 0.00010479712254630806 -0.00010239735271857058 3.4079165154334012e-05 -0.00089362970104809529 -0.00046580850595644916 -0.00083722118828324509 -0.0015545472637112188 0.0036247088694417854 -0.0001882935163056078 -0.0001631950971683241 -9.1602899736895063e-05 -0.00067882719030790822 0.00059570097182226752 -0.0014884818964850015 -0.00072723432867956544 9.7467512331234776e-05 -0.0036097085754118624 -0.0040030894318082676 -0.00079744255229464859 -0.0043059384959463964 0.00016158778695363093 -0.00022492707218057519 0.00078118332337900474 0.0057894108673101456
leaf_weight=26923.119467645884 17652.32776715979 10697.075100660324 33805.747189667076 62224.083959858865 548.14912712574005 4580.8063770234585 18925.269502241164 37611.666791707277 21250.181110147387 36.205690275877714 249.23806032538414 2284.0164219103754 749.07946111634374 523.4849219173193 10730.598584260792 33116.709622383118 6580.854440446943 3353.3826298266649 15567.734831772745 131.02586997300386 45.164049744606018 125.98548401892185 12.973019652068617 7.4486529976129523 881.5582572594285 8.9715041518211347 37911.352314446121 34762.911204811186 5316.3017449751496 1037.7840356938541
leaf_count=68246 60916 37431 111189 212800 2054 17705 63723 126818 73695 129 962 9081 2651 1845 37540 107807 24031 11647 53459 478 173 469 40 29 3698 10 134734 125543 18959 3380
internal_value=-2.02035e-05 -7.42343e-05 4.04184e-05 -5.42751e-05 -0.000407686 -0.000948016 -0.000275809 -0.000434437 0.000398873 -0.000841966 -0.0039309 0.000192564 -0.000766922 -0.000203719 -0.00066614 -0.000214189 -0.000114217 -0.000475338 0.000230689 -0.00293031 -0.00130782 -0.00511376 -0.014082 -0.00701634 -0.00116809 -0.031022 -1.75381e-05 -0.000184163 0.000332669 0.000615812
internal_weight=387651 360728 268432 212338 92296.5 18107.2 74189.3 55264 56093.7 17559.1 416.47 80075.8 17142.6 132262 16393.5 131739 95268.5 36470.1 77791.8 380.264 5662.91 200.543 74.5572 52.6127 5462.36 21.9445 84571.4 46660.1 11897.2 34843.5
internal_count=1311242 1242996 925601 737337 317395 65938 251457 187734 188264 63884 1569 275340 62315 461997 59664 460152 340698 119454 266259 1440 22124 721 252 202 21403 50 303267 168533 42990 114569
is_linear=0
shrinkage=0.05


Tree=61
num_leaves=31
num_cat=0
split_feature=1 10 7 6 1 0 7 10 0 0 7 5 1 10 6 1 7 5 7 10 10 10 1 4 3 3 7 0 0 1
split_gain=5.37409 4.43998 2.98002 2.94314 2.62618 2.294 2.06771 2.0017 1.82488 1.79835 1.65539 1.60487 1.5319 1.49543 1.4646 1.46154 1.30904 1.25392 1.07978 1.07068 1.55851 1.25137 1.05454 1.05388 1.04435 0.978399 0.945557 0.919505 0.913887 0.882663
threshold=675.50000000000011 6.6358533115328004 6.1366459725839873 1.0000000180025095e-35 207.50000000000003 63.500000000000007 7.6827128082063991 6.1848857164332625 54.500000000000007 54.500000000000007 10.791892978568784 -0.60355339059327362 4022.5000000000005 7.9933290451173296 0.25881904510252057 362.50000000000006 10.481293953298048 0.12940952255126045 9.9902377956001747 0.65675555764692939 5.4159101400068357 0.0061014869019665038 3061.5000000000005 2.5000000000000004 1.0000000180025095e-35 1.0000000180025095e-35 10.297790450505167 126.50000000000001 96.500000000000014 157.50000000000003
decision_type=2 2 2 2 2 2 2 2 2 2 2 2 2 2 2 2 2 2 2 2 2 2 2 2 2 2 2 2 2 2
left_child=2 5 7 6 16 14 9 11 -6 -3 15 -1 25 -8 19 -10 27 26 -15 21 -21 -2 24 -13 -11 -5 -7 -4 -17 -9
right_child=1 3 4 12 8 17 13 29 10 22 -12 23 -14 18 -16 28 -18 -19 -20 20 -22 -23 -24 -25 -26 -27 -28 -29 -30 -31
leaf_value=-0.00029395149438021795 -0.00026550569473108714 -3.2102543433529945e-05 -0.00088293380878253956 0.0024457002777657994 -0.0001338890050496422 -2.2268629305505219e-05 -0.00057431143248223642 -0.00092972398630058399 -0.0009285145363647153 0.002171853399980374 -0.001282767887047993 -0.0001881892301182138 0.0024768766659170396 0.00017569561987203637 4.1761857862744615e-05 -0.00035493979612374399 -0.0010217642999687455 0.00029251985487468437 -0.00090585215026921663 -0.00035997114452821226 -0.00011100685146314752 0.00021791105564965621 0.001846489912505256 3.7806761024084676e-05 0.00017523067442758446 0.00039769114790933965 -0.0030936974156837421 -0.0028323318064921521 -0.0015904298883887382 8.9869336809778394e-05
leaf_weight=15566.707813676447 5053.948463935405 30018.464694775641 1060.5902263000607 3398.9546319060028 9762.7232705615461 33352.203304477036 7209.688021723181 996.23199135437608 1925.1900407448411 3072.7253936901689 154.86838551983237 16081.328413575888 5130.1723958700895 8890.41017633304 27320.167431302369 6770.1100189685822 19.717158399522305 22921.991972293705 1686.0662720948458 27559.539233677089 24638.625612534583 10977.332077238709 7095.3253082595766 17211.426687918603 28163.140413276851 40827.89117186144 10.920282602310179 6.1842530108988276 668.20670836791396 30100.355368945748
leaf_count=53290 17906 100418 3748 11584 34928 112823 27313 3186 6821 10261 530 53186 17237 28639 94914 23671 80 77046 5655 95843 82304 37317 23335 57596 92216 138777 35 22 2290 98271
internal_value=-1.89177e-05 9.1088e-05 -0.000333975 0.000299153 -0.0008739 -9.45831e-05 0.000122753 -0.000196437 -0.000739125 0.00024772 -0.00123176 -0.000396021 0.000607 -0.000357478 -0.000243747 -0.00114696 -0.00326565 0.000158637 2.10511e-05 -0.000367618 -0.000477385 -1.02156e-05 0.000474684 -0.000200074 0.000349691 0.000512129 -3.69772e-05 -0.0030297 -0.000829158 0.000117153
internal_weight=387651 287328 100324 135493 20367.6 151835 86135.8 79956.1 19281.1 68349.7 9518.38 48859.5 49357 17786.2 95549.6 9363.51 1086.49 56285.1 10576.5 68229.4 52198.2 16031.3 38331.2 33292.8 31235.9 44226.8 33363.1 1066.77 7438.32 31096.6
internal_count=1311242 973623 337619 455435 72090 518188 287837 265529 68240 226230 33312 164072 167598 61607 328284 32782 3850 189904 34294 233370 178147 55223 125812 110782 102477 150361 112858 3770 25961 101457
is_linear=0
shrinkage=0.05


Tree=62
num_leaves=31
num_cat=0
split_feature=16 1 5 1 1 3 3 1 7 4 16 7 7 17 1 7 7 16 16 16 0 0 16 4 7 0 0 16 16 16
split_gain=5.51431 3.92166 3.46193 2.31872 2.2047 2.15955 1.63467 1.77077 1.85405 1.57463 1.80904 1.39409 1.37394 1.34648 1.25271 1.30754 1.23867 1.22258 1.22128 1.16861 1.08131 1.04267 1.05261 2.72909 1.02555 1.01968 0.997594 0.991001 0.931606 0.904566
threshold=0.74201131889676508 3454.5000000000005 0.12940952255126045 540.50000000000011 815.50000000000011 1.0000000180025095e-35 1.0000000180025095e-35 279.50000000000006 9.1195400016540109 4.5000000000000009 0.85153679219563605 1.5890269151739729 1.0000000180025095e-35 0.81222851098232984 176.50000000000003 4.9522934739897151 4.7229433450037179 0.83523104476989685 0.90374560103526036 0.97182285662211954 75.500000000000014 42.500000000000007 0.83523104476989685 1.5000000000000002 10.297790450505167 45.500000000000007 64.500000000000014 0.83375273960117646 0.91167763378283551 0.6500768209777964
decision_type=2 2 2 2 2 2 2 2 2 2 2 2 2 2 2 2 2 2 2 2 2 2 2 2 2 2 2 2 2 2
left_child=3 2 4 16 6 17 7 8 -2 11 -11 12 -4 21 15 -13 -1 -6 26 -16 -10 -7 23 -23 29 -18 27 -3 -19 -5
right_child=1 18 9 24 5 13 -8 -9 20 10 -12 14 -14 -15 19 -17 25 28 -20 -21 -22 22 -24 -25 -26 -27 -28 -29 -30 -31
leaf_value=0.00020166339356047919 -0.00042561352833957178 0.00039000475492758789 -0.00028400916691409469 0.0038916262920388762 0.0017426289872922885 -0.00027645500223870206 -0.00024962722402694509 9.4385388779905105e-05 -0.00097067608497030809 0.0005988644306358621 -0.00033597798189506233 -0.00029731221915858531 0.00033554518062440603 -0.00062442179917633145 -4.3674334285781147e-05 -0.0012044550432025365 0.00031392140946231236 -0.00062147530549005396 0.005799641477063292 0.0042757981902355963 -0.0012307149105102886 -0.00039572815700244097 -0.00016302076671512457 0.00011504233482743584 -0.0030443476743848247 -0.001170564418459591 0.00086076971210553854 -0.00038991949423612465 0.0041910109655254298 0.0011506017026126248
leaf_weight=5975.2606438547373 5519.4985426999629 15615.572580035776 2004.2231256216764 3406.120316401124 4172.2170826420188 22374.939252730459 44685.99204320088 15581.278216056526 65.73182812705636 14503.65415154025 2565.4166558384895 904.86812740564346 14582.410500951111 4971.8211630955338 90096.164089042693 385.67000886052847 998.10054928809404 1833.1461249738932 459.41808107495308 390.24513123929501 11.278707623481749 6256.1190901063383 24485.280484467745 52301.644311334938 377.16569952666759 2458.4548054412007 14729.362007074058 4402.64543556422 275.44463923573494 31262.063800141215
leaf_count=14579 19302 56244 7526 10063 15745 67955 155811 55811 260 51558 8328 3026 47730 70061 314538 1404 2612 5686 1631 1310 37 18128 76594 154534 950 6281 51322 14753 978 76485
internal_value=-1.79833e-05 -8.58733e-05 -0.000143023 0.000505839 -0.000281989 -0.000151428 -0.000513265 -0.000151433 -0.000914307 5.92069e-05 0.000505572 -1.11031e-05 0.000410751 -0.000202739 -8.73438e-05 -0.00163414 -0.000190056 0.000750408 0.000414029 -6.52829e-05 -0.00861885 -0.000164816 -8.31922e-05 3.19174e-05 0.000693126 -0.000943422 0.000380168 0.00015036 -0.000230862 0.000721338
internal_weight=387651 343174 307967 44477.2 182534 116671 65863.8 21177.8 5596.51 125433 17069.1 108364 16586.6 110390 91776.9 1290.54 9431.82 6280.81 35207 90486.4 77.0105 105418 83043 58557.8 35045.3 3456.56 34747.6 20018.2 2108.59 34668.2
internal_count=1311242 1200272 1076322 110970 640902 409681 231221 75410 19599 435420 59886 375534 55256 387272 320278 4430 23472 22409 123950 315848 297 317211 249256 172662 87498 8893 122319 70997 6664 86548
is_linear=0
shrinkage=0.05


Tree=63
num_leaves=31
num_cat=0
split_feature=16 6 1 0 8 1 5 8 8 16 5 8 1 3 1 17 1 16 6 17 5 1 16 16 3 9 17 16 8 4
split_gain=5.10783 4.31766 3.11632 2.93569 2.33941 2.12967 2.05715 1.71723 1.66981 1.54037 1.46583 1.33353 1.32591 1.21566 1.03031 1.02943 1.02062 2.1603 0.979893 0.973216 0.950332 0.921045 0.898119 0.919384 0.906811 0.888982 0.838398 0.931916 1.33034 0.912725
threshold=0.72364337447615934 0.60355339059327384 675.50000000000011 62.500000000000007 8.4272681008362351 2963.5000000000005 0.78656609248549325 7.3546821257633672 2.524928003624769 0.9461910594647257 0.12940952255126045 6.3534997185584592 234.50000000000003 1.0000000180025095e-35 192.50000000000003 0.75945140584483528 298.50000000000006 0.81759950385457481 -0.70710678118654757 0.64805509467998179 0.60355339059327384 504.50000000000006 0.85237436024189284 0.91167763378283551 1.0000000180025095e-35 7.7128905618232126 0.8124046165950346 0.83523104476989685 0.89587973461402759 1.5000000000000002
decision_type=2 2 2 2 2 2 2 2 2 2 2 2 2 2 2 2 2 2 2 2 2 2 2 2 2 2 2 2 2 2
left_child=11 2 4 13 6 10 8 15 9 -2 26 14 19 -4 -1 -5 17 -6 -16 -10 -15 -13 24 -24 -17 -14 27 29 -29 -3
right_child=1 5 3 7 16 -7 -8 -9 12 -11 -12 21 25 20 18 22 -18 -19 -20 -21 -22 -23 23 -25 -26 -27 -28 28 -30 -31
leaf_value=-0.0011965173394154838 -0.00016579686482043888 -0.00029620137860918025 0.00047643144683734987 0.00029304705540187834 -6.8518682676502361e-05 0.0012586811637700273 2.5877285566792974e-05 -0.00091665690895867402 -0.0013513773265397613 0.0029641534272534034 0.00035898548571601106 -0.0010997175998938226 -0.00033223788296482678 -0.00018703299131022228 0.00069625216131251474 0.0015031431876506977 -0.00086175878027686917 -0.0011319750272838728 0.0022375146539012946 -0.00068537859781648734 -8.763662320612765e-06 -0.00021362629681230538 -0.00032461774621296915 0.0014429287394501938 6.5566388661060518e-05 -0.0010464316847122596 -0.00065437290326431921 0.00010383156374894897 -0.00035780039391208711 0.00027197193190003492
leaf_weight=649.52303768694401 36870.312637075782 3304.901699565351 7325.9158291444182 39451.597597718239 15.677557591348888 9821.7529953569174 18228.381777990609 2289.8070183582604 109.12689381837845 431.42083270102739 21374.647278871387 310.35398533195257 18842.41848750785 89343.778933279216 8363.7751609236002 2443.4010219275951 156.33443822339177 15.639274477958677 15770.607344835997 1566.1965998411179 33970.65423528105 1828.8599388673902 7230.4746043086052 783.0553924664855 33684.891522806138 9.8679642938077432 1668.1413750201464 4222.7129713222384 6542.0655955001712 21024.913193102926
leaf_count=1581 123533 9695 25401 54727 56 34401 61975 8039 135 1477 74708 789 67119 309642 21174 13235 546 48 39994 5892 116369 4708 32815 3819 179845 40 23491 13108 21022 61858
internal_value=-1.76416e-05 -6.72254e-05 -0.000150568 -5.37661e-05 -0.000425468 0.000291815 -0.000411711 0.000173302 -0.000557703 -0.000358391 0.000176769 0.000646705 -0.000919884 -0.000203041 0.000750089 0.000210306 -0.00600134 -0.0142402 0.000802975 -0.00226789 -0.000240217 -0.000551047 4.44275e-05 -0.000434449 0.000150646 -0.000800092 -1.46694e-05 3.73886e-05 -0.000349963 0.000208773
internal_weight=387651 360728 292769 216524 76245.4 67959.1 76057.7 85883.2 57829.3 37301.7 58137.4 26923.1 20527.6 130640 24783.9 83593.4 187.651 31.3168 24134.4 1675.32 123314 2139.21 44141.8 8013.53 36128.3 18852.3 36762.7 35094.6 10764.8 24329.8
internal_count=1311242 1242996 1004713 743892 260821 238283 260171 292480 198196 125010 203882 68246 73186 451412 62749 284441 650 104 61168 6027 426011 5497 229714 36634 193080 67159 129174 105683 34130 71553
is_linear=0
shrinkage=0.05


Tree=64
num_leaves=31
num_cat=0
split_feature=4 16 1 16 10 8 8 8 8 10 10 1 16 10 8 6 10 17 16 8 10 9 10 7 1 8 7 10 7 1
split_gain=4.73854 3.75209 3.16402 2.89165 2.75842 2.74538 2.71912 1.86963 1.80878 2.7827 1.61283 1.52491 1.51237 1.89908 1.59133 1.39588 1.38826 1.38283 1.27602 1.21813 1.18388 1.15261 1.16894 1.30911 1.43837 1.15822 1.14676 1.12616 1.31463 1.11164
threshold=4.5000000000000009 0.72364337447615934 675.50000000000011 0.86486683785997276 7.7168148692138958 8.4272681008362351 1.0000000180025095e-35 4.3502571242716384 1.2424533248940002 8.4036835615819729 6.1613069155431477 176.50000000000003 0.83523104476989685 5.4474008907506901 2.8617925509761908 0.60355339059327384 0.00230835222093671 0.72406633601923109 0.90374560103526036 6.3534997185584592 5.931261183646332 7.9345057026993775 6.8535334408403505 7.1328967532780565 362.50000000000006 2.0126758453675748 5.2067464199591091 8.2031868854386101 10.481293953298048 192.50000000000003
decision_type=2 2 2 2 2 2 2 2 2 2 2 2 2 2 2 2 2 2 2 2 2 2 2 2 2 2 2 2 2 2
left_child=1 19 5 15 6 8 16 -6 9 10 -3 26 13 -8 17 20 -4 -14 -18 29 -2 22 23 -13 25 -25 -10 28 -9 -1
right_child=3 2 4 -5 7 -7 12 27 11 -11 -12 21 14 -15 -16 -17 18 -19 -20 -21 -22 -23 -24 24 -26 -27 -28 -29 -30 -31
leaf_value=-0.001196062723193284 5.0060811760159476e-05 -0.00013047221000236052 -0.00035298836118728211 -0.00034237308867700951 0.00060377276548592154 -0.00078239264561402115 -0.00026737257556257442 -0.00010989367741253073 -0.00045742847848379183 -0.004738869009986814 0.00021483724322075848 -0.00026704862901482767 0.00014254505470328167 -4.3307352140808941e-06 -0.00041199167179658549 0.001191225294927066 9.794915689397693e-05 -0.00029860100826093405 0.0020921179871194575 -0.00076214112153263631 0.00062735176914610895 -0.0013330133372286591 -0.00017434054667781612 -0.0037173385372870349 -0.00048592606369607594 -0.0010972094863439443 -0.00095964543412352258 0.00052528980112418605 -0.0021557655159682777 0.0014007699862096088
leaf_weight=594.05974705517292 18227.264776661992 29053.224754024297 4367.6612059362233 4477.6456585377455 21798.981282219291 208.0055026859045 23492.80783579126 17976.789485923946 773.40339558944106 6.5875121355056754 11296.346971057355 17256.409323375672 6974.1179865002632 55278.394837617874 14774.105754092336 9927.0517344623804 59535.92886852473 10140.877490632236 1379.7210110723972 1726.6482509076595 25956.415033832192 10.013768494129179 22973.016434669495 6.4444461539387694 456.08867966383696 147.11644843220711 745.59769017994404 8109.2192378826439 373.11839171126485 19608.143679372966
leaf_count=1453 62811 97278 16105 15038 71405 757 87666 64381 2627 11 37353 61282 9577 198464 50047 34284 198576 45332 4845 4440 86341 42 80006 17 2076 647 2728 24268 1545 49840
internal_value=-1.74169e-05 -9.11798e-05 -0.000136294 0.000396874 -3.86898e-05 -0.00040016 -0.00013054 0.000296185 -0.000385734 -0.000146176 -0.000140871 -0.000613916 -0.000281514 -0.000163905 -0.000572027 0.00049792 0.000125373 -0.000243862 0.000187113 0.000540684 0.000377547 -0.000556072 -0.000551913 -0.000855249 -0.00313233 -0.00731785 -0.00216947 1.37015e-05 -0.000203146 0.00064963
internal_weight=387651 329063 307134 58588.4 224202 82932.3 175944 48258.1 82724.2 40356.2 40349.6 42368.1 110660 78771.2 31889.1 54110.7 65283.3 17115 60915.6 21928.9 44183.7 40849.1 40839.1 17866.1 609.65 153.561 1519 26459.1 18349.9 20202.2
internal_count=1311242 1112768 1057035 198474 772211 284824 610612 161599 284067 134642 134631 149425 391086 286130 104956 183436 219526 54909 203421 55733 149152 144070 144028 64022 2740 664 5355 90194 65926 51293
is_linear=0
shrinkage=0.05


Tree=65
num_leaves=31
num_cat=0
split_feature=1 3 4 1 1 7 7 5 10 10 9 8 8 10 1 10 8 8 7 1 7 7 17 10 0 17 10 10 9 8
split_gain=4.60348 3.31501 2.85804 2.71763 2.03267 2.15856 1.98237 1.76175 1.73233 1.65842 1.58183 1.24757 1.19145 1.16896 1.15981 1.15437 1.42732 1.20866 1.15201 1.13722 0.986696 0.98878 0.977907 0.974369 0.959759 1.02793 0.958607 1.04187 0.950673 0.927751
threshold=1481.5000000000002 1.0000000180025095e-35 4.5000000000000009 475.50000000000006 192.50000000000003 5.2907859277095151 11.211588533200596 0.12940952255126045 6.7390887783039695 8.1413870876538788 3.0677824455408698 1.7005986908310777 5.3821962081647756 7.2696029113363272 4473.5000000000009 7.1414546997017636 7.698255979076877 1.2424533248940002 1.0000000180025095e-35 298.50000000000006 1.0000000180025095e-35 1.5890269151739729 0.80486892424238843 7.5227904940025789 47.500000000000007 0.79209867653381194 1.7185517325253719 5.4159101400068357 2.524928003624769 3.795426061844291
decision_type=2 2 2 2 2 2 2 2 2 2 2 2 2 2 2 2 2 2 2 2 2 2 2 2 2 2 2 2 2 2
left_child=1 4 8 12 5 20 7 22 11 24 14 18 -3 -4 -10 17 29 -6 -2 -14 -1 -22 -5 -21 25 -8 -20 -28 -11 -17
right_child=2 3 13 6 15 -7 9 -9 10 28 -12 -13 19 -15 -16 16 -18 -19 26 23 21 -23 -24 -25 -26 -27 27 -29 -30 -31
leaf_value=-0.0015204962463827333 -0.00063218118244802034 -0.00020531844096853026 0.00040269485146293693 -0.00012785563278036802 0.0002485668176610209 -0.0010694803650739247 -0.0043782400279289129 8.8037435486021397e-06 0.00030614438208346616 -0.0050321219215736287 -0.00037777468133268904 -0.0002574858942385974 -0.00054978777633340158 0.0019708259130316445 0.0017099651275516521 0.0012085589189914426 -0.0010770924178220718 -0.00027431018741410837 0.00038676219031292814 -0.00088000763249709607 0.00057541651411747237 -0.00039499624571820506 -0.00036112257112249431 -0.00021091945238354128 -0.0034438456109128859 -0.0019476475166709173 -0.00022916902514297788 0.00028874596022937656 -0.00088925981702593984 0.00030789058061256178
leaf_weight=101.71774816885591 2048.3246692344546 22825.724572867155 20057.285451315343 83344.050798732787 21977.655585743487 936.89000898972154 3.957266688346861 63424.928816828877 40067.78735858202 7.1754161193966857 6801.2878525219858 24365.607062820345 743.50875705853105 9285.5249569453299 7053.4630566760898 11048.071395471692 391.00839859619737 11096.062840938568 14120.95282959193 622.00685015320778 1463.8282517269254 2921.8352252021432 10142.2642024979 1632.9603106342256 53.759643904864788 7.4623081386089325 13656.887983515859 10354.549677819014 250.08987673744559 6601.7099396660924
leaf_count=346 7489 76778 68351 200284 72057 3278 6 213999 133833 26 23298 87012 2573 30797 23382 36276 1349 39212 47479 2397 4456 9523 118319 5553 205 48 45496 32981 916 22770
internal_value=-3.46004e-05 -0.000169977 0.000184839 -0.000273336 0.000164675 -0.00075563 -0.000195261 -0.000187213 7.54184e-05 -0.00411168 0.000284605 -9.93379e-05 -0.000748705 0.000626614 0.00038749 0.000262338 0.000584062 8.68462e-05 7.18399e-05 -0.00168574 -0.000299877 -0.000186964 -0.000325211 -0.00112661 -0.0112357 -0.0244001 0.00013389 -5.83602e-05 -0.00230678 0.000650257
internal_weight=387408 239597 147812 183058 56538.8 5424.27 157234 156911 118469 322.445 53922.5 64546.3 25824.2 29342.8 47121.3 51114.5 18040.8 33073.7 40180.7 2998.48 4487.38 4385.66 93486.3 2254.97 65.1792 11.4196 38132.4 24011.4 257.265 17649.8
internal_count=1310489 810371 500118 621104 189267 17603 533803 532602 400970 1201 180513 220457 87301 99148 157215 171664 60395 111269 133445 10523 14325 13979 318603 7950 259 54 125956 78477 942 59046
is_linear=0
shrinkage=0.05


Tree=66
num_leaves=31
num_cat=0
split_feature=16 17 1 16 8 16 4 8 16 16 16 16 0 4 16 0 16 10 8 17 4 18 10 10 16 4 8 10 16 1
split_gain=4.78541 4.10794 2.99747 2.7409 2.13466 2.03917 4.09349 3.46091 2.53501 4.151 2.63538 1.87668 1.82757 1.75448 4.8516 1.7462 1.70859 1.69881 2.05636 1.65327 1.33934 1.31488 1.30792 1.27474 1.2668 1.37364 1.25753 1.44071 1.20039 1.13671
threshold=0.78674518472911437 0.80752367129488067 886.50000000000011 0.9461910594647257 5.4785512376367516 0.83523104476989685 1.5000000000000002 0.89587973461402759 0.80530725634941192 0.80570143096500557 0.80943535476948147 0.79886474335522972 37.500000000000007 1.5000000000000002 0.83744152111093351 99.500000000000014 0.80417266174550694 8.0757038079184476 4.4367340276668159 0.66764792291798603 1.5000000000000002 1.0875000000000001 5.7215213570078616 6.4847746935035122 0.80172580346046063 2.5000000000000004 7.850298363023362 7.7029209498175364 0.7434124931127456 326.50000000000006
decision_type=2 2 2 2 2 2 2 2 2 2 2 2 2 2 2 2 2 2 2 2 2 2 2 2 2 2 2 2 2 2
left_child=1 2 4 5 29 6 8 13 11 19 -11 -2 -4 14 -7 -6 24 18 -9 -10 28 -12 -18 -15 -8 -26 27 -22 -14 -1
right_child=3 -3 12 -5 15 7 16 17 9 10 21 -13 20 23 -16 -17 22 -19 -20 -21 26 -23 -24 -25 25 -27 -28 -29 -30 -31
leaf_value=-0.00026004001332225471 -0.00011278829003826332 -0.00032560906604323304 -0.00017702744825478373 0.002131407518399272 -0.0005002913337176666 -0.0010395924700042289 -6.0845756594175851e-05 -0.00021719351473228692 -0.00094108285281600541 0.00072141596441824144 -0.00033413434400661577 0.0018257809785279585 0.0018821429963329758 -0.00011610744318899316 0.0012056306357773995 -0.0028234599417219898 -3.1979139334797904e-05 8.3958118247245977e-05 -0.00051582625397565425 0.0027567007921881258 0.00064750188311670865 -0.001144997332067968 0.00022700076344638195 0.00026399958857846879 -0.00067551263840595491 -0.00011324032284800966 -0.0018426526879242221 0.0021477038057737155 -0.00029743127075969046 0.00018312634483600988
leaf_weight=8908.3556230589747 3429.4614413529634 18780.912572983652 9318.3537526093423 2339.7728785946965 4880.5949219986796 566.57781527936459 35754.944234527647 40202.163936033845 1058.4045117497444 1628.7286748290062 12986.606198735535 1191.5470539480448 1464.2150790765882 25606.703509166837 3809.0843179672956 247.59778337180614 30714.943615891039 7187.2474432587624 12988.286104284227 94.917192451655865 49760.656407665461 6.4562589526176444 44530.15467595309 6730.2469457760453 2920.3206107765436 4481.1849634870887 949.58397691696882 16791.138047620654 3672.2474665604532 34406.931099008769
leaf_count=21527 11017 266090 22655 8145 12089 2404 102656 130902 1349 3360 39845 2713 3341 81205 11711 591 92584 21833 44402 254 121219 7 133221 21218 6907 12790 2338 39719 8881 83516
internal_value=-3.31601e-05 0.000188907 0.000288481 -0.000172221 -2.33233e-05 -0.000189112 -6.61584e-05 -0.000364883 -0.000720388 -0.00102208 -0.000794293 0.000309532 0.000472786 1.79488e-05 0.000957593 -0.00098794 4.65408e-05 -0.000597663 -0.000695155 -0.00391 0.000557354 -0.00103196 0.000190385 -0.000109199 -0.000204258 -0.000799659 0.000616579 0.000642358 -0.000220966 9.08798e-05
internal_weight=387408 149181 130400 238228 48443.5 235888 138798 97090.3 20396.1 15775.1 14621.8 4621.01 81956.2 36712.6 4375.66 5128.19 118402 60377.7 53190.5 1153.32 72637.8 12993.1 75245.1 32337 43156.4 7401.51 67501.4 66551.8 5136.46 43315.3
internal_count=1310489 581966 315876 728523 117723 720378 406703 313675 58545 44815 43212 13730 198153 116538 14115 12680 348158 197137 175304 1603 175498 39852 225805 102423 122353 19697 163276 160938 12222 105043
is_linear=0
shrinkage=0.05


Tree=67
num_leaves=31
num_cat=0
split_feature=16 18 6 16 7 4 1 7 16 1 7 18 16 7 7 4 10 4 1 4 7 10 7 5 16 4 16 16 0 0
split_gain=4.31633 3.67656 3.09754 2.50411 2.45933 2.05699 1.95632 1.78516 1.74675 1.74413 1.65346 1.61005 3.07405 2.26764 2.71504 1.58581 1.49211 1.47982 1.42382 1.35718 1.33768 2.31398 2.21177 1.26313 1.33523 3.07175 1.24843 1.16845 1.11261 1.11149
threshold=0.78674518472911437 0.93750000000000011 0.60355339059327384 0.9461910594647257 10.481293953298048 4.5000000000000009 1546.5000000000002 1.5890269151739729 0.83523104476989685 344.50000000000006 1.0000000180025095e-35 1.0541666666666669 0.93504912530908568 5.4004200416950168 6.7351858371076387 1.5000000000000002 7.8588067732183537 1.5000000000000002 2158.5000000000005 1.5000000000000002 5.1149908003866509 5.8568961415879626 7.1596805561968466 -0.78656609248549292 0.83596978670169342 1.5000000000000002 0.7434124931127456 0.74468638834487166 72.500000000000014 94.500000000000014
decision_type=2 2 2 2 2 2 2 2 2 2 2 2 2 2 2 2 2 2 2 2 2 2 2 2 2 2 2 2 2 2
left_child=1 -1 4 6 5 9 7 10 17 -3 -2 23 15 -14 -15 -13 19 -9 -4 26 -5 22 28 24 25 -10 -11 -28 -22 -8
right_child=3 2 18 20 -6 -7 29 8 11 16 -12 12 13 14 -16 -17 -18 -19 -20 -21 21 -23 -24 -25 -26 -27 27 -29 -30 -31
leaf_value=-0.00031200788631386149 -0.000301064506324043 -0.00033117227905622715 0.00069479559340027424 0.0032930180929737342 -0.0021441962802498092 0.00079816210981451116 -3.6120135821438026e-05 -0.00021810222113585466 -0.0019613110241679501 0.00068350434102672913 9.9800436446484408e-05 0.00195170855961469 -0.00046509393087676085 -0.0030436151114769695 -0.0028430247627720287 2.6665811427020739e-05 0.0008222781449377021 -5.2003610451982485e-05 0.0027213983234332774 0.00012251804271848146 -0.0018135471827677831 0.00090931139563830358 -0.0061165375047716663 -0.00019860707136771759 -0.00037331850705579626 -0.00048506829176745358 -0.0021216014988078942 -0.00036825716851619577 -0.0053463380695970009 0.00048370404173075021
leaf_weight=18897.907477669418 2837.5919036120176 7972.958645299077 17313.245177198201 1437.7075332030654 641.51588723808527 19736.477885849774 75041.30185380578 12431.480534777045 86.229364469647408 1974.9878467917442 21473.384691685438 689.28290420770645 47.356910645961761 33.409807085990906 25.256915986537933 5299.0205137729645 15538.829283047467 59934.653911150992 6424.5569448880851 55717.373989600688 46.372645445168018 830.88804322481155 10.535944007337092 37827.59566564858 11985.366911545396 226.49058226495981 207.22817339003086 4755.5054198987782 14.268712714314459 7949.5570337623358
leaf_count=261962 9223 19559 42291 4864 1636 48212 231356 35600 205 4425 62918 744 51 36 27 5711 36995 176139 15343 138860 186 3007 34 131288 42105 740 315 12368 54 24235
internal_value=-3.30906e-05 0.000177812 0.000272349 -0.00016516 0.000157271 0.000175968 -0.000181305 -0.00028739 -0.000361677 7.0506e-05 0.000105531 -0.000570756 0.000196626 -0.0082428 -0.0148126 0.000346047 0.000142337 -0.000199247 0.000788862 3.35656e-05 0.00146251 -4.67894e-05 -0.00869909 -0.000664055 -0.00110425 -0.00432961 -0.000625907 -0.00104903 -0.00502524 1.41384e-05
internal_weight=387408 149181 130283 238228 106545 105903 235888 152897 128586 86166.9 24311 56220 6094.33 106.024 58.6667 5988.3 78193.9 72366.1 23737.8 62655.1 2339.77 902.065 71.1773 50125.7 12298.1 312.72 6937.72 4962.73 60.6414 82990.9
internal_count=1310489 581966 320004 728523 262370 260734 720378 464787 392646 212522 72141 180907 6569 114 63 6455 192963 211739 57634 155968 8145 3281 274 174338 43050 945 17108 12683 240 255591
is_linear=0
shrinkage=0.05


Tree=68
num_leaves=31
num_cat=1
split_feature=4 16 5 8 10 16 16 8 16 10 2 0 18 0 17 4 16 5 0 16 9 10 9 12 18 16 9 10 16 10
split_gain=4.02904 3.50582 2.91144 2.01741 3.5275 1.9422 1.72523 1.84238 1.60299 1.50992 1.86671 1.35129 1.34516 1.30226 1.92397 1.09604 1.08082 1.09819 1.0734 1.06689 2.49339 1.06226 1.40821 0.964396 0.920969 0.889746 0.851195 0.846689 0.842253 0.828502
threshold=4.5000000000000009 0.86486683785997276 -1.0000000180025095e-35 2.524928003624769 6.3297016685451188 0.88321570753224454 0.78226511065443993 8.0173072902757028 0.90056769624314192 5.6929629503794645 0 66.500000000000014 0.95416666666666672 85.500000000000014 0.69355307585676318 2.5000000000000004 0.90374560103526036 -0.70710678118654735 54.500000000000007 0.93504912530908568 1.0000000180025095e-35 5.8568961415879626 4.4127799275304271 1.0000000180025095e-35 0.93750000000000011 0.68333810207629286 1.0000000180025095e-35 8.3125550392534944 0.86985364382818464 7.3777448829540324
decision_type=2 2 2 2 2 2 2 2 2 2 1 2 2 2 2 2 2 2 2 2 2 2 2 2 2 2 2 2 2 2
left_child=2 21 3 4 19 9 7 12 11 -5 18 -8 -4 -9 -15 -12 17 -7 -11 24 -21 -2 -23 -14 -1 -6 -20 -18 -17 -27
right_child=1 -3 6 5 25 16 8 13 -10 10 15 -13 23 14 -16 28 27 -19 26 20 -22 22 -24 -25 -26 29 -28 -29 -30 -31
leaf_value=-0.00045261465218202209 0.00014112487994087861 -0.00042634893134782737 -0.00017140089918746412 -0.00041147737156339154 0.0047438824576938408 -0.0010634235423119004 -0.00010297866660451787 -0.0011880623015894543 0.00071312711542283755 -0.0001680586846501242 -0.00025672145132478382 9.3199789454974374e-05 0.00047126185972829057 -0.0057312182326627846 -0.00079059589947268758 7.458751396969277e-05 -0.00051999078762426227 -0.00033133963194684966 -0.00032289506870973562 0.0020393263420125959 -0.0063346621045063086 0.00074523855071723035 -0.0010982202556482177 -0.0008512469778117947 -0.00013487238873677483 3.5606793145830444e-05 -0.00078657383859615448 0.0026260261525163746 -0.00044406521680365641 0.00045593038530057466
leaf_weight=5237.2000718824565 21650.015021268278 4482.8270333558321 9175.0332053229213 9029.8650844991207 985.52216666191816 1381.168419316411 69361.347307316959 359.56702427193522 4823.5691743567586 4750.2628029510379 19842.890131235123 30292.20296522975 44533.934265423566 36.691029250621796 36.432870864868164 28100.47520807758 1821.8040682300925 1094.4920721650124 1554.0968794897199 556.3032655492425 6.2068795040249816 31379.01792672649 1048.278961982578 636.82436337321997 59578.934500638396 17754.802076708525 2936.3760269656777 162.9802253767848 1212.9198846817017 13586.298201210797
leaf_count=63492 75233 15052 110018 35129 2602 4705 208804 1464 16514 16558 67890 90621 105344 48 219 96777 6534 3771 5261 1956 19 104658 3709 1648 154644 59089 10095 463 4112 44060
internal_value=-3.10829e-05 0.000351022 -9.91268e-05 -0.000243295 -9.53739e-05 -0.000444342 5.43994e-05 0.000281675 -6.47635e-05 -0.000377498 -0.000284456 -0.000107852 0.000307549 -0.00296807 -0.00905067 -0.000161737 -0.0014548 -0.00215169 -0.000936077 -0.000306629 0.00186152 0.000462409 0.000643481 0.00041966 -0.000325445 0.000331877 -0.00149134 -0.000585546 3.24806e-05 0.000285361
internal_weight=387408 58560.1 328848 169593 97705.3 71887.3 159256 54778.5 104477 67426.9 58397 99653.6 54345.8 432.691 73.1239 49156.3 4460.44 2475.66 9240.74 65378.6 562.51 54077.3 32427.3 45170.8 64816.1 32326.6 4490.47 1984.78 29313.4 31341.1
internal_count=1310489 198652 1111837 577157 325862 251295 534680 218741 315939 235822 200693 299425 217010 1731 267 168779 15473 8476 31914 220111 1975 183600 108367 106992 218136 105751 15356 6997 100889 103149
cat_boundaries=0 1
cat_threshold=4
is_linear=0
shrinkage=0.05


Tree=69
num_leaves=31
num_cat=0
split_feature=6 5 7 1 7 7 10 10 1 1 8 10 7 1 7 10 9 8 10 10 8 10 10 8 8 0 7 8 10 17
split_gain=3.97483 3.8502 3.00688 2.29356 1.90286 2.53038 2.34523 2.70247 1.87286 1.75898 1.67567 1.56378 1.69582 1.32077 1.30301 1.22172 1.12338 1.08115 1.04808 1.00334 0.936956 0.875368 0.87211 0.970052 0.961994 0.867314 0.853179 0.853024 1.38182 0.794083
threshold=0.25881904510252057 -0.37940952255126059 10.481293953298048 4349.5000000000009 1.0000000180025095e-35 1.0397207708399181 5.5747840338677612 1.0914388665473447 234.50000000000003 1867.5000000000002 3.3842466058243152 7.9827405244537077 7.8933854715247564 5086.5000000000009 5.8847132099692177 7.3777448829540324 1.0000000180025095e-35 2.740319461670996 7.6085905625571861 7.9292096708947346 5.3156629864430025 7.9613966382746204 7.2537824175455921 4.945201156493737 1.4978661367769956 48.500000000000007 3.0201273556387074 0.89587973461402759 5.905479208128825 0.64853776465145774
decision_type=2 2 2 2 2 2 2 2 2 2 2 2 2 2 2 2 2 2 2 2 2 2 2 2 2 2 2 2 2 2
left_child=2 13 3 4 -1 -6 7 -7 14 27 15 12 -12 22 20 25 -4 26 -11 -18 -8 -5 24 -24 -2 -10 -9 28 -3 -28
right_child=1 9 16 21 5 6 8 17 10 18 11 -13 -14 -15 -16 -17 19 -19 -20 -21 -22 -23 23 -25 -26 -27 29 -29 -30 -31
leaf_value=-0.00042238152984193161 -7.7697864345913092e-05 0.00017118627359895348 -0.011151045331154484 0.00036440116910162055 0.00021099339988942396 2.1932274232869949e-05 -0.00022184222757724929 -0.00039059933352792874 -0.00016755835854112973 0.00068529298856357258 -0.00015560678076853021 0.00011712892545736182 -0.00057039916963656269 0.0014328394490107561 -0.00077904482861612429 0.00029992301216150434 -0.0025570426821920375 -0.00040028816337291838 0.0028576518263368211 -0.00089357744086024935 -0.001615406195454363 0.0025643582469647001 0.00033289832601375303 -0.00039579258253686776 -0.00037630341984236653 6.4869204043650078e-05 0.00032028301670013681 8.5957106492225849e-05 0.0010665843776640777 -0.00018842335519632034
leaf_weight=4513.5408816970885 15598.876971852034 13504.290537536144 8.4425009451806527 16360.036919701844 24095.745791018009 21574.128455065191 2663.9968661889434 14369.072582241148 18822.413980826735 14671.793291319162 40915.922232575715 22519.6712173298 7460.3395358510315 2301.937886107713 1252.2409800812602 27265.7007166408 178.21530510112643 11437.247519757599 4669.9583695232868 1294.6551395468414 37.020337373018265 2123.6566963493824 9205.8614998012781 5152.1075654774904 11132.953048791736 34097.789842974395 2311.0286605358124 28163.033541787416 5826.2468077614903 23880.413432128727
leaf_count=16712 52581 45301 32 55815 76021 73818 8614 46682 62510 50518 143902 71493 28737 7868 4411 87660 690 43135 15327 4442 137 6378 30716 17927 40027 111777 2859 98522 18870 87007
internal_value=-2.9873e-05 0.000224097 -0.00013087 -0.000118798 -0.000157457 -0.000139282 -0.000190649 -0.000423125 -8.03281e-05 0.000462202 -5.2217e-05 -0.000229308 -0.000389526 -0.00014265 -0.00115465 0.000104357 -0.00237755 -0.00061832 0.000864147 -0.0022733 -0.000536571 0.000419176 -0.000207942 0.000106366 -0.000376761 -3.5732e-05 -0.000497252 0.00029851 0.000554281 -0.000327399
internal_weight=387408 110227 277181 275700 257216 252703 228607 73571.9 155035 66835.3 151082 70895.9 48376.3 43391.7 3953.26 80185.9 1481.31 51997.8 19341.8 1472.87 2701.02 18483.7 41089.8 14358 26731.8 52920.2 40560.5 47493.6 19330.5 26191.4
internal_count=1310489 377657 932832 927668 865475 848763 772742 253501 519241 228538 506079 244132 172639 149119 13162 261947 5164 179683 65845 5132 8751 62193 141251 48643 92608 174287 136548 162693 64171 89866
is_linear=0
shrinkage=0.05


Tree=70
num_leaves=31
num_cat=0
split_feature=6 5 16 16 0 8 10 18 16 10 1 7 1 16 8 1 10 8 9 1 7 10 1 9 1 1 0 1 8 7
split_gain=3.9217 2.61039 2.02148 1.917 1.88019 1.73378 1.445 1.44053 1.33701 1.44706 1.29708 1.94881 1.25232 1.21991 1.21601 1.19022 1.16863 1.04266 1.11073 1.00767 1.00357 1.00336 0.964696 0.965062 0.927725 0.922053 1.05721 0.878605 0.877528 1.00929
threshold=1.0000000180025095e-35 -0.60355339059327362 0.68333810207629286 0.78844554839369796 64.500000000000014 6.3126414277150058 8.0036029533214368 0.94583333333333341 0.82340483352627902 6.6984141434628581 675.50000000000011 5.8362705921142739 2182.5000000000005 0.9461910594647257 6.8653694264271499 326.50000000000006 7.4355970572708285 8.336749862461053 2.4414009612931857 5086.5000000000009 9.418979118496674 1.0914388665473447 371.50000000000006 1.0000000180025095e-35 6033.5000000000009 831.50000000000011 83.500000000000014 604.50000000000011 1.0000000180025095e-35 1.0000000180025095e-35
decision_type=2 2 2 2 2 2 2 2 2 2 2 2 2 2 2 2 2 2 2 2 2 2 2 2 2 2 2 2 2 2
left_child=2 8 -1 7 6 10 13 -3 9 20 11 -6 -9 17 27 -13 21 19 -19 28 -2 -12 23 -7 -18 -16 -27 -11 29 -4
right_child=1 3 4 -5 5 22 -8 12 -10 14 16 15 -14 -15 25 -17 24 18 -20 -21 -22 -23 -24 -25 -26 26 -28 -29 -30 -31
leaf_value=0.0019103613972377171 -0.00015565196741110094 -0.00014523601258754142 -0.00039946898080303779 9.5627023132631442e-05 -1.7810120272666874e-05 -0.00079433855526586043 0.00011532151932592619 0.00058967725968121364 -0.00022023596996343238 -0.00024618982192767708 0.00039787055718959051 -0.0010966593208999122 0.0023262772914776188 0.0020002940484129582 -0.0013280657038772477 -0.000404259874268402 0.00048230234161304036 0.0024396713801055725 -0.0017596484179646999 0.0003339378255267589 -0.0017055912225792233 -4.1563965430953255e-05 -0.00053950148441920739 -0.00065132290863092199 0.0050313476375841134 0.00039545900651133533 -0.0038501580754165283 0.00082068208468613353 -0.00022854564280201176 -7.096642069064352e-05
leaf_weight=6093.2661229968071 16422.924481276423 4669.2169130444527 2861.3435483649373 56655.703126966953 14650.506583929062 10.366034377366303 17275.637531429529 23627.701411742717 17085.967921286821 2400.0117378346622 8733.3074293918908 692.90897538140416 8028.8551193550229 813.76681969314814 350.04861757904291 2799.1926965266466 14902.63140534237 49.30362693220377 138.69745733588934 6131.0591540522873 5.9125848785042754 35134.095464684069 5575.6585647426546 226.35269835218787 794.58865348249674 762.010269228369 197.38524972274899 11252.469706509262 84790.845232546329 44538.741731852293
leaf_count=16554 58754 64788 10643 174404 47989 38 53869 58286 55319 8349 29541 2389 19454 2859 1284 9811 49036 205 557 21018 29 117618 19137 843 2574 2816 666 39226 297086 146063
internal_value=-3.05879e-05 0.000179217 -0.000151129 0.000334305 -0.000173951 1.76324e-05 -0.000276129 0.000617834 -0.00011825 7.54762e-05 7.99369e-05 -0.000290204 0.000738758 -0.000329612 0.000431208 -0.00135162 0.000192677 -0.000340953 -0.00406201 -0.000335895 -0.000248493 6.01958e-05 -0.000815333 -0.00394156 0.000562909 -0.00102427 -0.000222835 0.000570807 -0.000364959 -0.000192659
internal_weight=387670 141458 246212 92981.5 240119 83519.6 156599 36325.8 48476.7 31390.8 77707.2 18142.6 31656.6 139324 14961.9 3492.1 59564.6 138510 188.001 138322 16428.8 43867.4 5812.38 236.719 15697.2 1309.44 959.396 13652.5 132191 47400.1
internal_count=1311205 483375 827830 316932 811276 278976 532300 142528 166443 111124 258958 60189 77740 478431 52341 12200 198769 475572 762 474810 58783 147159 20018 881 51610 4766 3482 47575 453792 156706
is_linear=0
shrinkage=0.05


Tree=71
num_leaves=31
num_cat=0
split_feature=6 16 4 1 8 0 16 16 16 1 4 17 17 16 16 9 17 7 7 4 6 3 1 1 0 7 17 5 16 8
split_gain=3.58062 2.34055 2.0428 1.55951 1.55854 1.54221 1.59305 1.5143 2.61081 1.73771 1.6541 1.42914 1.38866 1.36685 1.31706 1.2902 1.17243 1.17085 1.1451 1.1223 1.074 1.06147 1.35625 1.14042 1.06648 0.998867 1.97045 0.950102 1.01098 0.933069
threshold=1.0000000180025095e-35 0.81218281370748857 4.5000000000000009 2833.5000000000005 1.7005986908310777 61.500000000000007 0.89781489096933687 0.84649134540172921 0.8470278619941235 221.50000000000003 1.5000000000000002 0.81255460543382585 0.79030688939026439 0.87970026051821659 0.70870188235304732 3.9219243190762363 0.79620633950044073 10.297790450505167 3.8393944990995772 1.5000000000000002 0.78656609248549303 1.0000000180025095e-35 604.50000000000011 540.50000000000011 39.500000000000007 2.524928003624769 0.65933186473910388 -0.60355339059327362 0.81536292963384094 9.2161236117894116
decision_type=2 2 2 2 2 2 2 2 2 2 2 2 2 2 2 2 2 2 2 2 2 2 2 2 2 2 2 2 2 2
left_child=2 3 4 11 5 6 14 9 12 -6 13 15 -9 -10 -1 21 -8 18 -11 -20 -5 23 -23 -2 25 26 -24 -3 -29 -19
right_child=1 27 -4 20 7 -7 16 8 10 17 -12 -13 -14 -15 -16 -17 -18 29 19 -21 -22 22 24 -25 -26 -27 -28 28 -30 -31
leaf_value=0.0018468147038295246 0.00033174301191838469 -0.0001481449434283494 0.00015028965302430755 0.00067532234609667813 -0.00060047669914838715 0.0001241801927113942 0.0016029120000062625 -0.0012879186525030489 0.0013851698593654539 -0.00039528250125899574 -0.00028794441394007221 -0.00039986197242839334 0.00062460953891100852 -0.00016765644624907735 -0.00014865640478304231 -0.00058937018765043434 -0.00050759203898218604 -0.00085466464478353363 -0.00025297311816341246 -4.7523803022840598e-05 0.0028770559544836235 -0.00019740944158308656 -0.0021014636072709835 0.0021559809939914218 0.0004096974598803739 9.8633245417102672e-05 -6.0641979246499336e-05 -0.0004140181174939507 9.2230140073448069e-05 -0.005228515164752234
leaf_weight=2647.8123122826219 7063.0453108623624 21506.346218347549 37284.701188649982 8787.0894452370703 1655.0451053790748 36914.20416476205 1514.8874228298664 539.79704093933105 995.98402325063944 7153.4078549966216 18554.052698284388 3930.9234010837972 116.65171609818935 1769.6188509985805 55352.995031371713 2091.5546842366457 537.0176392570138 1204.7214168012142 10075.666968807578 69866.359998453408 4841.0630869790912 7257.0197055563331 442.6836678981781 5377.2130739204586 33630.502832874656 4801.5560215786099 897.88025392964482 3021.9368042573333 37809.39263266325 29.34629825130105
leaf_count=6948 20243 68223 125886 30773 5657 119711 3317 708 2994 23921 62245 58712 630 5423 184202 6163 3735 4187 35107 243037 16948 21316 551 15831 97796 14158 3358 7707 121596 122
internal_value=-2.92387e-05 0.000171236 -0.000144419 0.000351764 -0.00020526 -5.85184e-05 -0.000214855 -0.000332349 -0.000704442 -0.000241477 -0.000608813 0.000250503 -0.00381023 0.000531923 -0.000263292 0.000309524 0.00115431 -0.0002114 -0.000189731 -0.000135498 0.000838391 0.000352451 0.000243807 0.000763172 0.000358501 -0.000247345 -0.00145408 -5.78955e-05 8.37707e-05 -0.00174071
internal_weight=387670 141458 246212 79120.5 208928 96966.9 60052.7 111961 21976.1 89984.5 21319.7 65492.4 656.449 2765.6 58000.8 61561.5 2051.91 88329.5 87095.4 79942 13628.2 59469.9 47029.6 12440.3 39772.6 6142.12 1340.56 62337.7 40831.3 1234.07
internal_count=1311205 483375 827830 285849 701944 317913 198202 384031 72000 312031 70662 238128 1338 8417 191150 179416 7052 306374 302065 278144 47721 173253 137179 36074 115863 18067 3909 197526 129303 4309
is_linear=0
shrinkage=0.05


Tree=72
num_leaves=31
num_cat=0
split_feature=6 10 16 4 10 8 8 8 8 1 10 16 16 18 16 16 17 10 16 12 8 1 16 10 1 16 16 8 8 4
split_gain=3.24645 2.13985 2.95962 1.79296 1.87891 2.1917 1.76473 1.46059 1.42772 1.41283 1.323 1.30672 1.32008 1.15814 1.10997 1.43378 1.45431 1.15018 1.08849 1.05222 1.38077 0.969959 1.20044 0.860654 0.868458 0.858856 0.838158 0.794619 0.906349 0.734065
threshold=1.0000000180025095e-35 6.1117791469975336 0.83327601148575159 4.5000000000000009 7.9933290451173296 2.6735537653587351 6.0672668391739295 4.297262267176281 3.8176519431297078 639.50000000000011 8.0656092028552901 0.91167763378283551 0.71230193001861186 0.95416666666666672 0.84649134540172921 0.8470278619941235 0.66164817016019506 6.9867790336588564 0.86985364382818464 1.0000000180025095e-35 0.89587973461402759 289.50000000000006 0.74201131889676508 5.2128942736536876 942.50000000000011 0.7320314144775445 0.90748563302870633 6.1994939452674993 6.2176031103882972 1.5000000000000002
decision_type=2 2 2 2 2 2 2 2 2 2 2 2 2 2 2 2 2 2 2 2 2 2 2 2 2 2 2 2 2 2
left_child=3 19 6 4 5 11 21 -4 -6 -8 18 12 -1 -14 29 16 17 23 -9 20 -2 -3 -23 24 -16 -5 -20 -17 -29 -7
right_child=1 2 7 25 8 14 9 10 -10 -11 -12 -13 13 -15 15 27 -18 -19 26 -21 -22 22 -24 -25 -26 -27 -28 28 -30 -31
leaf_value=0.0012692331527293947 0.00010913514561997629 -0.0002467796318599072 7.2626346061713254e-05 0.00182370587674153 0.0006951018237568191 -0.0003134235435777115 -0.00073337959248984087 -0.00041502103077642325 -1.6442943939083689e-05 0.00016129125387508993 0.0001830339509348307 0.0010963191902176818 -0.00028585495383147977 -6.8305718879365165e-05 -0.00092592712791849492 -0.00024081073133194777 1.3567834709654961e-05 -0.0019251691788726697 -0.0009846054250855032 -0.00047609998315852194 -0.00015548185858261371 0.0028269781545747041 0.00046102080729970574 -0.00044663113890036426 -0.0017627108858811634 7.2279293543938563e-05 -0.0001055813321060535 -0.0022148311226762932 -0.00049979710691809478 -0.00020740652411578507
leaf_weight=5662.4491154551506 36738.968383058906 2003.2457587234676 13099.524685762823 4092.3715255856514 7365.8811538815498 6095.8045741207898 1394.0148821547627 2973.9293354004622 18343.498531479388 6348.5748721249402 2187.6586305871606 2434.651849232614 13654.772833589464 98362.315695747733 19.246993184089661 10746.037055395544 157.47495343536139 114.71712237596512 1293.9945915192366 2461.9544593431056 25439.825019113719 7962.2737534120679 39212.790678564459 118.20120424032211 16.119467914104462 33192.329663064331 341.45208965986967 44.78562667965889 1326.7463105171919 44464.866055514663
leaf_count=14569 121780 6875 42159 10276 21620 22257 5034 9974 57971 22520 6966 8363 128704 245778 25 36639 530 146 4363 9305 92184 19887 141037 148 21 115610 1291 139 4511 160523
internal_value=-2.6997e-05 0.000163893 0.000342283 -0.000136671 -0.00019367 -0.000249837 0.000525773 -0.00018265 0.00020661 -0.000175872 -0.000777371 -0.000124492 -0.000148213 -0.000185864 -0.000488423 -0.000909438 -0.00376131 -0.00600015 -0.00125794 -4.8101e-05 -7.95997e-06 0.000636239 0.000681997 -0.00317059 -0.0100136 0.000182728 -0.00229406 -0.000809235 -0.00194258 -0.000383976
internal_weight=387670 141458 76817.5 246212 208928 183218 56920.9 19896.6 25709.4 7742.59 6797.03 120114 117680 112017 63104 12543.3 425.76 268.285 4609.38 64640.7 62178.8 49178.3 47175.1 153.568 35.3665 37284.7 1635.45 12117.6 1371.53 50560.7
internal_count=1311205 483375 260106 827830 701944 622353 195353 64753 79591 27554 22594 397414 389051 374482 224939 42159 870 340 15628 223269 213964 167799 160924 194 46 125886 5654 41289 4650 182780
is_linear=0
shrinkage=0.05


Tree=73
num_leaves=31
num_cat=1
split_feature=4 16 16 6 6 16 5 16 7 7 5 0 7 9 2 10 7 10 9 18 10 10 10 4 16 16 7 7 10 0
split_gain=3.01871 4.00286 2.27827 2.01857 1.73045 1.63422 1.74627 1.93846 1.37076 1.22861 1.20756 1.18898 1.37191 1.09635 1.04775 0.903772 1.12329 0.901054 0.941327 0.89756 0.861582 0.836389 0.830936 0.828004 1.78383 2.2218 0.854444 0.827971 0.838144 0.930073
threshold=3.5000000000000004 0.85076214567902253 0.90374560103526036 -0.70710678118654757 1.0000000180025095e-35 0.71230193001861186 -0.60355339059327362 0.88321570753224454 3.5972184255501678 5.9725357258298626 -0.37940952255126059 47.500000000000007 10.297790450505167 7.9345057026993775 0 7.5081166522515774 10.113667430069365 6.0354018228882049 4.5695295849856103 0.98750000000000016 6.6567834978476315 4.9336050502534485 7.6630053345060398 1.5000000000000002 0.8423321668866619 0.83214013540678655 2.524928003624769 6.7351858371076387 8.0554591761172674 55.500000000000007
decision_type=2 2 2 2 2 2 2 2 2 2 2 2 2 2 1 2 2 2 2 2 2 2 2 2 2 2 2 2 2 2
left_child=2 4 3 11 15 -5 7 21 -4 -9 20 -1 17 -14 -10 -2 -17 -13 -19 -8 -6 23 -11 24 25 -7 -27 -3 29 -29
right_child=1 27 8 5 10 6 19 9 14 22 -12 12 13 -15 -16 16 -18 18 -20 -21 -22 -23 -24 -25 -26 26 -28 28 -30 -31
leaf_value=-0.00028221257134983805 1.669149701346434e-05 -0.00015708566904215247 0.0016094064308762287 0.0011894977748542646 -7.6550621698564392e-05 -0.00029617174883794437 -5.4203392431025761e-05 -0.00036491592947814348 -0.00045160011326913119 -0.0012074603432774185 0.00085724283006873708 -0.00021149267050760807 -0.00110974750291883 -0.0042383630197901567 0.00071745121493102808 0.00057675682611106963 -0.00099403430623359055 1.5579070681460279e-05 -0.0008259112995927288 0.00013622283051391293 0.00065281960422233223 -5.9423927188012596e-05 -0.00058698912035216465 -0.00016164217689497649 0.0019581003951527464 -0.00081135522016013192 -0.0017082748877926259 -0.00021725152397779961 1.3522408902141501e-06 -0.001072523601232736
leaf_weight=28891.27644366771 55074.667102199048 15875.588645279408 3114.2135298103094 7936.9865233078599 9572.1627178713679 3177.9147216714919 46011.349145162851 1881.802959151566 1466.2809811756015 344.00651006400585 23134.272298760712 22792.220136292279 410.49039394035935 18.063789993524551 3569.4246734157205 18173.859363157302 641.54201536253095 29768.40935158357 784.8615134395659 43852.070256762207 8593.550503578037 42931.976708561182 413.91387999802828 15920.676956512034 365.82985433191061 176.75387432426214 179.9438930824399 756.15449247509241 795.20287177711725 1045.0107641294599
leaf_count=97818 188200 52241 10442 20610 33597 10862 224915 6267 5043 1148 79487 76698 1417 55 12303 59888 2192 98059 2729 81722 29337 147681 1353 55223 1101 898 941 2645 2635 3698
internal_value=-2.69447e-05 0.000165395 -0.000128156 -0.00015542 0.000274967 -5.34526e-05 -8.92274e-05 -0.000285802 0.000694303 -0.00161311 0.000534182 -0.000356717 -0.000217724 -0.00303541 0.000184364 0.000130082 0.000429257 -0.000195088 -1.76037e-05 5.38182e-05 0.000229077 -0.000229968 -0.00331281 -0.000498616 -0.00115152 -0.00149552 -0.00523724 -0.000517891 -0.00134565 -0.00194256
internal_weight=387670 133662 254008 245859 115190 163193 155256 65392.8 8149.92 2639.72 41300 82665.3 53774 428.554 5035.71 73890.1 18815.4 53345.5 30553.3 89863.4 18165.7 62753.1 757.92 19821.1 3900.44 3534.61 356.698 18472 2596.37 1801.17
internal_count=1311205 453920 857285 829497 392701 552721 532111 225474 27788 8768 142421 276776 178958 1472 17346 250280 62080 177486 100788 306637 62934 216706 2501 69025 13802 12701 1839 61219 8978 6343
cat_boundaries=0 1
cat_threshold=4
is_linear=0
shrinkage=0.05


Tree=74
num_leaves=31
num_cat=0
split_feature=1 10 8 16 1 10 8 7 10 6 8 7 7 8 1 0 7 7 0 16 10 7 16 10 7 16 8 7 8 7
split_gain=2.97968 2.59507 3.80644 2.45838 2.57598 2.3885 2.16778 2.22979 2.22636 1.6811 1.60783 7.30472 7.55143 1.28053 1.34462 1.0839 1.06962 1.3639 1.04302 1.04137 0.987562 1.18909 0.939979 0.917455 1.27872 0.90754 0.905117 0.897322 1.09794 3.71436
threshold=6033.5000000000009 6.1117791469975336 3.4175922930736511 0.8423321668866619 289.50000000000006 8.0656092028552901 1.0000000180025095e-35 1.0000000180025095e-35 0.47873179439478714 -0.12940952255126037 3.4498615536424366 6.6457407421766872 6.6637708581706061 7.7896613911804815 3061.5000000000005 47.500000000000007 1.0397207708399181 2.3502401828962087 46.500000000000007 0.83375273960117646 7.8834697857258513 10.113667430069365 0.70870188235304732 7.7977218626321037 10.791892978568784 0.9461910594647257 6.1994939452674993 3.0201273556387074 2.740319461670996 7.8007773629641965
decision_type=2 2 2 2 2 2 2 2 2 2 2 2 2 2 2 2 2 2 2 2 2 2 2 2 2 2 2 2 2 2
left_child=1 6 9 4 -4 10 7 -1 16 18 11 -5 -13 14 -6 -10 -9 -18 -3 -11 21 -15 -23 -24 -25 -21 -12 -8 29 -29
right_child=-2 2 3 5 13 -7 27 8 15 19 26 12 -14 20 -16 -17 17 -19 -20 25 -22 22 23 24 -26 -27 -28 28 -30 -31
leaf_value=-0.00038835842960552108 0.0010101691186327755 -0.0001236477419947195 -0.00054972644282801845 -0.00016269356569962521 -7.6530484902172239e-06 0.00018340170621473049 -0.00046522040963585358 0.00040304411875785942 -0.00025881138700699672 0.00060289984349282198 -0.0002961636185977543 -0.0037025719495793656 -0.00022964207752259534 -0.00091861384526654782 0.0010643293829347769 -1.1991875418745912e-05 -0.00026104183613772232 0.00024332427752461055 0.00017793581316034591 1.5318780897941726e-05 -0.00026536843211169558 -0.0045252583621546378 -0.0020208899219616972 -0.0026466788718565908 -0.0023636422058782081 0.0047347877970242555 -0.0006192168114595002 -9.2383864289432435e-05 -0.00028075843548904661 -0.0037819803377155425
leaf_weight=6498.2866327278316 14021.454191096127 19087.783688943833 2460.6814493536949 159.71381048858166 65203.141962211579 5242.2738602682948 5277.6507817171514 15355.283497203141 16444.262051537633 32357.85643998906 11717.983828641474 24.027094997465611 19.322692170739174 640.59565871581435 7985.0892918594182 30622.829584851861 7085.4360395222902 14387.10192931816 43810.246524814516 11223.361592546105 2635.7130940556526 7.9271543323993674 102.7365783341229 12.89697854220867 30.352320555597544 300.51935160160065 2821.2999421134591 45985.566458411515 26135.300981551409 13.781408365815876
leaf_count=24227 47240 62618 8707 518 227111 16365 17603 49404 54250 108152 39249 36 59 2576 27170 99581 23498 48561 141515 35680 8790 19 484 38 73 1053 9574 157916 99101 37
internal_value=-2.60434e-05 -5.28961e-05 6.60766e-05 -0.000157151 -3.19368e-05 -0.000652624 -0.000198837 -3.25299e-05 3.65841e-05 0.000273174 -0.000978582 -0.00539696 -0.0235996 1.92044e-05 6.3457e-05 -0.000191255 0.00032777 9.9902e-05 0.000107465 0.000510693 -0.000924982 -0.0024702 -0.00641643 -0.0055059 -0.011615 0.000102543 -0.000916873 -0.000393032 -0.000346987 -0.00019995
internal_weight=387670 373649 205844 99063.8 79079.1 19984.6 167805 90393.2 83894.9 106780 14742.3 203.064 43.3498 76618.5 73188.2 47067.1 36827.8 21472.5 62898 43881.7 3430.22 794.509 153.913 145.986 43.2493 11523.9 14539.3 77412.3 72134.6 45999.3
internal_count=1311205 1263965 689787 340769 274968 65801 574178 299521 275294 349018 49436 613 95 266261 254281 153831 121463 72059 204133 144885 11980 3190 614 595 111 36733 48823 274657 257054 157953
is_linear=0
shrinkage=0.05


Tree=75
num_leaves=31
num_cat=2
split_feature=5 10 8 16 16 10 10 2 8 10 2 16 16 16 17 0 0 10 0 10 7 8 7 0 8 16 10 0 17 0
split_gain=2.53153 1.97124 3.16124 1.74928 1.56813 1.17674 1.73658 1.14733 1.3153 1.08346 1.07162 0.963344 1.06409 1.0364 2.35055 1.18087 1.14847 1.73677 1.54608 0.962569 2.26864 0.901005 0.856058 1.54508 1.84092 1.00768 0.864596 0.8208 0.815455 0.843852
threshold=0.12940952255126045 5.8817821543845819 6.2547894266644208 0.78554027385569514 0.74201131889676508 0.47873179439478714 0.0066058531364937851 0 2.524928003624769 8.1771991942971045 1 0.88926421891343954 0.84649134540172921 0.8470278619941235 0.65090371963234628 41.500000000000007 60.500000000000007 6.3532720516638044 52.500000000000007 7.9827405244537077 10.481293953298048 2.524928003624769 8.4446224754573418 112.50000000000001 6.4159146208419617 0.86985364382818464 7.5945810933342663 35.500000000000007 0.65641077446366225 48.500000000000007
decision_type=2 2 2 2 2 2 2 1 2 2 1 2 2 2 2 2 2 2 2 2 2 2 2 2 2 2 2 2 2 2
left_child=1 5 4 -2 10 6 -1 27 -9 -10 21 12 28 14 15 -14 17 18 -17 20 22 -3 -4 -24 -25 26 -26 -6 -5 -30
right_child=3 2 19 11 7 -7 -8 8 9 -11 -12 -13 13 -15 -16 16 -18 -19 -20 -21 -22 -23 23 24 25 -27 -28 -29 29 -31
leaf_value=-0.00022601745879363561 0.00035047668939307969 0.0009143378698413078 -0.0003357729038426738 0.00021967090371709241 -0.00041878051734130922 -0.0002069236314493999 0.00015173104946586066 5.9243737791031538e-05 -0.00021640132385177259 0.00034411451028728283 0.0016603763546440499 0.00040023708732297753 0.0017400197168008975 -0.00011912236837164116 -9.4901155169885992e-05 -0.0020352200330503788 -0.0016825670562407768 -0.0014041814540627245 -0.0020281783230418709 -0.00024681321757726585 -0.0027612084034184768 -0.0010149966024467401 -0.00079963315518504082 -0.0073846913595969101 -0.0038736469952748349 -0.0033457293956732207 0.0031130827105911433 0.0002727319960566521 -0.00013024651356921408 6.1660196904692735e-05
leaf_weight=12053.081391233951 59961.387390363961 1564.0087891146541 4462.2701638899744 13824.482871353626 3703.5423273555934 62466.480169408023 19164.100662901998 28682.144793402404 29804.464904878289 3574.4310711510479 12429.615347333252 6555.7306055501103 37.010873734951019 21975.06745570153 565.17136404663324 33.841163694858551 97.914649724960327 44.984236001968384 16.731645405292511 8577.9909710362554 171.50943448022008 1533.5160204321146 2036.1859865300357 10.189825739711521 27.679934233427048 6.2550133541226378 35.998360749334097 39627.110180195421 18955.829791150987 35534.359302729368
leaf_count=41821 232194 3881 16317 17462 13161 217870 65063 96395 107943 10762 30631 22777 46 70251 1415 43 124 57 21 28093 647 3860 7895 26 89 19 129 137309 64445 120490
internal_value=-1.89592e-05 -0.00012476 -3.36278e-06 0.000135397 8.23868e-05 -0.000301312 -5.06408e-05 1.32742e-05 -0.000124568 -0.000337963 0.000551494 4.85865e-06 -3.72751e-05 -0.000333283 -0.00210604 -0.00636167 -0.007927 -0.0118266 -0.018184 -0.000679817 -0.00112648 -0.000280699 -0.000978475 -0.00180669 -0.0086173 -0.00572429 -0.0038432 0.000210681 6.13904e-05 -2.56214e-05
internal_weight=387533 229931 136247 157603 120919 93683.7 31217.2 105392 62061 33378.9 15527.1 97641.1 91085.4 22770.7 795.654 230.483 193.472 95.557 50.5728 15328.1 6750.09 3097.52 6578.58 2116.31 80.1231 69.9333 63.6783 43330.7 68314.7 54490.2
internal_count=1311236 781911 457157 529325 403942 324754 106884 365570 215100 118705 38372 297131 274354 71957 1706 291 245 121 64 53215 25122 7741 24475 8158 263 237 218 150470 202397 184935
cat_boundaries=0 1 2
cat_threshold=3 4
is_linear=0
shrinkage=0.05


Tree=76
num_leaves=31
num_cat=0
split_feature=6 5 1 7 1 16 10 10 16 16 8 18 16 0 1 7 10 8 17 7 10 9 10 10 10 9 18 5 8 16
split_gain=2.75752 2.19595 2.14081 1.93618 1.61415 1.60903 1.51328 1.4192 1.26815 1.28747 1.34578 1.36632 1.83065 1.16246 1.1197 1.11186 1.11101 1.02995 1.02495 1.00627 0.967824 1.1276 1.02203 1.58859 0.963313 1.24816 1.66456 0.953625 0.942431 0.925344
threshold=0.25881904510252057 -0.60355339059327362 221.50000000000003 10.481293953298048 1849.5000000000002 0.74201131889676508 7.8710827681682654 7.3161142606381642 0.9461910594647257 0.8423321668866619 3.1567740231385479 1.0041666666666669 0.84851765780272259 48.500000000000007 2573.5000000000005 7.7712779230915112 6.7769113658813378 8.336749862461053 0.66268314391858796 5.0968083143154814 5.751176346912966 3.0201273556387074 0.80344726361328889 0.0066058531364937851 8.0757038079184476 6.7770404283282799 1.0125000000000002 -0.9159756150367534 1.0000000180025095e-35 0.90056769624314192
decision_type=2 2 2 2 2 2 2 2 2 2 2 2 2 2 2 2 2 2 2 2 2 2 2 2 2 2 2 2 2 2
left_child=2 7 19 5 28 14 27 15 9 13 11 -11 -13 -7 -4 -2 -6 -17 -8 -1 22 -22 23 -15 -12 -26 -27 -5 29 -3
right_child=1 4 3 6 16 8 18 -9 -10 10 24 12 -14 20 -16 17 -18 -19 -20 -21 21 -23 -24 -25 25 26 -28 -29 -30 -31
leaf_value=-0.00025511656681507096 -0.00021406450769182324 0.00022864282133597258 0.00018662901108545266 -0.0036308633998760002 0.00037916668084721217 -0.00011551098471397938 -0.0022406405901101325 0.00023047597478089018 0.0020328895958998021 -0.00015401242475414288 -0.00030903283704302663 -0.00041310442167140604 0.00030247424506870194 -0.00021471658585395378 0.002490500329610304 -0.0013299415545199493 0.0015979542714882487 -0.004937446306433853 -0.00027447686085750876 -0.00066078298186128786 0.00015648465401279339 -0.00031898425865053981 -0.00017137687519168111 0.00033875166485178022 0.00012176969860471301 -0.00066645039293661973 -0.0062279909270386681 -0.0022282989524764285 1.8822757052365872e-05 0.0029234940101508598
leaf_weight=5642.1254267767072 20432.647772669792 19241.634696606547 24820.160276085138 29.826446816325188 13147.984360139817 62715.157115496695 386.82138651609421 10372.25075366348 1521.7175072655082 26667.62564394623 14800.869493238628 1968.63452064991 8581.6451051831245 5465.9637665003538 5956.496002882719 259.03728473931551 10220.296460676938 6.3594792298972598 939.37965267151594 1570.2073459848762 65799.615882217884 6924.8659842275083 29606.420939035714 10528.804448716342 3247.4879333525896 11.605916738510134 7.9798184037208548 113.21671822667122 35901.95137417689 644.29718404263258
leaf_count=18105 70598 63627 61975 111 45266 225208 482 34940 5322 102342 49866 2878 13127 19871 14690 1028 34405 31 4099 5573 231053 25449 105650 37498 9937 49 12 458 125417 2169
internal_value=-1.94462e-05 0.000192103 -0.000103535 -8.08333e-05 0.000331923 -7.09327e-05 -0.00189097 -0.000164108 -0.000114952 -0.000124216 -0.000335401 -0.00016352 0.000318129 -5.97247e-05 0.000269255 -0.000403324 0.000680788 -0.00361879 -0.00136397 -0.000953692 3.2515e-05 0.000145749 -0.00014807 0.000173976 -0.000689458 8.76185e-05 -0.0124967 -0.00677697 0.000185792 0.00046192
internal_weight=387533 110226 277307 270094 79156.2 268625 1469.24 31070.3 237848 236327 55285.8 37217.9 10550.3 181041 30776.7 20698 23368.3 265.397 1326.2 7212.33 118326 72724.5 45601.2 15994.8 18067.9 3267.07 19.5857 143.043 55787.9 19885.9
internal_count=1311236 377481 933755 910077 270884 904927 5150 106597 828262 822940 178211 118347 16005 644729 76665 71657 79671 1059 4581 23678 419521 256502 163019 57369 59864 9998 61 569 191213 65796
is_linear=0
shrinkage=0.05


Tree=77
num_leaves=31
num_cat=0
split_feature=4 1 10 8 5 1 3 8 1 3 9 0 8 1 9 10 17 0 0 8 8 10 17 1 1 9 17 10 10 10
split_gain=2.85883 2.27702 2.58999 2.1414 1.48879 1.27143 1.22657 1.21238 1.6128 1.19193 1.10688 1.01803 1.0091 0.993007 0.984459 0.93445 0.918374 0.884218 0.845231 0.956249 0.862796 0.852923 0.837585 0.817621 0.751474 0.793087 1.61589 0.703771 0.682952 1.03238
threshold=2.5000000000000004 1171.5000000000002 7.7168148692138958 6.2547894266644208 0.60355339059327384 221.50000000000003 1.0000000180025095e-35 1.0000000180025095e-35 192.50000000000003 1.0000000180025095e-35 9.1577379747513508 78.500000000000014 7.7395768305489003 7201.5000000000009 1.4978661367769956 6.8731336345561873 0.79078431376826119 20.500000000000004 48.500000000000007 4.9663289649179552 8.1572270309360633 5.9543849063635728 0.66197798957202592 4911.5000000000009 279.50000000000006 3.5408542930527882 0.66656010559132584 0.0089048174978050443 0.80344726361328889 0.01032695592379766
decision_type=2 2 2 2 2 2 2 2 2 2 2 2 2 2 2 2 2 2 2 2 2 2 2 2 2 2 2 2 2 2
left_child=4 3 6 7 5 -1 -3 15 14 17 11 24 23 18 -9 -2 -11 27 20 21 -8 28 -6 -4 25 26 -5 -7 29 -20
right_child=1 2 12 10 22 9 13 8 -10 16 -12 -13 -14 -15 -16 -17 -18 -19 19 -21 -22 -23 -24 -25 -26 -27 -28 -29 -30 -31
leaf_value=-0.00040627431051707828 4.8100149178541973e-05 0.001369394181682311 0.00082015128812840956 -0.0012431068531091726 0.00024529244008528672 -0.003586380223313786 -0.00013730874281007375 -0.00074009989881773175 -6.6968078092727665e-05 -8.4686205270258916e-05 -0.0019933490101650864 -0.0012442817377330594 -0.00073722643624876617 0.00090208882250251976 -0.0011261156324312777 0.00067205334718185785 -0.00022658705776522315 0.00017797678204765216 -0.00019029030906887457 -0.00039460958646770559 -0.0042745146175505204 0.00039454113403833706 -2.785575037806132e-05 0.003773791425217235 -0.00030113140964604658 -0.00018418297480533673 -0.00041267706607612934 -0.0014662975200338832 -8.2481175062633361e-05 0.00069437338327784932
leaf_weight=3583.8219610080123 32005.930780008435 2966.0004125423729 23253.80323048681 33.045836210250854 10810.728460967541 18.982924714684486 29063.628175988793 1216.3784022927284 63684.368751712143 48812.820195905864 9.1053977981209737 1104.2873897589743 1539.1220782063901 6070.7688229195774 163.12078626826406 6346.2850409820676 40735.172173868865 15183.106698662043 3730.2094717696309 6435.0850071385503 38.225564267486334 27514.503354355693 27174.32943591848 2860.1568849869072 5058.3124504759908 103.74736990407109 96.513718627393246 117.382473282516 21588.533737741411 6215.6097081080079
leaf_count=11921 105463 9917 76024 43 13490 65 100444 4045 219807 73545 39 3864 5189 20842 591 20382 229805 50762 13096 23722 163 91847 113012 9097 17840 352 468 410 73803 21188
internal_value=-1.85501e-05 8.72871e-05 0.00022783 -8.07121e-05 -0.000192803 -0.000287155 0.000113101 -2.57654e-05 -0.000157203 -0.000255507 -0.000967889 -0.000943089 0.000657745 8.35721e-05 -0.0018486 0.000197217 -0.000325229 0.000152043 4.37857e-05 0.000143427 -0.000180423 0.000206502 7.65817e-05 0.000731072 -0.000654921 -0.00342934 -0.00603802 -0.00385622 2.89979e-05 0.000371817
internal_weight=387533 241097 131276 109821 146436 108451 103623 103416 65063.9 104867 6405.01 6395.91 27653.1 100657 1379.5 38352.2 89548 15319.5 94585.8 65483.9 29101.9 59048.9 37985.1 26114 5291.62 233.307 129.56 136.365 31534.4 9945.82
internal_count=1311236 818226 445332 372894 493010 366508 355022 350288 224443 354587 22606 22567 90310 345105 4636 125845 303350 51237 324263 223656 100607 199934 126502 85121 18703 863 511 475 108087 34284
is_linear=0
shrinkage=0.05


Tree=78
num_leaves=31
num_cat=0
split_feature=4 6 16 1 5 7 10 7 7 16 1 10 16 9 18 9 17 7 10 10 8 16 1 9 16 3 1 8 16 7
split_gain=2.57075 2.06534 1.83736 1.69452 1.52297 1.39839 1.54913 1.65969 1.45394 1.10584 1.05516 1.11511 1.03478 0.969957 0.958051 0.956996 0.924469 0.902492 0.896993 0.895789 1.02378 0.966878 0.880841 0.84879 0.837242 0.830421 0.831427 0.789701 1.15559 0.98703
threshold=4.5000000000000009 0.25881904510252057 0.84797720773251295 221.50000000000003 -1.0000000180025095e-35 10.481293953298048 7.9933290451173296 8.0214203567995543 6.0026509725338455 0.97182285662211954 1886.5000000000002 7.7168148692138958 0.68333810207629286 1.0000000180025095e-35 0.95416666666666672 4.8559213341406453 0.65130300798649621 6.5532206455302013 8.1650461647328445 7.3161142606381642 5.750982812366944 0.7320314144775445 1001.5000000000001 7.1304980296981428 0.69590327897418025 1.0000000180025095e-35 483.50000000000006 2.6735537653587351 0.90748563302870633 7.3228405759704325
decision_type=2 2 2 2 2 2 2 2 2 2 2 2 2 2 2 2 2 2 2 2 2 2 2 2 2 2 2 2 2 2
left_child=1 3 10 16 19 6 7 9 -8 12 17 -12 -5 -7 -14 -13 -1 25 -15 -3 21 -21 23 -19 -6 26 -2 28 -16 -30
right_child=2 4 -4 5 24 13 8 -9 -10 -11 11 15 14 18 27 -17 -18 22 -20 20 -22 -23 -24 -25 -26 -27 -28 -29 29 -31
leaf_value=-0.00077876878461609941 0.00021196623713660574 -0.00014624201505646084 -0.0001734108334085681 0.0017050047088541785 0.0038035461200581853 -0.010395276489550076 0.00084410390148006238 -0.00047788662168257311 3.1990811052960703e-05 0.0027438558582809137 0.00064683696063609359 0.0037671811884083862 -0.00023063418369859043 -0.0015207853347877908 -3.5911619873543048e-05 -0.0037447681751501052 -0.00024876796333275704 -0.00067483598439600128 -0.00046102253184501926 0.0038188062089592606 -0.00037270626704610755 0.00020167958863209941 0.00024852545931844383 -0.0030258609558160227 0.00018831666679415689 0.00013150443717653421 0.0019946902214666926 -0.00015210533718691064 0.0010491930496296022 -0.0062077746134960561
leaf_weight=1061.2949604988098 2822.7247065082192 30122.328239433467 7922.7067400887609 4242.4205414354801 1507.9945980533957 7.4378627426922312 5712.6046978086233 6298.1280151903629 21493.594295918941 622.19614530354738 16377.599655728787 3627.3999549821019 23814.250847779214 374.92189370468259 109870.79761826992 222.11144283786416 5511.9801441989839 2258.4423299469054 854.24597059562802 1255.253625780344 3818.8228498697281 10401.828144140542 2737.4533399529755 12.457403149455784 46668.005149770528 18817.457464087754 3606.0637359321117 53328.338704634458 2155.4659108892083 6.7597076445817939
leaf_count=1336 9141 104434 26153 11657 4011 29 16146 24396 67973 2157 55892 11855 225617 1491 273511 732 20254 8309 2816 3119 13259 35965 9973 52 160172 64050 12140 138356 6225 15
internal_value=-1.744e-05 -7.16882e-05 0.000288267 -0.000150749 0.000126739 -0.000128008 -0.000118895 -0.000166972 0.000235125 -0.000141044 0.000399367 0.000678937 -0.000147814 -0.00180485 -0.000165133 0.00144468 -0.000942251 0.000212457 -0.00169592 -8.03774e-05 0.000228805 0.000461569 -0.000400665 -0.00112869 0.000322774 0.000334088 0.000824698 -0.000122433 -4.70467e-05 0.00109765
internal_weight=387533 329129 58404.4 235354 93774.2 228781 227545 200338 27206.2 194040 50481.7 20227.1 193418 1236.61 189176 3849.51 6573.28 30254.6 1229.17 45598.2 15475.9 11657.1 5008.35 2270.9 48176 25246.2 6428.79 165361 112033 2162.23
internal_count=1311236 1112939 198297 791979 320960 770389 766053 681934 84119 657538 172144 68479 655381 4336 643724 12587 21590 103665 4307 156777 52343 39084 18334 8361 164183 85331 21281 418107 279751 6240
is_linear=0
shrinkage=0.05


Tree=79
num_leaves=31
num_cat=0
split_feature=1 6 7 10 1 1 8 17 16 16 16 7 7 18 1 10 10 7 10 7 16 8 10 10 10 10 10 16 7 8
split_gain=2.43006 1.97787 1.71594 1.60014 1.474 1.34596 1.40588 1.32719 1.31116 1.13198 1.02466 1.02437 1.03213 0.993221 0.993195 0.929344 1.4053 0.922933 0.907368 1.19332 0.8925 1.38282 2.33742 0.85094 0.850483 0.839359 0.835801 0.82356 2.07138 5.03884
threshold=6033.5000000000009 0.25881904510252057 10.481293953298048 7.3472743445324857 221.50000000000003 808.50000000000011 6.048552817139119 0.65641077446366225 0.74201131889676508 0.97182285662211954 0.7320314144775445 6.7528541473697619 1.0000000180025095e-35 0.97083333333333344 2573.5000000000005 0.098905681065719467 0.0061014869019665038 1.0397207708399181 6.1117791469975336 6.6457407421766872 0.8604331563503772 2.0126758453675748 6.0069386946268866 8.2031868854386101 7.6900569605238571 5.8317312297695052 8.0968046622812135 0.84373940648526213 6.6814816381200126 3.4498615536424366
decision_type=2 2 2 2 2 2 2 2 2 2 2 2 2 2 2 2 2 2 2 2 2 2 2 2 2 2 2 2 2 2
left_child=1 2 4 11 -1 6 -5 -4 14 13 -7 12 -3 -10 -6 16 -15 -14 -17 26 -13 22 -22 27 -2 -19 -20 -21 29 -29
right_child=24 3 7 5 8 10 -8 -9 9 -11 -12 20 17 15 -16 18 -18 25 19 23 21 -23 -24 -25 -26 -27 -28 28 -30 -31
leaf_value=-0.00030076017327193631 0.00049532717561612402 -0.00057595374181234553 -0.0030290173444074558 0.00015452709174046606 0.00017144491472422947 0.0047377724994775612 -0.00063292931067074766 -0.00040348408303489267 -0.00018008065333430801 0.0027175900256434537 0.00050333290056859962 -0.00031821311640152923 0.00032491459518658593 -0.00011146176438106803 0.0024890457789544769 -0.0001273750483383622 0.00030214560621087477 -9.1916531881108823e-05 3.061120071222376e-05 -0.00015705980242270505 -0.0054329730208635147 -0.00071925361495596906 0.00081834638149793466 0.00020735199732876687 0.0034137602913864363 0.00016815123312150239 0.00072023007962043273 -0.0033609466449728031 -0.00031703601663492405 -0.00065316058111386608
leaf_weight=7192.1102042198181 11334.550439182669 1796.9996881969273 298.49153989553452 8144.301673784852 24820.160276085138 2465.3581683188677 1945.7386834323406 1147.6373627446592 45838.949482902884 750.3013909086585 20351.480441726744 2964.7511004284024 9566.713094945997 8695.1252974793315 4525.1740013882518 60411.742119085044 14298.31900056079 33684.301103800535 65190.299234092236 18987.361348778009 6.6637984588742238 463.3031851798296 6.5752910897135735 6081.1900297738612 2799.5569693818688 24660.961218208075 3518.3492555879056 45.707743272185326 5395.3173973560333 145.59615661203861
leaf_count=23601 38696 6865 380 27456 61975 6094 6793 4698 360709 2635 70616 11958 30829 21058 11198 145162 33875 117917 153658 45851 22 1723 32 13346 8885 82906 7565 93 14279 361
internal_value=-1.57079e-05 -4.00676e-05 -0.000112548 0.000142636 -0.000103206 0.000432199 -4.86659e-05 -0.00183022 -8.35772e-05 -0.000123841 0.000644847 1.23746e-05 5.39472e-05 -0.000130204 0.000231114 -7.8011e-05 0.000219197 8.52436e-05 -0.000120782 -2.78744e-05 -0.000829745 -0.00283817 -0.0187715 -0.000287286 0.000627834 1.06055e-05 8.78649e-05 -0.000418332 -0.000951958 -0.00606492
internal_weight=387533 373399 267342 106057 265896 32906.9 10090 1446.13 258704 229358 22816.8 73150.3 69709 228608 29345.3 182769 22993.4 67912 159776 99363.8 3441.29 476.542 13.2391 30655.2 14134.1 58345.3 68708.6 24574 5586.62 191.304
internal_count=1311236 1263655 900444 363211 895366 110959 34249 5078 871765 798592 76710 252252 238517 795957 73173 435248 54933 231652 380315 235153 13735 1777 54 73930 47581 200823 161223 60584 14733 454
is_linear=0
shrinkage=0.05


Tree=80
num_leaves=31
num_cat=0
split_feature=16 4 16 16 7 10 10 18 8 6 8 10 8 8 4 16 16 16 16 16 16 17 3 7 18 9 16 10 17 6
split_gain=2.36746 1.91927 2.86874 2.01215 1.34575 1.54579 4.54017 2.58082 1.53697 1.32762 1.17623 1.27834 1.31326 1.27451 1.17726 4.95629 2.45522 1.63907 1.36198 1.55408 1.25448 1.23697 1.14444 1.12436 2.67617 1.41321 1.07609 1.02271 1.24518 0.954658
threshold=0.68333810207629286 3.5000000000000004 0.84935014080349602 0.89781489096933687 5.8536372009884516 6.7390887783039695 6.6984141434628581 1.0625000000000002 1.4978661367769956 -0.37940952255126015 8.6112298167715426 7.6762034755851571 2.249904835165133 1.7005986908310777 1.5000000000000002 0.84300269948124729 0.89111819891260613 0.82340483352627902 0.82537325419067853 0.83214013540678655 0.83375273960117646 0.67112732600106184 1.0000000180025095e-35 11.211588533200596 1.0791666666666668 4.516324041782946 0.81759950385457481 0.0055928205646541074 0.64607191580427192 -0.37940952255126015
decision_type=2 2 2 2 2 2 2 2 2 2 2 2 2 2 2 2 2 2 2 2 2 2 2 2 2 2 2 2 2 2
left_child=-1 3 9 10 -5 6 8 -8 -6 -3 11 13 -13 14 15 17 -17 26 22 -20 -16 -18 -19 -12 25 -25 27 28 -2 -21
right_child=1 2 -4 4 5 -7 7 -9 -10 -11 23 12 -14 -15 20 16 21 18 19 29 -22 -23 -24 24 -26 -27 -28 -29 -30 -31
leaf_value=0.0018744468538541602 -0.0017398691098635755 2.8747237933066801e-05 -0.00018916419729222492 0.00082952301213252077 -0.0049817531507865545 0.00011942960598575574 -0.0015437965393310334 -0.0034740340998338872 -0.00070430881001336916 0.00036882390310266497 -0.00035137835747038468 0.00051211629939237619 -3.8729664346370127e-05 -0.00018020576578951059 7.1753728142352066e-05 0.0018498929781699828 0.0038460580888624129 -0.0016660371152937934 0.00047284045568243285 -0.0001223118292876954 -0.00012340749852129406 -0.001707094132765473 -0.00046864848680113169 -0.0013856671408342854 -0.0053016296942484569 -0.0014613496905466262 0.0005210777454321046 -0.00015395589127834564 -0.00049535991717729745 -0.00084261823245573581
leaf_weight=9421.8944871723652 47.590481102466583 55450.859206434339 19312.110309809446 6908.7009770423174 7.5090103372931472 2674.46122841537 10.227684110403063 11.994420289993284 364.84995357692242 55678.744826842099 510.28758399933577 10043.527512509376 42514.765274357051 79264.217980254441 60250.121336411685 2301.4678553789854 55.521355092525482 131.31621535867453 828.59948758035898 718.62952089309692 25086.24690643698 277.49827123433352 1261.5449531599879 13.221045609563587 6.5804542899131766 93.38905943185091 706.78424403071404 11135.0663600564 1757.3436183109879 866.37512830644846
leaf_count=25812 58 188790 63885 23219 39 9279 52 13 1315 192171 1705 31840 141717 281456 204829 6565 75 426 1894 3319 77983 988 4068 51 7 338 2995 36374 6165 4109
internal_value=-2.18465e-05 -4.13456e-05 0.000113897 -0.000123049 0.000572554 -0.000298676 -0.0032201 -0.0251747 -0.00190986 0.000211644 -0.000152227 -0.000146527 7.10396e-05 -0.000208442 -9.45511e-05 -0.000438931 0.00158256 -0.000744067 -0.00166152 -0.00094304 -1.34858e-05 -0.00243012 -0.00290654 -0.00232111 -0.00682943 -0.00491936 -0.000488163 -0.000591929 -0.001696 -0.00186038
internal_weight=387711 378290 130442 247848 9977.74 3069.04 394.581 22.2221 372.359 111130 237870 237247 52558.3 184688 105424 20087.7 2634.49 17453.3 3806.47 2413.6 85336.4 333.02 1392.86 623.478 113.191 106.61 13646.8 12940 1804.93 1585
internal_count=1311537 1285725 444846 840879 33917 10698 1419 65 1354 380961 806962 804861 173557 631304 349848 67036 7628 59408 13816 9322 282812 1063 4494 2101 396 389 45592 42597 6223 7428
is_linear=0
shrinkage=0.05


Tree=81
num_leaves=31
num_cat=3
split_feature=6 5 10 7 0 9 7 18 17 0 0 8 7 10 10 8 0 7 10 0 10 17 2 8 2 10 7 7 10 2
split_gain=1.92616 1.95226 1.4113 2.55306 1.1531 1.62347 1.48195 1.08297 1.07518 1.31442 1.00989 1.22139 1.03989 1.29305 0.990597 0.98995 1.34427 0.919746 0.885134 0.88038 0.859538 0.808698 0.793376 0.823645 0.780765 0.774869 0.767009 0.730503 0.682366 0.674648
threshold=0.60355339059327384 0.60355339059327384 7.9933290451173296 8.1640833035104183 112.50000000000001 0.89587973461402759 9.0446395749334112 0.92916666666666681 0.66656010559132584 123.50000000000001 62.500000000000007 2.249904835165133 7.6546801371592172 7.0228209549334624 0.0040779931159931546 8.336749862461053 141.50000000000003 11.211588533200596 7.9292096708947346 65.500000000000014 5.5747840338677612 0.6484252398823479 0 5.3821962081647756 1 7.3316652221561238 5.4785512376367516 10.297790450505167 1.7185517325253719 2
decision_type=2 2 2 2 2 2 2 2 2 2 2 2 2 2 2 2 2 2 2 2 2 2 1 2 1 2 2 2 2 1
left_child=1 2 3 10 27 6 -6 -2 9 -7 20 12 14 -14 -12 24 -17 19 -19 -3 28 -21 -9 25 -4 -24 -26 -5 -1 -13
right_child=7 17 15 4 5 8 -8 22 -10 -11 11 29 13 -15 -16 16 -18 18 -20 21 -22 -23 23 -25 26 -27 -28 -29 -30 -31
leaf_value=-9.3388335325526875e-05 -0.00031138876754780652 1.0364237497224177e-05 0.00070960264575453962 -0.00049233091924358395 -0.0011589799634903405 -0.003464775809418349 -0.008451553405338005 0.00080938803431670906 -9.8232102751300013e-05 -0.0013828048937412872 -0.00038229577000112211 -0.00036118825351210142 -0.0059126940317374482 -0.00061840019450799398 0.00013585252025816766 -0.00079647855491406933 -0.0052901770905259245 -0.0015461439176358664 -0.00089732650185606402 0.0011196744575208909 -7.9045624172196377e-05 0.00020020124144379538 8.2108960004086826e-05 -0.00021309062389133633 0.00068615505885672931 0.00057132543468037679 -9.4735700887756125e-05 -0.0016378507105325444 -0.00023346517835053234 -0.0001288042274680129
leaf_weight=21723.62550932169 5128.1357157193124 59086.284418493509 10856.706731304526 4883.6723595485091 6.6584123037755472 25.531566619873047 7.9451906345784664 13781.9413228333 90.360209383070469 39.687243103981018 2310.5551867820323 3819.4876320585608 7.0082237906754044 15.697773255407808 41586.847026754171 700.97292923182249 11.747035540640352 15.7980486638844 120.21595733985305 2111.5062711834908 67515.886613104492 28319.606920562685 35374.497777726501 6493.4591189138591 2524.7182232551277 12070.569781124592 13584.740583442152 234.57771926373243 30626.163370463997 24636.841876111925
leaf_count=74315 64854 199043 33757 18853 27 31 24 37686 467 49 7978 13431 15 47 136656 2215 24 53 445 2605 229243 97859 97262 18256 7061 32593 43171 952 106856 85709
internal_value=-1.99062e-05 -7.3512e-05 -0.000152066 -0.00019892 -0.00128271 -0.00533166 -0.0212714 0.000211787 -0.00383546 -0.00872803 -0.000169106 -2.16265e-05 0.000143705 -0.0105538 0.000149239 0.000182306 -0.00165699 0.000123816 -0.00398468 0.000130058 -0.000258156 0.00034855 0.000264837 0.00017821 0.000230919 0.000250525 9.86995e-06 -0.00114808 -0.000410211 -0.000276803
internal_weight=387711 314863 225209 197531 5288.43 170.183 14.6036 72848.6 155.579 65.2188 192242 72376.4 43920.1 22.706 43897.4 27678.9 712.72 89653.4 136.014 89517.4 119866 30431.1 67720.5 53938.5 26966.2 47445.1 16109.5 5118.25 52349.8 28456.3
internal_count=1311537 1060886 760881 674653 20403 598 51 250651 547 80 654250 243836 144696 62 144634 86228 2239 300005 498 299507 410414 100464 185797 148111 83989 129855 50232 19805 181171 99140
cat_boundaries=0 1 2 3
cat_threshold=2 3 4
is_linear=0
shrinkage=0.05


Tree=82
num_leaves=31
num_cat=0
split_feature=1 16 8 16 10 7 4 1 8 10 16 4 4 16 7 7 10 1 16 16 5 7 16 17 7 7 16 7 8 0
split_gain=2.34403 1.78844 1.70567 1.77602 1.76084 1.79815 1.63065 1.29568 1.25527 1.14551 1.8025 1.63032 1.58795 2.24607 1.45277 4.63108 1.67682 1.18312 1.18186 1.40806 1.12372 1.10762 1.10423 1.08367 1.07698 2.54777 1.23149 1.01425 1.22834 0.975109
threshold=6033.5000000000009 0.68333810207629286 8.336749862461053 0.97182285662211954 7.9397739131828367 8.1640833035104183 4.5000000000000009 234.50000000000003 1.0000000180025095e-35 4.4298085208830411 0.84649134540172921 1.5000000000000002 1.5000000000000002 0.93504912530908568 6.534515054473502 6.7351858371076387 6.7186225464380014 157.50000000000003 0.83561204850757254 0.83744152111093351 -0.9159756150367534 1.0000000180025095e-35 0.84935014080349602 0.66237379509048522 1.0397207708399181 2.3502401828962087 0.85153679219563605 4.1026092131977068 2.3502401828962087 145.50000000000003
decision_type=2 2 2 2 2 2 2 2 2 2 2 2 2 2 2 2 2 2 2 2 2 2 2 2 2 2 2 2 2 2
left_child=1 -1 3 4 5 6 8 -6 21 -10 11 18 13 -12 -15 16 -16 23 -11 20 -20 -3 -8 -13 -23 26 -26 -19 -29 -4
right_child=-2 2 29 -5 7 -7 22 -9 9 10 12 17 -14 14 15 -17 -18 27 19 -21 -22 24 -24 -25 25 -27 -28 28 -30 -31
leaf_value=0.001563874436342122 0.00079491074675829834 -0.00029579179963833553 -0.00067213134720444105 0.0028593373853651408 -0.00047600088910662586 -0.00045182508717905303 0.00024911679164345697 0.00022138825238880722 -0.00022094917641574225 -0.00018666477035460922 0.00083665115485669701 -0.0016841216254113072 -0.00026132008471781431 -0.00038650397714021305 -0.0032389063275979589 -0.0012351375927173898 -0.0030152453265238585 -0.00018305181324159217 -0.0017157503284479737 -9.6313059067384282e-05 -0.0007880163523806584 0.00018555088038763428 -0.00015490969996971235 -0.00029952803852683479 -0.00035834349884417003 8.5199963033103995e-05 0.00014508394886681293 0.00040911234985709647 1.977504567304833e-06 -0.0034347220018712712
leaf_weight=9032.4091903120279 14009.017821554095 5456.1937593892217 1613.8120049275458 1168.6005468517542 984.26720555126667 7185.0185905359685 39850.060338433832 48227.380953326821 27838.193832948804 11767.892770312726 2404.6120833829045 186.4843732714653 24217.663018546999 348.25927485525608 11.731124773621561 87.228962279856205 12.408262528479097 22390.583912771195 83.39261220395565 446.74818666279316 434.07543162256479 28483.176111351699 6571.7692012786865 401.04102224111557 15438.490172445774 47135.302562531084 3664.1436431333423 14924.101984672248 53325.605693157762 11.782099980860947
leaf_count=24779 47248 20245 5642 4016 3105 28179 137191 153595 98782 41551 7221 230 80136 1062 17 256 33 73598 312 1862 1619 91220 21775 1734 50860 157665 11501 52942 193128 33
internal_value=-1.82053e-05 -4.20087e-05 -5.92232e-05 -5.19873e-05 -5.82717e-05 -0.000102029 -8.36391e-05 0.000219735 -0.000132541 -0.000219936 -0.000158056 -6.34088e-05 -0.000521383 0.000591914 -0.00261064 -0.00758155 -0.0269635 1.05619e-05 -0.000593422 -0.00227635 -0.00405169 6.06817e-06 0.000189256 -0.00222593 4.59709e-05 -6.45873e-05 -0.000551693 2.50587e-05 0.000120858 -0.00167523
internal_weight=387711 373702 364670 363044 361876 312664 305479 49211.6 259057 158880 131042 103960 27081.9 2864.24 459.628 111.368 24.1394 91227.8 12732.1 964.216 517.468 100177 46421.8 587.525 94721.1 66237.9 19102.6 90640.3 68249.7 1625.59
internal_count=1311537 1264289 1239510 1233835 1229819 1073119 1044940 156700 885974 554483 455701 366976 88725 8589 1368 306 50 321632 45344 3793 1931 331491 158966 1964 311246 220026 62361 319668 246070 5675
is_linear=0
shrinkage=0.05


Tree=83
num_leaves=31
num_cat=3
split_feature=4 8 10 8 8 2 3 10 10 2 0 18 10 2 6 8 9 9 8 18 8 6 9 0 0 10 10 8 5 10
split_gain=1.83871 1.12413 1.16657 1.50551 1.45852 1.09405 1.30323 1.03032 1.0104 0.945833 0.834805 0.735007 0.694203 0.666205 0.657693 0.65647 0.641943 1.42161 0.880223 1.34079 0.733955 0.637285 0.627573 0.612096 0.609516 0.593204 1.04391 0.558699 0.650972 0.554027
threshold=3.5000000000000004 8.6112298167715426 7.6762034755851571 1.7005986908310777 4.0342014792848504 0 1.0000000180025095e-35 7.846586089027463 6.3969000025906384 1 61.500000000000007 0.92916666666666681 0.0077158505613392899 2 -0.5 8.4272681008362351 4.3241107269113215 4.3630783395783075 9.2161236117894116 1.0125000000000002 8.806355825888863 0.91597561503675351 6.0602900572549077 61.500000000000007 59.500000000000007 7.8834697857258513 7.5945810933342663 8.336749862461053 0.78656609248549325 8.2341025566602486
decision_type=2 2 2 2 2 1 2 2 2 1 2 2 2 1 2 2 2 2 2 2 2 2 2 2 2 2 2 2 2 2
left_child=1 2 3 8 10 7 9 14 23 -7 21 -8 -5 -12 -2 -11 20 -18 -19 -20 25 -4 -6 -1 -17 26 -3 -13 -29 -15
right_child=5 16 4 12 22 6 11 -9 -10 15 13 27 -14 29 -16 24 17 18 19 -21 -22 -23 -24 -25 -26 -27 -28 28 -30 -31
leaf_value=-9.9019724970385314e-05 -1.1475623606847785e-05 -0.00030677207467076883 7.8676926845169803e-05 -0.00077897113211027882 -5.4328691386891503e-05 0.0018577981095469515 -0.00036198673035755873 0.0020085158637912852 0.00017701373113044317 0.00022347304531588203 0.0011539686148318538 5.2303053727990885e-06 -0.00015283727632174547 0.00042485694971914901 0.00056715655986768897 -0.0035009341428640624 -0.0025576328866604666 -0.00097588496149465798 -0.0019387930098476586 -0.005175824156547112 0.00022946268752044291 0.0012673022740168781 -0.0008830050185265532 3.5328271345477782e-05 -0.0009122329897140167 0.00045359554307293428 -0.0041702960868815189 -0.0013414202212704701 0.0022086797990838515 -0.0012765107281488735
leaf_weight=55569.276889074594 12619.696543011814 55.776458267122507 13740.563061878085 545.83075566217303 32446.456367600709 3578.1582130268216 5340.3898453265429 5393.4161867052317 24004.669719439 15082.329404443502 5631.8903175517917 75373.063874475658 83032.732362136245 3416.3092530034482 15996.608793009073 8.0324257612228411 10.411097176373003 214.18263011798263 42.736958641558886 19.431390464305878 263.52483540773392 1102.8951529413462 660.95991528779268 32769.755399320275 15.327877167612312 46.962782170623541 15.71842050179839 344.97593332827091 59.778784308582544 309.58510062843561
leaf_count=184911 43018 136 44249 2059 108263 12279 67898 17160 79078 50191 17982 207230 293388 10993 55094 33 42 694 198 27 918 3563 2260 107631 54 183 40 948 182 835
internal_value=-1.94109e-05 -9.84584e-05 -9.30518e-05 -0.000151093 0.000105375 0.000130577 4.70915e-05 0.000375442 -3.15447e-05 0.000423572 0.0004004 -3.96171e-05 -0.000311786 0.00077025 0.000256076 0.000249754 -0.00214573 -0.00393365 -0.00325034 -0.00848807 -0.000803496 0.000167236 -0.000110287 -0.00010971 -0.00812541 -0.00407247 -0.00694015 3.37981e-07 -0.00185234 0.000248878
internal_weight=387711 253900 253231 195922 57308.7 133812 99802.1 34009.7 112344 18683.8 24201.2 81118.2 83578.6 9357.78 28616.3 15105.7 668.745 286.762 276.351 62.1683 381.982 14843.5 33107.4 88339 23.3603 118.458 71.4949 75777.8 404.755 3725.89
internal_count=1311537 857450 855212 667067 188145 454087 338815 115272 371620 62557 77622 276258 295447 29810 98112 50278 2238 961 919 225 1277 47812 110523 292542 87 359 176 208360 1130 11828
cat_boundaries=0 1 2 3
cat_threshold=2 17 26
is_linear=0
shrinkage=0.05


Tree=84
num_leaves=31
num_cat=0
split_feature=1 16 16 4 4 16 6 16 6 5 16 10 16 16 0 8 0 3 1 0 13 16 16 16 10 1 10 10 16 8
split_gain=2.12473 1.62896 1.67185 3.49431 2.18093 7.84104 3.10289 2.3352 1.77328 1.73566 1.65113 1.54545 1.32062 1.29156 1.07842 1.25558 1.25453 1.13205 1.02427 1.02102 0.976131 0.969092 1.86059 1.69696 0.939444 1.34946 1.47931 1.35569 0.951365 1.0886
threshold=6033.5000000000009 0.97182285662211954 0.83375273960117646 1.5000000000000002 1.5000000000000002 0.83744152111093351 -0.37940952255126015 0.93504912530908568 0.60355339059327384 0.78656609248549325 0.9461910594647257 4.3718242005210728 0.8423321668866619 0.83561204850757254 48.500000000000007 7.698255979076877 145.50000000000003 1.0000000180025095e-35 838.50000000000011 121.50000000000001 1.0000000180025095e-35 0.8847782686317428 0.91681818959512318 0.85570644998864431 0.098905681065719467 317.50000000000006 5.8568961415879626 7.1899921134585654 0.75792181117495805 4.7050052835523761
decision_type=2 2 2 2 2 2 2 2 2 2 2 2 2 2 2 2 2 2 2 2 2 2 2 2 2 2 2 2 2 2
left_child=1 2 3 11 5 6 -4 21 14 13 -9 -1 -6 -8 17 20 -17 18 -5 -14 24 23 -23 -7 -16 27 -27 -26 -29 -30
right_child=-2 -3 4 8 12 7 9 10 -10 -11 -12 -13 19 -15 15 16 -18 -19 -20 -21 -22 22 -24 -25 25 26 -28 28 29 -31
leaf_value=-0.00033103006915056847 0.00074571325099251774 0.0026061243580018951 -6.8526081782033932e-05 8.780973493828296e-05 2.8892771013419607e-05 0.0003465641399533093 -0.00076058423151137324 -0.0010698007095305104 0.00035013841769645506 -0.00023077309977006524 0.00086353030528907174 -9.7987305019831518e-05 -0.0001796685944266699 -0.0014658506658542067 0.00038891884891533655 -0.00060503464667976134 -0.0038220856227279159 -0.00014525052334548593 0.0021936955324466283 0.00043867823596204782 -0.00055554785852999437 0.00011279129789339635 0.0053241201613369246 0.0028345734868476741 -6.0925632844562043e-05 -9.3183874820580023e-05 0.00025097278245699711 -0.0015863008453759391 7.1525982618968201e-06 -0.00081058529774156974
leaf_weight=11158.054956793785 14009.017821554095 1172.8041585758328 773.54155145585537 9030.1330212056637 17596.633321128786 2131.1470541507006 152.89222726970911 567.23315069079399 43788.549822665751 212.28386329859495 571.84690987318754 22970.320592205971 69903.93190253526 574.70430912077427 12688.893993988633 2017.3657916411757 16.925011299550533 54850.291364368051 1843.5721280351281 1409.0643182098866 1967.0405219495296 2785.1315705701709 517.89647119492292 2747.9323462992907 4168.6192632354796 31368.184975150973 74727.267895251513 735.35423301905394 931.97641802579165 322.83578307181597
leaf_count=37601 47248 4030 3370 30617 54312 7805 981 1640 153644 968 1747 77508 227918 2355 43188 6965 44 191447 6347 4331 7483 8524 1565 7591 13913 109902 251978 1788 3436 1291
internal_value=-1.73373e-05 -3.99998e-05 -4.58571e-05 1.8281e-05 -0.000220786 0.000442207 -0.00266651 0.00101365 8.60065e-05 -0.00459682 -0.0011074 -0.000454921 -0.00030307 -0.00575741 2.13389e-05 0.000105358 -0.00112699 -0.000143498 0.000322561 -0.000398793 0.000125111 0.00130894 0.000647585 0.00175666 0.00014251 9.64149e-05 0.000138183 -0.000623115 -0.00169674 -0.000859874
internal_weight=387711 373702 372530 272585 99944.2 11034.6 1713.42 9321.19 238457 939.88 1139.08 34128.4 88909.6 727.597 194668 128944 2034.29 65724 10873.7 71313 126910 8182.11 3303.03 4879.08 124943 112254 106095 6158.79 1990.17 1254.81
internal_count=1311537 1264289 1260259 937152 323107 36546 7674 28872 822043 4304 3387 115109 286561 3336 668399 439988 7009 228411 36964 232249 432979 25485 10089 15396 425496 382308 361880 20428 6515 4727
is_linear=0
shrinkage=0.05


Tree=85
num_leaves=31
num_cat=0
split_feature=6 1 10 8 0 9 18 16 1 4 1 10 8 8 10 16 8 4 16 1 3 16 8 18 16 1 0 1 1 18
split_gain=2.12752 1.32401 1.25433 1.42447 1.47838 1.27514 1.19527 1.27229 1.09409 1.07747 0.928691 0.873711 1.0514 0.838501 0.838034 0.783958 0.739862 0.720763 0.714276 0.672867 0.827043 0.77206 0.667416 0.650878 0.956504 0.619211 0.653098 0.661431 0.606989 0.84507
threshold=0.60355339059327384 5277.5000000000009 7.9933290451173296 2.6735537653587351 61.500000000000007 4.5695295849856103 0.9208333333333335 0.78950820384860276 192.50000000000003 3.5000000000000004 3109.5000000000005 4.8431050376810978 6.2547894266644208 7.2506352600451018 8.2897175009295605 0.68333810207629286 8.4272681008362351 4.5000000000000009 0.8031598128688493 234.50000000000003 1.0000000180025095e-35 0.79114117603690937 8.1572270309360633 0.95416666666666672 0.90374560103526036 412.50000000000006 24.500000000000004 5086.5000000000009 917.50000000000011 1.0125000000000002
decision_type=2 2 2 2 2 2 2 2 2 2 2 2 2 2 2 2 2 2 2 2 2 2 2 2 2 2 2 2 2 2
left_child=2 6 3 4 15 10 -2 9 -5 13 19 -10 17 -8 -15 -1 -9 -13 -6 -4 22 -22 -21 -17 -25 -14 27 -27 29 -18
right_child=1 -3 5 8 18 -7 7 16 11 -11 -12 12 25 14 -16 23 28 -19 -20 20 21 -23 -24 24 -26 26 -28 -29 -30 -31
leaf_value=0.001733155976296158 -0.00036551614188348773 0.0020287849874349464 -0.00038823301546961916 -0.00054949738281806395 0.00028873287019717673 -0.00052106948833483793 0.00031390900915483219 4.7009044413941217e-05 -0.00028956713652293007 0.0016017640904349914 0.0017943997081407885 -0.00011001383160764294 -0.00046105021056063892 -0.0023937616760569924 0.0025096129047857312 -0.00022580436362625164 -0.0012450892784155558 0.00017914355308030206 3.7376218258527994e-06 0.0013489074373435155 0.00046735115193402013 -8.396104008548817e-05 -0.0018863424267002004 -6.3341469746414078e-05 0.00076992532087571193 -0.0011748992253438882 -0.0003270534513999078 -0.0030361498404548092 -0.0011405429668665411 -0.0015874921896085409
leaf_weight=2530.1784008666873 4864.5253812707961 3598.7931004278362 703.87197211384773 967.14987539499998 35663.990300919861 2814.1706315837801 14396.821217931807 40324.655955836177 9251.054010912776 9159.5524795167148 4109.5224073007703 63240.34596253559 594.17831175029278 285.00811096653342 120.94951132312417 13258.429023656994 30.790835857391357 11906.464228861034 35821.104576446116 4655.5183909013867 11230.649934198707 13714.047816976905 58.879450365900993 92699.576800331473 2330.3086936846375 86.143848370760679 9267.3364969901741 5.3598484843969336 93.393352679908276 9.5728576034307462
leaf_count=6952 61568 12289 2176 3469 126310 9305 39547 111141 35179 24478 12277 223306 2275 869 288 124829 107 41802 108714 14616 37763 39608 187 231440 6613 329 34270 17 268 14
internal_value=-2.26519e-06 0.00024117 -5.86071e-05 -9.51779e-05 -1.32825e-05 0.000213684 0.000192601 0.000249669 -0.00025181 0.000538397 0.000297228 -0.000234659 -0.000184492 0.000274658 -0.00196635 -0.000127641 7.86636e-05 -0.000120532 0.000163999 0.000201752 0.000238012 0.000123229 0.000845351 -0.000147969 -0.000102181 -0.000667403 -0.000568033 -0.00477149 -0.00363385 -0.00875732
internal_weight=387792 72884.1 314908 277622 182304 37286.7 69285.3 64420.7 95318 23962.3 34472.5 94350.9 85099.8 14802.8 405.958 110818 40458.4 75146.8 71485.1 30363 29659.1 24944.7 4714.4 108288 95029.9 9953.02 9358.84 91.5037 133.757 40.3637
internal_count=1312006 250569 1061437 945505 604858 115932 238280 176712 340647 65182 106627 337178 301999 40704 1157 369834 111530 265108 235024 94350 92174 77371 14803 362882 238053 36891 34616 346 389 121
is_linear=0
shrinkage=0.05


Tree=86
num_leaves=31
num_cat=0
split_feature=5 6 1 18 8 10 0 10 11 13 10 1 3 1 10 4 1 9 6 1 4 10 0 1 8 0 5 17 9 10
split_gain=2.12909 2.13321 1.58083 1.60337 1.41521 1.48477 1.1117 1.04545 1.00136 1.05257 0.918774 0.88605 0.980137 1.18157 0.855981 0.866613 0.801505 0.897077 0.760989 0.741887 0.834337 0.877652 0.89032 0.669359 0.675098 1.21335 1.18189 0.912681 0.653573 0.626392
threshold=0.12940952255126045 0.37940952255126048 5086.5000000000009 0.9208333333333335 6.273819513894054 5.8817821543845819 87.500000000000014 0.47873179439478714 1.0000000180025095e-35 1.0000000180025095e-35 0.012050400015810229 234.50000000000003 1.0000000180025095e-35 660.50000000000011 8.0036029533214368 2.5000000000000004 793.50000000000011 3.860674306308975 -0.37940952255126015 1010.5000000000001 2.5000000000000004 7.9933290451173296 54.500000000000007 192.50000000000003 7.7896613911804815 127.50000000000001 0.78656609248549325 0.64632798978931005 3.3842466058243152 7.3316652221561238
decision_type=2 2 2 2 2 2 2 2 2 2 2 2 2 2 2 2 2 2 2 2 2 2 2 2 2 2 2 2 2 2
left_child=2 8 3 -1 5 7 16 10 23 -10 -5 -7 13 -13 15 -3 -6 -18 -4 -14 -21 22 -22 -2 29 27 -27 28 -26 -25
right_child=1 14 18 4 6 11 -8 -9 9 -11 -12 12 19 -15 -16 -17 17 -19 -20 20 21 -23 -24 24 25 26 -28 -29 -30 -31
leaf_value=-0.00035104149012212227 -0.00039218212771379574 3.7781593275677822e-05 2.8986478471129674e-05 -9.2777791479266292e-05 -0.00038408459981886507 -0.00040013525270774061 -0.0014285409772690862 -0.00016608615371912564 0.00040254923110542574 -0.00027679009128271995 0.00026780779099293831 8.7891053001190611e-05 -8.5515493033117015e-05 0.0014000200012499249 0.001456339708945502 0.00052307333889675331 0.00016826584142666802 -0.00065352017565997809 0.0011548961201746407 -9.9752745567627265e-05 -0.00011817203662091366 0.0010043462690857861 0.00032197694748516625 -3.6250483108641457e-05 -4.720816734304235e-05 -0.0030670020824473385 0.00028764188435930068 -0.00030761737222421704 -0.002101994633314965 0.00016963262261628922
leaf_weight=14428.457630969584 1868.8060184307396 12790.850960377604 5565.633180256933 17337.933850806206 3495.378330219537 2532.0592411011457 1621.597468290478 54778.60667046532 11420.858168326318 2187.6734024323523 10504.196625627577 8682.9307555928826 32045.961445279419 6494.2304127886891 4153.5594718232751 19531.398452740163 5622.7514676265419 2822.1374569386244 6209.7071884311736 18428.237722873688 13937.535706028342 6611.3756542243063 19134.947462357581 70590.171486224979 16.33635938167572 10.628316055983307 8.0803357847034913 1230.7648070268333 27.59202653169632 33701.945711046457
leaf_count=183569 6093 44198 18622 47910 9756 6842 4482 152418 35771 7990 28740 23737 86519 17663 12925 67375 15622 7891 21318 49776 38311 16900 52255 239629 20 35 33 4358 34 111214
internal_value=-1.36753e-06 0.00014027 -9.82751e-05 -0.00012869 -9.26721e-05 -5.75372e-05 -0.000586171 -0.000217039 3.9277e-05 0.000443355 3.24383e-05 6.46329e-05 8.68509e-05 0.000458586 0.000475463 0.000388636 -0.000419344 -0.000155792 0.000466047 2.42732e-05 0.000130783 0.000259888 0.000154756 -1.18974e-05 4.70491e-06 -0.00113059 -0.0137715 -0.000945064 -0.00802683 1.87846e-05
internal_weight=387792 157539 230254 218478 204050 190488 13561.9 82620.7 121063 13608.5 27842.1 107867 105335 15177.2 36475.8 32322.2 11940.3 8444.89 11775.3 90158.1 58112.1 39683.9 33072.5 107454 105586 1293.4 18.7087 1274.69 43.9284 104292
internal_count=1312006 529675 782331 742391 558822 521071 37751 229068 405177 43761 76650 292003 285161 41400 124498 111573 33269 23513 39940 243761 157242 107466 90566 361416 355323 4480 68 4412 54 350843
is_linear=0
shrinkage=0.05


Tree=87
num_leaves=31
num_cat=0
split_feature=6 1 16 1 16 18 16 0 4 1 9 0 16 17 1 1 9 16 3 0 3 1 16 17 17 1 6 0 16 0
split_gain=1.81259 1.15376 1.14142 1.11836 1.08308 1.0723 1.19619 1.06029 0.96674 0.909922 1.20692 0.895832 0.947405 1.2038 1.55512 0.774293 0.71219 0.650384 0.988524 0.754337 0.648023 1.15635 2.08698 1.28023 0.643259 0.608399 0.589613 0.576752 0.574329 0.545805
threshold=0.60355339059327384 221.50000000000003 0.68333810207629286 5086.5000000000009 0.9461910594647257 0.9208333333333335 0.78950820384860276 64.500000000000014 3.5000000000000004 682.50000000000011 1.0000000180025095e-35 87.500000000000014 0.76232687082252271 0.6657714024266651 459.50000000000006 396.50000000000006 5.07203900872703 0.83100810020223159 1.0000000180025095e-35 98.500000000000014 1.0000000180025095e-35 862.50000000000011 0.85472328363330063 0.72406633601923109 0.64805509467998179 1431.5000000000002 1.0000000180025095e-35 34.500000000000007 0.88926421891343954 19.500000000000004
decision_type=2 2 2 2 2 2 2 2 2 2 2 2 2 2 2 2 2 2 2 2 2 2 2 2 2 2 2 2 2 2
left_child=1 -1 16 5 7 -2 8 20 -7 10 -9 -12 13 14 15 -13 -3 18 -11 -19 21 29 -23 28 -20 -25 -16 -27 -24 -4
right_child=3 2 4 -5 -6 6 -8 9 -10 17 11 12 -14 -15 26 -17 -18 19 24 -21 -22 22 23 25 -26 27 -28 -29 -30 -31
leaf_value=-0.00024148593231716894 -0.00034178349376183737 0.0017102558312098186 -0.001116731090489885 0.0017975390053428368 0.0016992099605535257 0.00024658680579831281 3.5068126144695984e-05 -6.3927930353042952e-06 0.0015055770385389829 0.00160440543992766 -0.00024138919619606306 -0.0022383844851640781 -0.00053545400209204094 -0.0010375878111996085 -0.0031620550674312923 -0.004490861977276976 -0.0031917578744129899 -0.00011246776771405427 0.00064892971887984619 0.00029258436583927617 -8.6696821886487685e-05 0.0016047201447135354 -0.00016805489409359097 -0.0010726882239637991 9.3739342466125924e-05 -0.0037500038359270372 0.01387526678371135 -0.0022995342623412969 0.0061550938617033913 -3.1861811009742394e-05
leaf_weight=8246.0202312283218 4845.4309243448079 7244.4942493587732 186.17034323886037 3863.0175445303321 1758.7534345537424 14746.650728002191 40331.771212004125 17455.946597058326 9097.1923945322633 4174.0472523793578 3624.6276983097196 42.767892062664032 938.89326705038548 165.47695004940033 64.246021151542664 17.844713151454926 123.2755901068449 18223.984243758023 3839.3792779445648 4130.7327362522483 167584.14420682564 4207.1972435489297 277.5068119764328 371.55878328531981 51654.240341823548 30.664100401103497 16.826017320156097 188.18260610103607 125.68498688936234 20215.61538682133
leaf_count=26896 61329 19883 628 13199 6151 40562 111155 57509 24324 14395 12701 52 3642 597 79 22 333 58798 4753 13058 571734 14295 376 1656 184013 139 21 797 179 68730
internal_value=-2.40485e-06 -5.44097e-05 -3.8716e-05 0.000222291 -5.38509e-05 0.000175956 0.000230108 -6.11637e-05 0.000510859 6.72635e-05 -0.000215734 -0.000911678 -0.00206819 -0.00447862 -0.00786138 -0.0139196 0.000576098 0.000144296 0.000230475 -8.57284e-05 -0.000130533 0.000103755 0.000769292 -0.00129174 0.00017466 -0.00277491 -0.00333202 -0.00486629 0.000880101 -6.59022e-05
internal_weight=387792 314908 306662 72884.1 299294 69021 64175.6 297536 23843.8 104349 22326.6 4870.68 1246.05 307.162 141.685 60.6126 7367.77 82022.4 59667.7 22354.7 193187 25602.6 5200.79 993.597 55493.6 590.405 81.072 218.847 403.192 20401.8
internal_count=1312006 1061437 1034541 250569 1014325 237370 176041 1008174 64886 349640 74623 17114 4413 771 174 74 20216 275017 203161 71856 658534 86800 17442 3147 188766 2592 100 936 555 69358
is_linear=0
shrinkage=0.05


Tree=88
num_leaves=31
num_cat=1
split_feature=5 6 18 8 10 10 0 17 7 7 10 8 10 6 4 7 8 2 9 10 10 10 7 7 8 5 17 10 17 10
split_gain=1.90568 1.86891 1.30279 1.39631 1.43685 1.14006 0.891435 0.866473 0.820287 0.923015 0.813713 0.798489 0.936375 0.858473 0.751441 0.695989 0.890562 0.833108 0.797309 0.665706 0.638841 0.62824 0.894935 0.615528 0.851145 0.931024 1.31825 0.690416 0.641719 0.598482
threshold=0.12940952255126045 0.37940952255126048 0.9208333333333335 6.273819513894054 5.8817821543845819 1.5299586756037027 87.500000000000014 0.64725493382190846 1.0397207708399181 1.0000000180025095e-35 8.0036029533214368 3.4175922930736511 8.1894716571980375 0.78656609248549303 2.5000000000000004 4.135134555718313 1.0000000180025095e-35 0 0.89587973461402759 7.3777448829540324 0.0035577032138956383 0.013072537315072533 2.524928003624769 9.8578885326594694 9.2161236117894116 0.60355339059327384 0.79209867653381194 7.9933290451173296 0.64632798978931005 7.9717224783790419
decision_type=2 2 2 2 2 2 2 2 2 2 2 2 2 2 2 2 2 1 2 2 2 2 2 2 2 2 2 2 2 2
left_child=2 8 -1 4 5 7 -5 20 9 -2 14 13 -13 15 -3 16 19 18 -17 -6 -4 -9 -23 27 28 26 -26 -10 -25 -20
right_child=1 10 3 6 11 -7 -8 21 23 -11 -12 12 -14 -15 -16 17 -18 -19 29 -21 -22 22 -24 24 25 -27 -28 -29 -30 -31
leaf_value=-0.0003031747867924692 -0.00025861574562425978 3.6497587703564897e-05 -0.0010183006946244751 -0.00023280036281008305 8.2921709091465793e-06 -0.00015931830743377701 -0.0013272615209038155 -3.4069429382197619e-05 -2.3171063422630644e-05 0.00038401486010064133 0.0013790832224930575 -0.00010793513091355498 0.00049603960483796952 0.000529002999544885 0.0004838155563811578 -4.8621845712883141e-05 -0.00020331420139437092 0.00031458844153472445 -0.00060065456326130061 0.00077048395025405424 -0.00032596565892758573 0.00046371242545333941 -5.2805576778944958e-05 -0.0015070236047992807 -0.0049163012380481243 -0.00049528895178476784 -0.0010758263589149817 0.00028834276836832358 -0.00042529666995821724 -0.0019975757837377055
leaf_weight=15212.905065275729 2187.6734024323523 12790.850960377604 343.49728447198868 12510.074682001024 11837.236859388649 54033.313523866236 1785.2072481140494 17675.621878430247 94112.071691732854 11420.858168326318 4153.5594718232751 39845.526813719422 5638.5309575200081 9182.123743545264 19531.398452740163 4429.4789867997169 13681.81312071532 23857.84495241195 405.98681562766433 4606.1213705427945 1645.8980384469032 7441.8951925747097 6013.4812605567276 40.548362135887146 5.8937631547451002 28.553513370454311 6.9792271144688129 11902.074171122164 1358.2043318524957 107.12047586962581
leaf_count=193535 7990 44198 424 34825 31127 150473 4888 50518 319743 35771 12925 111597 13750 24426 67375 12127 36037 65000 1090 11905 2035 20828 17458 50 8 95 38 36486 4996 288
internal_value=-3.34467e-06 0.000130655 -9.5027e-05 -6.33933e-05 -2.93937e-05 -0.000182109 -0.000540843 4.88706e-05 3.61258e-05 0.00040185 0.000444398 8.77777e-05 -7.44404e-05 0.000196111 0.000359741 0.000126038 -4.19798e-05 0.000301783 -0.000288832 0.000205999 -0.000962792 0.00011352 0.00037096 -1.01913e-05 -0.00103692 -0.00810001 -0.0192635 3.75662e-06 -0.000827734 -0.00215527
internal_weight=387792 157539 230254 215041 200745 87153.7 14295.3 33120.4 121063 13608.5 36475.8 113592 45484.1 68107.7 32322.2 58925.6 30125.2 28800.4 4942.59 16443.4 1989.4 31131 13455.4 107454 1440.18 41.4265 12.873 106014 1398.75 513.107
internal_count=1312006 529675 782331 588796 549083 241736 39713 91263 405177 43761 124498 307347 125347 182000 111573 157574 79069 78505 13505 43032 2459 88804 38286 361416 5187 141 46 356229 5046 1378
cat_boundaries=0 1
cat_threshold=4
is_linear=0
shrinkage=0.05


Tree=89
num_leaves=31
num_cat=0
split_feature=5 6 1 1 18 7 10 4 8 10 17 10 7 10 18 1 8 1 3 1 10 18 5 10 17 5 17 10 10 8
split_gain=1.76483 1.53014 1.15318 0.993284 0.950083 1.00037 1.06196 0.970553 0.937916 0.957992 0.794266 0.688638 1.06068 0.996673 0.68833 0.622491 0.607758 0.584459 0.917768 0.821503 0.810112 0.78199 0.578425 0.823373 0.866884 0.557005 0.811708 0.550283 1.23262 0.667095
threshold=0.37940952255126054 0.91597561503675351 8480.5000000000018 2306.5000000000005 0.9208333333333335 10.481293953298048 8.1413870876538788 3.5000000000000004 1.4978661367769956 7.4931540695953087 0.64632798978931005 7.9073712234103679 11.211588533200596 7.7168148692138958 0.99583333333333346 2793.5000000000005 6.0672668391739295 1780.5000000000002 1.0000000180025095e-35 504.50000000000006 7.8101015432155938 1.0625000000000002 -0.78656609248549292 3.0315511218917295 0.70807993030371785 -0.9159756150367534 0.65737091758083455 4.6977331199400609 0.47873179439478714 2.602003343538398
decision_type=2 2 2 2 2 2 2 2 2 2 2 2 2 2 2 2 2 2 2 2 2 2 2 2 2 2 2 2 2 2
left_child=1 2 4 16 -1 7 25 27 9 14 -8 12 -10 -14 -2 -13 -3 18 19 22 21 -19 23 -9 -25 26 -7 28 -6 -29
right_child=8 3 -4 -5 5 6 10 17 11 -11 -12 15 13 -15 -16 -17 -18 20 -20 -21 -22 -23 -24 24 -26 -27 -28 29 -30 -31
leaf_value=-0.00028580550164611953 3.396287560959166e-05 0.00011657337301623355 0.00092842822784796469 0.0012482995626769925 -2.2034177063332691e-05 -0.0037262110742899233 -0.0015070617595724662 0.00076738828363539374 -2.9231059090927686e-05 0.00097817168141251594 -0.00017188104280468008 0.00015672303091100598 -0.0046144673906564956 -0.00042523558797375637 0.00025481966929633975 0.0018076053459676875 -0.00058177416273862386 0.00022687567161491231 -8.9935258384886429e-05 0.0011478446084341135 0.001340987796624245 -0.000690774988726025 0.00024799716903941004 -0.0014743717831413789 -0.00012699877421147867 -0.001579287601991935 -0.0019989988572384843 1.7570601625829795e-05 -0.00024043342689358609 -0.00013846060915911272
leaf_weight=14810.010237742215 26639.514033760875 19898.231907606125 4201.0277156494558 6101.4548018164933 19751.542821496725 19.570163726806641 34.215568482875824 401.19039613381028 54916.866754729301 5052.0079699829221 880.43761118501425 13576.42766309157 8.0867113918066043 11.474652569741009 25880.67059192434 2284.244193226099 1617.2959357202053 18648.500183902681 36303.493030097336 5352.7449530251324 4685.6547546386719 3357.612525112927 2844.523055754602 616.22008019685745 691.26864106208086 245.37591540068388 57.530924011021852 45177.172015342861 20903.804977491498 52824.172999788076
leaf_count=188555 124548 68307 14156 21066 54345 24 42 1068 192112 15924 2469 43857 28 44 47756 7049 5877 57213 99280 14716 12416 3631 7716 824 2781 757 199 121184 57528 146534
internal_value=-3.9418e-06 -7.8974e-05 -0.000120888 0.000272834 -0.000136039 -0.000109089 -0.00152677 -0.000100799 0.000147692 0.000297564 -0.00065693 2.58151e-05 -5.79742e-05 -0.0116988 0.000234307 0.000316035 0.000113151 4.6897e-05 -6.07007e-05 0.000365876 0.000233173 0.000106066 -0.000127816 -0.000854942 -0.00146293 -0.00399391 -0.00770103 -0.000178452 -0.000333102 -0.000114297
internal_weight=387792 259423 231806 27617 227605 212795 1237.13 211558 128369 57572.2 914.653 70797.1 54936.4 19.5614 52520.2 15860.7 21515.5 72901.2 46209.4 9905.95 26691.8 22006.1 4553.2 1708.68 1307.49 322.477 77.1011 138657 40655.3 98001.3
internal_count=1312006 880688 785438 95250 771282 582727 3491 579236 431318 188228 2511 243090 192184 72 172304 50906 74184 199645 126385 27105 73260 60844 12389 4673 3605 980 223 379591 111873 267718
is_linear=0
shrinkage=0.05


Tree=90
num_leaves=31
num_cat=2
split_feature=8 10 10 7 10 5 10 1 8 8 0 1 1 7 6 1 2 0 5 7 7 7 18 1 2 7 6 0 18 17
split_gain=1.46465 2.48343 1.70443 1.43413 1.22942 1.2134 1.09308 1.08851 1.0809 1.07145 1.036 0.980173 0.892511 0.825377 0.776019 0.732338 0.692778 0.640757 0.733601 0.599044 0.65577 0.848824 0.603062 1.15347 0.578451 0.864959 0.759629 0.596126 0.573169 1.14565
threshold=1.7005986908310777 7.3777448829540324 7.9397739131828367 7.8933854715247564 5.2487550259060098 0.37940952255126054 8.4036835615819729 2045.5000000000002 5.6076369307404796 6.3534997185584592 61.500000000000007 234.50000000000003 597.50000000000011 11.211588533200596 0.78656609248549303 131.50000000000003 0 100.50000000000001 -0.25881904510252113 1.0000000180025095e-35 1.0397207708399181 2.3502401828962087 1.0791666666666668 2306.5000000000005 1 9.6597266625627505 0.37940952255126048 18.500000000000004 1.0791666666666668 0.65737091758083455
decision_type=2 2 2 2 2 2 2 2 2 2 2 2 2 2 2 2 1 2 2 2 2 2 2 2 1 2 2 2 2 2
left_child=1 5 3 4 -2 10 14 15 -5 11 -1 17 -8 16 -3 -6 -10 -4 -19 22 -21 -22 -7 -24 25 -11 -27 -26 -18 -30
right_child=2 6 9 8 7 19 12 -9 13 24 -12 -13 -14 -15 -16 -17 28 18 -20 20 21 -23 23 -25 27 26 -28 -29 29 -31
leaf_value=-0.00010673116214595276 -0.00019541857219006024 0.00047396403202803404 -0.0005944382486115017 1.218465667285132e-05 -0.00098672237650020839 -0.00017707391542089656 -0.0044032294055619623 0.0001861446254782913 -0.00028161162309082446 0.0003765504799884849 8.1893918580750076e-05 0.00032392611366557705 -0.00098535408638111702 -0.0020368588346328649 0.0014493882694578285 -8.4518405798014731e-05 -0.00058416681542008346 -0.0021744852468268726 0.0041730821637882649 0.00038516986612282395 -0.00015683580032215851 0.00016139589891113785 -0.00042843926714797938 -0.0038816104007417989 -0.0019564803016609298 -0.00078810869739538508 0.00039461579572395159 -0.00031094611625429594 0.0001118107295271835 -0.0017663077567624968
leaf_weight=65005.293117873371 29494.545731563121 18378.214803919196 662.63198631629348 3322.6119780763984 293.61970303952694 2140.9547025188804 9.9385182559490222 30807.911338131875 3256.7186943478882 5554.0442129857838 41612.332027856261 34503.45377266407 15.05747517198324 46.147753354161978 2809.134131398052 85327.138193231076 3977.7208791337907 14.978804975748064 8.8966397754847986 11544.0263671875 7342.3087423741817 32986.778254311532 139.67416305840015 30.893509857356548 7.9014841802418223 1970.8238299824297 862.95864371582866 5201.1121974699199 118.23578631877899 185.77045533061028
leaf_count=217718 108325 58399 2076 12897 992 8306 17 106480 12550 17771 137530 109187 30 186 9020 297054 16345 38 32 36227 23752 109205 169 37 24 6660 2957 17120 128 211
internal_value=-9.67449e-06 9.36263e-05 -0.000101117 -0.000181408 -0.000140071 2.65466e-05 0.00060213 -6.70244e-05 -0.000734445 0.000156986 -7.13686e-05 0.000302637 -0.00984759 -0.00106389 0.000614458 -0.00015873 -0.00102308 -0.00156813 -0.00961552 0.000219212 0.000254306 0.000159192 -0.000568348 -0.00342961 -0.000219975 3.73414e-05 -0.000673442 -0.000633174 -0.00144051 -0.00353643
internal_weight=387632 182015 205617 156830 145923 160802 21212.3 116429 10907.2 48786.8 106618 35190 24.996 7584.59 21187.3 85620.8 7538.45 686.507 23.8754 54184.6 51873.1 40329.1 2311.52 170.568 13596.8 8387.83 2833.78 5209.01 4281.73 304.006
internal_count=1311443 600410 711033 555168 512851 532944 67466 404526 42317 155865 355248 111333 47 29420 67419 298046 29234 2146 70 177696 169184 132957 8512 206 44532 27388 9617 17144 16684 339
cat_boundaries=0 1 2
cat_threshold=18 11
is_linear=0
shrinkage=0.05


Tree=91
num_leaves=31
num_cat=0
split_feature=16 1 16 8 1 16 10 6 16 10 10 7 10 8 1 7 18 16 1 0 8 16 0 8 1 16 10 7 10 7
split_gain=1.75013 1.27917 1.48388 1.25887 1.53082 1.23989 1.73456 1.42717 1.37447 1.144 1.45544 1.14044 1.37071 1.09701 1.81207 0.99994 0.958403 1.36892 0.946839 1.02303 0.995587 0.903635 0.864839 0.938198 1.20866 1.05759 0.847513 0.839313 1.0894 1.31298
threshold=0.71230193001861186 157.50000000000003 0.9461910594647257 7.7896613911804815 396.50000000000006 0.83523104476989685 5.8568961415879626 0.78656609248549303 0.83626252219812136 0.47873179439478714 0.01032695592379766 5.0968083143154814 8.1533614626534874 2.6735537653587351 1027.5000000000002 11.211588533200596 1.0041666666666669 0.86681196525373416 317.50000000000006 48.500000000000007 6.3288288446259466 0.75883232982744986 87.500000000000014 7.5663108808184232 2753.5000000000005 0.75254527973905927 5.6357330754872352 3.4811217321331038 5.6650743370964696 7.3482656770381407
decision_type=2 2 2 2 2 2 2 2 2 2 2 2 2 2 2 2 2 2 2 2 2 2 2 2 2 2 2 2 2 2
left_child=13 -2 5 27 -5 6 9 18 -7 10 -3 16 15 26 -15 -13 -10 -18 -8 -20 -21 22 -22 -24 25 -25 -1 -4 29 -29
right_child=1 2 3 4 -6 8 7 -9 11 -11 -12 12 -14 14 -16 -17 17 -19 19 20 21 -23 23 24 -26 -27 -28 28 -30 -31
leaf_value=0.00048807690946150453 -0.00039586188127530047 -9.1204977437123891e-05 0.0039187693831852291 -0.0027187452890458964 -0.0025805219730147913 -0.0004485853716738153 -0.00023262382785549862 0.00051708991874078742 -6.1419514427945435e-05 -0.00013113469967087379 0.00029975022743580494 -0.00022057163338705805 0.00024030634332582076 -0.00088084210163814208 0.0020010995433558665 -0.0017972059726449167 -1.9812422069077909e-05 0.00049905264199213712 -6.71494080869979e-05 0.00021326357984811917 -0.00076925766583588325 -1.036365576022047e-05 -0.0024914503844299038 -0.0034234045154309641 0.0032317138052946866 -0.0030789749866828916 0.0029571591705019711 -0.0014507541085056717 0.0018166091097712126 -0.0039248815892501936
leaf_weight=5158.0085940212011 3024.2255420349538 19720.289764698595 788.39518676698208 4.8780913650989524 29.024830676615238 3665.6886485144496 6310.8714916817844 19530.180274732411 43305.451296038926 73221.296877902001 15090.764963719994 27568.988239750266 4705.0256425887346 3694.4861917644739 4793.7399356812239 32.730256579816341 10749.222577348351 6462.9916838556528 42688.450751319528 79584.139638505876 1770.971179202199 7703.6100561730564 310.63663452118635 74.555611155927181 34.299194596707821 13.350257270038126 6159.1626270264387 243.86015754193068 1186.3929634466767 6.1387378945946685
leaf_count=13362 10021 69906 2658 13 112 12084 21826 68917 166306 260205 52972 93300 13992 9682 12552 128 16134 10056 149341 272197 4479 29516 763 181 92 31 15552 833 4209 23
internal_value=-9.55758e-06 -3.42103e-05 -2.57207e-05 0.00125187 -0.00831032 -3.36802e-05 2.20047e-05 0.000127565 -0.000187221 -0.0001324 0.000103574 -0.00014972 -0.000389587 0.000448294 1.8616e-05 -0.000524051 -2.16696e-05 0.000293944 7.11371e-05 9.97037e-05 0.000195776 -0.000276887 -0.00116967 -0.00317318 -0.00688455 -0.00999061 0.000770566 0.00139759 0.0006781 -0.00232156
internal_weight=387632 367826 364802 2258.69 33.9029 362544 266053 158021 96490.1 108032 34811.1 92824.4 32306.7 19805.4 8488.23 27601.7 60517.7 17212.2 138491 132180 89491.6 9907.42 2203.81 432.842 122.205 87.9059 11317.2 2224.79 1436.39 249.999
internal_count=1311443 1260295 1250274 7848 125 1242426 930426 547343 312000 383083 122878 299916 107420 51148 22234 93428 192496 26190 478426 456600 307259 35062 5546 1067 304 212 28914 7723 5065 856
is_linear=0
shrinkage=0.05


Tree=92
num_leaves=31
num_cat=0
split_feature=16 1 16 8 1 4 16 16 16 4 16 16 16 4 16 16 5 16 3 16 6 16 16 16 16 5 9 16 16 16
split_gain=1.52312 1.24463 1.3773 1.24704 1.53082 1.19679 5.0937 2.84058 3.18879 1.97136 4.31441 1.6818 1.6401 1.55531 1.56627 2.40653 3.46518 1.52037 1.46901 1.2962 1.29576 1.2056 1.63806 1.20578 1.24484 1.39853 1.17714 1.10546 1.08626 1.40511
threshold=0.71230193001861186 157.50000000000003 0.9461910594647257 7.7896613911804815 396.50000000000006 2.5000000000000004 0.87093098878569231 0.85570644998864431 0.85472328363330063 1.5000000000000002 0.93504912530908568 0.87260122516658101 0.87970026051821659 1.5000000000000002 0.84300269948124729 0.83523104476989685 -0.70710678118654735 0.83744152111093351 1.0000000180025095e-35 0.91681818959512318 -0.37940952255126015 0.8423321668866619 0.84851765780272259 0.84649134540172921 0.8470278619941235 0.98296291314453421 4.3502571242716384 0.89111819891260613 0.81728538680709095 0.8127814019877837
decision_type=2 2 2 2 2 2 2 2 2 2 2 2 2 2 2 2 2 2 2 2 2 2 2 2 2 2 2 2 2 2
left_child=-1 -2 5 -4 -5 7 20 8 13 10 12 -8 -9 14 15 -3 17 -17 -10 -14 -7 28 23 -23 25 -25 -12 -11 29 -15
right_child=1 2 3 4 -6 6 11 9 18 27 26 -13 19 21 -16 16 -18 -19 -20 -21 -22 22 -24 24 -26 -27 -28 -29 -30 -31
leaf_value=0.00084552029667464979 -0.00037606878721153545 -0.0001748855470374483 0.0017425050429183042 -0.0025828080245936021 -0.0024514958743640514 -8.8867280782514709e-06 -0.00064860041786537646 0.0028737544798121462 -0.0022627612121812191 -6.8405542174577308e-05 -0.0007700986213237574 -0.00026008146692272293 0.00032782728545008581 -4.2572739955656913e-05 0.00066414495034644865 -0.001453563369019819 -0.00033220754975787014 -0.0009019091229860558 -0.00047630800276237816 0.0048181731068319359 0.00018719798293328414 -0.00023376040579614553 0.00019245134517686566 -0.00075904228391193436 -0.00032281618622242991 -0.0020193898037990979 -0.0027464929931998805 0.00059068532386359271 0.00011386078056788985 -0.00036551519013579699
leaf_weight=19805.397348493338 3024.2255420349538 32519.616382315755 2224.7870456501842 4.8780913650989524 29.024830676615238 103574.99494690821 2086.6990389227867 2166.9619258344173 160.02175469696522 11095.654360450804 541.3821379840374 16191.004476748407 3324.9772523492575 46208.704025123268 1236.1024584919214 393.12871672213078 1504.2573340833187 211.85699775069952 1518.1278598606586 534.40220721811056 104572.10600517318 3050.8139114975929 2931.7877284213901 1269.3272025883198 923.26057191938162 33.283726252615452 19.398370414972305 3824.3187182098627 18353.561894506216 4297.7650357112288
leaf_count=51148 10021 112006 7723 13 112 353480 5934 6208 464 36901 1556 57380 9862 172927 4205 1569 6026 903 4470 1602 362120 9858 10334 2223 3326 56 51 13607 54090 11268
internal_value=-9.37051e-06 -3.23689e-05 -2.39946e-05 0.00120686 -0.00831032 -3.1663e-05 3.87733e-05 -0.000148829 -0.000247774 0.000378447 0.00109889 -0.00076152 0.00148924 -0.000215624 -0.000487626 -0.000550053 -0.0021867 -0.00538234 -0.00241131 0.000871156 0.000109048 -8.90446e-05 -0.000661822 -0.00118831 -0.00207318 -0.00306866 -0.00309593 6.03744e-05 -2.07666e-05 -0.000140479
internal_weight=387632 367826 364802 2258.69 33.9029 362544 226425 136119 114612 21507.1 6587.12 18277.7 6026.34 112933 35865 34628.9 2109.24 604.986 1678.15 3859.38 208147 77068.5 8208.47 5276.69 2225.87 1302.61 560.781 14920 68860 50506.5
internal_count=1311443 1260295 1250274 7848 125 1242426 778914 463512 393725 69787 19279 63314 17672 388791 124709 120504 8498 2472 4934 11464 715600 264082 25797 15463 5605 2279 1607 50508 238285 184195
is_linear=0
shrinkage=0.05


Tree=93
num_leaves=31
num_cat=1
split_feature=16 8 10 16 8 8 7 8 2 16 4 16 3 4 17 16 16 7 7 8 17 16 4 16 7 7 7 7 7 7
split_gain=1.3667 1.07805 1.35524 1.23861 1.22842 1.12265 1.46766 0.998636 1.40885 0.97014 1.51214 1.21182 1.46517 1.46299 1.58854 1.29056 1.22576 1.06468 1.05101 1.88132 0.962808 0.94678 0.883541 3.95343 0.800162 0.79862 1.5658 1.92579 0.908587 1.23262
threshold=0.71230193001861186 7.850298363023362 7.7581550303642528 0.9461910594647257 3.2384861814448418 1.0000000180025095e-35 3.4175922930736511 2.6735537653587351 0 0.85472328363330063 1.5000000000000002 0.85570644998864431 1.0000000180025095e-35 2.5000000000000004 0.66536933010598343 0.93504912530908568 0.87093098878569231 2.8029010331479989 4.9663289649179552 3.7012257604091228 0.81311413657290077 0.87260122516658101 1.5000000000000002 0.84300269948124729 3.4811217321331038 2.524928003624769 2.3502401828962087 1.5890269151739729 3.0201273556387074 3.1132683346437333
decision_type=2 2 2 2 2 2 2 2 1 2 2 2 2 2 2 2 2 2 2 2 2 2 2 2 2 2 2 2 2 2
left_child=7 2 3 5 -4 6 22 -1 -9 10 -7 12 -11 14 15 -13 -15 -12 -17 -20 -19 -18 23 -2 -8 26 27 -24 -27 -30
right_child=1 -3 4 -5 -6 9 24 8 -10 11 17 13 -14 16 -16 18 21 20 19 -21 -22 -23 25 -25 -26 28 -28 -29 29 -31
leaf_value=0.0015250882839580593 -0.00028944959504997799 -0.00042848517007581903 0.00045080747474406243 0.0016128740190412369 3.193848249118045e-05 -0.00020759523565804032 0.0012276322710634828 -0.0011592827781988658 0.0007271587342872754 -0.0023253665872143728 -0.00052635928724034317 0.00063888840857129073 -0.00034645930546817541 -4.7837310873066753e-05 -9.4779076485731169e-05 0.00046244962141316071 -0.00073615011390532059 2.002106356202571e-07 -0.002754612001804223 1.260630329682419e-05 -0.00037493309210948587 -0.00030282955479096107 6.6621403451991309e-05 0.0011506342478704815 0.00022798415850546416 -0.00027129590511830551 0.00041962706848719324 -0.00040114506555643945 0.00059549827919398864 -0.00020703394187936223
leaf_weight=11317.17122104764 11746.182969093323 3797.5762654170394 20250.963450741023 1683.3235505148768 47054.107452619821 15647.423937153071 2048.0405362248421 1652.5725333839655 6835.6535940617323 112.62789630144835 2940.7729932516813 2790.3409892916679 1397.9390655532479 7604.827834635973 6939.0834004953504 67.325354218482971 1178.0835093185306 126758.56908527762 33.325914859771729 28.521398723125458 5449.1539417654276 8685.648024559021 44707.867209929973 2610.7445321157575 11367.94654514268 12823.601861525327 13458.152471110225 7396.3854463994503 4251.5564899109304 4996.3384237326682
leaf_count=28914 39674 13584 64938 5841 158584 56232 7109 4303 17931 371 9937 3499 4306 23734 29256 85 3358 390534 40 36 80128 31088 147515 7810 40362 42427 44348 24277 14485 16737
internal_value=-8.28909e-06 -3.00746e-05 -2.13317e-05 -6.72788e-05 0.000181232 -7.4995e-05 4.66881e-05 0.000396312 -1.36486e-05 -0.000153171 -0.000102358 -0.000418881 -0.00179747 -0.000342676 0.000144307 0.0011228 -0.000617511 -4.84827e-05 -0.00376313 -0.00846875 -2.75524e-05 -0.000985274 -1.79811e-05 -0.000381568 0.000538315 4.15847e-05 0.000129162 4.9777e-06 -0.00021856 0.000159204
internal_weight=387632 367826 364029 296724 67305.1 295040 115407 19805.4 8488.23 179634 150796 28837.7 1510.57 27327.2 9858.6 2919.51 17468.6 135148 129.173 61.8473 132208 9863.73 101991 14356.9 13416 87633.9 65562.4 52104.3 22071.5 9247.89
internal_count=1311443 1260295 1246711 1023189 223522 1017348 384744 51148 22234 632604 536831 95773 4677 91096 32916 3660 58180 480599 161 76 470662 34446 337273 47484 47471 289789 216140 171792 73649 31222
cat_boundaries=0 1
cat_threshold=4
is_linear=0
shrinkage=0.05


Tree=94
num_leaves=31
num_cat=2
split_feature=5 6 16 4 10 7 16 6 10 16 9 10 0 16 16 0 2 9 10 4 7 9 16 4 10 7 17 4 2 9
split_gain=1.30395 1.37733 1.20831 1.15245 0.914346 1.222 0.977698 1.11282 1.16956 0.900406 0.899277 0.845727 0.759597 0.9149 0.728068 0.690058 1.0084 0.82482 0.686493 0.65148 0.832824 2.06966 0.618115 0.835637 0.583669 0.658049 0.567551 0.564722 0.533151 0.530081
threshold=0.37940952255126054 0.91597561503675351 0.88926421891343954 4.5000000000000009 6.0888949902463336 6.1036759135142775 0.86985364382818464 -0.37940952255126015 7.6356794924471805 0.78844554839369796 3.9019216517693867 7.6762034755851571 52.500000000000007 0.68333810207629286 0.72364337447615934 99.500000000000014 0 6.5991897639136772 1.5299586756037027 2.5000000000000004 11.211588533200596 2.602003343538398 0.85311987714289217 1.5000000000000002 0.01032695592379766 2.524928003624769 0.64632798978931005 3.5000000000000004 1 4.4942230200312032
decision_type=2 2 2 2 2 2 2 2 2 2 2 2 2 2 2 2 1 2 2 2 2 2 2 2 2 2 2 2 1 2
left_child=1 4 3 14 18 12 15 -8 -9 -5 11 22 13 -6 -2 19 -17 -18 24 -7 -21 -22 -3 -24 -1 27 -11 -26 29 -4
right_child=2 10 28 9 5 6 7 8 -10 26 -12 -13 -14 -15 -16 16 17 -19 -20 20 21 -23 23 -25 25 -27 -28 -29 -30 -31
leaf_value=-0.00014095597240373279 0.0010305188640392039 0.00019765007200010234 0.00094884495818795065 0.0010918043910116144 0.0035615767234358805 -0.00018284326827781481 -0.00010982768019906776 -0.0010195027154175432 -0.00042045615805958933 0.0011710171760108815 -0.0010809003824611575 0.00091783083430813377 0.00019160638138056158 -7.9896577937010893e-05 -4.4421956577254255e-06 -0.00034778827648785651 -0.001215340148348345 -0.0030639840633526353 -0.00015508541646773596 5.8075595126134973e-05 -0.01024225546817629 -0.00139700773575258 0.001489009398784027 -0.00032656388576406408 8.8096505329819674e-05 -9.3463402372220147e-05 4.3169870429000252e-05 0.00070319353815210823 0.0002361030613544122 -0.0012155880555200561
leaf_weight=17449.294681467116 7406.5891621410847 17212.196072574705 2608.9823603332043 9261.8347038179636 853.09117395430803 18066.827448435128 2841.2866756096482 794.37792539596558 1541.3667632937431 265.36882293224335 864.39542765542865 5898.5506047606468 43537.54162337631 30682.197443194687 97010.98494239524 2168.2018465325236 661.20434929803014 9.3142523132264596 66160.082790538669 28433.743964087218 6.0056275129318228 205.24704729765654 492.14049879461527 3170.4127806872129 6726.3419825471938 7800.2356701865792 9295.3091020807624 3490.9663571305573 2673.5548825114965 44.180915519595146
leaf_count=59956 18708 60566 9047 33605 2321 62625 9685 2750 5099 326 3097 19515 141079 101447 330920 7323 2304 27 228845 99350 17 732 1460 10658 22040 27668 29394 11465 9242 172
internal_value=-9.03614e-06 -7.36389e-05 0.00012114 8.92723e-05 -0.00011348 -2.55401e-05 -0.000205222 -0.000859035 -0.00166755 0.000449398 0.000259972 0.00031122 0.000105447 -8.14291e-05 2.43554e-05 -0.000136912 -0.000893816 -0.00257292 -0.000225798 -9.09144e-05 5.73797e-05 -0.00307042 0.000161838 -0.000427983 -4.83096e-05 0.000151301 0.000109025 0.000415321 0.000858434 0.00135917
internal_weight=387632 259065 128567 123240 231427 129800 54727.6 5177.03 2335.74 18822.5 27637.7 26773.3 75072.8 31535.3 104418 49550.5 2838.72 670.519 101627 46711.8 28645 211.253 20874.7 3662.55 35466.8 18017.5 9560.68 10217.3 5326.72 2653.16
internal_count=1311443 880029 431414 412953 784733 434759 189912 17534 7849 63325 95296 92199 244847 103768 349628 172378 9654 2331 349974 162724 100099 749 72684 12118 121129 61173 29720 33505 18461 9219
cat_boundaries=0 1 2
cat_threshold=19 11
is_linear=0
shrinkage=0.05


Tree=95
num_leaves=31
num_cat=0
split_feature=1 8 7 1 7 8 7 7 1 0 7 7 7 16 1 0 9 16 7 8 4 18 7 7 7 0 1 7 1 17
split_gain=1.5119 1.37917 1.59535 1.36577 1.33076 1.37538 1.31035 1.5548 1.05262 1.02941 1.0214 1.46442 0.930782 0.904921 0.861704 1.0175 0.978991 0.81752 0.812154 1.12512 0.905837 0.902503 0.792328 1.9392 0.773552 0.760385 0.77227 0.694836 1.20077 1.12365
threshold=6755.5000000000009 1.0000000180025095e-35 1.0000000180025095e-35 131.50000000000003 4.1026092131977068 3.3842466058243152 3.4175922930736511 1.0397207708399181 3109.5000000000005 51.500000000000007 2.3502401828962087 2.524928003624769 1.5890269151739729 0.83214013540678655 380.50000000000006 52.500000000000007 6.0390628155997765 0.91167763378283551 5.2496487501035594 3.3140206880897671 3.5000000000000004 1.0791666666666668 3.0201273556387074 3.1132683346437333 4.6101453514146771 59.500000000000007 475.50000000000006 9.6597266625627505 1001.5000000000001 0.65306806413895013
decision_type=2 2 2 2 2 2 2 2 2 2 2 2 2 2 2 2 2 2 2 2 2 2 2 2 2 2 2 2 2 2
left_child=1 2 -1 18 -5 24 7 17 14 -10 12 -12 -9 -8 15 -7 -16 25 -3 20 21 -20 -13 -24 -6 26 -4 -18 29 -29
right_child=-2 3 6 4 5 8 13 10 9 -11 11 22 -14 -15 16 -17 27 -19 19 -21 -22 -23 23 -25 -26 -27 -28 28 -30 -31
leaf_value=-0.00030541160637788042 0.0007523210211965698 -0.00039090026778599229 -0.00017236581094166455 -0.0001471338563662092 -5.1964417173582665e-05 -3.0235035916586356e-05 0.00069225398768355331 -2.9435428815210302e-05 -0.00038605340620571086 0.00087614626130890774 0.00031356773759791092 -0.00021308350761629902 -0.00034237574696283567 -5.0152577217831011e-05 -7.9021369453678725e-05 -0.00049415232085459483 -8.1366261638281265e-05 0.0027128867438839192 -0.0016441787022361265 -0.00049656734236024145 -0.0030034955320054624 -0.0026010154627578645 0.00065692298811214841 -0.00024743698603664526 0.00016999325133475741 0.00041968246770790544 0.00018349234680930528 -0.0029312211227557417 -0.0009963342862819274 -0.0010921764758750321
leaf_weight=6531.5868110843003 11142.66044991836 412.10195767506957 4788.7882977239788 61151.702223107219 24987.647643767297 3407.2614436298609 11498.830809440464 13879.143375679851 3737.142776850611 8115.9166244901717 16758.75796200335 15768.920733898878 9059.0663357563317 4065.5926239788532 92909.504220657051 3643.3016768731177 644.72231426462531 640.32734726369381 53.088200103491545 194.10327730700374 18.299742039293051 6.6296986341476432 5367.757093437016 6134.3549278154969 52574.92356486246 15064.921022050083 14204.461448501796 58.561753630638123 514.43001532182097 238.61564363911748
leaf_count=24284 37573 1332 14962 201563 84656 12048 40114 45212 13193 27838 54231 51286 29281 13532 325304 12787 2240 2215 201 728 62 7 17901 20217 182667 47325 45720 74 1921 938
internal_value=-1.09992e-05 -2.79897e-05 0.000108757 -9.49714e-05 -8.89139e-05 -2.38692e-05 0.00015113 8.57238e-05 -0.000134947 0.000310903 -5.50234e-05 8.59189e-05 -0.000325562 0.000578364 -0.000187055 -0.000720256 -0.000147217 0.000357366 -0.00232583 -0.00444571 -0.00951689 -0.00653447 -0.000140128 0.000175433 0.000138344 0.000324088 0.000113681 -0.00143355 -0.00240695 -0.00493731
internal_weight=387573 376430 123763 252668 251984 190832 117231 101666 113269 11853.1 66968 44029.8 22938.2 15564.4 101416 7050.56 94365.8 34698.5 684.223 272.121 78.0176 59.7179 27271 11502.1 77562.6 34058.2 18993.2 1456.33 811.607 297.177
internal_count=1311412 1273839 406280 867559 865229 663666 381996 328350 396343 41031 218128 143635 74493 53646 355312 24835 330477 110222 2330 998 270 208 89404 38118 267323 108007 60682 5173 2933 1012
is_linear=0
shrinkage=0.05


Tree=96
num_leaves=31
num_cat=1
split_feature=4 8 10 7 8 7 18 10 10 2 7 10 9 0 8 17 9 10 9 10 0 7 9 17 7 0 18 0 17 10
split_gain=1.38424 0.92602 1.37482 0.876809 1.08011 0.854999 0.758051 0.688248 1.21209 0.725918 0.702219 0.731032 1.91135 2.56225 0.948204 0.870193 0.818786 0.668242 0.883161 0.659839 0.703208 0.647109 0.663245 0.632571 0.619326 1.0224 0.7625 0.93729 0.633175 0.618376
threshold=3.5000000000000004 0.89587973461402759 7.3777448829540324 4.1026092131977068 2.249904835165133 1.0000000180025095e-35 0.92916666666666681 0.65675555764692939 5.8568961415879626 0 9.0446395749334112 7.8955972737305267 0.89587973461402759 112.50000000000001 6.273819513894054 0.67112732600106184 7.7025361201967923 7.1899921134585654 2.6735537653587351 7.6630053345060398 66.500000000000014 9.2635019021077358 3.860674306308975 0.65306806413895013 5.8985256106096164 70.500000000000014 1.0791666666666668 78.500000000000014 0.64675799809678969 0.003017335621888714
decision_type=2 2 2 2 2 2 2 2 2 1 2 2 2 2 2 2 2 2 2 2 2 2 2 2 2 2 2 2 2 2
left_child=1 2 -1 23 -5 -2 -7 -8 -9 24 19 12 13 -12 -14 16 17 -16 -19 20 -11 -20 -23 -3 28 -26 -27 -28 -10 -25
right_child=5 3 -4 4 -6 6 7 8 9 10 11 -13 14 -15 15 -17 -18 18 21 -21 -22 22 -24 29 25 26 27 -29 -30 -31
leaf_value=-1.0038588837138486e-05 -0.0004405742083779321 2.9848497955971277e-05 0.00055205192546772537 0.00016693061547593641 -9.2825623733773513e-05 -0.00023004049159531701 0.00036532508359157084 -6.1953554800126678e-05 -0.00063072285197814386 4.3125016229564328e-05 -0.0057517080890878217 -6.5798270943491502e-05 0.0033630206129135047 -0.0092847337410684166 0.0003912116335620941 -0.00073726710518102828 0.0011236020934771364 0.00093753590275342559 -0.007047610708189803 0.00067707075976666678 0.00045541577245340471 -0.0013435516351104411 -0.0039004918734075683 -0.0010995631962312077 -6.6748137468794491e-05 -0.00092980003317613691 0.0017385210364033899 -0.003138251008149988 0.00013744362178422283 -0.00024154955816283672
leaf_weight=87752.767892055213 2141.6670833714306 6344.0278895497322 9588.2913332544267 18965.118977125734 106523.36165841296 8480.5209280438721 13564.927105333656 33928.32325751707 295.35699468851089 26678.503406342119 16.72328253462911 2560.8075132481754 131.03491913154721 7.514240000396966 25.6348996758461 269.55475383251905 16.891502797603607 20.847025513648987 20.589253187179565 20103.699035145342 15804.458231151104 21.051738977432251 59.136500835418701 99.556890644133091 2377.0372691191733 752.50376771390438 28.781035803258419 46.906462080776691 6301.4942761920393 24646.03289212659
leaf_count=289784 8265 8003 30279 65043 369957 107699 37079 95165 364 73253 50 7092 405 18 33 1117 20 27 26 53936 42881 27 77 387 6718 2201 31 52 17348 94075
internal_value=-1.13708e-05 -7.99264e-05 4.11753e-05 -0.000155212 -9.63196e-05 0.000118873 0.000135011 0.000166527 0.000124898 0.000236403 0.000296229 -0.000432182 -0.0020205 -0.0157695 -0.00143042 -0.00255656 -0.00542656 -0.00662255 -0.00816887 0.000332935 0.000221255 -0.0101067 -0.0080765 -0.000392925 -0.000164953 -0.000735298 -0.00224818 -0.00703191 0.000111912 -0.00050712
internal_weight=387573 253919 97341.1 156578 125488 133654 131512 123032 109467 75538.5 65736.4 3149.79 588.978 24.2375 564.741 433.706 164.151 147.259 121.625 62586.7 42483 100.777 80.1882 31089.6 9802.08 3205.23 828.191 75.6875 6596.85 24745.6
internal_count=1311412 857528 320063 537465 435000 453884 445619 337920 300841 205676 178962 8892 1800 68 1732 1327 210 190 157 170070 116134 130 104 102465 26714 9002 2284 83 17712 94462
cat_boundaries=0 1
cat_threshold=4
is_linear=0
shrinkage=0.05


Tree=97
num_leaves=31
num_cat=0
split_feature=1 16 1 3 1 16 16 17 6 16 7 7 0 16 1 16 4 16 4 4 16 16 16 17 10 17 7 16 4 10
split_gain=1.35336 1.09942 1.00191 1.58884 1.10135 2.38252 0.930414 0.880735 0.83892 0.808751 0.788289 0.705903 1.08633 0.901085 0.688315 0.68791 0.982619 0.816051 1.50386 1.34562 2.27832 1.10048 1.02514 0.935311 0.954872 0.91902 0.800248 0.83944 1.18522 1.07088
threshold=4473.5000000000009 0.70095262182836504 475.50000000000006 1.0000000180025095e-35 1115.5000000000002 0.83426495118380328 0.90056769624314192 0.81333642008160811 -0.70710678118654757 0.92481023624323644 9.7540009636654226 6.281331292928102 52.500000000000007 0.70870188235304732 1573.5000000000002 0.83375273960117646 1.5000000000000002 0.83596978670169342 1.5000000000000002 1.5000000000000002 0.84101010209804372 0.83561204850757254 0.84649134540172921 0.79503801513153072 6.3066735611883358 0.80553690251001531 5.0005792898547883 0.87724271067293413 2.5000000000000004 8.1295222705248644
decision_type=2 2 2 2 2 2 2 2 2 2 2 2 2 2 2 2 2 2 2 2 2 2 2 2 2 2 2 2 2 2
left_child=1 10 11 4 6 -6 -4 8 -5 -7 14 -3 -13 -14 -1 16 -10 18 21 20 -19 25 -21 24 -23 -17 -24 -28 -29 -30
right_child=-2 2 3 7 5 9 -8 -9 15 -11 -12 12 13 -15 -16 17 -18 19 -20 22 -22 23 26 -25 -26 -27 27 28 29 -31
leaf_value=0.00046884849699707913 0.00036614376618646365 -7.2663492765552909e-05 0.00011762879939614668 -8.7026527865595449e-05 0.0030196956626992429 -0.00078134990222978457 0.0024706696606384988 -0.00031002700866341188 -0.00012057433205299868 0.0060449395875290038 -0.0021387070153449763 -3.3542460386163171e-05 -0.0019422146226677308 -0.00043700769897636366 0.00281099200187456 0.0016873653936615768 0.00011226610805418065 -0.00072602595654190855 -0.00017371556810387228 0.00014312135163900149 0.00093375880828591999 -0.0013343003371820942 -4.060010309870563e-05 -0.00051076552862139378 -0.0016758802690349838 -0.0012051911101541525 -0.00013181578807734199 -9.9454501180065724e-05 -0.00081029800665192173 0.00053083035893079084
leaf_weight=9415.919026710093 25098.822996519506 43741.6670082286 20984.235807016492 87639.205801263452 4101.5285907611251 1844.7065976336598 1202.0515176728368 8541.0559942387044 14681.287960447371 143.65124448388815 283.54288821667433 4194.2991558611393 61.96445669978857 4483.5005930252373 3794.0118858218193 106.34759810566902 107149.5687183924 576.04785099625587 3042.6311662122607 10135.477212563157 3764.8666433393955 118.28584787249565 19981.35320597887 103.30246540158987 82.107787594199181 65.515105165541172 8026.4025434702635 1621.6506381705403 2240.9630127251148 347.15069481730461
leaf_count=24984 84868 146331 72210 266539 14420 5632 4101 123442 43088 508 753 15082 147 16161 10054 414 322950 3021 8742 31836 11199 235 63124 338 185 617 25821 5289 8147 1174
internal_value=-1.1187e-05 -3.5773e-05 -5.28958e-05 -1.72528e-05 0.000339228 0.000934834 0.00017574 -5.48331e-05 -3.84015e-05 -0.000485561 0.000407073 -0.000254265 -0.000664504 -0.00119998 0.000463063 2.57401e-05 8.99265e-05 -0.000129997 -0.000864333 -7.46678e-05 0.000763734 -0.00347912 -0.000160599 -0.0052885 -0.00728074 -0.000281785 -0.000298572 -0.000617011 -0.00118885 -0.00185294
internal_weight=387573 362474 348981 296499 28276.2 6089.89 22186.3 268223 259682 1988.36 13493.5 52481.4 8739.76 4545.47 13209.9 172043 121831 50212.1 3518.19 46693.9 4340.91 475.559 42353 303.696 200.394 171.863 32217.5 12236.2 4209.76 2588.11
internal_count=1311412 1226544 1190753 1013032 96871 20560 76311 916161 792719 6140 35791 177721 31390 16308 35038 526180 366038 160142 10531 149611 14220 1789 135391 758 420 1031 103555 40431 14610 9321
is_linear=0
shrinkage=0.05


Tree=98
num_leaves=31
num_cat=0
split_feature=16 5 8 1 18 4 16 1 16 16 4 4 18 10 1 10 1 16 8 10 10 8 10 8 10 7 10 10 8 7
split_gain=1.28081 1.0908 0.94356 0.904422 0.834176 0.761383 1.08096 0.704657 0.698775 0.954615 3.42281 1.43005 0.993066 0.85003 0.83245 1.21479 0.982414 0.944897 0.849442 1.0256 0.691007 0.676379 0.739625 0.691105 1.74131 0.694638 0.675448 0.653173 1.09007 1.00233
threshold=0.70095262182836504 0.12940952255126045 4.9663289649179552 4022.5000000000005 0.9208333333333335 4.5000000000000009 0.85153679219563605 1702.5000000000002 0.8861666780130667 0.84373940648526213 1.5000000000000002 1.5000000000000002 1.0541666666666669 5.383420565988323 984.50000000000011 5.5423782493351199 1162.5000000000002 0.85311987714289217 3.3842466058243152 6.9692997206039617 7.0910595020580098 6.2393002351051399 6.3297016685451188 1.2424533248940002 8.4036835615819729 3.9219243190762363 0.0066058531364937851 8.2897175009295605 7.0496886807624488 8.4446224754573418
decision_type=2 2 2 2 2 2 2 2 2 2 2 2 2 2 2 2 2 2 2 2 2 2 2 2 2 2 2 2 2 2
left_child=2 3 26 4 -2 8 -7 -4 9 11 -11 -3 -12 -14 -15 -16 17 20 19 -19 -17 22 -6 24 25 -24 -1 29 -29 -23
right_child=1 5 7 -5 21 6 -8 -9 -10 10 12 -13 13 14 15 16 -18 18 -20 -21 -22 27 23 -25 -26 -27 -28 28 -30 -31
leaf_value=-0.0016038308656860596 -0.0002773985632497745 -0.00016728536740983832 -0.0010216565989385723 0.00026360514697245236 -7.8436034221304751e-05 0.0004404539458178786 -0.00028337429622123518 0.0026691822101947622 0.00031634922479448213 0.0014252405231175832 -0.00022616358563443476 9.6712682348146239e-05 0.00075467019563850858 0.00060755399579520393 -0.0015957225832514612 -0.0021225458123482126 -0.00016218317500712385 -0.00097745350736889113 0.001636119694248112 -0.0014399864166517761 -0.00026742345669592411 -0.00010057007256214154 0.00010582642335224824 -3.4080916443715931e-05 -0.004496554099765666 0.00070923687900714683 0.0015991490970606232 -0.00059543823679602539 0.00074980467994570853 -0.00057797180207353296
leaf_weight=651.41887251287699 13720.50604519248 14930.123310945928 1811.0759500563145 17702.267654813826 91173.481435827911 19783.522404760122 2786.3645546063781 860.46362579613924 6809.1687281355262 1728.2721434831619 17397.170052103698 86016.698054838926 855.8045482635498 530.12895828485489 19.467213988304138 20.44543731212616 539.75798749923706 28.086304128170013 27.26847892999649 18.748567759990692 18.948153972625732 5610.4907373003662 16197.867512308061 64923.611765854061 9.1758378222584707 4895.967716164887 11219.63443749398 993.69667111337185 1316.0991222411394 4977.3897318951786
leaf_count=1732 175168 51117 4889 60727 252499 67758 9192 2363 23643 5147 59435 295311 921 570 21 22 579 30 29 20 20 15890 42757 178138 15 13660 29532 2432 3304 14491
internal_value=-1.06279e-05 -2.85746e-05 0.00044972 -9.92852e-05 -0.000129059 7.48103e-05 0.000342715 -0.00039926 2.79158e-05 4.31897e-07 -0.000304718 6.44688e-05 -0.000494143 0.000544298 -0.000312694 -0.00148035 -0.00111357 -0.00534204 -0.00201572 -0.00610045 -0.0115992 -0.000101884 -7.64393e-05 2.87233e-05 0.000277297 0.00028677 0.00064078 -0.000451469 0.00031034 -0.000617661
internal_weight=387573 373031 14542.6 221521 203818 151510 22569.9 2671.54 128940 122131 21184.1 100947 19455.8 2058.66 1202.85 672.722 653.255 113.497 74.1034 46.8349 39.3936 190098 177200 86026.6 21103 21093.8 11871.1 12897.7 2309.8 10587.9
internal_count=1311412 1272896 38516 759081 698354 513815 76950 7252 436865 413222 66794 346428 61647 2212 1291 721 700 121 79 50 42 523186 487069 234570 56432 56417 31264 36117 5736 30381
is_linear=0
shrinkage=0.05


Tree=99
num_leaves=31
num_cat=1
split_feature=4 16 16 7 16 2 16 16 8 4 0 7 3 9 16 4 16 8 0 9 0 16 8 5 0 16 4 16 16 16
split_gain=1.17115 1.79871 1.07558 0.903459 0.851295 1.1173 0.832184 0.825891 1.26942 1.25362 0.752657 0.795462 0.683442 0.671728 0.695962 0.667561 0.644645 0.788851 1.63254 0.621802 2.62624 0.952889 0.593659 0.586201 0.573404 0.715289 0.604723 6.26263 3.96114 1.92589
threshold=3.5000000000000004 0.87093098878569231 0.90056769624314192 2.9174053685313028 0.93504912530908568 0 0.67530393782091591 0.9461910594647257 7.7395768305489003 1.5000000000000002 52.500000000000007 8.9835024873652198 1.0000000180025095e-35 2.6735537653587351 0.70095262182836504 2.5000000000000004 0.76386542164760074 8.806355825888863 73.500000000000014 0.89587973461402759 112.50000000000001 0.8604331563503772 4.9801701820644562 0.37940952255126054 28.500000000000004 0.74819628440837505 1.5000000000000002 0.84300269948124729 0.89111819891260613 0.8423321668866619
decision_type=2 2 2 2 2 1 2 2 2 2 2 2 2 2 2 2 2 2 2 2 2 2 2 2 2 2 2 2 2 2
left_child=2 6 13 -4 15 -6 -2 9 -9 -7 -8 -12 -10 14 22 -5 17 -15 -19 20 21 -13 -1 -14 25 -16 27 -26 -29 -28
right_child=1 -3 3 4 5 7 10 8 12 -11 11 19 23 16 24 -17 -18 18 -20 -21 -22 -23 -24 -25 26 -27 29 28 -30 -31
leaf_value=0.0010871594510583032 0.0023099292697071369 -0.00024479403752826479 0.0012781508924746034 0.00089579910548295047 0.0017627448263641281 -0.0013003145047021946 -1.4009378852089527e-05 -0.00013530050174867872 -0.0020961207930640332 3.9856723428770284e-05 0.00022734821709825687 -4.8342592600009868e-05 0.0057256885012905963 -0.00069264303211868385 -0.0012704489804444463 -0.0002440528421112743 -0.00010600539523571845 -0.0020014145781608512 -0.0067131508108306858 -0.00040493553493147762 -0.008848133056708599 -0.0046182965183175703 -0.00095513095906496763 -0.0031392823468098931 -0.00020008069523884815 -0.00013694194037415925 4.1240873635674252e-05 0.0016175802586612109 -0.00093729012569253041 -0.00013252851975640025
leaf_weight=7195.1902613118291 2748.1157540231943 8635.8941072821617 2420.622847110033 2940.4407638311386 536.3489568606019 396.42597214877605 46629.26869309321 1251.2790339142084 8.4160299599170703 266.0863097384572 73099.250988800079 90.3781383857131 12.050214998424055 4413.4104754924774 900.12633067369461 1279.7517661675811 15234.321148723364 42.863310068845749 14.930867433547972 2432.6719319149852 8.1100345961749536 10.274834141135214 912.79902561753988 6.0035783797502509 30949.814815014601 9256.9601240940392 131529.8882595636 4287.3122879266739 775.09964490681887 39289.015509232879
leaf_count=19106 7704 30212 8180 9854 1793 1149 159940 4352 28 988 247198 315 53 11410 2191 4561 57189 122 35 8469 22 24 2456 21 107042 32819 453539 12395 2734 125511
internal_value=-1.09512e-05 0.000108849 -7.40095e-05 0.00045922 0.000159981 -0.00057591 0.000157057 -0.0011318 -0.000394828 -0.00257024 0.000137718 0.000235118 -0.0112304 -9.38691e-05 -6.93633e-05 0.000591837 -0.000373799 -0.00090168 -0.00670532 -0.000634481 -0.00433326 -0.00212782 0.000385457 -0.0057449 -8.63581e-05 -0.000453138 -6.83463e-05 -0.000254548 0.00137577 -2.90911e-05
internal_weight=387573 133654 253919 9117.43 6696.8 2476.61 125018 1940.26 1277.75 662.512 122270 75640.7 26.4698 244802 225096 4220.19 19705.5 4471.2 57.7942 2541.43 108.763 100.653 8107.99 18.0538 216988 10157.1 206831 36012.2 5062.41 170819
internal_count=1311412 453884 857528 30979 22799 8384 423672 6591 4454 2137 415968 256028 102 826549 757793 14415 68756 11567 157 8830 361 339 21562 74 736231 35010 701221 122171 15129 579050
cat_boundaries=0 1
cat_threshold=3
is_linear=0
shrinkage=0.05


Tree=100
num_leaves=31
num_cat=0
split_feature=1 18 16 16 0 1 8 10 10 0 8 17 8 0 10 10 8 17 17 3 1 8 17 17 17 6 16 16 3 16
split_gain=1.19932 1.01209 1.22371 1.76082 1.09674 1.23597 1.14309 1.06229 0.850761 0.838926 0.785292 0.778953 0.750142 1.06255 0.729271 0.710395 1.11198 1.07895 0.832304 0.708649 0.789999 0.6987 0.684986 0.727256 0.873409 0.985521 0.669686 0.958383 1.07695 0.676352
threshold=7201.5000000000009 0.97083333333333344 0.78226511065443993 0.78247868681815624 37.500000000000007 893.50000000000011 2.9174053685313028 7.004218655558728 6.3969000025906384 90.500000000000014 4.6101453514146771 0.70060497822106316 7.850298363023362 143.50000000000003 7.5227904940025789 5.7215213570078616 1.4978661367769956 0.67112732600106184 0.66237379509048522 1.0000000180025095e-35 1088.5000000000002 8.6112298167715426 0.64607191580427192 0.65933186473910388 0.65306806413895013 1.0000000180025095e-35 0.88214353201501761 0.76654570564470936 1.0000000180025095e-35 0.97182285662211954
decision_type=2 2 2 2 2 2 2 2 2 2 2 2 2 2 2 2 2 2 2 2 2 2 2 2 2 2 2 2 2 2
left_child=1 26 4 11 8 6 -6 19 -3 -8 -11 15 -9 -14 -2 16 17 -4 -18 20 -7 -10 -12 24 25 -24 27 28 -1 -28
right_child=14 2 3 -5 5 7 9 12 21 10 22 -13 13 -15 -16 -17 18 -19 -20 -21 -22 -23 23 -25 -26 -27 29 -29 -30 -31
leaf_value=0.00029495658283807129 0.00037313257030090197 -0.0004934071677765849 -0.0010795926283605247 -1.524011827328843e-05 0.00017406409757606824 -0.00064935660432152297 -0.00023653158605144338 0.0011945632062483559 0.00022976520687456939 -0.00032259944616859493 0.010132471843943636 -0.00042745382905451379 -0.0011044231642396262 -0.0098271865576653062 0.0030040106507414899 -0.00085446725973483892 -0.0034073062998405826 -0.0017317793011460319 -0.0014669231592689146 0.00012723760157331426 0.0035956433625709675 -0.0021025272020969575 -0.0032749690376287187 -0.0018817205305975333 -0.0038767591861317663 0.0042627460370560132 -0.00043891050752654372 1.4697072657908485e-06 -0.00036495886513209094 0.0037350011406589501
leaf_weight=4566.6692030131817 7423.1027144566178 6648.6881922930479 108.66004687547684 201403.61157032847 22347.149040095508 629.19672080129385 10685.448211953044 24745.834887538105 6479.6284065954387 505.65291122719646 24.534903049468994 714.29997283220291 743.79541342332959 9.7299428358674032 2363.6081599779427 247.13979458808899 14.112481415271761 28.750602841377258 12.768923938274382 28236.888379201293 1067.8032876700163 24.097390290349722 79.835058689117432 318.61803586035967 53.322261154651642 37.042643129825592 4404.378905788064 43339.920826211572 20031.051170539111 253.5088841766119
leaf_count=46474 25528 14361 148 488969 47743 1405 23370 52529 13903 1127 30 2911 1617 16 7572 334 19 50 21 60407 2312 58 100 886 62 47 28131 255330 233388 1595
internal_value=4.28003e-06 -9.87737e-06 3.00394e-05 -4.12374e-05 0.000170687 0.000233348 -3.74364e-06 0.000378989 -0.000255639 -0.000404036 -0.0017748 -0.0020132 0.000616139 -0.000937962 0.000550749 -0.00374621 -0.00629441 -0.00447502 -0.0155947 0.00017697 0.00116934 0.000150952 -0.00315238 -0.00356157 -0.0062003 -0.00378101 -0.000177674 -0.00013791 -0.000387186 -0.000757652
internal_weight=387549 377762 305167 202529 102637 89484.9 34051.6 55433.2 13152.4 11704.5 1019.01 1125.73 25499.4 753.525 9786.71 411.432 164.292 137.411 26.8814 29933.9 1697 6503.73 513.353 488.818 170.2 116.878 72595.5 67937.6 24597.7 4657.89
internal_count=1310443 1277343 712425 492452 219973 191651 73365 118286 28322 25622 2252 3483 54162 1633 33100 572 238 198 40 64124 3717 13961 1125 1095 209 147 564918 535192 279862 29726
is_linear=0
shrinkage=0.05


Tree=101
num_leaves=31
num_cat=0
split_feature=4 16 8 1 16 7 7 7 7 7 16 4 7 8 8 18 16 5 16 1 16 7 16 18 18 1 6 5 4 4
split_gain=1.28887 1.04669 0.884898 1.29157 1.1551 1.11718 0.952154 0.991902 1.28931 1.0831 0.885972 1.45547 1.07263 1.08703 1.05956 0.978717 0.833801 0.829266 0.820251 0.796516 1.23593 0.731349 0.652769 0.697006 0.627778 0.627393 0.889023 0.72701 0.606583 0.605313
threshold=4.5000000000000009 0.86486683785997276 1.0000000180025095e-35 131.50000000000003 0.89781489096933687 3.0201273556387074 2.524928003624769 2.3502401828962087 1.0397207708399181 1.0000000180025095e-35 0.8624299788615909 2.5000000000000004 4.1026092131977068 2.249904835165133 7.3546821257633672 1.0458333333333336 0.82626392889630418 0.60355339059327384 0.79345724859238753 268.50000000000006 0.91167763378283551 5.1503930356556173 0.81441168430396382 1.0458333333333336 0.93750000000000011 1886.5000000000002 -0.70710678118654757 0.12940952255126045 1.5000000000000002 2.5000000000000004
decision_type=2 2 2 2 2 2 2 2 2 2 2 2 2 2 2 2 2 2 2 2 2 2 2 2 2 2 2 2 2 2
left_child=2 25 4 21 5 6 7 8 9 22 12 14 -5 -14 15 17 -10 -12 -7 20 -16 -4 -1 -24 -6 27 -27 -2 -23 -15
right_child=1 -3 3 10 24 18 -8 -9 16 -11 11 -13 13 29 19 -17 -18 -19 -20 -21 -22 28 23 -25 -26 26 -28 -29 -30 -31
leaf_value=-0.00047035130934254131 -3.2305787699299372e-05 -0.0002352760832172035 -0.00030575813920238198 -0.00013440267683644813 -0.0010509630600246624 0.00071203932753354795 -0.00021864118346733125 0.00028076930563019248 -0.00033036276198475796 0.00015126542391041137 -0.00017337634360045236 -0.00026424505188947202 0.00024668188025679243 -8.8803947923910004e-05 -0.00021891086906198986 0.00059744498279387073 3.0124228114807031e-05 0.00039334017184522696 4.2302322217556425e-05 -0.00083920272081555031 -0.0017792676125221959 0.00025263138915601754 -0.00012002690432171942 0.00061387287800282637 0.0012702555631456704 3.8873285422039165e-05 0.0010606732881437118 0.00030297366341759115 -0.0010549337424220159 3.900393577778716e-05
leaf_weight=3117.4041148535907 19243.026608332992 4443.2982103899121 368.8038826584816 45680.929264120758 262.56837090849876 10294.828103218228 13320.803087949753 14124.575876157731 13207.805576369166 29634.477135960013 7803.9604480415583 14758.085351862013 24718.427750103176 51623.300235260278 14.623173616826536 2605.6923100948334 6556.2717566117644 2532.3235250636935 12350.879628226161 445.14913126081228 8.4757924750447255 53.586194634437561 2046.7768110111356 444.62512964010239 3464.4623121246696 7081.7949299663305 14229.220329847187 13522.667015958577 222.9428434446454 69367.064042627811
leaf_count=12373 65718 14996 1176 150597 2570 39343 43268 45446 43838 93935 30334 49769 85761 179485 48 3034 20318 9585 37501 1531 29 190 7787 520 10237 23857 48222 45621 795 242559
internal_value=3.30619e-06 0.000219516 -3.51483e-05 -9.27921e-05 8.14914e-05 5.08155e-05 -3.46173e-05 3.99669e-05 -5.60046e-05 0.000125271 -8.62271e-05 -0.000348036 -4.76947e-05 1.8582e-05 2.90044e-05 0.000113543 -0.000379255 -0.00010477 0.000361875 -0.00230756 -0.0113604 -0.00232636 -0.000511862 9.1516e-05 0.00094652 0.000280131 0.000491305 0.000142781 -0.00427023 -4.3146e-05
internal_weight=387549 58520 329029 220203 108825 105098 82452.7 69131.9 55007.4 35243.3 219558 28168.3 191390 145709 13410.2 12942 19764.1 10336.3 22645.7 468.248 23.099 645.333 5608.81 2491.4 3727.03 54076.7 21311 32765.7 276.529 120990
internal_count=1310443 198414 1112029 754893 357136 344329 267485 224217 178771 114615 752732 94330 658402 507805 44561 42953 64156 39919 76844 1608 77 2161 20680 8307 12807 183418 72079 111339 985 422044
is_linear=0
shrinkage=0.05


Tree=102
num_leaves=31
num_cat=0
split_feature=4 16 8 1 16 7 7 7 7 1 18 1 17 16 4 8 17 7 8 1 16 5 16 7 7 7 1 6 1 9
split_gain=1.21661 0.944641 0.828747 1.27057 1.02403 0.991566 0.883342 0.872104 1.21445 0.833058 1.32893 1.22165 0.826614 0.789134 1.31674 1.02247 1.01725 0.974974 0.939429 0.803363 1.23593 0.783185 0.774193 1.04662 1.47146 2.42386 1.18528 1.04786 1.73152 0.847589
threshold=4.5000000000000009 0.86486683785997276 1.0000000180025095e-35 131.50000000000003 0.89781489096933687 3.0201273556387074 2.524928003624769 2.3502401828962087 1.5890269151739729 221.50000000000003 1.0625000000000002 157.50000000000003 0.80222275456753322 0.8624299788615909 2.5000000000000004 7.3546821257633672 0.72406633601923109 4.1026092131977068 2.249904835165133 268.50000000000006 0.91167763378283551 0.60355339059327384 0.92481023624323644 5.0968083143154814 6.6814816381200126 6.6457407421766872 815.50000000000011 0.25881904510252057 388.50000000000006 3.795426061844291
decision_type=2 2 2 2 2 2 2 2 2 2 2 2 2 2 2 2 2 2 2 2 2 2 2 2 2 2 2 2 2 2
left_child=2 -2 4 -4 5 6 7 8 -1 10 -10 -12 -6 17 15 16 22 -5 -19 20 -17 -18 -15 -24 25 26 27 -25 -29 -26
right_child=1 -3 3 13 12 -7 -8 -9 9 -11 11 -13 -14 14 -16 19 21 18 -20 -21 -22 -23 23 24 29 -27 -28 28 -30 -31
leaf_value=2.0853251199541567e-05 0.000237457885162419 -0.00022351227905634263 -0.00071343189119622396 -0.00012768254299462545 0.0012727621943184123 0.00022375723854361866 -0.00020770912429396473 0.00026673084034868275 -0.00060240511986442565 -0.00023918989528186297 -1.5869592279199596e-05 -0.0029641180528541654 -0.0008566222144223729 0.00044994747104594863 -0.00025103279929499824 -0.00020796532560889044 -0.00025335467178369368 0.00023434778624395263 -2.5743395917156299e-05 -0.00079724258477477253 -0.0016903042318960862 0.00030189643193178251 0.0011660160141482108 -0.0015313070699144679 0.0017665823125860023 -0.0029498171199460127 0.001610726483309754 -0.0050891217892116963 -0.0017023562848469101 -0.0024964735668646376
leaf_weight=47216.093207467347 54076.708884105086 4443.2982103899121 645.33292073756456 45680.929264120758 3283.171774700284 22645.707731444389 13320.803087949753 14124.575876157731 287.30119080096483 7449.41609935835 21.748634517192841 32.801392301917076 443.85890833288431 4334.476909995079 14758.085351862013 14.623173616826536 5817.6605898290873 24718.427750103176 120990.36427788809 445.14913126081228 8.4757924750447255 1910.2544506117702 373.39733242988586 78.927096724510193 231.08312541246414 23.502674221992493 108.76898902654648 14.122334361076353 25.566848039627075 24.215932548046112
leaf_count=153586 183418 14996 2161 150597 8715 76844 43268 45446 1008 24116 24 37 4092 5966 49769 48 27185 85761 422044 1531 29 8594 516 108 317 30 151 21 33 32
internal_value=1.66644e-06 0.000211729 -3.56946e-05 -9.14795e-05 7.71838e-05 4.83006e-05 -3.21859e-05 3.96527e-05 -5.03368e-05 -0.000628687 -0.00304218 -0.0101966 0.000891659 -8.49681e-05 -0.000332055 2.65671e-05 0.000109612 -4.86024e-05 1.45851e-05 -0.00226873 -0.0113604 -0.000254504 0.00064928 -0.000703216 -0.00218456 -0.00490396 -0.00332395 -0.00678079 -0.0134079 0.000487855
internal_weight=387549 58520 329029 220203 108825 105098 82452.7 69131.9 55007.4 7791.27 341.851 54.55 3727.03 219558 28168.3 13410.2 12942 191390 145709 468.248 23.099 7727.92 5214.06 879.584 506.187 250.888 227.385 118.616 39.6892 255.299
internal_count=1310443 198414 1112029 754893 357136 344329 267485 224217 178771 25185 1069 61 12807 752732 94330 44561 42953 658402 507805 1608 77 35779 7174 1208 692 343 313 162 54 349
is_linear=0
shrinkage=0.05


Tree=103
num_leaves=31
num_cat=0
split_feature=4 16 8 16 7 7 16 7 7 3 16 4 8 7 8 18 7 7 16 16 16 18 9 7 3 16 4 18 9 16
split_gain=1.0852 0.865672 0.745166 0.951689 0.924735 0.798608 0.766558 0.760978 1.10956 0.689001 0.658542 1.25499 0.957624 0.886848 0.99178 0.839003 0.618935 0.782155 0.634319 0.61512 0.592661 0.688864 0.580574 0.668353 0.631565 0.596528 0.573046 0.564319 1.28457 0.65318
threshold=4.5000000000000009 0.86486683785997276 1.0000000180025095e-35 0.89781489096933687 3.0201273556387074 2.524928003624769 0.79345724859238753 2.3502401828962087 1.8688348091416842 1.0000000180025095e-35 0.8624299788615909 2.5000000000000004 7.3546821257633672 4.2835627800822236 2.249904835165133 1.0458333333333336 1.0000000180025095e-35 1.0397207708399181 0.77792824209143629 0.58123026540307288 0.81441168430396382 1.0458333333333336 2.1383330595080281 4.9663289649179552 1.0000000180025095e-35 0.89302366647559417 2.5000000000000004 1.0791666666666668 1.2424533248940002 0.86381481058656318
decision_type=2 2 2 2 2 2 2 2 2 2 2 2 2 2 2 2 2 2 2 2 2 2 2 2 2 2 2 2 2 2
left_child=2 -2 3 4 5 7 -6 8 16 -10 13 12 15 19 -15 -12 20 -18 -19 -4 -1 -22 23 24 25 -13 -16 29 -29 -25
right_child=1 -3 10 -5 6 -7 -8 -9 9 -11 11 22 -14 14 26 -17 17 18 -20 -21 21 -23 -24 27 -26 -27 -28 28 -30 -31
leaf_value=-0.00044787640643539212 0.00022558499090429842 -0.00021233666510352551 0.0045554681271376468 0.00094845021966634001 0.0006652494992296893 -0.0001973236680792665 2.8999344179497441e-05 0.00025339429833124842 -0.00089128858233345214 -0.00019095753240641405 -4.5117758065198188e-05 -0.0013525333736094033 -0.00083081534136016176 0.00026508238892593159 -8.3587857901065018e-05 0.00055647855157824684 0.00014265949015491303 -0.00043808325338502013 1.4833541896672187e-07 -0.0001212541259661172 -0.00011506822166561063 0.00058213657154270804 7.5537461072714559e-05 -0.0010799161180879251 -7.7606749141746062e-05 0.00063845924926799955 3.9476506732444992e-05 0.0010760675848950178 -0.0020251031609925837 -0.00040207420063064425
leaf_weight=3117.4041148535907 54076.708884105086 4443.2982103899121 177.56203660368919 3727.0306830331683 10294.828103218228 13320.803087949753 12350.879628226161 14124.575876157731 947.00174608081579 3826.3200578652322 10385.483237631619 628.45571346580982 469.3408231139183 20300.056029468775 50471.768325444311 2617.5274524688721 29634.477135960013 4413.2275399826467 10577.527989052236 53539.013271551579 2046.7768110111356 444.62512964010239 1900.3901712298393 361.49421955645084 6043.3395010083914 271.76470694690943 67450.769217226654 277.0155063867569 84.705674111843109 5224.6780590489507
leaf_count=12373 183418 14996 575 12807 39343 43268 37501 45446 2860 12273 40096 1962 1614 70932 175642 3048 93935 17911 31112 177044 7787 520 6804 916 20048 967 236050 291 89 18815
internal_value=2.50468e-06 0.000200898 -3.27809e-05 7.42542e-05 4.64099e-05 -3.13169e-05 0.000329412 3.69893e-05 -4.70716e-05 -0.00077556 -8.56781e-05 -0.000311005 3.8104e-05 -5.24974e-05 1.4503e-05 0.000118192 2.21506e-05 8.43719e-05 -0.000209944 -0.000224902 -0.000472899 0.000102028 -0.000628972 -0.000749242 -0.000416037 -0.00165156 -4.10667e-05 -0.00113823 0.000775681 -0.00126216
internal_weight=387549 58520 329029 108825 105098 82452.7 22645.7 69131.9 55007.4 4773.32 220203 28264.2 13472.4 191939 138223 13003 50234 44625.2 14990.8 53716.6 5608.81 2491.4 14791.8 12891.5 6943.56 900.22 117923 5947.89 361.721 5586.17
internal_count=1310443 198414 1112029 357136 344329 267485 76844 224217 178771 15133 754893 94650 44758 660243 482624 43144 163638 142958 49023 177619 20680 8307 49892 43088 22977 2929 411692 20111 380 19731
is_linear=0
shrinkage=0.05


Tree=104
num_leaves=31
num_cat=1
split_feature=16 0 16 18 5 18 16 6 6 8 10 8 16 10 2 18 9 8 10 6 16 16 16 16 10 16 16 0 8 9
split_gain=0.966915 0.82488 0.966783 1.33911 0.836849 0.814402 0.784628 0.879396 0.772748 0.772364 1.03923 0.698106 0.682207 1.20182 0.944198 0.773893 0.80902 0.923556 0.738981 1.77312 0.675118 0.660382 0.793409 2.25314 1.92124 1.06972 0.653416 0.65109 1.53536 1.14127
threshold=0.68333810207629286 43.500000000000007 0.84649134540172921 1.0541666666666669 0.12940952255126045 1.0208333333333335 0.84935014080349602 -0.5 -0.37940952255126015 4.4248287033199567 8.1650461647328445 4.4829865921051741 0.75792181117495805 7.8225641747821397 0 1.0625000000000002 0.89587973461402759 5.2012518591713119 3.9222416602221082 -0.78656609248549325 0.78615827369750269 0.81441168430396382 0.80217785889642024 0.80570143096500557 8.2180314916043535 0.81327991938713906 0.76147646873488994 83.500000000000014 7.5663108808184232 5.1901713283654836
decision_type=2 2 2 2 2 2 2 2 2 2 2 2 2 2 1 2 2 2 2 2 2 2 2 2 2 2 2 2 2 2
left_child=-1 12 4 9 5 -3 7 -5 -6 -4 11 -11 13 14 15 -2 18 -18 19 -17 -10 22 27 24 -24 -25 -14 -7 -29 -30
right_child=1 2 3 6 8 21 -8 -9 20 10 -12 -13 26 -15 -16 16 17 -19 -20 -21 -22 -23 23 25 -26 -27 -28 28 29 -31
leaf_value=0.0012039754210050853 -0.0014409808203310823 5.0204991367323176e-05 -6.2264629090078016e-05 -0.00088443162311619696 2.8856654098388669e-05 -5.1625104256761151e-05 0.00036859979687727841 0.00026220588573145113 0.00058082027438250284 -0.0010696549851657124 0.00024396296131829894 -0.00032955249884490808 0.0010309189238339332 0.00054764092690850856 -0.00042603561968693681 -0.0050398744507652487 -0.006718024404022512 -0.0011824191075040847 -0.001165481153464723 -0.0029217170363582071 0.00010488142726660377 9.1800525485699613e-05 -0.00079969975119032345 0.00031926256184113336 -0.001759592435001768 -0.00056291543830717797 -4.9592699128565847e-05 -0.00059411980442531656 -0.0018628210068605087 -0.0052510213380430291
leaf_weight=9419.498358502984 1457.7486151605844 95005.963800795376 40066.183855071664 295.39442533254623 47893.232725411654 21637.488963827491 5402.4119315743446 412.07715821266174 21670.422217056155 241.08210329711437 1904.1121405959129 7473.2119397073984 1562.5154831707478 2592.7420945093036 8602.9916484951973 26.876903533935547 23.081568241119385 23.085587501525879 187.6871429681778 65.012450039386749 25520.326087281108 9460.0416754484177 1900.4332520961761 2650.7814807891846 88.779813885688782 1050.0946733355522 75859.218181431293 4959.9443667270243 73.276772499084473 23.131526291370392
leaf_count=25819 4196 420131 139247 318 161709 25975 5815 444 85210 878 6347 27540 3814 6430 21761 29 25 25 202 70 76044 11296 2261 3161 104 1247 274290 5942 86 27
internal_value=2.61804e-06 -9.84703e-06 3.15473e-05 -0.000155319 7.65001e-05 -2.66668e-06 0.000543197 -0.00102256 0.000190441 -0.000241217 -0.000643571 -0.000901781 -0.000141597 -0.000477063 -0.000717449 -0.00176204 -0.00397525 -0.0101072 -0.00296267 -0.00663651 0.000334038 -0.000186458 -0.000293816 -0.000829859 -0.00218697 -0.000100413 -8.53583e-05 -0.000179553 -0.000690375 -0.00693976
internal_weight=387549 378129 287728 55794.5 231934 136850 6109.88 707.472 95084 49684.6 9618.41 7714.29 90401 12979.2 10386.5 1783.49 325.744 46.1672 279.576 91.8894 47190.7 41844 32383.9 5690.09 1989.21 3700.88 77421.7 26693.8 5056.35 96.4083
internal_count=1310443 1284624 973782 180589 793193 470230 6577 762 322963 174012 34765 28418 310842 32738 26308 4547 351 50 301 99 161254 50099 38803 6773 2365 4408 278104 32030 6055 113
cat_boundaries=0 1
cat_threshold=1
is_linear=0
shrinkage=0.05


Tree=105
num_leaves=31
num_cat=0
split_feature=1 3 1 17 16 16 1 16 8 16 4 16 4 16 1 4 9 16 9 16 16 4 16 16 1 0 17 17 0 16
split_gain=1.28006 1.7442 0.920356 0.899415 0.820449 0.814134 2.08184 1.38499 0.766543 0.729153 1.44223 1.33344 1.20643 1.19206 0.742155 0.707305 0.682229 0.678498 0.847503 0.642575 1.05397 1.2492 1.59842 1.16514 1.16825 0.892295 1.04087 1.1139 0.830134 0.717473
threshold=362.50000000000006 1.0000000180025095e-35 5277.5000000000009 0.81333642008160811 0.97182285662211954 0.82340483352627902 1124.5000000000002 0.89302366647559417 4.7405652883788738 0.85472328363330063 1.5000000000000002 0.89111819891260613 2.5000000000000004 0.85570644998864431 518.50000000000011 2.5000000000000004 9.1577379747513508 0.72364337447615934 2.524928003624769 0.78615827369750269 0.76654570564470936 1.5000000000000002 0.78426879051960718 0.76640384685231278 604.50000000000011 87.500000000000014 0.66164817016019506 0.6544711875884256 37.500000000000007 0.76483445552001961
decision_type=2 2 2 2 2 2 2 2 2 2 2 2 2 2 2 2 2 2 2 2 2 2 2 2 2 2 2 2 2 2
left_child=-1 5 3 4 16 6 8 9 -2 12 11 -11 -7 15 -13 -12 19 18 -4 20 23 22 -22 24 25 -3 27 -27 -26 -28
right_child=1 2 17 -5 -6 7 -8 -9 -10 10 13 14 -14 -15 -16 -17 -18 -19 -20 -21 21 -23 -24 -25 28 26 29 -29 -30 -31
leaf_value=-0.00013489409434843392 0.00048570595070928372 -0.00036309236398455043 0.0068445178170288504 -0.00028509233592288323 0.0029337633245617315 -0.00046049183458859652 0.0028887052165011487 0.0017046240203592981 -0.00042628248898142073 0.0031426083283078721 -0.0022076464862682103 0.00016759951199184429 0.00067258195954430231 -0.00075986294208828806 -0.0034180629707832515 -0.0007392246965625634 -0.0040035156546830378 0.00030262415150088403 -0.0033592444262877776 -3.4546644218155097e-05 -0.00031033766056530953 0.00037340177440385385 0.0032121184450952232 -0.0004792491533185523 -0.00043283295850931187 -0.0021655105989733451 -0.00033189011050037897 -0.0030634049870880255 0.00023742209527370247 -0.0030807331187120016
leaf_weight=32289.899869091809 20578.577091950923 5465.1276729181409 1317.692401625216 9261.6214122883976 595.73360169678926 2296.4638663157821 4152.8190645687282 2411.0548433363438 2960.783634647727 573.18721634149551 115.29031345248222 10.758686661720274 3044.6401029378176 3283.8491899967194 25.560201331973076 75.273216426372528 33.744512096047401 16632.199276093394 160.20120211690664 188918.81471092254 3605.4128253161907 31999.558701977134 245.02022175490856 4382.2274055853486 6357.9045853316784 162.02445697784424 317.0650157853961 52.225144028663635 46217.481150649488 14.293014094233511
leaf_count=107327 70039 13628 3295 133553 2013 7132 14380 8296 10595 1531 309 30 9784 10431 64 245 125 57366 392 566372 9123 87199 521 66093 15805 203 1008 63 113939 45
internal_value=4.43877e-06 3.1834e-05 -7.36554e-06 -2.84231e-05 -1.28461e-05 0.000344946 0.000493297 -2.14113e-06 0.000311206 -0.000275701 -0.000778639 0.00146473 0.000108857 -0.00117219 -0.007826 -0.00501677 -1.66834e-05 0.000338702 0.00136539 -1.58497e-05 8.74628e-05 0.000303875 -0.000546987 -3.5748e-05 2.3075e-05 -0.000637266 -0.00256533 -0.00528125 9.85692e-05 -0.000809263
internal_weight=387557 355267 315738 297628 288367 39528.3 27692.2 11836.1 23539.4 9425.02 4083.92 609.506 5341.1 3474.41 36.3189 190.564 287771 18110.1 1477.89 287737 98818.3 35850 3850.43 62968.3 58586.1 6010.74 545.608 214.25 52575.4 331.358
internal_count=1310906 1203579 1070743 1009690 876137 132836 95014 37822 80634 29526 12610 1625 16916 10985 94 554 874124 61053 3687 873999 307627 96843 9644 210784 144691 14947 1319 266 129744 1053
is_linear=0
shrinkage=0.05


Tree=106
num_leaves=31
num_cat=0
split_feature=10 10 10 6 16 1 9 7 1 7 16 1 17 1 7 0 9 18 6 0 10 0 17 9 1 16 3 6 0 18
split_gain=1.27228 1.28316 1.73641 1.17687 1.47607 1.40357 1.0362 0.973199 0.831704 0.722789 0.707061 0.755775 0.674464 0.726886 0.647783 0.925113 1.48665 0.638047 0.695501 0.72822 0.612851 0.710169 0.611243 0.622077 0.70908 0.607694 0.616132 0.599499 0.886036 0.592179
threshold=6.1117791469975336 0.098905681065719467 0.015776001442497901 -0.5 0.79837705762624855 131.50000000000003 3.6242520361853052 2.3502401828962087 404.50000000000006 1.0000000180025095e-35 0.715355920334797 1097.5000000000002 0.65266048731061865 1035.5000000000002 7.7400119915859422 131.50000000000003 0.89587973461402759 0.95416666666666672 0.78656609248549303 21.500000000000004 4.1882333364740107 83.500000000000014 0.65047227725875179 3.8176519431297078 967.50000000000011 0.6262678782415706 1.0000000180025095e-35 0.37940952255126048 48.500000000000007 1.0791666666666668
decision_type=2 2 2 2 2 2 2 2 2 2 2 2 2 2 2 2 2 2 2 2 2 2 2 2 2 2 2 2 2 2
left_child=1 2 9 14 5 7 8 -5 -7 -1 11 25 13 22 -2 -16 -17 -12 19 29 21 -3 23 -8 -25 -10 -27 -24 -29 -19
right_child=3 20 -4 4 -6 6 12 -9 10 -11 17 -13 -14 -15 15 16 -18 18 -20 -21 -22 -23 27 24 -26 26 -28 28 -30 -31
leaf_value=-0.00023631935147370965 9.4139850403122959e-06 -0.00019307360795661754 0.00047073270185717597 0.0048614334069754846 1.1391174719423137e-05 -0.00012824914030176577 -0.0028247787709709373 -0.0016223639278329723 0.005684686855226365 3.0512652816799826e-05 -1.6037529916926307e-05 0.0045879598633321418 -4.3403289871967769e-05 -0.00049116703798905432 -0.00016666270407456418 -0.0066691718476068439 -0.0016319032455732034 -0.0016965061894961735 0.0013528268483832041 0.00045699217352467573 -5.0250834421598781e-05 8.9839036768789299e-05 -0.0027591969003105746 1.4423791025650578e-05 -0.0030423698869237259 0.0031761735689563781 -0.00093187843734455491 -0.0016254948862161297 0.00068951248902211076 -0.0027184492422014889
leaf_weight=6743.118210464716 80536.037223991007 42061.735860671848 12350.661544736475 37.219495546072721 59570.422196350992 4850.6241955086589 32.17840588092804 182.00780454277992 345.91716907918453 30322.578101616353 6490.2908928059042 3646.6880994662642 3226.7125353962183 518.29151391983032 15528.874849632382 12.674661178141831 135.2635149396956 135.52781009301543 8020.3673854619265 27377.814767055213 76133.448539428413 6812.3229317329824 57.332100212574005 178.20954900979996 25.772077560424805 808.58680780977011 1359.7353794649243 16.128935158252716 26.762159526348114 13.199890077114103
leaf_count=25022 265116 144857 41483 129 183830 17604 41 623 1039 101443 75862 9248 14145 650 54133 39 414 347 18983 65803 261485 22824 70 225 33 1950 3441 20 33 14
internal_value=5.63333e-06 -9.45087e-05 0.000121186 8.75877e-05 0.000194169 0.000375232 0.000390555 -0.00361784 0.000449619 -4.99018e-05 0.000512425 0.00101266 -0.000377148 -0.00162604 -4.19323e-05 -0.000335991 -0.00427121 0.000439111 0.000522347 0.000402965 -0.000179775 -0.000317949 -0.00343602 -0.00204753 -0.00102829 0.00034572 3.52404e-05 -0.00670776 -0.00223685 -0.00308626
internal_weight=387557 174424 49416.4 213133 116920 57349.4 57130.1 219.227 53048.8 37065.7 48198.1 6160.93 4081.39 854.675 96212.9 15676.8 147.938 42037.2 35546.9 27526.5 125008 48874.1 336.383 236.16 203.982 2514.24 2168.32 100.223 42.8911 148.728
internal_count=1310906 597114 167948 713792 394090 210260 209508 752 194291 126465 176687 15678 15217 1072 319702 54586 453 161009 85147 66164 429166 167681 422 299 258 6430 5391 123 53 361
is_linear=0
shrinkage=0.05


Tree=107
num_leaves=31
num_cat=0
split_feature=5 6 16 4 10 7 0 10 16 10 10 16 10 18 6 17 10 17 17 0 18 16 17 16 17 10 7 16 5 16
split_gain=1.22963 1.29002 0.98657 0.839836 0.785661 1.06673 1.0715 1.13283 0.820313 0.816617 0.774321 0.69806 1.27874 1.25008 0.703698 0.625379 0.583676 0.579368 0.578666 0.572354 0.855303 0.557971 0.81545 0.533786 0.709566 0.787966 1.48555 0.702522 0.713381 0.651873
threshold=0.12940952255126045 0.37940952255126048 0.78226511065443993 3.5000000000000004 5.8817821543845819 7.6031499009727135 90.500000000000014 8.3382844508594918 0.75883232982744986 7.9504083152704217 1.5299586756037027 0.7503268675834982 7.8345042055976304 1.0625000000000002 -0.12940952255126037 0.68761242875147521 5.8039889525589397 0.79813284758156466 0.64555464890881631 66.500000000000014 1.0375000000000003 0.77968850705887938 0.68761242875147521 0.82340483352627902 0.79039094287235756 8.4036835615819729 6.6457407421766872 0.82458796640878562 -0.78656609248549292 0.82416620690332965
decision_type=2 2 2 2 2 2 2 2 2 2 2 2 2 2 2 2 2 2 2 2 2 2 2 2 2 2 2 2 2 2
left_child=4 19 3 16 10 23 9 8 11 21 -1 -8 -13 14 15 -14 -3 -5 -10 -2 -21 22 -7 -6 25 27 -27 29 -29 -25
right_child=1 2 -4 17 5 6 7 -9 18 -11 -12 12 13 -15 -16 -17 -18 -19 -20 20 -22 -23 -24 24 -26 26 -28 28 -30 -31
leaf_value=3.2589911384765804e-06 -2.5815339807711696e-05 -9.7517637425775799e-05 0.00012076733528129588 0.0029833612349377428 0.00013166726750340753 -0.0015901841219297921 -0.0025696683781529202 0.001434255334647274 -0.0042741340642643618 4.0665653897168506e-05 -0.00014167500893346106 0.0020072312440331877 -0.0055440247829531249 -0.0049981712114109643 -0.0042754084614098535 -0.0047290826825925215 0.00099000082868498803 7.5515612530336482e-05 -0.00066014143033066091 4.0894637782851879e-05 0.00045311232794980065 -0.00011469585909856285 -0.00033413340339085167 -0.00032243529269284992 -0.00014561813463281268 -0.0034654447485830222 0.0019270081584822686 -0.00010256776049784519 0.00024884799676231847 -0.001469010101662744
leaf_weight=35527.097812969238 82419.542674083263 3115.688884653151 23847.719642207026 3951.4896371439099 75679.119931031018 1096.2787640690804 388.62685319781303 315.83231396973133 15.63457804918289 13748.682890120894 58322.333561249077 26.654350869357586 12.747469961643221 10.256490170955656 28.479981914162636 15.419876731932161 4702.9221966452897 883.86591796949506 1512.2431013397872 29299.744929719716 9363.6089088022709 5034.8802818953991 1556.7671798542142 389.51442050933838 18442.365405641496 21.389000058174133 22.99520879983902 7280.3675597906113 10355.093632847071 169.14115205407143
leaf_count=121539 276879 13847 73143 8068 257138 1417 1000 838 19 45677 203288 77 18 11 76 61 18966 10571 5896 116840 11218 16461 11530 626 88557 33 35 11057 15758 262
internal_value=4.169e-06 0.000111758 0.000372312 0.000729164 -6.9555e-05 7.18135e-06 -0.000297182 -0.00131648 -0.00175389 -0.000186587 -0.000180856 -0.0035519 -0.00742925 -0.0111188 -0.00821065 -0.0138143 0.000408829 0.00124713 -0.00118645 3.32119e-05 0.00019193 -0.00059928 -0.00118608 7.15498e-05 -8.49868e-05 0.00013615 -0.00651782 0.000152382 0.00020768 -0.00159326
internal_weight=387557 157585 36501.7 12654 229972 136122 23762.5 2325.9 2010.06 21436.6 93849.4 482.185 93.5582 66.9038 56.6473 28.1673 7818.61 4835.36 1527.88 121083 38663.4 7687.93 2653.05 112360 36680.9 18238.5 44.3842 18194.1 17635.5 558.656
internal_count=1310906 529532 124595 51452 781374 456547 83081 7996 7158 75085 324827 1243 243 166 155 79 32813 18639 5915 404937 128058 29408 12947 373466 116328 27771 68 27703 26815 888
is_linear=0
shrinkage=0.05


Tree=108
num_leaves=31
num_cat=0
split_feature=5 6 1 16 1 17 6 8 10 8 1 0 10 17 17 8 8 7 16 16 17 16 16 0 16 8 17 10 3 0
split_gain=1.108 1.18023 0.909763 0.895968 0.750945 0.733681 0.685659 0.633152 0.683917 0.744944 0.792742 1.57682 0.709771 0.666407 0.985837 0.948613 1.15187 0.828937 0.758031 0.959605 0.73774 0.642397 0.641216 0.766494 0.78032 0.706619 0.622327 0.612567 0.593772 0.67168
threshold=0.12940952255126045 0.37940952255126048 192.50000000000003 0.78226511065443993 5086.5000000000009 0.81255460543382585 -0.37940952255126015 8.336749862461053 6.4847746935035122 3.4175922930736511 420.50000000000006 62.500000000000007 8.4036835615819729 0.64607191580427192 0.66536933010598343 4.0689902272260703 4.1820210059610323 5.1149908003866509 0.80630893588707153 0.79060468980597221 0.65232474344564295 0.76654570564470936 0.76640384685231278 49.500000000000007 0.66451488603447284 5.040188859666439 0.65721354409355948 7.0910595020580098 1.0000000180025095e-35 107.50000000000001
decision_type=2 2 2 2 2 2 2 2 2 2 2 2 2 2 2 2 2 2 2 2 2 2 2 2 2 2 2 2 2 2
left_child=2 -2 -1 5 7 -3 -6 8 21 -10 11 -11 28 -13 15 27 -17 -18 19 -19 -21 22 23 24 25 26 -4 -15 -12 -30
right_child=1 3 4 -5 6 -7 -8 -9 9 10 12 13 -14 14 -16 16 17 18 -20 20 -22 -23 -24 -25 -26 -27 -28 -29 29 -31
leaf_value=-0.00031402195839394455 1.8465531505770796e-05 0.0011889347233975433 0.0059215025159274183 0.00011472896851723106 -3.362131377196154e-05 -0.00035191860128343591 0.00093712478663664645 -0.00060858119881529817 0.00010592772196494419 -4.5698829085386203e-05 0.00068581193623056674 0.0030686094340332776 0.0014765802307943631 -0.0014883976432645907 -0.00046134032206968968 -0.0028919749509091468 0.0019940773093620372 -0.0016680859342523367 -0.00061630466063823143 -0.0013009239204727907 -0.0033413549140234328 -4.0082234731372848e-05 -0.00046301436424230833 -2.9340550493182906e-05 -0.00066839231133655058 -0.0084746652328579943 0.00073611884918746158 0.0014325819501316908 -7.1481116781822726e-05 -0.00088575542186634872
leaf_weight=3366.8058218918741 121082.89651260525 11508.022483542562 149.03440415859222 23847.719642207026 5537.9895498454571 1145.9441528692842 6234.224341891706 996.19629915058613 51317.25551097095 2641.5714394934475 3995.4437415786088 31.080870747566223 1211.7626443877816 19.049109101295471 810.55185887217522 16.440692365169525 20.112808167934418 186.60477185249329 97.43079000711441 15.45944517850876 16.094860017299652 84182.337338581681 4331.2430916167796 12396.073517732322 7103.1908834427595 7.4682843014597884 330.11899844557047 67.895507991313934 43291.096642941236 1599.3885923624039
leaf_count=11197 404937 33907 188 73143 18530 17545 21266 3465 169943 9108 13973 38 2658 23 3804 20 25 238 123 20 20 254399 66753 30961 17854 30 1243 85 150138 5272
internal_value=4.4677e-06 0.000106598 -6.55153e-05 0.000355817 -5.33934e-05 0.000695888 0.000335437 -7.47002e-05 -6.88414e-05 2.191e-05 -0.000107687 -0.000792225 -5.40927e-05 -0.002232 -0.00241188 -0.00431995 -0.00547473 -0.00484189 -0.00546912 -0.00710674 -0.0151709 -0.000156948 -0.000383314 -0.000263789 -0.00065951 0.00127746 0.00151533 0.000357159 -8.37231e-05 -0.00013571
internal_weight=387557 157585 229972 36501.7 226605 12654 11772.2 214833 213837 105337 54020 3922.29 50097.7 1280.72 1249.64 439.088 352.143 335.703 315.59 218.159 31.5543 108499 24317.1 19985.9 7589.81 486.622 479.153 86.9446 48885.9 44890.5
internal_count=1310906 529532 781374 124595 770177 51452 39796 730381 726916 355488 185545 13504 172041 4396 4358 554 446 426 401 278 40 371428 117029 50276 19315 1461 1431 108 169383 155410
is_linear=0
shrinkage=0.05


Tree=109
num_leaves=31
num_cat=0
split_feature=10 1 10 10 9 16 16 4 16 4 16 4 1 3 0 7 16 16 8 7 9 7 4 18 1 7 1 16 8 18
split_gain=1.04754 1.08217 1.07566 1.54083 1.03166 1.09734 2.63476 1.54847 1.22342 0.967679 0.943685 0.916637 0.907241 1.16784 1.07553 1.35194 1.18573 0.894564 1.28199 1.21638 0.892019 1.10648 0.927092 0.871438 0.842643 1.06679 0.784484 0.76028 0.71262 0.754973
threshold=6.1117791469975336 234.50000000000003 0.098905681065719467 0.015776001442497901 3.8815106545092593 0.85472328363330063 0.85570644998864431 1.5000000000000002 0.8847782686317428 2.5000000000000004 0.8861666780130667 2.5000000000000004 1070.5000000000002 1.0000000180025095e-35 99.500000000000014 6.6976511508909491 0.80691510459392235 0.77411901582335829 6.048552817139119 4.886575525404063 3.7256208424938388 7.5205054857687132 3.5000000000000004 1.029166666666667 511.50000000000006 6.8506555468196231 511.50000000000006 0.79345724859238753 2.249904835165133 1.0125000000000002
decision_type=2 2 2 2 2 2 2 2 2 2 2 2 2 2 2 2 2 2 2 2 2 2 2 2 2 2 2 2 2 2
left_child=2 17 3 -1 5 9 11 8 -8 -3 26 -7 14 -14 28 -16 24 18 19 -2 22 -22 -21 -23 25 -17 -10 -27 -11 -30
right_child=1 4 -4 -5 -6 6 7 -9 10 12 -12 -13 13 -15 15 16 -18 -19 -20 20 21 23 -24 -25 -26 27 -28 -29 29 -31
leaf_value=-2.1263344877841403e-05 -0.00058587374153486747 5.2472902040398565e-06 -8.4438177492206229e-05 0.0004420501203166047 -0.00024406138375051569 -0.00086093824497460311 0.001856551801880263 -9.4934014225202257e-05 -0.0024338023316639815 0.00029616824385609729 0.00033680694901181281 -0.00016229749861007353 0.0030272910490229069 0.00039347327488379187 -0.00036436586203577941 -0.0051398153677838961 0.00022095283745907012 -3.7478077721671278e-05 0.00047914894209847816 -0.001036589025240272 0.0019774718022329951 -0.0010629626241293166 -0.0019210301036153843 -0.0028842317730595952 -0.0027612448505812712 -0.0018693972825809776 -0.00031110337797854925 -0.0031742871683222611 0.00011298869785471288 -0.00028790051712894172
leaf_weight=37065.696312081069 1044.6915738321841 58414.967506125569 125007.50733183324 12350.661544736475 11450.488120850176 829.57955185323954 1425.7889028564095 23830.991692773998 30.687951646745205 15532.673694405705 2465.3874648660421 486.22241851687431 2453.1396374776959 65178.541346605867 1731.2550316378474 9.1721297763288003 148.06909946352243 3069.1929712295532 181.34860925376415 560.67726552858949 6.1795290187001255 8.4999044649302942 158.91448438167572 7.0437582731246939 278.85218809917569 66.146416619420052 121.80252000689507 9.9454379677772504 15761.5501412265 7870.8300709091127
leaf_count=126465 3748 196177 429166 41483 39623 2408 3967 78825 65 50396 7842 1598 8371 218518 5632 29 454 9394 752 2196 21 44 605 9 1025 241 217 25 70509 11101
internal_value=5.27541e-06 7.96398e-05 -8.55921e-05 0.000111894 9.71676e-05 0.000124032 -0.000158865 -5.56573e-05 0.000849033 0.000173346 0.000207197 -0.00234526 0.00026132 0.000374172 7.70019e-05 -0.0009877 -0.00324432 -0.000644561 -0.00147686 -0.00188357 -0.00343259 -0.013415 -0.00313123 -0.0205301 -0.00477845 -0.00912831 -0.00360987 -0.00718657 0.00013799 -3.49198e-05
internal_weight=387557 213133 174424 49416.4 208096 196646 29190.5 27874.7 4043.67 167455 2617.88 1315.8 109040 67631.7 41408.5 2243.44 512.185 5036.55 1967.36 1786.01 741.315 21.7232 719.592 15.5437 364.116 85.264 152.49 76.0919 39165.1 23632.4
internal_count=1310906 713792 597114 167948 697023 657400 94922 90916 12091 562478 8124 4006 366301 226889 139412 7406 1774 16769 7375 6623 2875 74 2801 53 1320 295 282 266 132006 81610
is_linear=0
shrinkage=0.05


Tree=110
num_leaves=31
num_cat=0
split_feature=6 5 16 1 16 6 1 3 16 7 10 17 1 3 10 1 8 1 8 16 16 9 0 18 6 7 10 8 18 17
split_gain=1.09738 1.05208 1.05405 1.16512 0.74697 0.687167 0.614089 0.881421 0.605863 0.873959 0.821429 0.732411 0.593439 0.83295 0.790743 0.767727 0.74159 0.67069 0.857244 1.1557 0.8179 1.04559 0.642224 0.578128 0.569706 0.585845 0.8975 0.972762 0.646016 0.570374
threshold=-0.9159756150367534 -0.37940952255126059 0.76147646873488994 2333.5000000000005 0.89302366647559417 0.60355339059327384 475.50000000000006 1.0000000180025095e-35 0.88321570753224454 3.2769667020129059 8.3125550392534944 0.79030688939026439 207.50000000000003 1.0000000180025095e-35 5.4792697198747033 1097.5000000000002 5.3683070215747577 733.50000000000011 5.4659459730803723 0.72364337447615934 0.71230193001861186 0.89587973461402759 51.500000000000007 1.0625000000000002 -0.37940952255126015 6.187236373491543 7.1414546997017636 2.0126758453675748 1.0791666666666668 0.64632798978931005
decision_type=2 2 2 2 2 2 2 2 2 2 2 2 2 2 2 2 2 2 2 2 2 2 2 2 2 2 2 2 2 2
left_child=-1 6 3 12 -4 -5 -2 -8 -9 11 24 -10 -3 15 22 -14 -16 18 19 -18 21 -20 -15 -23 29 -26 27 -27 -29 -11
right_child=1 2 4 5 -6 -7 7 8 9 10 -12 -13 13 14 16 -17 17 -19 20 -21 -22 23 -24 -25 25 26 -28 28 -30 -31
leaf_value=-9.9888806344460024e-05 -0.00011710707180181967 -0.00059578853275118896 2.7154687269446284e-05 0.0015731678301162651 0.00044416081745449339 0.0052531951012901078 0.00044414985160017159 -1.2755198955021614e-05 0.0008040399736984103 -0.0015690428540178734 0.0020253865808434407 -0.00031196933378989795 0.00092354524208230625 -0.0010329431347620155 0.00074974326457130788 0.0059251302322570329 0.014070489209866208 7.3330972618566867e-05 -0.0059173449842087672 -0.0032308840669190079 -0.00021060667257304517 -0.00063894033621620305 9.5633593431905528e-05 -0.003337160569996648 -0.00043507239280539335 -0.0036428193838515498 -0.00078873834521700254 -0.0012339859593083057 0.00050466843747603858 -7.2842204041669023e-05
leaf_weight=64000.588220141828 21964.611547101289 925.36554804444313 120108.36316937208 4606.9311823695898 5650.9591356962919 1986.4770739302039 13189.077264059335 125364.42643488571 856.09688395261765 39.954631567001343 190.1333321928978 1046.6312983185053 5758.3206857517362 2124.3331546708941 9099.5061078071594 681.28096401691437 9.5000163987278921 1892.2653682678938 20.391033917665482 23.386542029678822 435.7770791053772 120.18214030563831 2745.127896271646 21.469813227653503 1786.5048151388764 9.7525935843586904 819.42738357186317 254.99695570766926 17.8179030418396 1834.1935276389122
leaf_count=213835 74531 2239 430749 11516 19563 4911 44526 427593 1300 49 524 5343 14656 5315 22532 1767 33 4844 53 54 1124 342 6902 23 6103 29 2907 937 19 6422
internal_value=5.5537e-06 4.29704e-05 0.000136294 0.000400243 7.23835e-05 0.000988561 -4.41284e-05 -6.90567e-06 -4.57855e-05 -0.00050348 -0.000853393 0.000407338 0.000237648 0.000287742 9.94397e-05 0.000769989 0.00032354 -0.000434959 -0.00184702 -0.00970633 -0.00141467 -0.00444753 -0.000435446 -0.00292367 -0.00098205 -0.00142254 -0.00232919 -0.0047591 -0.00420443 -0.000303151
internal_weight=387584 323583 156210 30450.3 125759 6593.41 167374 145409 132220 6855.51 4952.78 1902.73 23856.9 22931.5 16491.9 6439.6 11622.5 2522.97 630.707 32.8866 597.82 162.043 4869.46 141.652 4762.65 2888.5 1101.99 282.567 272.815 1874.15
internal_count=1310741 1096906 526623 76311 450312 16427 570283 495752 451226 23633 16990 6643 59884 57645 41222 16423 29005 6473 1629 87 1542 418 12217 365 16466 9995 3892 985 956 6471
is_linear=0
shrinkage=0.05


Tree=111
num_leaves=31
num_cat=0
split_feature=6 1 16 16 8 10 6 4 10 10 10 16 10 7 8 7 10 1 16 17 17 1 3 16 1 16 10 8 7 4
split_gain=0.998853 0.995329 1.56944 1.3832 1.06192 1.01589 0.986695 0.800172 0.738618 0.706129 0.799732 0.64625 0.634987 0.918657 0.70054 0.589581 0.529626 0.551204 0.590997 0.527108 0.522826 0.522266 1.28276 0.714493 0.760583 0.748939 0.720672 0.719606 0.748537 0.588381
threshold=-0.9159756150367534 2024.5000000000002 0.78615827369750269 0.91167763378283551 3.4175922930736511 7.7581550303642528 0.78656609248549303 4.5000000000000009 0.013072537315072533 0.1970491786496901 4.9336050502534485 0.74468638834487166 8.1894716571980375 11.211588533200596 6.3534997185584592 5.7975752026129497 7.580229746060315 2876.5000000000005 0.70095262182836504 0.65641077446366225 0.79773474916485776 483.50000000000006 1.0000000180025095e-35 0.82805938968709258 1221.5000000000002 0.89781489096933687 7.1736726191874567 1.8688348091416842 2.9174053685313028 4.5000000000000009
decision_type=2 2 2 2 2 2 2 2 2 2 2 2 2 2 2 2 2 2 2 2 2 2 2 2 2 2 2 2 2 2
left_child=19 4 6 8 5 21 7 -3 -4 -10 -11 -7 13 -6 -14 -16 -9 18 -18 -1 -8 -2 23 24 -23 26 27 -25 -29 -30
right_child=1 2 3 -5 12 11 20 16 9 10 -12 -13 14 -15 15 -17 17 -19 -20 -21 -22 22 -24 25 -26 -27 -28 28 29 -31
leaf_value=6.3179586121529796e-05 -6.8881691172318496e-05 0.00025037648076922382 -0.00051191663934839829 0.0031817676813947499 -0.00012045642850210537 0.0024070369751610838 0.002480744076467738 0.001106396883775683 0.00092447435027544352 -0.00028608480341390103 8.1464751241082381e-05 0.00021928821838472224 0.00042981547661295196 -0.0018891715959065891 -0.002482700713945156 -0.00011494792951867433 0.0095968787618431976 0.0059114891728934901 -0.00045372290650909364 -0.00013470109547887021 0.00016388839734443191 0.00069600133449211838 3.2904031113334399e-06 -0.00024246208521447392 0.0032887470400739974 0.0018326912398304335 0.00074582091536541184 -0.0026707067728234286 -0.0012829860514080396 0.0019974025809929054
leaf_weight=13927.958018958569 33648.369154509157 21149.626192610711 3122.7468499392271 776.90270128846169 61525.997404959053 2492.3425818830729 4213.8435248807073 5379.3937612660229 2739.5935358479619 9149.324552372098 32430.338177211583 12361.245613608509 6102.6217082776129 120.30783468484879 26.742859449237585 4529.5481962636113 81.455558389425278 1136.9044071771204 588.55913874134421 50072.630201183259 1086.2042179852724 9839.846501018852 105136.28395331651 2504.8759159743786 1362.2267193682492 901.25453414767981 589.56936249881983 11.269389562308787 490.86170889437199 85.005425818264484
leaf_count=17617 111581 81750 9724 2778 222438 6043 8196 19626 8448 28454 99699 41086 17701 516 85 13550 207 3781 2189 196218 12350 33648 353820 7905 4607 3048 1816 27 1569 264
internal_value=5.92185e-06 4.16193e-05 0.000192315 9.45776e-06 -9.40995e-06 5.90523e-05 0.000454451 0.000337331 -2.48116e-05 2.75569e-05 -2.36724e-05 0.000454013 -0.000169828 -0.000231441 0.000186512 -0.000282607 0.000793149 0.00153377 0.000396209 -0.000174562 0.00108062 2.1098e-05 6.95805e-05 0.000489868 0.00070503 -3.60647e-05 -0.000352316 -0.000657786 -0.00223329 -0.00198355
internal_weight=387584 323583 81854.9 48218.9 241728 169423 33636 28335.9 47442 44319.3 41579.7 14853.6 72305.2 61646.3 10658.9 4556.29 7186.31 1806.92 670.015 64000.6 5300.05 154570 120921 15784.9 11202.1 4582.84 3681.58 3092.01 587.137 575.867
internal_count=1310741 1096906 277202 149103 819704 565414 128099 107553 146325 136601 128153 47129 254290 222954 31336 13635 25803 6177 2396 213835 20546 518285 406704 52884 38255 14629 11581 9765 1860 1833
is_linear=0
shrinkage=0.05


Tree=112
num_leaves=31
num_cat=0
split_feature=6 5 1 6 8 10 10 0 10 1 10 18 0 4 8 10 10 8 7 10 1 0 8 10 1 6 0 9 10 8
split_gain=0.882021 0.928501 0.755191 1.07991 0.776097 0.786955 0.641645 0.533949 0.564211 0.509146 0.50905 0.657807 0.928487 0.493286 0.483704 0.471915 0.523837 0.465364 1.15551 0.598197 0.862757 0.655731 0.680097 0.571736 0.666117 0.720181 1.10483 0.542278 0.659273 0.818791
threshold=-0.9159756150367534 -0.37940952255126059 2003.5000000000002 0.37940952255126048 5.6716020950760067 7.9504083152704217 7.6085905625571861 73.500000000000014 8.3382844508594918 475.50000000000006 0.0055928205646541074 1.0791666666666668 62.500000000000007 1.5000000000000002 2.249904835165133 0.80344726361328889 6.1117791469975336 1.2424533248940002 4.2268071048866842 4.9774592195155405 3595.5000000000005 84.500000000000014 7.1643335315572036 8.2897175009295605 646.50000000000011 -0.37940952255126015 91.500000000000014 6.0051201133541365 7.9397739131828367 7.0496886807624488
decision_type=2 2 2 2 2 2 2 2 2 2 2 2 2 2 2 2 2 2 2 2 2 2 2 2 2 2 2 2 2 2
left_child=-1 9 4 10 5 -3 -5 -6 13 -2 11 -4 -13 -9 -8 -12 -17 18 -11 -19 21 27 -23 24 25 -24 -27 28 29 -21
right_child=1 2 3 6 7 -7 14 8 -10 17 15 12 -14 -15 -16 16 -18 19 -20 20 -22 22 23 -25 -26 26 -28 -29 -30 -31
leaf_value=-9.0986876483491186e-05 -0.00010853678024092817 3.5031533663952565e-05 -0.00065441323036526046 0.0005111178275071307 -7.4122221803249805e-05 0.00049897979112571852 0.0036889356779815741 0.00036727834688635749 0.00099891209590680791 1.9589639555206081e-05 0.00086949439221754995 -0.0015054073822890653 -0.0036139424066619547 -0.00097668930119987622 0.0017531343751225005 -0.00019470575841827459 0.00030286400230600534 -0.00019894954489982632 0.00079735291396470197 -5.0353176599414119e-05 0.00061933295315011461 -0.00027169223262895302 -0.00068058254735778225 0.0007739150084746676 -0.0014326459223615003 0.001729914999637957 -0.0028448514091890553 -0.0009644291798123609 0.00021169930474355185 -0.00077234713692058083
leaf_weight=64000.588220141828 21964.611547101289 96539.493096970022 658.7623205780983 11097.109059229493 8473.2480408474803 9376.0110669657588 739.09347433596849 279.94892706722021 249.58823494613171 53007.032289776951 2409.6067162193358 31.432328373193741 22.200233168900013 1985.5830925293267 2892.6443584263325 8045.9254403114319 13408.990521214902 11663.754604168236 4492.2596734650433 41462.218806277961 8569.1563679538667 8173.7409330531955 13.574747435748575 123.00062765926123 402.96132123842835 5.9866726435720947 13.981720447540281 650.44464830681682 15694.007505748421 1136.8931054845452
leaf_count=213835 74531 326170 2517 38438 29973 29273 2338 910 689 175356 8121 37 26 7142 9558 27059 44372 42995 16060 145973 29224 27315 56 361 1531 23 45 2258 50170 4385
internal_value=6.18964e-06 3.97345e-05 0.000127406 0.000317003 6.36591e-05 0.000105155 0.000655546 -0.00033631 -0.000976044 -4.20891e-05 0.000114114 -0.00120294 -0.0065278 -0.00122461 0.00123242 0.000153431 7.8917e-05 -8.19583e-06 0.000102405 -8.05367e-05 -2.95232e-05 -8.9372e-05 -0.000493709 -0.00218017 -0.00302862 -0.00979849 -0.0158391 -2.94643e-05 -1.34444e-05 -0.000115506
internal_weight=387584 323583 156210 39305.8 116904 105916 14728.8 10988.4 2515.12 167374 24576.9 712.395 53.6326 2265.53 3631.74 23864.5 21454.9 145409 57499.3 87909.7 76246 67676.8 8733.25 559.505 436.504 33.5431 19.9684 58943.6 58293.1 42599.1
internal_count=1310741 1096906 526623 132466 394157 355443 50334 38714 8741 570283 82132 2580 63 8052 11896 79552 71431 495752 191416 304336 261341 232117 29331 2016 1655 124 68 202786 200528 150358
is_linear=0
shrinkage=0.05


Tree=113
num_leaves=31
num_cat=0
split_feature=7 7 7 8 16 16 4 10 9 16 8 0 0 5 7 1 1 8 1 7 8 16 16 0 10 16 10 8 9 18
split_gain=0.822924 1.08016 1.14744 1.10228 1.08203 1.04385 0.877055 0.780142 0.926073 0.859644 0.969442 0.839621 0.764089 0.715481 0.96517 0.739342 0.686884 0.661283 1.04875 0.652482 1.65497 3.74589 0.777772 0.742737 0.652827 0.618603 0.598298 0.761524 0.950088 1.24226
threshold=1.0000000180025095e-35 1.0397207708399181 2.3502401828962087 1.0000000180025095e-35 0.79298886997848383 0.82581605217958109 1.5000000000000002 7.7029209498175364 5.9148525341228533 0.78674518472911437 3.2769667020129059 89.500000000000014 69.500000000000014 0.12940952255126045 11.211588533200596 157.50000000000003 653.50000000000011 5.803626672146776 1749.5000000000002 7.8007773629641965 2.0126758453675748 0.92481023624323644 0.70095262182836504 104.50000000000001 3.9222416602221082 0.91167763378283551 8.3679307178720688 7.6071329784297115 1.7005986908310777 0.99583333333333346
decision_type=2 2 2 2 2 2 2 2 2 2 2 2 2 2 2 2 2 2 2 2 2 2 2 2 2 2 2 2 2 2
left_child=-1 12 5 4 6 -3 -4 13 9 10 -9 16 17 19 15 -15 -12 25 -19 24 21 -21 23 -22 -5 -2 27 -13 29 -29
right_child=1 2 3 7 -6 -7 -8 8 -10 -11 11 26 -14 14 -16 -17 -18 18 -20 20 22 -23 -24 -25 -26 -27 -28 28 -30 -31
leaf_value=-0.00022702831435790635 6.2954552035787709e-05 -0.00034990709458661566 -0.00021509729191882405 -0.00018870714485609842 1.0895692490143702e-05 3.2339830096724671e-05 0.0005938013268637813 0.0010567579646118875 -0.00074288660375622199 -1.4312270328871446e-05 -0.00017749868359501764 -0.00061424622365473464 0.00044593753517445725 -0.0007808855121767274 -0.0055442448070130192 2.856124882674241e-05 0.00062875781981907024 -4.1989388702298741e-06 -0.0032350455362318733 0.00080049907979054123 -0.0032499062522027724 -0.0053019988613868772 -0.00023820378431847896 -0.0092386657365715903 -5.4625185858783733e-05 0.0026028529472344993 0.0023916705599297261 0.0017182853351458923 -0.0018047999915221738 -0.0032070631538562212
leaf_weight=6698.4582673124969 24894.739262286574 15646.97623699531 2809.3039697147906 15906.044631302357 34553.721116162837 8360.2286152765155 24039.866264674813 8292.2300795540214 1428.3505926579237 41897.650642350316 4550.270216666162 2258.5642749704421 10721.671528246254 541.70238092914224 6.5415789857506743 75316.490626823157 17073.589074816555 33.809161175042391 16.856012523174286 12.5032906383276 119.05150251090527 8.5577794760465604 4030.8191508688033 8.1092303469777089 87457.955153528601 458.13848106563091 215.61033809185028 14.64183424040675 186.46038636937737 24.938021525740623
leaf_count=25059 79284 51999 11200 57093 104480 26078 87560 29019 4945 126419 17054 8181 33764 1800 27 260560 63122 155 68 45 376 13 15823 24 303614 1600 529 87 720 43
internal_value=5.42965e-06 1.50914e-05 -1.21646e-05 1.27906e-05 0.000203283 -0.000345584 0.000441393 -3.23099e-05 0.000102456 0.00012663 0.000319111 0.000159952 0.000275209 -8.81115e-05 2.9468e-05 3.11241e-05 0.000263759 0.000125819 -0.00558076 -0.000171056 -0.000783561 -0.0147642 -0.000712746 -0.00456287 -0.000146292 0.000137223 -0.000671354 -0.000890602 -0.00365758 -0.0106934
internal_weight=387584 380885 344760 320753 61402.9 24007.2 26849.2 259350 75942.3 74514 32616.3 24324.1 36125.2 183408 75864.7 75858.2 21623.9 25403.5 50.6652 107543 4179.04 21.0611 4157.98 127.161 103364 25352.9 2700.21 2484.6 226.04 39.5799
internal_count=1310741 1285682 1170811 1092734 203240 78077 98760 889494 250119 245174 118755 89736 114871 639375 262387 262360 80176 81107 223 376988 16281 58 16223 400 360707 80884 9560 9031 850 130
is_linear=0
shrinkage=0.05


Tree=114
num_leaves=31
num_cat=0
split_feature=3 1 6 1 10 0 10 10 10 18 8 1 8 8 5 0 1 7 10 8 10 18 5 1 10 10 0 8 18 1
split_gain=0.837849 1.73096 0.901741 1.11876 1.03685 1.25352 0.680708 0.679077 1.61879 0.569992 0.543105 0.539225 0.560088 0.533132 0.667572 0.626943 0.851711 0.955579 0.641108 0.782473 0.557483 0.544805 0.609599 0.716038 0.951458 2.12301 0.560706 0.539825 0.939322 0.769847
threshold=1.0000000180025095e-35 755.50000000000011 -0.9159756150367534 2024.5000000000002 6.1117791469975336 53.500000000000007 6.3751528331609792 0.80344726361328889 0.013072537315072533 0.90416666666666679 1.8688348091416842 388.50000000000006 2.3502401828962087 3.4175922930736511 -0.70710678118654735 80.500000000000014 675.50000000000011 7.2974296438458994 8.3382844508594918 7.3849206531217746 7.9504083152704217 1.0791666666666668 -0.9159756150367534 371.50000000000006 8.1650461647328445 7.6223308322881023 92.500000000000014 3.5972184255501678 1.0625000000000002 380.50000000000006
decision_type=2 2 2 2 2 2 2 2 2 2 2 2 2 2 2 2 2 2 2 2 2 2 2 2 2 2 2 2 2 2
left_child=1 11 -2 9 7 -6 10 8 -5 -4 -3 -1 -13 14 -11 -15 21 -18 19 -19 -16 27 -23 -24 25 26 -25 28 29 -17
right_child=2 6 3 4 5 -7 -8 -9 -10 13 -12 12 -14 15 20 16 17 18 -20 -21 -22 22 23 24 -26 -27 -28 -29 -30 -31
leaf_value=-9.3765439756442897e-05 -0.00011200931958414706 0.00057934592094946035 -0.0002334186738622981 -0.00023384704276836131 -1.9201259117376801e-05 0.00067184186626306904 0.0014747563660683764 -0.0001520270814397498 0.0010543625964769363 -6.2405212415910663e-05 -0.00056239595587689666 0.00036292555452546591 -0.0001486706029288347 -5.0600447821717165e-05 3.5527596150938816e-05 -0.0021213416291213263 0.00010929009652067765 -0.00071530978849457391 0.0011177951672527824 -0.001757503454948057 0.00043812337209206029 0.0037636409449990325 0.0015018466852469645 -0.0020181934400117277 0.0018289743199190142 -0.0029370503017725411 0.0023049966751677443 -0.00040175738070735262 -0.0018088515014104579 -0.00045028956333046033
leaf_weight=22553.429184298962 53893.120447892696 5305.9593325145543 7185.2351168654859 4933.824501298368 16943.907673321664 28309.821195904166 8579.8061494119465 24998.914250973612 5493.6490664891899 42438.389419708401 1437.7970561347902 14307.038952115923 7713.9099725857377 50963.143158614635 80085.270106896758 15.091376792639492 4078.8464140743017 2214.5002961605787 341.42884688451886 416.75640448927879 3862.1186369583011 22.722118496894836 20.135435126721859 24.85673151910305 23.583286702632904 32.739140219986439 20.689483821392059 1296.6432716883719 6.222956418991088 64.299717705696821
leaf_count=74448 180663 17368 94384 17296 57124 93786 28921 86483 18837 126874 5127 47194 26954 158747 239671 52 12536 6946 852 1345 10477 24 22 28 25 37 22 4274 7 217
internal_value=4.12126e-06 0.000176068 -2.73089e-05 9.49021e-06 0.000165859 0.00032445 0.000634495 -3.6727e-05 0.000302224 -5.58386e-05 0.000258607 1.84716e-05 0.000194467 -3.89517e-05 1.91618e-05 -0.000162306 -0.00055776 -0.000325921 -0.00100772 -0.00127222 0.000100866 -0.00162838 -0.00454711 -0.00594752 -0.00765051 -0.0103027 -0.00332178 -0.00132278 -0.00516816 -0.00370188
internal_weight=387584 59897.9 327686 273793 80680.1 45253.7 15323.6 35426.4 10427.5 193113 6743.76 44574.4 22020.9 185927 126386 59541.7 8578.52 7051.53 2972.69 2631.26 83947.4 1526.98 144.726 122.004 101.869 78.2854 45.5462 1382.26 85.6141 79.3911
internal_count=1310741 200012 1110729 930066 273526 150910 51416 122616 36133 656540 22495 148596 74148 562156 377022 185134 26387 21679 9143 8291 250148 4708 158 134 112 87 50 4550 276 269
is_linear=0
shrinkage=0.05


Tree=115
num_leaves=31
num_cat=0
split_feature=7 7 10 0 0 16 4 4 16 16 5 18 16 16 16 16 5 16 16 18 4 6 3 16 9 6 5 0 10 6
split_gain=1.06771 0.833612 0.947023 1.01257 0.812315 1.02948 3.74885 2.04838 1.71171 1.05703 1.67321 1.77974 1.01282 1.92436 1.87141 1.45305 1.13169 2.02698 1.24083 1.04359 0.972453 0.989463 0.989334 0.967156 0.956347 0.926363 1.63138 0.92246 1.02535 0.888218
threshold=1.0000000180025095e-35 10.481293953298048 7.8955972737305267 145.50000000000003 46.500000000000007 0.84649134540172921 1.5000000000000002 1.5000000000000002 0.87970026051821659 0.8470278619941235 0.98296291314453421 1.0125000000000002 0.80530725634941192 0.79886474335522972 0.80570143096500557 0.80943535476948147 -0.70710678118654735 0.82872382376875298 0.84101010209804372 1.029166666666667 2.5000000000000004 0.91597561503675351 1.0000000180025095e-35 0.81354795087357534 1.2424533248940002 -0.37940952255126015 -1.0000000180025095e-35 67.500000000000014 6.9109568050123915 0.60355339059327384
decision_type=2 2 2 2 2 2 2 2 2 2 2 2 2 2 2 2 2 2 2 2 2 2 2 2 2 2 2 2 2 2
left_child=-1 4 -3 -4 -2 7 8 12 -7 10 20 -12 13 -6 -14 -16 17 -17 -19 29 21 22 27 -21 -24 -9 -27 -8 -29 -18
right_child=1 2 3 -5 5 6 9 25 -10 -11 11 -13 14 -15 15 16 19 18 -20 23 -22 -23 24 -25 -26 26 -28 28 -30 -31
leaf_value=-0.00028489421651663253 -5.3094348498949205e-05 -0.0017320513455136317 -0.00024814357939406673 -0.0028877968873729414 -7.8422736943321866e-05 0.002139685755568757 -0.0011360298692617108 3.6521206337538843e-05 0.00031202072473698227 -0.00010851771501265567 0.0011793003090739757 -0.0019850274397172764 -0.0008192258332423985 0.0023001176577991354 0.00051654110996524755 -0.00020835706969969046 -0.00010960552837749015 -0.0010723293379721493 0.00047456899601063218 -0.0001515179841175541 0.0002166256831289626 0.00091016993981438284 -0.00045303309905366971 0.0011983310852497918 -0.0013168588117647519 6.4915232750567542e-05 0.00042146637525030013 -0.002344733297120807 -0.004150867398573818 -0.00062958701918002034
leaf_weight=6723.4439607188106 113745.18742189929 222.58821735903621 2027.6574043110013 8.2973776534199697 11607.902878787369 2046.2340542897582 31.350035153329372 93955.351578120142 3788.060817822814 43254.764030948281 14.501186877489088 26.290427267551422 734.75986192375422 750.6503022313118 1060.8017565831542 1904.3892797380686 4491.4265260770917 727.64862854778767 108.40774041414261 658.49987232685089 411.29881822317839 79.060399025678635 579.02808537334204 766.63467389345169 161.92668735980988 53612.202174648643 42777.460006274283 16.023485429584984 11.340000607073305 1331.2784812524915
leaf_count=25118 387691 890 6921 23 45367 6033 57 316153 11452 142180 52 32 1044 1706 2129 5554 16531 2955 352 783 1198 134 992 916 277 184427 144981 28 22 4997
internal_value=-7.26161e-06 3.76315e-06 -0.000953974 -0.000615439 9.47575e-06 5.74636e-05 -0.000145834 0.000105253 0.00104602 -0.000301795 -0.00168974 -0.0116598 -0.000328612 -1.23798e-05 -0.000660267 -0.000497779 -0.000684641 -0.00155017 -0.00360249 -0.000357379 -0.00137448 -0.00231368 -0.00284123 0.000855354 -0.00234617 0.000160282 0.000269184 -0.00908883 -0.0157971 -0.000654201
internal_weight=387634 380911 2258.54 2035.95 378652 264907 50419.9 214487 5834.29 44585.6 1330.82 40.7916 24142.4 12358.6 11783.8 11049.1 9988.29 2740.45 836.056 7247.84 1290.03 878.729 799.668 1425.13 740.955 190345 96389.7 58.7135 27.3635 5822.71
internal_count=1310995 1285877 7834 6944 1278043 890352 162457 727895 17485 144972 2792 84 82334 47073 35261 34217 32088 8861 3307 23227 2708 1510 1376 1699 1269 645561 329408 107 50 21528
is_linear=0
shrinkage=0.05


Tree=116
num_leaves=31
num_cat=0
split_feature=7 1 7 1 17 10 6 7 16 7 8 7 8 16 4 17 16 8 17 10 7 10 17 6 16 16 10 1 0 1
split_gain=0.90734 0.800786 0.850242 0.797936 0.908197 0.743268 0.719788 0.700939 1.20173 0.952636 1.19962 1.03565 1.15307 0.802279 1.2592 0.86146 1.14254 1.38774 0.742845 0.989986 1.18087 0.728894 0.723739 0.684832 0.665213 0.65775 0.902314 0.900748 1.31607 0.962681
threshold=1.0000000180025095e-35 5746.5000000000009 1.0397207708399181 157.50000000000003 0.65090371963234628 7.5081166522515774 -0.60355339059327384 2.3502401828962087 0.85237436024189284 2.524928003624769 1.0000000180025095e-35 3.0201273556387074 0.89587973461402759 0.8624299788615909 2.5000000000000004 0.66536933010598343 0.93504912530908568 7.2789738888676521 0.66237379509048522 7.7709141262221211 5.1328485759866682 7.6085905625571861 0.64675799809678969 -0.78656609248549325 0.80053615053700111 0.81536292963384094 4.8431050376810978 2135.5000000000005 88.500000000000014 696.50000000000011
decision_type=2 2 2 2 2 2 2 2 2 2 2 2 2 2 2 2 2 2 2 2 2 2 2 2 2 2 2 2 2 2
left_child=-1 2 -2 4 6 -3 -4 8 23 10 -9 -11 24 25 15 16 -15 18 -18 20 -20 22 -12 -5 -13 26 -14 28 -28 -30
right_child=1 5 3 7 -6 -7 -8 9 -10 11 21 12 13 14 -16 -17 17 -19 19 -21 -22 -23 -24 -25 -26 -27 27 -29 29 -31
leaf_value=-0.00027064950569080095 0.00014039853645387708 0.00014299413197430973 -0.00020140700297872872 -0.00045429839314571065 -0.00020878733109762072 0.0023267684930596585 -0.0013004108564393165 0.00028541705914312404 0.00021160806476949075 -0.00019276394122375186 -0.0048803103171833496 0.00043278043117812859 -0.00025316002258624694 0.00057582750033123998 -0.00022919952170581196 -8.5145891885628908e-05 3.4051138917839434e-05 -0.0027478749374846611 0.00078621080640330564 0.002309581508863704 -0.0030256829640547492 -0.0034537578126681971 -0.0005644437374111897 -0.00014941967694180602 2.3742166020949627e-05 5.8248965976290258e-05 -2.8810798785049163e-05 0.00028011458441033895 -0.00093023263219886197 -0.00036728694882283072
leaf_weight=6723.4439607188106 34823.789472848177 11369.160810556263 154.75652968883514 5187.6204439923167 2120.6569446474314 3766.5510263182223 210.85828930139542 16279.15120697394 4108.8455213457346 22231.769699696451 13.065259397029875 20325.475246284157 16365.871945548803 2994.786186337471 16022.984153218567 8365.0444005280733 389.88878124952316 29.653743147850037 16.457703351974487 28.021344900131226 31.329513788223267 10.771829750388859 328.91918049752712 13561.619390726089 20946.023719601333 63063.075022317469 82486.840513266623 26862.003599710763 2336.3012972362339 6479.7294341921806
leaf_count=25118 110619 38832 194 16710 7804 12180 265 52667 12951 72428 16 74798 63164 3767 53817 35163 481 36 22 34 40 39 1130 44531 64885 200162 295075 93577 8107 22383
internal_value=-5.67965e-06 4.48349e-06 -1.02638e-05 -3.49918e-05 -0.000927356 0.000360871 -0.00322885 -2.82372e-05 -0.000295308 -8.2614e-06 0.000359707 -2.94398e-05 -2.11309e-06 -4.65895e-05 -0.000297686 9.29778e-05 0.00075283 -0.00147156 -0.000803745 -0.0053325 -0.00970786 -0.00252499 -0.00212162 -0.000465024 0.000240868 -1.11627e-05 -7.36211e-05 -2.54304e-05 -0.000100308 -0.000680969
internal_weight=387634 380911 365775 330952 2486.27 15135.7 365.615 328465 22858.1 305607 16631.9 288975 266743 225472 27878.2 11855.2 3490.14 495.351 465.697 75.8086 47.7872 352.756 341.984 18749.2 41271.5 197594 134531 118165 91302.9 8816.03
internal_count=1310995 1285877 1234865 1124246 8263 51012 459 1115983 74192 1041791 53852 987939 915511 775828 93360 39543 4380 613 577 96 62 1185 1146 61241 139683 682468 482306 419142 325565 30490
is_linear=0
shrinkage=0.05


Tree=117
num_leaves=31
num_cat=1
split_feature=7 7 10 0 16 16 17 5 10 18 7 16 17 5 6 7 6 17 2 17 3 17 17 7 17 16 10 16 10 7
split_gain=0.843442 0.692571 0.755533 0.754594 0.940196 1.15972 2.02024 1.87806 1.34661 1.1747 0.852485 0.940011 0.846443 0.832305 1.05539 0.742206 0.893909 0.714533 0.728474 0.714508 0.724328 1.37435 0.690834 0.670133 0.622676 0.616833 0.616001 0.594123 0.58605 0.786539
threshold=1.0000000180025095e-35 10.481293953298048 7.8955972737305267 46.500000000000007 0.84649134540172921 0.8470278619941235 0.65090371963234628 0.91597561503675362 6.2358486112362446 1.0541666666666669 2.524928003624769 0.93504912530908568 0.64805509467998179 -0.37940952255126059 -0.37940952255126015 6.187236373491543 -0.60355339059327384 0.64607191580427192 0 0.66536933010598343 1.0000000180025095e-35 0.65933186473910388 0.65813547005910744 5.6002703899390385 0.64867302866654353 0.76640384685231278 8.2341025566602486 0.85237436024189284 7.5945810933342663 6.0741952825945456
decision_type=2 2 2 2 2 2 2 2 2 2 2 2 2 2 2 2 2 2 1 2 2 2 2 2 2 2 2 2 2 2
left_child=25 3 -3 17 13 6 7 12 -9 10 11 -7 15 22 24 -6 -17 18 -2 20 21 -8 -5 -22 -15 -1 -19 -12 29 -11
right_child=1 2 -4 4 5 9 19 8 -10 28 27 -13 -14 14 -16 16 -18 26 -20 -21 23 -23 -24 -25 -26 -27 -28 -29 -30 -31
leaf_value=-0.0011089631433850791 6.5746571497241055e-05 -0.0016440082382986978 -0.00026679420534620748 -0.00018862829225810147 0.00014581403528068673 6.0058652359358536e-05 0.00029861233094159311 -0.00265967004421689 -0.0014886456291251635 0.00032908381751500863 0.00014099126401638309 0.0039407098196285574 -0.0011859741924677475 0.00043962367952275451 0.00026927364277469712 -0.0016007087922001043 0.00055651093085402686 -5.3117574692006236e-05 -0.00073260092733440233 0.00047727405205847572 0.0002145314566662858 -0.0031738869310309254 4.8190572722682516e-05 -0.00076395528955075997 4.331573931115607e-06 -0.00014889070401521813 0.00047898237854132196 -0.00015788926410036444 0.00098734369321718646 -0.00072721268334485572
leaf_weight=1109.5655095875263 905.18262946605682 222.58821735903621 2035.9547819644213 25293.262173712254 126.82600122690201 8353.5581023171544 21.608987033367157 16.51748251914978 22.656305611133575 3475.77173858881 4346.2937653586268 396.3815304338932 212.63041007518768 6611.2636023163795 54370.309129733592 21.737717866897583 20.102872252464294 107887.1804840751 1639.6144630908966 404.97004137933254 323.10611355304718 22.274583756923676 66668.334624677896 166.52827101945877 61544.244230378419 5613.8784511312842 3313.2098452672362 30794.720672339201 1220.1009071469307 474.09252589941025
leaf_count=2984 1108 890 6944 31609 157 28328 28 21 29 3747 15282 1463 273 8174 185146 27 25 375204 2007 1684 402 25 282744 210 220222 22134 9372 108933 1313 510
internal_value=-4.25082e-06 5.54793e-06 -0.000867417 1.07549e-05 5.70064e-05 -0.000137275 -0.0015781 -0.00445825 -0.0148836 -9.73656e-05 -0.000181335 0.000260266 -0.00338716 0.000102677 0.000188006 -0.000742104 -0.00651672 -9.69628e-05 -0.000925365 -0.000287702 -0.00148968 -0.00764355 -1.10131e-05 -0.000938137 5.6939e-05 -0.000559391 -7.8005e-05 -0.000291292 0.000615502 0.000319633
internal_weight=387634 380911 2258.54 378652 264907 50419.9 1358.96 420.471 39.1738 49060.9 43891 8749.94 381.297 214487 122526 168.667 41.8406 113745 2544.8 938.488 533.518 43.8836 91961.6 489.634 68155.5 6723.44 111200 35141 5169.97 3949.86
internal_count=1310995 1285877 7834 1278043 890352 162457 2881 532 50 159576 154006 29791 482 727895 413542 209 52 387691 3115 2349 665 53 314353 612 228396 25118 384576 124215 5570 4257
cat_boundaries=0 1
cat_threshold=3
is_linear=0
shrinkage=0.05


Tree=118
num_leaves=31
num_cat=0
split_feature=7 1 17 7 16 1 17 7 16 7 8 7 8 16 16 4 17 16 8 17 16 9 7 1 16 18 17 1 17 8
split_gain=0.752028 0.716068 0.754709 0.769842 0.723543 0.700738 0.881018 0.591602 1.03158 0.792627 1.03292 0.900646 0.964942 0.680138 0.658102 1.12076 0.723757 1.03432 1.10343 0.742845 0.615729 0.638882 1.05439 0.608061 0.580642 0.731618 0.957591 0.884666 0.964069 0.835369
threshold=1.0000000180025095e-35 5746.5000000000009 0.81311413657290077 1.0397207708399181 0.72364337447615934 157.50000000000003 0.65090371963234628 2.3502401828962087 0.85237436024189284 2.524928003624769 1.0000000180025095e-35 3.0201273556387074 0.89587973461402759 0.79569384244301666 0.8624299788615909 2.5000000000000004 0.66536933010598343 0.93504912530908568 7.2789738888676521 0.66237379509048522 0.97182285662211954 1.2424533248940002 5.5587548463575329 2715.5000000000005 0.87093098878569231 1.0541666666666669 0.65813547005910744 2715.5000000000005 0.65933186473910388 4.2268071048866842
decision_type=2 2 2 2 2 2 2 2 2 2 2 2 2 2 2 2 2 2 2 2 2 2 2 2 2 2 2 2 2 2
left_child=-1 2 3 -2 -3 6 -5 8 23 10 -9 -11 13 -13 -14 16 17 -16 19 -19 21 22 -21 -7 -17 -26 -27 28 29 -28
right_child=1 4 -4 5 -6 7 -8 9 -10 11 -12 12 14 -15 15 24 -18 18 -20 20 -22 -23 -24 -25 25 26 27 -29 -30 -31
leaf_value=-0.00024769950991298493 0.00014459909363726819 0.0067151646611957744 -0.00022430276421108106 -0.00079052601513362119 0.00025014624059648411 -0.00016127141985032499 -0.00020384979789067476 0.00027380208492056859 0.000205342824630219 -0.00018207894783967213 -0.00087098023281072907 0.00048568331162487379 2.537860440904316e-06 2.8294290373946652e-05 0.00054955502300380597 -3.2624710497172751e-05 -7.2151867483626064e-05 6.8709216139190268e-05 -0.0025971414803431176 -0.00038949772084925994 0.0043723699057757913 0.00019456513700540914 -0.0029237660005128705 -0.00094389634638700627 -0.00032090521595164461 0.00068614255278561128 -0.00036126227890616558 -0.00071453572023451393 0.00031956275328241801 -0.0022133491592110101
leaf_weight=6723.4439607188106 33902.706446025521 1255.3209285587072 11808.30645551905 365.61481899023056 13880.390908315778 15921.466540031135 2046.7479875944555 15819.629700660706 4073.4615080282092 21586.093325290829 341.15163503959775 17705.684543222189 190192.49868359789 22224.488898821175 2994.786186337471 4571.6665103882551 8237.8486400172114 389.88878124952316 29.653743147850037 17.139776349067688 16.922078728675842 17.26091194152832 24.485795021057129 2204.4701005369425 10283.995885759592 567.41095751523972 34.245529413223267 51.712414264678955 326.94780075550079 19.024719297885895
leaf_count=25118 97399 3124 170081 459 47888 45780 6752 46069 12607 63192 1016 53166 574273 67224 3767 13663 33926 481 36 23 21 22 30 6356 37448 631 36 53 334 20
internal_value=-3.03723e-06 6.21529e-06 -7.73007e-06 5.38785e-06 0.000343224 -1.86109e-05 -0.000867564 -1.21636e-05 -0.000261097 6.54044e-06 0.000346994 -1.31594e-05 1.28268e-05 0.000238777 -2.86022e-05 -0.00025684 0.000113736 0.000717185 -0.00139923 -0.000803745 -0.0053325 -0.00774809 -0.0111018 -0.000422675 -0.000530956 -0.000723558 0.00056801 -0.00120595 -0.000371441 -0.00660885
internal_weight=387634 380911 365775 353967 15135.7 320064 2412.36 317652 22199.4 295453 16160.8 279292 257706 39930.2 217775 27583 11728 3490.14 495.351 465.697 75.8086 58.8865 41.6256 18125.9 15855 11283.3 999.341 431.93 380.218 53.2702
internal_count=1310995 1285877 1234865 1064784 51012 967385 7211 960174 64743 895431 47085 848346 785154 120390 664764 90491 38306 4380 613 577 96 75 53 52136 52185 38522 1074 443 390 56
is_linear=0
shrinkage=0.05


Tree=119
num_leaves=31
num_cat=1
split_feature=7 4 16 9 0 16 8 9 5 9 16 16 17 17 16 17 8 2 3 8 17 8 7 0 16 17 17 5 16 16
split_gain=0.716848 0.646172 0.724513 0.570928 0.555413 0.513826 0.769467 0.774133 0.551518 0.53504 0.505073 0.56451 0.583138 0.757907 0.487777 0.595831 0.931553 0.604489 0.468573 0.45499 0.421584 0.403721 0.81902 0.432386 0.444866 1.03216 0.436735 0.69049 0.767189 0.943421
threshold=1.0000000180025095e-35 4.5000000000000009 0.84506216924924515 4.4127799275304271 43.500000000000007 0.97182285662211954 6.3534997185584592 1.0000000180025095e-35 0.60355339059327384 3.9607678160667752 0.76640384685231278 0.76483445552001961 0.79305997254976279 0.65721354409355948 0.6500768209777964 0.64555464890881631 3.7012257604091228 0 1.0000000180025095e-35 6.3944261760330408 0.64607191580427192 1.0000000180025095e-35 3.0201273556387074 69.500000000000014 0.90056769624314192 0.80340128202253169 0.64725493382190846 -0.37940952255126059 0.78158162722824287 0.7434124931127456
decision_type=2 2 2 2 2 2 2 2 2 2 2 2 2 2 2 2 2 1 2 2 2 2 2 2 2 2 2 2 2 2
left_child=10 5 3 4 19 14 -7 -8 -9 -10 11 20 13 -13 15 16 -2 18 -17 -3 -1 23 -23 24 26 -26 27 28 29 -16
right_child=1 2 -4 -5 -6 6 7 8 9 -11 -12 12 -14 -15 21 17 -18 -19 -20 -21 -22 22 -24 -25 25 -27 -28 -29 -30 -31
leaf_value=-0.0016256989280409987 0.0010590047080192982 -0.00014789181718587592 -9.3594165722965528e-05 -0.00071538406687605418 0.00033611662196886272 0.0022138941807221925 -0.0057675558196159677 -0.00055974151088410975 -0.0011572540547783257 -0.001862091939469338 -0.00012906119331880796 -0.0014170575033782787 0.0014759481268410359 -0.002548180497792059 -0.00050856993906748811 0.0010497736722745565 -0.0090509008805190784 0.0026037987995557775 -0.0013824492651676444 0.002164276485157371 -0.0006984200366974406 -0.00030285331409857615 -3.3899771153832192e-05 0.00013730882701569539 0.00096587766633482041 -0.0013762482250842117 -4.0352559203205024e-06 3.0116754114253852e-05 -0.00017709362796461959 -0.0017290239948510443
leaf_weight=26.281654536724091 41.221192419528961 8396.6217160597444 8437.8326646536589 1052.2805081382394 39330.441432815045 1073.649697907269 4.4229737222194663 48.5670300796628 7.3281002044677717 6.6503487899899483 5613.8784511312842 14.416222333908079 14.697758689522741 26.272810161113739 268.49060589075089 678.25843576341867 20.592539846897125 2717.248369269073 379.23438476026058 332.73296875879169 1027.8970638662577 7037.1563056334853 210001.05289178342 28225.760002601892 1750.7726434320211 238.97119150310755 67145.953936550766 2185.0579154491425 1112.1673701405525 418.55698424577713
leaf_count=32 50 29160 27707 3701 132873 3687 13 195 31 22 22134 18 74 42 332 1947 25 8089 1098 1190 2818 23095 722116 91383 4577 2218 227780 2693 1377 518
internal_value=-4.236e-06 4.79751e-06 0.000159164 0.000232699 0.000257924 -2.26758e-05 0.00103668 -0.00416318 -0.00273362 -0.0114853 -0.000516022 -0.0014908 -0.00641101 -0.00949447 -2.64257e-05 0.000533988 -0.00433526 0.000613725 -0.000400687 -0.000102871 -0.00123229 -3.31788e-05 -7.1653e-05 4.92162e-05 -1.49502e-05 0.000722436 -3.55773e-05 -0.00054419 -0.00126957 -0.00258319
internal_weight=387634 380911 57549.9 49112.1 48059.8 323361 1140.62 66.9685 62.5455 13.9784 6723.44 1109.57 55.3868 40.689 322220 3836.55 61.8137 3774.74 1057.49 8729.35 1054.18 318384 217038 101346 73120 1989.74 71130.2 3984.27 1799.21 687.048
internal_count=1310995 1285877 194631 166924 163223 1091246 3948 261 248 53 25118 2984 134 60 1087298 11209 75 11134 3045 30350 2850 1076089 745211 330878 239495 6795 232700 4920 2227 850
cat_boundaries=0 1
cat_threshold=4
is_linear=0
shrinkage=0.05


Tree=120
num_leaves=31
num_cat=0
split_feature=16 8 1 1 3 1 16 7 16 7 7 18 4 5 1 18 18 1 7 6 16 18 7 16 1 1 16 4 16 16
split_gain=0.638998 0.959596 0.960153 0.636402 0.632686 1.07803 2.17296 1.20764 1.06972 0.814135 0.947614 0.822088 0.753551 0.713056 0.750817 0.992449 0.600685 0.567254 0.560172 0.505243 0.736812 0.799842 0.698842 0.583189 0.646105 0.534892 0.764986 0.664141 2.30785 1.9701
threshold=0.97182285662211954 7.2789738888676521 653.50000000000011 8480.5000000000018 1.0000000180025095e-35 854.50000000000011 0.83426495118380328 5.987706711087152 0.89302366647559417 1.0000000180025095e-35 1.0397207708399181 0.99583333333333346 4.5000000000000009 1.0000000180025095e-35 2917.5000000000005 1.0625000000000002 0.90416666666666679 1134.5000000000002 6.187236373491543 -0.78656609248549325 0.81536292963384094 1.0541666666666669 11.211588533200596 0.93504912530908568 1315.5000000000002 1061.5000000000002 0.72364337447615934 2.5000000000000004 0.85570644998864431 0.88214353201501761
decision_type=2 2 2 2 2 2 2 2 2 2 2 2 2 2 2 2 2 2 2 2 2 2 2 2 2 2 2 2 2 2
left_child=3 -2 -3 4 5 18 17 8 9 11 -11 -8 13 -12 -15 -16 -6 -7 -1 20 -18 23 25 -22 -25 -21 -27 28 -28 -29
right_child=1 2 -4 -5 16 6 7 -9 -10 10 12 -13 -14 14 15 -17 19 -19 -20 22 21 -23 -24 24 -26 26 27 29 -30 -31
leaf_value=7.1764153875016054e-05 0.0019181907231230243 -0.0017689873424958709 -0.00044898407206981906 0.0007413002711583156 -0.00020881712339835824 0.00079442131060622901 -5.9381395688138525e-05 0.0023146037387871805 0.0013548633946327999 0.0010573945484658863 -0.0009414747941174133 -0.0038101465256488581 0.00069429721275616476 -0.0014466222939979742 -0.0034395509358663093 -0.0039547811097629341 -0.00017010836348145162 0.002458403933349701 -0.00030274948930165139 -3.5485486948552e-05 -5.9994723645501877e-06 0.00030440220812872173 -0.00078179546267701037 -0.0013364779934206122 0.001397985469191282 0.0014959641823450165 -0.00016149921714328705 0.00014736116112344517 0.0005371714899716426 -0.00060877772574435623
leaf_weight=40026.69157641381 1150.9253814071417 12.593758322298525 20.087701953947544 7034.8800656870008 11739.081700544804 4220.5534014813602 11.839062958955767 569.69015489518642 578.94545993208885 302.7498886063695 873.76173012703657 10.304646313190458 223.15606977790594 655.07100292295218 32.11575785279274 7.4181874990463248 50401.148220572621 4412.2193682081997 7378.7866326533258 86921.685928910971 31083.612582333386 3802.5455346107483 459.46469375863671 271.92294261604548 114.96842296421528 8617.4663344547153 35630.941770594567 82125.565769709647 5873.3130763843656 3265.0090530663729
leaf_count=132241 3982 45 80 23719 154251 14572 59 1915 1955 867 2618 20 740 1983 108 8 150746 15058 26171 262657 101601 4102 1497 916 413 20930 107695 251301 18185 11361
internal_value=-5.45976e-07 0.00115944 -0.00728914 -4.09695e-06 -1.28295e-05 0.000137187 0.000562714 -0.000536018 -0.000978102 -0.00149907 -0.00139824 -0.011036 -0.00183546 -0.00222226 -0.003418 -0.0101096 -4.06043e-05 0.000978272 3.03882e-05 -2.72491e-05 -0.000130446 4.48293e-05 1.24172e-05 -3.79336e-05 -0.00196721 1.6441e-05 7.8539e-05 4.75808e-05 -0.000116492 0.000127329
internal_weight=387829 1183.61 32.6815 386645 379610 59303.3 11897.8 3265.05 2695.36 2116.42 2094.27 22.1437 1791.52 1568.37 694.605 39.5339 320307 8632.77 47405.5 308568 85674.2 35273 222893 31470.5 386.891 222434 135512 126895 41504.3 85390.6
internal_count=1311796 4107 125 1307689 1283970 198315 39903 10273 8358 6403 6324 79 5457 4717 2099 116 1085655 29630 158412 931404 257778 107032 673626 102930 1329 672129 409472 388542 125880 262662
is_linear=0
shrinkage=0.05


Tree=121
num_leaves=31
num_cat=0
split_feature=10 7 8 16 9 1 7 16 0 8 7 10 16 7 1 7 7 10 8 6 8 0 7 9 7 0 7 1 16 0
split_gain=0.689266 0.899366 1.06224 4.0417 0.767079 0.730392 0.606692 1.0051 0.687088 0.66005 0.57637 0.924112 0.568187 0.580579 0.563678 0.541412 1.46113 0.993728 2.1652 1.83513 1.19662 0.896698 1.12912 0.808067 1.20907 0.672714 0.559106 0.716142 0.535877 0.783168
threshold=7.7029209498175364 7.7400119915859422 2.3502401828962087 0.91681818959512318 6.0390628155997765 326.50000000000006 6.3994261899220151 0.78554027385569514 58.500000000000007 5.5778394645662699 11.211588533200596 7.6356794924471805 0.97182285662211954 7.3997038002470239 1886.5000000000002 5.8536372009884516 6.5139714008924194 8.2503539996157595 3.4175922930736511 0.25881904510252057 2.9174053685313028 62.500000000000007 6.4175486092242702 0.89587973461402759 6.048552817139119 72.500000000000014 6.1366459725839873 298.50000000000006 0.69590327897418025 80.500000000000014
decision_type=2 2 2 2 2 2 2 2 2 2 2 2 2 2 2 2 2 2 2 2 2 2 2 2 2 2 2 2 2 2
left_child=1 12 3 -3 5 15 7 14 9 -9 28 -12 -1 -14 -7 -2 17 20 19 -19 -17 -22 23 26 -25 -26 -23 -28 29 -4
right_child=4 2 10 -5 -6 6 -8 8 -10 -11 11 -13 13 -15 -16 16 -18 18 -20 -21 21 22 -24 24 25 -27 27 -29 -30 -31
leaf_value=-1.3112493806614196e-05 0.00018673443794119671 -0.0010375071649369489 -0.0010935221931699956 -0.0052208238553975439 -0.00067649449662936798 0.00064444717101592866 6.7797699350544829e-05 -0.0001871038799055494 0.00034454095929339489 0.001669873533899747 -0.0016057270650668119 -0.0036646775208509248 0.0017777187181291345 -0.0033734466884428531 0.0024618811835476818 0.0015280383083327354 -0.00013375983155724803 -0.0030744190073205345 0.001268072120157084 -0.005531122961681254 -0.00070374081743302232 0.00096044509945724917 -0.003267563048360306 -0.0032161955099935212 -0.0018475432636938787 0.0014761208939189107 -0.0014208985984985819 -0.0028918980591978623 -0.00018819702344455847 -0.0053245840242840872
leaf_weight=297193.07374394313 1400.5770947933197 57.136181958019733 163.4029915034771 8.3082408681511861 1258.5917299687862 8677.2468201220036 46842.199788097292 8826.8494678512216 7925.959615714848 296.13955792039633 13.427315235137941 5.3695582672953597 830.65515493601561 10.365856006741522 4125.1671714223921 123.64076684787869 2097.9159300923347 12.981977924704553 22.381484307348728 12.143202506005762 200.87465953454375 25.317066743969917 14.909206956624983 11.71392087638378 10.794521648436787 16.298289988189936 14.883956763893368 6.070756956934928 7575.9134945012629 48.206353276968002
leaf_count=1009240 4456 238 531 14 4383 30381 156903 25770 23528 855 63 19 2858 37 13979 388 7055 33 55 26 677 87 49 28 36 57 53 17 29831 149
internal_value=-1.77208e-06 -3.62667e-05 -0.00056379 -0.00690733 0.000127034 0.000146145 0.000180379 0.00035654 0.000105126 -0.000190733 -0.000510608 -0.0092555 -2.23336e-05 0.00127544 0.000691348 -0.000515103 -0.00094613 -0.0034596 -0.0103175 -0.0203922 -0.00269212 -0.00439391 -0.00826291 -0.00603865 -0.0113596 -0.00555641 -0.00157614 -0.00761737 -0.000489501 -0.00297122
internal_weight=387829 305906 7871.76 65.4444 81922.7 80664.1 76693.6 29851.4 17048.9 9122.99 7806.32 18.7969 298034 841.021 12802.4 3970.5 2569.93 472.01 47.5067 25.1252 424.503 300.862 99.9877 85.0785 38.8067 27.0928 46.2718 20.9547 7787.52 211.609
internal_count=1311796 1042980 30845 252 268816 264433 251416 94513 50153 26625 30593 82 1012135 2895 44360 13017 8561 1506 114 59 1392 1004 327 278 121 93 157 70 30511 680
is_linear=0
shrinkage=0.05


Tree=122
num_leaves=31
num_cat=0
split_feature=10 7 8 16 9 16 7 16 0 3 8 7 10 18 16 7 7 10 0 16 18 16 17 10 7 3 16 8 0 16
split_gain=0.617335 0.810115 0.922455 4.71379 0.759513 0.73297 0.608853 0.762388 0.599715 0.70702 0.623076 0.599343 0.924112 0.549892 0.636653 0.545513 0.651394 0.656117 0.705765 0.551776 0.591567 0.579975 0.932965 0.544461 2.12695 2.57937 0.674145 0.530474 0.692711 0.484947
threshold=7.7029209498175364 7.0854828791590796 2.1383330595080281 0.92481023624323644 6.0390628155997765 0.9461910594647257 6.281331292928102 0.78226511065443993 54.500000000000007 1.0000000180025095e-35 5.1619206365690227 11.211588533200596 7.6356794924471805 0.90416666666666679 0.90056769624314192 1.0000000180025095e-35 1.0397207708399181 6.9692997206039617 59.500000000000007 0.81399107482384137 1.0458333333333336 0.82805938968709258 0.64927633572046617 8.2180314916043535 6.2980292833949401 1.0000000180025095e-35 0.74468638834487166 3.8815106545092593 34.500000000000007 0.84797720773251295
decision_type=2 2 2 2 2 2 2 2 2 2 2 2 2 2 2 2 2 2 2 2 2 2 2 2 2 2 2 2 2 2
left_child=1 5 3 -3 6 13 7 -2 9 -9 -11 -4 -13 14 -1 19 17 18 -17 -15 21 -21 -23 27 25 -25 -27 28 29 -8
right_child=4 2 11 -5 -6 -7 23 8 -10 10 -12 12 -14 15 -16 16 -18 -19 -20 20 -22 22 -24 24 -26 26 -28 -29 -30 -31
leaf_value=-0.00017386497413845808 0.0009458589965696527 -0.0011483360389336569 -0.0001727295556868215 -0.0051696641726512354 -0.00064266977179789915 0.0011654285208085771 -0.0011102412755772968 0.0011585991869357015 0.00030133737479153753 -0.00031580017098396947 0.0013740538635803161 -0.0015254407118134713 -0.0034814436448083784 -0.00041739354673091397 -0.0014646720954713402 -3.554687597012024e-05 -1.3090857279842578e-05 0.00089265665179224802 0.00029513539011581381 0.00025620948800852207 0.00044797295288188346 -0.0018324458952902476 -0.0002202752465422224 -0.0052545668135971918 0.00030362508524727221 -0.01046514378244273 0.0054533079492043168 -9.6110713323091512e-05 0.00049937043921811778 0.0014126724662733266
leaf_weight=10275.385451007634 12084.113201919943 205.05464989319444 16096.154584791511 12.769001595675944 1258.5917299687862 1561.2306030392647 470.18255187943578 1381.8674435168505 9546.7684874087572 6373.7214279174805 321.20889710634947 13.427315235137941 5.3695582672953597 3468.6960365511477 169.36956676840782 17442.061428584158 237239.69743653759 2653.4103106632829 13845.575562324375 758.15419831871986 549.18226420879364 14.642010331153868 1595.6789123788476 13.387762948870657 13659.651031229645 7.0504753887653377 19.637990538030863 30881.547280129045 5796.7825431153178 108.14616397023201
leaf_count=135167 42294 748 62474 39 4383 5416 1652 4163 28129 18459 929 63 19 11519 1868 50296 718899 7653 39451 2666 641 19 6042 29 39463 13 56 108822 20047 377
internal_value=-9.21526e-07 -3.35667e-05 -0.000376175 -0.0036082 0.000120978 -1.42425e-05 0.000139995 0.000319903 0.000110162 -0.000206944 -0.000419477 -0.000332489 -0.0092555 -2.00994e-05 -0.000376254 -6.69739e-06 4.05947e-06 0.000208937 0.000144917 -0.000463461 4.32857e-05 -0.000299544 -0.000836406 3.51081e-05 0.000304634 -0.0111973 -0.00221314 -6.39998e-05 0.000351247 -0.00129885
internal_weight=387829 305906 16332.8 217.824 81922.7 289573 80664.1 29707.7 17623.6 8076.8 6694.93 16115 18.7969 288012 10444.8 277567 271181 33941 31287.6 6386.35 2917.66 2368.48 1610.32 50956.4 13699.7 40.0762 26.6885 37256.7 6375.11 578.329
internal_count=1311796 1042980 63343 787 268816 979637 264433 93974 51680 23551 19388 62556 82 974221 137035 837186 816299 97400 89747 20887 9368 8727 6061 170459 39561 98 69 130898 22076 2029
is_linear=0
shrinkage=0.05


Tree=123
num_leaves=31
num_cat=1
split_feature=10 7 8 16 0 16 4 8 2 0 16 9 7 9 9 6 16 8 16 17 17 16 5 10 16 16 17 16 16 16
split_gain=0.601329 0.995221 0.854472 2.84296 0.682518 0.749346 0.733977 0.650407 0.612034 0.725622 0.850622 0.670571 0.593299 0.704626 1.47785 1.31709 0.632033 0.586698 0.582315 1.01653 0.76857 1.2194 0.771446 0.75119 0.738382 0.842654 0.802202 0.692974 0.818413 0.917854
threshold=7.9397739131828367 7.7400119915859422 2.3502401828962087 0.91681818959512318 59.500000000000007 0.66451488603447284 4.5000000000000009 1.0000000180025095e-35 0 99.500000000000014 0.92481023624323644 3.4175922930736511 9.6597266625627505 3.6762205501217919 3.6505739029280164 -0.9159756150367534 0.80570143096500557 2.9700856263602158 0.80570143096500557 0.72406633601923109 0.66764792291798603 0.80217785889642024 0.12940952255126045 7.004218655558728 0.80263627494539491 0.80368004095377399 0.66536933010598343 0.81001179525997946 0.81441168430396382 0.81399107482384137
decision_type=2 2 2 2 2 2 2 2 1 2 2 2 2 2 2 2 2 2 2 2 2 2 2 2 2 2 2 2 2 2
left_child=1 4 3 -3 5 -1 -6 -2 9 -9 -11 -10 -13 14 -14 -16 -17 -4 20 27 21 22 23 -7 -23 26 -26 -20 29 -29
right_child=7 2 17 -5 6 18 -8 8 11 10 -12 12 13 -15 15 16 -18 -19 19 -21 -22 24 -24 -25 25 -27 -28 28 -30 -31
leaf_value=0.0014808705239208854 0.00090731859666046556 -0.0010373341532794408 0.0026121300337323934 -0.0047012994539951053 1.254913091505855e-05 -0.00043043723996707766 0.00028335072260103898 -9.0052499771591324e-05 0.00028100575380387709 -0.0010597252940386091 -0.0046388487655231424 8.8189558756975739e-05 -0.00082366637432181662 -0.00042083844042839491 -0.0038945344300000129 -0.0048106712856914036 0.00090664514021001274 -0.00023417904195569136 0.00052792542953014371 -5.7084893618422618e-05 -3.6810792945036341e-05 -0.00085547576762598845 2.1398075366597936e-05 2.3024450967441824e-05 0.00040341831557166169 -0.00055500184400764031 -0.0015075811031130398 -9.7300610388796616e-05 8.6978825601095877e-05 -0.0010442042132772858
leaf_weight=2546.5911008194089 2595.0109382234514 124.59622699022293 101.78797133266926 8.4306203052401525 113468.74052086473 15142.60801371187 25059.370444800705 8198.3178274929523 35113.072476025671 295.49123182892799 10.815545745193957 5036.7568447776139 246.75059573352337 2793.351889219135 10.901110298931597 16.535361181944609 15.856408096849917 12637.354305110872 2605.6815773844719 52637.270128414035 51618.397674340755 538.57886946201324 14148.578258931637 5910.6387589201331 643.91022509336472 1582.7544709444046 53.976033210754395 3282.6014295816422 31013.189370036125 370.59964865446091
leaf_count=7364 7343 414 385 15 382147 19270 84572 26362 110560 934 33 16068 891 9598 29 46 37 48889 3514 232150 284418 680 18030 7550 797 2022 87 4455 42638 498
internal_value=3.71673e-07 -2.47583e-05 -0.000455837 -0.00444235 -7.45167e-06 -7.10797e-05 7.61875e-05 0.00015462 0.000115876 -0.000271679 -0.00266136 0.000192133 -0.000217306 -0.000763548 -0.00310921 -0.0116299 -0.00657062 -0.000414208 -8.31593e-05 6.7501e-06 -0.000173339 -0.000343929 -0.000263796 -0.000455679 -0.0013445 -0.000951277 0.000496096 0.000206544 0.000147437 -0.000560408
internal_weight=387829 333496 12872.2 133.027 320623 182095 138528 54332.9 51737.8 8504.62 306.307 43233.2 8120.15 3083.4 290.043 43.2929 32.3918 12739.1 179549 89909.3 89639.4 38021 35201.8 21053.2 2819.22 2280.64 697.886 37272.1 34666.4 3653.2
internal_count=1311796 1139895 49703 429 1090192 623473 466719 171901 164558 27329 967 137229 26669 10601 1003 112 83 49274 616109 283255 332854 48436 44850 26820 3586 2906 884 51105 47591 4953
cat_boundaries=0 1
cat_threshold=4
is_linear=0
shrinkage=0.05


Tree=124
num_leaves=31
num_cat=0
split_feature=16 8 1 17 1 6 3 1 16 16 16 7 8 4 17 0 17 5 17 1 17 7 17 16 17 18 16 8 0 16
split_gain=0.593413 0.949998 0.960153 0.688886 0.505328 0.646762 0.509299 0.904583 1.93064 1.55293 0.976003 0.598703 0.776825 1.04519 1.40242 1.28252 0.992424 0.665695 0.59433 0.576129 0.563557 0.499094 0.489731 0.650237 0.559571 0.54061 0.7056 0.643781 0.613377 0.539841
threshold=0.97182285662211954 7.2789738888676521 653.50000000000011 0.66847687381717125 6033.5000000000009 0.78656609248549303 1.0000000180025095e-35 854.50000000000011 0.85472328363330063 0.89302366647559417 0.85570644998864431 4.8242976514536702 1.8688348091416842 4.5000000000000009 0.66764792291798603 55.500000000000007 0.66656010559132584 -1.0000000180025095e-35 0.81311413657290077 1171.5000000000002 0.73245799793552135 6.187236373491543 0.65185921791924917 0.76060710736486381 0.64853776465145774 1.0625000000000002 0.75883232982744986 5.0072908000208587 107.50000000000001 0.67530393782091591
decision_type=2 2 2 2 2 2 2 2 2 2 2 2 2 2 2 2 2 2 2 2 2 2 2 2 2 2 2 2 2 2
left_child=4 -2 3 -3 6 22 7 21 19 10 -10 12 16 14 15 -14 17 -12 -8 -9 -11 -1 23 24 -6 26 28 -27 -26 -24
right_child=1 2 -4 -5 5 -7 18 8 9 20 11 -13 13 -15 -16 -17 -18 -19 -20 -21 -22 -23 29 -25 25 27 -28 -29 -30 -31
leaf_value=6.6228468958841327e-05 0.0016744963684742348 -0.0030338228089181636 -0.00040407729574628296 -0.0016835772571922856 -0.0011906376381927196 0.0021629261436407281 -1.5055458813929834e-05 0.00062448673109349602 -0.0025296721743984368 0.0047046382323895977 0.0030354533059034879 0.00012950132269561528 -0.0022811276440081463 0.0024719597326979779 -0.0018847173029481877 -0.0025961150636207766 -0.0015203095755097875 -0.00099161175752134414 -0.00022979908474265662 0.0021317914505961598 -4.3158041425658825e-05 -0.0002893099758197848 0.013243712073204914 1.8542510483644803e-05 -0.0046982636034357261 0.0030790270954095898 -0.0058428952215038056 -0.0069264936862706988 -0.0065835005461874849 0.00036179556020031478
leaf_weight=40026.69157641381 1150.9253814071417 5.2695603370666486 20.087701953947544 7.3241979852318764 351.08496779203415 1834.227098993957 303018.86486807838 5067.0854798667133 82.552939563989639 278.92999416589737 150.63227307796478 402.39987397193909 18.982551217079163 31.394245207309723 111.64821410179138 32.588597893714905 539.59775181114674 125.44944298267365 10298.822583433241 4576.692747823894 447.01769942045212 7378.7866326533258 201.68338946998119 1338.971576154232 181.15370327234268 93.179149746894836 17.124837517738342 19.391116678714752 22.262677609920502 9997.6930469311774
leaf_count=132241 3982 7 80 38 434 6317 913572 17345 238 391 191 1294 25 95 427 41 2088 158 148542 15398 2097 26171 672 1682 242 106 23 22 30 37847
internal_value=-7.62817e-07 0.00111708 -0.00728914 -0.0181129 -4.18479e-06 0.000290103 -1.52875e-05 0.000119117 0.000509559 -0.000819417 -0.00174061 -0.0014318 -0.00208142 -0.00491987 -0.00652688 -0.0133463 -0.00140419 0.00103404 -4.07129e-05 0.000815654 0.00107797 2.1395e-05 0.000158718 -0.000551904 -0.00180587 -0.00327384 -0.00471292 -0.000454485 -0.00389233 0.000299679
internal_weight=387829 1183.61 32.6815 12.5938 386645 14056.8 372588 59270.5 11865 2221.19 1495.25 1412.69 1010.29 194.614 163.219 51.5711 815.679 276.082 313318 9643.78 725.948 47405.5 12222.5 2023.17 684.196 333.111 220.541 112.57 203.416 10199.4
internal_count=1311796 4107 125 45 1307689 47375 1260314 198200 39788 7045 4557 4319 3025 588 493 66 2437 349 1062114 32743 2488 158412 41058 2539 857 423 295 128 272 38519
is_linear=0
shrinkage=0.05


Tree=125
num_leaves=31
num_cat=0
split_feature=5 6 16 18 7 10 9 16 4 16 16 16 4 4 18 16 4 16 18 16 10 7 0 4 16 6 16 16 9 10
split_gain=0.666751 0.813648 0.628539 0.534318 0.571298 0.622221 0.724052 0.508834 0.661063 1.4383 0.914055 0.988685 0.460375 0.452371 0.437663 0.552457 0.658625 0.583957 0.513833 1.64662 0.945327 0.647663 0.64976 0.62658 2.00047 0.812178 0.779964 0.600478 1.23538 0.584605
threshold=0.12940952255126045 0.37940952255126048 0.72594608427542362 1.0458333333333336 9.8578885326594694 8.0656092028552901 2.602003343538398 0.88926421891343954 1.5000000000000002 0.84300269948124729 0.82340483352627902 0.82365261305926685 2.5000000000000004 3.5000000000000004 0.92916666666666681 0.90056769624314192 4.5000000000000009 0.76654570564470936 1.0208333333333335 0.86681196525373416 8.4036835615819729 6.0741952825945456 37.500000000000007 2.5000000000000004 0.87093098878569231 0.60355339059327384 0.90374560103526036 0.66451488603447284 5.2337752898422689 8.3382844508594918
decision_type=2 2 2 2 2 2 2 2 2 2 2 2 2 2 2 2 2 2 2 2 2 2 2 2 2 2 2 2 2 2
left_child=14 3 13 -2 -5 -6 -7 8 9 10 -4 -12 -9 -3 15 17 -17 -1 23 27 21 -21 -23 26 25 -25 -16 28 -20 -24
right_child=1 2 7 4 5 6 -8 12 -10 -11 11 -13 -14 -15 18 16 -18 -19 19 20 -22 22 29 24 -26 -27 -28 -29 -30 -31
leaf_value=-0.00032867087551410813 -2.3905453026443205e-05 0.0010367347473531437 -0.00016846180793543553 0.00013002291972370877 0.0010320823321447088 -0.0050709614155562332 -0.0010238470210806106 0.0020964727620478886 0.00019993585195650783 0.0025266797299930231 -0.0010914977297884127 -0.00044942152309491827 4.5988986921612421e-05 0.0045327145922106895 -7.9036099864503867e-05 -0.0008308428318866128 -0.0027969248295365429 4.8324708197790281e-05 0.0025179994893464704 0.00046930168861723906 -0.0018695714385368462 0.00095057516811613294 -0.00043894521913733777 5.8497392552075982e-05 -0.00023573319604684002 0.00044484679099488709 0.00050372473537788206 -0.000157164063215285 -0.0045968889078422401 0.0026287939692517803
leaf_weight=8731.2826748639345 92350.33069743216 1553.987062908709 2799.4553163535893 28459.034256748855 65.72049780189991 24.946836180984974 210.88300311565399 919.19441174715757 28236.088939178735 487.71711749583483 161.38289957493544 698.31616120040417 617.83922757208347 1023.8201714679599 52481.32633292675 354.20740430802107 35.645364679396152 6097.5817728787661 1355.4185818433762 4182.6489251852036 72.799758613109589 180.58441430330276 1177.674257338047 67139.18811411038 8469.0903332233429 16114.376676406711 2732.6819907277822 60842.185149483383 26.08383321762085 44.747349798679352
leaf_count=124701 370257 3946 9782 34124 82 32 252 3138 98005 1440 330 2868 2258 2536 180296 3753 392 64720 1623 5014 86 216 1403 230835 30291 55937 9697 72836 31 54
internal_value=-6.96208e-06 7.22595e-05 0.000279205 9.89464e-06 0.000198086 -0.00196679 -0.00316577 0.000222005 0.000179814 -0.000409674 -0.000749634 -0.00217567 0.00111089 0.00103188 -6.12402e-05 -0.000320352 -0.0021783 -0.000271507 -4.28836e-05 -0.000156655 0.000659962 0.000733742 -0.000195874 9.6767e-06 8.97854e-05 0.000164261 -0.000123401 -0.000230916 0.000799867 -0.000609442
internal_weight=387646 157609 36497.8 121111 28760.6 301.55 235.83 33920 32383 4146.87 3659.15 859.699 1537.03 2577.81 230038 15218.7 389.853 14828.9 214819 67882.1 5658.45 5585.65 1403.01 146937 91722.7 83253.6 55214 62223.7 1381.5 1222.42
internal_count=1310935 529050 124303 404747 34490 366 284 117821 112425 14420 12980 3198 5396 6482 781885 193566 4145 189421 588319 81263 6773 6687 1673 507056 317063 286772 189993 74490 1654 1457
is_linear=0
shrinkage=0.05


Tree=126
num_leaves=31
num_cat=0
split_feature=3 1 16 16 16 1 1 17 16 0 17 17 16 16 0 0 11 16 5 9 5 16 17 9 0 16 5 4 1 5
split_gain=0.649662 0.722808 0.814467 0.854127 0.992419 1.29712 0.780485 0.506251 0.486051 0.457985 0.48005 0.450293 0.877983 0.712097 0.542178 1.02934 0.673237 0.479089 0.438831 0.62072 0.425119 0.412038 0.50975 0.545541 0.435382 0.535025 0.613473 0.429093 0.407727 0.406834
threshold=1.0000000180025095e-35 388.50000000000006 0.70517799062805808 0.91167763378283551 0.83426495118380328 1134.5000000000002 870.50000000000011 0.81382378445109105 0.97182285662211954 30.500000000000004 0.64632798978931005 0.78929913144171537 0.85472328363330063 0.88926421891343954 56.500000000000007 57.500000000000007 1.0000000180025095e-35 0.83867651399525556 -0.37940952255126059 6.8221967973060762 -0.78656609248549292 0.73379547857688465 0.65047227725875179 2.6735537653587351 72.500000000000014 0.71843582945990481 -0.70710678118654735 4.5000000000000009 13074.000000000002 0.37940952255126054
decision_type=2 2 2 2 2 2 2 2 2 2 2 2 2 2 2 2 2 2 2 2 2 2 2 2 2 2 2 2 2 2
left_child=1 -1 -3 4 5 18 9 8 28 10 -6 13 -13 14 17 -16 -17 20 19 21 -8 22 23 24 25 26 -4 -27 -2 -14
right_child=7 2 3 -5 6 -7 11 -9 -10 -11 -12 12 29 -15 15 16 -18 -19 -20 -21 -22 -23 -24 -25 -26 27 -28 -29 -30 -31
leaf_value=-4.8169053943143002e-05 -1.788879254841641e-05 0.0026431771078641378 -0.0026972906826123705 0.0025079263816461502 -0.0016072099244496326 0.0020603385328361811 0.0029310675149570131 -0.0002447325142625523 0.0017540757630713625 0.00019236656658585399 -0.0006142492373066834 6.2937496344739327e-05 -0.001825817314430875 0.003323055763042081 -0.0020088670544474371 -0.0015059040794384929 0.0038602820028982975 0.00062229571711478339 0.00039194535883652353 -0.0048363491906433494 -0.0024805962451497675 3.9163646493639571e-05 -0.00082867926644631664 -0.0061536224179855846 0.0023773322619676019 -0.0028367174739828086 -0.005827491941299859 0.0081501441129385715 0.00093824397384711662 -0.00075112165912926548
leaf_weight=22592.688891213387 316841.08172241598 2880.7131799012423 27.68185031414032 1335.2600319609046 8.8530273437499982 3956.9832025244832 14.219138145446776 7445.9618669860065 692.58104668557644 4661.8961434662342 307.50321475416422 516.90079516172409 672.93844600766897 194.07910892367363 23.390636444091797 552.99285808205605 85.612466126680374 421.37664040923119 12441.738644205034 9.9925769008696061 36.706707268953323 7845.8095146045089 856.7376826107502 15.847890734672545 53.100959658622742 64.709255814552307 20.183046340942383 18.777850747108459 2743.0577407889068 306.86339614540339
leaf_count=74527 993547 7366 35 4618 11 13970 23 106446 2355 14877 1014 2395 3105 287 32 796 116 602 43208 33 55 29024 2344 20 67 82 25 23 8570 1362
internal_value=-6.24229e-06 0.000145131 0.000280224 0.00021269 0.000162697 0.000314677 -0.000330279 -3.39207e-05 -2.44453e-05 4.64159e-05 -0.00179457 -0.000994076 -0.00158877 -0.000324022 -0.000802878 -0.00172621 -0.00134888 0.000491302 0.0001606 -0.000107196 -0.00408942 -9.32172e-05 -0.00101993 -0.00329077 -0.0025259 -0.00407043 -0.00828487 -0.0016542 -2.73127e-05 -0.00246836
internal_weight=387646 59923.6 37330.9 34450.2 33114.9 25311.6 7803.33 327723 320277 4978.25 316.356 2825.08 1496.7 1328.38 1134.3 661.996 638.605 472.302 21354.6 8912.84 50.9258 8902.85 1057.04 200.301 184.453 131.352 47.8649 83.4871 319584 979.802
internal_count=1310935 200017 125490 118124 113506 88831 24675 1110918 1004472 15902 1025 8773 6862 1911 1624 944 912 680 74861 31653 78 31620 2596 252 232 165 60 105 1002117 4467
is_linear=0
shrinkage=0.05


Tree=127
num_leaves=31
num_cat=0
split_feature=3 10 16 16 4 18 1 5 17 16 1 16 4 17 18 0 17 16 8 16 1 0 5 0 10 10 1 0 9 8
split_gain=0.607753 0.751868 0.58384 0.893841 1.75344 0.885453 0.846723 0.683299 0.626458 0.572598 0.684509 0.666563 0.621305 0.984932 0.660094 0.795292 0.765049 0.5819 0.556582 1.0869 0.52993 0.650116 0.734866 0.805378 1.19276 0.619393 0.882892 0.857725 0.512944 1.11409
threshold=1.0000000180025095e-35 6.9867790336588564 0.82340483352627902 0.82537325419067853 1.5000000000000002 0.98750000000000016 1134.5000000000002 -0.78656609248549292 0.65090371963234628 0.89302366647559417 862.50000000000011 0.85472328363330063 2.5000000000000004 0.64805509467998179 1.029166666666667 94.500000000000014 0.79039094287235756 0.85521911464057543 7.6071329784297115 0.93504912530908568 846.50000000000011 98.500000000000014 -0.70710678118654735 116.50000000000001 7.1252063492905746 8.0137018983129114 257.50000000000006 111.50000000000001 1.0000000180025095e-35 2.0126758453675748
decision_type=2 2 2 2 2 2 2 2 2 2 2 2 2 2 2 2 2 2 2 2 2 2 2 2 2 2 2 2 2 2
left_child=1 2 6 4 5 -4 -1 -5 -6 10 -9 12 13 -12 15 -15 -17 -13 20 -20 21 -3 23 24 -23 -26 -27 -28 -11 -30
right_child=-2 18 3 7 8 -7 -8 9 -10 28 11 17 -14 14 -16 16 -18 -19 19 -21 -22 22 -24 -25 25 26 27 -29 29 -31
leaf_value=2.763546428905528e-05 -1.8288645298236705e-05 0.00035800527690667966 -0.0016952220394957946 -0.00051964502671730882 -0.0023662619284362885 -0.00093059517226923294 0.0020560271898788494 4.1508157662917271e-05 9.8814088780685433e-05 0.0013638086888757756 -0.0026403645756665262 -0.0016697368417321751 0.0013442200463492358 -0.0010956106573636367 0.0036031196614079875 -0.0042999331522485459 -0.0027837465223507184 -0.0011432263846335611 -0.00038955658488495448 -0.0024524353671948559 0.0014757028863561063 -0.0067062946343144306 -0.00025577693985404662 0.00064044166169088953 -0.0021750142452248203 -0.0028935904376270432 -0.0025385842406881118 -0.0063573036215472962 -0.0046635689589990276 -0.0019262260411657365
leaf_weight=23463.742602497339 327722.68237687647 15850.753099504858 109.72053103148937 2564.5937827825546 39.587536454200745 43.559166178107262 2116.4372845329344 5426.2690636813641 332.30326960980892 1621.334223382175 17.917983591556549 25.859410487115383 396.84916453808546 182.92078424245119 58.57529878616333 6.3141933679580715 11.337900288403032 655.21652637422085 527.23644315823913 13.448943585157393 5374.6123110987246 12.558807231485842 742.50815569609404 103.55711067467928 111.44665698707104 9.1457456275820714 27.509322740137577 6.8158626183867446 5.9861976057291022 65.439777456223965
leaf_count=79488 1110918 53076 418 8327 49 81 7199 17138 1122 5406 22 63 1270 662 69 11 48 2008 1762 43 18213 38 2410 324 377 26 88 22 20 237
internal_value=-6.11595e-06 0.000140294 1.59569e-06 -0.000293236 -0.00230862 -0.0068088 0.000134878 -0.000197353 -0.000453806 1.90596e-05 -0.000186289 -0.00119157 -7.67157e-05 -0.00189366 -0.00110977 -0.00247348 -0.0126086 -0.0022947 0.000366453 -0.00121861 0.000404989 0.000267201 -0.000960479 -0.00318888 -0.00533212 -0.0041307 -0.00919288 -0.00551474 0.000841696 -0.00330513
internal_weight=387646 59923.6 37144 11563.8 525.171 153.28 25580.2 11038.6 371.891 8474.02 6781.26 1354.99 673.915 277.066 259.148 200.573 17.6521 681.076 22779.6 540.685 22238.9 16864.3 1013.54 271.034 167.476 154.918 43.4709 34.3252 1692.76 71.426
internal_count=1310935 200017 123638 36951 1670 499 86687 35281 1171 26954 21291 4153 2082 812 790 721 59 2071 76379 1805 74574 56361 3285 875 551 513 136 110 5663 257
is_linear=0
shrinkage=0.05


Tree=128
num_leaves=31
num_cat=0
split_feature=5 6 17 5 1 10 7 6 1 8 1 17 17 1 0 0 7 1 8 18 8 0 5 1 10 10 1 8 8 7
split_gain=0.552796 0.762121 0.449064 0.614505 0.691706 0.793544 0.556026 0.609104 0.909395 0.688233 0.883977 1.01365 0.823615 0.604466 0.662419 1.32097 0.555487 0.542524 0.520149 0.486236 0.529997 0.611023 0.550232 0.502116 0.564874 0.49032 0.469818 0.466654 0.459287 0.706496
threshold=0.12940952255126045 0.37940952255126048 0.65090371963234628 -0.70710678118654735 157.50000000000003 5.1007818250360604 3.9607678160667752 0.1294095225512602 317.50000000000006 0.89587973461402759 5498.5000000000009 0.6484252398823479 0.6484252398823479 3925.5000000000005 96.500000000000014 68.500000000000014 3.3497501700808394 131.50000000000003 3.5114340430413216 0.92916666666666681 6.1036759135142775 17.500000000000004 1.0000000180025095e-35 2833.5000000000005 7.3316652221561238 8.3382844508594918 583.50000000000011 2.9700856263602158 2.602003343538398 7.8007773629641965
decision_type=2 2 2 2 2 2 2 2 2 2 2 2 2 2 2 2 2 2 2 2 2 2 2 2 2 2 2 2 2 2
left_child=2 -2 3 4 5 -1 7 -6 16 12 18 -12 13 -10 15 -15 -9 -7 27 -4 22 -22 23 -21 -25 -23 -24 -11 29 -8
right_child=1 -3 19 -5 6 17 28 8 9 10 11 -13 -14 14 -16 -17 -18 -19 -20 20 21 25 26 24 -26 -27 -28 -29 -30 -31
leaf_value=-0.00094060310854713236 4.1288087272918496e-06 0.00019960801232744992 -0.00017516380640717201 -7.1788413845533945e-06 -0.0002247047275293391 -0.001694247034836546 0.00035967084294917105 0.0011140271380309999 -0.00078938274726084732 -0.00091705140707902262 -0.000583613149790127 -0.006361376806138643 -2.6394143084347913e-05 -0.0023644757215094793 0.0013781030538299835 -0.0046922844858344262 -0.00090362228115784232 0.00021802495762358843 0.0036929435662013941 5.6747629266488965e-06 -0.0022639817810608015 -0.00023831588348241923 0.00013310082558617051 9.9210398879989728e-05 0.0010533898130106565 0.00038662172712438519 -0.00024104903154381353 -0.001641845364964803 -0.00023816055989629576 -0.0016983466151973645
leaf_weight=57.460119605064392 121110.91529127955 36497.801307499409 15218.717216730118 18382.772247038782 4273.6283988952637 26.218463242053986 2558.9603630304337 169.69798243045807 1125.0352908372879 655.20305490493774 19.252164840698242 23.39803022146225 1185.3283309340477 65.044153213500977 19.2507603764534 23.491448044776917 37.091770827770233 34.169579565525055 32.210161983966827 127663.47816493362 8.1516475677490217 12075.37233851105 3337.9150824770331 16544.635962892324 6289.4236754365265 1545.0509024746716 12157.997555758804 33.614738821983337 6459.5142838954926 15.439044415950773
leaf_count=73 404747 124303 193566 23243 5421 33 3240 216 1398 830 24 30 1531 81 24 29 47 43 41 386490 30 37709 9895 50327 18567 4061 36694 42 8180 20
internal_value=-6.74736e-06 6.53873e-05 -5.61699e-05 -0.000220536 -0.000438986 -0.00425616 -0.000412043 -0.000725349 -0.00122599 -0.0014348 -0.00274334 -0.00973774 -0.00102155 -0.00192637 -0.00550327 -0.00733103 0.001987 -0.000253931 -0.00232961 -2.64782e-05 -3.48688e-06 -0.000303228 2.11228e-05 5.03335e-05 0.000266282 -0.000295038 -0.000262573 -0.00262001 -0.000146308 0.000418416
internal_weight=387646 157609 230038 35196.8 16814 117.848 16696.2 7662.25 3388.62 3181.83 763.678 42.6502 2418.15 1232.82 107.786 88.5356 206.79 60.388 721.028 194841 179622 13628.6 165993 150498 22834.1 13620.4 15495.9 688.818 9033.91 2574.4
internal_count=1310935 529050 781885 44546 21303 149 21154 9714 4293 4030 967 54 3063 1532 134 110 263 76 913 737339 543773 41800 501973 455384 68894 41770 46589 872 11440 3260
is_linear=0
shrinkage=0.05


Tree=129
num_leaves=31
num_cat=0
split_feature=5 6 16 1 16 4 16 16 17 10 10 7 1 18 18 18 17 7 1 7 5 17 16 4 5 10 10 17 4 10
split_gain=0.490941 0.680586 0.612363 0.54828 0.484521 0.494467 1.37867 0.776353 0.585157 1.11655 0.523411 0.451531 0.742097 0.717296 0.446269 0.439643 0.704127 0.486114 0.508672 0.668853 1.02507 1.17461 0.84726 0.57317 0.557861 0.472378 0.529554 0.433169 0.433043 0.432827
threshold=0.12940952255126045 0.37940952255126048 0.72594608427542362 1686.5000000000002 0.89302366647559417 1.5000000000000002 0.84300269948124729 0.80530725634941192 0.64725493382190846 4.0592278643616817 0.0262312712915155 2.9174053685313028 4911.5000000000009 1.029166666666667 1.0791666666666668 1.0458333333333336 0.64632798978931005 1.5890269151739729 192.50000000000003 3.1984648276080736 0.78656609248549325 0.65130300798649621 0.78892696523979611 3.5000000000000004 0.91597561503675362 6.5514602944450395 6.8535334408403505 0.65737091758083455 3.5000000000000004 6.5298753861640817
decision_type=2 2 2 2 2 2 2 2 2 2 2 2 2 2 2 2 2 2 2 2 2 2 2 2 2 2 2 2 2 2
left_child=-1 15 3 -3 5 6 7 8 9 10 -4 12 14 -14 -9 16 -2 29 19 20 23 22 -22 -19 -20 -21 -27 -23 -28 -17
right_child=1 2 4 -5 -6 -7 -8 11 -10 -11 -12 -13 13 -15 -16 17 -18 18 24 25 21 27 -24 -25 -26 26 28 -29 -30 -31
leaf_value=-3.267496946819035e-05 0.0020340792489110904 0.0010009281905689435 -0.0018764172603222711 0.0060327598789566509 0.00099550525196257303 0.00018240586263279583 0.0021488454121968113 -0.00060935246469582443 0.00022664071149779212 0.0013732293451826022 -0.0017974332111534411 -0.00041014677512265303 -0.003014888262270764 -0.003821523671457704 0.00023490024641681514 0.00028474952083044279 -2.9024870155493211e-05 0.00095941447601248649 -2.7437166638099449e-05 0.00076189387367126167 -0.0025338812152374442 0.0012729035647691769 -0.0016913103803743461 -0.0017023101851498365 0.00031634271318438031 -0.0020638275848379834 6.0236356406937529e-05 -0.002622405127964854 -0.0013811365162901259 0.0011273787640002559
leaf_weight=230037.52293390781 148.17651551961899 1751.3486333414912 16.147297978401184 826.45860103517771 1311.2637055441737 28423.910032805055 525.66595764458179 612.46375896036625 1576.3853573016822 60.055418729782104 16.342073678970337 1298.8151988312602 10.499435104429724 7.6211707592010489 60.824665784835815 3812.7400245144963 92202.154181912541 53.028978429734707 16097.944535240531 110.97015494853258 19.412933528423309 21.45586484670639 22.74715530872345 18.098106861114502 7784.0941271409392 20.62599915266037 113.81171177327633 19.446017704904079 22.014056786894798 644.19492761045694
leaf_count=781885 187 4431 20 2051 4556 98716 1569 1853 6915 74 20 3989 36 9 64 4548 370070 64 19331 132 24 24 28 21 9323 24 144 21 27 779
internal_value=-6.00931e-06 6.19699e-05 0.000251239 0.000994162 0.000194779 0.000156885 -0.000350544 -0.000694519 0.0001008 -0.00376325 -0.0112301 -0.00136144 -0.00239366 -0.0123786 -0.00212492 4.93208e-06 -4.82308e-05 0.000175638 8.76098e-05 -0.00163399 -0.00425671 -0.00802927 -0.0138857 0.000148873 0.000118003 -0.000121798 -0.00189162 -0.00199263 -0.00075804 0.000655656
internal_weight=387646 157609 36497.8 2577.81 33920 32608.7 4184.82 3659.15 1668.93 92.5448 32.4894 1990.22 691.409 18.1206 673.288 121111 92350.3 28760.6 24303.6 421.611 154.189 83.062 42.1601 71.1271 23882 267.422 156.452 40.9019 135.826 4456.93
internal_count=1310935 529050 124303 6482 117821 113265 14549 12980 7029 114 40 5951 1962 45 1917 404747 370257 34490 29163 509 182 97 52 85 28654 327 195 45 171 5327
is_linear=0
shrinkage=0.05


Tree=130
num_leaves=31
num_cat=1
split_feature=4 6 16 18 9 16 2 7 7 9 9 9 18 7 8 0 17 7 9 18 8 7 16 17 4 16 16 17 4 16
split_gain=0.553603 0.716054 0.774318 0.749841 0.493997 0.475909 0.587722 0.494019 0.541162 0.529411 0.866464 0.471235 0.446556 0.423494 0.497374 0.738753 0.694883 0.506593 0.409806 0.399044 0.391091 0.634753 0.726707 1.87729 1.02422 1.05579 2.38087 0.776664 0.69998 1.25918
threshold=4.5000000000000009 0.78656609248549303 0.90056769624314192 1.029166666666667 6.5991897639136772 0.74591243234688742 0 8.8602153186160582 8.9250553887386221 5.2496487501035594 5.5274410133216039 7.1573459244327724 0.92916666666666681 4.9163179057820896 4.0517471391904856 102.50000000000001 0.66237379509048522 5.7252164247697896 0.89587973461402759 0.92916666666666681 1.7005986908310777 3.9219243190762363 0.86681196525373416 0.66536933010598343 1.5000000000000002 0.89111819891260613 0.89781489096933687 0.79625761458089495 1.5000000000000002 0.84300269948124729
decision_type=2 2 2 2 2 2 1 2 2 2 2 2 2 2 2 2 2 2 2 2 2 2 2 2 2 2 2 2 2 2
left_child=20 5 4 19 12 6 13 -8 -9 -10 -11 -6 -3 -2 16 -16 17 -15 -19 -4 21 22 28 -24 25 -25 -27 -28 29 -1
right_child=1 2 3 -5 11 -7 7 8 9 10 -12 -13 -14 14 15 -17 -18 18 -20 -21 -22 -23 23 24 -26 26 27 -29 -30 -31
leaf_value=-0.00016122821187930411 1.7284616175378827e-05 -0.00062107460784724129 -0.0033143974640407366 -0.0015876632054534136 -0.0056641396016989809 5.1420948670943827e-06 0.0016122703596055971 -0.0069744520142922921 0.00056516712739816265 -0.0052743019777495128 -0.0025829133447922066 0.0018455815305942038 0.00079458443985948389 -0.0049453650686234934 0.00060920745779555804 -0.0039547850392023572 -0.0017289591334621124 -0.002285641051882384 -0.0047138063252250492 -0.00053277966863890254 -4.8864199911102109e-05 0.00017535451348179231 0.0006351811756628023 0.0034277960214931257 -0.00011201908035092176 -0.0016054412948116404 0.002524265413720775 -0.00059710281308937997 -3.2935074374990105e-06 0.00091668164932960585
leaf_weight=16666.853168886155 890.52229952812195 526.76802864298224 8.5095190629363042 12.599715054035185 12.316202215850355 42976.247394189239 6714.8268701136112 17.56544928252697 219.96570251137018 9.3214278593659383 49.162365451455116 13.863169409334658 6626.9887483716011 32.078292191028595 193.20878476649523 9.2076038271188718 107.25294401496649 29.653104245662689 16.876930177211761 61.255343101918697 174239.99738992751 25068.211877398193 4134.3248289227486 622.44208989292383 8284.3748707696795 275.44372645020485 817.68484823405743 398.67279340326786 97478.507633175701 982.8851682394743
leaf_count=55591 2151 6641 96 15 31 152843 16621 45 557 27 131 44 17975 40 468 23 380 37 21 232 602022 86602 5196 2305 34180 946 2212 2727 317708 3092
internal_value=-2.9267e-06 0.00013876 0.000603423 -0.00421697 0.00065872 7.29364e-05 0.000419804 0.000599171 -0.001399 -0.000862046 -0.00509022 -0.0061971 0.000683809 -0.000563826 -0.00194622 -0.000231422 -0.00381375 -0.00738485 -0.00405209 -0.00218954 -2.81348e-05 2.97173e-05 -1.48117e-05 0.000318353 -3.99689e-05 0.000942301 0.000220568 0.0011711 -5.68679e-05 -0.000346607
internal_weight=387498 58528.2 7262.3 82.3646 7179.94 51265.9 8289.64 7010.84 296.015 278.449 58.4838 26.1794 7153.76 1278.8 388.278 202.416 185.861 78.6083 46.53 69.7649 328969 154729 129661 14532.9 10398.6 2114.24 1491.8 1216.36 115128 17649.7
internal_count=1310959 198378 25034 343 24691 173344 20501 17381 760 715 158 75 24616 3120 969 491 478 98 58 328 1112581 510559 423957 47566 42370 8190 5885 4939 376391 58683
cat_boundaries=0 1
cat_threshold=4
is_linear=0
shrinkage=0.05


Tree=131
num_leaves=31
num_cat=2
split_feature=10 10 10 10 16 4 16 6 2 0 17 16 0 17 7 0 17 16 7 18 2 7 16 17 16 5 16 16 16 5
split_gain=0.534704 0.783857 0.821534 0.781634 0.714134 0.854193 0.925216 0.706488 0.759804 0.838029 0.882281 0.698373 0.802496 0.696653 0.557997 0.552949 0.606583 0.528858 0.506364 0.686954 0.505294 0.589644 0.537608 0.517806 0.58391 0.551032 0.674214 0.501818 0.824798 0.654516
threshold=6.1848857164332625 1.7185517325253719 0.0095776392541581917 3.9222416602221082 0.8423321668866619 1.5000000000000002 0.8847782686317428 0.78656609248549303 0 138.50000000000003 0.64725493382190846 0.90374560103526036 120.50000000000001 0.65306806413895013 1.0397207708399181 21.500000000000004 0.65721354409355948 0.84300269948124729 11.211588533200596 1.0791666666666668 1 2.3502401828962087 0.76654570564470936 0.65980955961161136 0.82489902666054515 0.25881904510252091 0.84649134540172921 0.80898032621629334 0.79569384244301666 -0.37940952255126059
decision_type=2 2 2 2 2 2 2 2 1 2 2 2 2 2 2 2 2 2 2 2 1 2 2 2 2 2 2 2 2 2
left_child=1 2 20 -3 7 6 17 18 -9 -10 -11 12 -7 -13 15 16 -4 -6 -2 -20 21 -1 -22 24 27 26 -26 28 -23 -30
right_child=4 3 14 -5 5 11 -8 8 9 10 -12 13 -14 -15 -16 -17 -18 -19 19 -21 22 23 -24 -25 25 -27 -28 -29 29 -31
leaf_value=-0.00070557236194801964 5.0024923439731529e-05 -0.00016418770905572214 -0.0033968362544068795 -3.4169378469956632e-05 -0.0013369849879073499 -0.00013865631510382657 -8.8542760180191507e-05 0.0016124182478035279 0.00020529468672156049 -0.0064846979977332105 -0.0028603794883490536 0.0017844299289535251 0.00086844376998123848 0.0001552950445691835 5.8239450143883488e-05 0.00042959860820363449 -0.00065193634173867023 0.0010763683516739867 -0.00045258173652788 -0.0037588299992897759 -0.00029726199224097282 0.00076926464632571384 3.6556155121750948e-05 0.00098648493573950252 -0.0029354958199728706 0.00082376037789355519 -0.0018031250591275466 0.004495633342087026 -0.0040193242749205554 -0.002700214493278584
leaf_weight=2380.3453100025654 145185.65804054588 31369.066776569933 19.927391707897186 86472.159236822277 83.548078142106533 32908.666931077838 2909.9108894765377 4631.5189867578447 15878.218606047332 5.6640908122062674 86.870228905230761 474.29253894090652 593.98749005049467 3117.2716206759214 23743.7777954638 9126.193410590291 82.909324865788221 2316.9586924761534 414.69384533166885 35.025779612362385 5603.9164507463574 145.59798496961594 18999.430297970772 769.38034848868847 22.501553356647491 25.304403066635132 20.64717173576355 37.616906940937042 18.024492681026459 18.503614485263824
leaf_count=8288 489339 107809 25 296432 121 105606 9063 15570 55089 7 277 599 1815 12605 82000 29642 324 6897 1623 40 26668 183 57373 3385 28 31 26 49 22 23
internal_value=-2.56407e-06 -6.6001e-05 7.94681e-05 -0.00014132 5.18163e-05 -0.000131338 0.000461765 9.8536e-05 0.000372588 0.000208545 -0.00453578 -0.000216247 -0.00028728 0.000446364 0.000248664 0.000578581 -0.00306732 0.0011884 5.97673e-05 -0.0016154 -0.000119483 -0.000686347 -3.99779e-05 0.00029404 -0.00151365 -0.00554601 -0.0089814 -0.000257512 -0.00134342 -0.00806113
internal_weight=387498 178855 61014.1 117841 208642 42404.6 5310.42 166238 20602.3 15970.8 92.5343 37094.2 33502.7 3591.56 32972.8 9229.03 102.837 2400.51 145635 449.72 28041.3 3437.92 24603.3 1057.58 288.196 68.4531 43.1487 219.743 182.126 36.5281
internal_count=1310959 612308 208067 404241 698651 136706 16081 561945 70943 55373 284 120625 107421 13204 111991 29991 349 7018 491002 1663 96076 12035 84041 3747 362 85 54 277 228 45
cat_boundaries=0 1 2
cat_threshold=2 2
is_linear=0
shrinkage=0.05


Tree=132
num_leaves=31
num_cat=0
split_feature=10 7 9 8 8 8 16 0 16 16 17 5 7 7 10 10 10 10 16 16 6 8 3 18 8 17 16 7 7 0
split_gain=0.500467 1.36313 0.690877 0.666961 0.584066 0.868464 0.500612 0.936412 0.496572 0.512187 1.43504 1.08947 0.739544 0.619694 0.492966 0.713201 0.709742 0.689015 0.587507 0.862829 0.714795 0.671142 0.605138 0.611653 0.601138 0.570546 0.97894 0.87183 0.836511 0.616522
threshold=7.9397739131828367 7.8933854715247564 5.9148525341228533 5.6076369307404796 5.4315338162543414 5.3958951239350581 0.78158162722824287 135.50000000000003 0.84300269948124729 0.84935014080349602 0.66268314391858796 0.25881904510252091 8.6265855039078598 8.281597424153281 6.1117791469975336 1.7185517325253719 0.0095776392541581917 3.9222416602221082 0.85472328363330063 0.85570644998864431 0.78656609248549303 1.2424533248940002 1.0000000180025095e-35 1.0625000000000002 7.187279092263295 0.64607191580427192 0.8861666780130667 6.869533931231917 5.040188859666439 66.500000000000014
decision_type=2 2 2 2 2 2 2 2 2 2 2 2 2 2 2 2 2 2 2 2 2 2 2 2 2 2 2 2 2 2
left_child=1 14 -2 -3 5 -4 -5 8 -8 10 11 12 -10 -13 15 16 -1 -17 20 22 -16 -22 -20 24 -24 26 27 28 29 -21
right_child=2 3 4 6 -6 -7 7 -9 9 -11 -12 13 -14 -15 18 17 -18 -19 19 25 21 -23 23 -25 -26 -27 -28 -29 -30 -31
leaf_value=-5.3437267194678814e-05 0.0001362317336773597 1.4015958721508293e-05 -0.0030269465549654928 -0.0010680465817225996 -0.00048779434191029565 -0.0059276693542072399 -5.8787701333247457e-05 -0.0036621380324628654 -0.00040898428850958822 -0.00024500012184529036 -0.00012887112623890113 -0.002443464144980432 -0.0010539394951844326 -0.0025324810693090182 3.9905992251650092e-05 -0.0001562350162335774 0.00012930123303947979 -3.3334523925660638e-05 -0.0017286076428944593 -0.0010519058850433506 0.00090310730338660989 0.0001721366972402043 -0.00047934498174670301 0.0046185420645200757 -0.0018257142693418654 -3.0605171662393545e-05 0.0010467069937471687 -0.0021131206524794728 0.0001112103881037014 -0.0018143054166352133
leaf_weight=28040.953118298203 53104.247558541596 3337.4997220113873 24.897806085646156 2641.6271310038865 1176.9407736510038 6.6976997405290595 3188.9238466843963 40.242718487977982 42.837418138980865 1434.060355104506 168.95533909648657 15.183819413185118 18.592946529388428 18.378610908985138 111191.29241694137 31335.811471290886 32964.19979351759 81518.140694435686 94.844749800860882 108.55759447813034 4706.9920871965587 10344.389557272196 884.54235346615314 51.769118010997772 5.6785480827093116 20742.269535154104 110.29834181070328 22.816663146018982 93.823586821556091 62.12291419506073
leaf_count=96071 167714 12898 88 13169 4058 12 10317 114 53 4931 707 19 23 24 376545 107673 111965 279472 294 133 15571 36836 2759 55 19 69085 135 28 115 76
internal_value=-2.10689e-06 -2.50489e-05 0.000138632 -0.000574809 -0.00104347 -0.00775213 -0.000834453 -0.000536709 -0.000474158 -0.00116487 -0.003189 -0.0081058 -0.00414788 -0.0153501 -6.44434e-06 -6.35803e-05 7.41573e-05 -0.000138037 6.04849e-05 -0.000176863 0.000102179 0.000425553 -0.00158511 -0.00120183 -0.00150907 -0.000107793 -0.0019839 -0.00352105 -0.00271212 -0.00479687
internal_weight=387498 333185 54312.8 10906.3 1208.54 31.5955 7568.8 4927.18 4886.93 1698.01 263.948 94.9928 61.4304 33.5624 322279 173859 61005.2 112854 148419 22176.7 126243 15051.4 1036.83 941.99 890.221 21139.9 397.619 287.321 264.504 170.681
internal_count=1310959 1139087 171872 42255 4158 100 29357 16188 16074 5757 826 119 76 43 1096832 595181 208036 387145 501651 72699 428952 52407 3127 2833 2778 69572 487 352 324 209
is_linear=0
shrinkage=0.05


Tree=133
num_leaves=31
num_cat=1
split_feature=4 6 18 10 1 3 8 17 1 1 4 17 6 4 1 9 8 10 17 17 5 10 2 6 10 18 10 1 8 1
split_gain=0.513462 0.575441 0.504276 0.451865 0.534274 0.516001 0.514537 0.43209 0.699875 0.511815 0.584706 0.477225 0.680422 0.48831 0.420978 0.413218 0.653175 0.944663 0.412667 0.465327 0.936505 0.723711 0.550249 0.537193 0.755796 1.0577 1.6101 0.644811 0.557717 0.660533
threshold=4.5000000000000009 0.78656609248549303 0.92916666666666681 7.9397739131828367 268.50000000000006 1.0000000180025095e-35 1.7005986908310777 0.64675799809678969 696.50000000000011 682.50000000000011 2.5000000000000004 0.66197798957202592 -0.78656609248549325 2.5000000000000004 3162.5000000000005 6.2136070970868564 5.4315338162543414 8.0968046622812135 0.6484252398823479 0.64675799809678969 -0.25881904510252113 7.9292096708947346 0 -0.5 7.0228209549334624 1.0458333333333336 7.2061565359679971 1419.5000000000002 2.3502401828962087 1153.5000000000002
decision_type=2 2 2 2 2 2 2 2 2 2 2 2 2 2 2 2 2 2 2 2 2 2 1 2 2 2 2 2 2 2
left_child=3 -2 -3 6 -5 -6 7 8 9 -1 -11 -9 -13 -14 15 -7 17 -17 19 22 21 -21 23 24 28 -26 -27 -25 29 -8
right_child=1 2 -4 4 5 14 18 11 -10 10 -12 12 13 -15 -16 16 -18 -19 -20 20 -22 -23 -24 27 25 26 -28 -29 -30 -31
leaf_value=-0.00042991130258579203 5.4270287935194453e-05 -0.00077372148278384296 0.00065003621396966739 -0.00025792092469165313 0.00091099403184918826 3.4327754378422202e-05 -0.0018389277644795623 9.1973667718701912e-05 -1.1759599694524671e-05 -0.00033659402214209351 -0.0016273739517595129 -0.00011252663449041398 -3.9716711084564899e-05 0.00011678836559202155 0.00093761427907088643 -0.0056312858864968774 -0.0005826162216307064 0.0051322672152221251 -8.1218452992708198e-05 -0.0001417382285586251 0.00087888048038298964 -0.0023896723527526047 8.7107811314452582e-05 0.00014194239601099563 -0.002289408211506438 -0.002919950858408891 -0.00093966131418187426 -0.0014306318228337188 0.00023807806175816655 0.0010922047499617304
leaf_weight=2074.6186309456825 51265.889168158174 536.83542577177286 6725.4653000868857 1499.5772705338895 6121.3405123129487 34445.652199562639 38.955445349216461 39233.60520118475 4499.8769257292151 34.256868362426758 31.711255490779877 28685.018723703921 34898.58723699674 40348.8176330477 5035.7171327546239 8.9543104544281977 564.27028844878078 7.9274091571569434 121721.47585739195 1878.5277143120766 2285.6609587073326 19.274590253829956 4368.7981550320983 587.81774967908859 44.095511913299561 41.555507957935333 207.63807302713394 21.075364410877228 232.83456939458847 31.757299184799194
leaf_count=2560 173344 6756 18278 4731 19575 108907 48 49102 5553 42 39 118903 147867 172279 15482 24 1944 22 453495 2333 2824 24 5389 724 56 51 255 26 287 39
internal_value=-1.03558e-06 0.000135418 0.000551966 -2.53125e-05 0.000117014 0.000147173 -4.94397e-05 1.39134e-05 -0.000380374 -0.00112462 -0.00546035 3.22016e-05 -2.38858e-05 5.5103e-05 8.18439e-05 2.03884e-05 -0.00130176 -0.0109929 -0.000121624 0.000191232 0.000589803 -0.000231187 -0.000107879 -0.00104865 -0.00212334 -0.00393347 -0.00267039 -1.2468e-05 -0.000374382 -0.00426339
internal_weight=387498 58528.2 7262.3 328969 47683.4 46183.9 281286 149806 6640.46 2140.59 65.9681 143166 103932 75247.4 40062.5 35026.8 581.152 16.8817 131479 9757.99 4183.46 1897.8 5574.53 1205.73 596.836 293.289 249.194 608.893 303.547 70.7127
internal_count=1310959 198378 25034 1112581 150685 145954 961896 496345 8194 2641 81 488151 439049 320146 126379 110897 1990 46 465551 12056 5181 2357 6875 1486 736 362 306 750 374 87
cat_boundaries=0 1
cat_threshold=16
is_linear=0
shrinkage=0.05


Tree=134
num_leaves=31
num_cat=0
split_feature=10 1 0 4 16 10 17 7 10 10 1 7 5 0 10 17 7 10 4 5 5 7 6 7 10 1 7 0 16 1
split_gain=0.468033 0.870159 0.860463 0.889941 0.70803 0.631453 0.630508 0.722972 0.624731 0.622005 0.790364 0.617928 1.20897 0.616518 0.776985 0.724919 0.842059 0.681109 0.998498 0.610181 0.74216 0.605912 0.808273 0.765803 0.583365 0.582955 0.577719 1.5413 0.744409 0.800937
threshold=6.1848857164332625 2917.5000000000005 53.500000000000007 3.5000000000000004 0.81441168430396382 1.7185517325253719 0.65266048731061865 6.8911175085997103 3.9222416602221082 0.0095776392541581917 483.50000000000006 9.5731067158699013 0.91597561503675362 52.500000000000007 7.2537824175455921 0.64805509467998179 6.3656106022916754 7.0228209549334624 1.5000000000000002 0.12940952255126045 0.91597561503675362 2.9174053685313028 -0.37940952255126015 2.3502401828962087 6.8352287666851659 1626.5000000000002 7.3997038002470239 84.500000000000014 0.7320314144775445 412.50000000000006
decision_type=2 2 2 2 2 2 2 2 2 2 2 2 2 2 2 2 2 2 2 2 2 2 2 2 2 2 2 2 2 2
left_child=5 26 3 6 -5 9 7 13 -7 25 -11 -8 -13 15 -15 16 -3 18 -17 -19 -21 23 -23 -20 -24 -1 28 -28 29 -2
right_child=1 2 -4 4 -6 8 11 -9 -10 10 -12 12 -14 14 -16 17 -18 19 21 20 -22 22 24 -25 -26 -27 27 -29 -30 -31
leaf_value=6.1119293882375141e-06 -0.00070113822047420955 0.001333233128849168 0.00077270998518479822 0.0015338684597569112 -0.00039124508199787217 -0.00014658210869952228 -0.00018605614655421709 0.00039470004028150236 -3.060067354277302e-05 -0.00013156071396278751 0.00019129854594192726 -0.0022239315857850413 -0.0051579273054854768 -0.00016946522641193425 -0.0041790087882811345 -0.0059468468545901265 -0.0037026957067119643 -0.0022856350249047782 -0.00037478221372131554 0.0045849654670874502 -0.0029879195562410922 0.0010913285045295762 -0.0019360774998620463 -0.0046157256953041782 -0.0045340864774953971 -0.00036741808769489849 -2.7487906719094599e-05 -0.00068382545451176546 9.3474084131940641e-06 0.0012657041816523393
leaf_weight=21711.981168586761 2140.7582605779171 240.9618746638298 18811.037549350411 3333.478721126914 1215.9897303134203 31369.066776569933 4794.9782117530704 328.43205153942108 86472.159236822277 3897.1566241681576 29075.651298459619 122.95264426246285 9.6939378380775434 24.833615720272064 26.044115960597992 19.168891310691833 33.160980463027954 217.60939222574234 18.483295261859894 103.42253917455673 35.509685456752777 73.668778955936432 55.481152296066284 23.934284806251526 19.43139123916626 6329.2873658575118 33680.372749440372 4695.9967797622085 126641.13214616477 11975.753039188683
leaf_count=73920 5243 298 62088 11310 3997 107809 18551 413 296432 12876 99115 481 39 31 32 24 41 275 22 129 45 93 70 30 25 22156 118021 16349 431372 29672
internal_value=-3.61187e-07 5.0516e-05 0.000302101 -5.59412e-05 0.000474202 -5.97116e-05 -0.000448258 -0.00146584 -0.000127313 7.08523e-05 0.000218074 -0.000196291 -0.00356269 -0.00220449 -0.00754917 -0.00188109 0.000229813 -0.00290215 -0.00515987 -0.00157131 0.00101739 -0.00406807 -0.00256337 -0.00933877 -0.00622042 -0.000102261 9.07306e-06 -0.000162893 5.59582e-05 0.000400359
internal_weight=387498 208642 29508.3 10697.2 4549.47 178855 6147.77 1220.14 117841 61014.1 32972.8 4927.62 132.647 891.71 50.8777 840.832 274.123 566.709 210.168 356.542 138.932 190.999 148.581 42.4176 74.9125 28041.3 179134 38376.4 140758 14116.5
internal_count=1310959 698651 97994 35906 15307 612308 20599 1528 404241 208067 111991 19071 520 1115 63 1052 339 713 264 449 174 240 188 52 95 96076 600657 134370 466287 34915
is_linear=0
shrinkage=0.05


Tree=135
num_leaves=31
num_cat=1
split_feature=16 8 16 10 8 8 10 0 10 17 2 0 8 10 9 8 17 7 0 18 4 3 0 7 7 0 17 10 4 0
split_gain=0.719681 0.744009 0.536919 0.524744 0.589387 0.538904 0.583605 0.536009 0.490229 0.872327 0.487209 0.783508 0.79181 0.532734 0.630095 0.792345 0.521924 0.715369 0.484401 0.46761 0.9256 1.07209 0.541728 0.459356 0.451637 0.448972 0.444786 0.536014 0.657473 0.520334
threshold=0.97182285662211954 6.3741723047025554 0.68333810207629286 8.3382844508594918 8.6112298167715426 1.0000000180025095e-35 5.5423782493351199 94.500000000000014 7.9504083152704217 0.79178961920738422 0 127.50000000000001 5.4951148343168761 7.7029209498175364 4.3757372435704527 6.5475022567614491 0.64607191580427192 4.6298509007569537 53.500000000000007 1.0125000000000002 1.5000000000000002 1.0000000180025095e-35 57.500000000000007 3.4175922930736511 2.6735537653587351 20.500000000000004 0.64991817661828988 7.5525120388659799 2.5000000000000004 50.500000000000007
decision_type=2 2 2 2 2 2 2 2 2 2 1 2 2 2 2 2 2 2 2 2 2 2 2 2 2 2 2 2 2 2
left_child=2 18 3 4 5 23 24 -6 9 -3 -8 12 16 14 26 -16 17 -12 -2 -20 22 -22 -21 -1 -7 -4 -14 -28 29 -29
right_child=1 8 25 -5 7 6 10 -9 -10 -11 11 -13 13 -15 15 -17 -18 -19 19 20 21 -23 -24 -25 -26 -27 27 28 -30 -31
leaf_value=0.0016906301200668606 0.0029432018726631096 -0.0066327013557526543 -0.00026485649671074664 0.0090596383598647336 -0.0027647792194895396 -0.0061956325363526138 0.0023339807748765612 -0.01171370803527276 -0.00080342275171522775 -0.0031716195760456245 -0.0090523313005476651 -0.0079718034132843282 -0.0023991420325916294 -0.00046498888852951234 -0.0066077990678696701 -0.0066819171126588006 0.00088175383191104188 -0.0011832925640860666 0.0024258916041773855 -0.0031040334481365508 -0.0064403863350122256 0.0030379730676874748 0.0040267045596816776 0.0090120270228312149 -0.0015418360394104131 -5.9115412387011908e-06 0.0011775168427617918 -0.0039593884767680403 -0.0030264350315351825 -0.0047206230250038715
leaf_weight=2695.3239860460162 539.4365254342556 5.6139134466648128 2342.269002020359 235.456667765975 24.144772872328758 11.601857550442217 2045.8658385500312 8.3329967111349088 44.203313007950783 11.463137142360209 22.960481464862823 26.215483739972115 30.606294870376587 486.30600899457932 9.8884927481412905 13.280011981725691 2477.2798228785396 57.962498664855957 433.94196926057339 16.069772958755493 25.737441465258598 20.248944953083992 89.482128068804741 458.1201932951808 798.30243103951216 374874.94650219753 94.704675726592541 5.2079468369483966 19.837713204324245 6.9290343523025513
leaf_count=7267 1857 10 8247 523 71 33 5668 21 171 78 28 78 38 1321 32 34 6776 71 1754 28 36 32 133 1286 2310 1273622 327 19 73 25
internal_value=-1.09408e-06 0.0012286 -4.8657e-06 0.000365814 0.000306751 0.000330333 5.62442e-05 -0.00641708 -0.00413653 -0.0113315 0.000247369 -0.000133768 -6.41974e-05 -0.00159882 -0.00391894 -0.0116171 0.00033578 -0.00361568 0.00152087 0.000524942 -0.00186623 -0.00778646 0.000713073 0.000861132 -0.00119378 -1.42289e-05 -0.00278499 -0.00147806 -0.00707548 -0.0162418
internal_weight=387932 1186.2 386746 9528.33 9292.87 9260.39 6106.95 32.4778 61.2804 17.0771 5297.04 3251.18 3224.96 666.76 180.454 23.1685 2558.2 80.923 1124.92 585.48 151.538 45.9864 105.552 3153.44 809.904 377217 157.286 126.679 31.9747 12.137
internal_count=1311969 4099 1307870 26001 25478 25386 16833 92 259 88 14490 8822 8744 1869 548 66 6875 99 3840 1983 229 68 161 8553 2343 1281869 482 444 117 44
cat_boundaries=0 1
cat_threshold=18
is_linear=0
shrinkage=0.05


Tree=136
num_leaves=31
num_cat=0
split_feature=5 16 16 4 16 16 17 7 8 10 10 8 1 0 16 17 16 4 16 16 16 16 16 7 17 16 10 9 18 10
split_gain=0.73685 0.641382 0.598697 0.537951 0.617008 0.482398 1.85457 0.861991 1.07961 2.12286 3.06409 1.11335 1.73811 0.728061 0.717956 0.70618 0.980207 0.761856 0.992078 0.717659 0.710612 1.34581 1.28041 0.967522 0.703942 0.682721 1.53092 0.833914 0.769607 0.726704
threshold=0.37940952255126054 0.97182285662211954 0.88926421891343954 4.5000000000000009 0.86588849856005423 0.88779654317510448 0.70807993030371785 6.5139714008924194 4.4248287033199567 6.7769113658813378 6.6151282590507678 4.0689902272260703 901.50000000000011 113.50000000000001 0.91681818959512318 0.6657714024266651 0.86681196525373416 2.5000000000000004 0.86985364382818464 0.68333810207629286 0.82340483352627902 0.82537325419067853 0.82088808205360964 3.1132683346437333 0.76994110842690078 0.86308177560703947 0.031737426730471384 2.249904835165133 1.0125000000000002 0.0040779931159931546
decision_type=2 2 2 2 2 2 2 2 2 2 2 2 2 2 2 2 2 2 2 2 2 2 2 2 2 2 2 2 2 2
left_child=1 5 3 -2 -5 15 7 -7 9 10 -9 -11 -13 -10 -8 16 19 20 -19 -1 22 23 -17 -22 -23 -21 28 -28 -27 -30
right_child=2 -3 -4 4 -6 6 14 8 13 11 -12 12 -14 -15 -16 17 -18 18 -20 25 21 24 -24 -25 -26 26 27 -29 29 -31
leaf_value=0.00137766953536696 1.7723494282856357e-05 0.0019885597251199727 0.00039751704589244112 0.00030949253623986791 -0.00034122119159892065 0.00052438200549394969 -0.00052454391971623983 -0.00068365918328696653 0.00019324821663357848 0.001588966270114533 -0.0026129579499722076 -0.0020848636922503974 0.0054031908668536622 -0.0041321169992437207 -4.5684520185612648e-05 -2.5889410941821664e-05 0.00023091262009334592 0.00010436000462655769 -0.00017832934186352221 -0.00012172941785065159 -0.00048612559549957859 0.00014154259252026799 0.00089137974088643812 -0.00017901891541096673 -0.00013507398848644145 -0.0010109352992103472 -0.00039690105540437679 0.00087002807816927673 -0.0012596468398413168 -0.00090926970721612636
leaf_weight=3063.043471455574 104526.03418218717 726.54484138637781 5330.8041462376714 17990.867149632424 973.19380982220173 3071.8640401363373 5233.8073701485991 25.838867425918579 646.25550425052643 118.58020734786987 16.864792168140411 27.497879981994629 22.964135646820068 16.781159341335297 2054.7481586635113 33831.467875242233 4825.5977343916893 92523.127963963896 5953.2742408365011 83007.300846979022 1017.2114102616906 3765.0845828056335 1165.0865171477199 1352.7926114797592 15198.964558653533 21.664284825325012 1181.9914492368698 106.11149036884308 36.405253350734711 99.969323873519897
leaf_count=3839 349978 2594 18472 60562 3165 4213 24239 37 883 159 21 37 31 21 9633 172091 6109 434840 24530 104042 3218 6679 4257 5538 70953 33 1494 136 45 120
internal_value=-5.68787e-07 -4.91572e-05 9.71621e-05 7.47666e-05 0.00031977 -5.33286e-05 -0.000373755 0.000499232 -0.000885476 -0.00399371 -0.0139544 -0.00147744 -0.00769774 0.000107163 -0.000846465 -3.87622e-05 -0.000148194 2.65137e-05 0.000110405 -0.000186447 -0.000120144 -0.000347596 1.85118e-05 -0.00147095 -0.000207207 -0.000213715 -0.00129076 -0.000720932 -0.0059352 -0.00454452
internal_weight=387932 259111 128821 123490 18964.1 258384 11235.2 3946.65 874.783 211.746 42.7037 169.042 50.462 663.037 7288.56 247149 92342.1 154807 98476.4 87516.5 56330.6 21334.1 34996.6 2370 18964 84453.4 1446.14 1288.1 158.039 136.375
internal_count=1311969 879792 432177 413705 63727 877198 39274 5402 1189 285 58 227 68 904 33872 837924 115818 722106 459370 109709 262736 86388 176348 8756 77632 105870 1828 1630 198 165
is_linear=0
shrinkage=0.05


Tree=137
num_leaves=31
num_cat=1
split_feature=16 8 1 17 1 16 7 4 8 16 8 10 8 10 16 17 2 8 0 1 17 0 0 4 8 8 1 17 0 18
split_gain=0.521157 0.694494 0.663352 0.666224 0.487388 0.55159 0.515998 0.970253 0.749077 0.712786 0.547263 0.510972 0.624702 0.514572 0.510663 0.496086 0.445562 0.657712 0.431291 0.626449 0.848113 0.424398 0.417333 0.499628 0.541074 0.427159 0.507798 0.590847 0.5268 0.443103
threshold=0.97182285662211954 6.3741723047025554 532.50000000000011 0.68059376891959245 131.50000000000003 0.68333810207629286 5.1503930356556173 3.5000000000000004 4.297262267176281 0.7301030753069494 2.4414009612931857 8.3382844508594918 4.7405652883788738 6.4847746935035122 0.66451488603447284 0.65813547005910744 0 8.806355825888863 52.500000000000007 207.50000000000003 0.79012795506376243 20.500000000000004 61.500000000000007 4.5000000000000009 5.0072908000208587 7.6584635422148262 279.50000000000006 0.65306806413895013 44.500000000000007 1.0625000000000002
decision_type=2 2 2 2 2 2 2 2 2 2 2 2 2 2 2 2 1 2 2 2 2 2 2 2 2 2 2 2 2 2
left_child=4 18 3 -3 6 11 -1 14 9 -9 -11 12 13 -6 -8 -16 17 -14 -2 20 -20 -7 25 -24 -25 26 27 -18 -29 -27
right_child=1 2 -4 -5 5 21 7 8 -10 10 -12 -13 16 -15 15 -17 22 -19 19 -21 -22 -23 23 24 -26 29 -28 28 -30 -31
leaf_value=-0.00012184813863913152 0.0030080530057982544 -0.0015573348818766959 -0.00054963509516608728 -0.0020299066817791888 0.00026430489590138496 -0.00025470705484019544 -0.0025642586388117707 -0.0027055867405419106 -9.4859898626477491e-05 -0.0027344518571851338 -0.0012236826024201815 0.0085377729651031475 0.0018072475720272291 0.0023724488807877809 0.00095724934407176031 -0.00032613945244067762 -0.0023480684077303959 -0.0082866960716761074 -0.0034758810713691659 0.0016698654690290721 0.00063227195291077622 -3.0606754055861885e-06 -0.0034283601872590942 -0.0093531762306142616 0.0020970621528435384 -0.0026274264332292064 0.00095864097714111203 0.0044497086724033363 -0.001860305698922353 0.0093898455766884409
leaf_weight=1266.0608161240816 511.37931736558676 6.323011219501498 43.190842524170876 11.766509853303431 3597.3381994962692 2337.0416196137667 11.942512914538382 6.1912828013300887 22.804847817867994 8.2979069203138369 21.134617697447538 234.1974470987916 717.34018426388502 3842.6842643693089 51.202117681503296 171.78053820133209 12.711208045482634 10.946404598653315 22.652497708797455 557.57439940422773 33.310567662119865 373394.52138279006 376.28153861314058 8.4331891462206823 68.670946009457111 39.15240141749382 504.39234358817339 18.319684498012066 14.810880586504934 9.2863792181014997
leaf_count=3965 1770 9 183 67 9995 8228 27 14 99 30 85 520 2077 10248 64 738 16 31 30 1889 151 1268807 1038 22 189 125 1449 52 41 10
internal_value=5.66345e-07 0.001047 -0.00413653 -0.0121748 -2.64319e-06 9.28222e-07 -0.000884807 -0.0027743 -0.00854022 -0.0130699 -0.00982604 0.000378119 0.000319537 0.000520862 -0.00134024 -0.000800753 -0.000521795 0.000429705 0.00132937 0.000435561 -0.00460749 -8.56306e-06 -0.0011734 -0.00232889 0.00133783 -0.000317931 7.83406e-05 -0.00496009 -0.00144403 -0.00481933
internal_weight=387932 1186.2 61.2804 18.0895 386746 385186 1559.41 293.354 58.4287 35.6238 29.4325 9454.57 9220.37 7440.02 234.925 222.983 1780.35 728.287 1124.92 613.537 55.9631 375732 1052.06 453.386 77.1041 598.673 550.234 45.8418 33.1306 48.4388
internal_count=1311969 4099 259 76 1307870 1302848 5022 1057 228 129 115 25813 25293 20243 829 802 5050 2108 3840 2070 181 1277035 2942 1249 211 1693 1558 109 93 135
cat_boundaries=0 1
cat_threshold=18
is_linear=0
shrinkage=0.05


Tree=138
num_leaves=31
num_cat=0
split_feature=5 16 16 18 16 4 10 7 1 7 16 1 0 7 1 18 16 1 5 16 7 8 1 1 16 1 1 4 0 8
split_gain=0.650084 0.560967 0.554098 0.515947 0.567 0.733549 0.546578 1.1485 1.04058 0.823482 0.502466 0.481016 0.471813 0.519778 0.54289 0.541505 0.446157 0.744459 0.568281 0.567022 1.89382 1.74686 0.885412 1.7299 0.958763 0.451215 0.467505 0.755562 0.650857 0.431627
threshold=0.37940952255126054 0.97182285662211954 0.88926421891343954 1.0541666666666669 0.84373940648526213 1.5000000000000002 0.003017335621888714 3.1132683346437333 3109.5000000000005 1.0397207708399181 0.79060468980597221 131.50000000000003 51.500000000000007 10.791892978568784 1905.5000000000002 1.029166666666667 0.80630893588707153 131.50000000000003 0.91597561503675362 0.80172580346046063 8.2452532172996786 6.048552817139119 675.50000000000011 625.50000000000011 0.80530725634941192 976.50000000000011 1001.5000000000001 3.5000000000000004 49.500000000000007 7.1643335315572036
decision_type=2 2 2 2 2 2 2 2 2 2 2 2 2 2 2 2 2 2 2 2 2 2 2 2 2 2 2 2 2 2
left_child=1 11 3 4 12 29 7 8 10 -8 -5 -1 -2 -14 15 -15 17 18 -11 -19 22 -22 23 24 -21 -18 27 28 -27 -6
right_child=2 -3 -4 6 5 -7 9 -9 -10 16 -12 -13 13 14 -16 -17 25 19 -20 20 21 -23 -24 -25 -26 26 -28 -29 -30 -31
leaf_value=-0.00041783996151342003 -3.3656049503916209e-05 0.0018056384654125202 0.00037607096339157821 0.00031608577357706923 0.0008402151345861808 -0.00012901033863415361 0.001223604631644543 -0.0022318328559204994 -0.0033580850847124769 -0.0025593740230253383 -0.00026154889946679581 -2.6902178910395011e-05 0.00014737393086769747 -0.0012946532907667585 0.002464877524543298 -0.0022667365796792175 0.00037531884006590868 0.00017986916451591465 -0.00374932005600864 0.00041032978975761165 -0.0032728862798072677 -0.0021777730535093207 0.00037897699272125275 -0.001687879395660013 -0.0015838721140307038 0.0009427486888110931 0.00024338182246957108 -0.0014738569829702598 -0.001344759239192605 -0.0017699892016171748
leaf_weight=906.93300350382924 35865.515879772604 726.54484138637781 5330.8041462376714 132.45789732784033 1285.339387588203 16953.267291359603 1578.6991125717759 20.621790885925293 38.755521178245544 27.148993261158466 207.36230200529099 257477.36272647977 53150.377778690308 124.82853526622057 72.718154799193144 31.64968466758728 2306.7757234573364 7963.8594661802053 17.876252539455891 90.568323910236359 21.823622643947601 26.350460171699524 468.168441593647 30.582460522651672 35.403288900852203 26.059246599674225 2923.6057113409042 18.476120710372925 30.817177474498749 40.98651622235775
leaf_count=2962 135078 2594 18472 175 4119 58047 1788 22 41 32 223 874236 197231 524 251 41 2482 9550 22 98 23 28 504 33 38 28 3141 20 33 133
internal_value=1.45509e-06 -4.4183e-05 9.32517e-05 7.17065e-05 3.2325e-05 -0.000221373 0.000336935 -0.00148992 -0.000863985 0.000383785 2.12812e-05 -4.80842e-05 8.42885e-05 0.000178524 -0.00219744 -0.00385633 0.000261609 4.08536e-05 -0.00637173 7.42838e-05 -0.00131946 -0.0108716 -0.000582864 -0.00383799 -0.0012483 0.000622832 0.000218437 -0.00367012 -0.000816506 0.000911036
internal_weight=387932 259111 128821 123490 107525 18279.6 15965.4 399.198 378.576 15566.2 339.82 258384 89245.1 53379.6 229.196 156.478 13987.5 8681.78 45.0252 8636.76 672.897 48.1741 624.723 156.554 125.972 5305.73 2998.96 75.3525 56.8764 1326.33
internal_count=1311969 879792 432177 413705 395424 62299 18281 461 439 17820 398 877198 333125 198047 816 565 16032 10328 54 10274 724 51 673 169 136 5704 3222 81 61 4252
is_linear=0
shrinkage=0.05


Tree=139
num_leaves=31
num_cat=0
split_feature=5 6 10 16 16 1 8 17 16 16 16 9 8 16 16 16 16 6 16 1 1 5 16 8 17 16 1 1 8 1
split_gain=0.563876 0.516069 0.593477 0.735618 0.68655 0.482383 0.472639 0.455535 1.442 0.919926 1.15789 0.902015 1.21515 0.664433 0.690557 1.74619 1.4565 1.28226 1.23622 0.782886 0.999375 0.935403 1.27367 0.756107 1.14133 0.893923 0.744559 0.737968 0.718707 0.712787
threshold=0.12940952255126045 0.37940952255126048 5.8317312297695052 0.79735433676339496 0.89781489096933687 404.50000000000006 1.0000000180025095e-35 0.66690025027010624 0.86681196525373416 0.88779654317510448 0.91681818959512318 1.0000000180025095e-35 2.0126758453675748 0.68333810207629286 0.80800552371908407 0.80217785889642024 0.81327991938713906 0.98296291314453421 0.80263627494539491 1284.5000000000002 3109.5000000000005 -0.98296291314453399 0.80530725634941192 6.7816248409714861 0.64805509467998179 0.80368004095377399 942.50000000000011 3388.5000000000005 3.3140206880897671 2715.5000000000005
decision_type=2 2 2 2 2 2 2 2 2 2 2 2 2 2 2 2 2 2 2 2 2 2 2 2 2 2 2 2 2 2
left_child=7 -2 -3 5 6 -4 -5 8 13 -9 -11 -10 -13 -1 15 -15 -16 18 -17 23 -21 22 -22 25 -25 26 -20 -23 -28 -18
right_child=1 2 3 4 -6 -7 -8 9 11 10 -12 12 -14 14 16 17 29 -19 19 20 21 27 -24 24 -26 -27 28 -29 -30 -31
leaf_value=0.001255754489345476 1.1876399210507262e-05 9.3606447070279659e-06 -0.0002927334894811746 0.00059198914134901833 0.0019237964294443204 0.0012046698018817886 -8.4436977356026205e-05 1.874696760101949e-05 0.0003707365187288918 -0.0004142771492408083 0.00033810372298731381 -0.0039019970504975774 -0.0001308839399562535 -0.00020802989220036622 0.00080936851629279387 -0.0011562793009277782 -2.0173548644169401e-05 -0.0021505412789014086 0.0010533943775820863 0.00034127231138944423 -0.0039424932370096897 -0.0037877260428929001 -0.00058640011986310918 -0.0035566033143203629 -0.0011040016739076925 -0.00055186739033252536 -0.0013703149893803592 -0.00050305505814687433 0.0010318139978215035 -0.00052124669842865958
leaf_weight=2816.0170863866806 121246.77538938075 15780.473231345415 950.75323245301843 1718.5576517209411 679.46567621082067 8891.9539214447141 8528.3975394666195 133366.65126937628 5803.3530012965202 5145.8445536345243 2481.2596090435982 42.345598638057709 1798.8743141293526 44919.798266835511 3192.0657716989517 587.70767438411713 22084.97763133049 158.66734629869461 326.10594671964645 1375.3887001276016 21.182788014411926 64.340680062770844 25.635319173336029 15.25876599550247 58.612154126167297 1702.3310568332672 87.143116652965546 373.81527018547058 43.298638164997101 3644.688658118248
leaf_count=3566 405477 54610 3516 5034 2328 32779 26343 635126 7485 22410 10979 54 2291 56943 4068 747 28201 199 412 1745 26 82 32 19 78 2161 108 473 56 4621
internal_value=-1.66902e-07 7.26324e-05 0.000237323 0.000412946 0.00013052 0.000726469 2.84602e-05 -5.00831e-05 -0.000138554 5.85142e-06 -0.000528209 0.000518055 -0.000446189 -0.000200145 -0.000227154 -0.000340084 -3.28596e-05 -0.00124248 -0.00109264 -0.000784735 -2.71809e-05 -0.00197877 -0.00869642 -0.00141594 -0.00639009 -0.00124574 0.000718909 -0.00126097 -0.00247371 -0.000157837
internal_weight=387932 157796 36549.6 20769.1 10926.4 9842.71 10247 230135 89141.6 140994 7627.1 7644.57 1841.22 81497 78681 49759.3 28921.7 4839.49 4680.82 4093.11 1860.36 484.974 46.8181 2232.75 73.8709 2158.88 456.548 438.156 130.442 25729.7
internal_count=1311969 530087 124610 70000 33705 36295 31377 781882 113367 668515 33389 9830 2345 103537 99971 63081 36890 6138 5939 5192 2358 613 58 2834 97 2737 576 555 164 32822
is_linear=0
shrinkage=0.05


Tree=140
num_leaves=31
num_cat=0
split_feature=10 10 10 1 10 1 17 1 16 0 4 16 9 17 5 17 10 1 17 16 1 0 6 1 9 17 17 5 5 17
split_gain=0.681531 0.445692 0.860455 0.868772 0.771568 0.498914 0.478195 0.675977 0.470473 0.456423 0.441677 0.549225 0.439359 0.705836 0.617513 0.491143 0.435407 0.538795 0.485026 0.536659 0.585473 0.444591 0.426221 0.653734 0.625699 0.554508 0.750518 0.44891 0.420357 0.889307
threshold=8.2180314916043535 0.098905681065719467 0.013072537315072533 1640.5000000000002 3.7773518332709832 1599.5000000000002 0.65185921791924917 1443.5000000000002 0.73897713012189381 117.50000000000001 4.5000000000000009 0.861421261414552 0.89587973461402759 0.65737091758083455 0.37940952255126054 0.64725493382190846 0.0040779931159931546 1383.5000000000002 0.64607191580427192 0.75883232982744986 718.50000000000011 112.50000000000001 0.60355339059327384 1115.5000000000002 1.0000000180025095e-35 0.66507504340750978 0.65232474344564295 -1.0000000180025095e-35 -0.9159756150367534 0.66847687381717125
decision_type=2 2 2 2 2 2 2 2 2 2 2 2 2 2 2 2 2 2 2 2 2 2 2 2 2 2 2 2 2 2
left_child=1 2 5 -4 8 6 7 16 12 -10 -6 22 15 -14 28 -3 17 18 19 20 -1 -20 -12 24 -24 26 -26 -25 -15 -30
right_child=-2 4 3 -5 10 -7 -8 -9 9 -11 11 -13 13 14 -16 -17 -18 -19 21 -21 -22 -23 23 27 25 -27 -28 -29 29 -31
leaf_value=-0.00097422883502849833 0.00024379380451200057 -0.0024515417823794505 3.8130007018802317e-05 0.00087644956609459065 -3.094995905491144e-05 -0.00023700575034222779 -9.4714727099081547e-06 0.001978989287064338 -0.00010581782370547023 0.00043604285239288168 8.6141225886830766e-05 -0.00019392038521635901 0.0047117905140921781 -0.0045441706163334124 -0.00068255721555174483 -0.000666041932878525 0.00036007883007196619 -0.0015756907748420473 9.4748585975737437e-05 -0.00072995683371212747 -0.0031585699748670031 -0.0018862531388144797 0.00014509485090086137 0.00051577760751616295 -0.0012916810580219729 -0.0008281000556146803 -0.0031079117134054004 0.0024015272420171044 -0.0077619876819312239 -0.0012527056731602656
leaf_weight=26.287395179271698 15985.302379667759 245.42527252435684 8729.0484424866736 6697.3697484657168 238020.28618963435 8449.2272668965161 21285.37013444677 237.78599107265472 35903.747740551829 1084.3913754485548 33274.374085213989 3710.5707241818309 19.909202396869659 7.4344371333718291 18.130467168986797 2679.866834320128 2606.6814240813255 32.3660768866539 1236.6059889793396 129.0404337644577 16.412002742290497 28.789371252059937 1806.0023116581142 2668.255943313241 98.481602072715759 428.01712311804295 100.0638679265976 2261.0741352327168 8.0332943797111529 16.537953436374664
leaf_count=32 45694 303 29256 22741 809850 29244 81601 298 126427 3617 112277 12358 24 19 62 7006 3272 41 1560 158 20 37 6085 9275 123 2105 126 7794 10 74
internal_value=-1.89178e-05 -3.26611e-05 0.000107069 0.000416852 -5.41072e-05 -3.32851e-05 7.6673e-05 0.000556694 -0.000259677 -0.000210869 -2.49982e-05 0.000119876 -0.000862383 -0.00477576 -0.00793865 -0.000768678 0.000405525 -0.000282731 -0.000139053 -0.00263239 -0.00749127 0.000199344 0.000173047 0.000517311 -0.000153403 -0.00151484 -0.00369879 0.0008483 -0.0121151 -0.015267
internal_weight=387811 371826 49475 15426.4 322351 34048.6 25599.3 4313.97 39983.5 36988.1 282367 44346.8 2995.34 70.0454 50.1362 2925.29 4076.18 1469.5 1437.14 171.74 42.6994 1265.4 40636.3 7361.89 2432.56 626.563 198.545 4929.33 32.0057 24.5712
internal_count=1311489 1265795 168260 51997 1097535 116263 87019 5418 137542 130044 959993 150143 7498 189 165 7309 5120 1848 1807 210 52 1597 137785 25508 8439 2354 249 17069 103 84
is_linear=0
shrinkage=0.05


Tree=141
num_leaves=31
num_cat=0
split_feature=10 9 8 8 8 8 4 9 9 3 17 0 0 5 5 0 18 0 17 17 4 6 10 9 8 17 0 6 17 6
split_gain=0.674597 0.647126 1.22039 1.17054 0.528932 0.734872 0.856989 0.87251 2.19114 1.00768 0.592832 0.488955 0.906509 0.445708 0.459835 0.754025 1.12757 0.505733 0.518271 0.429619 0.587728 0.431174 0.487938 0.410688 0.541741 0.387902 0.616164 0.423029 0.416975 0.387388
threshold=8.0036029533214368 6.0246567833931746 5.4315338162543414 5.3821962081647756 3.4175922930736511 3.5114340430413216 1.5000000000000002 1.0000000180025095e-35 0.89587973461402759 1.0000000180025095e-35 0.79533859574686161 51.500000000000007 62.500000000000007 -0.37940952255126059 -0.78656609248549292 41.500000000000007 1.029166666666667 60.500000000000007 0.79404319816026503 0.79503801513153072 2.5000000000000004 -0.9159756150367534 7.7301819049598004 9.1577379747513508 7.3849206531217746 0.66197798957202592 89.500000000000014 1.0000000180025095e-35 0.66164817016019506 0.37940952255126048
decision_type=2 2 2 2 2 2 2 2 2 2 2 2 2 2 2 2 2 2 2 2 2 2 2 2 2 2 2 2 2 2
left_child=4 -2 3 -3 19 6 7 13 9 -9 11 -11 -13 14 29 -16 17 18 -17 -1 -21 -22 -23 -7 -25 26 28 -28 -8 -6
right_child=1 2 -4 -5 5 23 25 8 -10 10 -12 12 -14 -15 15 16 -18 -19 -20 20 21 22 -24 24 -26 -27 27 -29 -30 -31
leaf_value=1.88480670137145e-05 0.00017045885655002924 -0.002929813381754551 -0.00052048728855081489 -0.0053395133281735931 0.0011049530276804158 -6.699790832679908e-05 -0.00071738543152511942 -0.0026763891442460833 -6.9843485816675072e-05 -0.0019558084431664942 -0.00066593056320684717 -0.0036160545580200439 -0.0023394068735157272 8.7874610816277013e-05 0.00013804050254261348 -0.0022593826339573886 -0.0030377544569034371 8.1095838383440236e-05 -0.0026458814222435063 -0.00013329461633080665 -0.00019498740394857661 1.8724807253817088e-05 0.00084207089050831888 -0.0099706339838643143 -0.0010643666060254052 -0.00014947026270850929 -0.00062733094123273514 -0.0022957426337553086 -0.0023819448225219243 -0.0019573902678841847
leaf_weight=176594.50546412915 44507.426183592528 14.448937099426987 958.44040080159903 7.9407760128378859 38.575687009841204 80675.543014861643 772.97591310739517 11.129610039293764 67.058375246822834 14.158791139721869 14.237924214452503 11.221575170755388 15.429080381989477 124.13380201533437 14.721976079046724 4.472118973732 7.5861352682113639 11.834308281540869 6.0681306123733521 30685.389203466475 8376.5553254038095 39926.24524352327 2371.3837786801159 5.1468196734786016 6.6320133693516254 2435.8272448256612 50.83638471364975 41.782075941562653 26.86107736825943 12.321844629943369
leaf_count=334061 137907 46 3249 15 141 293158 970 34 250 26 92 20 24 467 45 13 9 52 33 199411 53490 261623 15489 17 34 10623 64 52 31 43
internal_value=-1.82729e-05 0.000162632 -0.00110775 -0.0126471 -4.23117e-05 -0.000150988 -0.00084185 -0.00318454 -0.00637695 -0.0128315 -0.0100573 -0.0131221 -0.0171113 -0.00124865 -0.00381507 -0.00751647 -0.0120695 -0.00642145 -0.0143867 -6.76733e-06 -0.000101833 2.74141e-06 6.76463e-05 -0.000119468 -0.00945508 -0.000593418 -0.00148518 -0.00534598 -0.00103812 -0.000565637
internal_weight=387811 45488.3 980.83 22.3897 342323 84368.6 3681.23 352.949 133.235 66.177 55.0474 40.8094 26.6507 219.714 95.5802 44.6827 29.9607 22.3746 10.5402 257954 81359.6 50674.2 42297.6 80687.3 11.7788 3328.28 892.455 92.6185 799.837 50.8975
internal_count=1311489 141217 3310 61 1170272 306198 12989 1249 446 196 162 70 44 803 336 152 107 98 46 864074 530013 330602 277112 293209 51 11740 1117 116 1001 184
is_linear=0
shrinkage=0.05


Tree=142
num_leaves=31
num_cat=0
split_feature=1 0 16 8 1 9 18 8 8 16 3 17 6 12 17 0 6 1 17 16 18 8 16 16 16 16 1 16 3 1
split_gain=0.373017 0.525122 0.432093 0.682299 1.10725 0.446137 0.563696 0.353595 0.455108 0.45567 0.381501 0.534008 0.684836 0.422332 0.698372 0.646082 0.40798 0.891822 0.492661 0.363703 0.732327 0.345657 0.339555 0.648748 1.14063 1.58705 0.738928 1.01937 0.756625 1.79909
threshold=157.50000000000003 143.50000000000003 0.9461910594647257 7.7896613911804815 396.50000000000006 3.3497501700808394 0.99583333333333346 6.6405290017835643 6.5964631079239817 0.80117091351823222 1.0000000180025095e-35 0.64867302866654353 -0.78656609248549325 1.0000000180025095e-35 0.66268314391858796 65.500000000000014 0.60355339059327384 131.50000000000003 0.79305997254976279 0.79735433676339496 1.0791666666666668 1.7005986908310777 0.83375273960117646 0.81759950385457481 0.82340483352627902 0.82537325419067853 3454.5000000000005 0.8127814019877837 1.0000000180025095e-35 1171.5000000000002
decision_type=2 2 2 2 2 2 2 2 2 2 2 2 2 2 2 2 2 2 2 2 2 2 2 2 2 2 2 2 2 2
left_child=1 7 22 -4 -5 6 -6 8 9 10 11 12 -1 19 -15 -16 -12 18 -18 -13 -21 -14 23 26 -25 -26 28 -28 29 -2
right_child=2 -3 3 4 5 -7 -8 -9 -10 -11 16 13 21 14 15 -17 17 -19 -20 20 -22 -23 -24 24 25 -27 27 -29 -30 -31
leaf_value=0.0024218072875453315 3.0821112740029438e-05 -0.0039454728601637373 0.0010083401273744575 -0.0015195781389660667 0.0060965600569361849 0.004590289229697707 -0.0030274710834296125 0.00020161021662422316 -0.00012474820994840766 3.1118926224878163e-05 -0.00085635172372648498 -0.0001104872935865706 -0.0012312962177835577 0.00013173795310940443 -0.0019779734349702183 -0.002260883961441253 -0.0015478262322379994 -0.00020907203685667961 -0.00070649026859599608 -0.0004893297934394921 -0.0035618427785666738 -0.0008883955494580865 -4.0000727173025723e-05 0.00028498225901344261 -0.00022990626568377486 0.00010239625763738339 0.00045536215988443431 -0.00074014588016112779 -6.8284538815292783e-05 0.0025427270737243979
leaf_weight=54.168102860450745 34611.895276874304 10.182707488536833 2263.5072299093008 4.01358389109373 5.428229823708536 20.189536236226559 5.6233820617198944 72.40808367356658 6.1588411405682555 1544.5531728640199 121.57777757570148 1261.4353803768754 85.951317608356476 8.6287223100662249 13.522244449704887 4.9125513695180407 4.6255165338516235 15.027448691427708 5.8077127560973167 56.541665703058243 8.6112045049667341 41.923074305057526 100274.07209253311 16306.277707777917 7325.4705457985401 20847.62672688067 26458.435570821166 1829.5462787970901 171108.32203202695 3434.4454979896545
leaf_count=67 118323 31 7831 13 28 79 14 271 20 4707 460 4636 106 11 70 25 7 70 33 181 9 52 324441 50706 23562 64784 91619 5260 602166 11907
internal_value=-1.77742e-05 -0.000545806 -1.32202e-05 0.000670234 -0.00623204 -0.003056 -0.0111319 -0.000510885 -0.000588268 -0.000562354 -0.00113156 -0.000898606 -0.00344109 -0.000556686 -0.00673997 -0.0122351 -0.00356459 -0.00931987 -0.0205506 -0.000430542 -0.00407339 -0.00543707 -1.73309e-05 1.07759e-05 0.00018602 -6.60989e-06 -2.20521e-05 0.00021779 -5.44904e-05 0.000147186
internal_weight=387811 3316.04 384495 2298.76 35.2547 31.2411 11.0516 3305.85 3233.44 3227.29 1682.73 1535.69 182.042 1353.65 27.0635 18.4348 147.038 25.4607 10.4332 1326.59 65.1529 127.874 382196 281922 44479.4 28173.1 237443 28288 209155 38046.3
internal_count=1311489 10756 1300733 7965 134 121 42 10725 10454 10434 5727 5157 225 4932 106 95 570 110 40 4826 190 158 1292768 968327 139052 88346 829275 96879 732396 130230
is_linear=0
shrinkage=0.05


Tree=143
num_leaves=31
num_cat=0
split_feature=10 7 7 8 1 8 1 16 7 8 18 8 4 16 10 1 5 8 1 18 1 8 18 1 16 5 7 10 8 8
split_gain=0.590137 0.590335 0.395402 0.477984 1.17712 0.76518 2.10477 0.388715 0.752646 4.44774 0.486133 0.411743 0.407845 0.628526 0.544887 0.894283 0.65855 0.753553 0.697189 1.31319 0.602659 0.923353 0.983756 0.483947 0.480532 0.540498 0.469642 0.481821 0.453991 0.766841
threshold=8.2180314916043535 7.9863348994433627 9.1834315540998528 2.740319461670996 157.50000000000003 2.602003343538398 412.50000000000006 0.9461910594647257 7.3997038002470239 2.0126758453675748 1.0458333333333336 3.6762205501217919 4.5000000000000009 0.85153679219563605 7.5660670078195009 444.50000000000006 -0.60355339059327362 1.2424533248940002 207.50000000000003 1.0125000000000002 371.50000000000006 4.1971736807086968 1.0125000000000002 1533.5000000000002 0.78158162722824287 0.98296291314453421 6.2662508806395367 7.6223308322881023 3.795426061844291 4.1510089048756029
decision_type=2 2 2 2 2 2 2 2 2 2 2 2 2 2 2 2 2 2 2 2 2 2 2 2 2 2 2 2 2 2
left_child=1 7 3 4 -2 -6 -7 12 -9 -10 11 -11 -1 14 -14 16 17 -16 19 -19 -20 22 -22 -17 25 26 -18 -28 -29 -30
right_child=2 -3 -4 -5 5 6 -8 8 9 10 -12 -13 13 -15 15 23 24 18 20 -21 21 -23 -24 -25 -26 -27 27 28 29 -31
leaf_value=-2.3606536499222452e-05 -0.0016994261763628865 -0.00016688023630427181 -6.4719626855327955e-05 0.00049694461963054471 0.00013604319176519115 -0.0045533152525127516 -0.0020816231595469693 0.0012250866661178183 -0.0050776725634584276 -0.0056806920090281092 -0.003261010374709627 0.0013262913808613323 8.4857108799717165e-05 -0.00013107372624186764 0.0048208255413014142 0.00026866691190198939 0.0027917032068760731 -0.0012059384024014604 -0.0012409841210500436 -0.004920821560522412 -0.0023326575404071042 -0.0011963718528363008 -0.00462588715037283 0.0021034180571884386 0.0024280358668156586 -0.0056878890781795494 -0.0028759912950949737 0.0049328731707425676 -0.0052763110985749847 -0.0014129552549349536
leaf_weight=295354.17816463858 10.752581402659414 20533.826180554926 5180.2980956993997 9589.1071376241744 1066.7690790183842 14.856787405908106 123.51869851723313 1954.0402224436402 6.3134328052401534 5.3227656260132781 6.7504062652587882 66.642576701939106 39268.417929966003 6612.7003017738461 32.933441381901503 3370.2541722394526 122.80743576213717 7.6991419643163663 57.465041819959879 6.6980976462364197 11.965955302119257 16.549124617129564 13.819368734955786 4164.6044231280684 133.63450311869383 16.752731446176767 5.8059499450027934 14.805966060608624 5.2674359232187262 36.332066100090742
leaf_count=999084 31 77063 16055 26473 2793 35 307 6760 23 24 8 269 134258 21765 114 11275 409 38 190 8 58 51 18 13730 403 51 16 46 16 118
internal_value=-1.68212e-05 -2.96099e-05 0.00028065 0.000452835 -0.000481075 -0.000334125 -0.00383227 -1.43781e-05 0.000673966 -0.00393106 -0.000692459 0.000510969 -1.83969e-05 0.000108086 0.000171937 0.000547569 -0.00153915 -0.00432806 -0.00624968 -0.0165356 -0.00476581 -0.00929267 -0.0152084 0.000681203 -0.000315758 -0.00185595 -0.00107725 -0.00461659 -0.00320485 -0.00588098
internal_weight=387811 371826 15985.3 10805 1215.9 1205.14 138.375 351292 2039.07 85.0292 78.7157 71.9653 349253 53898.5 47285.8 8017.39 482.536 147.13 114.197 14.3972 99.7995 42.3344 25.7853 7534.86 335.406 201.772 185.019 62.2114 56.4055 41.5995
internal_count=1311489 1265795 45694 29639 3166 3135 342 1188732 7084 324 301 293 1181648 182564 160799 26541 1536 477 363 46 317 127 76 25005 1059 656 605 196 180 134
is_linear=0
shrinkage=0.05


Tree=144
num_leaves=31
num_cat=0
split_feature=10 7 1 9 8 1 1 9 8 10 1 10 0 1 1 10 0 8 8 18 17 1 8 9 8 5 18 18 17 7
split_gain=0.565535 0.844049 0.636093 0.653622 1.40956 1.19114 0.500996 0.571214 0.862126 0.529925 0.602474 0.875914 0.854991 0.840223 0.470803 0.60432 0.534377 0.458513 0.4437 0.441967 0.439651 0.422847 0.816288 0.414357 0.408262 0.643086 0.630568 0.395792 0.395524 0.375717
threshold=8.0036029533214368 7.8933854715247564 4606.5000000000009 6.0246567833931746 5.4315338162543414 1481.5000000000002 497.50000000000006 6.5991897639136772 6.1601513550935056 8.3382844508594918 909.50000000000011 8.2691911923319328 59.500000000000007 854.50000000000011 569.50000000000011 8.4036835615819729 99.500000000000014 8.0173072902757028 4.4716224665663962 1.0625000000000002 0.6484252398823479 257.50000000000006 2.6735537653587351 3.3842466058243152 8.336749862461053 0.98296291314453421 1.0458333333333336 0.90416666666666679 0.69355307585676318 5.8847132099692177
decision_type=2 2 2 2 2 2 2 2 2 2 2 2 2 2 2 2 2 2 2 2 2 2 2 2 2 2 2 2 2 2
left_child=1 27 3 14 5 -5 -6 8 -8 10 11 13 -13 -9 16 18 23 -17 -16 -19 -20 22 -18 29 25 -10 28 -1 -26 -2
right_child=2 -3 -4 4 6 -7 7 9 24 -11 -12 12 -14 -15 15 17 21 19 20 -21 -22 -23 -24 -25 26 -27 -28 -29 -30 -31
leaf_value=-0.00016684591634628378 0.0003466266046460137 -0.0002284731243387475 0.0022479448888200987 -0.0038752965321187036 0.00084974961630153488 0.00088674376714032723 -0.0082108182046955244 0.00018241935040051521 -0.00056338539247259816 0.0028592816086198056 0.00021454854057099474 -0.00099642351615097566 -0.0015789051419471891 -0.001963239169175427 0.00036022280134994229 0.0018679947828777585 -0.0017237695670722182 -0.0021667755139844285 -0.0006413024355065224 0.017977754440629764 7.6197723851644669e-05 -0.00096178857976271211 -0.00085776096496856041 0.00028373687034548289 0.0062945655765355105 -0.0044551864080133192 -0.0029901742990597851 -7.4335122133950555e-06 -0.0017318533937483258 -0.00026165013293413792
leaf_weight=12075.130738280714 1473.2400637641549 12821.958257228136 2546.5584127940238 12.173657890409233 87.724324818700552 8.4933365359902364 14.755595430731772 44.575812235474586 287.91175080090761 91.732567008584738 248.44058404117823 8.9977701157331484 10.175938121974466 7.032329235225915 13122.309044081718 1618.9285750128329 10.087597757577894 131.95492228865623 1532.7087349891663 22.395501255989075 18104.177474047989 239.17602147907019 29.592422235757113 1283.2731771096587 14.963939845561979 8.1609064489603025 32.673867285251617 317425.54392261803 55.090387441217899 4440.9515834338963
leaf_count=158366 4163 49384 7574 33 291 23 41 173 1005 264 906 26 25 24 39078 3524 23 343 1896 24 62310 731 89 4176 23 27 39 962522 239 14147
internal_value=-1.6688e-05 -3.8698e-05 0.000148949 0.000103417 -0.0012056 -0.0141181 -0.000913065 -0.00129527 -0.00260717 2.49358e-05 -0.000937552 -0.00500707 -0.0141323 -0.0016168 0.000132487 0.000210371 -0.000227254 0.00110939 0.000161707 -0.00149447 1.12828e-05 -0.00237483 -0.00715502 -0.000144048 -0.00216804 -0.0012257 -0.00488395 -2.32104e-05 -0.00220865 -0.000320766
internal_weight=387811 342323 45488.3 42941.7 932.903 20.667 912.236 824.511 413.556 410.955 319.222 70.7818 19.1737 51.6081 42008.8 34532.5 7476.32 1773.28 32759.2 154.35 19636.9 278.856 39.68 7197.46 398.801 296.073 102.728 329501 70.0543 5914.19
internal_count=1311489 1170272 141217 133643 3139 56 3083 2792 1374 1418 1154 248 51 197 130504 107175 23329 3891 103284 367 64206 843 112 22486 1333 1032 301 1120888 262 18310
is_linear=0
shrinkage=0.05


Tree=145
num_leaves=31
num_cat=0
split_feature=1 1 7 16 6 9 4 9 16 0 10 16 7 0 10 4 16 18 16 1 16 16 0 4 16 18 5 0 7 7
split_gain=0.645319 0.535121 1.00878 0.843611 1.87522 1.3562 1.46748 0.778211 0.677319 0.605422 0.560173 0.704706 0.807904 0.553469 0.513964 0.541469 1.21847 1.58587 0.478383 0.641297 0.657624 0.581687 0.639503 0.48639 1.19482 0.750469 0.493815 0.596638 0.46819 0.602341
threshold=8480.5000000000018 317.50000000000006 5.1149908003866509 0.92481023624323644 0.1294095225512602 1.2424533248940002 1.5000000000000002 4.1820210059610323 0.7355916861827595 58.500000000000007 6.8352287666851659 0.7355916861827595 10.297790450505167 23.500000000000004 8.0137018983129114 4.5000000000000009 0.71843582945990481 1.0458333333333336 0.76654570564470936 2477.5000000000005 0.91681818959512318 0.76640384685231278 53.500000000000007 1.5000000000000002 0.84575235855813069 1.0791666666666668 -0.78656609248549292 59.500000000000007 5.8362705921142739 6.0198082819228818
decision_type=2 2 2 2 2 2 2 2 2 2 2 2 2 2 2 2 2 2 2 2 2 2 2 2 2 2 2 2 2 2
left_child=1 2 -1 8 7 6 -6 -5 14 -10 18 12 -12 -13 15 28 -17 -18 21 -20 23 22 -3 24 25 -21 27 -27 -4 -30
right_child=-2 10 3 4 5 -7 -8 -9 9 -11 11 13 -14 -15 -16 16 17 -19 19 20 -22 -23 -24 -25 -26 26 -28 -29 29 -31
leaf_value=-2.1127231757137738e-05 0.00073346917572659348 -0.00034125833272771955 6.2499699197521305e-05 2.0100704390070558e-05 -0.0024340995225119776 -0.00011731571981946354 -0.0051665091130769364 -0.0027067025415747031 -5.3136805022956791e-06 -0.00035381743230315202 0.00089508184028985478 -0.00049531680723920027 -0.0019897289391268636 3.9610700725117859e-05 -0.0002494779993944008 -0.0019909068691627749 -0.0031484916371343238 -0.0027318200547295553 1.9199587535612823e-05 -0.00078038091313789798 0.0036380858646752226 -0.00028743572005453 0.00010429957682111663 -0.00014300710523836233 0.0019220626034393571 0.0025997771875822953 0.0021870279951464434 -0.00184412593968089 -0.0022414920623142561 -0.00084242376954955138
leaf_weight=18376.632346812636 7054.8875639289618 17320.264151640236 123.87056802213192 116.01994986832142 16.177562989294529 18.803715206682682 24.13008850812912 8.0454723089933378 2920.816586650908 1820.4958176538348 17595.066205009818 1385.054703630507 368.21652591228485 132899.73000769317 319.45064019411802 37.06731665879488 13.623545765876772 12.387063860893248 129593.52966014296 1674.5933738350868 194.54277019202709 8015.154597658664 21198.603183940053 25730.984841570258 272.0234987065196 22.799395978450775 110.41456854343414 21.016900300979614 44.8825778439641 341.52865479886532
leaf_count=59674 23717 43727 334 411 58 72 69 26 10802 6808 43718 4988 907 461643 727 90 45 15 390453 5310 698 123592 52969 78476 777 24 116 22 115 914
internal_value=3.16877e-06 -5.61438e-06 -0.000233166 -0.000807001 -0.00414632 -0.0114754 -0.0166482 -0.000654348 -0.000698433 -0.000460539 9.83273e-06 8.24206e-05 0.000376536 4.30767e-05 -0.00196178 -0.00285724 -0.00722752 -0.0155234 -4.42998e-05 -2.71265e-06 -0.000219584 -0.000185164 -0.000104524 -0.000239833 -0.000971347 -0.00143122 0.00190626 -0.00258493 -0.00231701 -0.00317451
internal_weight=387651 380596 24193.9 5817.3 183.177 59.1114 40.3077 124.065 5634.12 4741.31 356402 152248 17963.3 134285 892.81 573.36 63.0779 26.0106 204154 157620 28026.4 46534 38518.9 27831.8 2100.85 1828.82 154.231 43.8163 510.282 386.411
internal_count=1311297 1287580 80160 20486 636 199 127 437 19850 17610 1207420 511256 44625 466631 2240 1513 150 60 696164 475876 85423 220288 96696 84725 6249 5472 162 46 1363 1029
is_linear=0
shrinkage=0.05


Tree=146
num_leaves=31
num_cat=0
split_feature=1 1 7 16 4 3 16 1 16 1 16 1 18 16 7 4 16 17 7 16 9 17 9 16 17 4 16 7 7 16
split_gain=0.55744 0.465122 0.859502 0.76415 0.945917 0.67254 0.698897 1.181 1.16705 0.754352 0.772232 0.601097 0.972671 0.578767 0.541938 0.602048 1.37033 0.787089 1.24077 0.520225 0.499619 0.505319 0.522335 0.536205 0.987662 0.863974 1.00962 0.64754 0.58106 0.550419
threshold=8480.5000000000018 317.50000000000006 5.1149908003866509 0.9461910594647257 1.5000000000000002 1.0000000180025095e-35 0.83523104476989685 1171.5000000000002 0.89302366647559417 1010.5000000000001 0.85472328363330063 2917.5000000000005 1.0625000000000002 0.85570644998864431 4.7578820629520608 1.5000000000000002 0.83813577384133187 0.64607191580427192 2.524928003624769 0.73379547857688465 2.6735537653587351 0.79479450174106792 0.89587973461402759 0.86681196525373416 0.68059376891959245 3.5000000000000004 0.93504912530908568 5.0968083143154814 6.6073254057471518 0.86308177560703947
decision_type=2 2 2 2 2 2 2 2 2 2 2 2 2 2 2 2 2 2 2 2 2 2 2 2 2 2 2 2 2 2
left_child=1 2 -1 19 -5 6 7 -3 9 14 -11 13 -13 -12 15 16 -8 18 -17 -4 21 22 23 29 25 26 -25 -28 -26 -7
right_child=-2 5 3 4 -6 20 8 -9 -10 10 11 12 -14 -15 -16 17 -18 -19 -20 -21 -22 -23 -24 24 28 -27 27 -29 -30 -31
leaf_value=-2.0070870169280886e-05 0.00069679571694026415 0.00019726836186249042 -0.00083452670095874942 -0.0002651398766222628 -0.0038864422946941705 -1.3599808031367067e-06 -0.0021837612390140509 0.0022094207400432456 0.0011253853127647527 -8.8182923773884322e-05 -0.0017995812052931355 -0.0024400201501287261 -0.0036818517497829088 -0.00091478112149863541 0.00064995594925836009 -0.0031950533558418232 0.0019432535725887907 -0.00041061943316786435 -0.0021155641031761585 -0.00016043233457745543 -0.00013421874343676963 -5.3970405500707035e-05 0.00016352472550183045 0.00057893576552327589 -1.6784170165443092e-07 -6.3696098670087273e-05 2.5202037770608035e-06 -0.0018766968610738827 -0.0004861076392176596 -0.00020554583413765344
leaf_weight=18376.632346812636 7054.8875639289618 29010.842721465975 847.64010798186064 69.428155854344368 37.984069533646107 145037.73660878092 74.615090042352676 4072.8418937288225 2657.7515720278025 711.3063470646739 60.56000042706728 93.030065774917603 14.074852287769316 980.55340442806482 1713.741928063333 24.509075701236725 517.78966358304024 3409.0430883169174 36.87246298789978 4862.2472269609571 26824.848999526352 93068.831112466753 29328.924127541482 5528.7475742101669 7192.5806125849485 2252.0399507284164 401.35012668371201 159.84008759260178 518.37098407745361 2711.1920346617699
leaf_count=59674 23717 98895 2135 244 145 268347 273 13958 9124 2175 181 285 15 3009 5665 30 1525 10861 45 17962 93635 606117 55417 7318 20343 2986 528 207 1460 5021
internal_value=3.92067e-06 -4.24255e-06 -0.00021639 -0.000746069 -0.00492423 1.01588e-05 0.000194667 0.000306618 -0.000165134 -0.000479219 -0.00135512 -0.00215709 -0.00572386 -0.00179016 -0.000197259 -0.000511794 0.000961378 -0.000763265 -0.00637488 -0.000667471 -1.54095e-05 3.92953e-06 5.00501e-05 1.52559e-05 0.000289705 0.00066677 0.000976204 -0.00104449 -0.000118218 -1.4563e-05
internal_weight=387651 380596 24193.9 5817.3 107.412 356402 43377.5 33083.7 10293.8 7636.1 1859.52 1148.22 107.105 1041.11 5776.57 4062.83 592.405 3470.42 61.3815 5709.89 313024 286200 193131 163802 16052.9 8341.98 6089.94 561.19 7710.95 147749
internal_count=1311297 1287580 80160 20486 389 1207420 146041 112853 33188 24064 5665 3490 300 3190 18399 12734 1798 10936 75 20097 1061379 967744 361627 306210 32842 11039 8053 735 21803 273368
is_linear=0
shrinkage=0.05


Tree=147
num_leaves=31
num_cat=0
split_feature=1 16 7 16 6 1 7 3 0 16 16 1 1 16 1 18 16 0 16 4 6 9 18 16 9 7 16 17 0 1
split_gain=0.522582 0.446979 0.42031 0.483895 0.444854 0.41492 0.792165 0.628001 0.613573 0.603306 1.06551 1.05121 0.70827 0.697877 0.614392 0.972282 0.556189 0.523946 0.452242 0.749554 0.452591 0.450078 0.4914 0.77388 0.520017 0.523867 0.50443 0.50532 0.478006 0.542057
threshold=6360.5000000000009 0.69056601514900129 3.5972184255501678 0.84649134540172921 0.98296291314453421 317.50000000000006 5.2496487501035594 1.0000000180025095e-35 52.500000000000007 0.83523104476989685 0.89302366647559417 1455.5000000000002 1010.5000000000001 0.85472328363330063 2917.5000000000005 1.0625000000000002 0.85570644998864431 18.500000000000004 0.9461910594647257 1.5000000000000002 0.37940952255126048 2.6735537653587351 0.97083333333333344 0.76654570564470936 1.4978661367769956 6.2662508806395367 0.82340483352627902 0.80616751098830097 28.500000000000004 428.50000000000006
decision_type=2 2 2 2 2 2 2 2 2 2 2 2 2 2 2 2 2 2 2 2 2 2 2 2 2 2 2 2 2 2
left_child=5 -2 3 -3 -5 6 -1 9 -8 11 12 -7 -11 -14 16 -16 -15 -12 -10 -20 -21 22 23 -9 -24 28 27 -25 29 -26
right_child=1 2 -4 4 -6 7 8 21 18 10 17 -13 13 14 15 -17 -18 -19 19 20 -22 -23 24 26 25 -27 -28 -29 -30 -31
leaf_value=-2.2921133201266043e-05 0.010636113870750925 -0.00019078230931918183 0.00066960436468929826 0.0025812316840261433 -0.0025067827870368792 0.00021722405018635845 -6.7383188275848066e-05 -0.00028866382822473894 -0.00040126610626450479 -0.0001418687274345548 -0.0054148346763840272 0.0030507699945086135 -8.3773777585190179e-05 -0.0017096021450284785 -0.0023180191426222896 -0.0034977591622937635 -0.00086904206542370377 0.0011908477693087435 -0.00025188288279114974 -0.0037797797380519724 -0.0049436381625774777 -0.00012656955788099418 4.3542454676984147e-06 7.7920864512796839e-06 -0.0019089831117132265 0.00010296999995725031 -7.7681072618984031e-05 0.00040245885903412022 0.00046133876110812655 -0.0004373325532736325
leaf_weight=18730.127285148948 415.82174251228571 4226.7849706225097 7496.1879194788635 463.83264192938805 12.659268483519552 30843.94529940933 2653.0497912764549 17445.536156944931 2758.1540125906467 5776.5713086947799 9.7951359748840314 2226.4139432124794 710.03070638328791 60.56000042706728 87.556704990565777 14.074852287769316 980.55340442806482 2645.8894452005625 32.695879332721233 14.714462250471117 5.1904765442013732 26427.61654092744 206061.44825043157 12218.007758073509 9.902887895703314 16476.562783014029 18598.175092019141 5526.1235849112272 4582.2511706762016 140.58037975430489
leaf_count=60958 1102 13977 25865 1602 44 105269 9305 204122 9705 18399 40 7533 2169 181 269 15 3009 9077 111 57 24 92226 479603 48936 23 39327 114747 52690 10571 341
internal_value=3.32713e-06 0.000319857 0.000264909 -0.000105605 0.0014049 -7.32016e-06 -0.000207591 6.49047e-06 -0.000737312 0.000184641 -0.000149811 0.000288657 -0.000450067 -0.00130071 -0.00206563 -0.0057763 -0.0017034 0.000712773 -0.00125209 -0.00584467 -0.0134943 -1.86286e-05 -7.91244e-08 -0.000135979 3.20841e-05 0.000267829 -4.57739e-06 0.000186132 0.000731483 -0.00204136
internal_weight=387651 12615.3 12199.5 4703.28 476.492 375036 24193.9 350842 5463.8 43355.4 10285 33070.4 7629.35 1852.78 1142.74 101.632 1041.11 2655.68 2810.75 52.6008 19.9049 307486 281059 53787.8 227271 21209.3 36342.3 17744.1 4732.73 150.483
internal_count=1311297 42590 41488 15623 1646 1268707 80160 1188547 19202 145961 33159 112802 24042 5643 3474 284 3190 9117 9897 192 81 1042586 950360 420495 529865 50262 216373 101626 10935 364
is_linear=0
shrinkage=0.05


Tree=148
num_leaves=31
num_cat=0
split_feature=1 10 0 18 16 16 16 5 16 17 3 16 4 3 17 6 10 16 16 10 10 10 0 4 17 4 10 10 18 7
split_gain=0.473194 0.831854 0.403819 0.379511 0.524703 0.63956 0.59798 0.540293 0.512081 0.531898 0.489462 0.473832 0.402944 0.813657 0.361411 0.359231 0.358385 0.346739 1.53405 0.842589 0.987599 0.893127 0.741213 0.652641 1.28423 1.31055 1.02133 0.933571 1.15331 0.765057
threshold=6360.5000000000009 7.7168148692138958 79.500000000000014 0.97083333333333344 0.76654570564470936 0.82365261305926685 0.82537325419067853 0.60355339059327384 0.81759950385457481 0.80602669314521058 1.0000000180025095e-35 0.88321570753224454 2.5000000000000004 1.0000000180025095e-35 0.79806961873547955 0.91597561503675351 2.5835315567622654 0.78226511065443993 0.78247868681815624 0.0066058531364937851 0.098905681065719467 6.8731336345561873 85.500000000000014 2.5000000000000004 0.66536933010598343 1.5000000000000002 1.0914388665473447 5.751176346912966 1.0625000000000002 6.2490090583839573
decision_type=2 2 2 2 2 2 2 2 2 2 2 2 2 2 2 2 2 2 2 2 2 2 2 2 2 2 2 2 2 2
left_child=3 -2 -3 4 10 8 12 11 9 15 -1 14 13 16 -8 -6 -7 19 23 -5 -21 -22 -23 24 26 -26 -19 28 -28 -29
right_child=1 2 -4 17 5 6 7 -9 -10 -11 -12 -13 -14 -15 -16 -17 -18 18 -20 20 21 22 -24 -25 25 -27 27 29 -30 -31
leaf_value=0.00013324621970601109 0.00014774796725441631 0.0017388738309012026 0.0054271102329305392 -0.0003293703807434184 -0.00010230303408716724 -0.0015205091855537457 -0.00019306085404631468 0.00012472734545456652 0.00052542637637658274 0.00033700197631539449 -0.00028028154927589171 -0.00040259675571227424 -3.0770255606306363e-05 -0.00035073456927449571 4.156211423852058e-05 0.00056290575861605229 -0.0011457925873188529 6.8180635358402325e-05 -6.1210096375653035e-06 0.00064654963444510946 -7.5573261178926715e-05 0.0003927229285968559 -0.00039025774472946644 0.00013952071870299704 -0.00075672614751348753 0.0020639111961936068 -0.0020572400381637149 -0.00047923062179271034 -0.0019338822920445373 -0.0024742848508011953
leaf_weight=4554.8524668626487 10235.245539914817 1707.1720009595156 672.86900215223432 4810.0594359152019 13271.887569338083 24.787077382206917 6094.8620517849922 5582.0303362607956 2859.8047064915299 6559.3730772286654 19838.900844428688 3284.5173279643059 481.89666078239679 835.74854741990566 7649.0462887957692 902.81677411496639 51.943165645003319 27.100570738315582 200412.85152330995 6957.2967460229993 42581.476132921875 40888.864124856889 6287.3293576277792 264.86766101419926 513.86525082588196 164.29404410719872 20.830771028995514 53.655429422855377 17.515933275222778 43.053437232971191
leaf_count=46391 35034 5470 2086 10504 51516 138 22096 33290 16718 62936 231378 21151 2865 5468 62866 3558 342 36 486701 15012 91417 87565 13364 606 1810 810 29 67 19 54
internal_value=2.7526e-06 0.000303954 0.00114593 -7.37908e-06 -0.000110573 -1.39402e-05 -0.000195644 -0.000133671 0.000170928 8.44183e-05 -0.00029913 -0.00027361 -0.00120056 -0.00181824 -0.000144674 -8.78542e-05 -0.00674583 1.71362e-05 -2.08258e-05 9.24874e-05 0.000124611 8.01272e-05 0.000229971 -0.00187854 -0.00256069 -0.00160488 -0.00655802 -0.00833555 -0.0149373 -0.00571786
internal_weight=387651 12615.3 2380.04 375036 71992.5 47598.7 24004.8 22610.5 23593.9 20734.1 24393.8 17028.4 1394.38 912.479 13743.9 14174.7 76.7302 303043 201518 101525 96715 89757.7 47176.2 1105.18 840.315 678.159 162.156 135.056 38.3467 96.7089
internal_count=1311297 42590 7556 1268707 560713 282944 148216 139403 134728 118010 277769 106113 8813 5948 84962 55074 480 707994 490132 217862 207358 192346 100929 3431 2825 2620 205 169 48 121
is_linear=0
shrinkage=0.05


Tree=149
num_leaves=31
num_cat=1
split_feature=1 7 7 1 7 0 7 3 10 10 9 8 2 1 8 1 10 7 7 8 7 10 8 8 1 1 7 8 6 7
split_gain=0.414512 0.397564 0.396105 0.383136 0.768364 0.562549 0.649421 0.521851 0.951291 0.543893 0.604 0.639247 0.56665 0.517663 0.508716 0.692717 0.648768 0.491034 0.478076 0.476502 0.45786 0.75914 0.666317 0.71854 0.700732 0.426233 0.797546 0.631553 0.414726 0.471457
threshold=8480.5000000000018 2.1383330595080281 11.211588533200596 317.50000000000006 5.2496487501035594 61.500000000000007 8.4014455765695093 1.0000000180025095e-35 7.1414546997017636 8.4036835615819729 2.6735537653587351 9.2161236117894116 0 176.50000000000003 2.8617925509761908 131.50000000000003 5.905479208128825 6.6637708581706061 9.4940897185655437 1.8688348091416842 8.1640833035104183 8.0137018983129114 5.8245230014317348 4.886575525404063 234.50000000000003 2643.5000000000005 4.0689902272260703 2.6735537653587351 -0.78656609248549325 5.2704288588135384
decision_type=2 2 2 2 2 2 2 2 2 2 2 2 1 2 2 2 2 2 2 2 2 2 2 2 2 2 2 2 2 2
left_child=3 -2 -3 4 -1 6 13 8 19 10 18 -12 -13 14 15 16 -6 -17 -9 -5 28 22 23 -22 -25 -21 27 -27 29 -15
right_child=1 2 -4 7 5 -7 -8 9 -10 -11 11 12 -14 20 -16 17 -18 -19 -20 25 21 -23 -24 24 -26 26 -28 -29 -30 -31
leaf_value=-2.1160261107575076e-05 -0.00057027559425686938 0.00081289496339880397 -0.0054373245078264687 9.9762082138454144e-05 0.0022389944255862301 -0.00046913290006353768 0.00025397435201924748 -1.8816310542769943e-06 0.00067011621073570645 0.00076796994291626966 -0.00013857350323851701 0.00010233609544376757 -0.0040774982381540925 -0.00021631307585712469 -0.00028656697269406324 -0.00081605868648274471 -0.0022284027714336088 -0.001928974372720082 0.00067246608085010443 -0.00024896255670565844 0.0025228322577389214 0.00014937318623558951 -0.00030259235687827917 -0.0010087504481132547 -0.002023660626808903 -0.0026653339134616021 -0.0016115133719900685 -0.0033225651536971969 -0.00032812227060720085 0.00022986971310631107
leaf_weight=18730.127285148948 1095.1271266527474 5949.7995132617652 9.9609240144491178 19861.442094504833 5.366034470498561 1839.8863015398383 618.56436208635569 284067.47219431028 16292.505666855723 1913.2070121504366 25615.609140399843 63.672460146248341 59.749834980815649 7.3761749155819407 401.65975977107882 59.579781886190176 29.342448230832815 12.698221098631619 1304.7515768669546 7149.3745149895549 5.6238732524216202 41.239650331437588 24.688556186854839 6.9073241241276291 11.227951299399136 12.055844582617285 54.529629427939653 7.6244155392050734 1707.1431850641966 692.50099773705006
leaf_count=60958 3663 20025 29 65574 17 6509 2172 961218 54656 4173 90691 274 223 24 1384 213 110 50 4800 25550 31 131 91 18 41 45 195 21 5992 2419
internal_value=1.81333e-06 0.00038157 0.000542466 -5.226e-06 -0.000197771 -0.000719473 -0.000357973 7.84466e-06 0.000170373 -1.46778e-05 -1.98463e-05 -0.000251821 -0.00384157 -0.000661634 -0.00211549 -0.00517932 -0.0109852 -0.00239128 1.07656e-06 -1.12299e-05 -0.000365444 -0.00387318 -0.00811728 -0.0140946 -0.0189367 -0.00035898 -0.0041288 -0.0127569 -0.000234743 0.000790282
internal_weight=387651 7054.89 5959.76 380596 24193.9 5463.8 3623.92 356402 43377.5 313024 311111 25739 123.422 3005.35 508.646 106.986 34.7085 72.278 285372 27085 2496.71 89.6874 48.4477 23.7591 18.1353 7223.58 74.2099 19.6803 2407.02 699.877
internal_count=1311297 23717 20054 1287580 80160 19202 12693 1207420 146041 1061379 1057206 91188 497 10521 1774 390 127 263 966018 91385 8747 312 181 90 59 25811 261 66 8435 2443
cat_boundaries=0 1
cat_threshold=21
is_linear=0
shrinkage=0.05


Tree=150
num_leaves=31
num_cat=1
split_feature=11 10 12 1 16 10 1 10 1 8 6 9 9 1 16 8 0 2 18 0 1 10 0 18 6 1 3 18 8 10
split_gain=0.377991 0.713702 0.501111 0.482234 0.740064 0.452965 0.57446 0.547331 0.71644 0.4873 0.845751 0.44977 0.449246 0.68878 0.44162 0.68309 0.657785 0.465467 0.767099 0.550291 0.660045 0.654649 0.805712 0.700125 0.443045 0.432086 0.426524 0.506262 0.79178 0.628845
threshold=1.0000000180025095e-35 6.8731336345561873 1.0000000180025095e-35 131.50000000000003 0.68333810207629286 4.1882333364740107 10898.500000000002 1.7185517325253719 3668.5000000000005 1.2424533248940002 0.78656609248549303 6.3851929771233262 1.0000000180025095e-35 518.50000000000011 0.80630893588707153 0.89587973461402759 83.500000000000014 0 1.029166666666667 79.500000000000014 2090.5000000000005 3.9222416602221082 60.500000000000007 1.0458333333333336 0.78656609248549303 1797.5000000000002 1.0000000180025095e-35 1.0625000000000002 1.0000000180025095e-35 2.9262521097915841
decision_type=2 2 2 2 2 2 2 2 2 2 2 2 2 2 2 2 2 1 2 2 2 2 2 2 2 2 2 2 2 2
left_child=3 2 -2 4 -1 6 7 -5 14 10 -7 -3 -12 -14 16 26 17 -9 -19 20 -20 22 23 -22 -18 -13 27 -16 29 -29
right_child=1 11 -4 5 -6 9 -8 8 -10 -11 12 25 13 -15 15 -17 24 18 19 -21 21 -23 -24 -25 -26 -27 -28 28 -30 -31
leaf_value=-0.0018476114379775883 9.1621734504523239e-05 0.00074641738846893408 -0.00013415752242069423 -4.8941792879023116e-06 -0.00024369902625685365 3.8605214417788972e-05 0.0012797367585541078 -0.00015023128516811757 -0.00070091477796314298 -1.3937644393777205e-05 0.00046865505586338039 -0.00013450236908171579 -0.0040358982499094295 -0.0028309186253101196 -0.00056171391325497558 8.8460925887565676e-05 0.00010041345112356341 -0.00032179279244729799 -0.00070541689018760326 -0.0028011209896001152 -0.0030231412035520672 0.0012055065928962549 -0.0040159798279903458 -0.0013935698262480896 0.0021910632303466593 -0.003086291034030682 -8.1417113898836499e-05 -0.0026038960211386924 -0.0016221252145520227 0.00044837210372080803
leaf_weight=46.585400134325027 31940.665999818593 4178.5415430851281 6693.3682355284691 36202.610267952085 1150.5225891768932 60647.843690302223 773.16309015452862 6612.1257364973426 2890.5767058245838 204914.82658145204 8871.1985628604889 21.53806709498167 7.4375946745276442 46.05543090030551 909.82475028187037 8648.3907706290483 1502.5181797817349 3475.4286375939846 1332.3043781854212 47.162463411688805 18.135811507701874 32.720744431018829 33.59181147813797 105.87537793815136 193.38481343910098 13.621506985276936 6248.4668490514159 40.581764221191406 20.429935038089752 56.327168107032776
leaf_count=127 101563 13109 24997 124522 3835 196962 2784 25309 10012 702372 29029 96 25 165 3059 27557 5543 17974 1633 59 25 39 40 126 778 30 19074 44 22 61
internal_value=5.29253e-07 0.000140589 7.31967e-05 -1.68743e-05 -0.00101867 -1.33844e-05 -0.000127762 -0.000143088 -0.000293167 1.54274e-05 0.000129761 0.000758488 0.000584209 -0.00398413 -0.000219023 -4.11966e-05 -0.000431085 -0.000564935 -0.000926258 -0.00184545 -0.00168069 -0.00443502 -0.00577117 -0.00391053 0.000488979 -0.00487301 -0.000398235 -0.00134246 -0.00443343 -0.0025476
internal_weight=387676 42847.7 38634 344828 1197.11 343631 69143.6 68370.5 32167.8 274487 69572.5 4213.7 8924.69 53.493 29277.3 15924 13353.2 11657.3 5045.22 1569.79 1522.63 190.324 157.603 124.011 1695.9 35.1596 7275.63 1027.16 117.339 96.9089
internal_count=1310971 139795 126560 1171176 3962 1167214 238661 235877 111355 928553 226181 13235 29219 190 101343 49817 51526 45205 19896 1922 1863 230 191 151 6321 126 22260 3186 127 105
cat_boundaries=0 1
cat_threshold=22
is_linear=0
shrinkage=0.05


Tree=151
num_leaves=31
num_cat=0
split_feature=7 7 7 7 7 7 10 10 17 6 0 1 1 7 7 17 6 5 10 17 5 1 1 10 1 10 0 1 17 5
split_gain=0.357964 0.899334 0.765947 0.699991 0.699557 0.669646 0.666249 0.656902 0.644394 0.89053 0.677585 0.585673 0.575196 0.514106 0.652117 0.493212 0.521005 0.520126 0.739676 0.476747 0.545172 0.506649 0.762032 0.627177 0.500303 0.475957 0.727052 0.509882 0.562904 0.734979
threshold=1.0397207708399181 2.3502401828962087 1.8688348091416842 2.524928003624769 3.0201273556387074 3.1132683346437333 6.8731336345561873 1.7185517325253719 0.64632798978931005 0.60355339059327384 43.500000000000007 667.50000000000011 131.50000000000003 3.4175922930736511 3.4811217321331038 0.66164817016019506 0.60355339059327384 -1.0000000180025095e-35 5.751176346912966 0.66197798957202592 -0.70710678118654735 755.50000000000011 711.50000000000011 7.1082777284559278 823.50000000000011 7.0735233155969857 22.500000000000004 307.50000000000006 0.66268314391858796 1.0000000180025095e-35
decision_type=2 2 2 2 2 2 2 2 2 2 2 2 2 2 2 2 2 2 2 2 2 2 2 2 2 2 2 2 2 2
left_child=6 2 11 7 15 19 -1 -3 9 10 -9 -2 -7 -14 -15 16 -5 18 -18 20 21 22 23 -6 -22 -10 -27 28 29 -28
right_child=1 3 -4 4 5 12 -8 8 25 -11 -12 -13 13 14 -16 -17 17 -19 -20 -21 24 -23 -24 -25 -26 26 27 -29 -30 -31
leaf_value=3.4230685863150673e-05 0.00012515611617147372 0.00043739599636765763 -0.00036505195444867317 -9.0803270612122017e-05 -0.00065665305380360197 -0.00043708359263818224 0.00067024258146676236 0.00014172325898779634 -2.613383177748549e-05 0.0016777769350802116 -0.0021519810300604648 -0.00019714214673313343 -0.00013384629914277996 0.00034140049885589068 4.9764629474036155e-06 -0.00022535595618169841 -0.00066630652417090587 0.0011908901160950754 0.0016846933885440931 0.00046284154206636675 0.00070917100619510636 -0.00020211123342465942 -0.0016018280352989829 -0.0021079723846625306 -0.00021441964173926284 -0.0029365062824543951 -0.001924044389664182 0.0011981732762672325 8.6145425851021095e-05 -0.0013426844636126771
leaf_weight=38634.034235347062 5157.8764697834849 6826.2868931032717 5888.6582416780293 5723.5315706729889 211.29251503944397 780.27779395133257 4213.7011171653867 89.423307776451111 8310.8666347637773 67.233878433704376 204.13302731513977 12904.499424453825 18823.941191021353 5629.5348605886102 245429.76459133625 16283.724857520312 437.07397586107254 674.76646149158478 266.9337112903595 6382.6401420868933 754.592544734478 561.12570953369141 18.574424207210541 32.00522780418396 1265.5757784247398 16.789562083780766 15.968890130519865 1899.9032479412854 137.87645655497909 33.217715442180634
leaf_count=126560 16780 22578 18871 7176 261 2634 13235 110 27140 83 251 42208 61841 18631 846903 67205 545 840 336 26724 939 707 23 40 1571 70 19 6104 546 40
internal_value=1.05024e-06 -1.5886e-05 -0.00031144 6.1748e-06 -1.16164e-05 1.03343e-05 0.000137349 0.000312716 6.95969e-05 -0.00200782 -0.00319664 -0.000149993 -3.94437e-06 -2.51513e-08 1.88711e-05 -0.000274327 7.33578e-05 0.000945881 -4.86819e-06 0.000429236 -0.000109295 -0.00119405 -0.00301002 -0.00226477 0.000332622 0.000141564 0.000813391 0.000896763 -0.00159392 -0.00618606
internal_weight=387676 344828 23951 320877 303275 279889 42847.7 17601.7 10775.4 360.79 293.556 18062.4 270664 269883 251059 23386 7102.31 1378.77 704.008 9225.81 2843.17 822.998 261.872 243.298 2020.17 10414.6 2103.76 2086.97 187.063 49.1866
internal_count=1310971 1171176 77859 1093317 1036376 960274 139795 56941 34363 444 361 58988 930009 927375 865534 76102 8897 1721 881 30265 3541 1031 324 301 2510 33919 6779 6709 605 59
is_linear=0
shrinkage=0.05


Tree=152
num_leaves=31
num_cat=0
split_feature=4 16 16 16 4 16 17 16 1 16 16 3 10 18 16 16 7 1 16 16 16 16 8 1 3 10 17 17 3 1
split_gain=0.337709 1.73467 1.71349 1.39583 1.34475 2.26365 1.00068 1.12949 2.36579 0.948493 0.931147 1.40212 0.919705 1.11495 0.892496 1.58399 0.923463 0.873903 0.873519 0.978967 0.836777 0.833442 0.853455 0.735629 0.726847 0.966508 0.72012 0.706191 0.695085 0.69406
threshold=2.5000000000000004 0.85570644998864431 0.87093098878569231 0.85472328363330063 1.5000000000000002 0.8847782686317428 0.79138416647738496 0.91681818959512318 157.50000000000003 0.8861666780130667 0.87260122516658101 1.0000000180025095e-35 7.4931540695953087 1.0125000000000002 0.89111819891260613 0.89302366647559417 2.524928003624769 511.50000000000006 0.93504912530908568 0.91681818959512318 0.89111819891260613 0.9461910594647257 7.7896613911804815 467.50000000000006 1.0000000180025095e-35 8.2503539996157595 0.79297947051919115 0.66197798957202592 1.0000000180025095e-35 353.50000000000006
decision_type=2 2 2 2 2 2 2 2 2 2 2 2 2 2 2 2 2 2 2 2 2 2 2 2 2 2 2 2 2 2
left_child=1 3 -2 -1 5 -3 7 -6 -9 17 11 29 28 -14 -11 26 -17 23 19 27 -8 -20 -23 -7 25 -10 -16 -18 -5 -4
right_child=2 4 10 12 6 9 20 8 24 14 -12 -13 13 -15 15 16 18 -19 21 -21 -22 22 -24 -25 -26 -27 -28 -29 -30 -31
leaf_value=-5.6107980913483459e-05 5.2961708285336614e-05 0.0020857907254864631 0.00046256772790690266 -0.0013168580781873309 0.0003015295169318255 -0.0015081552644815831 -0.00023950807535349161 -0.0038252323763225365 -0.0024492923835427449 0.0029317135996809679 -0.00012425450671056001 -0.00024317727063237588 -0.0012498148829078945 0.0030743008393359431 -0.00027900866784009298 0.0019029400039077687 0.0017622300617478187 -0.00060389846118013993 -0.0010274010260784908 0.0042554597027889282 0.00036600392236560978 0.00016246892226472466 -0.0022954012372201544 -0.0024191227366823728 0.00021386312251002045 -0.004365558491703391 -0.0020169945156567246 -0.00029039423207415842 -0.00016613473600395092 -0.0020522462900898065
leaf_weight=120934.50091988221 222551.81818900257 2828.2691230103374 47.037948831915855 141.22537755966187 6898.6698558330536 80.864490762352943 5551.0820619761944 21.894603908061981 264.63202261924744 480.36746510863304 16486.876328356564 1862.5500756725669 339.8317684084177 40.370789796113968 112.24682793021202 1095.3811784610152 277.77048641443253 241.56408722698689 482.09412816911936 405.2447305098176 2352.3672577142715 1076.2694627568126 15.397173166275023 12.486504144966601 578.18229681253433 14.280865073204039 136.43059343844652 993.76546869426966 1173.3000675141811 179.05230878293514
leaf_count=410417 753183 7841 131 400 11224 160 27969 34 437 1374 58663 5262 1077 58 226 3640 345 407 1412 1193 12448 3560 58 23 955 26 510 3974 3444 520
internal_value=3.91879e-08 -5.98212e-05 3.64202e-05 -0.000135795 0.000329682 0.000846919 5.79487e-05 0.000460586 -0.00122744 0.000247644 -0.000424933 -0.00141953 -0.00156079 -0.00372661 0.00041772 0.000203323 0.000425397 -0.00232952 2.297e-06 0.000796368 -0.00033828 -0.000843755 -7.9111e-05 -0.0064381 -0.000812845 -0.00290925 -0.00367769 0.000114327 -0.000934372 -0.00513782
internal_weight=387676 146548 241127 122629 23919.3 8238.15 15681.1 7777.66 878.99 5409.88 18575.5 2088.64 1694.73 380.203 5074.97 4594.6 4345.92 334.915 3250.54 1676.78 7903.45 1573.76 1091.67 93.351 857.095 278.913 248.677 1271.54 1314.53 226.09
internal_count=1310971 493212 817759 415396 77816 24723 53093 12676 1452 16882 64576 5913 4979 1135 16292 14918 14182 590 10542 5512 40417 5030 3618 183 1418 463 736 4319 3844 651
is_linear=0
shrinkage=0.05


Tree=153
num_leaves=31
num_cat=2
split_feature=7 7 16 8 16 7 8 10 7 10 10 16 4 18 2 16 16 8 17 16 0 5 7 10 5 2 0 10 18 17
split_gain=0.33325 0.836162 0.984525 0.683433 1.08939 0.759847 1.21307 0.642809 0.625714 0.563569 0.55514 1.37944 0.542686 0.520458 0.511388 0.766154 0.499994 0.585357 0.571929 0.558553 0.55046 0.691059 0.484926 0.465407 0.519778 0.488947 0.509402 0.453094 0.881615 0.646926
threshold=1.0397207708399181 2.3502401828962087 0.85472328363330063 1.0000000180025095e-35 0.78950820384860276 4.5271940351011493 2.524928003624769 0.0061014869019665038 1.8688348091416842 8.0757038079184476 8.4036835615819729 0.86875386461544013 1.5000000000000002 1.0875000000000001 0 0.74696725396252228 0.78950820384860276 4.9938224302714262 0.79607112255342927 0.9461910594647257 69.500000000000014 0.37940952255126054 7.0215301936806513 7.2061565359679971 0.60355339059327384 1 63.500000000000007 8.0554591761172674 1.029166666666667 0.64991817661828988
decision_type=2 2 2 2 2 2 2 2 2 2 2 2 2 2 1 2 2 2 2 2 2 2 2 2 2 1 2 2 2 2
left_child=7 2 8 4 12 -5 10 -1 14 13 -7 -12 22 27 -2 -16 -9 19 20 23 21 -19 -3 24 -18 -26 -27 -6 -29 -30
right_child=1 3 -4 5 9 6 -8 16 -10 -11 11 -13 -14 -15 15 -17 17 18 -20 -21 -22 -23 -24 -25 25 26 -28 28 29 -31
leaf_value=-7.601358540439696e-05 0.0001178242370674175 -0.00013585139238937139 0.00020016558541653684 -7.6822490153469208e-05 -1.3810034746679356e-05 0.00024764354484101971 -1.7287368473704184e-05 0.00051628714907103539 -0.00046846580469787625 0.0020543607726514839 -0.00016375402212419414 -0.0040151472462467809 0.00049654473776215293 -0.00090467766379564725 -0.0019312505748286706 -0.0001553630299724912 -6.5853064677524886e-05 -0.0019939532632782127 0.0020567523979224032 0.0062520312756853521 0.00016221003061882706 -0.0020597657818638721 -0.0062623198464622169 0.0007555173898844956 0.0010029992772503675 -0.00011937681314938693 0.00063285390400746671 0.00024558390628039579 -0.0026069706791900919 -0.003588427748572895
leaf_weight=11715.394215691835 3290.6216817647219 2678.6458436585963 3961.9437110573053 87656.121025841683 35365.84223651886 27875.494585327804 143937.16194823757 13323.253827497363 4919.5795649178326 419.52405893802643 34.703052207827568 12.173407956957815 22785.813706520945 16.598486542701721 1419.8683822751045 10359.020795900375 12039.960360638797 20.45290370285511 21.17377195507288 194.96786638349295 18.651972621679306 18.28502444922924 4.942044995725154 1403.105898194015 757.4180756136775 2037.5410539060831 1297.5303818583488 56.599638998508453 15.72826439142227 17.706668972969055
leaf_count=40834 10787 10729 12576 290999 107133 96946 502114 46553 15850 1073 75 23 83960 18 3354 35292 35386 42 145 675 40 36 21 4098 2154 6013 3819 185 20 21
internal_value=-9.43226e-07 -1.72844e-05 -0.000302269 3.98751e-06 0.000154054 -3.1495e-05 2.9607e-05 0.000130567 -0.000444987 -2.3416e-05 0.000331211 -0.00510541 0.000404148 -4.49625e-05 -0.00028515 -0.000438887 0.000249367 7.60545e-05 -0.0042303 9.51359e-05 -0.00682156 -0.0102195 -0.000268379 6.55447e-05 -1.04218e-05 0.000476375 0.000212443 -4.08186e-05 -0.0035833 -0.0100207
internal_weight=387676 344828 23951 320877 61361.4 259516 171860 42847.7 19989.1 35892 27922.4 46.8765 25469.4 35472.5 15069.5 11778.9 31132.3 17809.1 78.5637 17730.5 57.3899 38.7379 2683.59 17535.6 16132.4 4092.49 3335.07 35455.9 90.0346 33.4349
internal_count=1310971 1171176 77859 1093317 203160 890157 599158 139795 65283 108450 97044 98 94710 107377 49433 38646 98961 52408 263 52145 118 78 10750 51470 47372 11986 9832 107359 226 41
cat_boundaries=0 1 2
cat_threshold=4 16
is_linear=0
shrinkage=0.05


Tree=154
num_leaves=31
num_cat=0
split_feature=4 16 16 16 4 16 16 3 17 16 1 10 17 16 16 7 1 1 1 10 10 16 3 7 8 16 16 17 10 17
split_gain=0.316184 1.63469 1.43867 1.29101 1.16391 2.00794 0.914541 1.40104 0.907515 1.01306 1.73584 0.841445 0.8893 0.720299 0.694147 0.893513 0.69059 0.68915 0.664655 0.719406 0.653397 0.648752 0.619294 0.591955 1.04831 0.574441 0.677894 0.626254 0.567137 0.632256
threshold=2.5000000000000004 0.87093098878569231 0.85570644998864431 0.85472328363330063 1.5000000000000002 0.87970026051821659 0.87260122516658101 1.0000000180025095e-35 0.79138416647738496 0.91681818959512318 192.50000000000003 7.4931540695953087 0.66507504340750978 0.89111819891260613 0.88779654317510448 6.3656106022916754 2067.5000000000005 353.50000000000006 2678.5000000000005 8.4036835615819729 0.47873179439478714 0.88926421891343954 1.0000000180025095e-35 2.9174053685313028 1.0000000180025095e-35 0.93504912530908568 0.87724271067293413 0.66268314391858796 6.5736783256565259 0.79441680699370731
decision_type=2 2 2 2 2 2 2 2 2 2 2 2 2 2 2 2 2 2 2 2 2 2 2 2 2 2 2 2 2 2
left_child=2 -2 3 -1 5 -4 7 17 9 21 23 22 -13 14 -10 -16 -17 -3 19 -12 -7 -6 28 -11 -25 26 -8 -28 -5 -30
right_child=1 6 4 11 8 20 25 -9 13 10 18 12 -14 -15 15 16 -18 -19 -20 -21 -22 -23 -24 24 -26 -27 27 -29 29 -31
leaf_value=-5.2827341083892115e-05 5.0629387860384739e-05 0.00044328046601923091 0.0023862920866078025 -0.0008676415567193882 0.00016958379421315556 0.0011897112111417156 0.00013014331564592044 -0.0002271772825930836 -0.00016359846040631538 -0.0036332802557690752 -0.00056229774270546366 0.0029214501657928316 -0.001143880142270709 0.00034107211549550546 -0.00048098155525166285 -0.0011495338592529935 -0.0035656139440574559 -0.0019457928510776428 0.0035143802757712354 -0.003602510190618398 4.8459925235633949e-05 0.0012148050206831533 -0.00015504885471798215 -0.0043138985175922712 -0.0021873937609484667 0.0015914939113218049 6.8862450563245139e-05 -0.0002928215239158434 -0.0026488692891918375 -0.00055432238044711391
leaf_weight=120934.50091988221 222551.81818900257 47.037948831915855 2226.3570045083761 111.6665700301528 5490.5508461594582 1096.8462520167232 3253.0258556902409 1862.5500756725669 5116.7398066297174 15.082308411598204 742.53683444857597 41.433728992938995 338.76882921159267 2352.3672577142715 316.18199034780264 98.217608407139778 19.942656591534615 179.05230878293514 71.943476319313049 15.575596004724501 4914.9484632685781 1408.1190096735954 1173.3000675141811 13.379807829856871 20.471765398979187 517.14032797515392 2860.8716756701469 9855.8384690210223 19.006361052393917 10.552446477115152
leaf_count=410417 753183 131 6388 309 8881 3343 10766 5262 26023 22 1234 52 1083 12448 1432 424 90 520 121 23 14992 2343 3444 19 33 2156 3566 42175 42 49
internal_value=-7.15461e-07 3.4487e-05 -5.86368e-05 -0.000127826 0.000296082 0.000777285 -0.000416132 -0.00140182 4.32788e-05 0.000426714 -0.00117194 -0.00149827 -0.00356989 -0.000334054 -0.000644783 -0.00256384 -0.00627352 -0.00511867 -0.00063245 -0.00106831 0.00030225 0.000630406 -0.000899097 -0.0103232 -0.013994 -0.000291261 -0.000344371 -0.000509134 -0.00402721 -0.0101857
internal_weight=387676 241127 146548 122629 23919.3 8238.15 18575.5 2088.64 15681.1 7777.66 878.99 1694.73 380.203 7903.45 5551.08 434.342 118.16 226.09 830.056 758.112 6011.79 6898.67 1314.53 48.9339 33.8516 16486.9 15969.7 12716.7 141.225 29.5588
internal_count=1310971 817759 493212 415396 77816 24723 64576 5913 53093 12676 1452 4979 1135 40417 27969 1946 514 651 1378 1257 18335 11224 3844 74 52 58663 56507 45741 400 91
is_linear=0
shrinkage=0.05


Tree=155
num_leaves=31
num_cat=1
split_feature=8 16 7 8 10 6 6 16 16 7 10 18 9 2 16 0 10 16 10 8 18 16 0 0 18 9 9 7 8 8
split_gain=0.573897 0.684358 0.614711 0.693473 0.590679 0.605396 0.493352 0.473676 0.624974 0.618749 0.65836 0.858767 1.04103 0.659141 0.665501 0.657171 1.05819 0.665744 0.61322 0.561669 0.593955 2.28245 0.559624 0.531818 0.523655 0.521153 0.51961 0.689486 0.517875 0.940614
threshold=1.0000000180025095e-35 0.68333810207629286 4.1026092131977068 2.602003343538398 7.3777448829540324 0.60355339059327384 0.78656609248549303 0.76654570564470936 0.78226511065443993 11.211588533200596 7.6900569605238571 1.0791666666666668 5.1149908003866509 0 0.71230193001861186 28.500000000000004 6.0069386946268866 0.75487371117856195 8.3382844508594918 7.0496886807624488 1.0958333333333337 0.72811069527815941 60.500000000000007 90.500000000000014 1.0458333333333336 6.4997768647368277 1.7005986908310777 5.8096417414785728 7.9611958338014412 8.1059111524599299
decision_type=2 2 2 2 2 2 2 2 2 2 2 2 2 1 2 2 2 2 2 2 2 2 2 2 2 2 2 2 2 2
left_child=1 6 -2 -4 -3 -6 -1 9 18 10 11 -5 15 14 24 16 -13 -18 -9 20 -17 -22 -21 -15 26 -25 -12 -28 -11 -30
right_child=2 4 3 7 5 -7 -8 8 -10 28 13 12 -14 23 -16 19 17 -19 -20 22 21 -23 -24 25 -26 -27 27 -29 29 -31
leaf_value=0.0013341762427833165 -9.7779558256509691e-05 8.5812799664963798e-06 0.00010043992728476573 -0.00027355484153270552 0.00019783336104975402 0.0012868990688350999 0.007947321697714926 0.0001561932652244691 -3.0961191491834376e-05 0.00095603825265013181 0.0053899896014486005 -0.0038086920422467892 -0.0079498307764775903 -0.00013860449127322123 0.00018032401593781543 -0.00069720797102915957 0.0022139609645261782 -0.0024889714412046657 0.0021555059208748077 -0.0023597187704072573 -0.0070397309331109506 -0.0018401954739234014 -0.0042594412416598294 -0.0012217956246750664 0.006678757884800871 -0.0042492688577637832 -0.010434917112731376 -0.00081931256743409677 -0.0071474518064101643 -0.0021963056931702937
leaf_weight=2730.3318350166082 63310.725248247385 113213.6687203683 47208.700838062912 18731.880396999419 8732.8186599425972 2083.5130728818476 389.12169337272644 13568.791419260204 95220.530803591013 54.57941834256053 628.98834018409252 8.679278835654257 25.730629600584507 10284.269979596138 6395.5592648051679 1846.3637372627854 26.685215055942535 17.623857147991657 540.40776139497757 15.750404693186285 3.6859686374664333 20.664221286773682 14.783862493932245 967.96194933354855 650.59989458322525 7.288423102349042 6.4431553259491912 628.96050569415092 12.484073929488657 123.02064515650272
leaf_count=7413 208344 375393 162360 102903 27442 6611 1058 38039 296682 285 2045 11 34 42996 28456 1973 28 29 1238 23 4 310 24 3730 755 30 25 2026 53 547
internal_value=-1.98474e-05 6.72219e-05 -6.23749e-05 -1.88193e-05 4.88256e-05 0.000401839 0.000798662 -7.14807e-05 -1.73853e-05 -0.000217612 -0.000204183 -0.000400669 -0.00139095 3.76785e-06 0.000341298 -0.0012594 -0.00675164 -0.00362443 0.000293175 -0.00110633 -0.000996533 -0.00875455 -0.00783301 -0.000245445 0.00115939 -0.00136155 0.000566296 -0.000442177 -0.00306359 -0.00471992
internal_weight=387471 127149 260321 197010 124030 10816.3 3119.45 149802 109330 40472 40281.9 20711.8 1979.97 19570.1 8310.55 1954.24 52.9884 44.3091 14109.2 1901.25 1870.71 24.3502 30.5343 11259.5 1914.99 975.25 1264.39 635.404 190.084 135.505
internal_count=1310867 417917 892950 684606 409446 34053 8471 522246 335959 186287 185402 105339 2436 80063 33307 2402 68 57 39277 2334 2287 314 47 46756 4851 3760 4096 2051 885 600
cat_boundaries=0 1
cat_threshold=3
is_linear=0
shrinkage=0.05


Tree=156
num_leaves=31
num_cat=0
split_feature=8 7 7 1 17 16 17 16 10 17 8 10 10 16 10 1 1 17 0 1 0 10 16 16 17 16 16 17 16 7
split_gain=0.522534 0.630417 0.568976 0.52665 0.683184 0.513491 0.490894 0.509585 0.788395 0.915565 0.547939 0.781757 0.649426 1.18421 0.465863 0.504095 0.450253 0.813191 0.611861 0.587834 0.419277 0.476454 0.46884 0.415578 1.58758 0.4086 0.405722 0.608032 0.593877 0.744437
threshold=1.0000000180025095e-35 3.4175922930736511 3.0201273556387074 420.50000000000006 0.64555464890881631 0.75585081854172964 0.64805509467998179 0.74819628440837505 4.3718242005210728 0.64927633572046617 1.7005986908310777 0.031737426730471384 2.5835315567622654 0.7301030753069494 7.5525120388659799 380.50000000000006 2045.5000000000002 0.6484252398823479 48.500000000000007 2229.5000000000005 72.500000000000014 6.9692997206039617 0.74201131889676508 0.93504912530908568 0.65813547005910744 0.58123026540307288 0.87970026051821659 0.65980955961161136 0.97182285662211954 2.6735537653587351
decision_type=2 2 2 2 2 2 2 2 2 2 2 2 2 2 2 2 2 2 2 2 2 2 2 2 2 2 2 2 2 2
left_child=1 25 6 4 -3 -5 -2 8 9 -8 -11 -12 -13 -14 -9 -16 18 -18 -10 -19 22 -22 -21 -7 -25 -1 -27 28 -28 -30
right_child=2 3 -4 5 -6 23 7 14 16 10 11 12 13 -15 15 -17 17 19 -20 20 21 -23 -24 24 -26 26 27 -29 29 -31
leaf_value=0.0035698967445378748 0.00032228463787780802 -0.0035654072081444397 -2.6159653814329667e-05 0.0021102672884914589 -0.00015717430354064422 0.00021513332813409837 -0.0037672010521933269 -0.00014197060005502609 -0.0013310651596675285 -0.00089678822798069111 -0.0057889555720992613 0.00090497546787107481 -0.0032957622202735254 -0.0051270154973665797 0.0025234534573414392 -0.0016474732534364905 -0.008423646007091749 -0.0092539017304622533 0.0015706494168038364 0.0049997402650694134 -0.0073723022313639565 0.0023783513369995124 -0.0021225664122461393 -0.005377978372913342 -0.00065029595042646882 -5.6973926351455706e-06 0.00096002997748836916 7.8518407604760012e-05 -1.9047073777039849e-05 -0.0021280677455704821
leaf_weight=398.2024313211441 552.56235712766647 23.868472576141357 251939.76746656373 2651.6835263743997 2096.691008951515 11216.317084737122 15.138690710067747 6582.1479848697782 160.85914796590805 131.94444011896849 7.8658295944333068 17.363022997975349 15.391454160213472 10.203466191887854 46.60210107639432 405.80833064764738 4.0870752334594718 14.336875252425669 285.13449048250914 74.988480910658836 23.162461772561073 15.340993396937845 18.45462355017662 13.450480461120604 118.43478594720364 103516.03515788168 1482.8948594927788 5543.5539707988501 68.659760415554047 19.662442624568939
leaf_count=1261 684 29 865495 6759 7311 41059 19 23248 384 360 23 49 38 23 146 1442 5 32 665 188 54 41 54 17 477 337068 1871 21957 84 24
internal_value=-1.96691e-05 6.34127e-05 -6.02489e-05 0.000355597 -0.000378714 0.000466822 -0.000465526 -0.000567186 -0.00176769 -0.00450222 -0.00352346 -0.00793457 -0.00528104 -0.0103445 -0.000431637 -0.00198366 -0.000860221 -0.00322628 -6.24846e-05 -0.00261168 -0.00156689 -0.00595771 0.000242357 0.000320446 -0.00246991 2.09901e-05 1.52355e-05 0.000380468 0.00124869 -0.00273441
internal_weight=387471 127149 260321 16120.4 2120.56 13999.9 8381.39 7828.83 794.271 197.907 182.768 50.8238 42.9579 25.5949 7034.56 452.41 596.364 150.371 445.994 146.283 131.947 38.5035 93.4431 11348.2 131.885 111029 110631 7114.77 1571.22 88.3222
internal_count=1310867 417917 892950 55652 7340 48312 27455 26771 1935 512 493 133 110 61 24836 1588 1423 374 1049 369 337 95 242 41553 494 362265 361004 23936 1979 108
is_linear=0
shrinkage=0.05


Tree=157
num_leaves=31
num_cat=0
split_feature=8 1 10 16 7 7 7 10 10 1 16 7 16 7 17 16 0 17 17 5 5 0 17 16 17 5 18 0 1 0
split_gain=0.471408 0.574966 0.79414 0.555031 0.553817 0.517036 0.66303 0.571912 1.14033 0.556273 0.520058 0.477601 0.481065 0.625006 0.52674 0.469311 0.572989 0.467061 0.539426 0.519399 0.501787 0.538873 0.750532 0.457662 0.449233 0.497462 0.442245 0.462181 0.696646 0.605859
threshold=1.0000000180025095e-35 396.50000000000006 7.0228209549334624 0.70870188235304732 2.6735537653587351 3.0201273556387074 2.524928003624769 1.8913788188785896 0.012050400015810229 1626.5000000000002 0.71843582945990481 2.3502401828962087 0.75883232982744986 1.0397207708399181 0.68059376891959245 0.69056601514900129 52.500000000000007 0.79557502876369912 0.65232474344564295 0.12940952255126045 -0.70710678118654735 39.500000000000007 0.66268314391858796 0.82365261305926685 0.64555464890881631 -0.37940952255126059 1.029166666666667 62.500000000000007 1115.5000000000002 110.50000000000001
decision_type=2 2 2 2 2 2 2 2 2 2 2 2 2 2 2 2 2 2 2 2 2 2 2 2 2 2 2 2 2 2
left_child=1 -1 5 -4 -2 6 7 8 9 10 -3 12 13 15 -14 -10 17 18 19 -17 -20 -22 -23 -7 25 -13 -25 -28 29 -29
right_child=4 2 3 -5 -6 23 -8 -9 11 -11 -12 24 14 -15 -16 16 -18 -19 20 -21 21 22 -24 26 -26 -27 27 28 -30 -31
leaf_value=-8.2689482410402282e-05 -0.00038917909398263029 -0.0018536519587273371 0.0060829512830950783 0.00033632551472251651 -2.8147350615080616e-05 0.00033081527018674481 -0.00020120898857723497 -6.2356067961109882e-05 0.010775129236060626 -0.00033012693167201734 8.2526085122433545e-05 -0.0014750173638398104 0.00065273648580879977 -0.0019643707216684472 0.000160613893123171 -0.0014864526069428355 0.0014349907603129779 0.0030772897695023112 -0.00083243758051508305 0.010623741918114295 -0.0019390531232448217 -0.0043688152034553921 -0.0031534941713462759 -0.0001089171205236713 0.00092313076529270159 0.0028906632883334742 0.00053216506654147103 -0.0011033307865419186 0.00071510139767509836 0.0030397522516178131
leaf_weight=17840.994300637394 1796.5636523738503 664.72766531258821 992.92045299708843 14249.644007164985 258524.59564024955 12397.329460963607 12187.925307802856 29113.235022548586 230.24947340786457 5659.777277957648 13385.592665225267 23.842580139636993 3824.4973579645157 503.94061703234911 5726.2807956449687 62.55250483751297 699.1932709813118 86.390664972364902 66.264798417687416 49.525339126586914 60.78924298286438 28.708469688892365 70.60319422185421 4651.6137452125549 3088.1680698245764 16.509125828742981 913.1525896191597 231.79373699426651 297.99356859922409 25.238675475120544
leaf_count=57322 6099 1700 2477 46277 886851 43664 40255 92866 604 19604 45957 29 5013 1249 27894 79 1654 455 138 62 117 36 179 18195 10326 20 1086 277 352 30
internal_value=-1.85623e-05 6.03503e-05 0.000103306 0.0004381 -5.71058e-05 4.9055e-05 -8.97964e-06 5.5985e-05 0.000194486 -5.32958e-05 0.000115292 0.000530432 0.000380359 -0.000355711 0.00052357 0.00020366 -0.000217608 -0.00166586 -0.00250346 0.000333405 -0.00390804 -0.00542254 -0.00769204 0.000285833 0.00107771 -0.00416379 -6.79616e-05 0.000688602 -0.000449291 -0.00235664
internal_weight=387471 127149 109308 15242.6 260321 94065.9 75548.8 63360.8 34247.6 19710.1 14050.3 14537.5 11409 1858.22 9550.78 1354.28 1124.03 424.834 338.444 112.078 226.366 160.101 99.3117 18517.1 3128.52 40.3517 6119.79 1468.18 555.026 257.032
internal_count=1310867 417917 360595 48754 892950 311841 248237 207982 115116 67261 47657 47855 37480 4573 32907 3324 2720 1066 611 141 470 332 215 63604 10375 49 19940 1745 659 307
is_linear=0
shrinkage=0.05


Tree=158
num_leaves=31
num_cat=1
split_feature=6 1 17 16 16 16 17 10 10 0 2 0 0 16 9 0 1 16 0 6 1 1 9 16 16 10 0 7 16 16
split_gain=0.452672 0.514283 0.455004 0.550202 0.488722 0.539382 0.575837 0.410467 0.821972 0.783012 0.670911 0.899579 0.663312 0.615586 0.569771 1.32875 0.516012 0.513388 0.954791 0.472052 0.460516 0.491801 0.46385 0.562259 0.521591 0.406196 0.948987 0.405735 0.402438 0.698179
threshold=0.78656609248549303 6755.5000000000009 0.81421430961514785 0.78158162722824287 0.76654570564470936 0.76640384685231278 0.66764792291798603 6.6151282590507678 6.4420544875491013 121.50000000000001 0 29.500000000000004 41.500000000000007 0.715355920334797 1.2424533248940002 27.500000000000004 1613.5000000000002 0.76060710736486381 49.500000000000007 0.91597561503675351 675.50000000000011 371.50000000000006 2.9174053685313028 0.73379547857688465 0.715355920334797 4.1882333364740107 92.500000000000014 6.4559841094561436 0.76654570564470936 0.77026250544891328
decision_type=2 2 2 2 2 2 2 2 2 2 1 2 2 2 2 2 2 2 2 2 2 2 2 2 2 2 2 2 2 2
left_child=28 2 3 4 5 6 7 8 10 14 11 -2 -10 -14 27 -16 19 20 -19 -15 21 -17 23 24 -23 -13 -27 -9 -1 -30
right_child=1 -3 -4 -5 -6 -7 -8 9 12 -11 -12 25 13 16 15 17 -18 18 -20 -21 -22 22 -24 -25 -26 26 -28 -29 29 -31
leaf_value=-0.00012379577510332473 -0.0032293198123866428 0.0022971344041531837 -0.00059044154724790349 -8.840151513221651e-07 0.0010103908352548027 -0.00056062946111312337 0.0013089127697190673 0.0010456726668429783 -0.0055551937756055207 -0.0050971657056972201 0.00019590751513537397 -0.0019978711208582718 0.023775409046333386 -0.00093377363165761743 -0.00883182066744829 0.0012993933886056893 -0.00013385934597345272 -0.0036745102006453742 -0.00056527388076306549 -0.004447982322262652 0.0027493971128538827 -0.0065965110311636032 0.0021645108422862313 -9.3156910730323594e-05 -0.0056692744849405861 0.00082623279886357294 -0.0056930764917056459 0.0063002085053436496 0.00048927505912514245 -1.0034459664388235e-05
leaf_weight=87633.847336884588 26.221661388874054 1453.6071312837303 948.71906758844852 31261.832060500979 4088.5476043075323 1144.0739371217787 4513.0839120075107 1466.8258745074272 29.250095188617706 58.902511656284332 1981.1052166819572 213.05947887897491 22.678096115589142 25.504239499568939 20.578738272190094 53.778551936149597 43.925769686698914 30.715649366378784 70.546414613723755 31.676529943943024 628.96668720245361 31.801006138324738 50.014138102531433 29.6168612241745 20.51435375213623 197.6633358001709 16.856161177158356 354.85568815469742 6775.9753390103579 244245.86982621253
leaf_count=388848 33 4975 13614 96034 11200 17791 17852 1856 37 76 2515 268 29 32 27 68 55 40 88 39 801 40 65 36 26 255 22 449 18227 735469
internal_value=-1.73635e-05 0.000124983 9.65507e-05 0.000118708 0.000365996 0.000193354 0.000311933 -3.6197e-05 -0.000490802 0.000381426 -0.000267406 -0.00197859 -0.00404521 -0.00244505 0.000503242 -0.00049902 -0.00411496 -0.000216725 -0.00357433 -0.00724569 0.000200608 -0.00198702 -0.00362964 -0.00594585 -0.00906234 -0.0014709 6.49387e-05 0.00101851 -3.78817e-05 -5.6769e-06
internal_weight=387471 48814.9 47361.3 46412.6 15150.8 11062.2 9918.14 5405.06 2587.94 2817.12 2434.91 453.801 153.035 123.785 2758.21 936.532 101.107 915.954 101.262 57.1808 814.692 185.725 131.946 81.9322 52.3154 427.579 214.519 1821.68 338656 251022
internal_count=1310867 168323 163348 149734 53700 42500 24709 6857 3285 3572 3093 578 192 155 3496 1191 126 1164 128 71 1036 235 167 102 66 545 277 2305 1142544 753696
cat_boundaries=0 1
cat_threshold=16
is_linear=0
shrinkage=0.05


Tree=159
num_leaves=31
num_cat=1
split_feature=6 8 10 2 16 17 8 17 8 10 8 6 17 10 10 10 6 16 8 17 9 8 10 9 17 16 18 16 18 10
split_gain=0.427217 0.465858 0.566173 0.462958 0.51424 0.586193 0.573844 0.566363 0.591312 1.02097 1.26236 1.16315 0.571334 1.25084 0.906177 0.700363 0.486152 0.476091 0.453385 0.453101 0.586833 0.477569 0.447527 0.431657 1.26782 0.418469 0.678564 0.397646 0.574244 0.397511
threshold=0.78656609248549303 1.2424533248940002 6.1117791469975336 0 0.78158162722824287 0.8075687721315542 8.336749862461053 0.65232474344564295 2.6735537653587351 6.2358486112362446 1.8688348091416842 0.98296291314453421 0.65185921791924917 7.6630053345060398 7.2537824175455921 6.6567834978476315 0.91597561503675351 0.81634941973475705 8.6112298167715426 0.64555464890881631 1.4978661367769956 5.4785512376367516 7.7168148692138958 1.0000000180025095e-35 0.65306806413895013 0.90374560103526036 1.0625000000000002 0.91681818959512318 1.0125000000000002 5.4792697198747033
decision_type=2 2 2 1 2 2 2 2 2 2 2 2 2 2 2 2 2 2 2 2 2 2 2 2 2 2 2 2 2 2
left_child=-1 2 -2 4 5 -3 7 8 9 -6 22 -12 -10 14 15 16 -14 -8 -19 20 -5 -21 -11 -4 -25 29 27 28 -27 -23
right_child=1 3 23 19 6 -7 17 -9 12 10 11 -13 13 -15 -16 -17 -18 18 -20 21 -22 25 -24 24 -26 26 -28 -29 -30 -31
leaf_value=-1.9611331371291452e-05 7.5280567111492977e-05 0.001502598810925416 0.00065440995932386926 -0.0019990264389109294 -8.2836975960863535e-05 -0.00053048747788642656 0.0024576801787499106 9.8711913437089799e-05 0.00010547651965512814 -0.0015462019454583504 -0.0021347469271798024 -0.0042379302071906917 -0.0014473035130275526 0.0012389344162079944 -0.0020225024982207132 0.0032829991810419735 -0.0028534581118797257 -0.0038984377295576164 -0.0014694005329308911 -4.9985234298335904e-05 0.0010972841189801734 -0.0019535366943357136 0.0010298845143337718 -0.0074349573081593642 -0.00039733658421035466 -0.0015231821131851176 -0.00095304900949623851 -0.00019088497016160334 -0.002224902912863549 -0.00040635317219801862
leaf_weight=338655.69250210747 14642.813933845609 5273.9118149504066 6046.4864404089749 80.589394092559814 376.06770956516266 952.64351469278336 27.934438556432724 9477.9273981973529 1194.8505217432976 99.767749786376953 158.14765524864197 37.1565021276474 17.693270742893219 55.621378779411316 16.409141540527344 19.646283388137817 23.124321579933167 17.846995882689953 35.175623618066311 8124.2828941047192 31.284437716007233 39.738287899643183 31.396868705749512 8.4860783815383893 37.800334356725216 20.387327156960968 8.41653925180435 48.734819859266281 5.6473235189914694 1904.9317723996937
leaf_count=1142544 49414 12638 19727 98 471 13580 93 33645 1498 125 198 46 21 68 20 24 28 60 123 28892 38 197 39 11 152 92 9 178 9 6829
internal_value=-1.57456e-05 0.00012254 0.000302285 -1.01947e-05 0.000143892 0.000510453 -5.29344e-05 -2.34237e-05 -0.000781377 -0.00195438 -0.00400014 -0.0065481 -0.000160528 -0.0032757 -0.00740814 -0.0045801 -0.00831346 -0.00424779 -0.00703088 -0.000277514 -0.00344242 -0.000242911 -0.000206228 0.000707319 -0.00410281 -0.00092932 -0.00440213 -0.00288702 -0.00787586 -0.000780766
internal_weight=387471 48814.9 20735.6 28079.3 17815.3 6226.56 11588.8 11507.8 2029.88 702.536 326.469 195.304 1327.34 132.494 76.873 60.4639 40.8176 80.9571 53.0226 10264 111.874 10152.1 131.165 6092.77 46.2864 2027.86 83.186 74.7695 26.0347 1944.67
internal_count=1310867 168323 69304 99019 62677 26218 36459 36183 2538 879 408 244 1659 161 93 73 49 276 183 36342 136 36206 164 19890 163 7314 288 279 101 7026
cat_boundaries=0 1
cat_threshold=11
is_linear=0
shrinkage=0.05


Tree=160
num_leaves=31
num_cat=1
split_feature=7 8 16 16 7 0 8 1 18 1 7 16 2 7 1 6 18 16 5 1 17 17 0 6 16 0 8 1 16 17
split_gain=0.380901 1.07728 0.674535 0.500028 0.464063 0.583852 0.500097 0.660887 0.466166 0.801672 0.463006 2.51294 0.590794 0.567211 0.509984 0.497517 0.870688 0.746509 0.496153 0.458445 1.11687 0.439123 0.432982 0.42335 0.419733 0.692981 0.416164 0.716088 0.415759 0.411236
threshold=3.7012257604091228 2.249904835165133 0.70095262182836504 0.9461910594647257 3.5972184255501678 20.500000000000004 1.7005986908310777 562.50000000000011 0.99583333333333346 893.50000000000011 7.4238668626505984 0.9461910594647257 0 4.6101453514146771 279.50000000000006 0.60355339059327384 1.0625000000000002 0.92481023624323644 -0.98296291314453399 192.50000000000003 0.66656010559132584 0.64632798978931005 102.50000000000001 0.91597561503675351 0.58123026540307288 141.50000000000003 1.0000000180025095e-35 428.50000000000006 0.861421261414552 0.64555464890881631
decision_type=2 2 2 2 2 2 2 2 2 2 2 2 1 2 2 2 2 2 2 2 2 2 2 2 2 2 2 2 2 2
left_child=3 2 22 4 24 6 7 -6 9 -9 13 12 21 26 15 -15 17 -17 -14 20 -5 -12 -2 -24 25 -1 27 -4 -20 -16
right_child=1 -3 10 19 5 -7 -8 8 -10 -11 11 -13 18 14 29 16 -18 -19 28 -21 -22 -23 23 -25 -26 -27 -28 -29 -30 -31
leaf_value=0.0037369570335174574 0.003110729204618079 -1.4701244724540236e-05 -0.00027438873388520096 -0.0034454761896177914 -0.0024551928768405222 -0.00021088852309870953 0.00017735680265997845 -0.00035077847415889503 0.0022133925988485192 -0.0042269725722679594 -0.0050740417133209167 -0.0056541036976065192 -0.0035050904785813609 -0.00011891669569350921 -0.00072227193336266019 -0.00075156302513306535 -0.0047004323252024588 -0.0044430848560524832 -0.00085025306693767852 0.002142629003011627 0.0059287028645419477 0.00067291733326364659 -0.0030826514376535068 -0.019089269678642547 -3.0486491045841198e-05 -0.0067449743181346921 2.507105426621109e-06 0.00047013327476567589 -0.0013838921787442775 0.00037969755863619396
leaf_weight=492.5236844420433 2187.0539537668228 170798.2376578413 1025.3970086500049 23.493477880954742 5.6443380601704112 5818.4189809858799 22.11126171797514 6.5330007746815699 13.847578916698692 7.2254020571708679 7.3395457863807669 6.6828099116682997 9.4176750741898996 697.47797543928027 207.58565264940262 106.51628026366234 16.632409833371639 7.6093840524554244 132.26554775983095 871.2058028653264 52.08086971193552 231.69866621494293 109.63911809772253 8.3603133335709554 149059.41910953447 6.4691541716456404 30473.00596511364 6386.077745243907 16.41759430617094 18795.180109515786
leaf_count=1565 5867 593131 3584 30 24 19159 70 25 24 36 9 25 25 2523 252 462 19 27 457 2902 206 822 285 24 487109 17 102771 22246 53 67186
internal_value=-2.10561e-06 3.86565e-05 0.000220106 -6.23767e-05 -6.93547e-05 -0.000505303 -0.00561577 -0.00949104 -0.00630361 -0.012822 0.000186836 -0.00150032 -0.000988664 0.000198641 0.000415289 -0.000799239 -0.00362951 -0.00207192 -0.00324596 0.0010832 -0.00265242 0.000614412 0.00105896 -0.00189126 -5.22332e-05 0.00139548 8.52347e-05 0.000421264 -0.00274634 0.000468224
internal_weight=387602 231223 60424.4 156379 155432 5873.78 55.3616 33.2503 27.606 13.7584 58119.3 403.822 397.139 57715.5 19831 828.236 130.758 114.126 158.101 946.78 75.5743 239.038 2305.05 117.999 149558 498.993 37884.5 7411.47 148.683 19002.8
internal_count=1310935 799768 206637 511167 508029 19338 179 109 85 61 200461 1391 1366 199070 70469 3031 508 489 535 3138 236 831 6176 309 488691 1582 128601 25830 510 67438
cat_boundaries=0 1
cat_threshold=11
is_linear=0
shrinkage=0.05


Tree=161
num_leaves=31
num_cat=1
split_feature=7 8 16 17 1 16 18 1 1 17 2 0 7 7 7 8 16 3 1 18 17 16 18 0 16 17 1 16 7 17
split_gain=0.362873 0.906089 0.838487 0.723626 1.22517 0.616302 0.599217 0.476871 0.465573 0.600009 0.44409 0.530567 0.440461 0.544176 1.44099 0.706428 0.544197 0.466284 0.609499 0.615292 0.832301 0.444736 0.446242 0.519536 0.418207 0.418001 0.682811 0.554565 0.472496 0.775881
threshold=3.4175922930736511 1.2424533248940002 0.82872382376875298 0.64991817661828988 192.50000000000003 0.91167763378283551 1.0208333333333335 3388.5000000000005 6033.5000000000009 0.64555464890881631 0 94.500000000000014 2.524928003624769 2.3502401828962087 1.5890269151739729 1.0000000180025095e-35 0.83626252219812136 1.0000000180025095e-35 2508.5000000000005 1.0125000000000002 0.66268314391858796 0.85672772824506083 1.0875000000000001 49.500000000000007 0.70870188235304732 0.64805509467998179 3522.5000000000005 0.92481023624323644 3.9981586158983733 0.64725493382190846
decision_type=2 2 2 2 2 2 2 2 2 2 1 2 2 2 2 2 2 2 2 2 2 2 2 2 2 2 2 2 2 2
left_child=5 2 8 4 -4 12 -5 -8 24 -10 11 -6 13 14 -1 21 -16 18 19 20 -18 22 -15 -24 -2 28 27 -27 29 -12
right_child=1 -3 3 6 10 -7 7 -9 9 -11 25 -13 -14 15 16 -17 17 -19 -20 -21 -22 -23 23 -25 -26 26 -28 -29 -30 -31
leaf_value=9.7358091989165063e-06 0.0031728566100308279 -4.2708186048477648e-06 -0.00325188987476297 -6.477221390394223e-05 0.00075995792423843786 0.00081917797818374877 0.00032875890339452223 0.0025829440636211788 -0.0026158292057173907 0.0027081346315314977 -2.0832171591315951e-05 -0.0020466564234624704 -0.00011460971238738613 0.00026568292973082748 -0.00048496688785284878 -0.00073022317963681064 -0.0045128830182931765 0.00010961255321235222 -0.0030056593195736158 0.0013874256336735447 -0.00082574948430583087 -0.00018422369023635837 -0.0034251196943904413 0.0096135533768482995 0.00022999088523492501 0.00032817050731091812 -0.0019215987156800257 -0.0027191139689360503 -0.0013140134466821788 -0.0026372250000676702
leaf_weight=56104.726567395031 1769.7004555165768 214907.19448485598 18.215242803096771 8138.7929311916232 235.58050584793091 2342.5534208193421 1277.8834070563316 101.69019788503647 10.712859153747557 1154.3593577370048 214.1468825340271 20.204582095146179 50613.156374581158 14976.27217964083 6999.8652132973075 382.82754873484373 4.6679274439811698 2095.6060190498829 9.8345245495438558 121.39752382040024 267.54338196665049 1945.0360733270645 9.1954104751348478 5.6276642456650725 23220.615562718362 364.64424705505371 32.130927383899689 24.02474170923233 195.73778259754181 37.62407648563385
leaf_count=183041 4616 742292 23 31770 296 8020 1444 116 13 3957 264 25 165442 48376 22993 1257 7 6467 26 180 1060 6200 27 43 82156 463 41 31 242 47
internal_value=-2.05658e-06 3.34875e-05 0.00026268 -0.000111075 -0.00130019 -6.79043e-05 3.16315e-05 0.000995213 0.000415019 0.00139202 -0.00109175 0.000736872 -8.20082e-05 -1.10635e-05 -7.68747e-05 0.000238227 -0.000646382 -1.29958e-05 -0.00156957 -0.00126238 -0.00258255 0.000286238 0.00037853 -0.00829251 0.000369471 -0.00162024 -0.000507585 7.15153e-05 -0.0027027 -0.00127017
internal_weight=387602 251723 36816.1 10660.7 1142.31 135878 9518.37 1379.57 26155.4 1165.07 1124.09 255.785 133536 82922.6 65603.6 17319 9498.91 2499.05 403.443 393.609 272.211 16936.1 14991.1 14.8231 24990.3 868.309 420.8 388.669 447.509 251.771
internal_count=1310935 867796 125504 34762 1432 443139 33330 1560 90742 3970 1409 321 435119 269677 213774 55903 30733 7740 1273 1247 1067 54646 48446 70 86772 1088 535 494 553 311
cat_boundaries=0 1
cat_threshold=16
is_linear=0
shrinkage=0.05


Tree=162
num_leaves=31
num_cat=0
split_feature=10 9 7 0 9 7 4 0 17 9 1 16 18 0 3 1 1 7 0 1 3 0 16 16 9 1 17 16 16 1
split_gain=0.410263 0.557608 0.527012 0.481303 0.772023 1.56803 1.83521 0.654956 1.00075 0.447111 0.420958 0.520777 0.500649 0.670501 0.384461 0.366631 0.528799 0.351561 0.73685 0.655585 0.473644 0.451385 0.923994 0.988741 0.506556 0.5244 1.1451 0.421749 0.801186 0.787795
threshold=7.9397739131828367 4.6101453514146771 7.8933854715247564 87.500000000000014 0.89587973461402759 9.0446395749334112 3.5000000000000004 98.500000000000014 0.66164817016019506 5.3008111373035574 1143.5000000000002 0.70870188235304732 1.0875000000000001 58.500000000000007 1.0000000180025095e-35 1797.5000000000002 1886.5000000000002 8.4806329307251342 19.500000000000004 548.50000000000011 1.0000000180025095e-35 88.500000000000014 0.77205513822544292 0.76875055652117463 1.0000000180025095e-35 371.50000000000006 0.65266048731061865 0.79940033165848312 0.80217785889642024 388.50000000000006
decision_type=2 2 2 2 2 2 2 2 2 2 2 2 2 2 2 2 2 2 2 2 2 2 2 2 2 2 2 2 2 2
left_child=2 10 9 -4 5 7 -7 8 -5 -1 12 -12 17 -14 -13 -11 -17 20 19 -19 21 -2 23 24 -23 -26 -27 29 -29 -22
right_child=1 -3 3 4 -6 6 -8 -9 -10 15 11 14 13 -15 -16 16 -18 18 -20 -21 27 22 -24 -25 25 26 -28 28 -30 -31
leaf_value=-7.4927125404689043e-06 0.00057099536572155843 -0.00022873360662004628 -0.00011653077839733281 -0.0023094689491485161 -0.00054718783382345655 -0.0034383339529339228 -0.0086116824464902188 4.6442194179848342e-05 -0.000994155884987956 0.0011614233489209336 0.0038204489502838613 0.0025384090355808119 -0.00038933253692506473 -0.0011202246412855763 0.00021012561116127011 -0.0053486351287507566 0.00047805885139816308 0.001660569647054716 0.00021871580428675687 -0.0018707884463017314 -0.00077452965220405697 -0.00064037144424133061 0.00096233505714101374 -0.0055122494542458322 0.0018766498315422372 -0.0082457685958739722 -0.0054953596051671482 -0.0013682433542101713 -0.00015902435338983821 0.0001919495506948435
leaf_weight=321897.58632647246 4881.6339648738503 3691.6815721616149 9625.5330323055387 10.769364774227141 1142.9241193160415 7.4397663734853294 8.8919481337070447 52.027735635638237 35.560556568205357 277.03744151070714 1852.3753999471664 917.34217369556427 9.3634199500083906 4.88667207956314 23786.727795433253 9.3353561870753747 147.28399865701795 6.4050375148654011 5870.1516591385007 15.00089108198881 526.88074550405145 128.85494222119451 321.99656467139721 13.513173535466192 24.958935778588057 15.417134761810301 71.266501415520906 242.64540236443281 6368.5199736058712 5637.5564683042467
leaf_count=1095059 15320 12253 37459 14 4364 28 31 173 157 975 4495 3078 48 28 75444 31 512 22 19822 44 1730 391 961 31 90 19 275 643 18569 18869
internal_value=-1.3311e-06 0.000125996 -2.21135e-05 -0.000364323 -0.00128422 -0.00519496 -0.0195424 -0.00281265 -0.00713638 -1.05591e-05 0.000169199 0.000306566 1.80767e-05 -0.00935106 0.000245935 0.00159384 -0.000339724 2.36109e-05 0.000359391 -0.00890042 -8.48871e-05 0.000305012 -0.00101875 -0.00327346 -0.00253401 -0.00499928 -0.00683806 -0.000251449 -0.000528854 4.60589e-05
internal_weight=387602 54387.2 333214 10883.1 1257.61 114.689 16.3317 98.3577 46.3299 322331 50695.5 26556.4 24139.1 14.2501 24704.1 433.657 156.619 24124.8 5891.56 21.4059 18233.2 5457.64 576.007 254.011 240.498 111.643 86.6836 12775.6 6611.17 6164.44
internal_count=1310935 172132 1138803 42226 4767 403 59 344 171 1096577 159879 83017 76862 76 78522 1518 543 76786 19888 66 56898 17087 1767 806 775 384 294 39811 19212 20599
is_linear=0
shrinkage=0.05


Tree=163
num_leaves=31
num_cat=1
split_feature=10 9 1 9 9 17 9 17 2 1 0 17 1 9 10 10 6 0 10 10 10 0 9 1 1 9 10 9 1 6
split_gain=0.37198 0.48624 0.40151 0.37696 0.593098 0.725376 0.742797 1.22466 0.596871 0.883863 1.18461 0.970073 0.86609 0.848648 0.913585 1.07122 1.01265 0.822062 0.838678 0.613717 0.555288 0.465535 0.431975 0.692175 1.20701 0.50895 0.787553 0.43928 0.480912 0.447507
threshold=7.9397739131828367 4.6101453514146771 1143.5000000000002 2.6735537653587351 4.7749040587885982 0.6657714024266651 4.7140145363037149 0.65306806413895013 0 1027.5000000000002 96.500000000000014 0.66268314391858796 459.50000000000006 2.740319461670996 7.3161142606381642 4.9336050502534485 1.0000000180025095e-35 64.500000000000014 7.4785793946460926 7.8834697857258513 7.4931540695953087 62.500000000000007 3.1567740231385479 2876.5000000000005 3011.5000000000005 2.9174053685313028 7.3316652221561238 3.5694334999727624 618.50000000000011 1.0000000180025095e-35
decision_type=2 2 2 2 2 2 2 2 1 2 2 2 2 2 2 2 2 2 2 2 2 2 2 2 2 2 2 2 2 2
left_child=3 2 -2 -1 5 6 8 -8 9 10 11 12 -5 14 15 -10 20 18 -13 -11 -16 -21 23 -15 -25 -26 -27 28 -24 -29
right_child=1 -3 -4 4 -6 -7 7 -9 13 19 -12 17 -14 22 16 -17 -18 -19 -20 21 -22 -23 27 24 25 26 -28 29 -30 -31
leaf_value=-6.5529529883839871e-06 1.0585181729354937e-05 -0.00021729692628904423 0.0003205468640690129 0.00033627114099710805 0.00025602754889365729 -7.6742322900336818e-05 -0.0020931252408089638 -0.00026372590507733678 -0.0024831936410167304 0.0011247508439940518 -0.0023861722983550301 -0.00049552147313641911 -0.00071264307209597264 0.00026929657376977906 -0.0035049153453722299 0.00316001629858257 -0.0048455511117175215 0.0032051296517699502 -0.0023196932590654885 -0.0048339227679332466 -0.001522797617185258 0.0040672223862351807 -0.0016348161066536936 -0.0047661945307925641 0.0012828948256809983 -0.0044298590754737908 -3.9341722334508561e-05 -0.00015216510478019627 -0.0011440587700319708 -0.0014837381245772123
leaf_weight=318048.24857838079 24139.051486801356 3691.6815721616149 26556.445369075984 283.32627218961716 2401.4944155439734 8648.7560535334051 17.629107475280762 22.897165358066559 20.374031543731689 672.89843904972076 35.15974634885788 37.20476245880127 339.20100790262222 633.61579024791718 18.196128010749817 64.085426688194275 25.2564657330513 19.242305517196655 30.863315463066101 30.344053745269775 40.622043788433075 16.943369150161743 26.729690492153168 18.132693707942963 77.985734224319458 38.442635953426361 51.955871820449829 695.33830499649048 570.99543809890747 328.45079851150513
leaf_count=1082496 76862 12253 83017 351 9002 42129 22 29 23 854 43 54 421 795 23 82 30 29 42 39 50 21 35 22 98 48 66 869 720 410
internal_value=-1.61241e-06 0.000119629 0.000159973 -2.14014e-05 -0.000264938 -0.000400561 -0.000946938 -0.00768272 -0.000879956 -6.70504e-05 -0.00127494 -0.000831202 -0.000138978 -0.00133091 -0.00476761 -0.00109471 -0.00845732 -0.00576679 -0.00834635 0.00118152 -0.0048615 -0.00432445 -0.00109914 -0.000164005 -0.00284126 -0.00152134 -0.00407454 -0.00157212 -0.00264917 -0.000943302
internal_weight=387602 54387.2 50695.5 333214 15166.1 12764.6 4115.89 40.5263 4075.36 1465.18 744.997 709.838 622.527 2610.18 168.534 84.4595 84.0746 87.3104 68.0681 720.186 58.8182 47.2874 2441.65 820.133 186.517 168.384 90.3985 1621.51 597.725 1023.79
internal_count=1310935 172132 159879 1138803 56307 47305 5176 51 5125 1854 940 897 772 3271 208 105 103 125 96 914 73 60 3063 1029 234 212 114 2034 755 1279
cat_boundaries=0 1
cat_threshold=20
is_linear=0
shrinkage=0.05


Tree=164
num_leaves=31
num_cat=0
split_feature=10 7 0 9 7 4 0 17 9 9 1 3 16 17 16 4 16 17 16 5 7 18 1 1 18 4 10 17 0 17
split_gain=0.35235 0.466446 0.458055 0.779035 1.53285 1.79759 0.654956 1.00075 0.435579 0.418013 0.381743 0.515393 0.383139 0.380598 0.401879 0.355534 0.539853 0.382277 0.356594 0.354338 0.439689 0.697906 0.347205 0.528799 0.344239 0.386408 0.5058 0.445614 0.530247 0.74048
threshold=7.9397739131828367 7.8933854715247564 87.500000000000014 0.89587973461402759 9.0446395749334112 3.5000000000000004 98.500000000000014 0.66164817016019506 4.6101453514146771 5.3008111373035574 1143.5000000000002 1.0000000180025095e-35 0.70870188235304732 0.64675799809678969 0.80368004095377399 2.5000000000000004 0.81901187298636557 0.79511789486517703 0.86765078569965659 0.78656609248549325 7.9503261612304357 1.0458333333333336 1797.5000000000002 1886.5000000000002 0.91250000000000009 4.5000000000000009 7.5660670078195009 0.6657714024266651 63.500000000000007 0.64805509467998179
decision_type=2 2 2 2 2 2 2 2 2 2 2 2 2 2 2 2 2 2 2 2 2 2 2 2 2 2 2 2 2 2
left_child=1 9 19 4 6 -6 7 -4 10 24 -2 13 -13 14 -12 16 -14 -18 -19 -3 21 -21 -11 -24 -1 -26 27 28 -27 -30
right_child=8 2 3 -5 5 -7 -8 -9 -10 22 11 12 15 -15 -16 -17 17 18 -20 20 -22 -23 23 -25 25 26 -28 -29 29 -31
leaf_value=-0.00014828493067002154 1.0055922642887226e-05 -0.00018508488858895653 -0.002193667854041671 -0.00051599132598726674 -0.0032660896076378066 -0.0081807706765162896 4.4447732120275059e-05 -0.00094412044308913874 -0.00020643207997459169 0.0010905508040302042 0.00096429425905583406 0.003226454510146276 -0.00036815464344006624 0.0031864980618342659 -0.0027232840110889625 0.00043340149174405512 0.00061034847954612593 -0.00064381609524106283 0.001112685930539005 -0.00038183029346718913 0.0002918541829019756 -0.0016834892785407424 -0.0050940047497579008 0.00044135453138357194 -1.3256666543276161e-05 -0.00023282589286891775 0.00068696687213666292 0.00014034392438761617 0.0011836438191346298 -3.6782539621843528e-05
leaf_weight=11827.955843899399 24139.051486801356 7799.9965800009668 10.769364774227141 1142.9241193160415 7.4397663734853294 8.8919481337070447 52.027735635638237 35.560556568205357 3691.6815721616149 277.03744151070714 34.667547821998596 1734.424974322319 4954.4714179299772 983.64995837211609 16.975093126296997 15464.460542924702 2313.9568464905024 733.21328639239073 320.62570169568062 110.22850797697902 1685.3702322915196 29.937712036073208 9.3353561870753747 147.28399865701795 261821.50758242607 9238.8436630368233 5169.4762271866202 26938.041656609625 1296.3851525187492 5605.3762007951736
leaf_count=155099 76862 30427 14 4364 28 31 173 157 12253 975 43 4214 15933 3295 21 49258 4537 3951 1765 470 6526 36 31 512 793937 11568 15511 110313 1603 7028
internal_value=-1.00785e-06 -2.02676e-05 -0.000342213 -0.00123962 -0.00516808 -0.0193536 -0.00281265 -0.00713638 0.000116991 -9.39749e-06 0.000155175 0.000285987 0.000241622 0.00137962 -0.00280434 0.000189309 -7.41964e-05 0.000414245 -0.000375118 -0.000224963 0.00040211 -0.00228864 0.00154192 -0.000339724 -1.14874e-05 -1.38868e-06 0.000128636 7.25556e-05 -0.000135195 0.000196378
internal_weight=387602 333214 10883.1 1257.61 114.689 16.3317 98.3577 46.3299 54387.2 322331 50695.5 26556.4 25521.2 1035.29 51.6426 23786.7 8322.27 3367.8 1053.84 9625.53 1825.54 140.166 433.657 156.619 321898 310070 48248.1 43078.6 16140.6 6901.76
internal_count=1310935 1138803 42226 4767 403 59 344 171 172132 1096577 159879 83017 79658 3359 64 75444 26186 10253 5716 37459 7032 506 1518 543 1095059 939960 146023 130512 20199 8631
is_linear=0
shrinkage=0.05


Tree=165
num_leaves=31
num_cat=1
split_feature=6 2 16 17 10 7 7 7 17 1 1 5 16 17 16 16 5 1 10 17 7 16 1 6 1 6 10 7 10 1
split_gain=0.386413 0.497658 0.82991 0.558361 0.434436 0.542885 0.590901 0.433524 0.413943 0.632257 0.384734 0.375513 0.484045 0.477133 1.23062 1.15694 2.24989 1.63107 0.755276 0.548013 0.818731 0.677332 0.598899 1.38059 0.486832 0.486225 0.48808 0.554828 0.539074 0.536544
threshold=0.78656609248549303 0 0.79837705762624855 0.79859880500124858 6.8731336345561873 8.3611239442808785 8.4806329307251342 8.3191080320121937 0.64555464890881631 689.50000000000011 2279.5000000000005 0.60355339059327384 0.88926421891343954 0.65266048731061865 0.84649134540172921 0.8470278619941235 0.98296291314453421 646.50000000000011 4.887860577895828 0.65306806413895013 9.1195400016540109 0.81953658246555017 2112.5000000000005 -0.37940952255126015 412.50000000000006 0.37940952255126048 4.4818906257795668 3.8393944990995772 7.1576715141565419 1360.5000000000002
decision_type=2 1 2 2 2 2 2 2 2 2 2 2 2 2 2 2 2 2 2 2 2 2 2 2 2 2 2 2 2 2
left_child=11 2 3 4 7 -6 -7 -2 9 -4 -3 -1 13 14 24 16 17 18 -16 20 21 22 25 -24 -13 26 -15 28 -28 -29
right_child=1 10 8 -5 5 6 -8 -9 -10 -11 -12 12 -14 19 15 -17 -18 -19 -20 -21 -22 -23 23 -25 -26 -27 27 29 -30 -31
leaf_value=-3.2814092976962698e-05 0.00076147400285958154 -2.8650721007145859e-05 0.0028543585244641106 -0.00017098467991941287 0.0026751626588190584 -0.0065293143362344236 0.00098672441892776598 -0.0078878602874146546 2.0360349211356878e-05 -0.0019234552446233692 0.0011140295037249503 -0.00014745139481039116 0.00038212793412182038 0.00022783164498441991 -0.0021352993681862976 -0.00015650461335302431 -0.0017078168404922546 0.00038766679300501349 -0.00099723113665363904 -4.8152777561011328e-06 -0.0034213148711425851 0.00054899150678869508 0.0019984545948533356 -0.0038349383490319678 0.00040782083510022967 0.00092832646994556872 -0.0022684282127456673 -0.0012509178212600129 -0.0019867449173902041 0.0073072551704221542
leaf_weight=239757.58941904828 4086.2816085740924 28230.110534820706 19.743624150753021 1545.3536561131477 2978.0272389724851 49.024720937013626 481.55198819935322 14.261655479669569 10499.11851169914 87.16718453168869 927.53563063591719 1980.0476551055908 4049.1928922310472 116.06355994939804 24.457866907119751 2047.584183216095 25.260679423809052 107.86304932832718 26.620254278182983 76611.743136513978 16.261414468288422 205.65364074707031 43.853121638298035 96.768002271652222 13262.857586026192 96.617728710174561 65.837465584278107 114.55962938070297 21.214605689048767 35.344367384910583
leaf_count=810910 8671 97032 24 18815 6299 99 985 28 33024 106 3197 2477 14013 164 31 2566 32 135 33 294542 23 291 62 137 16600 137 93 162 30 50
internal_value=-7.8426e-06 0.000123518 0.000317158 0.000666093 0.00084207 0.0012505 -0.000222988 0.000492599 1.6276e-05 -0.00307921 -7.81943e-06 -2.68147e-05 5.51364e-05 3.22929e-05 0.000268282 -0.000828284 -0.00462382 -0.00242085 -0.00978134 -2.09703e-05 -0.00131294 -0.00108602 -0.00194699 -0.00479493 0.000428836 -0.00105631 -0.00191648 -0.00321764 -0.00639256 -0.00137391
internal_weight=387624 48918.2 19760.5 9154.5 7609.15 3508.6 530.577 4100.54 10606 106.911 29157.6 338705 98947.8 94898.6 17474.7 2231.79 184.202 158.941 51.0781 77423.9 812.174 795.912 590.258 140.621 15242.9 449.637 353.02 236.956 87.0521 149.904
internal_count=1310768 168280 68051 34897 16082 7383 1084 8699 33154 130 100229 1142488 331578 317565 21874 2797 231 199 64 295691 1149 1126 835 199 19077 636 499 335 123 212
cat_boundaries=0 1
cat_threshold=10
is_linear=0
shrinkage=0.05


Tree=166
num_leaves=31
num_cat=0
split_feature=6 1 10 9 0 18 0 18 18 8 8 1 1 0 10 9 10 18 8 10 9 5 8 8 6 10 1 0 9 4
split_gain=0.344422 0.410555 0.481133 0.465997 0.490064 0.435129 0.428315 0.557564 0.871511 0.667733 0.711758 0.415818 0.381883 0.373434 0.439164 0.485547 0.368788 0.452221 0.346416 0.420862 0.73983 0.34616 0.343343 0.548505 0.332196 0.520832 0.441232 0.487939 0.43237 0.395551
threshold=0.78656609248549303 3522.5000000000005 5.6929629503794645 3.9019216517693867 94.500000000000014 0.9208333333333335 41.500000000000007 1.0208333333333335 1.0791666666666668 3.1132683346437333 0.89587973461402759 2090.5000000000005 5086.5000000000009 46.500000000000007 6.1848857164332625 4.1820210059610323 5.6357330754872352 1.0458333333333336 8.806355825888863 8.1533614626534874 6.5631498101129244 0.60355339059327384 6.3126414277150058 6.6877316609066391 0.37940952255126048 0.013072537315072533 467.50000000000006 15.500000000000002 4.1026092131977068 4.5000000000000009
decision_type=2 2 2 2 2 2 2 2 2 2 2 2 2 2 2 2 2 2 2 2 2 2 2 2 2 2 2 2 2 2
left_child=21 3 16 5 11 -2 7 -4 9 10 -9 13 -11 -5 15 -15 -3 -18 -16 -20 -21 24 -17 -24 -1 29 28 -28 -27 -26
right_child=1 2 6 4 -6 -7 -8 8 -10 12 -12 -13 -14 14 18 22 17 -19 19 20 -22 -23 23 -25 25 26 27 -29 -30 -31
leaf_value=-1.9904558064274409e-05 -0.0003217467288917031 2.2178161303640367e-05 0.0013130112736051511 0.00039638957488289766 0.0024560289953441056 9.4110585362199026e-05 0.0025099064626496418 -0.0039403047893828346 0.0015732696481108685 -0.0044209604728469732 0.0035893891130948392 -0.0026912497953226369 -0.0087036004516981621 -0.0031999967828396352 -0.00051666148788989468 0.0010430682785474506 -0.0020917586202112734 -0.0059360628482678108 0.00010990749954201251 -0.0021288636444333217 -0.0032311598700933983 3.2875020228140607e-05 -0.0041635552759979088 0.0015553545455575702 -0.00028933410244252406 -0.00025614850775211654 -0.0054036939844620286 -4.9139892467075372e-05 0.00088150043273657695 -0.00087893268011596812
leaf_weight=208655.66663930193 3005.8760687410831 2014.3153249546885 318.11280764639378 302.24663151428103 108.59206718206406 39255.245369140059 2765.6979413218796 23.266441404819489 52.744815491139889 24.252095818519592 33.424986500293016 234.9114612005651 19.992388665676117 11.682752791792153 662.05889934673905 16.422508608549837 24.847557116299871 5.0006358027458182 12.308447703719141 10.900774706155063 7.0418145805597296 98947.800838854164 4.3450937792658788 4.8894700966775417 2447.5602449662983 3081.7515702731907 11.017892006784676 25161.504267759621 73.407109010964632 326.68169572949409
leaf_count=704279 37877 7036 1419 1134 350 107454 9312 29 56 31 42 791 25 38 2354 74 108 6 41 31 24 331578 17 31 8401 10561 36 86203 277 1153
internal_value=-8.08227e-06 0.000115936 0.000532288 6.5542e-05 -0.000840175 9.50188e-05 0.000911491 -0.00048094 -0.00295393 -0.00567578 -0.00208309 -0.0011165 -0.0102792 -0.000684289 -0.00129647 -0.00657837 -6.82827e-05 -0.00558531 -0.00101159 -0.00624395 -0.0111285 -2.59939e-05 -0.00273096 -0.0104443 -5.84663e-05 -0.000210908 -0.000146876 -7.70137e-05 -0.000704256 -0.000864728
internal_weight=387624 48918.2 5281.65 43636.5 1375.4 42261.1 3237.49 471.794 153.681 100.936 56.6914 1266.81 44.2445 1031.9 729.65 37.3398 2044.16 29.8482 692.31 30.251 17.9426 338705 25.6571 9.23456 239758 31101.9 28327.7 25172.5 3155.16 2774.24
internal_count=1310768 168280 18064 150216 4885 145331 10914 1602 183 127 71 4535 56 3744 2610 160 7150 114 2450 96 55 1142488 122 48 810910 106631 97077 86239 10838 9554
is_linear=0
shrinkage=0.05


Tree=167
num_leaves=31
num_cat=0
split_feature=5 16 16 16 4 5 1 4 17 16 17 9 16 1 3 8 10 0 10 17 7 7 16 17 1 17 7 16 16 4
split_gain=0.302569 0.466105 0.521504 0.500257 0.953896 0.498747 0.767384 0.982413 0.603787 0.871737 0.833137 0.720067 0.606931 0.512962 0.474273 0.46153 0.794836 0.630788 0.535383 0.515939 0.428205 1.5814 0.505636 0.529114 0.573398 0.381 0.442178 0.971826 0.668136 0.587472
threshold=0.12940952255126045 0.78226511065443993 0.81536292963384094 0.8127814019877837 2.5000000000000004 0.60355339059327384 4473.5000000000009 1.5000000000000002 0.72406633601923109 0.81327991938713906 0.64853776465145774 3.2769667020129059 0.81496621376278278 870.50000000000011 1.0000000180025095e-35 4.7749040587885982 7.2846924547368088 55.500000000000007 7.4355970572708285 0.79327143578745274 4.166635176627655 5.9571310312473074 0.81399107482384137 0.64675799809678969 801.50000000000011 0.64991817661828988 5.3589392201907193 0.77968850705887938 0.8423321668866619 1.5000000000000002
decision_type=2 2 2 2 2 2 2 2 2 2 2 2 2 2 2 2 2 2 2 2 2 2 2 2 2 2 2 2 2 2
left_child=25 -2 3 -3 5 6 -5 -8 10 15 20 14 -11 -13 -12 17 -17 18 -10 -19 22 -22 23 -7 -25 26 27 -1 -28 -30
right_child=1 2 -4 4 -6 8 7 -9 9 12 11 13 -14 -15 -16 16 -18 19 -20 -21 21 -23 -24 24 -26 -27 28 -29 29 -31
leaf_value=-0.00068194374660861539 0.00016623022470872996 -5.5954620865292934e-05 3.2654502270183794e-05 -0.0004122279950940139 0.00011105798644165319 0.00033199255458098121 -0.003378101036027543 -0.0012976178339425784 0.00040241116300021931 0.00020481589547238015 -0.00073321481019423401 -0.0018350736339937273 -0.00060130377718266162 -0.0011329455887052052 0.00038147060981090779 -0.0017496548774770674 -0.0011113722914565527 -0.00035293513780680841 -0.0013399447839700679 -0.0018222635525666311 -0.0017918872086709087 0.00023262553313313785 0.0017271142421446007 -0.0011414497942975332 -0.00077716872488591069 -9.5284416316225591e-06 0.0001698628972391647 -3.3265719067189507e-05 0.00096478437886062256 -0.00042690448043124777
leaf_weight=7549.1895634755492 56343.863466847688 34670.897411592305 62207.520377136767 855.28977929800749 1959.5324542671442 30.84274286031723 12.001948505640032 19.243465147912502 42.279974929988384 337.3698698207736 64.4328733086586 14.552933096885683 259.82889944314957 14.16448539495468 605.26742279529572 7.2956726402044323 12.020070791244505 17.33507613837719 7.686952292919158 38.488004982471466 21.964222252368927 23.520059764385223 22.54407811164856 16.174580454826355 17.301447153091431 199612.82917908579 8098.1835615858436 13024.604937255383 229.90333449840546 1487.4377670884132
leaf_count=9498 221998 98184 198086 1864 5759 38 24 58 121 1253 88 21 748 20 828 20 37 36 22 109 27 29 28 20 22 743091 10182 16395 290 1872
internal_value=-7.50553e-06 4.58569e-05 -1.82745e-05 -0.000161441 -0.000663718 -0.00132358 -0.00226981 -0.00996629 -0.000783445 -0.00184074 0.000135814 0.000825083 -0.00104571 -0.00692786 0.00115754 -0.00563584 -0.012743 -0.00433817 -0.00025728 -0.00799095 -0.00350157 -0.00743187 -0.00144354 -0.00370203 -0.008055 -4.4075e-05 -0.000209005 -0.000340742 6.71214e-05 -0.000828679
internal_weight=387624 157621 101278 39070 4399.14 2439.6 886.535 31.2454 1553.07 722.305 830.765 698.418 597.199 28.7174 669.7 125.106 19.3157 105.79 49.9669 55.8231 132.347 45.4843 86.8628 64.3188 33.476 230002 30389.3 20573.8 9815.52 1717.34
internal_count=1310768 529440 307442 109356 11172 5413 1946 82 3467 2346 1121 957 2001 41 916 345 57 288 143 145 164 56 108 80 42 781328 38237 25893 12344 2162
is_linear=0
shrinkage=0.05


Tree=168
num_leaves=31
num_cat=1
split_feature=6 2 16 17 10 7 7 8 16 7 8 0 16 1 18 8 16 7 1 17 0 18 0 10 16 0 17 17 0 16
split_gain=0.329546 0.422191 0.774246 0.499855 0.429468 0.507591 0.590901 0.487426 0.670529 0.429116 0.401845 0.444833 0.582202 0.369381 0.346078 0.330167 0.73864 0.429185 0.395342 0.378338 0.326592 0.928663 0.320594 0.644795 0.495891 1.06606 0.386653 0.480541 0.353412 0.425052
threshold=0.78656609248549303 0 0.79837705762624855 0.79859880500124858 6.8731336345561873 8.3611239442808785 8.4806329307251342 6.4808108456015434 0.77844195728709664 8.3191080320121937 8.336749862461053 62.500000000000007 0.81634941973475705 2279.5000000000005 0.99583333333333346 1.0000000180025095e-35 0.8784123464990774 2.6735537653587351 2090.5000000000005 0.79273943809408642 118.50000000000001 1.0791666666666668 91.500000000000014 8.1894716571980375 0.88321570753224454 98.500000000000014 0.66656010559132584 0.78929913144171537 29.500000000000004 0.93504912530908568
decision_type=2 1 2 2 2 2 2 2 2 2 2 2 2 2 2 2 2 2 2 2 2 2 2 2 2 2 2 2 2 2
left_child=-1 2 3 4 9 20 7 8 -7 -2 -4 12 -12 15 -14 18 -17 -18 -3 -20 -6 -22 28 24 25 -24 -26 -28 29 -19
right_child=1 13 10 -5 5 6 -8 -9 -10 -11 11 -13 14 -15 -16 16 17 22 19 -21 21 -23 23 -25 26 -27 27 -29 -30 -31
leaf_value=-1.3489285290689893e-05 0.0007191711955300738 0.00018139818510162081 9.980323495918654e-06 -0.00017386185449613374 0.0027383565081968361 0.0057393776147237176 0.00092418952385130843 -0.014800675700463825 -0.0069105723813655722 -0.0073673979281397477 0.010706140065112167 -2.7363967299559589e-05 -0.0016510433622912166 0.001054098921352173 -0.0063054871335955949 -6.1404280409016465e-05 -0.00037294468922702831 -0.0012518533760757249 -0.0010367576346944727 0.00038659249447560998 0.00053646145203943704 -0.0096253307987232556 -0.0039616655777007471 -0.0042250366746541881 0.0029621713984616959 0.0021200094308441832 -0.00431154416739321 -0.00082372943458734749 -0.00049093298009966551 0.0028897372534906146
leaf_weight=338705.39025790244 4086.2816085740924 9316.6971496380866 10559.444803148508 1545.3536561131477 2887.2994945570827 26.52023646235466 481.55198819935322 11.267014905810354 11.237469568848608 14.261655479669569 6.8913630694150951 24.829064197838306 7.6828988492488843 927.53563063591719 7.1811911165714264 16959.127513997257 7.6420188993215552 58.730895087122917 279.7734148427844 176.13225971162319 78.590948954224586 12.136795461177824 11.171777598559858 11.386370651423929 22.062613129615784 12.190853923559187 10.908822268247603 53.698870413005352 1298.2712812647223 12.316693395376204
leaf_count=1142488 8671 30828 32995 18815 6111 48 985 28 23 28 24 87 34 3197 14 59464 25 209 459 1090 175 13 36 32 29 45 20 285 4470 40
internal_value=-7.47885e-06 0.000113832 0.000292186 0.000629209 0.000795711 0.0012018 -0.000222988 -0.00545257 -0.00272913 0.000448244 1.56238e-06 -0.00463208 -0.00985176 -7.13874e-06 -0.0154211 -3.93994e-05 -0.000163822 -0.00122794 0.000195597 -0.00124203 0.00145565 -0.00149818 -0.00116735 -0.00362974 -0.00245763 -0.00892274 -0.000714907 -0.00266647 -0.000949012 -0.00438275
internal_weight=387624 48918.2 19760.5 9154.5 7609.15 3508.6 530.577 49.0247 37.7577 4100.54 10606 46.5845 21.7555 29157.6 14.8641 28230.1 18457.5 1498.38 9772.6 455.906 2978.03 90.7277 1490.74 121.419 110.033 23.3626 86.6703 64.6077 1369.32 71.0476
internal_count=1310768 168280 68051 34897 16082 7383 1084 99 71 8699 33154 159 72 100229 48 97032 64655 5191 32377 1549 6299 188 5166 447 415 81 334 305 4719 249
cat_boundaries=0 1
cat_threshold=10
is_linear=0
shrinkage=0.05


Tree=169
num_leaves=31
num_cat=0
split_feature=6 16 1 16 16 17 5 4 7 1 16 10 17 17 17 10 0 16 1 16 10 18 10 0 7 5 1 0 9 0
split_gain=0.276373 0.380445 0.714564 0.653735 0.548702 0.644292 0.43176 0.532379 0.594483 0.41597 0.363874 0.349146 0.389795 0.352547 0.425041 0.745756 0.503092 0.500245 0.909985 0.651914 0.348333 0.401259 0.828615 0.921504 0.86506 1.00145 1.50584 0.679685 0.657075 0.825133
threshold=0.78656609248549303 0.78950820384860276 2279.5000000000005 0.76654570564470936 0.76640384685231278 0.66764792291798603 0.12940952255126045 2.5000000000000004 9.4940897185655437 176.50000000000003 0.97182285662211954 6.8164374793755229 0.79391760427172142 0.64725493382190846 0.65721354409355948 6.6773997267357688 51.500000000000007 0.75487371117856195 4123.5000000000009 0.74058505004740149 8.3679307178720688 1.0791666666666668 7.7029209498175364 56.500000000000007 6.1537953943602615 -1.0000000180025095e-35 1520.5000000000002 33.500000000000007 1.4978661367769956 100.50000000000001
decision_type=2 2 2 2 2 2 2 2 2 2 2 2 2 2 2 2 2 2 2 2 2 2 2 2 2 2 2 2 2 2
left_child=-1 2 3 4 5 6 20 8 -8 -5 -3 13 -13 -4 15 16 17 19 -19 -15 21 -2 23 24 25 26 27 -23 29 -25
right_child=1 10 11 9 -6 -7 7 -9 -10 -11 -12 12 -14 14 -16 -17 -18 18 -20 -21 -22 22 -24 28 -26 -27 -28 -29 -30 -31
leaf_value=-1.2814821026155277e-05 -0.0004665737723927102 -1.182010728865493e-05 0.0034303999041583795 -0.0010034024736149201 -0.00056402989748874919 0.00091805757009548602 -0.00073248505159331583 0.0015590653501878146 -0.0049465291545235379 0.00052621520969751566 0.0044957245082672126 0.0039969857989313878 0.00079654349331263481 -0.0038673687880999702 0.0011655866879487582 -0.0069990280317327597 0.0010169608444173613 0.0069818573419556723 -0.0056747418435493429 -0.0066976566455962368 0.0047765026552500983 -0.0032612821811510598 0.0019961500075267322 0.0023526462696046289 -0.0060143324206955511 0.0020211143402038378 -0.0037431969360572667 -0.0010564501294227564 -0.0043321446403194247 -0.0064526609324070732
leaf_weight=338705.39025790244 2058.2743628621101 29541.676484636962 157.99980938434601 56.901023037731647 1571.8570718951523 3603.9841730669141 519.92263752222061 927.17551612854004 17.4665607213974 5038.9570669308305 146.66506408900023 1528.2402462437749 737.65522789955139 60.539041638374329 1802.8743137121201 30.395400166511536 323.24388033151627 58.602631151676178 31.008532583713531 28.61997652053833 56.525585234165192 30.386010348796844 167.79249066114426 170.08516556024551 21.915414571762085 67.422350287437439 31.005245923995972 91.431982576847076 19.803794682025909 19.749293744564056
leaf_count=1142488 2745 91516 195 165 24148 14352 664 1167 23 14190 498 2494 5759 77 8967 38 409 74 39 37 71 32 176 179 23 71 33 96 21 21
internal_value=-7.84647e-06 0.000103247 0.000276502 0.000101709 -0.000146064 2.56215e-05 -0.000395302 0.000297481 -0.000954688 0.000557535 -8.97443e-06 0.000807975 0.00125721 0.00039971 0.00024506 -0.000996236 -0.000535777 -0.00266418 -2.59304e-05 -0.00531581 -0.000766362 -0.000848353 -0.0019639 -0.00307821 -0.00517922 -0.00423655 -0.00647598 -0.00397203 -0.000651249 0.000252876
internal_weight=387624 48918.2 19229.8 14470.7 9374.8 7802.94 4198.96 1464.56 537.389 5095.86 29688.3 4759.18 2265.9 2493.28 2335.28 532.409 502.014 178.77 89.6112 89.159 2734.39 2677.87 619.592 451.799 242.161 220.246 152.823 121.818 209.638 189.834
internal_count=1310768 168280 76266 58177 43822 19674 5322 1854 687 14355 92014 18089 8253 9836 9641 674 636 227 113 114 3468 3397 652 476 255 232 161 128 221 200
is_linear=0
shrinkage=0.05


Tree=170
num_leaves=31
num_cat=0
split_feature=0 10 8 10 0 16 17 0 16 1 10 8 8 1 10 16 7 7 0 0 0 10 0 1 17 0 17 6 8 1
split_gain=0.348444 0.347525 0.520819 0.523662 1.65026 0.657566 0.953834 0.471706 0.476809 0.355691 0.386755 0.349477 0.680082 0.331433 0.349422 0.514196 0.62376 0.732555 0.762616 1.57025 0.408578 0.49824 0.354834 0.324837 0.659643 0.315054 0.290481 0.307381 0.646848 0.461977
threshold=24.500000000000004 8.2503539996157595 7.9008218325052129 8.2341025566602486 109.50000000000001 0.76147646873488994 0.66268314391858796 145.50000000000003 0.76640384685231278 8480.5000000000018 8.0353250454199436 7.5323558811652562 7.698255979076877 221.50000000000003 7.8955972737305267 0.76640384685231278 8.1640833035104183 8.3191080320121937 85.500000000000014 97.500000000000014 62.500000000000007 7.6762034755851571 43.500000000000007 1686.5000000000002 0.66383823997485858 43.500000000000007 0.65185921791924917 -0.70710678118654757 8.2423614529731406 1360.5000000000002
decision_type=2 2 2 2 2 2 2 2 2 2 2 2 2 2 2 2 2 2 2 2 2 2 2 2 2 2 2 2 2 2
left_child=-1 2 9 7 5 6 -5 13 -9 -2 -11 -12 -13 -4 15 16 -15 -18 22 -20 25 -22 -19 -23 -25 -17 27 28 -16 -30
right_child=1 -3 3 4 -6 -7 -8 8 -10 10 11 12 -14 14 26 20 17 18 19 -21 21 23 -24 24 -26 -27 -28 -29 29 -31
leaf_value=-0.00015616510641442739 6.094210797963351e-06 0.00022866871309696059 0.00057323659082354587 -0.0079450942495636334 -0.011600806937657613 -0.00024508553373629261 -0.0021268476826239997 -0.0026345408447074046 -0.003013930825692273 0.00039194355362003335 0.0038138854077771848 -0.011097110860336276 0.0020424998015954043 0.00032917567702675667 0.0068530124089681279 9.7937008046873614e-05 -0.0020491063221281937 0.00065538592910224379 -0.010634322369376871 0.00034429039241696928 0.0011810531996566233 0.00019166042499174884 -0.0021242177097922947 -0.0024595606293132222 -0.0012731375079797374 -0.00071944280702277569 -0.00026989532093747438 0.0021993653559829645 -3.2587223210509e-05 -0.0047144918844273962
leaf_weight=7174.8650189638138 358332.09613079205 12487.347907923162 41.631450533866882 10.098364710807802 7.1564049944281569 70.494048539549112 11.697372302412985 8.1322372630238551 7.9710680432617655 6246.2126860581338 433.99557473510504 6.3031522184610393 11.267749629914759 49.649150475859642 34.258701264858246 128.67759147286415 7.6102887988090506 18.465369567275047 8.7189779058098811 8.3501155599951726 187.0414077937603 78.260945349931717 83.570906393229961 16.932020366191864 44.087615959346294 265.7556511759758 1345.4125321395695 178.31430459022522 22.003543972969055 21.03438538312912
leaf_count=24870 1217681 35295 149 13 14 232 45 15 31 21326 1267 18 40 137 43 570 26 56 22 23 871 273 237 20 245 1112 5481 223 28 26
internal_value=1.42548e-05 2.07696e-05 1.19598e-05 -0.00068576 -0.00424545 -0.00245186 -0.0100421 -0.000547256 -0.00907778 1.70352e-05 0.000378046 0.00179114 -0.00512182 -0.000493169 -0.000566904 -0.00135687 -0.00377677 -0.00563806 -0.00467709 -0.0144591 -0.000764737 0.000544074 -0.0030407 -0.00172 -0.0044546 -0.00184754 -0.000124252 0.00142089 -0.0012126 -0.00529345
internal_weight=387347 380173 367685 2655.32 99.4462 92.2898 21.7957 2555.88 16.1033 365030 6697.78 451.566 17.5709 2539.77 2498.14 897.12 176.365 126.716 119.105 17.0691 720.755 326.322 102.036 139.281 61.0196 394.433 1601.02 255.611 77.2966 43.0379
internal_count=1310389 1285519 1250224 9892 304 290 58 9588 46 1240332 22651 1325 58 9542 9393 3592 501 364 338 45 3091 1409 293 538 265 1682 5801 320 97 54
is_linear=0
shrinkage=0.05


Tree=171
num_leaves=31
num_cat=0
split_feature=0 18 16 16 17 1 16 5 16 16 16 16 10 10 1 1 16 8 16 10 16 17 1 0 1 0 5 16 16 18
split_gain=0.329278 0.332512 0.39637 0.468301 0.509738 0.440102 0.395258 0.364546 0.354667 0.528048 0.377139 0.809011 0.314402 0.565821 0.539837 0.47323 0.562555 0.491734 0.476495 0.450527 0.899388 0.773428 1.3019 0.921921 0.569494 0.87017 0.652959 0.567516 1.1751 1.01566
threshold=24.500000000000004 0.97083333333333344 0.76654570564470936 0.88214353201501761 0.80608360957063241 6033.5000000000009 0.97182285662211954 0.60355339059327384 0.82291002297139948 0.82537325419067853 0.83375273960117646 0.83626252219812136 0.098905681065719467 0.01032695592379766 1640.5000000000002 1626.5000000000002 0.67530393782091591 1.8688348091416842 0.87606775566422657 5.4159101400068357 0.7355916861827595 0.64725493382190846 307.50000000000006 59.500000000000007 2477.5000000000005 30.500000000000004 -0.25881904510252113 0.78615827369750269 0.80570143096500557 1.0541666666666669
decision_type=2 2 2 2 2 2 2 2 2 2 2 2 2 2 2 2 2 2 2 2 2 2 2 2 2 2 2 2 2 2
left_child=-1 2 5 4 -4 -2 7 -5 -6 -10 -11 -12 13 15 -15 16 17 -3 -17 20 21 22 23 -14 -23 26 -26 -21 29 -29
right_child=1 12 3 6 8 -7 -8 -9 9 10 11 -13 19 14 -16 18 -18 -19 -20 27 -22 24 -24 -25 25 -27 -28 28 -30 -31
leaf_value=-0.00014835685109370613 -0.0002021128281278234 -0.0018006136589080832 -3.4796044770414593e-05 -0.00040317539168274567 0.00039178828899859021 0.0013782755360415011 0.0023993750301453498 0.00013336203824070857 -0.00045652667085914304 0.00061396393358371557 -0.00041318858511428248 0.00011440545322078389 -0.0013491286124053675 7.3017296754829269e-05 0.00074730492119391223 -0.00031907815770275963 7.2528105643612098e-05 -0.003376057509371744 0.00201093502674346 0.00017742645510117339 -1.5095525837312275e-05 -0.00089752790931117851 -0.0021447219796966871 -0.0051927722999939446 -0.000649250853490363 0.0022439825633727094 -0.0093687763169217429 -0.00010029818084792697 4.076410099327563e-05 -0.00060655339593547887
leaf_weight=7174.8650189638138 23855.09884769842 333.94106401503086 28748.975304447114 3300.6980993300676 7411.9074451476336 982.29657140374184 252.37354373186827 1052.9625990465283 715.81618797034025 1219.7238139584661 768.95103471726179 4857.7275817245245 27.531041920185089 9322.4843898676336 6502.0304798930883 5046.1848999895155 17514.957348965108 9.6156555712223035 215.54089154303074 77811.83783917129 63489.292031362653 3858.7111430764198 433.22601342201233 16.290310919284821 15.806547641754149 924.95386973023415 17.072492435574532 24387.830707117915 91998.040999665856 5080.6689004302025
leaf_count=24870 271457 714 114188 21323 70899 10555 1586 6493 6854 11670 7360 46350 34 21628 15092 11999 41302 19 595 167109 151990 8099 535 20 30 1916 36 61797 228401 5468
internal_value=1.3507e-05 1.98401e-05 -7.59455e-05 7.48263e-06 5.79995e-05 -0.000238282 -0.000472052 -0.000583569 0.000294553 5.36452e-05 0.000188744 1.59637e-05 4.2668e-05 0.000175417 0.000405782 1.77454e-05 0.000140532 -0.00186318 -0.000398998 2.33819e-05 -8.69506e-05 -0.000713101 -0.0026335 -0.0108463 -0.000522897 0.000568349 -0.00742498 6.14642e-05 -6.07001e-06 -0.000280853
internal_weight=387347 380173 73166.5 48329.1 43723.1 24837.4 4606.03 4353.66 14974.1 7562.22 6846.4 5626.68 307006 38944.8 15824.5 23120.2 17858.5 343.557 5261.73 268061 68782.9 5293.59 477.047 43.8214 4816.54 957.833 32.879 199278 121467 29468.5
internal_count=1310389 1285519 568735 286723 257321 282012 29402 27816 143133 72234 65380 53710 716784 91349 36720 54629 42035 733 12594 625435 162660 10670 589 54 10081 1982 66 462775 295666 67265
is_linear=0
shrinkage=0.05


Tree=172
num_leaves=31
num_cat=0
split_feature=10 8 18 0 16 10 6 9 0 0 16 16 0 16 9 9 16 10 9 16 0 8 9 9 8 10 8 10 16 16
split_gain=0.30359 0.431593 0.596987 1.65115 0.491326 0.991238 0.817795 0.472902 1.03458 0.419968 0.459825 0.444954 0.519246 0.524364 0.396087 0.412975 0.385832 0.552031 0.374061 0.758529 0.536704 1.10871 0.373845 1.06858 0.768153 0.672843 0.367331 0.552823 0.367001 0.359067
threshold=8.1894716571980375 7.6071329784297115 1.0791666666666668 38.500000000000007 0.79617572659088676 7.7168148692138958 -0.5 2.740319461670996 59.500000000000007 85.500000000000014 0.90374560103526036 0.66451488603447284 70.500000000000014 0.6262678782415706 9.1577379747513508 7.1304980296981428 0.82805938968709258 8.1072308966856976 4.5695295849856103 0.76559799429155406 27.500000000000004 6.729226341787089 7.9676113710989007 7.7025361201967923 8.806355825888863 8.2897175009295605 5.7822843490610341 8.3125550392534944 0.74819628440837505 0.58123026540307288
decision_type=2 2 2 2 2 2 2 2 2 2 2 2 2 2 2 2 2 2 2 2 2 2 2 2 2 2 2 2 2 2
left_child=1 14 9 -4 5 -5 -7 -8 -9 10 11 12 13 -3 15 -1 -6 -18 29 22 21 -21 23 24 26 -26 27 -20 -27 -2
right_child=18 2 3 4 16 6 7 8 -10 -11 -12 -13 -14 -15 -16 -17 17 -19 19 20 -22 -23 -24 -25 25 28 -28 -29 -30 -31
leaf_value=3.9221657264332242e-06 0.019701246919700176 0.0025239966383760748 -0.0043233078848723214 -0.0026504628405136128 0.0013064191749740746 0.0095485510546703019 0.0051452949718897734 -0.0071227362640271276 -0.0022057034299512997 -0.00078680970294439071 -0.0010289500591747287 5.5545600965890845e-05 -0.011279457384058606 -0.0026920645813804005 -0.0046749786040258309 0.0015186471626815142 0.00031546255526829545 -0.0022345233970245426 -0.004585237125896785 -0.0031969404187755083 0.00017773061256327676 -0.00072652388401932353 0.0016666621563173709 -0.0019990809135158744 -0.0070149037249056584 0.00071877821416366228 -0.0009641982302911891 0.0016241609484353549 -0.0043635704519397189 0.00023053196189959
leaf_weight=364220.38722145557 97.797786638140678 25.594318352639675 16.121658585965633 31.819602802395821 48.123461008071899 50.842632748186588 16.301030479371548 13.336579889059065 34.839368566870689 525.82471365109086 65.995187126100063 2625.5919220596552 8.2482536658644658 22.360235430300236 9.1862522326409799 153.3704471886158 49.178794085979462 20.977164685726166 36.185028903186321 8.5216942839324492 1412.9137518554926 21.838144369423389 19.075541712343693 9.4819871932268125 10.235525131225584 15.611854635179045 511.82214563339949 9.5734598785638791 9.1056827083230001 17247.151227921247
leaf_count=1240147 280 90 18 39 51 60 18 18 39 2137 300 10843 28 66 41 589 52 22 73 23 4527 78 48 18 25 33 1211 23 21 49471
internal_value=1.32172e-05 3.05047e-06 -0.000545188 -0.00275455 -0.00181085 -0.00373962 -0.00158391 -0.00532288 -0.00781372 -0.000355177 -0.000107438 -5.97297e-06 -0.00440796 -0.0024148 8.39944e-06 8.66118e-06 0.000588525 -0.00177664 0.000205945 -0.000430307 0.000198426 -0.00637923 -0.00189134 -0.0021097 -0.00184322 -0.00903355 -0.00139248 -0.00568457 -0.00456942 0.000281671
internal_weight=387347 367938 3555.15 281.54 265.419 147.139 115.32 64.477 48.1759 3273.61 2747.79 2681.79 56.2028 47.9546 364383 364374 118.279 70.156 19409.3 2064.36 1443.27 30.3598 621.091 602.016 592.534 34.9531 557.581 45.7585 24.7175 17344.9
internal_count=1310389 1254558 13781 317 299 174 135 75 57 13464 11327 11027 184 156 1240777 1240736 125 74 55831 6080 4628 101 1452 1404 1386 79 1307 96 54 49751
is_linear=0
shrinkage=0.05


Tree=173
num_leaves=31
num_cat=0
split_feature=10 18 16 16 17 16 1 3 5 16 16 16 16 16 10 10 16 16 17 1 1 16 8 16 16 1 18 17 16 0
split_gain=0.301164 0.304623 0.393402 0.499332 0.462566 0.447747 0.389475 0.436716 0.34837 0.333674 0.466994 0.30073 0.349451 0.582412 0.298214 0.565359 0.473135 0.711678 0.642145 0.64159 0.423714 0.54864 0.458703 0.414273 0.426396 0.406973 0.427222 0.40025 0.513067 1.00102
threshold=8.2341025566602486 0.97083333333333344 0.76654570564470936 0.88214353201501761 0.80608360957063241 0.97182285662211954 6033.5000000000009 1.0000000180025095e-35 0.60355339059327384 0.82291002297139948 0.82537325419067853 0.77084640888616696 0.77656197778896441 0.77544768026853006 0.098905681065719467 0.01032695592379766 0.80172580346046063 0.86681196525373416 0.66690025027010624 1613.5000000000002 1626.5000000000002 0.67530393782091591 1.8688348091416842 0.6500768209777964 0.87606775566422657 1943.5000000000002 1.0625000000000002 0.79012795506376243 0.8576553408240688 46.500000000000007
decision_type=2 2 2 2 2 2 2 2 2 2 2 2 2 2 2 2 2 2 2 2 2 2 2 2 2 2 2 2 2 2
left_child=1 2 6 4 11 8 7 -1 -5 -6 -11 -4 13 -13 15 20 -17 19 -19 27 21 22 -3 -22 -25 26 -21 28 -18 -30
right_child=-2 14 3 5 9 -7 -8 -9 -10 10 -12 12 -14 -15 -16 16 17 18 -20 25 23 -23 -24 24 -26 -27 -28 -29 29 -31
leaf_value=0.00015417959439082072 0.0001898848943759038 -0.0017002779557820135 0.00094893011663190895 -0.00040720698269346888 0.00037433360571198368 0.0028072164292482788 0.0012295512072404591 -0.00026546377010989167 8.5525949732476357e-05 -0.0004252546956132749 7.9912250967507928e-05 -0.00016355558258936143 -2.9117284121032985e-05 -0.0012090097005944976 3.9285083932999454e-06 0.00065396745998995984 -0.00021195966151280402 0.0012833690114095427 0.00016767549726551812 0.0005676455375365722 0.0096915665170014664 6.4327574755652234e-05 -0.0032074507421894789 -0.00034019835566987262 0.0014841957489591469 0.00015363428375353289 0.0028723957874006254 5.8995042888349698e-05 0.00047428837372783461 -0.001112088368148225
leaf_weight=4413.6258083544672 14282.274660881609 340.81379088759422 857.24956861883402 3254.6927821561694 7376.2670379206538 248.30414868146181 971.72479001805186 19189.175703208894 1043.8584376350045 718.10963221639395 6840.0987488254905 1034.0635729804635 26155.781931549311 411.00177977979183 260677.54391943663 7213.4267492257059 2361.0391073226929 707.43601489067078 1141.021344512701 534.4219127446413 49.42008763551712 18031.051385238767 9.93199375271797 5122.0803820043802 219.89921309053898 2184.8151306509972 123.74488830566406 1596.1991965025663 71.864124149084091 166.47483170032501
leaf_count=45108 40486 729 3390 21071 70585 1564 10488 224756 6435 6875 65335 4027 104099 1674 610933 15871 3413 907 3898 1419 100 42541 20 12197 611 5279 133 6107 101 237
internal_value=1.31681e-05 4.54174e-06 -8.74412e-05 -4.05894e-06 4.81766e-05 -0.000502565 -0.000250102 -0.00029049 -0.000621816 0.000273526 4.00488e-05 -7.00842e-05 -9.87292e-05 -0.000855635 2.67345e-05 0.00015408 0.000382858 0.000138663 0.00101178 -9.06332e-05 -8.60328e-07 0.000113459 -0.00184509 -0.000390628 -0.000432784 0.000489284 0.00157923 -0.000483593 -0.000866284 -0.00307722
internal_weight=387347 373065 72514 47939.4 43392.6 4546.86 24574.5 23602.8 4298.55 14934.5 7558.21 28458.1 27600.8 1445.07 300551 39873.6 16100.4 8887.02 1848.46 7038.56 23773.2 18381.8 350.746 5391.4 5341.98 2842.98 658.167 4195.58 2599.38 238.339
internal_count=1310389 1269903 565407 285055 255985 29070 280352 269864 27506 142795 72210 113190 109800 5701 704496 93563 37365 21494 4805 16689 56198 43290 749 12908 12808 6831 1552 9858 3751 338
is_linear=0
shrinkage=0.05


Tree=174
num_leaves=31
num_cat=0
split_feature=0 10 8 0 6 1 9 1 1 8 8 10 6 9 9 8 17 8 8 9 17 8 9 4 8 17 18 0 10 6
split_gain=0.28054 0.279701 0.339125 0.607542 0.356729 0.3551 0.324376 0.472483 0.290203 0.480156 0.485748 0.413158 0.326887 0.30819 0.271764 0.481633 0.527361 0.526527 0.53885 0.837552 0.80794 0.326431 0.532987 0.46307 0.637065 0.62159 1.01372 0.314376 0.306269 0.301129
threshold=24.500000000000004 8.2503539996157595 7.850298363023362 141.50000000000003 0.1294095225512602 221.50000000000003 9.1577379747513508 2477.5000000000005 8480.5000000000018 7.5323558811652562 7.7395768305489003 8.0353250454199436 0.37940952255126048 7.1304980296981428 3.4175922930736511 4.4367340276668159 0.78929913144171537 6.3944261760330408 6.4159146208419617 3.860674306308975 0.70807993030371785 5.8245230014317348 3.6762205501217919 2.5000000000000004 5.0906732680195743 0.79022443270616816 1.0458333333333336 33.500000000000007 8.3382844508594918 -0.60355339059327384
decision_type=2 2 2 2 2 2 2 2 2 2 2 2 2 2 2 2 2 2 2 2 2 2 2 2 2 2 2 2 2 2
left_child=-1 2 6 5 -5 -4 8 -8 13 11 12 -10 -11 -2 -3 16 -16 21 19 20 -19 22 23 29 -25 26 -26 -23 -24 -17
right_child=1 14 3 4 -6 -7 7 -9 9 10 -12 -13 -14 -15 15 17 -18 18 -20 -21 -22 27 28 24 25 -27 -28 -29 -30 -31
leaf_value=-0.00014435149556312548 3.5296320204464272e-06 0.00037355878309515433 0.00059248196947699625 -0.0037386827837952441 0.0033219078314970056 -0.00025102650997425315 0.00057559086944005962 -0.0051781051321903235 0.00036396789822259611 -0.0016876522008882678 0.0019197804652459295 0.0036025967911186233 -0.014354501463259634 0.0010136755653465466 -0.0065859011077094081 -0.0016876471366390174 7.257777097725363e-05 -0.0080635410633466565 -0.00016214452144715545 0.01213212940258683 -0.0016854885227259768 -0.0031230502355795763 -0.00045141922249493653 0.0016461759238340222 -0.004370883681072248 -0.0013966255964486928 -0.0022829969337564968 0.0030384909020432353 0.0056045379069272613 0.0020271461973115691
leaf_weight=7174.8650189638138 357906.94722105563 8958.5721681341529 44.179080903530121 20.805296864360574 10.515502586960791 2806.0145985782146 5.5236265622079355 5.0609355270862579 6227.4680461250246 13.120882656425239 12.668950509279968 433.99557473510504 5.3822978772222987 193.51773400977254 20.076329171657562 25.093688115477562 16.577020678669214 5.9183270931243923 2709.7645966075361 8.012654457241295 8.9350653365254384 14.20973666757345 140.57136564329267 22.327918577939272 14.957042634487154 21.658374387770891 14.940154075622557 358.0453560128808 110.90613374859095 36.781976580619812
leaf_count=24870 1216038 24848 157 59 30 10534 29 16 21236 55 57 1267 17 729 30 73 79 9 8090 23 34 41 421 55 25 102 17 1067 272 109
internal_value=1.1448e-05 1.72936e-05 9.39004e-06 -0.000530905 -0.00745668 -0.000454798 1.36577e-05 -0.00873923 1.39117e-05 0.000340125 -0.00585093 0.000369096 -0.0110156 7.81501e-06 0.000250012 -0.000121642 -0.00582333 -6.1797e-05 -0.00038547 -0.00802882 -0.0150572 0.00110277 8.64362e-05 -0.00243824 -0.0051106 -0.00816604 -0.0128389 0.00216001 0.00144937 0.000752733
internal_weight=387347 380173 367685 2881.51 31.3208 2850.19 364804 10.5846 364793 6692.64 31.1721 6661.46 18.5032 358100 12487.3 3528.78 36.6533 3492.12 2732.63 22.866 14.8534 759.492 387.237 135.759 73.8835 51.5556 29.8972 372.255 251.477 61.8757
internal_count=1310389 1285519 1250224 10780 89 10691 1239444 45 1239399 22632 129 22503 72 1216767 35295 10447 109 10338 8156 66 43 2182 1074 381 199 144 42 1108 693 182
is_linear=0
shrinkage=0.05


Tree=175
num_leaves=31
num_cat=0
split_feature=16 16 16 4 16 17 4 16 4 16 16 10 8 8 17 1 8 10 17 8 10 17 16 0 16 17 1 5 17 3
split_gain=0.288217 0.851477 1.28013 1.22894 1.70165 0.962231 1.2429 0.8846 0.830348 0.795171 1.56575 0.891689 1.33399 2.08205 0.746125 0.70324 0.791088 0.747177 0.670186 1.24147 1.30476 0.711718 0.657978 0.627805 0.619603 0.594748 1.79118 0.834323 0.564679 0.54681
threshold=0.76654570564470936 0.78226511065443993 0.78247868681815624 1.5000000000000002 0.77968850705887938 0.79012795506376243 2.5000000000000004 0.77026250544891328 1.5000000000000002 0.77142618591489243 0.77481306712307374 6.8352287666851659 5.2337752898422689 4.9308638091439496 0.68059376891959245 2539.5000000000005 8.806355825888863 8.2341025566602486 0.6657714024266651 0.89587973461402759 5.751176346912966 0.65306806413895013 0.74201131889676508 48.500000000000007 0.77728047855132176 0.6484252398823479 467.50000000000006 -0.70710678118654735 0.64725493382190846 1.0000000180025095e-35
decision_type=2 2 2 2 2 2 2 2 2 2 2 2 2 2 2 2 2 2 2 2 2 2 2 2 2 2 2 2 2 2
left_child=15 3 5 4 7 6 18 -2 -7 11 -11 25 13 -13 24 29 -17 -18 19 23 -21 -22 -19 -3 -12 26 -9 -28 -29 -1
right_child=1 2 -4 -5 -6 8 -8 9 -10 10 14 12 -14 -15 -16 16 17 22 -20 20 21 -23 -24 -25 -26 -27 27 28 -30 -31
leaf_value=8.2069134133183622e-05 0.00092317710407207188 -0.0013329130565581542 -8.587842164974047e-07 0.00032651604058713744 0.0026579302997429121 -0.00063729092447667381 0.00018461671713480496 -0.0020506824543761628 0.0013923055460052321 0.002173479476100085 0.0042082168564261738 -0.0013140415927049593 0.00075076612277663254 -0.0026214584771255909 -0.00079540035006440209 0.00043541752405579226 -0.0038510694671251805 -0.005296453277830588 -0.00067705508613038763 -0.0020768344852414148 -0.0013478439340845036 -0.0032845991918889414 -0.0095479686222416735 0.00068733071525650669 -0.00076683532004131203 -0.00025528312374077932 -0.0016298025861683657 0.00083803446631910007 -0.0020025612537443792 -0.00017920966967572562
leaf_weight=21044.102743897587 444.78629291802645 27.883760571479797 249765.67580802739 33534.297216318548 340.30715401470661 349.17482494562864 184.34178492426872 18.556910514831543 327.14207730442286 392.67506015300751 112.64174336194992 238.19468691945076 74.564988993108273 13.524027764797209 739.39541599154472 19496.531157393008 37.801135402172804 10.51763901114464 206.1433097422123 19.47536689043045 50.364228963851929 28.624325275421143 7.4971804507076731 38.235470294952393 154.21592885255814 873.61135306209326 31.542630076408386 52.700075387954712 16.910037636756897 59743.669079490006
leaf_count=81144 931 35 760379 92901 962 1581 266 23 1668 1181 144 387 131 22 3003 82575 174 23 373 25 65 36 28 48 219 1458 39 65 21 282397
internal_value=-1.79282e-06 2.36297e-05 -9.39375e-06 0.000247422 -0.000643618 -0.00161756 -0.00316038 -0.00100504 -0.00035134 -0.00134324 -0.000512708 -0.0022237 -0.00449148 -0.00623152 -0.00155766 -7.47704e-05 0.000194295 -0.00574975 -0.00482878 -0.00720799 -0.0107665 -0.00790855 -0.0141297 -0.00190867 0.000708656 -0.00147878 -0.0047839 -0.00216427 0.000892485 -0.00013989
internal_weight=388375 288035 250997 37037.9 3503.63 1231.39 555.068 3163.32 676.317 2718.53 1398.93 1319.6 326.284 251.719 1006.25 100340 19552.3 55.816 370.726 164.583 98.4639 78.9886 18.0148 66.1192 266.858 993.321 119.71 101.153 69.6101 80787.8
internal_count=1312304 865963 764476 101487 8586 4097 848 7624 3249 6693 4547 2146 540 409 3366 446341 82800 225 582 209 126 101 51 83 363 1606 148 125 86 363541
is_linear=0
shrinkage=0.05


Tree=176
num_leaves=31
num_cat=0
split_feature=9 9 1 10 16 16 5 9 9 17 5 16 6 17 9 9 6 7 9 4 16 5 9 7 1 10 7 7 1 7
split_gain=0.292564 0.394563 1.11634 0.287604 0.309988 0.400841 0.364701 0.688336 0.481973 0.375978 0.352647 0.421967 0.668524 0.395255 0.639373 0.87404 0.601688 0.86127 1.11134 0.53723 0.55636 0.418504 0.42847 0.358118 0.571949 0.345053 0.338502 0.481655 0.335396 0.304438
threshold=7.9676113710989007 7.9345057026993775 1044.5000000000002 8.3125550392534944 0.6262678782415706 0.74058505004740149 0.98296291314453421 3.5694334999727624 3.9607678160667752 0.66268314391858796 0.37940952255126054 0.9461910594647257 -0.5 0.64991817661828988 3.8815106545092593 2.8029010331479989 -0.37940952255126015 8.9835024873652198 3.5408542930527882 3.5000000000000004 0.78950820384860276 -0.37940952255126059 1.8688348091416842 10.791892978568784 1520.5000000000002 8.3382844508594918 7.0854828791590796 7.9863348994433627 2643.5000000000005 9.1834315540998528
decision_type=2 2 2 2 2 2 2 2 2 2 2 2 2 2 2 2 2 2 2 2 2 2 2 2 2 2 2 2 2 2
left_child=1 3 -3 -1 -5 -6 10 -8 -9 -10 13 -12 -13 14 15 21 17 -17 -19 20 -18 28 25 -16 -25 -23 -27 -28 -7 -15
right_child=-2 2 -4 4 5 6 7 8 9 -11 11 12 -14 29 23 16 19 18 -20 -21 -22 22 -24 24 -26 26 27 -29 -30 -31
leaf_value=-5.4287056251475792e-06 0.00091249427962269535 -0.002694921668954789 0.0034364217565826549 0.013385270901465943 -0.00075388516727574744 0.00042972951528528206 7.3075785392711506e-05 -0.0065122729825418894 -0.0022578135721280884 -0.00015947773599669647 0.0010870709596175199 -0.003625097500203173 0.0008940059457719058 0.00085252810002382502 0.0028330035927123091 -0.00093733095421786802 -0.0058538177307086662 -0.0025338472296271052 -0.00073356171384310125 0.0031067541033730759 -9.9577875673020215e-06 0.0054640007080659289 -0.0026071496084275492 0.0005404659898552459 -0.0045363204338158712 -0.0026226576922829315 0.0072303322336556763 -0.00081036763586654213 -0.0074484418510660649 -3.6953536595230391e-05
leaf_weight=380662.51745447889 211.61224699392915 6.8267038017511394 11.911346454173325 87.251747027039528 1177.8348482474685 226.30543303489685 122.32480458915234 9.7600331939756853 12.124573349952696 24.344560515135527 1562.1995799094439 7.8940522745251682 10.647736750543116 2236.30169987306 107.20025902986526 27.874551296234131 15.807256817817686 19.154082596302032 17.024822473526001 19.79561573266983 32.514444768428802 19.250877559185028 39.346065938472748 22.171893179416656 16.681949377059937 17.701653659343719 21.087138116359711 18.542325258255005 30.644211113452911 1580.4494471400976
leaf_count=1291263 793 14 33 235 2464 284 357 32 15 95 4334 24 35 6606 134 35 20 24 21 25 41 24 49 28 21 22 27 23 38 5188
internal_value=-2.48704e-06 -3.50029e-06 -0.0072588 -3.15003e-06 0.00030384 0.000268882 0.000429109 -0.00186493 -0.00706249 -0.00442138 0.000493036 0.00113488 -0.00636356 0.000265948 -0.000872679 -0.00171526 -0.00520896 -0.00868788 -0.013777 -0.00193758 -0.00477965 -0.000476883 -0.00297071 0.00204094 -0.00207157 -0.000791879 -0.0027367 -0.000168949 0.000648258 0.000460187
internal_weight=388375 388163 18.7381 388145 7482.24 7394.98 6217.15 168.554 46.2292 36.4691 6048.6 1580.74 18.5418 4467.85 651.103 505.048 132.171 64.0535 36.1789 68.1173 48.3217 372.878 115.928 146.054 38.8538 76.582 57.3311 39.6295 256.95 3816.75
internal_count=1312304 1311511 47 1311464 20201 19966 17502 499 142 110 17003 4393 59 12610 816 633 166 80 45 86 61 467 145 183 49 96 72 50 322 11794
is_linear=0
shrinkage=0.05


Tree=177
num_leaves=31
num_cat=0
split_feature=10 0 0 7 0 10 1 0 1 8 1 17 17 5 7 7 8 8 10 17 5 7 8 6 1 1 7 7 17 10
split_gain=0.279755 0.253204 0.243271 0.692814 0.920983 0.506801 0.936964 0.748476 0.658939 0.468234 0.447755 0.526164 0.437354 0.526227 0.50805 0.468657 0.423592 0.646477 0.564406 0.391866 0.704428 0.611344 0.913655 0.601177 0.457375 0.423627 0.391018 0.598448 0.393729 0.589953
threshold=8.3125550392534944 128.50000000000003 69.500000000000014 7.4238668626505984 84.500000000000014 7.6900569605238571 246.50000000000003 135.50000000000003 4752.5000000000009 4.4716224665663962 689.50000000000011 0.64555464890881631 0.64867302866654353 0.98296291314453421 6.0602900572549077 5.4402485097224949 5.3494828320967684 5.8985256106096164 8.2180314916043535 0.65090371963234628 -1.0000000180025095e-35 4.791641144189394 3.4498615536424366 1.0000000180025095e-35 17777.000000000004 268.50000000000006 2.524928003624769 2.9174053685313028 0.79425361796178129 7.3316652221561238
decision_type=2 2 2 2 2 2 2 2 2 2 2 2 2 2 2 2 2 2 2 2 2 2 2 2 2 2 2 2 2 2
left_child=2 -2 -1 5 -5 12 7 16 9 -8 11 -11 13 15 -15 -4 18 -18 -7 20 24 22 -22 -24 25 -14 28 -28 29 -21
right_child=1 -3 3 4 -6 6 8 -9 -10 10 -12 -13 19 14 -16 -17 17 -19 -20 26 21 -23 23 -25 -26 -27 27 -29 -30 -31
leaf_value=-1.6786668410184726e-05 0.00018383139291530267 0.0028961882553681013 0.00010972109944198742 5.4929936293987656e-05 -0.00059734463174374725 -0.00066759930986722872 0.00055697061350315773 -0.0017845696071432772 0.0045865874326576671 -0.00069644010084081724 7.6907316762173106e-05 -0.001002826945527488 0.0019196924158567297 0.0030376315869157368 -0.0013375053070917985 0.00088783216388560156 -0.001466658549214829 -8.7303073741210228e-05 -0.0020879185843085731 0.00020029112454211692 -6.0284344834812825e-05 0.0012644487643063739 -0.0028614749910235875 0.0001301330717766558 -0.007877889776267152 -0.00066473169788015612 -0.00033729766547212355 1.5770252058279478e-05 -3.5593705403842017e-05 0.002576581691382333
leaf_weight=274377.08065982535 7448.8173647075891 80.748831052333117 6424.2829236611724 6200.0670689381659 5123.1410316713154 251.48158677667379 9219.4521729573607 7.5585690699517718 1032.6440564393997 5.7549299001693717 2767.3916792161763 558.39236438274384 69.614759385585785 273.93590700626373 20.41885906457901 1275.1910676956177 8.6915075369179267 16.324077561497688 13.648489952087401 11532.751910038292 1479.2986761331558 479.62926918268204 33.922102630138397 17.369667172431946 15.064442217350004 2045.8323277831078 4421.6877063177526 44907.759663701057 7781.4447387084365 485.70500386506319
leaf_count=935466 20124 202 7961 22208 18397 794 29612 24 3210 7 9100 1869 91 337 25 1578 29 62 38 22684 1927 625 44 23 20 2687 16041 169043 47135 941
internal_value=-2.13513e-06 0.000299667 -8.10197e-06 5.60492e-05 -0.000313674 0.00010005 0.000379258 -0.00239554 0.000440072 0.000340182 -0.000167852 -0.00145168 5.2356e-05 0.000403531 0.00247832 0.000324211 -0.00199089 -0.00821046 -0.00140406 1.40425e-05 -0.000458421 0.000212962 -0.000275145 -0.00683563 -0.0010919 -0.00103007 4.23423e-05 -3.29959e-05 0.00023004 0.000409448
internal_weight=388375 7529.57 380846 106468 11323.2 95145.2 13881.3 297.704 13583.6 12551 3331.54 564.147 81263.9 7993.83 294.355 7699.47 290.146 25.0156 265.13 73270.1 4140.73 2010.22 1530.59 51.2918 2130.51 2115.45 69129.3 49329.4 19799.9 12018.5
internal_count=1312304 20326 1291978 356512 40605 315907 44745 947 43798 40588 10976 1876 271162 9901 362 9539 923 91 832 261261 5417 2619 1994 67 2798 2778 255844 185084 70760 23625
is_linear=0
shrinkage=0.05


Tree=178
num_leaves=31
num_cat=0
split_feature=10 0 7 1 1 17 0 1 7 17 5 0 18 1 10 17 9 17 0 9 0 9 0 1 7 1 17 5 17 17
split_gain=0.259899 0.248594 0.536113 0.401834 0.825829 1.66007 0.395385 0.622731 0.810531 0.795641 0.499726 0.400878 0.580564 0.887837 0.364447 0.960351 0.325254 1.21257 1.00747 0.638641 0.548155 0.498805 0.517336 0.289047 0.500415 0.780545 0.655768 0.346987 0.395213 1.00008
threshold=8.3125550392534944 31.500000000000004 8.0214203567995543 590.50000000000011 404.50000000000006 0.70807993030371785 46.500000000000007 2607.5000000000005 8.6705149526803247 0.79012795506376243 -0.9159756150367534 35.500000000000007 1.0625000000000002 3162.5000000000005 8.3679307178720688 0.64927633572046617 5.9414853139235673 0.65721354409355948 59.500000000000007 6.5991897639136772 69.500000000000014 6.5799432483069369 74.500000000000014 1211.5000000000002 5.1901713283654836 504.50000000000006 0.76994110842690078 0.37940952255126054 0.64853776465145774 0.64867302866654353
decision_type=2 2 2 2 2 2 2 2 2 2 2 2 2 2 2 2 2 2 2 2 2 2 2 2 2 2 2 2 2 2
left_child=-1 2 -2 4 -4 -6 7 -3 10 11 -9 -10 13 -13 15 -5 23 18 -18 21 -20 -19 -23 24 25 -8 -27 -26 -29 -30
right_child=1 6 3 14 5 -7 16 8 9 -11 -12 12 -14 -15 -16 -17 17 19 20 -21 -22 22 -24 -25 27 26 -28 28 29 -31
leaf_value=-4.0939889188639642e-06 0.0017811823762433885 0.0012548483516162112 0.00079610032693331093 -0.011667171744492798 -0.003060075472708321 -3.6032138473289858e-05 0.0082421164097573694 -0.0065099302253572343 -0.0018399888613713459 0.0009747776374185946 0.0066179465222023703 -0.0069281528370569601 -0.0031033688915941219 -0.009869204082632194 0.00049016041987760687 -0.0013802337609270879 0.0041974793572306449 -0.00061101240039906012 -0.0037773704857230572 0.0016600567642203177 -0.0007085293149675753 -0.0090872499016690141 -0.002806132699026004 0.00069074385236689989 -0.00022063089005563855 -0.0044870756556359987 -0.00042379031895141834 0.0062892331081985525 -0.0042424175123013316 0.00052191911313938667
leaf_weight=380845.5372187905 99.825655050575733 1351.7042743861675 20.480962760746479 5.6657032966613761 14.110680878162386 14.932651240378616 15.993833083659409 14.89152656495571 14.910955071449278 39.731174852699041 76.957902066409588 12.856718182563784 17.752830743789673 18.356594264507294 86.247173614799976 53.750421907752752 15.582653045654295 92.538795951753855 17.381085753440857 83.427073024213314 23.197330236434937 5.1521105580031854 5.7436514161527157 2693.6173251457512 1925.1777089573443 28.106726884841919 18.729759380221367 71.333659172058105 13.596908926963804 677.81234934180975
leaf_count=1291978 281 3615 56 7 18 59 37 41 22 177 187 20 19 27 227 177 20 333 21 296 29 20 21 7244 5191 39 79 88 17 1958
internal_value=-1.27578e-06 0.000289619 -0.00113309 -0.00265739 -0.00654814 -0.0119701 0.000347635 0.00105634 -0.00158162 -0.0046132 0.00183808 -0.00806881 -0.0102546 -0.0143605 -0.00133457 -0.0043478 0.000154844 -0.00163483 -0.00807716 0.000301402 -0.0122271 -0.00232378 -0.0124427 0.000234731 -0.000125784 -0.00453674 -0.00779337 -2.2677e-05 0.000879859 0.000514284
internal_weight=388375 7529.57 295.013 195.188 49.5243 29.0433 7234.55 1547.16 195.458 103.608 91.8494 63.8771 48.9661 31.2133 145.663 59.4161 5687.39 243.023 56.1611 186.862 40.5784 103.435 10.8958 5444.37 2750.75 62.8303 46.8365 2687.92 762.743 691.409
internal_count=1312304 20326 825 544 133 77 19501 4108 493 265 228 88 66 47 411 184 15393 740 70 670 50 374 41 14653 7409 155 118 7254 2063 1975
is_linear=0
shrinkage=0.05


Tree=179
num_leaves=31
num_cat=0
split_feature=17 1 1 7 7 5 1 6 0 1 0 4 0 6 1 1 7 7 4 10 10 7 6 5 10 1 10 10 5 1
split_gain=0.242493 0.499524 0.532896 0.958735 0.482376 0.958259 1.88389 0.432139 0.529539 0.531686 0.875258 0.494455 0.530435 0.523906 0.516221 0.49093 0.69154 0.952898 0.975776 0.474533 1.11343 0.436534 0.414935 0.40405 0.400307 0.686427 0.617732 1.03064 0.597569 0.613827
threshold=0.64607191580427192 1315.5000000000002 1294.5000000000002 2.6735537653587351 1.0000000180025095e-35 1.0000000180025095e-35 755.50000000000011 0.60355339059327384 24.500000000000004 886.50000000000011 93.500000000000014 2.5000000000000004 23.500000000000004 0.25881904510252057 704.50000000000011 1181.5000000000002 5.1328485759866682 3.4175922930736511 3.5000000000000004 0.65675555764692939 4.6445538561955049 4.6491756246494491 0.91597561503675351 0.60355339059327384 6.5298753861640817 268.50000000000006 7.1082777284559278 7.1736726191874567 -0.5 326.50000000000006
decision_type=2 2 2 2 2 2 2 2 2 2 2 2 2 2 2 2 2 2 2 2 2 2 2 2 2 2 2 2 2 2
left_child=1 2 4 -4 5 6 -1 11 -9 23 15 13 -13 -6 24 16 17 19 22 -11 -21 -17 -19 -10 -14 -26 -27 -28 -29 -30
right_child=-2 -3 3 -5 7 -7 -8 8 9 10 -12 12 14 -15 -16 21 -18 18 -20 20 -22 -23 -24 -25 25 26 27 28 29 -31
leaf_value=-0.00085016903081641399 2.858978512230645e-06 0.00011847916769237994 -0.0019883127450802244 -0.00072933639472671586 1.4546546034193559e-05 0.00060161504341699104 -0.0018427198019985937 -0.0020926567090435279 0.00017467088993135575 0.001857500157080816 -0.0034837153116813362 -0.0016592932445603039 -0.00068941711020120006 0.0011277363730600475 3.5597983697244902e-05 0.0029353257292895549 7.8649367105655687e-05 -0.00011470079241482565 -0.0053336296339300641 -0.002142330995626131 0.00010840091178164619 -0.0013735774512272135 -0.0022750530769321381 -0.0018976148275985094 0.0013343074807775268 0.0016391038092755451 -0.0034738068880770939 0.00063416557964975713 -0.0025634711057361615 -0.0015261111684269906
leaf_weight=22.898214995861053 379840.20753154159 3662.984420619905 18.773756265640259 56.301009118556976 1420.5193255543709 23.037067055702209 16.335449934005737 19.601324021816254 496.22650820016861 19.622607588768005 23.669255517423153 29.273076117038727 549.45011776685715 204.52725446224213 1141.2305520176888 38.49857884645462 78.588483989238739 24.407243609428406 20.328445494174957 16.234232783317566 31.854749500751495 31.133592128753662 17.225806474685669 80.291784465312958 52.420587301254272 105.28839498758316 17.250405013561249 147.33890151977539 23.005979120731354 146.57875853776932
leaf_count=28 1301855 4485 23 69 1739 28 20 24 608 24 30 36 672 250 1397 47 96 30 25 20 39 38 21 98 64 129 21 181 28 179
internal_value=-1.10726e-06 -0.000264677 -0.000596355 -0.00477632 -0.000530935 -0.00490297 -0.00965581 -0.000473432 -0.00146101 -0.00127957 -0.00298074 -0.000242378 -0.000728898 0.00041982 -0.000639225 -0.00219459 -0.00340977 -0.00565277 -0.0101334 -0.00155264 -0.00422643 0.00143987 -0.00574893 -0.000389724 -0.00144423 -0.000408119 -0.00105322 -0.00210545 -0.00145763 -0.00348135
internal_weight=388375 8534.9 4871.91 75.0748 4796.84 62.2707 39.2337 4734.57 897.683 878.081 301.563 3836.88 2211.84 1625.05 2182.56 277.894 208.262 129.673 61.9615 67.7116 48.089 69.6322 41.6331 576.518 1041.33 491.883 439.462 334.174 316.924 169.585
internal_count=1312304 10449 5964 92 5872 76 48 5796 1100 1076 370 4696 2707 1989 2671 340 255 159 76 83 59 85 51 706 1274 602 538 409 388 207
is_linear=0
shrinkage=0.05


Tree=180
num_leaves=31
num_cat=0
split_feature=12 16 17 8 16 17 6 1 1 10 17 3 16 17 17 1 10 1 10 4 10 16 6 18 1 17 17 4 3 1
split_gain=0.353678 0.447608 0.476445 0.39875 0.623353 0.584635 0.651036 0.951163 1.12565 0.516839 0.470561 0.456812 0.424178 0.523012 0.632892 0.43367 0.41821 0.531008 0.53239 0.411016 0.408767 0.552136 0.457093 0.449719 0.447115 0.443912 0.473093 0.841467 0.673841 0.434656
threshold=1.0000000180025095e-35 0.76060710736486381 0.64725493382190846 1.0000000180025095e-35 0.70517799062805808 0.64632798978931005 -0.12940952255126037 344.50000000000006 1044.5000000000002 7.3777448829540324 0.64867302866654353 1.0000000180025095e-35 0.71843582945990481 0.66268314391858796 0.66164817016019506 420.50000000000006 0.65675555764692939 2793.5000000000005 7.2370010984580881 1.5000000000000002 0.015776001442497901 0.87260122516658101 1.0000000180025095e-35 1.029166666666667 2643.5000000000005 0.65185921791924917 0.65266048731061865 1.5000000000000002 1.0000000180025095e-35 1181.5000000000002
decision_type=2 2 2 2 2 2 2 2 2 2 2 2 2 2 2 2 2 2 2 2 2 2 2 2 2 2 2 2 2 2
left_child=3 2 -2 4 5 6 7 -1 -9 12 -11 -12 13 14 -6 -14 20 -18 -19 -13 21 22 25 -24 -22 -17 27 -27 -29 -30
right_child=1 -3 -4 -5 9 -7 -8 8 -10 10 11 19 15 -15 -16 16 17 18 -20 -21 24 -23 23 -25 -26 26 -28 28 29 -31
leaf_value=-0.0047700258497432313 -0.0012979707595969108 -7.887499080164764e-05 -0.00077046106675074605 -1.3402080008782097e-05 -0.0014314611933486196 0.0017804629803175225 0.0013042456745277265 0.0081653390304467655 -0.0057440553952785899 0.00095394593268181913 0.0011375411121956579 -0.00064202981260177018 -7.4882632762969184e-05 0.00020229444253858642 -0.0039947889204151659 0.00044204160448256188 3.7643858767765631e-05 -0.00037790328574360821 0.0036473288629141291 0.00017960479231494964 0.00018018050366686996 0.00058480052863789833 -1.7815404588443495e-05 -0.00047026089058950298 0.0012828901700979696 -0.0015069566157078357 6.743810625391978e-05 -0.0033679974152914086 0.00087924709311489047 -0.0020579926673004907
leaf_weight=28.470217168331146 61.017185986042023 5756.537560518831 849.66165268421173 260188.70380038023 833.01027518510818 4956.4212181270123 114.23820203542709 52.013391852378845 59.368802428245544 1099.3756042346358 2366.8419252112508 817.05309633538127 16037.987142175436 1053.3445862978697 81.532295167446136 1859.336931347847 46287.456115528941 9189.2797630690038 325.53720931708813 6201.1959052719176 8665.4469046592712 1891.7733788043261 4860.256354264915 2106.8267066590488 2758.988228674978 32.599652945995331 8767.0620920881629 27.682194411754608 76.644220411777496 81.133536159992218
leaf_count=35 75 22430 2418 892304 1039 13067 141 64 73 1363 8179 2751 52431 3503 90 2334 153408 30580 1123 21000 28968 6343 21097 2561 9344 40 33594 35 97 101
internal_value=2.75803e-06 -0.000358263 -0.00138828 9.07863e-06 8.42194e-05 0.000619164 -0.00172001 -0.00400744 -0.00192271 6.007e-05 0.0003948 0.000280154 2.6626e-05 -0.000700539 -0.00157534 4.05233e-05 8.45979e-05 2.68923e-06 -0.000337504 7.75777e-05 0.000231435 9.34655e-05 7.2059e-06 -0.000308803 0.000469385 0.000210228 6.47048e-05 -0.00223579 -0.000933574 0.000328837
internal_weight=387487 6667.22 910.679 380820 120631 5210.51 254.091 139.852 111.382 115420 10484.5 9385.09 104936 1967.89 914.543 102968 86930 55802.3 9514.82 7018.25 31127.8 19703.3 17811.5 6967.08 11424.4 10844.5 8985.12 218.06 185.46 157.778
internal_count=1310588 24923 2493 1285665 393361 13380 313 172 137 379981 33293 31930 346688 4632 1129 342056 289625 185111 31703 23751 104514 66202 59859 23658 38312 36201 33867 273 233 198
is_linear=0
shrinkage=0.05


Tree=181
num_leaves=31
num_cat=1
split_feature=7 16 17 0 7 10 10 2 16 18 7 17 8 0 18 5 9 4 6 10 0 7 5 16 0 0 0 7 16 5
split_gain=0.333295 0.443945 0.479711 0.411682 0.37019 0.3361 0.518018 0.590988 0.72981 1.24928 0.518048 0.504566 0.759959 0.913144 0.672323 0.709015 0.59955 0.539971 0.491463 0.842469 0.496489 0.668413 0.723795 0.909901 0.655565 1.00308 0.666783 0.648927 0.557114 0.499843
threshold=1.0000000180025095e-35 0.76060710736486381 0.64725493382190846 55.500000000000007 1.0397207708399181 4.1882333364740107 1.7185517325253719 0 0.97182285662211954 1.0125000000000002 5.0205801788306017 0.6544711875884256 1.8688348091416842 29.500000000000004 1.029166666666667 -1.0000000180025095e-35 2.6735537653587351 2.5000000000000004 -0.98296291314453399 2.8159497556634725 60.500000000000007 3.795426061844291 -0.78656609248549292 0.79617572659088676 87.500000000000014 75.500000000000014 72.500000000000014 4.135134555718313 0.80530725634941192 -0.9159756150367534
decision_type=2 2 2 2 2 2 2 1 2 2 2 2 2 2 2 2 2 2 2 2 2 2 2 2 2 2 2 2 2 2
left_child=1 2 3 -1 -2 6 -6 8 -8 10 -10 12 13 -9 15 17 -14 -15 19 -16 21 -20 23 -23 25 26 -22 -26 29 -27
right_child=4 -3 -4 -5 5 -7 7 11 9 -11 -12 -13 16 14 18 -17 -18 -19 20 -21 24 22 -24 -25 27 28 -28 -29 -30 -31
leaf_value=-0.0017342496765410402 0.0001086972578259831 -7.4931241261565201e-05 -0.00073193801341320881 -0.00031400710538588843 9.5706917400552323e-06 1.1453343162514188e-05 -1.5939393730632358e-05 0.0018974192940642545 0.001021133047488007 -0.0036831807330191691 -0.0056303620335138877 -0.00023725903662746018 0.00024342775423071285 -0.0025773432706422228 -0.0037094082524133294 -0.00091146238543964313 -0.0020963027598731158 -0.0037372433503730443 -3.0061874075296148e-06 -0.001013903879190712 -0.0020812558414118015 -0.0038152089897769167 -0.00075093650845927057 -0.00089261871419999209 0.00058247406466370997 0.0087787063534861178 0.0020329201803040028 -0.0033243318043552129 -0.0025853288975254182 -0.0046371362975218466
leaf_weight=34.237289369106293 36195.665260095149 5756.537560518831 849.66165268421173 26.77989661693573 36817.820937145501 275142.88268088549 19751.479953404516 97.617794752120972 51.018396660685539 20.917293936014175 5.7325683981180182 10164.191958732903 856.736268222332 15.310816824436186 17.596858322620392 40.438876092433929 29.687577307224274 22.948715925216675 669.16913455724716 50.972439169883728 264.3564972281456 18.943925976753235 149.44436854124069 25.726765632629395 188.89088898897171 18.87325781583786 39.40745347738266 25.405465364456177 64.985240817070007 73.358355939388275
leaf_count=42 115073 22430 2418 33 126301 931166 68530 123 179 32 30 40986 1078 22 22 58 38 33 838 64 332 24 187 32 238 24 49 32 81 93
internal_value=2.57872e-06 -0.000347885 -0.00137368 -0.00565595 8.71448e-06 -7.2619e-06 -0.000105522 -0.000250469 -7.9168e-05 -0.00491649 -0.00106664 -0.000514673 -0.00112677 -0.00172149 -0.00199374 -0.00650601 6.97719e-05 -0.0113852 -0.00177278 -0.00591452 -0.0015882 -0.000793812 -0.00337699 -0.00896139 -0.00260375 -0.00366594 -0.001988 -0.000318832 -0.00690795 -0.00440956
internal_weight=387487 6667.22 910.679 61.0172 380820 344624 69481 32663.2 19829.1 77.6683 56.751 12834.1 2669.87 1783.45 1685.83 78.6984 886.424 38.2595 1607.13 68.5693 1538.56 863.284 194.115 44.6707 675.277 460.981 303.764 214.296 157.217 92.2316
internal_count=1310588 24923 2493 75 1285665 1170592 239426 113125 68771 241 209 44354 3368 2252 2129 113 1116 55 2016 86 1930 1081 243 56 849 579 381 270 198 117
cat_boundaries=0 1
cat_threshold=28
is_linear=0
shrinkage=0.05


Tree=182
num_leaves=31
num_cat=0
split_feature=7 16 17 0 8 10 10 10 1 0 7 5 17 7 1 17 1 0 1 6 10 10 16 7 10 16 16 6 16 7
split_gain=0.301161 0.429339 0.487272 0.411682 0.338529 0.596194 0.511429 0.655292 0.513352 0.463157 0.520901 0.449816 0.721966 0.425778 0.4819 0.423587 0.767888 0.698646 0.627464 0.609473 1.35473 0.594347 1.27424 0.813484 0.462725 0.529804 1.84453 0.513719 0.449546 0.671234
threshold=1.0000000180025095e-35 0.76060710736486381 0.64725493382190846 55.500000000000007 1.0000000180025095e-35 6.6984141434628581 0.098905681065719467 0.015776001442497901 1468.5000000000002 52.500000000000007 6.1685636116899003 -0.78656609248549292 0.76994110842690078 3.8393944990995772 1372.5000000000002 0.64607191580427192 268.50000000000006 58.500000000000007 1010.5000000000001 -0.98296291314453399 5.2487550259060098 5.8039889525589397 0.82686176440553638 1.5890269151739729 2.3216646650962693 0.82982140869454424 0.84425539163094909 -0.12940952255126037 0.83523104476989685 3.1132683346437333
decision_type=2 2 2 2 2 2 2 2 2 2 2 2 2 2 2 2 2 2 2 2 2 2 2 2 2 2 2 2 2 2
left_child=1 2 3 -1 5 6 7 -2 -9 10 -7 12 -12 14 -6 16 21 19 -19 20 -18 22 23 -8 -20 -26 -27 -28 -21 -30
right_child=4 -3 -4 -5 13 9 15 8 -10 -11 11 -13 -14 -15 -16 -17 17 18 24 28 -22 -23 -24 -25 25 26 27 -29 29 -31
leaf_value=-0.0016475371927139881 1.6434108717972713e-05 -7.1184679198486869e-05 -0.00069534111274254873 -0.00029830675011659343 -8.7853494175366153e-06 5.0707536957871756e-05 -0.00068062507490534096 8.6142998480159138e-05 0.00084223467573890242 0.0004738679598641646 -0.006479614337768818 -0.0010228507363192821 -0.0021722824452884461 4.1708377540840285e-06 -0.00025913151715173665 -2.4983058883654152e-05 -0.0020372338430883082 0.00077542470782000566 0.0019312741712888021 -0.00043222119886798045 0.0024485855466711112 0.00093099662877549729 0.0066982248622319942 -0.0033291762648478629 -0.00045515877252518965 -0.0032221048257973376 -0.0024604953004227926 0.0027208334544551373 -0.0014875004193765683 0.0015044572637922362
leaf_weight=34.237289369106293 25898.999694693834 5756.537560518831 849.66165268421173 26.77989661693573 27974.760223515332 9505.3891735598445 18.667661488056183 5102.7473316155374 5072.3355679512024 13631.302706286311 12.724590778350832 86.638169009238482 17.448584761470556 212172.63964724168 20041.303929623216 59969.318827178329 27.71422553062439 219.99557846784592 64.530746042728424 523.37300568819046 19.580974996089935 22.157128274440765 17.966147840023041 21.359646618366241 204.40082907676697 16.371212065219879 22.795994758605957 22.030370593070984 107.65482538938522 25.372957170009613
leaf_count=42 85367 22430 2418 33 91439 30871 23 16714 16755 43591 18 299 89 734966 65899 198024 34 269 79 641 24 27 22 26 250 20 28 27 132 31
internal_value=1.85634e-06 -0.000331285 -0.00134006 -0.00565595 7.68882e-06 7.69234e-05 2.26047e-05 0.00017198 0.000511967 0.000304391 3.87951e-05 -0.00327979 -0.00853741 -2.44103e-05 -0.000158863 -6.52954e-05 -0.000946528 -0.000643222 0.00069166 -0.00168679 -0.00716868 -0.00569124 -0.00835261 -0.013318 -0.000686815 -0.00160951 -0.00569072 -0.000444833 -0.0012918 -0.00388722
internal_weight=387487 6667.22 910.679 61.0172 380820 120631 97377.4 36074.1 10175.1 23253.5 9622.2 116.811 30.1732 260189 48016.1 61303.3 1333.97 1253.82 550.125 703.696 47.2952 80.1506 57.9935 40.0273 330.129 265.598 61.1976 44.8264 656.401 133.028
internal_count=1310588 24923 2493 75 1285665 393361 318493 118836 33469 74868 31277 406 107 892304 157338 199657 1633 1535 673 862 58 98 71 49 404 325 75 55 804 163
is_linear=0
shrinkage=0.05


Tree=183
num_leaves=31
num_cat=0
split_feature=1 3 16 1 1 16 17 0 8 16 9 8 8 17 16 16 1 6 9 9 8 1 1 6 0 9 8 17 6 11
split_gain=0.311465 0.415983 0.839147 0.475724 0.456138 1.21498 0.784863 0.683432 0.691592 0.668064 0.60744 0.557699 0.600675 0.529519 0.545832 0.466188 0.443777 0.434847 0.455664 0.429636 0.426179 0.425726 0.667995 0.540087 0.633075 0.408153 0.444087 0.585687 0.496017 0.373875
threshold=420.50000000000006 1.0000000180025095e-35 0.70870188235304732 3061.5000000000005 854.50000000000011 0.82458796640878562 0.64675799809678969 57.500000000000007 1.7005986908310777 0.92481023624323644 6.7440584926381328 3.0677824455408698 1.8688348091416842 0.70060497822106316 0.85472328363330063 0.87500919789417042 2229.5000000000005 1.0000000180025095e-35 2.249904835165133 1.0000000180025095e-35 4.5271940351011493 1533.5000000000002 1626.5000000000002 -0.9159756150367534 73.500000000000014 3.7012257604091228 5.8391860522696701 0.65266048731061865 -0.5 1.0000000180025095e-35
decision_type=2 2 2 2 2 2 2 2 2 2 2 2 2 2 2 2 2 2 2 2 2 2 2 2 2 2 2 2 2 2
left_child=25 2 -2 4 17 10 7 8 -7 11 16 12 13 29 -15 -9 -6 -4 -19 -14 -5 -16 23 -23 -25 -1 27 28 -27 -8
right_child=1 -3 3 20 5 6 9 15 -10 -11 -12 -13 19 14 21 -17 -18 18 -20 -21 -22 22 -24 24 -26 26 -28 -29 -30 -31
leaf_value=-5.1562286740737367e-05 0.0026977335555798832 -7.3316363960462821e-08 -0.00015823111293361143 -0.0022535988625146928 0.0011084270834890984 0.0030461445977479282 0.00020522950202726681 -0.0029554193186297306 -0.0012167058443857211 0.0041330366804978452 -0.0044505768713953521 0.00091169548819299917 -0.0014584307783610008 0.00026196735360761031 -0.00090486589424163899 -0.0018802466740311038 0.0058381294620631968 0.00040654536192419186 -0.0010253825392479343 0.0016614433725194826 0.0024448925941892049 -0.0029710957045146359 -0.0013412065243560271 -0.0025944325155876548 0.0045736790417260989 -0.00073914008544372772 0.00043337112807386943 1.3189298971081482e-05 -0.002010320648934989 0.0037087054681845507
leaf_weight=42614.226431865245 2954.7672950029373 309183.29169949517 13403.903687536716 321.37422367185354 6581.1150395199656 33.093157529830933 586.62411403656006 48.768726289272308 25.850227415561676 255.9108547270298 8.6590948477387411 803.55046875029802 487.3837775811553 537.31140989810228 499.14968226850033 37.340200245380402 281.75046834722161 6836.5261886455119 491.37991444393992 64.993351325392723 38.488985974341631 6.4256503358483306 172.89061244577169 20.17459258437157 8.9162800982594472 18.789917945861816 792.89312913268805 187.47210205346346 17.549963653087616 166.22490173578262
leaf_count=142028 7494 1048196 45894 1044 23642 41 793 60 32 952 34 2641 1594 2245 2131 46 1041 23819 1814 211 133 22 720 82 35 24 2771 806 22 221
internal_value=2.29463e-06 1.82628e-05 0.000182486 0.000107409 0.000128153 0.000394517 -0.000328772 -0.00393497 0.000213254 -0.000183854 0.000789723 -0.000371759 -0.000733702 -0.000330185 -0.000963232 -0.00677451 0.000806421 -8.37217e-06 0.000301331 -0.00219306 -0.00170019 -0.0018756 -0.00377368 -0.0100192 -0.00712144 -0.000123551 0.000866515 -0.00110034 -0.00690982 0.000716586
internal_weight=387487 343856 34672.6 31717.8 31357.9 10626.1 3754.61 145.052 58.9434 3609.56 6871.52 3353.64 2550.09 1997.72 1244.87 86.1089 6862.87 20731.8 7327.91 552.377 359.863 707.557 208.407 35.5165 29.0909 43630.9 1016.71 223.812 36.3399 752.849
internal_count=1310588 1164937 116741 109247 108070 36543 11826 179 73 11647 24717 10695 8054 6249 5235 106 24683 71527 25633 1805 1177 2990 859 139 117 145651 3623 852 46 1014
is_linear=0
shrinkage=0.05


Tree=184
num_leaves=31
num_cat=1
split_feature=10 0 8 5 17 8 2 9 17 17 16 16 6 0 0 0 9 6 16 9 16 5 17 16 8 17 16 5 16 9
split_gain=0.240475 0.585882 0.600823 0.503293 0.442955 0.527905 0.433563 0.460216 0.578194 0.584224 0.416746 0.542661 0.600364 0.37932 0.340455 0.493262 0.447931 0.471317 0.406588 0.565434 0.375718 0.530321 0.483449 0.525779 1.30886 0.469363 0.430741 0.422875 0.512663 0.29801
threshold=8.3679307178720688 112.50000000000001 1.4978661367769956 0.60355339059327384 0.66197798957202592 0.89587973461402759 0 1.0000000180025095e-35 0.79404319816026503 0.64805509467998179 0.70517799062805808 0.72364337447615934 -0.12940952255126037 60.500000000000007 104.50000000000001 76.500000000000014 5.9148525341228533 0.1294095225512602 0.83327601148575159 3.1984648276080736 0.83561204850757254 0.91597561503675362 0.78929913144171537 0.82137319586356661 6.4808108456015434 0.68761242875147521 0.79886474335522972 -1.0000000180025095e-35 0.79001139522371822 2.8617925509761908
decision_type=2 2 2 2 2 2 1 2 2 2 2 2 2 2 2 2 2 2 2 2 2 2 2 2 2 2 2 2 2 2
left_child=-1 2 3 4 -2 -6 13 -8 9 -9 -11 12 -12 -4 15 16 20 -18 -17 -20 22 -22 23 25 -25 26 -13 28 -27 -29
right_child=1 -3 6 -5 5 -7 7 8 -10 10 11 14 -14 -15 -16 18 17 -19 19 -21 21 -23 -24 24 -26 27 -28 29 -30 -31
leaf_value=-7.0070268599273237e-07 -0.0024873607724457342 0.0066350106138971772 0.0012422665833104086 0.0077596243996770403 0.0054808955130920441 -0.0034839366229342237 0.0059022736774613123 0.00072234829127253988 0.00064764355967691098 0.009166925989024537 -0.014933019579038427 -0.0022095122994749959 -0.0011595610351719128 0.0001168983981393576 -0.0038777481024542928 0.0040317181373120976 -0.002610465043880919 -0.0058211650612539426 -0.0044613156781681028 0.0032659708058184011 0.0006892765955891462 -0.0021318820992305464 0.00090754225881611655 -2.7623792563040431e-06 -0.0029484508351672214 -0.0033007365371163196 0.00016200436270328162 -0.002945440582435857 0.0035619821870359978 -0.0044202239725817192
leaf_weight=383429.88818277419 14.179868161678312 125.15587129071355 1342.6860565915704 10.475578770041464 9.3502004891634005 10.406003978103398 108.53311422467232 113.14693909883499 299.59463663771749 54.268981158733368 17.173062682151794 189.55516147613525 18.896165639162064 1201.2219365052879 13.114192754030226 106.1440868973732 14.231720343232157 17.46099129319191 17.935208335518837 14.862230986356733 122.83221417665482 10.936842173337935 75.881086111068726 19.850132077932358 17.968505442142487 12.662781953811647 65.863716304302216 10.103265106678011 11.079124540090559 11.33829142898321
leaf_count=1300523 18 319 3359 22 24 28 237 140 1498 90 29 248 28 2998 24 181 29 32 32 27 224 20 230 29 25 24 88 19 21 22
internal_value=2.28488e-06 0.000385217 0.000278013 -0.00550465 -0.00846192 -0.00362239 0.000344078 -0.00038197 -0.000659166 -0.00127149 -0.00173507 -0.00203434 -0.00802147 0.00072615 -0.00173925 -0.00159357 -0.00223482 -0.0080143 0.00108216 -0.0037837 -0.00190061 0.000403286 -0.00264449 -0.00345326 -0.00900957 -0.00275422 -0.00192324 -0.0074517 -0.00285489 -0.0125417
internal_weight=387487 4056.91 3931.75 44.4117 33.9361 19.7562 3887.34 1343.43 1234.9 935.305 822.158 767.889 36.0692 2543.91 731.82 718.705 579.764 31.6927 138.942 32.7974 548.071 133.769 414.302 338.421 37.8186 300.602 255.419 45.1835 23.7419 21.4416
internal_count=1310588 10065 9746 92 70 52 9654 3297 3060 1562 1422 1332 57 6357 1275 1251 1011 61 240 59 950 244 706 476 54 422 336 86 45 41
cat_boundaries=0 1
cat_threshold=25
is_linear=0
shrinkage=0.05


Tree=185
num_leaves=31
num_cat=0
split_feature=7 7 16 1 7 7 8 1 6 16 1 18 0 16 17 3 1 17 3 16 1 0 17 18 5 8 16 1 5 1
split_gain=0.286222 0.729191 0.660379 1.05445 0.643313 0.908714 0.679051 0.58334 0.690332 0.556051 0.811601 0.685836 0.696726 0.512966 1.18477 0.464425 0.831979 0.450946 0.441814 0.50318 0.672314 0.503119 0.823648 0.416241 0.673672 0.471901 0.764641 0.915681 0.659879 0.428679
threshold=1.0397207708399181 2.3502401828962087 0.75883232982744986 548.50000000000011 2.524928003624769 3.0201273556387074 1.0000000180025095e-35 590.50000000000011 -0.98296291314453399 0.74058505004740149 1221.5000000000002 1.0458333333333336 60.500000000000007 0.81588595208918047 0.65232474344564295 1.0000000180025095e-35 682.50000000000011 0.64675799809678969 1.0000000180025095e-35 0.85943965931063915 2112.5000000000005 19.500000000000004 0.65980955961161136 1.0375000000000003 -0.25881904510252113 4.9938224302714262 0.82055312402580527 2715.5000000000005 0.37940952255126054 192.50000000000003
decision_type=2 2 2 2 2 2 2 2 2 2 2 2 2 2 2 2 2 2 2 2 2 2 2 2 2 2 2 2 2 2
left_child=23 2 3 -2 6 7 -3 -6 9 10 -9 12 -12 -11 -15 16 -16 -8 -4 20 -20 22 -22 25 -25 -1 -27 28 -28 -26
right_child=1 4 18 -5 5 -7 17 8 -10 13 11 -13 -14 14 15 -17 -18 -19 19 -21 21 -23 -24 24 29 26 27 -29 -30 -31
leaf_value=2.7384570286055623e-05 0.00042242721283301604 0.00023128843985199753 -0.00043421468706899419 -0.0014008704196608033 5.9444058519502607e-05 8.0182877961347546e-06 -0.002892041087467745 0.00022411914100462643 -0.00022654825443828576 -0.00025798806806509865 0.00081142279803127638 -0.0074782918606662377 -0.0058011460956793465 -0.001651284533193495 -0.0040349745669283005 -0.00047044158131173686 -0.00098989354919668741 -0.00053150072273276054 6.8538306173551727e-06 0.00026954055174351971 -0.0042871691757489115 -0.00058840807143721802 -0.0010922495142354563 -1.0875667301615474e-05 0.0013859856060721204 -0.00035376995625296254 0.00081949140574244972 -0.0043728181933801475 -0.0018439092085850485 0.00042762898760461413
leaf_weight=31945.221054609865 944.28469923883677 17191.310153655708 3396.2607320770621 2637.6667044609785 5297.8892284408212 279417.25874326751 16.310977637767792 32.2366067096591 17156.374327912927 451.74069255962968 16.951873615384105 14.790340065956114 13.441683702170847 50.905519366264343 7.276616424322131 317.46104319393635 21.797249779105186 353.33203538507223 10496.945634543896 2678.4659380763769 6.07514560222626 3824.8905151896179 12.679297041147946 4882.4679581522942 255.21167109161615 118.54704455286264 19.429697722196583 9.2943099811673147 10.079214222729204 5647.7877805382013
leaf_count=126418 2303 55489 11498 6413 17090 959109 20 89 56057 1598 58 17 45 64 22 1110 72 1215 36084 8655 8 13104 55 5694 301 532 73 23 26 6724
internal_value=6.26896e-07 -1.45434e-05 -0.000280386 -0.000906573 5.37022e-06 -1.1693e-05 0.000299586 -0.000311129 -0.00044631 -0.00177563 -0.00583215 -0.0101562 -0.00585904 -0.0014058 -0.00271595 -0.00166964 -0.00771815 -0.00182078 -0.000170519 -6.66118e-05 -0.000184108 -0.000749868 -0.00891929 0.000122432 0.000391167 3.2145e-05 -0.00269932 -0.00879155 -0.00448092 0.000750551
internal_weight=387244 344356 23997.3 3581.95 320359 302798 17561 23380.9 18083 926.602 77.4205 45.1839 30.3936 849.181 397.44 346.535 29.0739 369.643 20415.3 17019.1 14340.6 3843.64 18.7544 42888 10785.5 32102.6 157.35 38.8032 29.5089 5903
internal_count=1309966 1170175 78120 8716 1092055 1035331 56724 76222 59132 3075 209 120 103 2866 1268 1204 94 1235 69404 57906 49251 13167 63 139791 12719 127072 654 122 99 7025
is_linear=0
shrinkage=0.05


Tree=186
num_leaves=31
num_cat=0
split_feature=7 7 16 1 7 7 1 6 16 1 10 16 1 16 10 5 16 10 16 1 16 0 16 10 1 10 1 1 10 10
split_gain=0.265479 0.650662 0.627055 0.984603 0.594545 0.864078 0.513872 0.669607 0.565862 0.811601 0.513811 0.478947 0.544258 0.541687 0.459227 0.792683 0.426672 0.423535 0.501028 0.472404 0.449146 0.414613 0.409306 0.404969 0.725421 0.399719 0.474607 0.532653 0.598517 0.415447
threshold=1.0397207708399181 2.3502401828962087 0.75883232982744986 548.50000000000011 2.524928003624769 3.0201273556387074 590.50000000000011 -0.98296291314453399 0.74058505004740149 1221.5000000000002 1.7185517325253719 0.81588595208918047 660.50000000000011 0.81680104559265798 8.2031868854386101 -0.70710678118654735 0.76654570564470936 7.5227904940025789 0.77411901582335829 611.50000000000011 0.78158162722824287 139.50000000000003 0.85237436024189284 8.0036029533214368 2090.5000000000005 5.5747840338677612 1626.5000000000002 2003.5000000000002 4.4818906257795668 5.062243319822187
decision_type=2 2 2 2 2 2 2 2 2 2 2 2 2 2 2 2 2 2 2 2 2 2 2 2 2 2 2 2 2 2
left_child=14 2 3 21 10 6 -6 8 9 -8 -3 25 -13 -14 -1 -16 -9 18 -18 -19 23 -2 -4 -21 -25 26 -10 28 -28 -29
right_child=1 4 22 -5 5 -7 7 16 11 -11 -12 12 13 -15 15 -17 17 19 -20 20 -22 -23 -24 24 -26 -27 27 29 -30 -31
leaf_value=7.3864182095934044e-05 0.00056002307085382811 0.00041615216068056492 -0.0001410119805018071 -0.0013308268986777631 5.6471855593527581e-05 7.6173734063281207e-06 0.00021291318395439546 -0.00078401127984559368 0.00011061096125550494 -0.0055746771647598829 4.346231136807405e-05 -0.0013301630620477874 -0.0011033397998820582 -0.00059585094018485692 -0.007390912359016461 -0.00042388676552944512 0.00060904828534486812 -0.0026054572518189479 -0.00012856183467667288 -0.0019375943199763921 -0.00033430533062256477 -0.0042498974261843941 0.00011033774557374365 -0.0020865295852447105 -0.0079300070334174817 0.0010043554077783887 -0.0040592397089063625 -0.00055468567177180688 0.00081852507830118277 -0.0034881479916673841
leaf_weight=42841.903507437557 935.81831434369087 6817.3387187235057 16200.635799005628 2637.6667044609785 5297.8892284408212 279417.25874326751 32.2366067096591 3713.5295933708549 164.1529307179153 45.183897383511066 10743.614447955042 27.110545679926872 11.020263135433195 359.30961994826794 9.4129485562443715 36.722274877130985 696.28152225911617 15.34600856900215 11886.349729843438 90.312327355146408 734.32016739994287 8.4663848951458913 4214.6814635246992 9.9866172671318072 10.248361848294733 179.76188114657998 17.697338752448562 70.58447115495801 6.3080400712788096 13.236030716449021
leaf_count=139666 2288 22492 56012 6413 17090 959109 89 16577 574 120 34232 79 30 1159 28 97 1763 47 35310 253 2061 15 13392 28 18 626 65 265 24 44
internal_value=2.81632e-07 -1.43286e-05 -0.000265449 -0.000875632 4.48216e-06 -1.19215e-05 -0.00030391 -0.000430788 -0.00174 -0.00583215 0.000287326 -0.00136692 -0.00263289 -0.00213226 0.00011759 -0.00486819 -0.000360078 -0.000229023 -0.000155642 -0.0013024 -0.00114448 0.000509845 -0.000158389 -0.00411572 -0.0105091 -0.000253125 -0.00146229 -0.00403939 -0.0106062 -0.00215873
internal_weight=387244 344356 23997.3 3581.95 320359 302798 23380.9 18083 926.602 77.4205 17561 849.181 397.44 370.33 42888 46.1352 17156.4 13442.8 12582.6 860.213 844.867 944.285 20415.3 110.547 20.235 451.741 271.979 107.826 24.0054 83.8205
internal_count=1309966 1170175 78120 8716 1092055 1035331 76222 59132 3075 209 56724 2866 1268 1189 139791 125 56057 39480 37073 2407 2360 2303 69404 299 46 1598 972 398 89 309
is_linear=0
shrinkage=0.05


Tree=187
num_leaves=31
num_cat=0
split_feature=5 16 10 18 10 1 10 16 1 5 6 1 10 6 1 9 5 9 3 16 10 6 1 16 6 16 18 4 4 10
split_gain=0.240286 0.415602 0.537722 0.988957 1.11672 0.861778 0.772963 0.869571 0.855424 1.07887 0.724473 0.643763 0.643129 0.653298 0.565791 0.560855 0.893237 0.771268 0.537551 1.18097 1.66474 0.830984 0.827711 0.526752 0.525895 0.826899 0.65152 0.770344 1.09188 0.54351
threshold=0.12940952255126045 0.76654570564470936 7.6356794924471805 1.0708333333333335 7.4073427185764524 1494.5000000000002 7.5227904940025789 0.70870188235304732 2963.5000000000005 -0.78656609248549292 0.78656609248549303 2306.5000000000005 1.0000000180025095e-35 -0.37940952255126015 2135.5000000000005 1.2424533248940002 -0.9159756150367534 2.6735537653587351 1.0000000180025095e-35 0.69056601514900129 7.1252063492905746 0.60355339059327384 632.50000000000011 0.88779654317510448 0.1294095225512602 0.88926421891343954 1.029166666666667 2.5000000000000004 1.5000000000000002 0.058681907356509619
decision_type=2 2 2 2 2 2 2 2 2 2 2 2 2 2 2 2 2 2 2 2 2 2 2 2 2 2 2 2 2 2
left_child=1 2 3 -1 11 10 8 -8 9 -7 -6 12 13 -5 -9 18 -17 -18 22 20 21 -20 -14 -3 -25 26 27 28 -26 -30
right_child=-2 23 -4 4 5 6 7 14 -10 -11 -12 -13 15 -15 -16 16 17 -19 19 -21 -22 -23 -24 24 25 -27 -28 -29 29 -31
leaf_value=-0.00013530598176779342 2.8860844518110301e-05 1.5202174491394521e-05 0.00012105585015110537 0.0027525186564021512 -0.00058136220284181386 -0.0047217964706715151 -0.0064676163295575772 -0.0055632504993381104 -0.0055948287898747399 -0.0098329283355464321 -0.0055813627823978725 0.00074463284543892509 -0.00077912340000532991 -0.0045970569309244846 0.0033258224786852364 -0.0037185600375978624 -0.0025418606046301584 0.0022232389708825408 -0.0020868573229990638 -0.00048438920016672521 -0.0083395921744396275 -0.006345790193882212 0.0048240279241637393 -4.1234139451437613e-05 0.0071063580366852149 -0.00030195331913250096 0.0010704953672540287 -0.00019431052626943531 0.00033142428369192583 -0.0018886905688723144
leaf_weight=37529.001765199006 157642.38516853005 160052.98066752404 16915.847245957702 20.054034531116486 202.42957431077957 18.020489454269409 19.025833785533905 23.765663586556911 40.073748052120209 22.782940588891506 32.006787993013859 982.04638206213713 550.57831696420908 28.769891865551472 52.151102922856808 35.848676443099976 104.71062175929546 58.565471790730953 151.3674350976944 1783.8376710861921 20.040269374847412 46.590475261211395 260.68777261674404 6838.4320336207747 14.887209951877592 3551.465317286551 55.015926420688629 93.804711245000362 8.4563470855355245 88.754936449229717
leaf_count=192200 529534 477242 68840 21 213 19 20 26 42 25 40 1049 586 33 56 38 112 63 159 1913 21 49 276 23849 70 12682 66 376 29 317
internal_value=1.87233e-07 -3.24483e-05 -0.000146971 -0.000242869 -0.000947344 -0.00343292 -0.0060791 -0.00301927 -0.00967107 -0.0147671 -0.00144838 -0.00069513 -0.00105249 -0.0067451 -0.000623773 -0.000960222 -0.0035246 -0.00195544 -0.000778703 -0.0012187 -0.00469268 -0.00330246 0.000307022 7.06569e-06 -0.000333415 -0.000803967 -0.00352071 -0.00481221 -0.00760986 -0.00954097
internal_weight=387244 229602 58898.2 41982.4 4453.35 410.256 175.82 94.9426 80.8772 40.8034 234.436 4043.1 3061.05 48.8239 75.9168 3012.23 199.125 163.276 2813.1 2001.84 217.998 197.958 811.266 170704 10650.8 3812.38 260.919 205.903 112.098 97.2113
internal_count=1309966 780432 265801 196961 4761 441 188 102 86 44 253 4320 3271 54 82 3217 213 175 3004 2142 229 208 862 514631 37389 13540 858 792 416 346
is_linear=0
shrinkage=0.05


Tree=188
num_leaves=31
num_cat=0
split_feature=7 7 7 7 1 6 10 17 0 10 17 6 17 1 0 1 10 0 1 5 0 5 3 6 1 7 1 17 6 1
split_gain=0.244331 0.556472 0.516707 0.752851 0.451885 0.619814 0.463197 0.894873 0.504482 0.445291 0.409024 0.387545 0.938078 0.984953 0.782188 1.17265 0.598235 0.500204 0.645257 0.581763 0.561895 0.415277 0.371209 0.536167 0.390867 0.351925 0.434543 0.392566 0.50652 0.45897
threshold=1.0397207708399181 2.3502401828962087 2.524928003624769 3.0201273556387074 590.50000000000011 -0.98296291314453399 5.5747840338677612 0.64632798978931005 31.500000000000004 1.7185517325253719 0.65090371963234628 0.60355339059327384 0.64632798978931005 412.50000000000006 67.500000000000014 917.50000000000011 5.6357330754872352 52.500000000000007 131.50000000000003 -0.5 51.500000000000007 0.37940952255126054 1.0000000180025095e-35 0.25881904510252057 1797.5000000000002 3.1132683346437333 131.50000000000003 0.66197798957202592 -0.5 307.50000000000006
decision_type=2 2 2 2 2 2 2 2 2 2 2 2 2 2 2 2 2 2 2 2 2 2 2 2 2 2 2 2 2 2
left_child=-1 -2 9 4 -4 6 7 -6 10 -3 -8 12 13 16 22 -16 -11 20 19 -19 -14 -17 -15 24 -24 27 -27 28 -5 -30
right_child=1 2 3 25 5 -7 8 -9 -10 11 -12 -13 17 14 15 21 -18 18 -20 -21 -22 -23 23 -25 -26 26 -28 -29 29 -31
leaf_value=6.7899929900594455e-05 -0.00013490319877901418 0.00039726799987763878 5.5824629587487158e-05 0.00035290856316210384 -0.0035220873884929966 -0.0002073648231028659 -0.0016013316504307575 -0.00088071321786496043 0.00031852490172761959 -0.0024611977702538382 -0.00080054131227555035 0.00048474474531425699 -0.00012784231973233528 -0.0016932139264681373 0.0015491056561777157 -0.0037689246929441715 -0.00141779108632508 -0.0024303106050877011 0.0002644770783080522 -0.001110109379639037 -0.00098882630849843898 -0.0053891591375697925 0.0031832089893435167 -0.0033627478840347318 -0.00098536005614413709 -0.00041501578159001512 3.0747473565108378e-06 0.00035475108782835195 -0.0018689056766375272 -0.00031764078019561016
leaf_weight=42888.038730870932 23997.268666230142 6817.3387187235057 5297.8892284408212 1228.7493448853493 20.394323229789734 17156.374327912927 4.7125820517539969 533.21548108756542 340.43390138447285 30.944891631603241 27.84533766284585 1997.3304550908506 3434.885660354048 17.766872048377991 23.721524357795715 28.38318133354187 25.270254373550415 7.2807214744389048 4802.9265876784921 27.611391648650169 177.06592138856649 19.638214886188507 83.022910952568054 22.024407982826233 45.741452753543854 768.99313821643591 269437.47827733681 6411.86904425174 100.48678004741669 1469.6821585297585
leaf_count=139791 78120 22492 17090 1526 25 56057 6 1861 1100 38 83 6473 11218 22 29 35 31 25 15555 82 515 24 102 27 56 2633 926245 26744 125 1836
internal_value=1.24656e-06 -1.27697e-05 4.62636e-06 -1.06659e-05 -0.000283215 -0.000402194 -0.00166179 -0.00257939 -0.00029985 0.000268306 -0.00624594 6.77431e-05 -7.57626e-05 -0.00284002 -0.0014462 -0.00581872 -0.00879807 2.12387e-05 0.000353644 -0.00642123 -0.000423982 -0.0103115 0.000414896 0.00122033 0.0024534 1.21403e-05 1.78003e-06 0.000316066 -0.000177988 -0.000773008
internal_weight=387244 344356 320359 302798 23380.9 18083 926.602 553.61 372.992 17561 32.5579 10743.6 8746.28 296.514 240.299 71.7429 56.2151 8449.77 4837.82 34.8921 3611.95 48.0214 168.556 150.789 128.764 279417 270206 9210.79 2798.92 1570.17
internal_count=1309966 1170175 1092055 1035331 76222 59132 3075 1886 1189 56724 89 34232 27759 364 295 88 69 27395 15662 107 11733 59 207 185 158 959109 928878 30231 3487 1961
is_linear=0
shrinkage=0.05


Tree=189
num_leaves=31
num_cat=0
split_feature=5 5 7 8 16 10 16 1 8 10 16 7 16 16 16 9 10 10 1 1 1 4 7 5 16 9 9 9 4 1
split_gain=0.232193 0.312395 0.35295 0.371313 1.1327 0.349689 0.533329 0.525392 0.593867 0.423253 0.55102 0.497984 0.363221 0.361722 0.466768 0.946632 0.432155 0.540987 0.432035 0.4176 0.42979 0.410746 0.475822 0.398307 0.374354 0.362589 0.498831 0.356132 0.362381 0.355312
threshold=-0.98296291314453399 0.12940952255126045 1.0397207708399181 4.9938224302714262 0.78892696523979611 5.1395278340092423 0.78615827369750269 326.50000000000006 7.850298363023362 8.0137018983129114 0.74058505004740149 10.113667430069365 0.78426879051960718 0.81536292963384094 0.81001179525997946 3.2384861814448418 0.0035577032138956383 0.0095776392541581917 5746.5000000000009 5498.5000000000009 5086.5000000000009 2.5000000000000004 1.8688348091416842 0.78656609248549325 0.79173584366809513 3.5408542930527882 3.5114340430413216 2.0126758453675748 3.5000000000000004 2229.5000000000005
decision_type=2 2 2 2 2 2 2 2 2 2 2 2 2 2 2 2 2 2 2 2 2 2 2 2 2 2 2 2 2 2
left_child=-1 -2 3 -3 -5 13 7 -7 12 10 29 -12 27 14 19 16 23 -18 -15 20 25 -22 24 -16 -23 26 -4 -9 -29 -10
right_child=1 2 5 4 -6 6 -8 8 9 -11 11 -13 -14 18 15 -17 17 -19 -20 -21 21 22 -24 -25 -26 -27 -28 28 -30 -31
leaf_value=8.6942770145923009e-05 -2.4005862132245315e-05 0.00017224462035023009 -0.00013605478560002675 0.0022869086189274165 -0.0017602449959815284 -0.00030534768755951028 -1.1629527723682615e-05 0.0003879013627642987 -0.0024688748642830681 -0.0002083732508310815 -2.3099511923502239e-06 -0.0018765261211009022 0.0017542884685454085 4.1635969182896722e-05 -0.0011717839701069338 -0.0032599728948771649 0.00052773114552576367 -0.0003073134282201594 -0.00068496933701320132 0.0012984157865490822 0.0022177170582605966 -0.0062274508278336946 -0.0028429879143020728 0.00048106792293423143 -0.005346981596727968 0.0040590083444962313 -0.0015274423281517249 -0.00038450140718639602 0.00083592482273380647 -0.0042834577178518718
leaf_weight=18765.404023114592 210836.59529717267 17834.876543361694 18748.700020890683 39.195603262633085 35.931816652417183 2726.9415537640452 59934.026051647961 29442.575402267277 43.461150102317333 431.59266270324588 125.49755094572902 27.683942157775164 1164.0183470249176 16764.497221134603 41.791116043925285 9.6430250406265241 216.35372108221054 1798.1163379922509 556.79586261510849 1057.6130368560553 44.290713727474213 6.6858203336596471 106.17486172914505 21.580698974430561 4.6100163757801056 56.951261587440968 6.2896686084568492 3851.0331760346889 2520.9858076907694 24.472177922725677
leaf_count=63904 716528 57503 69108 148 105 10109 183253 112505 121 1507 651 191 3210 53509 87 29 537 4706 1856 3910 146 36 386 50 14 264 13 15878 9634 68
internal_value=1.56941e-06 -7.16783e-06 4.60739e-05 0.000255047 -0.0032527 1.92891e-05 6.88909e-05 0.0002094 0.000257963 -0.00123709 -0.00301593 -0.00135374 0.000284352 -0.000106843 -0.000240841 -0.000952355 -0.000879819 -0.000751925 6.42681e-05 -0.000166694 -0.000220593 -0.00278686 -0.00433393 -0.00494534 -0.0140901 -0.000198526 -0.000210622 0.000256102 -8.28166e-05 -0.00676399
internal_weight=387244 368479 157642 17910 75.1274 139732 100292 40358.3 37631.3 652.707 221.115 153.181 36978.6 39440.1 22118.8 2087.48 2077.84 2014.47 17321.3 20031.3 18973.7 161.761 117.471 63.3718 11.2958 18811.9 18755 35814.6 6372.02 67.9333
internal_count=1309966 1246062 529534 57756 253 471778 337127 153874 143765 2538 1031 842 141227 134651 79286 5409 5380 5243 55365 73877 69967 582 436 137 50 69385 69121 138017 25512 189
is_linear=0
shrinkage=0.05


Tree=190
num_leaves=31
num_cat=0
split_feature=8 7 7 7 16 1 6 7 16 16 4 17 10 7 8 1 16 6 10 10 7 10 7 0 0 1 0 17 7 6
split_gain=0.29602 0.482749 0.541261 0.662245 0.587926 0.700173 0.586658 0.487595 0.632088 0.591296 0.517429 0.602802 0.505417 0.464286 0.501694 0.916395 1.21353 2.17565 0.738371 0.661727 0.627684 0.967757 1.94041 0.513634 0.492044 0.486933 0.45654 1.06526 0.508921 0.58257
threshold=1.0000000180025095e-35 3.0201273556387074 3.1132683346437333 3.4175922930736511 0.84649134540172921 1586.5000000000002 -0.78656609248549325 2.524928003624769 0.91167763378283551 0.70095262182836504 1.5000000000000002 0.64632798978931005 7.0910595020580098 4.2835627800822236 2.6735537653587351 326.50000000000006 0.92481023624323644 0.25881904510252057 4.2554201719326556 8.1295222705248644 6.2176031103882972 8.2503539996157595 6.3306113777081938 67.500000000000014 96.500000000000014 234.50000000000003 85.500000000000014 0.65047227725875179 3.9607678160667752 -0.78656609248549325
decision_type=2 2 2 2 2 2 2 2 2 2 2 2 2 2 2 2 2 2 2 2 2 2 2 2 2 2 2 2 2 2
left_child=1 7 -3 -4 6 26 -5 8 12 -9 -10 -12 -1 -2 15 16 20 23 -19 -20 -15 24 -23 -18 -22 -25 -6 -28 29 -29
right_child=13 2 3 4 5 -7 -8 9 10 -11 11 -13 -14 14 -16 -17 17 18 19 -21 21 22 -24 25 -26 -27 27 28 -30 -31
leaf_value=3.7579182582490184e-06 -6.9044319081900535e-05 0.00055400764064208606 -0.00016651656733257525 -0.00010989580454724701 -0.00015615757999143666 0.00077013462493781277 0.00053401656574754636 0.003363173959174941 0.0026626174540697435 -0.00016824722599662403 -0.00083749275315350702 0.00039237265626249215 0.00037618297267781044 -0.00015490788997671521 -1.6989787088241005e-05 0.00014537825526111139 0.0036418461534505962 -0.0046443088860264785 -0.0024920433442546424 -0.0045032186940228485 -0.00081708438740846732 -0.0049609120177259609 -0.0010703446113150001 -0.0032480440855263085 -0.0033733960323508493 -0.00092003831023889932 -0.0029996765752432126 -0.0037177159050922736 0.0010163731798779664 -0.00082537698392334824
leaf_weight=74180.445137474686 74306.348236359656 5533.1505550518632 6286.5960036329925 3573.9035012461245 1989.315768122673 742.83776866644621 9550.8952961489558 467.42529107630253 665.82989814132452 15601.916923858225 16.975412905216217 725.76167567074299 7608.9711036272347 2089.8515301793814 143909.39132273942 39871.795013714582 41.208269916474819 7.3572005778551128 13.983255662024023 7.2883334904909125 202.05121937021613 7.6433916091918972 12.327958293259142 6.1311735287308684 5.8936344124376765 9.0423096641898137 24.108669221401215 35.208373874425888 103.61251966655254 108.04283958673477
leaf_count=242111 244948 18448 20694 12444 6504 2540 33276 1260 2157 51117 21 2724 23622 7267 502598 137589 137 24 48 15 709 13 34 21 29 32 30 123 371 364
internal_value=3.75367e-06 6.62718e-05 0.000249838 0.000140512 0.000310193 -0.000320912 0.000454598 1.45908e-05 6.32919e-05 -0.000237556 0.00111347 0.000206126 4.52059e-05 -2.67781e-05 1.53924e-05 0.000166826 -0.000781478 -0.00664876 -0.017874 -0.0131516 -0.000566279 -0.00305786 -0.0135711 -0.000948951 -0.00204816 -0.00881356 -0.000758586 -0.00268397 -0.00170427 -0.00363501
internal_weight=387705 127215 27947.7 22414.5 16127.9 3003.13 13124.8 99267.3 83198 16069.3 1408.57 742.737 81789.4 260490 186184 42274.6 2402.78 85.0105 28.6288 21.2716 2317.77 227.916 19.9713 56.3818 207.945 15.1735 2260.29 270.972 246.864 143.251
internal_count=1311270 417806 94794 76346 55652 9932 45720 323012 270635 52377 4902 2745 265733 893464 648516 145918 8329 277 87 63 8052 785 47 190 738 53 7392 888 858 487
is_linear=0
shrinkage=0.05


Tree=191
num_leaves=31
num_cat=0
split_feature=0 8 12 16 18 5 0 16 8 18 10 10 5 18 8 10 18 16 17 16 16 9 6 10 17 8 8 10 5 17
split_gain=0.278215 0.460557 0.484057 0.470517 0.623358 0.773791 0.619347 0.516713 0.354553 0.344435 0.343551 0.345562 0.488986 0.428794 0.440523 0.575755 0.430765 0.422336 0.561354 0.395462 0.392837 0.421735 0.519441 0.360842 0.359803 0.481233 0.356421 0.349663 0.330391 0.533624
threshold=67.500000000000014 6.2393002351051399 1.0000000180025095e-35 0.81399107482384137 1.0791666666666668 -0.70710678118654735 79.500000000000014 0.66451488603447284 6.2176031103882972 0.99583333333333346 5.1007818250360604 8.2897175009295605 -0.9159756150367534 1.0708333333333335 6.5005383555981231 8.1072308966856976 1.0625000000000002 0.58123026540307288 0.79552973514287062 0.8423321668866619 0.84300269948124729 4.6395599436855051 1.0000000180025095e-35 7.5227904940025789 0.79391760427172142 8.6112298167715426 8.2423614529731406 6.7390887783039695 -0.70710678118654735 0.6544711875884256
decision_type=2 2 2 2 2 2 2 2 2 2 2 2 2 2 2 2 2 2 2 2 2 2 2 2 2 2 2 2 2 2
left_child=-1 2 8 4 7 -6 -7 9 28 -4 -3 12 13 16 -15 23 -12 18 -14 27 21 26 24 -16 25 -23 -13 -19 29 -2
right_child=1 10 3 -5 5 6 -8 -9 -10 -11 11 20 17 14 15 -17 -18 19 -20 -21 -22 22 -24 -25 -26 -27 -28 -29 -30 -31
leaf_value=-1.2770457325910617e-05 -0.00029956932762414403 0.0026298362497195957 -0.0035807855030241783 6.0505037717303867e-05 0.00394215245989745 -0.0027183198654744042 -0.0016046963282561569 -0.00047223300230170089 0.0016795118913985635 -0.0078443913236055252 -0.0010007756437899183 0.00010694346043976545 -0.011882792191843274 -0.0025031054598009953 -0.0074875049898465232 -0.0023719954638937884 0.0043487840059817876 -0.00073477139400193606 0.0063284714733861719 -0.00051420687184893529 0.0017342707836236226 0.0039129137050928796 -0.0017557489074997727 0.0046099877006417463 -0.0019522290554067569 -0.0020255044806152755 0.0047632313812035754 3.7639862955292372e-05 0.00011144058690394019 5.0123610383220192e-05
leaf_weight=268707.39664865658 6637.5836819410324 84.214453034102917 5.6178348734974843 719.11325167119503 18.730750739574432 22.788719736039639 26.964481830596924 867.71274666115642 134.23343246430159 5.7615113854408264 951.7561194896698 885.12495042383671 14.086713075637819 20.698768377304077 18.948380649089813 27.209467589855194 40.732856869697571 340.88371251896024 9.8129425048828107 1155.5257932469249 250.654063180089 104.59191638231277 119.60786842182279 31.398552060127258 52.367864783853292 18.284073427319527 69.430240109562874 4594.5428372137249 78069.048200376332 23700.486753795296
leaf_count=913006 8376 326 28 2414 20 25 36 3618 498 13 3755 2493 30 22 20 29 46 1421 66 3851 753 184 357 33 310 33 177 16430 259228 93672
internal_value=4.82076e-06 6.8468e-05 9.62476e-05 -0.000749385 -0.00148123 -0.0060759 -0.00933693 -0.0011233 0.000109233 -0.0117087 -0.000279835 -0.00031058 -0.000454311 -0.00142956 -0.00458034 -0.00285076 -0.00111763 -0.00028035 -0.00691401 -0.000254321 0.000379839 1.74233e-05 -0.00163544 0.000316278 9.83433e-05 0.00157738 0.000527975 -5.9378e-05 0.000106053 -3.39707e-05
internal_weight=387705 118998 110208 1666.69 947.576 68.484 49.7532 879.092 108541 11.3793 8789.87 8705.66 7205.6 1090.74 98.2552 77.5564 992.489 6114.85 23.8997 6090.95 1500.06 1249.41 294.852 50.3469 175.244 122.876 954.555 4935.43 108407 30338.1
internal_count=1311270 398264 367928 6154 3740 81 61 3659 361774 41 30336 30010 25703 3905 104 82 3801 21798 96 21702 4307 3554 884 53 527 217 2670 17851 361276 102048
is_linear=0
shrinkage=0.05


Tree=192
num_leaves=31
num_cat=0
split_feature=8 7 7 7 7 10 7 10 18 18 7 10 7 8 1 10 7 8 18 9 10 8 10 7 1 18 6 18 1 10
split_gain=0.279748 0.446966 0.498972 0.624288 0.545761 0.596047 0.458416 0.521043 0.921828 0.43533 0.431141 0.510195 0.41967 0.456808 0.797198 0.623681 0.480763 1.02916 1.94154 0.924571 0.512924 0.679518 0.399208 0.464924 0.534005 1.06965 0.501777 0.731014 1.01449 1.4483
threshold=1.0000000180025095e-35 3.0201273556387074 3.1132683346437333 3.4175922930736511 3.4811217321331038 5.383420565988323 3.5408542930527882 4.9774592195155405 0.99583333333333346 1.0458333333333336 2.524928003624769 7.0910595020580098 4.2835627800822236 2.6735537653587351 326.50000000000006 8.4036835615819729 6.2176031103882972 2.602003343538398 1.029166666666667 1.0000000180025095e-35 6.8535334408403505 2.0126758453675748 8.2180314916043535 9.9902377956001747 10898.500000000002 1.029166666666667 0.37940952255126048 1.0375000000000003 2306.5000000000005 8.3679307178720688
decision_type=2 2 2 2 2 2 2 2 2 2 2 2 2 2 2 2 2 2 2 2 2 2 2 2 2 2 2 2 2 2
left_child=1 10 -3 -4 -5 6 7 -6 -9 -10 11 -1 -2 14 15 16 -14 19 -19 -18 21 -21 -15 -24 26 -26 27 -25 -29 -30
right_child=12 2 3 4 5 -7 -8 8 9 -11 -12 -13 13 22 -16 -17 17 18 -20 20 -22 -23 23 24 25 -27 -28 28 29 -31
leaf_value=1.2539676568801978e-05 -6.5043155184886514e-05 0.00052444775560609661 -0.00015755221609965107 0.00097216084210843899 -0.00041589409740837302 0.00035417051431289458 -2.6700064115217637e-05 0.0010413806417101834 -0.0037415340196532603 -0.0019490261570231093 -0.00013006230674784472 0.00039012124363396045 -0.0002417054512528244 -3.2959642986132857e-05 0.00013778766350946298 -0.0021129622054373775 0.00092397175324934711 -0.00047727482314429575 -0.0047122278939733669 -0.0028076796541869672 -0.001692758526682417 -0.00014947455131939237 0.00024700559971213147 -9.3972632938611571e-05 -0.0051575071533630154 -0.0090737700836085698 0.00037279634087177991 -0.00061685371503897269 0.020850096174529903 -0.0047805240219384653
leaf_weight=75416.971022095531 74306.348236359656 5533.1505550518632 6286.5960036329925 2343.9815079309046 641.69225749000907 8299.6616589017212 4769.4443268738687 33.382176492363214 21.577873751521111 18.184935092926025 16069.342214934528 7781.0122057236731 2161.1821791082621 129183.23937584087 39871.795013714582 6.8989644795656195 108.46729581430554 15.941910676658155 9.2434596046805364 14.913142897188665 76.234961580485106 9.8963625431060773 12146.632752779871 1278.721178073436 16.291555825620893 7.6949099525809279 832.90189969539642 374.99633682519197 28.014889061450958 40.898424685001373
leaf_count=246429 244948 18448 20694 7986 2247 28126 17048 172 52 21 52377 24206 7507 460158 137589 13 404 67 13 52 229 44 34351 4933 58 10 2568 440 33 47
internal_value=4.47633e-06 6.5252e-05 0.000241884 0.000136916 0.000301662 0.00018172 -0.000222757 -0.00140354 -0.00540183 -0.0105449 1.55232e-05 6.13183e-05 -2.52045e-05 1.48886e-05 0.00015939 -0.000725094 -0.000681867 -0.00283116 -0.0123808 -0.00168319 -0.00512455 -0.0113692 -2.75597e-05 0.000219092 -0.00039055 -0.00781614 -0.000320853 -0.000808029 -0.00255617 -0.00813198
internal_weight=387705 127215 27947.7 22414.5 16127.9 13783.9 5484.28 714.837 73.145 39.7628 99267.3 83198 260490 186184 42274.6 2402.78 2395.88 234.697 25.1854 209.512 101.044 24.8095 143909 14726.2 2579.52 23.9865 2555.53 1722.63 443.91 68.9133
internal_count=1311270 417806 94794 76346 55652 47666 19540 2492 245 73 323012 270635 893464 648516 145918 8329 8316 809 80 729 325 96 502598 42440 8089 68 8021 5453 520 80
is_linear=0
shrinkage=0.05


Tree=193
num_leaves=31
num_cat=0
split_feature=8 16 10 18 10 16 4 16 17 5 17 8 1 8 8 17 10 10 1 16 1 17 1 0 10 16 8 10 16 16
split_gain=0.244914 0.431832 0.820859 0.497803 0.786988 0.364883 0.54147 0.913229 0.729554 0.681117 0.599787 0.843914 0.589483 0.55233 0.543854 1.41023 0.572683 0.985021 1.15726 0.704276 0.63071 0.957453 0.539851 0.610586 0.781234 0.49734 0.478799 0.459175 0.447761 0.437299
threshold=1.0000000180025095e-35 0.70517799062805808 0.0066058531364937851 1.0791666666666668 0.0046209965454318781 0.8624299788615909 2.5000000000000004 0.93504912530908568 0.72406633601923109 0.60355339059327384 0.74075138247375838 6.1994939452674993 2306.5000000000005 8.0173072902757028 7.7896613911804815 0.65813547005910744 6.7390887783039695 6.6984141434628581 660.50000000000011 0.9461910594647257 1905.5000000000002 0.66690025027010624 1304.5000000000002 99.500000000000014 4.887860577895828 0.86875386461544013 5.2496487501035594 7.6762034755851571 0.91167763378283551 0.85570644998864431
decision_type=2 2 2 2 2 2 2 2 2 2 2 2 2 2 2 2 2 2 2 2 2 2 2 2 2 2 2 2 2 2
left_child=1 2 3 -1 -5 29 7 8 13 10 11 -10 14 -7 16 -16 17 22 -19 20 -18 -22 23 26 -25 -11 -9 -15 -12 -2
right_child=5 -3 -4 4 -6 6 -8 12 9 25 28 -13 -14 27 15 -17 19 18 -20 -21 21 -23 -24 24 -26 -27 -28 -29 -30 -31
leaf_value=-0.0013066311217797778 -8.4761404005741232e-06 2.3579218780317782e-05 0.0015831948897435098 -0.0040314465306492981 -0.0047783564679821132 0.00036460225853058583 -0.00012767937231251137 -0.00097119997711518917 -0.00067873845800273396 -0.00050255031305849812 -0.0001865724509880623 -0.0020735894545292582 0.0026834064647473024 0.000225631807695789 -0.0028006693994090514 -0.0011237484816593126 -0.00064363350209585665 -0.0023650182250652021 -0.0020321773253415927 0.00052644577322825405 -0.00421209973031734 -0.0034998634098240486 0.0030527271941203252 -0.0049002732419572859 -0.00016960291230870371 0.00059177051938334485 -0.0052764795099810736 -0.0017802803632109331 0.00099397031144008276 0.0001939717495776889
leaf_weight=572.1865102648735 222419.17322352156 121864.86239376664 4701.9020258635283 42.771988749504089 33.273819327354431 4623.137532889843 18256.734705090523 411.28622858226299 129.50858479738235 324.76998236775398 4463.9002554938197 12.76938760280609 191.45211575180292 15.908151090145109 7.8253715634345999 28.416355885565281 362.78740337491035 14.379327304661276 9.3943142220377904 798.02259002625942 5.009824454784396 11.031920544803141 77.352795012295246 8.3795041292905825 16.05485587567091 1370.4072151258588 12.600727885961531 39.240716695785522 592.47324911504984 6288.2965111136436
leaf_count=1655 767102 403940 12131 45 35 6356 61317 1380 244 1613 21175 24 593 23 10 123 1157 38 33 2756 7 45 264 28 47 6056 39 55 2885 20094
internal_value=3.14042e-06 6.00064e-05 0.000499664 -0.00116833 -0.00496904 -2.46311e-05 -0.000183374 5.6391e-05 0.000225213 -0.000101831 -0.000385631 -0.00358728 -0.000943421 0.000707138 -0.00122964 -0.00729136 -0.00110238 -0.00243519 -0.0123902 -0.000480125 -0.0022554 -0.0119575 -0.00198498 -0.00265054 -0.0103361 0.000768508 -0.00220752 -0.0042671 -0.000295542 -2.57102e-06
internal_weight=387705 127215 5350.13 648.232 76.0458 260490 31782.8 13526.1 11572.1 6893.83 5198.65 142.278 1953.99 4678.29 1762.54 36.2417 1726.3 549.448 23.7736 1176.85 378.829 16.0417 525.674 448.321 24.4344 1695.18 423.887 55.1489 5056.37 228707
internal_count=1311270 417806 13866 1735 80 893464 106268 44951 38431 31997 24328 268 6520 6434 5927 133 5794 1829 71 3965 1209 52 1758 1494 75 7669 1419 78 24060 787196
is_linear=0
shrinkage=0.05


Tree=194
num_leaves=31
num_cat=0
split_feature=1 16 8 8 10 9 16 16 18 1 16 16 17 10 16 16 17 16 1 8 1 10 17 10 6 5 11 8 17 6
split_gain=0.233378 0.440769 0.752347 0.564291 0.492175 0.429349 0.350684 0.646323 0.627771 0.525902 0.48106 0.925735 0.919224 0.704174 0.636 0.786599 0.587057 0.561042 0.526339 1.77923 0.518567 0.845407 0.817289 0.571832 0.587447 0.488993 0.459128 0.464774 0.448092 0.580906
threshold=317.50000000000006 0.80843591680373295 6.6675925204233062 6.048552817139119 8.4036835615819729 4.7999057951650004 0.83375273960117646 0.83626252219812136 1.0541666666666669 344.50000000000006 0.81536292963384094 0.81496621376278278 0.68059376891959245 7.1252063492905746 0.82340483352627902 0.82458796640878562 0.72406633601923109 0.81441168430396382 412.50000000000006 2.740319461670996 7767.5000000000009 4.4818906257795668 0.78019127016926815 2.5835315567622654 -0.12940952255126037 -0.78656609248549292 1.0000000180025095e-35 6.936828408528867 0.66764792291798603 0.98296291314453421
decision_type=2 2 2 2 2 2 2 2 2 2 2 2 2 2 2 2 2 2 2 2 2 2 2 2 2 2 2 2 2 2
left_child=1 2 -1 4 5 -3 10 -8 -9 -10 11 17 -13 -14 26 28 25 -2 19 -18 -17 22 23 24 -22 -15 27 -12 29 -16
right_child=6 3 -4 -5 -6 -7 7 8 9 -11 14 12 13 16 15 20 18 -19 -20 -21 21 -23 -24 -25 -26 -27 -28 -29 -30 -31
leaf_value=-0.00020256701807394725 1.0765997086633478e-05 7.3094869651867814e-05 0.00038347091774504273 -0.00025304750971530643 -0.0014699280964861458 -0.0024276095066787344 -0.00021276136457491527 -3.1447667276938984e-05 0.00099586783701125707 0.00015135775820270209 0.00014250229445505401 0.00027629605582871756 -0.00030544069643330954 -0.0018443586016470247 0.00011739199714562513 7.9391802313062015e-05 -0.0051207703923893686 0.00060168722820966823 -0.00092458290180413784 0.001024840526784563 -0.0027620719355410865 -9.0131366995491188e-05 -0.0011784200989649746 -0.003804759219188561 3.1484464329516181e-05 -0.0012299675605782691 0.00051276266660189027 0.00080997396218570055 -0.00030607801199531299 -0.0026743429129118647
leaf_weight=13113.002959705889 214022.66071267799 10198.527829684317 399.54195547103882 477.18394009768963 19.904326640069485 7.4561002030968657 7442.5684062242508 80035.934863835573 114.27165997028351 9527.3727595806122 19412.720244452357 391.09640651941299 983.89225216209888 17.74285876750946 1042.035795211792 21997.083895452321 6.1923449933528927 1346.7066732198 320.21636696904898 11.899489633738993 19.402207791805267 325.87806216627359 82.069192439317703 24.706802606582642 17.90466183423996 28.482769191265106 2305.4503384307027 778.94938728958368 3208.914744220674 25.539580047130585
leaf_count=45488 755007 31557 1525 1538 43 27 24069 280120 123 10260 59446 540 3015 32 1358 69854 19 3988 1110 38 29 1017 376 35 25 51 6958 2399 11190 33
internal_value=3.53429e-06 -0.000146762 -0.000336613 9.29239e-05 0.00017135 0.000186669 1.3547e-05 -6.77865e-05 -3.06279e-05 0.000350522 4.32017e-05 1.12032e-05 -0.00113102 -0.00174198 0.000184301 1.94881e-05 -0.00355626 2.05349e-05 -0.00283411 -0.0111312 0.000137794 -0.00150563 -0.00469492 -0.00902702 -0.00511974 -0.00884142 0.000380222 0.000303898 -0.000602048 0.000285291
internal_weight=387705 24215.6 13512.5 10703.1 10225.9 10206 363490 97120.1 89677.6 9641.64 266370 217129 1759.52 1368.43 49240.7 26743.5 384.534 215369 338.308 18.0918 22467 469.961 144.083 62.0137 37.3069 46.2256 22497.1 20191.7 4276.49 1067.58
internal_count=1311270 80178 47013 33165 31627 31584 1231092 314572 290503 10383 916520 763800 4805 4265 152720 83917 1250 758995 1167 57 71336 1482 465 89 54 83 68803 61845 12581 1391
is_linear=0
shrinkage=0.05


Tree=195
num_leaves=31
num_cat=0
split_feature=9 8 5 5 17 16 16 6 16 16 0 8 16 4 4 0 16 6 16 16 16 16 16 16 5 17 8 8 8 16
split_gain=0.278873 0.29758 0.264951 0.360665 0.599989 0.991946 1.18807 1.58871 1.18826 0.721132 1.15871 1.28044 0.790808 0.767061 0.720309 0.708898 0.698873 0.587958 0.742884 0.570008 0.669085 0.590695 0.565128 0.807438 0.558329 0.725836 0.659486 0.73552 0.583367 0.550895
threshold=9.1577379747513508 7.3849206531217746 -0.98296291314453399 0.12940952255126045 0.66847687381717125 0.80800552371908407 0.80217785889642024 0.98296291314453421 0.80263627494539491 0.81327991938713906 127.50000000000001 2.6735537653587351 0.81441168430396382 2.5000000000000004 2.5000000000000004 23.500000000000004 0.76559799429155406 0.37940952255126048 0.78094576790687464 0.92481023624323644 0.8861666780130667 0.81588595208918047 0.88779654317510448 0.91681818959512318 -0.37940952255126059 0.64632798978931005 5.0072908000208587 4.945201156493737 4.7405652883788738 0.76314558284360301
decision_type=2 2 2 2 2 2 2 2 2 2 2 2 2 2 2 2 2 2 2 2 2 2 2 2 2 2 2 2 2 2
left_child=2 -2 -1 4 5 6 16 8 -8 10 14 -12 -11 19 -7 -16 29 -5 -19 20 21 -14 -6 -24 26 28 27 -10 -26 -4
right_child=1 -3 3 17 22 9 7 -9 24 12 11 -13 13 -15 15 -17 -18 18 -20 -21 -22 -23 23 -25 25 -27 -28 -29 -30 -31
leaf_value=8.5462446788131532e-05 -0.0078580332029629576 -0.00033359909575897965 -0.00040005494973780479 -1.5582611428191854e-05 1.4441560577844668e-05 0.0011307003459636222 -0.0010188785359758958 -0.0023013151006049844 -0.00051131495698643759 -0.00029077066547545175 -0.0037269110487805515 0.0054213787521964181 0.0013267365985112558 -7.6132816199351455e-05 -0.0031192838855942395 0.00034237584523016051 -2.0519724207324065e-05 0.00066815996993656594 3.2147979123590964e-05 -0.00066926716731764983 0.001223326124772993 8.8978206836327905e-05 -0.00032127608259912741 0.00026074102686052676 -0.00036017791603553745 0.00055520260904577993 0.00028654376620470336 -0.0025476828375001199 -0.0026434247907435333 -0.00066694324386650796
leaf_weight=18719.432153716683 6.5286231078207484 37.347768727689981 22425.403188467026 121024.03104251996 119414.92469615117 1105.8137083053589 561.03388500213623 180.10543197393417 2430.5174474716187 1763.7846864461899 24.510615229606628 17.054387331008911 265.05107408761978 17621.315113425255 22.9967400431633 1908.4256143569946 21165.759288877249 12342.395509965718 24211.726444959641 648.17423063516617 1131.8060912489891 10517.834109425545 4680.7618705555797 2224.4375466704369 69.587778210639954 913.17129200696945 412.36107045412064 17.205028176307678 16.182382345199585 1556.1778740882874
leaf_count=63735 23 158 28633 404679 577891 1427 719 232 3108 2248 32 21 349 22769 29 2458 27142 50624 73929 835 1475 13606 20565 9965 86 1174 531 22 20 1990
internal_value=-1.94238e-05 -0.00400538 -1.89723e-05 -2.82899e-05 -7.10178e-05 -0.000173916 -0.000317431 -0.00108291 -0.000895345 2.99139e-05 0.00076073 -0.00753095 -4.05143e-05 1.96193e-05 0.000874203 0.000291573 -0.000239434 2.8949e-05 0.000204686 0.000318137 0.000396691 0.0002753 -1.96216e-06 -0.000441755 -0.00058276 0.000434883 -0.000938193 -0.00124982 -0.00396283 -0.000424246
internal_weight=387436 43.8764 387392 368673 211094 84774.3 49747.5 4600.16 4420.06 35026.8 3078.8 41.565 31948 30184.2 3037.24 1931.42 45147.3 157578 36554.1 12562.9 11914.7 10782.9 126320 6905.2 3859.02 998.941 2860.08 2447.72 85.7702 23981.6
internal_count=1310475 181 1310294 1246559 717327 108906 63657 5892 5660 45249 3967 53 41282 39034 3914 2487 57765 529232 124553 16265 15430 13955 608421 30530 4941 1280 3661 3130 106 30623
is_linear=0
shrinkage=0.05


Tree=196
num_leaves=31
num_cat=0
split_feature=1 9 16 10 17 7 6 1 16 10 10 7 7 17 1 6 17 4 6 0 17 10 6 7 10 7 10 16 16 17
split_gain=0.253508 0.475812 0.980618 0.618333 0.524018 0.523839 0.743028 0.459137 0.400569 0.388778 0.471717 1.17877 0.914353 0.894883 0.577181 0.562134 0.537164 0.35023 0.399361 0.343875 0.340026 0.325638 0.325032 0.311243 0.307991 0.287222 0.523376 0.525328 0.438758 0.450783
threshold=388.50000000000006 3.795426061844291 0.91167763378283551 8.4036835615819729 0.76994110842690078 9.1834315540998528 -0.60355339059327384 298.50000000000006 0.76654570564470936 8.2897175009295605 8.1179138716655235 7.1781639499794494 6.1685636116899003 0.65130300798649621 246.50000000000003 -0.37940952255126015 0.70060497822106316 1.5000000000000002 1.0000000180025095e-35 57.500000000000007 0.69355307585676318 8.0554591761172674 0.98296291314453421 2.6735537653587351 8.1295222705248644 1.0397207708399181 0.0066058531364937851 0.76640384685231278 0.68333810207629286 0.78997110768990131
decision_type=2 2 2 2 2 2 2 2 2 2 2 2 2 2 2 2 2 2 2 2 2 2 2 2 2 2 2 2 2 2
left_child=1 3 22 8 -4 17 -7 -8 9 10 21 12 14 -14 -12 20 -17 -5 -19 -20 -15 -1 -3 -16 -24 26 27 -2 29 -28
right_child=25 2 4 5 -6 6 7 -9 -10 -11 11 -13 13 15 23 16 -18 18 19 -21 -22 -23 24 -25 -26 -27 28 -29 -30 -31
leaf_value=-0.00026764505238664852 -0.00073668068052767661 0.00033270568027897831 -0.0023054499007733884 0.011542780149767992 -0.00059249566178489789 -0.0015677517765226357 -0.00076917153697646863 0.0053517517841561411 -1.9567831463201266e-05 0.0011482588169030687 -0.0028787666508452605 0.00042570851015406169 -0.0025112803070001669 0.0030650177393842441 -0.0076962947185312339 -0.0048980404037602537 -0.0015889687838129267 0.00071665329581432837 -0.001912917818784091 -0.0023927357836788597 -0.0022636025363646397 0.0010996743628515244 -3.9729814683952744e-05 0.0024731739634662035 -0.0029594119812636926 -1.1951643740081009e-05 0.010828598172995547 -8.4060151008161228e-06 0.00014472402991524172 -4.5170666739320631e-05
leaf_weight=9914.8921601884067 1802.1875555440784 743.80051155015826 9.5159530043602008 22.126776047050953 17.635558843612671 13.839580476284025 15.876702621579172 11.151870392262934 25669.148466564715 146.90047534182668 45.987117327749729 220.47548374533653 22.667412042617798 14.072963476181028 5.5032639503478995 21.110432147979736 18.121243830770254 29.165209986269474 11.436824738979341 11.224356546998022 20.563934203237295 215.21470149606466 10.878750838339331 69.361964736133814 6.1746010780334464 314146.38737622648 439.04503998160362 8169.1784232221544 25325.66257372126 266.54941011220217
leaf_count=41464 4559 2626 15 44 86 36 40 30 76847 466 118 835 29 17 15 27 121 57 26 23 126 821 36 204 20 1068042 604 30557 81334 1250
internal_value=-1.87444e-05 -0.000142685 0.0010729 -0.000168929 -0.00826414 -0.00383234 -0.00837535 -0.00355109 -0.000157368 -0.000414151 -0.00044966 -0.00205643 -0.00466906 -0.00829726 -0.00177087 -0.00563053 -0.0097289 -0.00132177 -0.00357006 -0.00854937 -0.000988484 -0.00038021 0.0014061 0.000937301 -0.00541895 -5.54611e-06 0.000128222 -0.000179799 0.00024621 0.00147602
internal_weight=387436 37286.8 788.005 36498.8 27.1515 114.821 40.8682 27.0286 36384 10714.9 10568 437.864 217.388 96.536 120.852 73.8686 39.2317 73.9532 51.8264 22.6612 34.6369 10130.1 760.854 74.8652 17.0534 350149 36002.6 9971.37 26031.3 705.594
internal_count=1310475 124129 2783 121346 101 256 106 70 121090 44243 43777 1492 657 320 337 291 148 150 106 49 143 42285 2682 219 56 1186346 118304 35116 83188 1854
is_linear=0
shrinkage=0.05


Tree=197
num_leaves=31
num_cat=0
split_feature=5 1 17 17 4 16 0 5 17 16 16 16 1 16 16 0 8 4 0 16 4 0 9 3 17 1 9 8 8 16
split_gain=0.232853 0.420492 0.435209 0.545111 0.375666 0.382962 0.346908 0.336699 0.558981 0.925238 1.02427 0.849204 0.747862 0.649308 0.616753 1.14337 1.28044 0.678889 0.702604 0.6373 0.663824 0.654388 0.78431 0.575521 0.565051 0.548424 0.547344 0.545025 0.727125 0.775854
threshold=-0.98296291314453399 289.50000000000006 0.65266048731061865 0.6484252398823479 3.5000000000000004 0.83150458966048368 50.500000000000007 0.12940952255126045 0.66847687381717125 0.80800552371908407 0.80217785889642024 0.80263627494539491 1655.5000000000002 0.76559799429155406 0.81327991938713906 127.50000000000001 2.6735537653587351 2.5000000000000004 23.500000000000004 0.81441168430396382 2.5000000000000004 23.500000000000004 2.3502401828962087 1.0000000180025095e-35 0.64927633572046617 1061.5000000000002 7.038782002451117 1.4978661367769956 1.2424533248940002 0.82005847370157603
decision_type=2 2 2 2 2 2 2 2 2 2 2 2 2 2 2 2 2 2 2 2 2 2 2 2 2 2 2 2 2 2
left_child=1 2 3 -1 5 6 -5 8 9 10 13 -12 23 -2 15 17 -17 -11 -19 -16 21 22 25 -13 27 -21 -23 28 -22 -30
right_child=7 -3 -4 4 -6 -7 -8 -9 -10 14 11 12 -14 -15 19 16 -18 18 -20 20 24 26 -24 -25 -26 -27 -28 -29 29 -31
leaf_value=4.4416307775826258e-05 -0.00040438291608720783 0.00011321054700186955 -0.00016042765775384842 -0.00088748843744956081 -0.00063250720768824814 -0.001950197871389156 -0.0026107887187999815 1.8005775560364646e-05 -6.3065668724077151e-07 0.0010747629108524455 -0.0009345805584266225 7.4347548398021057e-05 0.0001645491975797081 -2.2864106409593854e-05 -0.00027563455001467511 -0.0035399679141545196 0.0051509073967736015 -0.0029627221091275235 0.00032585463515565701 -0.00051063714423046295 -0.00034194955586633048 0.00016093082083106815 -0.0013600706223383056 -0.00050371946326128222 -3.4266392851325932e-08 0.0014720828407448344 -0.0013728074805645259 -5.857399660478963e-05 -0.0021930094836321071 -0.00068000760633779307
leaf_weight=61.537532985210419 23983.455588042736 17865.677060704678 698.39813138917089 25.397375047206879 22.69332629442215 19.497909784317017 27.978788316249847 157596.24658595026 126338.06362186372 1105.8137083053589 585.28967070579529 395.88735097646713 1326.898923099041 21166.399126499891 1763.7846864461899 24.510615229606628 17.054387331008911 22.9967400431633 1908.4256143569946 146.56484568119049 2101.4452169537544 12292.290028870106 17.518885612487793 2292.7084008455276 12720.023150026798 89.324033439159393 17.167711794376373 2653.1335874199867 19.093329846858978 130.58076012134552
leaf_count=76 30626 60845 2700 33 29 25 35 529298 608519 1427 751 507 1693 27143 2248 32 21 29 2458 192 2620 15913 22 2942 16663 115 23 3302 24 164
internal_value=-1.77172e-05 0.000154307 -0.000928575 -0.00330632 -0.00566969 -0.00741905 -0.00522836 -2.64516e-05 -6.77331e-05 -0.00016705 -0.000305652 -0.00101636 -0.000757016 -0.000233231 2.97972e-05 0.000705659 -0.00753095 0.000818379 0.000252749 -3.53291e-05 1.86483e-05 0.000296362 -0.00221872 -0.00123638 -0.00017931 -0.00146066 0.000348138 -0.000635259 -0.00120749 -0.00457463
internal_weight=387436 18721.2 855.503 157.105 95.5674 72.8741 53.3762 368715 211118 84780.4 49750.6 4600.78 4015.49 45149.9 35029.7 3078.8 41.565 3037.24 1931.42 31950.9 30187.1 12562.9 253.408 2688.6 17624.3 235.889 12309.5 4904.25 2251.12 149.674
internal_count=1310475 63743 2898 198 122 93 68 1246732 717434 108915 63662 5893 5142 57769 45253 3967 53 3914 2487 41286 39038 16265 329 3449 22773 307 15936 6110 2808 188
is_linear=0
shrinkage=0.05


Tree=198
num_leaves=31
num_cat=0
split_feature=1 3 1 6 9 1 1 17 5 7 17 5 1 7 7 17 1 0 5 4 9 6 6 1 17 1 9 7 17 5
split_gain=0.226704 0.44629 0.442254 0.486149 0.435162 0.432036 0.417246 0.694738 0.36642 0.356873 0.449567 1.16155 0.471261 0.678258 0.350107 0.416715 0.520223 0.31807 0.317318 0.608394 0.316419 0.309561 0.300313 0.356622 0.517645 0.392549 0.379599 0.369816 0.348718 0.316809
threshold=388.50000000000006 1.0000000180025095e-35 2963.5000000000005 -0.5 3.795426061844291 1507.5000000000002 3162.5000000000005 0.73245799793552135 -0.5 4.0342014792848504 0.72406633601923109 0.78656609248549325 1797.5000000000002 2.3502401828962087 3.5972184255501678 0.68761242875147521 3831.5000000000005 55.500000000000007 -0.70710678118654735 1.5000000000000002 4.9089648320872419 0.98296291314453421 -0.37940952255126015 1383.5000000000002 0.6484252398823479 1171.5000000000002 2.6735537653587351 5.1503930356556173 0.66536933010598343 -0.60355339059327362
decision_type=2 2 2 2 2 2 2 2 2 2 2 2 2 2 2 2 2 2 2 2 2 2 2 2 2 2 2 2 2 2
left_child=4 2 5 6 -1 20 7 -4 14 10 11 17 -13 -14 -8 -16 -17 -7 19 -19 22 -6 23 25 -25 26 -2 -28 -27 -24
right_child=1 -3 3 -5 21 9 8 -9 -10 -11 -12 12 13 -15 15 16 -18 18 -20 -21 -22 -23 29 24 -26 28 27 -29 -30 -31
leaf_value=-6.6731533018390962e-05 -8.4289683172837643e-05 -1.3355189453100048e-05 -0.0067517227905706774 -0.00034069248727951478 0.00022107338872632209 0.0033232641531633108 -0.0019130038473254411 -0.0024894989185435981 -0.00036588978954965324 0.0021896637697804296 -0.00058329298361774543 0.0020722838619062767 -0.004297100551030132 -0.00087687949676020719 -0.015693702243667187 -0.0031770120057243419 0.011017440854563451 -0.0045835497539011118 0.0030481978838602362 0.001203603307808851 -0.0018376959379044358 -0.00179510680751322 3.7066393729885684e-05 -0.0023448430407822327 -0.0011715532646899452 0.003647869424052823 -0.0048674143296505139 0.0016600850946086267 0.00056032874666994692 0.00060615902798446392
leaf_weight=36498.840939860791 14858.148490473628 312888.88325495645 11.167993962764738 267.10128696635365 769.53055829927325 200.00403678417206 16.979264702647924 22.548660259693861 105.07740547135472 1263.0478588715196 715.86370074376464 38.731817305088043 22.553237557411194 34.628108382225037 5.3037568330764797 9.0610364638268965 7.5860569886863223 17.434535205364227 232.10329377651215 98.076785981655121 258.98318746313453 18.474817015230656 7344.2482688501477 28.373258173465729 348.93319872394204 336.08980137109756 5.0787615776062003 676.84121861681342 683.98905684426427 9652.1730455011129
leaf_count=121346 49428 1061155 15 796 2724 275 59 102 342 4385 3398 52 29 45 7 34 39 24 310 134 922 59 25204 35 1225 423 17 2498 2958 32435
internal_value=-1.51564e-05 -2.67531e-06 0.000160903 -0.00140622 -0.000132362 0.000179838 -0.00343262 -0.00843945 -0.00226036 0.000798325 0.000236099 0.00119511 -0.00388068 -0.00676517 -0.00640397 -0.0105742 -0.00668568 0.00208412 0.00117008 -0.000971311 0.000132403 0.00103014 0.00014569 -3.31267e-06 -0.00152328 3.13183e-05 -3.10516e-05 0.00112246 0.000981473 0.000294176
internal_weight=387436 350149 37260.1 444.825 37286.8 36815.3 177.724 33.7167 144.008 2622.44 1359.4 643.532 95.9132 57.1813 38.9301 21.9509 16.6471 547.619 347.615 115.511 34192.9 788.005 33933.9 16937.5 377.306 16560.1 15540.1 681.92 1020.08 16996.4
internal_count=1310475 1186346 125191 1394 124129 123797 598 117 481 8652 4267 869 126 74 139 80 73 743 468 158 115145 2783 114223 56584 1260 55324 51943 2515 3381 57639
is_linear=0
shrinkage=0.05


Tree=199
num_leaves=31
num_cat=0
split_feature=5 1 17 4 10 1 16 16 7 16 17 16 0 8 8 1 17 17 5 6 16 4 10 17 16 16 6 16 7 1
split_gain=0.222394 0.350282 0.37915 0.545781 0.49651 0.6361 0.730276 0.582586 1.05084 0.49562 0.333694 0.437825 0.297005 0.360741 0.463869 0.53439 0.666592 0.504395 0.279982 0.514077 0.69164 0.538061 0.707784 0.461099 0.875396 0.861814 1.28191 1.10338 0.738937 0.612938
threshold=-0.98296291314453399 289.50000000000006 0.65721354409355948 3.5000000000000004 7.7437006301226488 176.50000000000003 0.75585081854172964 0.80630893588707153 3.0201273556387074 0.78554027385569514 0.6657714024266651 0.73733268991567924 89.500000000000014 4.3502571242716384 5.0782890901091458 718.50000000000011 0.6484252398823479 0.73245799793552135 0.12940952255126045 0.37940952255126048 0.78094576790687464 3.5000000000000004 6.8731336345561873 0.66847687381717125 0.80800552371908407 0.80217785889642024 0.98296291314453421 0.80263627494539491 3.3497501700808394 1252.5000000000002
decision_type=2 2 2 2 2 2 2 2 2 2 2 2 2 2 2 2 2 2 2 2 2 2 2 2 2 2 2 2 2 2
left_child=1 2 3 4 5 9 -7 -8 -9 -1 11 -4 -3 -14 15 17 -17 -15 23 -20 21 22 -21 24 25 -2 27 -27 -28 -29
right_child=18 12 10 -5 -6 6 7 8 -10 -11 -12 -13 13 14 -16 16 -18 -19 19 20 -22 -23 -24 -25 -26 26 28 29 -30 -31
leaf_value=-0.002476912706209063 -0.00019289135982214075 0.00015076661009944347 -0.00038010189116204285 0.0012515676539233786 0.00038896076802305492 0.00020451763148744836 -0.0014655229824519622 -0.0021680236323423684 4.5532069037954732e-05 0.0014538064347941896 -0.0002829967521488768 0.0012914989789520874 -8.8827506643518461e-06 -0.0018585518379068879 -0.00044333682100076923 -0.003484367876731587 -0.00059081366917034114 -0.0039434159756450218 -1.5002575560134e-05 -0.00016314617231910148 2.7756927141237705e-05 0.0015306483466496581 0.0010003836618573403 2.2976945852973276e-07 1.4106230334831605e-05 -0.0009199402395961107 -0.0011349385498871949 -0.00038412294554603067 -0.0026577536890603562 9.8341125903419349e-05
leaf_weight=17.632482171058655 45149.854714542627 15951.619837187231 17.475169241428375 42.162988543510437 27.339797914028168 20.134466350078583 24.234761416912079 21.930847764015198 21.848613560199738 21.311269044876099 536.12001218274236 105.31265562772751 1516.7758433707058 10.012211680412294 282.17216515913606 9.5893298983573896 86.340868320316076 9.1668050885200483 121038.51968720555 4320.1380058676004 24214.351351238787 4684.9974763356149 3338.2400653026998 126338.06362186372 35029.727301478386 561.03388500213623 66.300634205341339 2092.1588293910027 113.80479776859283 1767.486199259758
leaf_count=22 57769 54434 21 53 33 25 31 28 28 27 2498 132 5038 12 983 12 321 45 404730 18899 73939 18274 13456 608519 45253 719 85 2687 147 2255
internal_value=-1.38056e-05 0.000154311 -0.00083404 -0.00276108 -0.00413762 -0.00545255 -0.00780372 -0.0102799 -0.00683688 -0.000130712 -0.000259078 0.0020921 0.000201638 -0.00038689 -0.00172811 -0.0044031 -0.00287982 -0.0120223 -2.23415e-05 2.80874e-05 0.000192405 0.000497012 0.000238812 -5.99859e-05 -0.000150189 -0.000285006 -0.000936919 -0.000768457 -0.00507181 -0.000467289
internal_weight=387436 18721.2 855.503 196.595 154.432 127.092 88.1487 68.0142 43.7795 38.9438 658.908 122.788 17865.7 1914.06 397.281 115.109 95.9302 19.179 368715 157596 36557.7 12343.4 7658.38 211118 84780.4 49750.6 4600.78 4420.68 180.105 3859.65
internal_count=1310475 63743 2898 247 194 161 112 87 56 49 2651 153 60845 6411 1373 390 333 57 1246732 529298 124568 50629 32355 717434 108915 63662 5893 5661 232 4942
is_linear=0
shrinkage=0.05


Tree=200
num_leaves=31
num_cat=0
split_feature=16 16 4 6 16 4 16 6 16 7 16 16 16 1 10 16 16 16 16 16 6 10 16 7 1 18 6 16 1 16
split_gain=0.332848 1.04313 1.13221 0.830876 0.829971 0.91178 3.94921 2.01928 1.47458 1.31999 0.944242 1.08252 1.62043 0.756101 0.722045 0.686954 0.654008 0.711817 0.632706 1.10966 0.590796 0.588324 0.680016 0.677279 0.839826 0.863177 0.666602 0.824096 0.586912 0.529437
threshold=0.80570143096500557 0.80530725634941192 1.5000000000000002 0.1294095225512602 0.83375273960117646 1.5000000000000002 0.83744152111093351 -0.37940952255126015 0.8847782686317428 2.1383330595080281 0.8861666780130667 0.89111819891260613 0.89302366647559417 511.50000000000006 8.2031868854386101 0.83561204850757254 0.83596978670169342 0.8368590514480303 0.84300269948124729 0.84050258511846243 0.25881904510252057 7.7709141262221211 0.79837705762624855 11.211588533200596 562.50000000000011 1.0791666666666668 -0.98296291314453399 0.76386542164760074 854.50000000000011 0.77912472761430129
decision_type=2 2 2 2 2 2 2 2 2 2 2 2 2 2 2 2 2 2 2 2 2 2 2 2 2 2 2 2 2 2
left_child=1 21 3 14 -2 6 7 -6 18 -9 13 -12 -13 -10 -3 -11 -17 -18 19 -8 -14 -1 23 -23 -25 26 27 -26 -16 -28
right_child=4 2 -4 -5 5 -7 8 9 10 15 11 12 20 -15 28 16 17 -19 -20 -21 -22 22 -24 24 25 -27 29 -29 -30 -31
leaf_value=-6.1571282335795568e-05 7.7743293390877827e-05 -0.00021366318431754669 8.7609509439838534e-05 -0.000889245000438698 1.4424502335439598e-05 -4.1449627895430442e-05 0.0017445665544330549 0.00019224625774187274 -0.0014384725625237191 -0.00049089493779326261 0.003071816132689113 -0.0013030723817327443 -4.3373748664208433e-05 -0.00058220265699168792 -0.00065089008151861184 -0.0013593815294505977 -0.00020872168140757266 -0.0012768836836207359 0.0012764762468058521 -0.00049362997376337342 0.0012520908721345037 0.00024535196969526499 -0.00035464997579942283 0.00059893057943752109 -0.0085690642693204266 -0.003665503704239001 -0.0021762050424286423 -0.00068039521534860037 -0.0014886796566965295 0.0031990640004239236
leaf_weight=157431.1035245955 82035.333455592394 729.73467750102282 946.38242108374834 385.74756183475256 794.28852520883083 91277.775812223554 301.46453633159399 199.16694694757462 93.635630868375301 168.75602852553129 481.68117614090443 245.97905401885509 3027.4746903404593 229.04213886708021 11.35921096801758 265.53915958851576 143.50027611106634 173.79566762596369 4182.9894409701228 506.40192669630051 1307.208855740726 38216.99351279065 3666.4792998433113 48.835152007639408 5.9389668777585012 24.405867777764797 169.92700541391969 7.0199572592973709 17.126282908022404 56.366825148463249
leaf_count=581094 245114 1009 2789 540 3433 294855 1353 941 179 1013 1396 731 9885 387 19 680 1119 598 12488 1905 4233 133190 9958 194 13 27 762 42 27 186
internal_value=1.12542e-06 -4.3325e-05 -0.00115446 -0.00221286 4.94791e-05 -4.47423e-05 0.000362706 -0.00183802 0.000732831 -0.00339262 0.000158997 0.000326155 8.90572e-05 -0.00246347 -0.00125173 -0.00435166 -0.00516506 -0.00363284 0.00135198 7.09613e-05 0.00031308 -3.16899e-05 0.000134108 0.000196026 -0.00212225 -0.0032378 -0.00232407 -0.0133528 -0.00906126 -0.0016925
internal_weight=387151 201717 2090.35 1143.97 185434 103399 12120.9 1745.05 10375.9 950.758 5385.02 5062.34 4580.66 322.678 758.22 751.591 582.835 317.296 4990.86 807.866 4334.68 199627 42196 38529.5 312.494 263.659 239.253 12.9589 28.4855 226.294
internal_count=1310160 729850 4384 1595 580310 335196 40341 7784 32557 4351 16811 16245 14849 566 1055 3410 2397 1717 15746 3258 14118 725466 144372 134414 1224 1030 1003 55 46 948
is_linear=0
shrinkage=0.05


Tree=201
num_leaves=31
num_cat=1
split_feature=16 16 18 10 16 7 0 1 0 10 16 9 0 1 9 18 9 7 16 6 7 6 7 0 1 10 8 2 7 16
split_gain=0.295768 0.937528 0.809039 1.18846 0.748277 0.648881 0.896108 0.624356 0.609088 0.541128 0.63355 0.547287 0.756718 0.893353 0.520883 0.601053 0.529472 0.867774 0.847899 0.513833 0.712155 0.929704 0.457168 0.559559 0.559842 0.689734 0.645474 0.548045 0.53552 0.517404
threshold=0.80570143096500557 0.80530725634941192 1.029166666666667 8.3382844508594918 0.83375273960117646 1.8688348091416842 77.500000000000014 3595.5000000000005 121.50000000000001 7.7709141262221211 0.79837705762624855 1.0000000180025095e-35 88.500000000000014 1832.5000000000002 4.9870196042435371 1.0791666666666668 3.8815106545092593 8.8602153186160582 0.80263627494539491 0.78656609248549303 9.9902377956001747 -0.12940952255126037 7.4958196445301075 49.500000000000007 157.50000000000003 7.6487177596033016 1.0000000180025095e-35 0 6.938769215029235 0.79235388637407622
decision_type=2 2 2 2 2 2 2 2 2 2 2 2 2 2 2 2 2 2 2 2 2 2 2 2 2 2 2 1 2 2
left_child=1 9 -3 5 -2 6 7 -4 -6 22 11 19 -13 -14 15 -12 17 -17 -19 20 -11 -22 23 -1 25 -25 -27 -24 29 -26
right_child=4 2 3 -5 8 -7 -8 -9 -10 10 14 12 13 -15 -16 16 -18 18 -20 -21 21 -23 27 24 28 26 -28 -29 -30 -31
leaf_value=-0.00013227872317332425 7.3856128721333525e-05 -5.5207748001741969e-05 -0.00015529318209487816 -0.0026927426340519044 -2.7153020812105412e-05 -0.00039546945203226759 -0.0019985030769166024 -0.003667883105798127 0.0004795579548723686 0.00043578374872418787 -0.0002783268615946362 0.00013881245973030172 -0.0011448483664393868 0.00061205154401157012 0.0014595638323101083 -0.00097063124053280928 0.0038257835841483561 -0.0011677871813181328 -0.0050616388676802604 0.0021066827690631243 -0.011287304925414007 0.00032139305320708306 5.1941626873310696e-05 -0.00048038919845440342 6.2817815948239955e-05 -0.0054314961916589735 -0.0015872835961860316 -0.00059951820645950536 0.00062761067391641022 -0.0001687531270179267
leaf_weight=55225.82891465351 82035.333455592394 1056.0033770948648 119.77650058269501 16.78247082233429 101406.44735769182 849.96955931186676 31.348278224468231 16.469968259334564 1992.2525085136294 11556.379486668855 3134.5216250568628 22279.905475206673 1649.27862560004 1237.9989769570529 174.44339613616467 293.86036372184753 21.675247848033905 22.927516460418701 19.051150619983673 1796.918430775404 4.9497418701648712 4.0565501973032934 2552.5681078583002 990.78395674750209 75185.162370674312 9.5682784691452998 18.66786266118288 3294.3747372217476 3153.1554268412292 17000.99386946857
leaf_count=205534 245114 3153 144 20 329039 1010 37 20 6157 38934 9103 79428 5734 4166 479 309 23 24 20 6105 28 19 10979 3272 285951 27 63 14670 12886 47712
internal_value=1.40626e-06 -4.04951e-05 -0.00109389 -0.00208779 4.69871e-05 -0.00187013 -0.00471357 -0.00295983 -4.24771e-05 -2.94648e-05 0.000129544 0.00018931 5.19989e-05 -0.00070961 -0.00049851 -0.00063171 -0.00257405 -0.00306289 -0.00978745 0.000447927 0.000325712 -0.0137288 -7.20835e-05 -5.53495e-05 1.7377e-05 -0.00114837 -0.00885396 -0.000505919 2.98368e-05 7.92083e-06
internal_weight=387151 201717 2090.35 1034.35 185434 1017.56 167.595 136.246 103399 199627 42196 38529.5 25167.2 2887.28 3666.48 3492.04 357.514 335.839 41.9787 13362.3 11565.4 9.00629 157431 151584 96358.3 1019.02 28.2361 5846.94 95339.3 92186.2
internal_count=1310160 729850 4384 1231 580310 1211 201 164 335196 725466 144372 134414 89328 9900 9958 9479 376 353 44 45086 38981 47 581094 555445 349911 3362 90 25649 346549 333663
cat_boundaries=0 1
cat_threshold=18
is_linear=0
shrinkage=0.05


Tree=202
num_leaves=31
num_cat=0
split_feature=16 16 16 16 4 4 17 16 0 7 6 8 7 16 16 16 17 4 6 0 9 5 4 5 17 6 0 5 7 7
split_gain=0.271493 1.44236 0.967622 0.867141 1.0311 0.790184 0.841832 0.569253 0.492863 0.522512 0.53806 0.58966 0.477527 0.471492 0.885255 0.838958 1.17022 0.848473 0.867077 0.751184 1.49935 0.643396 0.541799 0.523334 0.648472 0.51403 0.862132 0.597983 0.510817 0.498966
threshold=0.81536292963384094 0.82340483352627902 0.81496621376278278 0.82365261305926685 1.5000000000000002 2.5000000000000004 0.68059376891959245 0.81441168430396382 122.50000000000001 8.9250553887386221 -0.5 6.3944261760330408 9.0446395749334112 0.81055355588102429 0.80570143096500557 0.80530725634941192 0.64675799809678969 1.5000000000000002 0.25881904510252057 46.500000000000007 1.0000000180025095e-35 -1.0000000180025095e-35 1.5000000000000002 -0.60355339059327362 0.79822538781301489 0.25881904510252057 69.500000000000014 -0.5 1.0397207708399181 5.8245230014317348
decision_type=2 2 2 2 2 2 2 2 2 2 2 2 2 2 2 2 2 2 2 2 2 2 2 2 2 2 2 2 2 2
left_child=2 -2 7 4 -3 6 -4 13 -5 -10 11 -11 -7 14 15 -1 19 18 -18 -17 25 -20 -16 -15 -25 26 27 -21 -23 -30
right_child=1 3 5 8 -6 12 -8 -9 9 10 -12 -13 -14 23 22 16 17 -19 21 20 -22 28 -24 24 -26 -27 -28 -29 29 -31
leaf_value=-2.2822073737571031e-05 0.00021421049317430776 -0.00041245641409415129 0.00052048319631527661 -4.3917489715966649e-06 0.00040516779580525856 0.00021805273712203479 -0.00062852838105721405 0.0006544710328556209 0.00047280774261157163 -0.0038680532828081339 0.0018783804394969948 -0.0032967444009010098 -0.0036076704589993592 5.1174660789008941e-05 0.00054344479207714684 -0.00018022289818814819 -0.00015898200835419638 0.00018247031184754313 -0.00038023998398562523 -0.00063709688239687104 -0.0016351876567415756 -0.0020653420064919727 0.00016679324468870106 -0.00026120769626110585 0.00061141036814108332 0.00049371634692799355 -0.0028936627364761869 0.00060649709082802945 -0.0012356627547752937 -0.0016166034387995736
leaf_weight=199627.0701117143 23625.128437936306 1198.7032855674624 176.48023235797882 127569.38034361601 601.48478420823812 634.82487349957228 1050.9672810807824 1434.3427579924464 2332.6870536804199 7.7327158302068737 28.160382725298405 18.739501245319843 17.857966974377632 4512.7252227663994 1835.5792837888002 58.273218214511871 728.56981655210257 910.01441598683596 152.71799518167973 17.019920110702515 26.768224835395813 13.720980674028395 11495.917254552245 8115.8179934769869 777.50395049899817 19.52029424905777 17.880911529064178 21.709386646747589 90.782897174358368 33.372093141078949
leaf_count=725466 72303 2517 267 412468 1794 1920 2859 4197 7225 24 102 55 53 11924 4147 72 1027 2744 217 21 33 18 34979 17482 5994 24 22 27 129 50
internal_value=1.12197e-06 5.22591e-05 -3.31612e-05 -1.22479e-05 -0.0011021 -0.00116285 -0.00191032 -2.39221e-05 2.84897e-06 0.000714639 -0.0041189 -0.0092367 0.00024284 -3.01564e-05 -1.22219e-05 -3.83017e-05 -0.00103478 -0.000692839 -0.00168368 -0.00512773 -0.00769651 -0.00399292 0.000382388 -0.000317847 -0.000540381 -0.00411764 -0.00653021 -0.0023376 -0.00646901 -0.00545727
internal_weight=387151 155382 231769 131757 1800.19 1880.13 1227.45 229889 129957 2387.32 54.6326 26.4722 652.683 228455 215049 201717 2090.35 1929.18 1019.16 161.172 102.899 290.594 13331.5 13406 8893.32 76.1305 56.6102 38.7293 137.876 124.155
internal_count=1310160 496488 813672 424185 4311 5099 3126 808573 419874 7406 181 79 1973 804376 768976 729850 4384 4185 1441 199 127 414 39126 35400 23476 94 70 48 197 179
is_linear=0
shrinkage=0.05


Tree=203
num_leaves=31
num_cat=1
split_feature=16 16 16 4 1 6 16 4 17 2 7 5 16 8 5 4 16 16 16 16 16 8 6 17 1 8 1 17 5 16
split_gain=0.239314 1.27875 0.878324 0.828706 1.48724 0.919592 0.824005 0.738839 0.783286 0.593385 0.535737 0.496248 0.459733 0.454398 0.44579 0.515165 1.16893 0.916745 1.09754 0.886672 1.26274 0.829668 0.732224 1.18832 0.708865 0.852202 0.804526 1.0705 0.672713 0.594468
threshold=0.81536292963384094 0.82340483352627902 0.82365261305926685 1.5000000000000002 2793.5000000000005 0.78656609248549303 0.81496621376278278 2.5000000000000004 0.68059376891959245 0 3.8393944990995772 0.37940952255126054 0.81441168430396382 2.740319461670996 -0.78656609248549292 1.5000000000000002 0.83744152111093351 0.87970026051821659 0.86875386461544013 0.84373940648526213 0.84425539163094909 6.5475022567614491 -0.37940952255126015 0.74075138247375838 3331.5000000000005 6.5964631079239817 532.50000000000011 0.66237379509048522 -1.0000000180025095e-35 0.8847782686317428
decision_type=2 2 2 2 2 2 2 2 2 1 2 2 2 2 2 2 2 2 2 2 2 2 2 2 2 2 2 2 2 2
left_child=6 -2 3 4 -3 -6 12 8 -8 -10 11 -11 -1 -14 -4 16 -16 18 -18 -17 21 -21 23 -23 25 -19 27 -27 -22 -30
right_child=1 2 14 -5 5 -7 7 -9 9 10 -12 -13 13 -15 15 19 17 24 -20 20 28 22 -24 -25 -26 26 -28 -29 29 -31
leaf_value=-2.1133240706237846e-05 0.00020349996851559278 -0.00029468718690717108 -5.6320857672165218e-05 0.00038490940601499589 -0.0025323881669866311 -0.0026607403095955124 0.00049445903649951266 0.00012364851877783787 -0.00033172609308569601 -0.00066157689480111849 -0.0011636793898840286 7.4443116756046229e-05 9.3207095634136736e-05 0.0013472205894197575 -9.9785272944541434e-05 9.4722484243450763e-05 0.0004756469241447549 0.00026476844469984636 0.0050778238654692939 -0.00051734374020852715 6.0147606480713027e-05 -0.0032961634017006102 -0.00062187116976182642 -0.0012255995695845659 0.0069456079688778585 -0.0036899004574604127 -0.00055151528565291835 -0.001124642462651887 -0.00013114036766609453 8.2881029834534076e-05
leaf_weight=228454.9639710933 23625.128437936306 1142.7734803855419 32191.167483612895 601.48478420823812 46.365621149539948 9.5641840323805791 176.48023235797882 652.68284047394991 449.12657464295626 177.65105145424604 327.29589116573334 96.893763817846775 901.7642507404089 532.57850725203753 3992.4308209493756 33240.484445072711 2622.3789709284902 4103.4168419539928 704.84719757735729 1055.0073861926794 19154.270272776484 7.7886349558830288 32.157382540404797 11.924549475312231 179.00178965181112 12.851229429244993 145.46068920940161 49.643399111926556 25440.637313693762 7013.2315899655223
leaf_count=804376 72303 2399 104470 1794 97 21 267 1973 1206 473 925 255 2540 1657 16147 102704 8814 12565 1979 2913 62912 11 75 44 538 16 453 183 81076 24974
internal_value=2.47781e-07 4.82588e-05 -1.24795e-05 -0.00110934 -0.00186926 -0.00983017 -3.19396e-05 -0.00107443 -0.0017972 -0.00231479 -0.0033266 -0.00175307 -2.34137e-05 0.000868941 2.71441e-06 5.58532e-05 0.000365497 0.000720982 0.00134999 1.33091e-05 -0.000114212 -0.00178518 -0.00795879 -0.0155462 0.000254905 0.000126898 -0.00299574 -0.00774041 -7.83733e-05 -0.000217057
internal_weight=387151 155382 131757 1800.19 1198.7 55.9298 231769 1880.13 1227.45 1050.97 601.841 274.545 229889 1434.34 129957 97765.5 11810 7817.6 3327.23 85955.5 52715 1106.88 51.8706 19.7132 4490.37 4311.37 207.955 62.4946 51608.1 32453.9
internal_count=1310160 496488 424185 4311 2517 118 813672 5099 3126 2859 1653 728 808573 4197 419874 315404 40695 24548 10793 274709 172005 3043 130 55 13755 13217 652 199 168962 106050
cat_boundaries=0 1
cat_threshold=9
is_linear=0
shrinkage=0.05


Tree=204
num_leaves=31
num_cat=1
split_feature=9 1 7 17 17 6 1 9 17 1 9 4 7 1 4 1 1 18 9 9 4 0 2 18 9 17 6 9 18 5
split_gain=0.197729 0.509994 0.5476 0.37615 0.335855 0.427853 0.33054 0.306145 0.514407 0.652469 0.600227 0.810708 0.889821 0.74324 1.08399 0.400178 0.329621 0.305198 1.28955 0.415978 0.375955 0.413745 0.299374 0.553294 0.429749 0.55602 0.356703 0.580517 0.957472 0.297603
threshold=4.9870196042435371 444.50000000000006 10.481293953298048 0.65266048731061865 0.64805509467998179 -0.9159756150367534 548.50000000000011 4.5591125415341898 0.65641077446366225 353.50000000000006 4.7578820629520608 3.5000000000000004 9.5731067158699013 1326.5000000000002 2.5000000000000004 967.50000000000011 1586.5000000000002 1.0375000000000003 4.8481086751891054 4.8559213341406453 2.5000000000000004 66.500000000000014 0 1.0458333333333336 5.1149908003866509 0.79030688939026439 0.25881904510252057 6.2943392297461287 1.0625000000000002 -0.98296291314453399
decision_type=2 2 2 2 2 2 2 2 2 2 2 2 2 2 2 2 2 2 2 2 2 2 1 2 2 2 2 2 2 2
left_child=7 -2 3 4 5 -3 -6 -1 9 -9 11 12 13 15 -15 -11 -14 18 -12 20 -19 -22 -4 24 25 -24 27 -25 -29 -8
right_child=1 2 22 -5 6 -7 29 8 -10 10 17 -13 16 14 -16 -17 -18 19 -20 -21 21 -23 23 26 -26 -27 -28 28 -30 -31
leaf_value=-1.0105788407765993e-07 0.00043883423007912018 -0.0019467891134088062 -5.9425587939045818e-05 0.00011391830151105052 -0.0007987013827831451 0.00035512511729210786 -0.0032530406049912429 -0.00066737881473629161 -0.00012339019474188543 -0.0012967389328727261 0.0060199941906467977 0.00023553476912206858 0.0056883905261677879 -0.0045316464835490769 -0.0030064024358107074 0.00048957367642957358 -0.0031216061770378447 0.0018506038546718499 -0.0024269033474788142 0.0014524372207738211 -0.0038657618401477002 0.00082955540412661059 0.010061242928926007 -0.0037344961350157524 -0.00048618333226024097 -0.0040701358628448371 -0.00069724478326879105 -0.0023201644513827753 0.0033620492415922655 0.002097741716059144
leaf_weight=380237.24554980546 355.69086555019021 36.295273244380951 518.98622233793139 2785.209748391062 16.234414339065552 199.66846537590027 19.299773275852203 26.565531551837921 1762.3435482122004 43.049356281757355 24.455952405929565 72.227608323097229 30.848571300506592 30.139897763729095 23.107677519321442 23.289346218109131 18.999411404132843 32.427050173282623 24.575148105621338 90.177765667438507 23.884760916233063 19.025515079498291 5.841580122709277 25.249188303947449 262.83279407769442 14.359210357069967 28.263176284730434 16.539352655410767 16.736805461347103 367.88402730226517
leaf_count=1285988 1196 45 1848 11212 21 247 24 34 7212 54 34 91 39 39 29 29 24 40 34 110 29 23 11 30 1104 71 34 21 19 468
internal_value=1.24419e-07 0.000323535 0.000173476 0.000460483 0.00155417 5.57989e-05 0.00243059 -3.82357e-06 -0.000585975 -0.00203201 -0.00158844 -0.00329729 -0.0051881 -0.0075275 -0.0119272 -0.00399599 0.000424154 0.000336378 -0.00312846 0.00136278 -0.00137962 -0.0044501 -0.000932364 -0.0019949 -0.000977908 -0.00800562 -0.00554137 -0.00776893 -0.0034312 0.00272366
internal_weight=387151 4669.09 4313.4 3424.59 639.382 235.964 403.418 382482 2245.12 482.774 456.208 241.662 169.434 119.586 53.2476 66.3387 49.848 214.546 49.0311 165.515 75.3373 42.9103 888.808 369.822 283.034 20.2008 86.7885 58.5253 33.2762 387.184
internal_count=1310160 16351 15155 12017 805 292 513 1293809 7821 609 575 305 214 151 68 83 63 270 68 202 92 52 3138 1290 1186 82 104 70 40 492
cat_boundaries=0 1
cat_threshold=21
is_linear=0
shrinkage=0.05


Tree=205
num_leaves=31
num_cat=1
split_feature=0 2 16 17 1 16 16 1 1 0 1 10 17 16 1 1 10 4 1 0 16 18 8 0 1 16 8 16 10 16
split_gain=0.214046 0.663145 0.845235 0.742869 0.515601 0.488792 0.48673 0.604723 0.826124 0.519293 0.478759 0.955836 0.707644 0.477849 0.581337 0.6182 0.8681 1.02987 0.548254 0.476496 0.702843 0.472183 0.455329 0.462535 0.425265 0.39469 0.500073 0.472979 0.380314 0.956374
threshold=59.500000000000007 0 0.66451488603447284 0.64725493382190846 3522.5000000000005 0.89111819891260613 0.87383864857670368 1124.5000000000002 388.50000000000006 46.500000000000007 3061.5000000000005 6.7390887783039695 0.64725493382190846 0.77142618591489243 1419.5000000000002 192.50000000000003 6.2098202892798655 2.5000000000000004 307.50000000000006 43.500000000000007 0.77912472761430129 0.97916666666666674 4.7749040587885982 84.500000000000014 483.50000000000006 0.81680104559265798 1.0000000180025095e-35 0.83596978670169342 7.9504083152704217 0.76804571209237682
decision_type=2 1 2 2 2 2 2 2 2 2 2 2 2 2 2 2 2 2 2 2 2 2 2 2 2 2 2 2 2 2
left_child=1 3 4 5 -3 6 13 8 -8 -10 22 12 -12 14 15 16 17 -1 19 20 -15 -5 -2 -24 -11 -22 -27 -28 -17 -30
right_child=10 2 -4 21 -6 -7 7 -9 9 24 11 -13 -14 18 -16 28 -18 -19 -20 -21 25 -23 23 -25 -26 26 27 -29 29 -31
leaf_value=-0.0016432743718562558 3.2596056925711037e-05 0.0010350105776847668 -6.7411767356077845e-05 -4.9741466507540609e-05 0.014766168307970224 0.00091718269938366849 0.0021602972665618783 0.00035275198999951688 -0.0017953950398073835 0.0015784775781932136 0.0021244254079276713 0.0011141449748252473 -0.00011091784326291016 -0.0023706660133799755 -0.0052213671731257301 -0.00084345871012445756 0.00011965283358925799 -0.001042537979857324 -0.00013292143783614555 0.0012268288488990232 0.00092142579664474954 7.4432387499553951e-05 -3.5599566494515233e-05 -0.00031356799187947162 -0.0012285508259779181 0.00056303095494905783 -0.0024473028037306382 -0.00010433447753297674 0.0027014104632233252 -0.0014878845559333541
leaf_weight=21.126245319843292 118512.74920310453 1506.0831599012017 124353.15651226789 17804.722166873515 297.97039553523064 178.90762233734131 41.917301654815674 55.844073295593262 54.713165700435638 17.914749085903168 726.65014117956161 11668.892859697342 13105.413172356784 16.15300053358078 31.824578046798706 1248.8238039016724 40.517843067646027 21.88233095407486 2584.5848796963692 208.98266285657883 93.179063260555267 69145.196059130132 18439.89421254769 7069.3357022814453 30.690328001976013 31.488831698894501 16.284474849700928 20.289027154445648 263.11742198467255 18.712298095226288
leaf_count=26 394288 4383 425888 138387 828 221 52 69 68 22 897 38458 46015 20 39 1541 50 27 3191 258 115 167093 64082 24513 38 39 20 25 325 23
internal_value=7.1652e-06 -2.55914e-05 -0.000100018 7.65297e-05 0.000974474 -0.000516305 -0.000611597 -0.00301969 -0.00471995 -0.0071219 4.9309e-05 0.000248996 -3.21644e-05 -0.000506719 -0.00119011 -0.00105817 -0.00524693 -0.0101945 -0.000128099 0.00162862 -0.000277188 0.000110608 1.39518e-05 -0.000177673 -0.003361 0.000718945 -0.0021755 -0.00615225 -0.000829596 0.000829456
internal_weight=387627 218104 126157 91946.9 1804.05 4996.95 4818.05 201.08 145.236 103.318 169523 25501 13832.1 4616.97 1646 1614.18 83.5264 43.0086 2970.96 386.377 177.394 86949.9 144022 25509.2 48.6051 161.241 68.0623 36.5735 1530.65 281.83
internal_count=1311001 742748 431099 311649 5211 6169 5948 249 180 128 568253 85370 46912 5699 2031 1992 103 53 3668 477 219 305480 482883 88595 60 199 84 45 1889 348
cat_boundaries=0 1
cat_threshold=20
is_linear=0
shrinkage=0.05


Tree=206
num_leaves=31
num_cat=0
split_feature=10 9 10 18 7 17 9 7 16 17 10 16 0 10 10 9 0 6 7 10 9 16 0 0 9 16 4 10 7 10
split_gain=0.204635 0.286409 0.292186 0.280835 0.302261 0.271022 0.261357 0.258524 0.393202 0.581137 0.646276 0.693087 0.597456 0.761736 0.627655 0.554327 0.570327 0.526221 0.51208 0.488898 0.484658 0.598241 0.691366 0.822686 0.455582 0.813753 0.424071 0.613903 0.658744 0.498155
threshold=8.4036835615819729 9.1577379747513508 8.3382844508594918 1.0125000000000002 9.8578885326594694 0.7960030257082068 7.9676113710989007 7.7400119915859422 0.75883232982744986 0.64632798978931005 8.0353250454199436 0.78492673449477679 135.50000000000003 7.7839434739395426 7.7581550303642528 7.8561122302049213 89.500000000000014 0.91597561503675351 7.9206280922156038 8.2897175009295605 2.602003343538398 0.85311987714289217 54.500000000000007 69.500000000000014 3.5972184255501678 0.79837705762624855 3.5000000000000004 7.6487177596033016 8.4446224754573418 7.2846924547368088
decision_type=2 2 2 2 2 2 2 2 2 2 2 2 2 2 2 2 2 2 2 2 2 2 2 2 2 2 2 2 2 2
left_child=1 6 3 4 -3 -6 7 -1 15 10 26 18 -11 14 -14 16 -9 19 -12 20 21 22 -13 -24 -22 -26 27 28 29 -10
right_child=-2 2 -4 -5 5 -7 -8 8 9 12 11 17 13 -15 -16 -17 -18 -19 -20 -21 24 -23 23 -25 25 -27 -28 -29 -30 -31
leaf_value=9.0494547138206257e-06 0.00040994247666924433 0.0017746637204279576 0.00092021004423636281 -0.0036903734257251923 -0.0036533045000745295 -0.0010480134579717597 0.001790018756900884 -0.00027527462365715684 -0.00052951965625629052 9.848273489403148e-06 -0.0067239916236909811 -0.0020171865142283628 -0.0026321294467697661 -0.00036523250719051881 -0.0082042862312885316 -0.0022023762504889107 -0.0017267229134593526 -0.002072050373972571 0.0027656918980250517 0.00013765973056154498 0.0012324339735939856 0.00097380163935462225 -0.0025389187169172628 -0.0028662121022581064 -0.0039643909699745841 -0.00066655273032899818 0.0011209220647859061 0.0006968072647198679 0.00034401493331930982 -0.0020238572270085443
leaf_weight=351194.53753360361 2334.9698173031211 8.3052656352520042 6.7948579564690581 5.0838656425476065 6.7013930976390865 10.424480360001324 161.59697926416993 6290.133232139051 34.139559209346771 25867.112438302487 16.259925246238708 31.817895233631134 50.533576052635908 101.46890298649669 5.5671952515840522 7.9223479852080336 827.40292251110077 19.409227430820465 95.936589121818542 73.794265747070312 51.27741950750351 18.717743515968323 22.760785460472107 18.7121342420578 16.269477844238281 51.134389400482178 99.786159157752991 125.17411655187607 36.572098433971405 36.700692176818848
leaf_count=1183649 5136 42 16 10 19 72 618 16397 42 101397 20 39 188 371 14 20 2131 24 118 91 63 23 28 23 20 63 123 154 45 45
internal_value=6.59824e-06 3.77011e-06 -0.0043768 -0.00646476 -0.00432012 -0.00811615 4.19434e-06 3.35073e-06 -0.000128511 -4.0661e-05 -0.00141428 -0.00272743 -1.15602e-06 -0.00307066 -0.00774605 -0.0004586 -0.000443887 -0.00396736 0.000631039 -0.0034239 -0.00465061 -0.0073742 -0.0094117 -0.0136653 -0.00253912 -0.0052411 0.000229616 -0.000940207 -0.00371326 -0.00652669
internal_weight=387627 385292 37.3099 30.515 25.4311 17.1259 385255 385093 33898.6 26773.1 748.462 416.09 26024.7 157.57 56.1008 7125.46 7117.54 303.893 112.197 284.484 210.69 92.0086 73.2908 41.4729 118.681 67.4039 332.373 232.586 107.412 70.8403
internal_count=1311001 1305865 159 143 133 91 1305706 1305088 121439 102891 921 512 101970 573 202 18548 18528 374 138 350 259 113 90 51 146 83 409 286 132 87
is_linear=0
shrinkage=0.05


Tree=207
num_leaves=31
num_cat=0
split_feature=10 1 18 17 6 17 3 1 1 6 5 17 1 6 4 1 1 9 9 17 9 5 17 18 6 17 3 10 1 11
split_gain=0.204846 0.228246 0.507865 0.724752 0.267696 0.25546 0.344703 0.704893 0.544441 0.812559 0.622692 0.608351 0.565052 0.443489 0.407754 0.332088 0.656238 0.308703 0.23956 0.615387 0.23165 0.226395 0.219368 0.223613 0.28015 0.201289 0.200346 0.517801 0.469047 0.478074
threshold=8.4036835615819729 362.50000000000006 1.0125000000000002 0.66764792291798603 -0.60355339059327384 0.66237379509048522 1.0000000180025095e-35 763.50000000000011 1088.5000000000002 -0.60355339059327384 0.60355339059327384 0.66164817016019506 2833.5000000000005 -0.60355339059327384 3.5000000000000004 1686.5000000000002 2135.5000000000005 2.8617925509761908 1.7005986908310777 0.79012795506376243 5.9148525341228533 0.98296291314453421 0.79503801513153072 0.99583333333333346 0.37940952255126048 0.6544711875884256 1.0000000180025095e-35 7.2846924547368088 307.50000000000006 1.0000000180025095e-35
decision_type=2 2 2 2 2 2 2 2 2 2 2 2 2 2 2 2 2 2 2 2 2 2 2 2 2 2 2 2 2 2
left_child=26 2 3 -2 -4 6 7 13 -8 10 11 12 14 -3 15 -10 -17 -16 19 -5 -11 -7 -20 24 -24 -9 27 -1 29 -29
right_child=1 5 4 18 -6 21 8 25 9 20 -12 -13 -14 -15 17 16 -18 -19 22 -21 -22 -23 23 -25 -26 -27 -28 28 -30 -31
leaf_value=-9.3548206609436749e-06 -0.0023884192700178216 -0.00018595025507436025 -0.0011381743608194291 -0.0018316632343792023 0.0016171927981451437 0.0012475585928332555 0.0015984757857896471 0.007654326870785092 0.0014944907312317249 0.001957754670461409 -0.0064701464264153409 -0.0041134666380118505 0.0049539278055600799 -0.0034291442454992497 -0.0034702497154193352 -0.0048454248977282807 0.0035238258007530528 -0.0036756841748431801 0.0014381854662380681 -0.00076366653729872946 -0.0025068841378643458 -0.0023507378171427058 -0.0014014218334999333 0.00054353464527582445 0.00036113524374293047 -0.0039628227117615988 -6.3673586518084305e-06 -0.00019698878787406204 0.00057501968697777075 0.0028073010486060926
leaf_weight=41082.006622247398 10.176289319992064 19.029813408851624 20.295542687177658 6.4691321253776577 41.789165660738945 1226.7050163224339 286.15048718452454 32.554670512676239 44.221620619297028 331.42960011959076 21.107365906238556 23.162533760070801 30.748386979103088 33.225877106189728 20.436772763729095 15.818885445594786 21.250860929489136 16.560399949550629 27.358616724610329 13.93483294546604 20.753552496433258 26.227079175412655 8.6494966745376605 4.4926294386386862 4.5088267698884001 27.912362277507782 325795.68231956288 3427.3977744989097 14775.697263069451 211.26348968967795
leaf_count=137365 16 24 26 12 53 3569 358 41 55 408 26 26 38 42 25 20 26 21 69 49 27 79 50 18 23 35 1106788 11364 49719 629
internal_value=6.35825e-06 0.000473266 -0.00150165 -0.00425384 0.00184922 0.000597007 -2.39792e-05 -0.00261867 0.000327712 -0.000598865 -0.00320361 -0.00221007 -0.00103848 -0.00687189 -0.00260814 -0.000627711 -0.00411816 -0.00695961 -0.00232278 -0.00681684 0.00083083 0.00106506 -0.000285516 -0.00463129 -0.00791969 0.00105697 3.52867e-06 8.78996e-05 0.000308219 -0.000200295
internal_weight=387627 2334.97 137.675 75.5898 62.0847 2197.3 944.363 112.723 831.64 545.49 193.307 172.199 149.037 52.2557 118.289 81.2914 37.0697 36.9972 65.4135 20.404 352.183 1252.93 45.0096 17.651 13.1583 60.467 385292 59496.4 18414.4 3638.66
internal_count=1311001 5136 316 237 79 4820 1172 142 1030 672 237 211 185 66 147 101 46 46 221 61 435 3648 160 91 73 76 1305865 199077 61712 11993
is_linear=0
shrinkage=0.05


Tree=208
num_leaves=31
num_cat=0
split_feature=6 9 18 18 0 10 10 0 16 16 4 18 10 8 16 1 16 1 1 0 16 8 1 4 6 9 9 0 9 16
split_gain=0.200599 0.558714 0.711629 0.686934 0.424931 0.407205 0.400567 0.374906 0.521542 0.585254 0.803591 1.01758 0.413215 0.707061 0.38065 0.360186 0.430358 0.545138 0.7847 0.346841 0.515751 0.448465 0.338764 1.1649 0.357568 0.336632 0.407482 0.67552 0.762728 0.346118
threshold=0.91597561503675351 3.9219243190762363 1.029166666666667 1.0458333333333336 47.500000000000007 7.2846924547368088 7.2696029113363272 44.500000000000007 0.83915056236976993 0.85849442535829257 3.5000000000000004 1.029166666666667 7.2537824175455921 0.89587973461402759 0.88779654317510448 4473.5000000000009 0.80263627494539491 13074.000000000002 17777.000000000004 55.500000000000007 0.80468843791176625 6.273819513894054 192.50000000000003 3.5000000000000004 0.98296291314453421 4.0163424379838117 5.0968083143154814 71.500000000000014 5.6383483370536824 0.73897713012189381
decision_type=2 2 2 2 2 2 2 2 2 2 2 2 2 2 2 2 2 2 2 2 2 2 2 2 2 2 2 2 2 2
left_child=-1 5 -3 4 -4 7 -5 8 12 10 -10 -12 -2 -14 -11 22 -17 19 -19 20 -18 -22 23 -7 -25 -8 29 28 -28 -27
right_child=1 2 3 6 -6 15 25 -9 9 14 11 -13 13 -15 -16 16 17 18 -20 -21 21 -23 -24 24 -26 26 27 -29 -30 -31
leaf_value=-2.1799014703803577e-06 7.4414930457462893e-06 -0.00021917682328814609 -0.0029108994610816995 -0.0041269527054330962 -0.0030315131701944965 -0.00053574601887854286 -0.0028780073310203701 0.00012164889928741527 -0.00042900771515149084 0.00026203473967467971 -0.0010318853625046109 -0.0032100866852330019 -0.0040205608414938419 -0.0010888683998951959 -0.00086847082851769758 0.0071843043946724057 -0.0055867089486151336 -0.0068147949688360581 0.0026074351443895281 0.0061008695100999016 0.00051132183603579823 -0.0032548399875599156 0.00036967237634538512 -0.0010872262866884804 -0.0067761588292173172 -0.0034879802795163015 -0.0034238760115332363 0.0035369247284239924 -0.0010463239291570211 0.00033838686042905465
leaf_weight=359885.93109195679 3576.4065588340163 599.22771164029837 13.240261100232603 34.293046712875366 17.716984376311302 74.551331497728825 15.477643094956873 13597.854145523161 362.00009443610907 480.35909570753574 117.04562655091286 32.338902473449707 9.8293076381087285 26.477173034101725 223.2122720927 367.09133584797382 4.4741470143198958 10.470710135996342 12.206672199070454 116.99073033034801 68.014548934996128 8.2500041127204877 7802.1394551284611 4.9206274226307851 4.6923860087990761 17.235898792743683 19.655422352254391 23.096265375614166 24.500780880451202 77.31705516576767
leaf_count=1215603 12850 2723 19 39 26 231 19 46588 1218 1551 451 38 33 104 836 1247 11 29 39 379 214 22 26502 27 13 20 24 27 29 89
internal_value=6.51223e-06 0.000136065 -0.0011324 -0.00341754 -0.0103741 0.000175759 -0.00239968 4.3832e-05 -0.000334687 -0.00123084 -0.00251803 -0.00560346 -3.33103e-05 -0.0053406 -0.000295258 0.000462624 0.00165696 -8.9486e-05 -0.00743209 0.00075263 -0.00176815 -0.000800218 0.00037365 -0.00278153 -0.0191628 -0.00144283 -0.000768967 -0.00374413 -0.00736831 0.00134717
internal_weight=387627 27741.1 841.761 242.533 30.9572 26899.3 211.576 18425.5 4827.67 1214.96 511.385 149.385 3612.71 36.3065 703.571 8473.8 587.498 220.407 22.6774 197.729 80.7387 76.2646 7886.3 84.1643 9.61301 177.283 161.805 67.2525 44.1562 94.553
internal_count=1311001 95398 3015 292 45 92383 247 63669 17081 4094 1707 489 12987 137 2387 28714 1941 694 68 626 247 236 26773 271 40 208 189 80 53 109
is_linear=0
shrinkage=0.05


Tree=209
num_leaves=31
num_cat=0
split_feature=18 16 5 4 16 16 4 10 17 17 18 16 17 5 16 8 17 4 10 17 4 10 6 17 6 7 17 6 4 10
split_gain=0.183564 0.341522 0.446849 0.399812 0.376297 0.773889 1.29224 0.418635 0.374717 0.363473 0.705239 0.699038 0.390407 0.352929 0.343453 0.415535 0.40027 0.293668 0.290199 0.34764 0.277554 0.273973 0.338914 0.74662 1.04725 1.59999 0.548929 0.627958 0.502006 1.2775
threshold=0.97083333333333344 0.88214353201501761 0.60355339059327384 3.5000000000000004 0.77656197778896441 0.77544768026853006 1.5000000000000002 6.4420544875491013 0.80608360957063241 0.80861267945741766 0.92916666666666681 0.90748563302870633 0.80792541639299309 -0.9159756150367534 0.90374560103526036 4.4367340276668159 0.79791558645069005 1.5000000000000002 2.4720611056939106 0.79907315419673208 1.5000000000000002 1.5299586756037027 0.1294095225512602 0.64853776465145774 0.78656609248549303 4.7749040587885982 0.65185921791924917 -0.98296291314453399 4.5000000000000009 0.098905681065719467
decision_type=2 2 2 2 2 2 2 2 2 2 2 2 2 2 2 2 2 2 2 2 2 2 2 2 2 2 2 2 2 2
left_child=1 4 3 -3 5 17 7 -7 -6 10 11 -5 -13 14 15 18 -17 -1 19 -12 -10 22 26 24 25 -24 27 28 -2 -30
right_child=21 2 -4 9 8 6 -8 -9 20 -11 13 12 -14 -15 -16 16 -18 -19 -20 -21 -22 -23 23 -25 -26 -27 -28 -29 29 -31
leaf_value=0.00016995006741222715 -7.2821698870341453e-05 -0.00024665436049167851 0.00024151489251521274 -0.00071200374644482187 -2.5629848395253286e-05 -0.0010078175257759365 -0.00034225359063006362 -0.0022819059864207349 -0.00013414702614358254 9.5310814418806544e-05 -0.001674062511468022 -0.0031510126286909204 -0.0043698235071953032 -0.00039352564115544485 0.00064998014158208707 -0.0031111326383591559 -0.00047292618051246932 -0.00014602306102405593 -0.00087094907319916872 0.00050974744830191291 0.00019488798388944131 1.3819197220474311e-06 -0.00087553014746814817 3.3336862503303981e-05 0.00022331190391542896 -0.0017381135217066066 5.8166669788719752e-05 0.00035227312802031956 -0.00082954586075386987 -0.0019982094736565579
leaf_weight=2867.0706104040146 468.32292401790619 2758.0205868706107 1140.3377774730325 60.067761018872261 26837.422271750867 155.5299059599638 397.27252827584743 59.595652043819427 1649.1204780563712 202.02607734501362 9.1039890795946103 32.542372994124889 3.2463154569268218 413.40527854114771 28.696097321808338 10.475628763437273 5.7662319093942633 25366.034582354128 45.074655689299107 3.9127699807286254 12515.031545527279 265013.96830093861 1022.7732188105583 15003.954122491181 674.10306519269943 16.254578769207001 24809.143516395241 5982.8166617751122 58.705433785915375 17.222347378730774
leaf_count=33422 588 17499 7065 705 106749 988 2143 374 15760 1962 35 385 36 1967 144 38 39 270801 208 29 119612 618080 1268 36832 834 20 65807 7516 74 21
internal_value=6.2073e-06 -6.42983e-05 -0.00047627 -0.000751349 -3.6502e-05 -0.000174866 -0.00193333 -0.00505454 6.084e-05 -0.00172482 -0.00233161 -0.00627033 -0.011802 -0.00160053 -0.00421879 -0.00601247 -0.0130825 -0.000136723 -0.00403575 -0.010612 0.000268904 2.29988e-05 0.000132843 -4.89576e-05 -0.00103785 -0.00203359 0.00022983 0.000637821 -0.000988212 -0.00475957
internal_weight=387627 74559.8 4712.68 3572.34 69847.1 28845.5 612.398 215.126 41001.6 814.317 612.291 95.8564 35.7887 516.435 103.029 74.3333 16.2419 28233.1 58.0914 13.0168 14164.2 313067 48053.3 16717.1 1713.13 1039.03 31336.2 6527.07 544.251 75.9278
internal_count=1311001 579961 30112 23047 549849 307728 3505 1362 242121 5548 3586 1126 421 2460 493 349 77 304223 272 64 135372 731040 112960 38954 2122 1288 74006 8199 683 95
is_linear=0
shrinkage=0.05


Tree=210
num_leaves=31
num_cat=0
split_feature=6 1 18 1 10 8 0 7 8 1 18 10 7 0 4 18 10 10 0 7 4 0 7 10 10 10 1 0 0 1
split_gain=0.456777 0.348977 0.396253 0.34855 0.339338 0.379816 0.668522 0.462122 1.00719 0.512685 0.364403 0.357189 0.294326 0.319903 0.465333 0.437951 0.687193 0.394215 0.742315 0.695592 0.561924 1.04207 1.08652 0.929814 0.900044 0.801785 0.476995 0.381412 0.383098 0.335118
threshold=-0.9159756150367534 13074.000000000002 1.0708333333333335 1924.5000000000002 0.0083147347355221144 1.0000000180025095e-35 149.50000000000003 2.6735537653587351 1.4978661367769956 3388.5000000000005 0.99583333333333346 4.6977331199400609 3.7012257604091228 49.500000000000007 2.5000000000000004 1.0625000000000002 0.0040779931159931546 4.6445538561955049 28.500000000000004 3.5972184255501678 3.5000000000000004 35.500000000000007 2.8029010331479989 0.040486699357039899 0.0095776392541581917 1.7185517325253719 1717.5000000000002 37.500000000000007 44.500000000000007 268.50000000000006
decision_type=2 2 2 2 2 2 2 2 2 2 2 2 2 2 2 2 2 2 2 2 2 2 2 2 2 2 2 2 2 2
left_child=3 -2 -3 12 -5 6 -6 8 9 10 11 -7 13 14 -1 -16 -17 20 -19 26 21 -18 25 24 -22 -23 29 -25 -29 -20
right_child=1 2 -4 4 5 7 -8 -9 -10 -11 -12 -13 -14 -15 15 16 17 18 19 -21 23 22 -24 27 -26 -27 -28 28 -30 -31
leaf_value=-1.3005357526768568e-05 5.3530991927897016e-06 0.00051899107223764014 0.004374302338905566 -0.00080813293230348054 0.00016582884952451304 -0.0051678090269517019 -0.0037199166840317767 -0.00038457093456843174 0.00023324565126116027 -0.0023510215305898559 0.0046364504978021982 -0.00042548238416363073 1.7214235087954083e-05 -1.9585912962052921e-05 -0.00028352303341918353 0.0015349102634522921 0.0021712235309395223 -0.00094049153844448583 -0.0011593735988989565 -0.0031200922821411738 -0.00058185435762184233 -0.0014394071347424598 0.0021139331344317432 -0.0021805122936970137 -0.0032001889959703809 -0.0031496200399836432 -0.0025074319463751688 0.0037365566935496242 -0.00075688598893695544 0.0011502330978913691
leaf_weight=3388.045539945364 321362.38496590778 2102.2218956872821 221.96866364777088 647.59556137025356 4347.7918725721538 4.6244423463940638 8.0156305469572526 11912.645700287074 44.999442905187607 16.83744166046381 6.3025403767824164 7.9024098105728626 27790.635345567018 11521.831344515085 3577.117352258414 44.668269917368889 48.536068879067898 30.813516080379486 23.360178470611572 23.980688691139221 29.019641779363155 29.784744441509247 19.70288610458374 25.89415580034256 20.272132337093353 32.551132380962372 18.610480785369873 21.137867033481598 18.171421766281128 220.56762735545635
leaf_count=11029 1089366 7624 239 2246 14174 24 21 40219 136 58 13 37 95141 36833 13012 50 53 33 25 26 32 32 21 28 22 35 20 23 20 239
internal_value=-1.08416e-05 1.32726e-05 0.000623747 -0.000133028 -0.000327004 -0.00028254 0.000117354 -0.000427776 -0.00419947 -0.010475 -0.00480632 -0.00974011 -6.27076e-05 -0.000213844 -0.000466296 -0.000818998 -0.00206072 -0.00253482 -0.00137149 -0.000578441 -0.00404116 -0.0017992 -0.00523488 -0.00659798 -0.0117803 -0.00846988 0.000166128 -0.00268032 0.000423416 0.000754807
internal_weight=387568 323687 2324.19 63881.4 16996.7 16349.1 4355.81 11993.3 80.6663 35.6668 18.8294 12.5269 46884.7 19094.1 7572.23 4184.19 607.071 562.403 317.332 286.519 245.07 130.575 82.0388 114.495 49.2918 62.3359 262.538 65.2034 39.3093 243.928
internal_count=1310831 1097229 7863 213602 56928 54682 14195 40487 268 132 74 61 156674 61533 24700 13671 659 609 343 310 266 141 88 125 54 67 284 71 43 264
is_linear=0
shrinkage=0.05


Tree=211
num_leaves=31
num_cat=0
split_feature=1 16 10 7 18 0 16 0 17 8 7 16 1 3 8 0 1 7 10 17 9 17 16 16 17 8 5 1 8 8
split_gain=0.248008 0.436604 0.319542 0.367047 0.753227 0.346224 0.510801 0.59839 0.282021 0.368151 0.640169 0.237111 0.753725 0.589554 0.559178 0.423964 0.631212 1.15241 0.545208 0.397841 0.360391 0.359727 0.270335 0.48683 0.630155 0.675068 0.627461 0.976322 0.710891 0.725193
threshold=8480.5000000000018 0.68333810207629286 7.8955972737305267 10.113667430069365 1.0458333333333336 69.500000000000014 0.74468638834487166 65.500000000000014 0.64991817661828988 4.1971736807086968 6.4559841094561436 0.91167763378283551 2678.5000000000005 1.0000000180025095e-35 7.7395768305489003 80.500000000000014 234.50000000000003 3.4811217321331038 4.4298085208830411 0.79078431376826119 0.89587973461402759 0.66237379509048522 0.93504912530908568 0.9461910594647257 0.66383823997485858 5.7021130240234443 0.25881904510252091 675.50000000000011 2.6735537653587351 1.0000000180025095e-35
decision_type=2 2 2 2 2 2 2 2 2 2 2 2 2 2 2 2 2 2 2 2 2 2 2 2 2 2 2 2 2 2
left_child=11 -2 -3 5 -5 6 7 8 -4 10 -10 -1 13 14 15 20 17 -17 -19 -20 -13 -16 -15 24 25 26 27 -24 29 -29
right_child=1 2 3 4 -6 -7 -8 -9 9 -11 -12 12 -14 22 21 16 -18 18 19 -21 -22 -23 23 -25 -26 -27 -28 28 -30 -31
leaf_value=-1.1794837701414179e-05 0.014282795183359648 0.00010701031810717299 0.057182503163652615 0.0017727934526251849 -0.009268924536459824 0.0056571671667641436 0.0028389915963952976 -0.010680444690361843 -0.0014390678818972298 0.00033792547400459121 -0.0082695943085620699 0.001103303130881253 0.0038098200665223738 0.00018014345019346583 -0.0016784053469293438 0.002476398293905631 0.00043942084375960536 -0.0040800395372126378 -0.0038464924578402678 -0.0026501449605167374 0.0057979890234999415 -0.00082091675439029685 0.00080953820263373959 -5.7659801895496028e-06 -0.00034206211151778038 0.0008645311899467753 -0.0020314152900276681 -0.0027584675060134956 -0.0021690360536487244 0.0011758385341545663
leaf_weight=373599.40368678793 197.41696707159281 5914.3298915028572 14.115392029285429 37.073870129883289 11.320825301110743 349.76523211225867 430.29374601319432 9.1963014230132085 21.263689912855625 42.867939002811909 11.528635233640669 1539.1853806078434 474.66921977698803 2145.5239200219512 4.5610715746879604 32.073416471481323 325.36305411159992 6.4977968782186535 9.0329059362411517 11.454514183104036 209.44134437292814 11.984411559998987 58.697381675243378 1342.37020098418 582.40873862802982 28.080964148044586 73.252103626728058 18.291348695755005 32.753858327865601 23.773153126239777
leaf_count=1262967 537 20172 18 135 14 1073 1443 24 53 110 24 5247 1744 7887 6 103 1115 20 14 60 761 52 73 4533 2430 34 92 22 39 29
internal_value=-1.0444e-05 0.000283633 0.000216743 0.00107965 -0.00315965 0.00131304 0.000506368 -0.00273244 -0.00148812 -0.00269856 -0.00668632 -1.5884e-05 0.000273922 0.00013251 0.000808762 0.000879786 -0.000623628 -0.00537913 -0.0129936 -0.00899115 0.0012103 -0.0083477 -0.000205147 -0.000600062 -0.00156218 -0.0037486 -0.0047365 -0.00269633 -0.00648342 -0.00218271
internal_weight=387568 7039.17 6841.76 927.426 48.3947 879.031 529.266 98.972 89.7757 75.6603 32.7923 380529 6929.41 6454.75 2149.59 2133.05 384.422 59.0586 26.9852 20.4874 1748.63 16.5455 4305.15 2159.63 817.258 234.849 206.768 133.516 74.8184 42.0645
internal_count=1310831 23603 23066 2894 149 2745 1672 229 205 187 77 1287228 24261 22517 7378 7320 1312 197 94 74 6008 58 15139 7252 2719 289 255 163 90 51
is_linear=0
shrinkage=0.05


Tree=212
num_leaves=31
num_cat=2
split_feature=6 17 16 9 16 17 0 0 0 5 17 17 0 10 17 0 2 0 8 3 16 8 2 0 16 0 18 10 10 17
split_gain=0.403858 0.391742 0.554746 0.94052 0.601561 1.00043 0.714037 0.586374 0.603807 0.708539 1.26111 0.568863 0.541379 0.506387 0.446793 0.432645 0.439258 0.405109 0.39099 0.891784 1.16249 2.3134 0.624672 0.512241 0.654642 0.766999 0.500666 0.419127 1.00029 0.531401
threshold=-0.9159756150367534 0.65641077446366225 0.76386542164760074 1.4978661367769956 0.76314558284360301 0.64991817661828988 52.500000000000007 106.50000000000001 118.50000000000001 0.25881904510252091 0.65090371963234628 0.6544711875884256 109.50000000000001 5.6357330754872352 0.6484252398823479 90.500000000000014 0 112.50000000000001 2.6735537653587351 1.0000000180025095e-35 0.70870188235304732 5.0205801788306017 1 94.500000000000014 0.66451488603447284 97.500000000000014 1.0458333333333336 3.1220594398583335 2.1897638479828503 0.6484252398823479
decision_type=2 2 2 2 2 2 2 2 2 2 2 2 2 2 2 2 1 2 2 2 2 2 1 2 2 2 2 2 2 2
left_child=1 2 3 4 18 6 -6 11 9 12 17 15 -9 -8 -14 -4 -17 -11 23 20 -20 -22 -21 27 -25 -26 -27 28 -1 -30
right_child=-2 -3 7 -5 5 -7 13 8 -10 10 -12 -13 14 -15 -16 16 -18 -19 19 22 21 -23 -24 24 25 26 -28 -29 29 -31
leaf_value=-0.00055609228578867441 7.6733083055398342e-06 -9.4489040335372232e-05 9.1158170900251115e-05 0.0010980880685250675 -0.0036107381559591189 0.00087555263651181855 0.0024041666739950808 -0.001309082129265548 6.2574843726508067e-05 0.0010765976091472959 -0.0031315569437033643 0.00070185844552541558 -0.0029857141561724326 -0.0020634114865846647 0.0012656030921058021 0.0013313419967192896 -9.1258642583115505e-06 -0.0035894607089672114 0.002309474198078042 0.0048501376033782059 -0.0036440203091121213 -0.0042256481969294357 -0.0020153366945452208 -0.0087845998987130473 -0.0055932021287982969 -0.0039568504879275313 0.0034577185210426342 0.0004322990692136625 -0.0028840844770939194 -0.0032367815313727845
leaf_weight=476.0014306306839 323686.57552524284 50041.348411038518 8676.0824776887894 666.89195424318314 23.200486481189728 41.097057938575745 15.670275807380674 38.725474655628204 233.1870374083519 16.257738530635834 18.204830586910248 358.48849058151245 29.83491450548172 18.357427716255188 52.048166394233704 292.3629999756813 205.67164939641953 18.69690477848053 58.807971000671387 174.85398495197296 93.433172464370728 19.012638688087463 573.58966141939163 16.757093966007233 22.167939603328705 39.93217146396637 139.24391621351242 1468.167738199234 27.295324623584747 26.026095032691956
leaf_count=601 1097229 196095 10953 844 29 52 20 49 295 21 23 480 37 23 68 369 260 23 75 222 117 24 722 21 28 56 171 1856 34 34
internal_value=-9.92157e-06 -0.000124812 0.000110627 -0.000394699 -0.000747295 -0.00459828 -0.00887224 0.000308928 -0.00154976 -0.00378083 -0.00858995 0.000388276 -0.00166116 -0.00426058 0.000642579 0.000311924 0.00174506 -0.00303223 -0.000626524 -0.00149316 -0.00474805 -0.0077272 -0.000748398 -0.000266782 -0.00256757 -0.0017773 -0.000691824 -1.55648e-05 -0.00122179 -0.00771598
internal_weight=387568 63881.4 13840.1 3900.51 3233.61 98.3252 57.2282 9939.56 406.955 173.768 53.1595 9532.61 120.609 34.0277 81.8831 9174.12 498.035 34.9546 3135.29 919.697 171.254 112.446 748.444 2215.59 218.101 201.344 179.176 1997.49 529.323 53.3214
internal_count=1310831 213602 17507 4929 4085 124 72 12578 516 221 67 12062 154 43 105 11582 629 44 3961 1160 216 141 944 2801 276 255 227 2525 669 68
cat_boundaries=0 1 2
cat_threshold=13 1
is_linear=0
shrinkage=0.05


Tree=213
num_leaves=31
num_cat=0
split_feature=16 1 3 8 1 0 8 8 17 17 10 8 1 16 16 17 0 8 8 5 17 1 17 0 1 8 9 10 5 16
split_gain=0.214175 0.669877 0.512891 0.552751 0.371639 0.468608 0.576705 0.644373 0.548303 0.359727 0.325388 0.43078 0.811834 0.245859 0.432357 0.561575 0.643815 0.648848 0.855913 0.481449 0.674804 0.497245 0.409 0.411829 0.347377 0.342534 0.544633 0.52398 0.350084 0.479928
threshold=0.91167763378283551 2678.5000000000005 1.0000000180025095e-35 7.7395768305489003 234.50000000000003 79.500000000000014 1.7005986908310777 2.8029010331479989 0.73245799793552135 0.66237379509048522 4.5932514782278071 1.0000000180025095e-35 221.50000000000003 0.93504912530908568 0.9461910594647257 0.66383823997485858 88.500000000000014 3.795426061844291 3.1984648276080736 0.25881904510252091 0.65641077446366225 1191.5000000000002 0.6544711875884256 38.500000000000007 1171.5000000000002 6.3534997185584592 1.0000000180025095e-35 6.3532720516638044 0.60355339059327384 0.97182285662211954
decision_type=2 2 2 2 2 2 2 2 2 2 2 2 2 2 2 2 2 2 2 2 2 2 2 2 2 2 2 2 2 2
left_child=-1 2 3 4 5 10 8 -8 -7 -5 11 -2 -13 22 15 16 17 18 19 21 -21 -15 -4 -24 -17 27 -27 -16 -28 -30
right_child=1 -3 13 9 -6 6 7 -9 -10 -11 -12 12 -14 14 25 24 -18 -19 -20 20 -22 -23 23 -25 -26 26 28 -29 29 -31
leaf_value=-8.9271231038662302e-06 -0.0013745347701989382 0.0035906421531777702 0.0017788838972493289 -0.0015948687449981538 0.0018712319777958453 -0.003723985458518487 -0.0032476508077961697 -0.002256426782645799 0.0053310243721995144 -0.00078025458208605891 0.0011568287109113688 -0.00057973537277300827 -0.004774098460533221 0.0016953782650133741 -0.00072968875967694552 -0.00050856091795974286 -0.0032962674052375604 0.00077378574451882108 -0.001607953832982834 -0.0026840159438296044 4.9087760361478388e-06 -0.0026209277961280978 -0.0010980376053286323 0.00013465611635118079 0.0013033848978383389 -0.0041536800003335473 -0.00023192546853473915 0.0012522711976591203 -0.0024148953281881132 -0.0014893269122866039
leaf_weight=380588.22807155177 108.17169097065926 525.01732474565506 332.22442382574081 4.5610715746879604 1770.8142704442143 17.64692223072052 8.2217632606625575 9.4284301921725255 26.26058641076088 11.984411559998987 163.78999830037355 20.769959539175037 7.9447912126779547 57.817663311958313 501.90620915591717 413.18206450343132 23.434713363647461 60.438848793506622 22.922736406326294 30.1382737159729 18.900300562381744 21.196273446083069 292.75393199920654 1520.5455641970038 169.2266741245985 8.3009602800011617 81.98176746815443 728.73964505642653 12.089022919535637 9.35259610414505
leaf_count=1286389 322 1925 422 6 6119 25 28 38 114 52 590 66 18 72 1692 1697 28 73 27 39 24 26 1250 6215 733 20 307 2439 38 37
internal_value=-9.53242e-06 0.000264933 0.000125234 0.000755987 0.000826602 -0.000632623 -0.00460718 -0.0122403 -0.00153879 -0.0083477 0.000181091 -0.00161813 -0.00706218 -0.000189706 -0.000566319 -0.00147301 -0.00353703 -0.00266543 -0.00441801 -0.00282518 -0.00671683 -0.000409892 0.000189384 -0.000106108 -0.000640719 -1.43117e-05 -0.00266512 0.000226342 -0.0016761 -0.00736432
internal_weight=387568 6979.76 6454.75 2149.59 2133.05 362.234 61.5577 17.6502 43.9075 16.5455 300.676 136.886 28.7148 4305.15 2159.63 817.258 234.849 211.414 150.975 128.053 49.0386 79.0139 2145.52 1813.3 582.409 1342.37 111.724 1230.65 103.423 21.4416
internal_count=1310831 24442 22517 7378 7320 1201 205 66 139 58 996 406 84 15139 7252 2719 289 261 188 161 63 98 7887 7465 2430 4533 402 4131 382 75
is_linear=0
shrinkage=0.05


Tree=214
num_leaves=31
num_cat=0
split_feature=8 9 9 1 9 0 1 0 9 9 8 10 10 10 10 4 16 16 16 16 0 9 10 8 16 1 16 1 16 16
split_gain=0.197584 0.550683 1.06433 0.788766 0.711137 0.564562 0.510641 0.873784 0.36195 0.339915 0.442731 0.309533 0.303535 0.32788 0.385787 0.891936 0.355584 0.258505 0.477994 0.518588 1.24779 0.243496 0.475339 0.392893 0.233249 0.306346 0.334782 0.288214 0.562101 0.481681
threshold=8.336749862461053 7.3898646841164828 5.8304140474468626 576.50000000000011 7.3078404356339739 121.50000000000001 696.50000000000011 66.500000000000014 6.0810760527360186 9.1577379747513508 7.3849206531217746 7.6356794924471805 7.8834697857258513 7.7709141262221211 7.7977218626321037 3.5000000000000004 0.70870188235304732 0.69056601514900129 0.7301030753069494 0.76386542164760074 64.500000000000014 2.8029010331479989 7.8588067732183537 8.806355825888863 0.85570644998864431 4123.5000000000009 0.80053615053700111 5086.5000000000009 0.78032535351180055 0.75883232982744986
decision_type=2 2 2 2 2 2 2 2 2 2 2 2 2 2 2 2 2 2 2 2 2 2 2 2 2 2 2 2 2 2
left_child=9 2 5 8 6 12 7 -5 -4 -1 -11 -8 13 16 15 -15 -2 -13 -19 20 -20 -16 23 -23 25 -14 27 28 -27 -29
right_child=1 -3 3 4 -6 -7 11 -9 -10 10 -12 17 24 14 21 -17 -18 18 19 -21 -22 22 -24 -25 -26 26 -28 29 -30 -31
leaf_value=-3.7183732380503129e-06 -0.0022005058796704647 0.00090401012837675043 -0.00053409648112786136 -0.0014296485162959766 -0.0038498478851034233 -0.0026574554876919567 0.0065115254603709538 -0.0016475646037812338 0.001015683709098198 -0.0083158396706292641 -0.00098749949135051038 -0.0055708181031736475 0.00034660420588657025 -0.0015591727811536196 0.0041559912599893082 -0.0070513684025825781 -1.479067779136846e-05 0.0098709065409300425 -0.00013082199081239089 -0.0016632928151644221 -0.006065752148631396 -0.0023046440186754642 -0.002466054973707488 0.0011821366525653428 -0.00064372181268570929 -0.0036581507218352797 0.0010942690431792912 -0.0084726395293060423 -0.0049190398512297092 0.0052892030592415935
leaf_weight=385790.03850676119 12.95194538682699 174.73976534605026 6.7862195000052443 9.6736685559153575 6.7243232429027548 61.540511433035135 10.425894390791653 7.1393521912395945 36.030255168676376 5.4676233716309097 22.053157009184361 10.365645311772822 761.34641682729125 10.097294323146345 13.14806381985545 6.5917939618229857 229.86392325162888 14.711761392652987 12.559013999998571 151.66917309165001 11.884289979934691 9.9011062942445296 7.9599089100956908 15.342961214482782 93.159195072948933 8.9712796509265882 17.679643020033836 23.218268170952797 5.2435040399432173 20.70649653673172
leaf_count=1304642 32 669 21 33 26 190 46 24 107 19 86 31 2534 31 55 24 949 31 40 545 29 33 34 32 317 41 60 58 14 78
internal_value=-9.0516e-06 -0.000539069 -0.0008344 -0.00364219 -0.0047787 -0.000232977 -0.00430695 -0.0126939 0.00259969 -6.64694e-06 -0.00556325 -0.0036406 -2.8856e-07 -0.00136673 -0.00457961 -0.0110981 -0.000532586 -0.00407591 -0.0036582 -0.00438147 -0.01114 -0.00223261 -0.00451304 -0.00115373 0.000448948 0.000713049 -0.00231785 -0.00415001 -0.0103384 -0.00214735
internal_weight=387568 1750.43 1575.69 277.97 235.153 1297.72 228.429 16.813 42.8165 385818 27.5208 211.616 1236.18 305.857 63.0411 16.6891 242.816 201.19 190.824 176.112 24.4433 46.352 33.204 25.2441 930.325 837.166 75.8192 58.1395 14.2148 43.9248
internal_count=1310831 6084 5415 933 805 4482 779 57 128 1304747 105 722 4292 1190 209 55 981 676 645 614 69 154 99 65 3102 2785 251 191 55 136
is_linear=0
shrinkage=0.05


Tree=215
num_leaves=31
num_cat=0
split_feature=16 16 1 8 3 8 7 9 16 4 1 8 8 0 16 6 5 8 8 16 0 1 1 7 1 1 1 9 16 5
split_gain=0.36171 1.23429 0.583405 0.995634 0.615676 0.722724 0.703478 0.541004 0.501078 0.737402 0.770366 0.513304 0.703113 0.483453 0.47162 0.559367 0.464138 0.472148 0.505549 0.871854 1.04418 0.527884 0.626761 1.23594 0.50534 0.534178 0.458909 0.699311 0.667394 0.441592
threshold=0.76654570564470936 0.77026250544891328 326.50000000000006 6.936828408528867 1.0000000180025095e-35 3.0201273556387074 11.211588533200596 2.602003343538398 0.76640384685231278 3.5000000000000004 475.50000000000006 5.6852775618392517 5.8391860522696701 52.500000000000007 0.72123156168238733 0.60355339059327384 0.91597561503675362 7.6071329784297115 7.9008218325052129 0.70870188235304732 83.500000000000014 934.50000000000011 576.50000000000011 9.6597266625627505 1211.5000000000002 2876.5000000000005 3331.5000000000005 5.0906732680195743 0.76386542164760074 -0.5
decision_type=2 2 2 2 2 2 2 2 2 2 2 2 2 2 2 2 2 2 2 2 2 2 2 2 2 2 2 2 2 2
left_child=2 -2 3 -1 5 -4 8 -8 9 -6 11 -11 -13 -9 -15 26 17 24 19 -19 21 22 23 -21 -7 -26 27 28 -16 -27
right_child=1 -3 4 -5 6 16 7 13 -10 10 -12 12 -14 14 15 -17 -18 18 -20 20 -22 -23 -24 -25 25 29 -28 -29 -30 -31
leaf_value=-0.00031211343496288134 0.00070126072726871269 2.0586920421183237e-06 0.00069963709037420001 0.0006220056278243637 -0.00021264234079558519 -0.00070456565590940328 -0.0065490304634974687 0.00024387458635321616 -0.00021596967965481983 -0.00061022642111552077 0.00032932270337089067 -0.0034746055663943962 -0.0013432917304053678 0.00038412782480516943 -0.0046751729811891655 0.001333712812202631 0.0016758981165190508 0.0039905976209357345 -0.00050739165707146814 0.0021106780403731644 -0.0041532049700911348 -0.0082195105689388433 0.0056270711925824222 -0.0033233368152171491 0.0033726925338708083 -0.014937551412564188 -0.0094542656759960663 -0.0011254400724481559 -0.00027657272054197395 0.0022099955893255863
leaf_weight=7537.9666501097381 7755.3270931094885 279658.64661940187 10627.939572781324 199.62833625078201 36951.436265721917 3472.738326150924 4.4119340665638438 49.30231361463666 12511.120923001319 735.57196100801229 26500.221155233681 9.6849972829222661 87.983083076775074 34.967995725572109 13.162646502256395 20.663937598466873 536.54485062509775 19.693722784519196 112.24550175666809 8.6856566369533557 6.7161992937326422 8.5042676627635938 14.227567523717878 6.2314510829746714 504.45652440190315 13.337734993547203 8.0665131099522096 27.698855102062225 5.9365372546017161 13.910176858305929
leaf_count=30575 20793 843281 40481 879 92395 13947 18 254 192935 1856 66505 23 237 89 30 107 2171 52 430 42 21 42 53 22 2012 48 24 173 70 54
internal_value=-7.23945e-06 2.12627e-05 -8.91234e-05 -0.000506158 -5.41651e-05 0.000235022 -0.000111827 -0.00338095 -0.000104836 -4.84924e-05 0.000148403 -0.00134856 -0.00475428 -0.00290408 -0.00474112 -0.00696378 -0.000280026 -0.0004577 -0.00299004 -0.00653421 -0.0104206 -0.00718076 -0.00398258 -0.0111434 -0.000346208 0.00108925 -0.00960451 -0.00770598 -0.0150666 -0.00572978
internal_weight=387457 287414 100043 7737.59 92305.5 15345.2 76960.2 164.211 76796 64284.9 27333.5 833.24 97.6681 159.799 110.496 75.5285 4717.29 4180.75 176.304 64.0589 44.3651 37.6489 29.1447 14.9171 4004.44 531.704 54.8646 46.798 19.0992 27.2479
internal_count=1309619 864074 445545 31454 414091 59375 354716 765 353951 161016 68621 2116 260 747 493 404 18894 16723 662 232 180 159 117 64 16061 2114 297 273 100 102
is_linear=0
shrinkage=0.05


Tree=216
num_leaves=31
num_cat=2
split_feature=0 2 7 10 8 18 7 7 17 0 18 5 0 17 2 10 17 8 8 7 17 0 10 0 10 18 10 10 8 7
split_gain=0.289606 0.417104 0.284326 0.429872 0.519926 0.725592 0.429275 0.374742 0.360169 0.358634 0.724197 0.920684 0.93254 0.358112 0.342886 0.649444 0.700512 0.700206 0.971168 0.533035 0.809741 0.552434 0.5336 0.400863 0.663156 0.389427 0.342087 0.607888 0.559992 0.526136
threshold=67.500000000000014 0 6.0602900572549077 7.7709141262221211 5.6716020950760067 1.029166666666667 6.938769215029235 7.0854828791590796 0.64607191580427192 108.50000000000001 1.0625000000000002 1.0000000180025095e-35 120.50000000000001 0.65721354409355948 1 7.1082777284559278 0.64991817661828988 3.0677824455408698 3.5694334999727624 6.9142341216891241 0.79050730550139992 118.50000000000001 7.9292096708947346 79.500000000000014 7.8225641747821397 0.99583333333333346 7.2846924547368088 7.2370010984580881 2.9174053685313028 6.7159890799278301
decision_type=2 1 2 2 2 2 2 2 2 2 2 2 2 2 1 2 2 2 2 2 2 2 2 2 2 2 2 2 2 2
left_child=-1 -2 3 -3 -5 -6 14 8 -8 -9 -11 12 -12 -10 26 -16 17 -17 -19 21 -21 -18 -23 -20 -25 -24 27 29 -29 -4
right_child=1 2 6 4 5 -7 7 9 13 10 11 -13 -14 -15 15 16 19 18 23 20 -22 22 25 24 -26 -27 -28 28 -30 -31
leaf_value=-1.8149318359927252e-05 9.575459669270911e-05 -2.4698755909247085e-05 -0.00010004191303516902 0.0006786222382359424 -0.00056284434160761389 -0.0044492304467334568 -0.0009154585647845187 -1.8466954881400657e-05 0.0030967293745590829 -0.0005689003566175931 -0.0026893517155128681 -0.00068061857749888435 -0.0039613467351041721 0.00045086323124020892 3.0462346103637616e-05 0.00074660685676994083 -0.00059908979389749399 -0.0049920800657635191 -0.00076507083060628521 -0.0030693975122387399 -0.00043595116223542308 -0.0021946911009258071 -0.0024815756340245258 -0.0035627107986174961 -0.0014034836358742453 -0.0034001315002419779 0.00014254276843728432 -0.003348112799112575 -0.002432581727163353 -0.0014041414270477761
leaf_weight=268394.81977403909 74821.150065440685 31063.018548902124 821.80982122942805 2577.6897135972977 48.13956056907773 16.275366842746735 9.0671055316925031 5477.4828385561705 110.11912357807159 472.96778121590614 23.551983773708344 20.694596610963345 23.261775493621826 426.87614547461271 511.64038557186723 36.053181827068329 824.14711791276932 21.506047904491425 41.87826544046402 7.0445804595947292 10.068600550293921 22.189696811139584 6.8671133406460267 19.087657690048218 17.442363619804382 6.3928236961364746 1398.1957033239305 6.275768779218196 40.253900799900293 181.06196114048362
leaf_count=911665 250716 102294 3063 7938 190 20 11 19229 141 1749 25 23 25 1748 1881 45 3005 27 53 10 52 93 33 24 22 12 4697 16 143 669
internal_value=-6.81441e-06 5.80882e-05 -6.36136e-05 7.24071e-06 0.000619504 -0.00381748 -0.000290341 -4.20758e-05 0.00121209 -0.000155877 -0.00138466 -0.00622913 -0.0101114 0.00137895 -0.000700627 -0.00128693 -0.00202895 -0.00536823 -0.00752361 -0.00151107 -0.0102489 -0.00133712 -0.00744878 -0.00494193 -0.00876979 -0.0153843 -0.000328888 -0.00101254 -0.00659941 -0.00075333
internal_weight=387457 119062 44241.1 33705.1 2642.1 64.4149 10535.9 6564.02 546.062 6017.96 540.476 67.5084 46.8138 536.995 3971.91 1524.32 1012.68 135.968 99.9143 876.71 17.1132 859.597 35.4496 78.4083 36.53 13.2599 2447.6 1049.4 46.5297 1002.87
internal_count=1309619 397954 147238 110442 8148 210 36796 22951 1900 21051 1822 73 50 1889 13845 5257 3376 171 126 3205 62 3143 138 99 46 45 8588 3891 159 3732
cat_boundaries=0 1 2
cat_threshold=11 16
is_linear=0
shrinkage=0.05


Tree=217
num_leaves=31
num_cat=1
split_feature=16 16 10 10 10 0 17 4 17 6 5 0 18 2 7 3 6 10 6 5 0 0 10 17 0 0 7 5 10 9
split_gain=0.319982 1.10328 0.483256 0.67337 0.609743 0.46169 0.557989 0.513184 0.659662 0.453094 0.438729 0.762093 1.05845 0.550183 0.766267 0.564085 0.717093 0.560902 0.764629 0.861061 0.507369 0.50379 0.449172 1.04212 1.29566 0.66583 0.900767 0.823041 1.29185 1.40186
threshold=0.76654570564470936 0.77026250544891328 5.8568961415879626 1.0914388665473447 0.0089048174978050443 85.500000000000014 0.64607191580427192 4.5000000000000009 0.67112732600106184 -0.60355339059327384 -1.0000000180025095e-35 135.50000000000003 1.0791666666666668 0 4.6101453514146771 1.0000000180025095e-35 1.0000000180025095e-35 8.1072308966856976 1.0000000180025095e-35 0.78656609248549325 95.500000000000014 141.50000000000003 6.3297016685451188 0.65641077446366225 102.50000000000001 107.50000000000001 5.9414853139235673 -0.78656609248549292 7.6223308322881023 2.9700856263602158
decision_type=2 2 2 2 2 2 2 2 2 2 2 2 2 1 2 2 2 2 2 2 2 2 2 2 2 2 2 2 2 2
left_child=2 -2 3 4 -1 -4 -7 8 10 -9 11 22 21 14 15 -12 -17 18 19 -16 -15 -13 23 -8 -25 -24 -27 28 -28 -30
right_child=1 -3 5 -5 -6 6 7 9 -10 -11 13 12 -14 20 17 16 -18 -19 -20 -21 -22 -23 25 24 -26 26 27 -29 29 -31
leaf_value=-0.00020552982928160048 0.00066710515682327223 2.2476879411675866e-06 5.2060620235690193e-05 -0.00029805499240145725 0.00040744731019204329 0.0032657516240394511 -0.00079021088713392704 -0.00093592976471198748 -0.00024875008052107836 0.0013086825903569105 0.0038513589439168219 -0.0058372860072040157 -0.0067082302138319078 -0.0011738020937797384 -0.0033412830468584481 -0.0022925940563873026 0.0045278774085017503 0.00059123925997549721 -0.00016566754387392982 -0.0033798240869851617 0.00096196952131011044 0.00054188516082523332 -0.00038742904242701617 -0.0066693885144441635 0.001566394334212344 -0.00029099131538028872 -0.007095375978654006 -0.0013000679132523689 -0.0064719832129315541 0.0016280296089148012
leaf_weight=6058.2313105911016 7755.3270931094885 279658.64661940187 55348.324316438287 22879.031939599663 7040.2480284273624 255.34888535737991 79.236526846885681 809.66221029311419 3517.0301692821085 1251.9826304093003 87.071236312389374 22.804792881011963 26.687766790390015 463.33429950475693 34.356785893440247 24.577944457530975 16.517508447170258 24.437447667121887 25.945748805999756 17.142158329486847 682.29699087142944 44.719699442386627 931.53621166944504 39.909115254878998 20.52978128194809 171.4164280295372 15.297221064567564 94.435917019844055 41.915616750717163 19.026969492435455
leaf_count=28808 20793 843281 238177 110661 32676 312 100 3095 23193 4919 113 32 28 594 44 33 21 31 34 21 874 61 1201 52 26 219 20 122 54 24
internal_value=-6.52505e-06 2.02827e-05 -8.35412e-05 -0.000230184 5.56995e-05 -1.19021e-06 -0.000339408 -0.000408899 -0.000629894 0.000277164 -0.00119053 -0.00177973 -0.00613392 -0.000544875 -0.00271986 -0.000265258 -0.00509357 -0.00607469 -0.00815868 -0.0116851 -8.36551e-05 -0.00280214 -0.00148947 -0.00418113 -0.00912621 -0.00119429 -0.0030808 -0.00565205 -0.00951636 -0.00625551
internal_weight=387457 287414 100043 35977.5 13098.5 64065.5 8717.22 8461.87 6400.23 2061.64 2883.2 1507.52 94.2123 1375.68 230.049 128.167 41.0955 101.882 77.4447 51.4989 1145.63 67.5245 1413.3 139.675 60.4389 1273.63 342.092 170.676 76.2398 60.9426
internal_count=1309619 864074 445545 172145 61484 273400 35223 34911 26897 8014 3704 1939 121 1765 297 167 54 130 99 65 1468 93 1818 178 78 1640 439 220 98 78
cat_boundaries=0 1
cat_threshold=4
is_linear=0
shrinkage=0.05


Tree=218
num_leaves=31
num_cat=0
split_feature=1 7 4 9 16 16 1 8 3 8 1 10 7 8 7 8 10 10 16 7 5 7 4 1 8 7 7 4 8 1
split_gain=0.327887 0.322908 0.323973 0.335978 0.311534 1.03237 0.464686 0.975085 0.520078 0.705546 0.651589 0.477898 0.538289 0.526233 0.573079 0.459628 0.551961 0.389157 0.742902 0.472252 0.601699 0.567873 0.412413 0.421161 0.866699 0.405464 0.680325 0.648538 1.16212 1.18902
threshold=10898.500000000002 9.8578885326594694 2.5000000000000004 4.1510089048756029 0.76654570564470936 0.77026250544891328 380.50000000000006 6.9980528126162644 1.0000000180025095e-35 7.6071329784297115 1171.5000000000002 7.5945810933342663 11.211588533200596 1.7005986908310777 3.7012257604091228 2.740319461670996 5.8568961415879626 7.4212171186186024 0.715355920334797 9.3458759809388088 0.37940952255126054 8.0890222339997777 1.5000000000000002 371.50000000000006 4.0342014792848504 5.040188859666439 5.0594204191876377 4.5000000000000009 4.945201156493737 246.50000000000003
decision_type=2 2 2 2 2 2 2 2 2 2 2 2 2 2 2 2 2 2 2 2 2 2 2 2 2 2 2 2 2 2
left_child=4 -2 3 -3 6 -6 7 17 9 10 15 13 -13 14 -10 -8 -17 -1 19 21 -21 22 -19 -24 -25 -20 -27 -28 29 -29
right_child=1 2 -4 -5 5 -7 8 -9 11 -11 -12 12 -14 -15 -16 16 -18 18 25 20 -22 -23 23 24 -26 26 27 28 -30 -31
leaf_value=-0.00017795316901121974 0.00064870822014004574 -0.0084855584531000876 -0.00031482192156471469 -0.0027323183908172181 0.00064236240946856935 5.2567967399191895e-08 0.00058463870185229976 0.00062571422853280952 -0.00014311128046519685 -0.0020201887410708809 0.0026511956043009546 0.00016859340846742609 -0.0013455277218862459 -0.00035147749548215747 0.00037804644533228628 -0.0016895741477298471 -0.00014855400860107616 -0.00022111051706286881 0.00058898479673972571 -0.0019195734965295323 6.6941445949543496e-05 0.0019130441351486748 -0.0019948022225834273 -6.4217279334477521e-06 -0.005081840875616664 -0.0031102875340691901 -0.00023140751181054687 -0.0019047490609472536 0.00081092908864189228 -0.0020466714934294929
leaf_weight=7767.0381802991033 4138.7650756090879 5.1749925278127176 39.679826706647873 6.5076771080493927 7633.4406797736883 277026.37087716907 7669.3289044462144 274.63064450025558 22850.901921793818 178.09530409798026 1936.5331798382103 21865.932935558259 154.68210620060563 23494.832689955831 6049.3743811920285 389.46622120961547 3436.9661122560501 129.14644961059093 651.01222742721438 15.000040136277677 10.456877678632734 81.908450745046139 490.79820714890957 14.82790030539036 9.9739464521408063 4.2397231049835673 1035.3026248589158 20.219512160867453 36.562402911484241 39.859296940267086
leaf_count=32424 13798 21 138 20 20430 835197 29373 1222 103148 687 7416 90687 722 120225 28932 1923 13447 315 2652 35 23 214 1184 40 28 15 4898 77 153 175
internal_value=-5.83182e-06 0.000434072 -0.00350604 -0.0108244 -1.06411e-05 1.58904e-05 -8.72327e-05 -0.000400301 -4.96011e-05 0.00023458 0.000276032 -0.000101577 9.38731e-05 -0.000183721 -4.08482e-05 0.000133102 -0.000314494 -0.000478653 -0.00101599 -0.00233432 -0.00902819 -0.00209981 -0.00259801 -0.0032309 -0.00958783 -0.000461198 -0.00103127 -0.000956391 -0.00487361 -0.00915093
internal_weight=387457 4190.13 51.3625 11.6827 383267 284660 98607.1 10581 88026.1 13610.4 13432.3 74415.7 22020.6 52395.1 28900.3 11495.8 3826.43 10306.3 2539.31 752.112 25.4569 726.655 644.747 515.6 24.8018 1787.2 1136.18 1131.94 96.6412 60.0788
internal_count=1309619 13977 179 41 1295642 855627 440015 43455 396560 52846 52159 343714 91409 252305 132080 44743 15370 42233 9809 1839 58 1781 1567 1252 68 7970 5318 5303 405 252
is_linear=0
shrinkage=0.05


Tree=219
num_leaves=31
num_cat=0
split_feature=0 1 16 8 8 16 17 1 1 10 7 7 4 10 17 16 0 17 8 1 17 8 7 10 7 8 16 8 7 3
split_gain=0.259997 0.639971 0.621925 0.532342 0.664019 0.813132 0.770827 0.67526 0.881436 0.999275 0.482136 1.48426 0.452091 0.513682 0.438268 0.466152 0.427489 0.42187 0.814641 0.556461 0.670149 1.357 1.02531 0.443298 0.748612 1.10971 0.403579 0.628558 0.547789 0.526814
threshold=67.500000000000014 675.50000000000011 0.92481023624323644 8.1059111524599299 4.0517471391904856 0.80263627494539491 0.68761242875147521 475.50000000000006 504.50000000000006 7.7581550303642528 3.4811217321331038 3.5408542930527882 1.5000000000000002 8.4036835615819729 0.64805509467998179 0.90748563302870633 85.500000000000014 0.79078431376826119 6.1994939452674993 562.50000000000011 0.64954346602561752 3.2384861814448418 5.1149908003866509 5.6357330754872352 5.040188859666439 2.4414009612931857 0.79298886997848383 8.0173072902757028 9.6597266625627505 1.0000000180025095e-35
decision_type=2 2 2 2 2 2 2 2 2 2 2 2 2 2 2 2 2 2 2 2 2 2 2 2 2 2 2 2 2 2
left_child=-1 2 3 4 -2 6 7 12 9 -9 -4 -12 -6 -14 26 -16 -11 18 19 20 -13 22 -22 24 -19 -26 27 -3 -29 -28
right_child=1 14 10 -5 5 -7 -8 8 -10 16 11 17 13 -15 15 -17 -18 23 -20 -21 21 -23 -24 -25 25 -27 29 28 -30 -31
leaf_value=-1.7349058232510318e-05 -1.3361089671216908e-05 0.0012298586442048385 -0.00013867778382615771 0.00087715193056388393 0.0020359871300309963 1.0522047418953101e-05 -0.00041575591312839475 -0.004367987343719181 -0.0015945856162417971 1.235442238798068e-05 -0.003230483391960263 0.00033260166142032798 -0.00044247385322322805 -0.001294307721117216 5.821073586261272e-05 0.0012171691710117867 -0.0025165173119249965 -0.00058272628857574814 -0.0017687295107321256 0.00078255303542522987 -0.0031192314080537905 0.00095188582583618185 -0.0061713372733633604 0.00059293081495566098 -0.0060322841679516254 -0.00021774998872040597 -0.0017719254439648635 0.010541243629661299 -0.01035854931101236 0.00011734670136037545
leaf_weight=268394.81977403909 21357.34320987761 3032.6302468180656 223.77396463602781 158.95200940966606 68.520098984241486 2123.5525282174349 1472.1700883321464 20.393953919410706 474.65289103984833 21.717535614967346 10.723328649997709 26.721599698066711 456.30469161272049 15.88420122861862 84688.864591866732 1504.8502218052745 15.782845497131346 25.256701193749905 13.832977622747419 31.817164033651352 40.229227423667908 29.534180730581284 12.502994924783705 126.52857331931591 5.9349373877048475 6.2276245653629303 189.6497740149498 17.033355832099915 16.027885377407074 2874.7961920499802
leaf_count=911665 70062 3755 741 500 90 6778 8246 27 621 27 27 33 592 20 295991 5551 20 123 20 47 67 54 21 647 31 29 235 21 20 3558
internal_value=-5.66266e-06 5.58327e-05 -0.000159571 -0.000124525 -0.000142143 -0.000682296 -0.00128498 -0.00230403 -0.00356777 -0.00939224 -0.00181879 -0.00303572 -0.00105937 -0.00161012 0.000118217 8.91644e-05 -0.00454798 -0.00241987 -0.00429331 -0.00315583 -0.00485415 -0.00708868 -0.0118946 -0.000652806 -0.00543373 -0.015625 0.000526711 0.000932323 -0.00592459 0.000120933
internal_weight=387457 119062 26738.4 26185.3 26026.3 4668.98 2545.43 1073.26 532.547 57.8943 553.083 329.309 540.709 472.189 92323.9 86193.7 37.5004 318.586 154.638 140.805 108.988 82.2664 52.7322 163.948 37.4193 12.1626 6130.14 3065.69 33.0612 3064.45
internal_count=1309619 397954 88823 86983 86483 16421 9643 1397 695 74 1840 1099 702 612 309131 301542 47 1072 242 222 175 142 88 830 183 60 7589 3796 41 3793
is_linear=0
shrinkage=0.05


Tree=220
num_leaves=31
num_cat=0
split_feature=4 16 16 16 17 16 16 16 6 4 16 16 17 10 17 17 6 18 17 17 4 17 17 16 6 16 16 10 10 11
split_gain=0.267535 1.2645 1.0874 0.734513 1.21774 0.730973 0.721032 0.675483 0.67121 0.658901 1.46519 1.70693 0.847317 0.604736 1.09864 0.589292 0.723995 0.602302 0.587063 0.579104 0.578799 0.657597 0.700255 0.57277 0.817323 1.54828 1.14022 0.56258 0.582249 0.536566
threshold=2.5000000000000004 0.86681196525373416 0.87093098878569231 0.93504912530908568 0.6657714024266651 0.86588849856005423 0.87260122516658101 0.87093098878569231 0.78656609248549303 1.5000000000000002 0.89111819891260613 0.90056769624314192 0.80585644232771336 0.0055928205646541074 0.65813547005910744 0.66764792291798603 0.60355339059327384 0.9208333333333335 0.65737091758083455 0.78929913144171537 3.5000000000000004 0.66690025027010624 0.65090371963234628 0.89111819891260613 -0.37940952255126015 0.88779654317510448 0.88926421891343954 7.8345042055976304 7.8588067732183537 1.0000000180025095e-35
decision_type=2 2 2 2 2 2 2 2 2 2 2 2 2 2 2 2 2 2 2 2 2 2 2 2 2 2 2 2 2 2
left_child=1 5 15 4 7 -1 20 -3 13 10 -6 19 -13 14 -7 -2 -17 -18 -8 -12 21 22 -4 24 -11 -26 -27 -9 -29 -5
right_child=2 3 6 29 9 8 18 27 -10 23 11 12 -14 -15 -16 16 17 -19 -20 -21 -22 -23 -24 -25 25 26 -28 28 -30 -31
leaf_value=-4.6665712117802133e-05 -1.9072502194197871e-05 0.0023962161280571674 -0.00061627183302735982 -0.00043093339924828584 0.0020714004226530069 -0.0014344558956673626 0.00016201759786702054 0.00068153756388140909 -0.0010574040565260409 8.3030199848091292e-05 0.00027667493738465848 0.0017246710115962757 -0.0014795811828653364 -0.00023658627046681884 -0.00026946078843591395 5.2045545695672549e-05 -0.00023425041232241173 0.00047106389348929858 -0.00013920051333081858 -0.0010588093533190767 4.8127640105092434e-06 -0.00065223080566631996 0.00060413674056645984 0.0003751286245443847 -0.00018392692112216037 -0.0016012965935740886 -4.3302231287156717e-05 -0.0028668644707849052 2.0250673461610915e-05 0.0021118878643379942
leaf_weight=127486.2533852756 87889.949001573026 432.76153910160065 145.59177350997925 2641.6325985640287 1399.4402880445123 6.23591220378876 2774.597957611084 3561.2522937059402 52.131193853914738 2380.7193158194423 151.67310532927513 891.86927606910467 159.2312924861908 373.00750952959061 18.028593093156815 110860.84136065841 2959.0448278896511 21017.550042759627 13784.1332866624 613.57501717656851 658.07213631272316 1083.6902628466487 210.91853696107864 2603.9775644093752 2167.9780945926905 209.96890972554684 117.13276316225529 23.868954122066498 863.18974095582962 356.2472625747323
leaf_count=431432 112152 545 183 8700 5283 8 3499 4519 170 9780 274 2849 1498 1231 69 522343 37835 81338 55292 2761 2088 3385 278 11415 9312 747 472 31 1089 1191
internal_value=5.10042e-06 -4.81992e-05 3.7451e-05 0.000337309 0.000475246 -0.00010417 -0.00032922 0.00112966 -0.00211714 0.000176593 0.000775113 -0.000161695 0.00114615 -0.00141716 -0.00906577 6.81657e-05 0.000133827 0.000382959 -0.000218572 -0.00195808 -0.00120241 -0.00176375 9.89975e-05 -8.07297e-05 -0.000400481 -0.00103283 -0.00423938 0.000946202 -0.000180449 -0.000379397
internal_weight=387895 146510 241384 18574.5 15576.6 127936 18657 4881.07 449.403 10695.6 3215.79 1816.35 1051.1 397.272 24.2645 222727 134837 23976.6 16558.7 765.248 2098.27 1440.2 356.51 7479.78 4875.8 2495.08 327.102 4448.31 887.059 2997.88
internal_count=1311769 493376 818393 60466 50575 432910 64725 6184 1478 44391 12665 7382 4347 1308 77 753668 641516 119173 58791 3035 5934 3846 461 31726 20311 10531 1219 5639 1120 9891
is_linear=0
shrinkage=0.05


Tree=221
num_leaves=31
num_cat=0
split_feature=10 8 8 1 17 5 4 17 1 17 1 17 9 17 17 5 5 0 16 16 16 10 1 0 0 8 1 17 17 4
split_gain=0.232835 0.454948 0.583122 1.59041 1.26079 0.430774 0.367266 0.418771 0.511396 0.542509 0.59936 0.447625 1.22895 0.371506 0.368035 0.347748 0.338024 0.281655 0.363065 0.262638 0.441077 0.369918 0.345578 0.279081 0.500695 0.253655 1.14323 0.844064 0.348646 0.250664
threshold=8.2180314916043535 2.8029010331479989 2.602003343538398 412.50000000000006 0.66268314391858796 -0.5 1.5000000000000002 0.66197798957202592 878.50000000000011 0.78929913144171537 618.50000000000011 0.64954346602561752 1.0000000180025095e-35 0.79364458442335917 0.65306806413895013 -0.78656609248549292 0.91597561503675362 44.500000000000007 0.76147646873488994 0.72123156168238733 0.72811069527815941 8.2341025566602486 801.50000000000011 74.500000000000014 52.500000000000007 9.2161236117894116 2573.5000000000005 0.66656010559132584 0.79127073924281743 2.5000000000000004
decision_type=2 2 2 2 2 2 2 2 2 2 2 2 2 2 2 2 2 2 2 2 2 2 2 2 2 2 2 2 2 2
left_child=29 2 5 4 -4 6 -2 11 9 10 -9 17 14 -10 -13 -16 -5 -8 -19 -7 -21 22 -22 24 -24 -3 28 -28 -27 -1
right_child=1 25 3 16 -6 19 7 8 13 -11 -12 12 -14 -15 15 -17 -18 18 -20 20 21 -23 23 -25 -26 26 27 -29 -30 -31
leaf_value=-2.4547904019277952e-05 0.00076862373917941935 0.00017765190162934432 -0.0045222601161706392 -0.0014630190688868798 -0.0037942572896053936 0.0095693553881320975 0.0024433239441517653 -0.00058630357597031087 0.0044036034138175322 -0.00028549447013771664 -0.0035650566872913003 -0.0070205634226208459 -0.0049291588981966684 -0.0015526430436611908 -0.001235964393900324 0.0037752778162959133 -0.0035550863215190243 0.0070150567209796349 -0.002945968017577183 -0.0047817850382802993 0.00041042991835763963 0.001482800891051691 -0.00388888894058025 -0.0030415132631371692 0.0052557939592577062 0.0010208259519677951 -0.0054528579058982177 -0.003485944314051441 -0.00081458084773637467 1.7701273727358663e-05
leaf_weight=139561.39639244229 72.172608956694603 14687.570612866431 7.571717798709872 145.8533016256988 10.872263871133326 74.939326018095016 15.84565758705139 23.272787839174271 92.325387448072433 49.177838437259197 15.193029105663298 29.625099360942841 18.845992088317871 76.4834597222507 26.169811189174652 17.695416986942291 12.221516434103249 18.340066313743591 27.937918186187744 8.0450988560914976 38.197579905390739 433.34990817680955 23.735660001635551 10.823178380727766 18.851809363812208 35.644162595272064 10.172389984130861 11.998414374887941 26.812667712569237 232293.42272295058
leaf_count=473400 197 42046 10 376 34 151 20 38 192 242 25 39 23 403 31 22 31 23 35 12 94 1162 63 26 53 55 13 43 141 792769
internal_value=5.19322e-06 0.000191713 -0.000717347 -0.00338353 -0.0172777 -0.000285981 -0.00140052 -0.0019783 -0.000739537 -0.00383826 -0.00828622 -0.00403504 -0.00624285 0.000869285 -0.00332176 -0.000413926 -0.00176237 -0.000753506 -0.00272352 0.000599659 0.00020998 0.00038804 -0.00249873 -0.00509578 -0.00327374 0.000269716 -0.00245982 -0.0122138 0.00100262 -2.85222e-06
internal_weight=387895 16039.7 1267.55 176.519 18.444 1091.03 483.085 410.912 256.453 87.6437 38.4658 154.46 92.3363 168.809 73.4903 43.8652 158.075 62.1236 46.278 607.943 533.003 524.958 91.6082 53.4106 42.5875 14772.2 84.6276 22.1708 62.4568 371855
internal_count=1311769 45600 3302 451 44 2851 1290 1093 900 305 63 193 115 595 92 53 407 78 58 1561 1410 1398 236 142 116 42298 252 56 196 1266169
is_linear=0
shrinkage=0.05


Tree=222
num_leaves=31
num_cat=0
split_feature=16 1 17 1 17 8 6 17 17 17 4 10 8 17 8 17 5 10 17 10 1 1 8 10 1 8 4 4 17 5
split_gain=0.22737 0.495696 0.480226 0.469243 0.562208 0.465725 0.463286 0.415796 0.399659 0.347672 0.309543 0.28787 0.285941 0.362934 0.276652 0.518965 0.512029 0.269563 0.594713 0.261379 0.525427 0.532629 0.39396 0.527124 0.385995 0.373907 0.286462 0.496701 0.72233 0.314062
threshold=0.6500768209777964 5086.5000000000009 0.64555464890881631 221.50000000000003 0.64632798978931005 1.2424533248940002 -0.70710678118654757 0.79526364211331968 0.66507504340750978 0.66507504340750978 2.5000000000000004 6.6567834978476315 6.2906423552336603 0.66536933010598343 3.795426061844291 0.66197798957202592 0.25881904510252091 0.040486699357039899 0.79158019573443184 4.2554201719326556 1372.5000000000002 307.50000000000006 1.0000000180025095e-35 7.9504083152704217 4349.5000000000009 1.2424533248940002 1.5000000000000002 2.5000000000000004 0.65090371963234628 0.12940952255126045
decision_type=2 2 2 2 2 2 2 2 2 2 2 2 2 2 2 2 2 2 2 2 2 2 2 2 2 2 2 2 2 2
left_child=1 2 6 4 -4 8 -1 14 -6 19 -8 -11 -13 -14 15 -7 -17 18 -10 20 21 -5 23 -21 -24 26 -23 28 -28 -29
right_child=-2 -3 3 9 5 7 10 -9 17 11 -12 12 13 -15 -16 16 -18 -19 -20 22 -22 25 24 -25 -26 -27 27 29 -30 -31
leaf_value=-0.0051805305178911024 2.6260884465716118e-07 0.017369388926618747 -0.0034259401777708845 0.0058397843757757419 0.0096485527348034675 -0.0016991593669944032 -0.0057850039904555053 0.00073037958705085473 -0.0038627461803956752 -0.0013275419307128028 0.034714902203038807 0.0016653178444730439 -0.010445404607965926 -0.0016587675797538727 -0.0003100681387914771 -0.0029665140390473313 -0.003829725638312706 0.001313490295824115 0.0029755066529892921 0.011653040998371614 0.010313832227784309 0.0024175573926350381 0.0010255186590904131 -0.0044351328865789574 -0.01405754853309772 -0.0044312954529055482 -0.0069451649126428677 0.013339361833478209 -0.0012082499950722332 -0.004097499947935704
leaf_weight=18.175645470619202 383363.6185393855 231.3172322884202 11.276110053062437 25.770422756671906 46.476772546768188 15.183684408664702 18.920893788337708 22.341360449790955 7.8272282779216793 969.67313247919083 20.576900243759155 1197.341745890677 2.5393432378768912 199.58238977193832 29.410019129514694 8.5032257139682788 8.5540588200092298 39.248975902795792 12.701654277741907 274.65766167640686 116.12863391637802 31.590804517269135 1020.5754170417786 27.227060079574585 16.567945659160614 20.259724617004395 20.598033130168915 51.411994755268097 26.581587433815002 39.925598859786987
leaf_count=22 1298475 680 14 32 58 19 23 129 15 4152 25 4901 4 849 52 18 22 186 60 340 149 38 1257 33 21 25 26 63 31 50
internal_value=4.48414e-06 0.000356604 0.000235301 0.000296915 -0.00205779 -0.00141484 -0.00429652 -0.00419731 0.000784645 0.00041436 -0.00125658 2.48019e-05 0.000483583 -0.00125594 -0.00631506 -0.00951404 -0.0154991 -0.00191924 -0.00656184 0.000966577 -0.000288673 -0.0017461 0.00127805 0.0028677 0.000815352 -0.00265933 -0.0018946 -0.00287447 -0.00704041 -0.00072259
internal_weight=387895 4530.95 4299.63 4241.95 201.523 190.247 57.6734 83.9923 106.255 4040.43 39.4978 2369.14 1399.46 202.122 61.651 32.241 17.0573 59.7779 20.5289 1671.29 332.267 216.138 1339.03 301.885 1037.14 190.368 170.108 138.517 47.1796 91.3376
internal_count=1311769 13294 12614 12544 573 559 70 240 319 11971 48 9906 5754 853 111 59 40 261 75 2065 414 265 1651 373 1278 233 208 170 57 113
is_linear=0
shrinkage=0.05


Tree=223
num_leaves=31
num_cat=0
split_feature=16 1 0 6 1 17 6 17 0 3 17 17 17 5 16 4 16 16 1 16 3 1 4 5 5 5 17 16 17 17
split_gain=0.234869 0.439558 0.365485 0.762108 0.285212 0.324348 0.7762 0.317688 0.313898 0.283675 0.375271 0.240526 0.453348 0.256893 0.24333 0.224102 1.24915 0.992814 0.782272 0.656509 1.40491 0.816359 0.783142 0.923328 0.734904 0.686024 0.645685 0.954826 0.635929 0.594468
threshold=0.6500768209777964 5086.5000000000009 134.50000000000003 0.37940952255126048 221.50000000000003 0.64555464890881631 -0.70710678118654757 0.66507504340750978 74.500000000000014 1.0000000180025095e-35 0.65266048731061865 0.66197798957202592 0.6657714024266651 -0.60355339059327362 0.58123026540307288 2.5000000000000004 0.86681196525373416 0.87093098878569231 1733.5000000000002 0.87260122516658101 1.0000000180025095e-35 307.50000000000006 3.5000000000000004 0.60355339059327384 0.60355339059327384 -0.70710678118654735 0.66197798957202592 0.93504912530908568 0.79526364211331968 0.66764792291798603
decision_type=2 2 2 2 2 2 2 2 2 2 2 2 2 2 2 2 2 2 2 2 2 2 2 2 2 2 2 2 2 2
left_child=1 2 4 -4 8 6 -6 -7 9 11 -11 13 -13 -1 -14 16 18 29 -2 20 21 -19 23 -23 -22 -21 27 -18 -25 -17
right_child=15 -3 3 -5 5 7 -8 -9 -10 10 -12 12 14 -15 -16 17 26 19 -20 25 24 22 -24 28 -26 -27 -28 -29 -30 -31
leaf_value=-0.0010276238647475451 -1.376261905631851e-05 0.016500919480287809 -0.00046396873160942656 -0.014425380632981533 -0.0049215039919965472 0.0017605317650938896 0.00019369132845342696 0.00013948776567863919 0.0066613673066017176 -0.0041680644979890649 -0.0015674352674508011 -0.0036382393563970713 0.0026648849683683883 0.0045496416301768396 -0.0023267753910774709 -2.3836213724712231e-05 0.00070316101839490658 0.00057303170940953621 -0.00021921391758891187 -0.00026652261551583025 -4.8022701579020223e-05 -0.0015081385095610219 -0.00076841467539532987 -0.0029094131886788031 -0.00068808768279717686 -2.4424260896369067e-06 7.8484304895579124e-05 -0.00038836954938223996 -0.00052393737033876598 8.7593120397251589e-05
leaf_weight=17.153608620166779 94872.217268746346 231.3172322884202 29.293415158987045 10.95385532081127 16.524732887744904 1652.6935586929321 37.023988366127014 2348.994038425386 28.859632946550846 7.0477521419525173 19.734855428338051 13.619421124458311 28.408052794635296 43.885162353515625 45.435950644314289 86685.025464676321 3990.7869072556496 35.401065222918987 31147.34557601437 4838.9466076716781 1411.0405073836446 104.16237846016884 56.58638272434473 26.170114308595657 457.12351986765862 11719.784636601806 13864.302258230746 719.42885035276413 7.7887416630983344 133427.50826020539
leaf_count=22 322050 680 85 30 20 2041 45 9817 88 9 69 17 132 54 185 110618 5020 97 105453 17331 3993 294 182 57 1280 41460 54552 894 31 635163
internal_value=4.55222e-06 0.000362432 0.000248204 -0.00449415 0.000293015 0.000384815 -0.00348076 0.000436542 -0.00153055 -0.0023261 -0.0070625 -0.00147188 -0.00315291 0.000936886 -0.00160696 3.22468e-07 -4.88024e-05 3.00715e-05 -0.000105224 -0.000320128 -0.00115333 -0.00483974 -0.00610962 -0.00813928 -0.000699265 -0.000214547 0.000333989 0.000839756 -0.015299 5.97549e-05
internal_weight=387895 4530.95 4299.63 40.2473 4259.38 4055.24 53.5487 4001.69 204.144 175.285 26.7826 148.502 87.4634 61.0388 73.844 383364 144594 238770 126020 18657 2098.27 230.109 194.708 138.121 1868.16 16558.7 18574.5 4710.22 33.9589 220113
internal_count=1311769 13294 12614 115 12499 11923 65 11858 576 488 78 410 334 76 317 1298475 487969 810506 427503 64725 5934 661 564 382 5273 58791 60466 5914 88 745781
is_linear=0
shrinkage=0.05


Tree=224
num_leaves=31
num_cat=0
split_feature=5 6 17 10 7 16 4 10 1 0 5 16 5 1 16 0 17 16 7 7 1 0 0 16 17 16 16 4 0 17
split_gain=0.223009 0.465675 0.557448 0.620659 0.72682 1.45665 1.16142 0.982917 0.917192 0.693787 0.59504 0.53454 1.4918 0.506873 0.54718 0.501376 0.535462 0.650344 0.491716 0.660704 0.478368 0.638437 0.981155 0.742916 0.71494 0.476323 0.734774 0.579044 0.505758 0.467468
threshold=-1.0000000180025095e-35 0.37940952255126048 0.65813547005910744 0.47873179439478714 2.524928003624769 0.81354795087357534 3.5000000000000004 0.014300311171438811 326.50000000000006 93.500000000000014 -0.78656609248549292 0.83813577384133187 -0.78656609248549292 13074.000000000002 0.76640384685231278 27.500000000000004 0.64555464890881631 0.71230193001861186 4.0689902272260703 6.3656106022916754 2833.5000000000005 84.500000000000014 99.500000000000014 0.77026250544891328 0.65266048731061865 0.88779654317510448 0.88926421891343954 3.5000000000000004 64.500000000000014 0.75945140584483528
decision_type=2 2 2 2 2 2 2 2 2 2 2 2 2 2 2 2 2 2 2 2 2 2 2 2 2 2 2 2 2 2
left_child=1 -1 3 4 8 20 9 -8 -3 11 -9 12 -7 15 -15 16 -5 -18 -16 -20 21 23 -23 24 -6 -4 27 28 -27 -30
right_child=-2 2 25 13 5 6 7 10 -10 -11 -12 -13 -14 14 18 -17 17 -19 19 -21 -22 22 -24 -25 -26 26 -28 -29 29 -31
leaf_value=7.4001445411156498e-06 2.485736504012487e-05 0.0013507204787389809 -1.0059778064346048e-05 -0.0020679512824887387 -0.00069795398913944035 -0.0020300532580552959 -0.0021257830920408888 -0.0017041128697798031 -0.00061673082501692989 -0.0019384414378304092 -0.00029313789732354008 4.9270279032276323e-05 -0.00012772080973697948 0.0020398338903569986 -0.0059863518693450525 -0.00012027611435099715 -0.0045977676823487964 -0.0004697939897119717 0.0055473312998203829 -0.0061530240500510458 0.0036953143204018104 -0.0049585460991343677 0.0022676041308748603 0.0011243577923411797 -0.0047225654148239319 -0.0011214316422721426 -0.00033900873773201856 0.00064186321810649283 0.00044657325864979355 -0.0024204762842101879
leaf_weight=146644.14262383804 187690.06527187675 105.77017372846603 36860.74454465881 18.848407983779907 79.545156717300415 21.198459446430206 40.755030572414398 17.450182676315308 1253.062327682972 16.020849525928497 34.904487788677216 95.39033055305481 49.714336395263672 32.345741212368011 28.941321432590485 12088.768868327141 26.351044297218323 366.77292513847351 20.843036711215973 15.484847664833067 78.302347779273987 24.751596748828888 25.804861605167389 160.45628547668457 34.751176953315735 69.636312276124954 1924.226811259985 33.342854499816895 7.0206307768821707 29.150950975716114
leaf_count=496540 630840 134 157647 23 99 26 52 22 1579 20 44 118 60 42 36 15126 32 459 26 20 98 30 32 201 43 259 7897 130 11 123
internal_value=3.2487e-06 -3.34591e-05 -0.000159637 -0.000422692 -0.00123225 -0.00256801 -0.00537132 -0.00991472 -0.000564738 -0.00305109 -0.00538216 -0.00209377 -0.00538153 -0.000291739 -0.00388073 -0.000263714 -0.00197902 -0.00158431 -0.00651604 -0.00264246 -0.000654969 -0.00149949 -0.00666322 -0.000549323 -0.00362989 -6.0724e-05 -0.000799996 -0.00430867 -0.00611928 -0.0109157
internal_weight=387895 200204 53560.4 14636.2 2037.88 679.045 275.434 93.1097 1358.83 182.324 52.3547 166.303 70.9128 12598.4 97.6149 12500.7 411.972 393.124 65.2692 36.3279 403.611 325.309 50.5565 274.753 114.296 38924.1 2063.38 139.151 105.808 36.1716
internal_count=1311769 680929 184389 18322 2558 845 342 118 1713 224 66 204 86 15764 124 15640 514 491 82 46 503 405 62 343 142 166067 8420 523 393 134
is_linear=0
shrinkage=0.05


end of trees

feature_importances:
tag_target_score=1289
body_length=899
asker_account_age_days_log=787
asker_upvote_count_log=648
asker_reputation_log=575
recent_platform_answer_rate=471
num_tags=408
title_length=406
post_hour_cos=274
post_hour_sin=246
asker_downvote_count_log=241
recent_platform_median_speed=202
has_code_block=187
body_length_bucket=100
is_new_asker=7
asker_reputation_missing=7
asker_upvote_count_missing=3

parameters:
[boosting: gbdt]
[objective: quantile]
[metric: quantile]
[tree_learner: serial]
[device_type: cpu]
[data_sample_strategy: bagging]
[data: ]
[valid: ]
[num_iterations: 500]
[learning_rate: 0.05]
[num_leaves: 31]
[num_threads: 0]
[seed: 0]
[deterministic: 0]
[force_col_wise: 0]
[force_row_wise: 0]
[histogram_pool_size: -1]
[max_depth: -1]
[min_data_in_leaf: 20]
[min_sum_hessian_in_leaf: 0.001]
[bagging_fraction: 0.8]
[pos_bagging_fraction: 1]
[neg_bagging_fraction: 1]
[bagging_freq: 5]
[bagging_seed: 3]
[bagging_by_query: 0]
[feature_fraction: 0.8]
[feature_fraction_bynode: 1]
[feature_fraction_seed: 2]
[extra_trees: 0]
[extra_seed: 6]
[early_stopping_round: 0]
[early_stopping_min_delta: 0]
[first_metric_only: 0]
[max_delta_step: 0]
[lambda_l1: 0]
[lambda_l2: 0]
[linear_lambda: 0]
[min_gain_to_split: 0]
[drop_rate: 0.1]
[max_drop: 50]
[skip_drop: 0.5]
[xgboost_dart_mode: 0]
[uniform_drop: 0]
[drop_seed: 4]
[top_rate: 0.2]
[other_rate: 0.1]
[min_data_per_group: 100]
[max_cat_threshold: 32]
[cat_l2: 10]
[cat_smooth: 10]
[max_cat_to_onehot: 4]
[top_k: 20]
[monotone_constraints: ]
[monotone_constraints_method: basic]
[monotone_penalty: 0]
[feature_contri: ]
[forcedsplits_filename: ]
[refit_decay_rate: 0.9]
[cegb_tradeoff: 1]
[cegb_penalty_split: 0]
[cegb_penalty_feature_lazy: ]
[cegb_penalty_feature_coupled: ]
[path_smooth: 0]
[interaction_constraints: ]
[verbosity: -1]
[saved_feature_importance_type: 0]
[use_quantized_grad: 0]
[num_grad_quant_bins: 4]
[quant_train_renew_leaf: 0]
[stochastic_rounding: 1]
[linear_tree: 0]
[max_bin: 255]
[max_bin_by_feature: ]
[min_data_in_bin: 3]
[bin_construct_sample_cnt: 200000]
[data_random_seed: 1]
[is_enable_sparse: 1]
[enable_bundle: 1]
[use_missing: 1]
[zero_as_missing: 0]
[feature_pre_filter: 1]
[pre_partition: 0]
[two_round: 0]
[header: 0]
[label_column: ]
[weight_column: ]
[group_column: ]
[ignore_column: ]
[categorical_feature: 2]
[forcedbins_filename: ]
[precise_float_parser: 0]
[parser_config_file: ]
[objective_seed: 5]
[num_class: 1]
[is_unbalance: 0]
[scale_pos_weight: 1]
[sigmoid: 1]
[boost_from_average: 1]
[reg_sqrt: 0]
[alpha: 0.1]
[fair_c: 1]
[poisson_max_delta_step: 0.7]
[tweedie_variance_power: 1.5]
[lambdarank_truncation_level: 30]
[lambdarank_norm: 1]
[label_gain: ]
[lambdarank_position_bias_regularization: 0]
[eval_at: ]
[multi_error_top_k: 1]
[auc_mu_weights: ]
[num_machines: 1]
[local_listen_port: 12400]
[time_out: 120]
[machine_list_filename: ]
[machines: ]
[gpu_platform_id: -1]
[gpu_device_id: -1]
[gpu_use_dp: 0]
[num_gpu: 1]

end of parameters

pandas_categorical:[["(1441.0, 2415.0]", "(2415.0, 115918.0]", "(36.999, 570.0]", "(570.0, 937.0]", "(937.0, 1441.0]"]]
