tree
version=v4
num_class=1
num_tree_per_iteration=1
label_index=0
max_feature_idx=18
objective=quantile
feature_names=title_length body_length body_length_bucket has_code_block num_tags post_hour_sin post_hour_cos asker_reputation_log asker_upvote_count_log asker_downvote_count_log asker_account_age_days_log is_new_asker asker_reputation_missing asker_upvote_count_missing asker_downvote_count_missing asker_account_age_days_missing tag_target_score recent_platform_answer_rate recent_platform_median_speed
feature_infos=[15:150] [37:43327] -1:3:4:0:2:1 [0:1] [1:5] [-1:1] [-1:1] [0:13.805322838936762] [0:10.538926167950644] [0:10.921305462207695] [0:8.4998009253947764] [0:1] [0:1] [0:1] [0:1] [0:1] [0:1] [0.64520548883667084:0.82565789473684215] [0.8833333333333333:2.1666666666666665]
tree_sizes=3440 3582 3586 3591 3603 3587 3545 3589 3507 3591 3581 3597 3600 3605 3559 3608 3604 3605 3610 3599 3596 3519 3612 3608 3606 3609 3609 3587 3622 3605 3610 3619 3609 3615 3579 3618 3586 3626 3591 3612 3605 3624 3621 3598 3610 3616 3605 3637 3627 3618 3627 3598 3631 3629 3602 3613 3627 3605 3609 3619 3610 3627 3617 3617 3620 3634 3599 3598 3615 3597 3614 3601 3609 3600 3597 3624 3596 3626 3611 3606 3626 3590 3595 3624 3620 3619 3632 3611 3628 3602 3595 3643 3616 3602 3593 3603 3614 3620 3614 3643 3630 3611 3611 3640 3631 3605 3618 3626 3604 3620 3619 3607 3588 3612 3595 3610 3619 3637 3621 3560 3620 3619 3597 3574 3603 3616 3634 3577 3602 3617 3578 3630 3599 3572 3543 3618 3599 3583 3589 3600 3602 3580 3594 3626 3527 3604 3539 3578 3554 3585 3585 3609 3586 3585 3535 3609 3598 3534 3583 3568 3588 3503 3474 3623 3518 3563 3588 3506 3497 3461 3574 3596 3561 3572 3507 3568 3570 3529 3488 3608 3628 3453 3603 3621 3539 3622 3560 3611 3542 3593 3525 3490 3485 3451 3475 3533 3588 3530 3578 3598 3458 3467 3561 3566 3549 3585 3501 3577 3528 3544 3479 3485 3536 3494 3582 3542 3514 3556 3490 3489 3598 3575 3581 3502 3591 3556 3555 3573 3523 3504 3522 3563 3567 3601 3493 3578 3456 3538 3566 3528 3575 3576 3592 3584 3547 3498 3459 3503 3604

Tree=0
num_leaves=31
num_cat=0
split_feature=16 16 3 1 4 10 1 10 10 1 1 16 1 3 10 3 4 10 10 16 1 1 1 16 1 3 16 4 16 16
split_gain=3323 911.035 651.987 895.292 355.142 196.596 166.491 152.302 125.399 99.4777 85.2045 80.8107 82.1789 75.7047 73.0003 66.8819 73.1904 59.9609 58.448 56.6561 53.8816 52.5362 44.8726 41.7861 40.2842 57.0856 34.6914 32.0075 29.8308 29.5109
threshold=0.80053615053700111 0.75487371117856195 1.0000000180025095e-35 1613.5000000000002 2.5000000000000004 6.8352287666851659 1702.5000000000002 7.0735233155969857 6.7186225464380014 1211.5000000000002 2793.5000000000005 0.90748563302870633 846.50000000000011 1.0000000180025095e-35 6.6773997267357688 1.0000000180025095e-35 1.5000000000000002 7.0568319800364909 7.0568319800364909 0.7301030753069494 886.50000000000011 2963.5000000000005 1372.5000000000002 0.89302366647559417 2333.5000000000005 1.0000000180025095e-35 0.71230193001861186 1.5000000000000002 0.8127814019877837 0.81327991938713906
decision_type=2 2 2 2 2 2 2 2 2 2 2 2 2 2 2 2 2 2 2 2 2 2 2 2 2 2 2 2 2 2
left_child=1 9 14 5 8 11 13 10 15 19 -5 12 29 -6 23 -3 -17 -8 -15 -1 -7 -9 -18 -2 25 -10 -11 -27 -14 -4
right_child=2 4 3 7 6 20 17 21 24 26 -12 -13 28 18 -16 16 22 -19 -20 -21 -22 -23 -24 -25 -26 27 -28 -29 -30 -31
leaf_value=0.75271688103675838 0.69230682551860812 0.70191482603549959 0.67410855740308762 0.683020968735218 0.72112796902656551 0.67531343549489975 0.71286177039146426 0.69558669030666354 0.72717559933662412 0.79299545288085938 0.69356212317943577 0.69314718246459961 0.68040256947278976 0.69272876977920528 0.72276746034622197 0.67410855740308762 0.67986202389001849 0.74060121178627014 0.7081524133682251 0.72016640305519108 0.683020968735218 0.713972932100296 0.6943818122148514 0.73083577156066892 0.72136549949646001 0.68093733489513397 0.75078116059303279 0.69637410938739774 0.67471462488174438 0.66897585019469263
leaf_weight=17409.26819910109 13455.555655047297 3889.7168577723205 5062.3792124316096 23908.700623482466 11624.679171450436 20858.423908881843 19487.682995915413 14360.795921556652 2949.2108030728996 9032.5529564768076 17630.897465467453 2031.1073235496879 5911.3963540792465 23128.475812889636 10626.344918578863 6396.2602786682546 7474.5175655595958 12467.506821203977 14556.611376665533 15724.105297833681 22432.99305036664 7936.2848015874624 5709.0451222062111 1977.9749117419124 2873.5127681158483 3777.9053818434477 20927.769690804183 8675.508697476238 28484.610177695751 27124.988787129521
leaf_count=43802 41049 17073 13700 74440 48752 63727 81231 44317 13176 23247 55704 7424 16357 102056 33671 28498 34077 50968 61976 39714 68818 24782 25322 6695 12095 16682 51465 38584 88852 83386
internal_value=0.693144 0.697963 0.6887 0.687606 0.695458 0.68491 0.697383 0.692331 0.691709 0.702848 0.690541 0.683246 0.682946 0.695561 0.69608 0.689291 0.688101 0.700195 0.694473 0.70096 0.687549 0.695664 0.690231 0.693885 0.694815 0.693801 0.704936 0.69232 0.684645 0.68113
internal_weight=387907 186104 201802 175743 123011 111906 81265 63836.7 41745.7 63093.7 41539.6 68614.5 66583.4 49309.8 26059.9 23469.5 19579.8 31955.2 37685.1 33133.4 43291.4 22297.1 13183.6 15433.5 18276.1 15402.6 29960.3 12453.4 34396 32187.4
internal_count=1311640 688718 622922 541507 530490 342264 344983 199243 185507 158228 130144 209719 202295 212784 81415 104970 87897 132199 164032 83516 132545 69099 59399 47744 80537 68442 74712 55266 105209 97086
is_linear=0
shrinkage=1


Tree=1
num_leaves=31
num_cat=0
split_feature=16 16 3 1 4 10 10 1 16 1 10 16 10 1 1 10 4 1 16 1 3 3 10 1 3 1 16 4 3 1
split_gain=3010.63 826.507 599.768 825.194 311.346 179.684 148.771 133.426 123.597 109.08 108.343 72.3864 69.5913 67.482 65.2782 63.8566 60.9604 53.4295 41.9039 41.7222 41.6149 39.9561 39.7353 38.1727 32.7199 50.8146 27.2699 24.4902 24.2043 37.562
threshold=0.80172580346046063 0.76232687082252271 1.0000000180025095e-35 1468.5000000000002 2.5000000000000004 6.7186225464380014 7.4639358514569789 2024.5000000000002 0.74058505004740149 2793.5000000000005 7.004218655558728 0.90748563302870633 6.9503960479486464 846.50000000000011 1533.5000000000002 7.1736726191874567 1.5000000000000002 1061.5000000000002 0.89781489096933687 3061.5000000000005 1.0000000180025095e-35 1.0000000180025095e-35 6.6984141434628581 976.50000000000011 1.0000000180025095e-35 1613.5000000000002 0.90748563302870633 2.5000000000000004 1.0000000180025095e-35 1372.5000000000002
decision_type=2 2 2 2 2 2 2 2 2 2 2 2 2 2 2 2 2 2 2 2 2 2 2 2 2 2 2 2 2 2
left_child=1 8 15 5 10 11 9 12 17 26 16 13 20 -4 27 18 21 -1 -2 -8 -6 -3 -9 -7 -12 -26 -5 -10 -18 -30
right_child=2 4 3 6 7 23 19 22 14 -11 24 -13 -14 -15 -16 -17 28 -19 -20 -21 -22 -23 -24 -25 25 -27 -28 -29 29 -31
leaf_value=0.049531199634075165 0.00086848393082618607 0.0027885447442531578 -0.022291615121066574 -0.010650866702198981 0.019151223599910741 -0.016942059621214867 0.003494056612253188 0.017878979742527008 0.0077651163935661301 0.0012138827145099619 0.034796636998653416 -0.00041841268539428712 0.018595666587352757 -0.017510929703712465 0.043774060904979706 0.033176345229148863 0.0093673627078533165 0.077087683379650121 0.03829033493995667 0.022977035939693455 -0.00081943631172179962 -0.018086693808436395 0.042770682275295263 -0.0096199030429124817 -0.005429371744394302 0.017453793287277222 0.020220898613333704 0.025811576247215275 -0.013167354539036752 -6.1731487512589619e-05
leaf_weight=20459.382018588483 15628.472970761359 1234.1928337365389 30765.938603654504 32236.462693706155 6513.1493483260274 25342.785484485328 12961.511873878539 12772.307953182608 7230.5830702409148 19587.766888432205 2362.5001272335649 1851.9880801439285 20411.438314657658 28010.662370286882 13114.347327657044 8025.7807586416602 2510.7811558060348 22361.185149021447 2049.7839930653572 5376.6470753252506 23693.451582573354 6517.9992943294346 10806.574486222118 16168.804569460452 8241.8316430188715 4171.5795026868582 708.30459985882044 13375.752387560904 7600.4460221119225 5814.3707299977541
leaf_count=51036 47969 5822 92796 100003 28347 77528 39964 54767 18735 62073 10990 6735 90746 85734 33035 25324 11553 55738 6994 16647 107752 29740 46071 49752 38057 18408 2628 33838 36081 26777
internal_value=-3.74764e-05 0.00447691 -0.00433552 -0.00539431 0.00175281 -0.00827069 -0.00124882 0.00364516 0.00848614 -0.00260232 -0.0018985 -0.010006 0.00219803 -0.0103127 0.006222 0.00279108 -0.00399506 0.0102691 0.0011119 0.0026285 0.000674049 -0.00763136 0.00675178 -0.00573626 0.00146116 0.00043471 -0.00435915 0.00446699 -0.002225 -0.0030683
internal_weight=387907 189192 198715 173011 112651 102140 70870.7 74196.9 76541.2 52532.5 38453.7 60628.6 50618 58776.6 33720.7 25704 23677.8 42820.6 17678.3 18338.2 30206.6 7752.19 23578.9 41511.6 14775.9 12413.4 32944.8 20606.3 15925.6 13414.8
internal_count=1311640 697493 614147 533860 505111 312545 221315 327683 192382 164704 177428 185265 226845 178530 85608 80287 109973 106774 54963 56611 136099 35562 100838 127280 67455 56465 102631 52573 74411 62858
is_linear=0
shrinkage=0.05


Tree=2
num_leaves=31
num_cat=0
split_feature=1 3 10 10 1 1 10 1 8 1 1 10 1 7 1 10 8 0 10 1 8 7 10 10 1 6 1 6 8 8
split_gain=923.335 1218.15 555.891 232.953 207.702 197.172 99.4354 64.3572 51.1643 48.7332 47.7612 40.5376 38.8142 38.7439 32.6839 30.2952 28.449 24.5443 24.2067 22.7437 21.4701 20.8801 18.4659 18.4656 17.7418 14.7548 13.505 13.1623 11.971 11.6649
threshold=2045.5000000000002 1.0000000180025095e-35 6.6773997267357688 7.0405050533413869 846.50000000000011 1044.5000000000002 6.7976209634028883 2917.5000000000005 0.89587973461402759 3668.5000000000005 353.50000000000006 7.7029209498175364 590.50000000000011 1.0000000180025095e-35 388.50000000000006 7.6630053345060398 0.89587973461402759 63.500000000000007 5.3176070529947586 1284.5000000000002 1.0000000180025095e-35 1.0000000180025095e-35 5.4159101400068357 7.8345042055976304 597.50000000000011 0.60355339059327384 1533.5000000000002 0.78656609248549303 1.0000000180025095e-35 1.2424533248940002
decision_type=2 2 2 2 2 2 2 2 2 2 2 2 2 2 2 2 2 2 2 2 2 2 2 2 2 2 2 2 2 2
left_child=1 6 4 7 16 12 10 25 13 23 -1 20 -4 -6 -8 29 21 27 -10 -15 -7 -3 -18 -5 -23 -2 -13 -9 -12 -14
right_child=3 2 5 9 8 11 14 17 18 -11 28 26 15 19 -16 -17 22 -19 -20 -21 -22 24 -24 -25 -26 -27 -28 -29 -30 -31
leaf_value=0.0032255205735564232 -0.0010891271643340584 -0.022122423619031908 -0.013203977886587382 0.017642359212040905 -0.016203170817345382 0.013783973056823018 0.024792193368077278 0.006158433213829995 -0.013903914194554091 0.050000967159867286 0.027259946189820767 0.0080391410961747189 -0.0030684017576277259 -0.0090541849732398982 0.04839201290905476 -0.00038919085636734962 -0.020514773117378357 0.019913264743983746 -0.0093600030243396748 -0.0024439069889485854 -0.00070777277275919654 -0.017950107442215087 -0.017715999405831101 0.033624898150563243 -0.012619620846584439 0.0091022627539932739 0.018852935157716272 0.021215311959385877 0.013262135043740277 -0.010528916440904141
leaf_weight=12888.394829232246 20217.833473362029 1862.9456840157509 17991.887585286051 12773.939323123544 2489.7540971450508 4401.7869672589004 7894.1806491985917 17229.461308330297 16988.132856983691 13362.820125043392 12289.260485623032 14597.13055960834 4569.3513233438134 17971.385108269751 16504.604742679745 17525.18463280797 11510.706951741129 14376.884502504021 20276.394887983799 18603.855191644281 22483.050933994353 14390.454261228442 11554.424699325114 10850.201496966183 12540.026187486947 4897.9007988907397 9998.2828934527934 2528.6304643601179 9057.4627039991319 13280.453183762729
leaf_count=42118 68957 6980 60751 43773 9260 14287 26395 59025 61282 44314 40212 48078 15001 59582 55539 57918 41896 48730 69540 61072 78197 46934 39283 34880 41077 16919 32601 8908 31706 46425
internal_value=-0.000127507 -0.00152875 -0.00314959 0.00411926 -0.00535814 -0.000449363 0.00491312 0.00217565 -0.00369921 0.0072328 0.00317486 0.00175829 -0.00257897 -0.00243487 0.00735215 -0.00161731 -0.0077999 0.00358915 -0.00502462 -0.00202404 0.000416288 -0.00675175 -0.00910836 0.00586781 -0.00639761 0.000254558 0.0032252 0.00244547 0.00462599 -0.00306716
internal_weight=387907 291669 233035 96237.7 128188 104847 58633.9 59250.7 76329.5 36987 34235.1 51480.3 53366.9 39065 24398.8 35375 51858.6 34135 37264.5 36575.2 26884.8 28793.4 23065.1 23624.1 26930.5 25115.7 24595.4 19758.1 21346.7 17849.8
internal_count=1311640 986134 790164 325506 436906 353258 195970 202539 260736 122967 114036 173163 180095 129914 81934 119344 176170 116663 130822 120654 92484 94991 81179 78653 88011 85876 80679 67933 71918 61426
is_linear=0
shrinkage=0.05


Tree=3
num_leaves=31
num_cat=0
split_feature=16 16 3 1 4 10 1 10 16 10 16 1 1 1 4 3 10 10 1 16 1 3 10 1 10 3 1 16 4 16
split_gain=2706.57 716.408 504.667 713.355 272.323 171.333 110.657 107.271 104.651 90.9012 74.5999 77.8195 70.0528 62.1583 59.6651 58.0193 51.2542 45.7196 42.3592 40.1481 36.1689 35.4771 31.7735 27.6504 26.3419 25.6793 40.6712 24.3031 23.9857 54.2197
threshold=0.80172580346046063 0.76232687082252271 1.0000000180025095e-35 1613.5000000000002 2.5000000000000004 6.8352287666851659 1455.5000000000002 7.0405050533413869 0.72364337447615934 7.004218655558728 0.90748563302870633 846.50000000000011 1507.5000000000002 2793.5000000000005 1.5000000000000002 1.0000000180025095e-35 7.3316652221561238 6.5947700359075858 793.50000000000011 0.89781489096933687 2753.5000000000005 1.0000000180025095e-35 6.2098202892798655 2158.5000000000005 6.6567834978476315 1.0000000180025095e-35 1263.5000000000002 0.81327991938713906 2.5000000000000004 0.83327601148575159
decision_type=2 2 2 2 2 2 2 2 2 2 2 2 2 2 2 2 2 2 2 2 2 2 2 2 2 2 2 2 2 2
left_child=1 8 16 5 9 10 15 13 23 14 11 27 -10 -5 21 -6 19 -8 -7 -2 -9 -3 -17 -1 -14 -11 -27 -4 -13 -30
right_child=2 4 3 7 6 18 17 20 12 25 -12 28 24 -15 -16 22 -18 -19 -20 -21 -22 -23 -24 -25 -26 26 -28 -29 29 -31
leaf_value=0.061460896378010513 0.00025225833691656653 0.0016752252791076895 -0.016086313082091509 -0.0094779893109574916 0.022993700300902132 -0.01663963583763689 0.012870410432480273 0.00046069513633846819 0.022967852962203324 0.031211129491776231 0.00062824660474434808 -0.018008080296218393 0.031348643840663139 -0.0006621636938303699 -0.0056531023781746627 -0.0041143185949884366 0.031104384382814168 0.033674158810451625 -0.0097885326808318518 0.036400758995488287 0.015304518278688195 -0.016898358394112439 0.0070435627521946986 0.093246359404176471 0.06336219833418727 -0.0070254611028358338 0.011474396427534523 -0.020950679528247571 -0.0091764001026749583 -0.016788741448521615
leaf_weight=20605.774616040289 16458.618274509907 1234.1928337365389 4655.332385763526 23187.67065038532 10072.309558842331 16923.733956664801 17724.105745255947 13200.512536421418 30066.528137810528 2362.5001272335649 2031.1073235496879 13634.514746449888 9331.6120439246297 17107.515698298812 15925.597907915711 13294.192558664829 7078.9918880537152 16845.475524459034 25728.457471035421 2166.4275599047542 9170.2156634554267 6517.9992943294346 16260.838297739625 6329.7856823578477 10207.549472935498 6674.2171683013439 5739.1939774043858 27124.988787129521 9215.2764296978712 11031.546590380371
leaf_count=52378 50501 5822 12568 72359 44405 51844 76722 40832 75598 10990 7424 41158 23074 54133 74411 61748 22396 72429 78928 7390 28634 29740 72379 15895 25437 30974 25491 83386 27409 35185
internal_value=-0.00017246 0.00410789 -0.00424769 -0.00521891 0.00157172 -0.00763841 0.0033415 -0.000958549 0.00784055 -0.00184312 -0.00920233 -0.00949426 0.00647819 -0.00249993 -0.00376352 0.00153801 0.00228954 0.00540886 -0.00515634 0.000913051 0.00181785 -0.00736097 0.000421124 0.0103495 0.008809 0.00123425 0.000324914 -0.0112716 -0.00782718 -0.00673547
internal_weight=387907 189192 198715 173011 112651 110345 74196.9 62665.9 76541.2 38453.7 67692.8 65661.7 49605.7 40295.2 23677.8 39627.3 25704 34569.6 42652.2 18625 22370.7 7752.19 29555 26935.6 19539.2 14775.9 12413.4 31780.3 33881.3 20246.8
internal_count=1311640 697493 614147 533860 505111 337902 327683 195958 192382 177428 207130 199706 124109 126492 109973 178532 80287 149151 130772 57891 69466 35562 134127 68273 48511 67455 56465 95954 103752 62594
is_linear=0
shrinkage=0.05


Tree=4
num_leaves=31
num_cat=0
split_feature=16 16 3 10 4 16 4 16 16 10 10 4 16 16 4 16 4 10 10 4 3 16 16 3 4 16 10 6 6 16
split_gain=2456.68 627.121 466.577 276.209 242.046 101.384 93.5881 163.923 146.676 81.1481 77.8943 57.5179 79.9921 58.2774 48.8784 46.7632 46.4446 40.6745 39.9186 37.6624 32.3641 28.9941 27.0011 26.4572 28.3013 25.7698 22.3714 21.83 21.1804 20.712
threshold=0.80172580346046063 0.76314558284360301 1.0000000180025095e-35 6.7186225464380014 2.5000000000000004 0.74058505004740149 2.5000000000000004 0.83375273960117646 0.88926421891343954 6.6984141434628581 7.4212171186186024 3.5000000000000004 0.84425539163094909 0.90374560103526036 2.5000000000000004 0.89302366647559417 1.5000000000000002 6.6358533115328004 7.7301819049598004 3.5000000000000004 1.0000000180025095e-35 0.70870188235304732 0.85849442535829257 1.0000000180025095e-35 1.5000000000000002 0.90374560103526036 7.0568319800364909 0.60355339059327384 0.25881904510252057 0.83426495118380328
decision_type=2 2 2 2 2 2 2 2 2 2 2 2 2 2 2 2 2 2 2 2 2 2 2 2 2 2 2 2 2 2
left_child=1 5 15 6 9 21 8 27 28 16 19 13 -13 18 -7 17 20 -2 29 -6 -3 -1 -9 -11 -25 -24 -16 -8 -4 -5
right_child=2 4 3 11 10 14 7 22 -10 23 -12 12 -14 -15 26 -17 -18 -19 -20 -21 -22 -23 25 24 -26 -27 -28 -29 -30 -31
leaf_value=0.074319769276045264 -0.0018703739061392832 0.0027409395896457137 -0.018388858080282813 -0.0097032919045537749 0.0014628053779993213 0.0097972360493615244 -0.0079836464059259756 -0.013320374646522104 0.0047891291584167663 0.027857077391929927 0.026521802859622984 0.0059319850466679758 -0.01099529332945124 0.011664935856498783 0.023116648946655917 0.039495230706091962 -0.0060526649999059767 0.018426630680002273 -0.0070511705078650233 0.012209720876100477 -0.016215245848861522 0.045316769959609954 -0.017916129350815903 -0.0094866310529084855 0.0044560546812973832 -0.0046978313954221087 0.046309079509973532 0.00059601333476603244 -0.015282269955053929 -0.015093553513148795
leaf_weight=17909.257777296007 13069.772596612573 1103.300330709666 27056.250376075506 12924.866211809218 21417.257708992809 10760.799936451018 22950.76621491462 15873.893404021859 3329.4683332443237 2621.7261795699596 20869.515068776906 13379.239255920053 7672.8877829089761 3017.7626295909286 14483.211017936468 3646.7993608266115 14201.667667325586 8987.465765029192 21734.513719163835 30771.228902712464 5936.9623765125871 24911.309390313923 14481.410843163729 4086.5026960931718 9947.9557493887842 1083.2688375860453 10171.178144872189 5200.3689073398709 11497.469329252839 12808.70639424026
leaf_count=46637 39858 5284 80542 38065 97891 27821 68822 50290 11502 12435 91022 40993 25415 10295 36396 12479 66826 27950 64881 135803 27104 60137 47472 18601 45643 4161 25893 15700 34649 41073
internal_value=-0.000248873 0.00382911 -0.00413142 -0.00506528 0.00141186 0.00725732 -0.00674271 -0.00546968 -0.00855393 -0.00183056 0.00309383 -0.00268593 -0.000490394 -0.00360144 0.00527814 0.00215426 -0.00387932 0.0012871 -0.00402977 0.0020614 -0.00719992 0.00889421 -0.00795122 0.000782262 -7.90288e-05 -0.00943101 0.00650532 -0.00269835 -0.00942346 -0.00536232
internal_weight=387907 189192 198715 173011 110956 78235.8 101473 59589.7 41883.2 37898.1 73058 71538 21052.1 50485.8 35415.2 25704 21241.9 22057.2 47468.1 52188.5 7040.26 42820.6 31438.6 16656.2 14034.5 15564.7 24654.4 28151.1 38553.7 25733.6
internal_count=1311640 697493 614147 533860 500609 196884 313138 186445 126693 175893 324716 220722 66408 154314 90110 80287 99214 67808 144019 233694 32388 106774 101923 76679 64244 51633 62289 84522 115191 79138
is_linear=0
shrinkage=0.05


Tree=5
num_leaves=31
num_cat=0
split_feature=16 16 3 4 4 16 16 4 16 3 4 16 4 16 16 4 4 16 0 0 3 16 16 16 16 16 17 17 7 18
split_gain=2198.79 534.66 422.46 229.366 139.574 182.677 169.792 70.4897 65.683 56.4735 55.3102 53.9236 47.0379 46.88 45.1215 38.723 36.8274 30.5335 30.3199 30.2315 26.6329 18.3078 17.2751 16.5719 15.8848 29.327 18.299 15.2373 14.6473 14.5818
threshold=0.80172580346046063 0.75487371117856195 1.0000000180025095e-35 2.5000000000000004 3.5000000000000004 0.84575235855813069 0.89781489096933687 1.5000000000000002 0.8127814019877837 1.0000000180025095e-35 1.5000000000000002 0.70870188235304732 3.5000000000000004 0.89302366647559417 0.81354795087357534 3.5000000000000004 1.5000000000000002 0.82137319586356661 61.500000000000007 59.500000000000007 1.0000000180025095e-35 0.97182285662211954 0.78554027385569514 0.76640384685231278 0.80530725634941192 0.80570143096500557 0.68059376891959245 0.80746214238737768 5.8707073513045964 0.93750000000000011
decision_type=2 2 2 2 2 2 2 2 2 2 2 2 2 2 2 2 2 2 2 2 2 2 2 2 2 2 2 2 2 2
left_child=1 11 13 7 6 17 8 9 10 -3 24 -1 23 -2 16 -13 -10 -6 22 28 -9 -8 29 -5 -4 26 -26 -22 -16 -14
right_child=2 3 4 12 5 -7 21 20 14 -11 -12 15 18 -15 19 -17 -18 -19 -20 -21 27 -23 -24 -25 25 -27 -28 -29 -30 -31
leaf_value=0.069291716630695388 0.0042339044110262791 0.014063186571688391 0.00051977975840913351 0.017959704540620559 0.0029079155244897126 -0.013833328914187615 0.0024221313638971178 0.016340875669934786 -0.02321157260550652 -0.012875156937769383 -0.0056408528261165996 0.026929945990715645 0.0036651717206807825 0.039212776755892673 -0.01545624252281152 0.047631828923302248 -0.012721970318034299 -0.0053370720881945393 0.023952786828155628 -0.012227285813593775 -0.00019977824753802942 0.056762161810491235 0.004984180141732325 0.0042899819763721819 -0.023723131690053269 -0.014170570058049637 0.066078880301418244 -0.0091315701223975091 -0.013515434272892302 0.019305427204210548
leaf_weight=18003.612459681928 21993.472734421492 2259.6018310450017 424.56226621568203 6039.963747933507 16898.278057269752 18860.941530272365 6453.7726432904601 4733.0543086417019 1897.5424589961767 10944.200988203287 14852.846985086799 25885.298802375793 3289.1556974649429 3688.3092740699649 38790.633953601122 19223.415074065328 1340.9491991698742 16851.464774422348 21803.988914400339 36790.520294852555 20837.528731815517 671.47167914360762 9235.3975767418742 28794.550583455712 1000.1705563664436 2485.3010847046971 55.227910965681076 3931.5642671249807 15291.172057718039 14174.83876446262
leaf_count=46770 67805 10101 1039 15435 50261 62298 21959 20707 2923 48180 41757 64279 47308 12521 121239 47160 3516 53497 89628 115527 52592 2322 26980 133919 1278 5783 156 56441 49761 37780
internal_value=-0.000320349 0.00353645 -0.00399844 0.00165542 -0.00488838 -0.00274094 -0.00582944 -0.00132413 -0.00630177 -0.00436057 -0.00360511 0.00729312 0.00318227 0.00198484 -0.00684098 0.0063698 -0.0126404 -0.000538416 0.00418896 -0.0066343 3.48493e-05 0.00165644 0.00305925 0.00178058 -0.00885141 -0.00994726 -0.0169302 -0.000621853 -0.00738649 0.00398413
internal_weight=387503 189156 198347 126044 172665 52610.7 120054 42706 112929 13203.8 18818.1 63112.3 83337.9 25681.8 94110.8 45108.7 3238.49 33749.7 48503.4 90872.3 29502.1 7125.24 26699.4 34834.5 3965.26 3540.7 1055.4 24769.1 54081.8 17464
internal_count=1310922 697280 613642 539071 533316 166056 367260 188021 342979 58281 50013 158209 351050 80326 292966 111439 6439 103758 201696 286527 129740 24281 112068 149354 8256 7217 1434 109033 171000 85088
is_linear=0
shrinkage=0.05


Tree=6
num_leaves=31
num_cat=6
split_feature=2 3 10 2 2 10 4 10 4 4 4 2 4 2 2 10 4 10 8 8 8 10 8 8 10 7 10 10 10 6
split_gain=740.718 855.076 482.714 246.412 193.528 140.4 100.373 74.7872 71.0492 57.3177 53.6934 32.4241 31.0918 30.7424 29.4483 29.0624 27.1191 21.3571 19.2257 16.9259 16.7448 16.2452 16.1072 15.6237 15.3259 15.1116 14.6969 13.9167 13.8203 13.3922
threshold=0 1.0000000180025095e-35 6.8907215136908624 1 2 6.7186225464380014 2.5000000000000004 6.6358533115328004 2.5000000000000004 3.5000000000000004 3.5000000000000004 3 3.5000000000000004 4 5 7.7029209498175364 3.5000000000000004 7.6762034755851571 1.2424533248940002 0.89587973461402759 1.0000000180025095e-35 7.7168148692138958 0.89587973461402759 1.2424533248940002 5.2128942736536876 1.0000000180025095e-35 7.4785793946460926 4.4298085208830411 5.7774105117271706 0.25881904510252057
decision_type=1 2 2 1 1 2 2 2 2 2 2 1 2 1 1 2 2 2 2 2 2 2 2 2 2 2 2 2 2 2
left_child=5 7 3 6 10 9 18 13 22 -1 15 20 21 -2 -9 -4 17 -6 -3 25 -8 -7 -5 -13 -21 -10 -12 -24 -22 -17
right_child=1 2 4 8 16 12 11 14 19 -11 26 23 -14 -15 -16 29 -18 -19 -20 24 28 -23 27 -25 -26 -27 -28 -29 -30 -31
leaf_value=0.0013360003826874247 0.0052239304712881855 -0.0089890698098097962 -0.0025278637393456819 -0.015665213184223047 -0.012645011856830335 0.013221502137769819 0.0036373624646606263 0.024057739253414145 -0.018935981596510387 0.015587827945650397 0.0069592765830339244 -0.0043800254357745875 0.042321149024402094 0.0208986385595476 0.046123010957587189 0.0032733279841722753 -0.0020903663670542695 -0.0070848842016650593 -0.012975913409188855 -0.016593959782462659 -0.0066543416821692849 0.0298118631261763 -0.01967017232348622 -0.00922600232735123 -0.012588603353352434 -0.010112638073859892 0.019805602333573237 -0.017508547115073193 0.00051880837713682573 0.015878520636023376
leaf_weight=22634.021439261734 21278.927595760673 16929.361490853131 18561.658092219383 16695.210004724562 13842.084859780967 9258.5408262498677 11842.176956851035 14560.047174971551 1081.4200739189982 18763.979021094739 7981.0777085311711 13750.584849897772 15324.391094658524 11427.769560344517 11920.545861203223 15600.696274787188 10368.327527221292 16879.199642535299 13048.395245335996 6493.0241758450866 9045.7383147329092 8697.1597860269248 3935.8560785278678 12425.512592140585 10341.89029243961 16658.420053157955 14408.242806822062 9276.2921998724341 7927.6132903955877 6544.6443178169429
leaf_count=77032 70328 56149 64168 54991 47665 31698 39351 48676 4185 64122 27514 45516 51256 38709 40205 51030 35211 55582 46136 23873 32265 28120 14017 43803 35591 55015 47787 32393 26926 21608
internal_value=-0.000362932 -0.00143102 -0.00269385 -0.00451507 -8.13705e-05 0.00411092 -0.00274533 0.00398039 -0.00684562 0.00216763 0.00165756 -0.00147684 0.00652946 0.00238114 0.00595565 0.000576105 -0.00275137 -0.00349827 -0.00507318 -0.00530306 -0.000319018 0.0051176 -0.00863119 -0.00275024 -0.00643869 -0.00422536 0.00362454 -0.00993556 -0.00132589 0.00179922
internal_weight=387503 312825 253637 149451 104186 74678.1 84969.4 59187.3 64482.1 41398 63096.3 54991.6 33280.1 32706.7 26480.6 40707 41089.6 30721.3 29977.8 34574.8 28815.5 17955.7 29907.4 26176.1 16834.9 17739.8 22389.3 13212.1 16973.4 22145.3
internal_count=1310922 1058694 860776 510211 350565 252228 290146 197918 220065 141154 212107 187861 111074 109037 88881 136806 138458 103247 102285 118664 98542 59818 101401 89319 59464 59200 75301 46410 59191 72638
cat_boundaries=0 1 2 3 4 5 6
cat_threshold=2 17 17 1 4 4
is_linear=0
shrinkage=0.05


Tree=7
num_leaves=31
num_cat=0
split_feature=16 16 1 3 4 1 1 3 16 16 1 1 16 16 16 3 1 1 16 4 4 4 1 1 1 16 16 4 4 3
split_gain=1969.39 463.989 382.51 561.809 182.345 148.202 140.993 90.692 72.3014 72.2677 54.0491 51.6775 49.9513 49.2648 42.0848 40.6506 38.017 31.7619 30.5694 26.8981 26.815 26.1538 24.2442 22.8164 22.1669 21.9946 23.1872 36.1078 21.722 20.208
threshold=0.80172580346046063 0.76232687082252271 1797.5000000000002 1.0000000180025095e-35 1.5000000000000002 976.50000000000011 1294.5000000000002 1.0000000180025095e-35 0.90748563302870633 0.72594608427542362 3831.5000000000005 1018.5000000000001 0.91167763378283551 0.81327991938713906 0.8861666780130667 1.0000000180025095e-35 3273.5000000000005 583.50000000000011 0.8127814019877837 1.5000000000000002 3.5000000000000004 3.5000000000000004 653.50000000000011 1124.5000000000002 1481.5000000000002 0.90748563302870633 0.83375273960117646 2.5000000000000004 1.5000000000000002 1.0000000180025095e-35
decision_type=2 2 2 2 2 2 2 2 2 2 2 2 2 2 2 2 2 2 2 2 2 2 2 2 2 2 2 2 2 2
left_child=1 9 3 14 15 8 7 22 13 23 25 -11 18 28 -2 -3 29 -15 19 -7 -9 -13 -6 -1 -17 26 27 -4 -5 -8
right_child=2 4 10 5 6 12 16 20 -10 11 -12 21 -14 17 -16 24 -18 -19 -20 -21 -22 -23 -24 -25 -26 -27 -28 -29 -30 -31
leaf_value=0.045742069021488314 0.0026722585792240184 0.0083634324269980572 -0.0073348203144702863 -0.017663285927713639 0.0099890685251825383 -0.016289392686295392 0.054171637865631922 -0.0061590773761909636 -0.00084734845934591465 0.015333733505796804 0.0071815492317362454 0.024089801881918033 0.017234066785211496 -0.018453502544499741 0.033097267974581235 -0.014436784777907269 0.02597175673208485 -0.015267461826990153 -0.011418686578458999 -0.0036360518835791668 0.0020672393606978924 0.047395271660571031 0.035454850738377376 0.069963866267207908 -0.0064298245461955512 0.027367460680330316 -0.0066550546196830207 0.0034515412433047846 -0.0093168215486714064 0.0099489715742532691
leaf_weight=14663.860248230398 20352.102765463293 2014.7085194773972 7128.8206453844905 1882.8329721316695 9893.5116660036147 1147.628186263144 955.87768054008484 24030.957683417946 2679.1917207837105 20740.641594395041 14336.71652559936 14040.088919840753 1422.9760111942887 20378.59140663594 4327.6856382936239 6771.9094561301172 13998.232633356005 31592.280346833169 44270.78449653089 7816.9397310316563 13544.595357015729 12920.374805815518 3819.0609619989991 14147.066583938897 3330.9359421096742 1043.0736514404416 18422.983852691948 13807.871453776956 7736.158056512475 34284.349695142359
leaf_count=37056 62856 9466 20410 3883 43939 2412 4436 111868 9545 52522 45453 35002 5077 62778 14490 31369 60012 98149 138697 22237 61063 32160 17316 35629 14681 3816 60007 41731 22101 150761
internal_value=-0.000395938 0.00325412 -0.00387687 -0.0052325 0.00121321 -0.00665715 0.00191165 7.69253e-05 -0.00828488 0.00625884 -0.000320423 0.0050646 -0.0047432 -0.00863466 0.00163259 -0.00458101 0.00382276 -0.00924303 -0.00499032 -0.00232772 -0.00119322 0.00650805 0.00355741 0.00823609 -0.00587425 -0.00125633 -0.00144624 -0.000307844 -0.00534766 0.00294712
internal_weight=387503 189156 198347 143607 112644 118927 100527 51288.1 64269.1 76512 54739.5 47701.1 54658.3 61589.9 24679.8 12117.6 49238.5 51970.9 53235.4 8964.57 37575.6 26960.5 13712.6 28810.9 10102.8 40402.7 39359.7 20936.7 9618.99 35240.2
internal_count=1310922 697280 613642 442225 504911 364879 449395 234186 196456 192369 171417 119684 168423 186911 77346 55516 215209 160927 163346 24649 172931 67162 61255 72685 46050 125964 122148 62141 25984 155197
is_linear=0
shrinkage=0.05


Tree=8
num_leaves=31
num_cat=9
split_feature=16 16 2 3 4 10 10 2 10 2 16 2 2 3 10 16 16 3 2 10 16 2 10 10 2 3 4 2 16 16
split_gain=1796.91 418.166 335.149 565.573 180.654 137.389 101.51 84.2413 73.5095 61.1821 61.0239 47.4536 46.0602 45.0561 40.217 38.0416 36.7289 35.2302 46.9538 30.4599 28.5602 26.8266 26.4966 26.3674 24.6208 25.8108 22.5766 22.2604 21.953 28.6751
threshold=0.80172580346046063 0.75487371117856195 0 1.0000000180025095e-35 2.5000000000000004 7.0910595020580098 7.4639358514569789 1 6.6984141434628581 2 0.91167763378283551 3 4 1.0000000180025095e-35 6.9867790336588564 0.70517799062805808 0.89302366647559417 1.0000000180025095e-35 5 7.1736726191874567 0.8127814019877837 6 7.3161142606381642 6.2596303779279365 7 1.0000000180025095e-35 1.5000000000000002 8 0.91167763378283551 0.83426495118380328
decision_type=2 2 1 2 2 2 2 1 2 1 2 1 1 2 2 2 2 2 1 2 2 1 2 2 1 2 2 1 2 2
left_child=1 12 6 16 8 10 9 14 17 -2 11 20 -1 -9 -6 -14 19 -3 -19 -4 -5 28 -15 -17 -10 -26 -20 -8 29 -7
right_child=2 4 3 5 7 21 27 13 24 -11 -12 -13 15 22 -16 23 -18 18 26 -21 -22 -23 -24 -25 25 -27 -28 -29 -30 -31
leaf_value=0.060559456901140667 -0.0010328476276818767 0.0049276645301508833 -0.001954170678739564 -0.010207806345474075 0.011676409474769457 -0.0059106257531215574 0.014410605034084263 0.018967734378835872 0.022111723219136483 -0.0081284777283688655 0.0024698054467769295 -0.017647950474679455 0.057884574455776688 -0.0019584593297333865 0.031856906642022571 0.016406537344571759 0.035890852061615984 -0.0022428314101881177 -0.014788680933433874 0.018998777680900969 -0.014321740306740905 -0.014801441642625635 0.0092670908994084041 0.034948792164367935 0.023898006255509592 -0.0020207986305471547 -0.0099249896306725319 0.0016539032045591153 0.013410425143499183 -0.012222128898966261
leaf_weight=13367.865095354617 25545.817887932062 3904.1520673036575 14317.492843240499 7449.0126740932465 23064.526481822133 12441.844907574356 8527.55570705235 11561.843373797834 2754.8060205131769 29392.81827878952 1778.5176102146506 16124.827541492879 13129.263050943613 22247.271281879395 16049.075877632946 14840.266287833452 3444.0146232023835 7718.5960044525564 4221.547213640064 6184.3296813741326 41511.125944718719 7231.912764929235 10415.178269326687 21774.931901991367 3059.9167237952352 13024.515505515039 8022.4165916107595 10622.903888434172 1073.6199492961168 12700.843158222735
leaf_count=33155 80802 17170 44219 20435 95785 36295 26368 48273 11603 91455 6375 48807 34482 97810 65456 36738 11671 33440 18997 19170 129248 21971 43726 53834 13527 57336 35948 32886 3740 40200
internal_value=-0.000438536 0.00304803 -0.00376355 -0.00535046 0.0013845 -0.00699902 -0.00110122 0.00273955 -0.0012598 -0.00219406 -0.00830778 -0.00855748 0.00637032 0.00124351 0.00442962 0.00566554 0.00155332 -0.00310283 -0.00395238 0.000750727 -0.00777524 -0.00438278 0.000294266 0.0048387 0.00107507 0.000325009 -0.00587581 0.00203334 -0.00363417 -0.00393454
internal_weight=387503 189156 198347 124258 126044 100312 74089.1 83337.9 42706 54938.6 66863.5 65085 63112.3 44224.3 39113.6 49744.5 23945.8 23866.7 19962.6 20501.8 48960.1 33448.2 32662.4 36615.2 18839.2 16084.4 12244 19150.5 26216.3 25142.7
internal_count=1310922 697280 613642 382131 539071 307071 231511 351050 188021 172257 204865 198490 158209 189809 161241 125054 75060 105555 88385 63389 149683 102206 141536 90572 82466 70863 54945 59254 80235 76495
cat_boundaries=0 1 2 3 4 5 6 7 8 9
cat_threshold=3 3 2 24 2 3 24 2 2
is_linear=0
shrinkage=0.05


Tree=9
num_leaves=31
num_cat=0
split_feature=1 3 1 4 4 4 1 1 1 6 1 1 6 6 1 6 6 0 4 1 7 6 0 6 0 0 7 7 7 8
split_gain=601.024 751.384 272.053 106.743 101.024 71.3873 68.3772 41.9166 39.6679 34.9389 26.983 26.0295 21.8686 21.4334 20.8056 18.6174 17.5218 15.2266 13.6733 13.5613 13.2505 13.0402 12.334 11.6184 10.9179 9.84575 9.37816 8.65078 8.34368 8.19325
threshold=1867.5000000000002 1.0000000180025095e-35 870.50000000000011 3.5000000000000004 2.5000000000000004 2.5000000000000004 353.50000000000006 4606.5000000000009 3831.5000000000005 0.60355339059327384 597.50000000000011 1211.5000000000002 0.25881904510252057 0.60355339059327384 771.50000000000011 0.60355339059327384 0.78656609248549303 61.500000000000007 3.5000000000000004 1242.5000000000002 5.750982812366944 0.60355339059327384 54.500000000000007 0.60355339059327384 54.500000000000007 56.500000000000007 6.281331292928102 1.0000000180025095e-35 1.0000000180025095e-35 0.89587973461402759
decision_type=2 2 2 2 2 2 2 2 2 2 2 2 2 2 2 2 2 2 2 2 2 2 2 2 2 2 2 2 2 2
left_child=1 6 5 8 15 12 -1 16 13 11 -7 24 20 17 -8 19 22 -2 -13 27 28 26 -5 -12 -6 -20 -10 -4 -3 -30
right_child=3 2 4 7 9 10 14 -9 21 -11 23 18 -14 -15 -16 -17 -18 -19 25 -21 -22 -23 -24 -25 -26 -27 -28 -29 29 -31
leaf_value=0.0040835776785271621 -0.0026896770405915151 -0.018130280310753793 -0.017234865484995223 0.0066786895008501442 -0.0081084043489487844 -0.012255532680573318 0.018825101702187041 0.034231221728117212 0.0064418456797768475 0.0058686967145769771 -0.0083641717965175395 -0.0031514903896779135 -0.01098079977372507 0.0091938641189129085 0.034080378592447294 -0.0037025256429365052 0.030335907552897709 0.0037312166917526091 -0.0012003247474933311 -0.0070691411207984061 -0.013400847090482577 0.024326518555325562 0.016187622400050544 -0.001589890472384814 -0.0032677010495888227 0.0058821897884485108 0.020642194548529016 -0.010426028116288073 -0.013736272727314553 -0.016082439943192414
leaf_weight=19554.121099852026 20660.215312283486 699.26216690987349 360.15856662020087 12282.025389134884 12594.060695629567 22248.89508793503 25687.303540915251 11640.608853667974 10743.080877520144 14863.456753440201 22361.776097096503 16485.953870669007 12677.836221281439 8833.7103252075613 13038.026604074985 9217.7051274031401 4834.513463858515 14660.987298630178 9777.4837331324816 18650.325740735978 9844.4925559461117 3459.9640285521746 19295.813078757375 4960.6416787616909 14421.781391263008 11282.223896376789 3058.1000844910741 18132.327880971134 11733.148752290756 9442.8090345710516
leaf_count=64564 70024 2498 1309 41836 43062 75989 86388 39372 36024 51145 76073 55711 43649 30030 43999 31814 16570 48903 33292 62706 34245 11771 65014 17257 48326 37931 10580 61370 37855 31615
internal_value=-0.00047618 -0.00171177 -0.00305034 0.00266203 -0.00152978 -0.00508575 0.00333557 0.00442715 0.00128096 -0.000447191 -0.00378152 -0.000950367 -0.00654196 0.000486463 0.00455257 -0.00338447 0.00359219 -6.44465e-05 -9.87474e-05 -0.00388362 -0.00724351 0.00331334 0.00316303 -0.00272885 -0.00213392 0.000745478 0.00262523 -0.00484308 -0.00792907 -0.00775162
internal_weight=387503 278034 219754 109469 125785 93968.9 58279.5 48053 61416.1 79425 49571.3 64561.5 44397.5 44154.9 38725.3 46360.5 36412.4 35321.2 37545.7 37142.8 31719.7 17261.1 31577.8 27322.4 27015.8 21059.7 13801.2 18492.5 21875.2 21176
internal_count=1310922 940798 745847 370124 426666 319181 194951 162792 207332 269467 169319 218322 149862 148957 130387 157199 123420 118927 126934 125385 106213 58375 106850 93330 91388 71223 46604 62679 71968 69470
is_linear=0
shrinkage=0.05


Tree=10
num_leaves=31
num_cat=0
split_feature=10 1 3 1 3 1 1 4 4 4 1 10 1 4 1 4 1 4 1 1 6 10 10 6 6 4 6 10 6 4
split_gain=565.24 292.858 423.658 253.383 247.337 154.258 100.414 66.9566 58.3285 55.1301 43.9686 33.059 32.201 30.8827 26.3937 22.1603 20.9874 20.4062 18.424 17.0441 16.5211 16.2203 14.7776 13.478 12.0201 11.5518 10.531 10.5282 10.4419 10.2895
threshold=6.6773997267357688 2024.5000000000002 1.0000000180025095e-35 1849.5000000000002 1.0000000180025095e-35 1018.5000000000001 1061.5000000000002 2.5000000000000004 3.5000000000000004 2.5000000000000004 4123.5000000000009 7.6762034755851571 353.50000000000006 2.5000000000000004 3522.5000000000005 3.5000000000000004 518.50000000000011 3.5000000000000004 597.50000000000011 467.50000000000006 0.60355339059327384 7.7168148692138958 7.7301819049598004 0.25881904510252057 0.25881904510252057 2.5000000000000004 0.60355339059327384 7.8955972737305267 0.60355339059327384 4.5000000000000009
decision_type=2 2 2 2 2 2 2 2 2 2 2 2 2 2 2 2 2 2 2 2 2 2 2 2 2 2 2 2 2 2
left_child=1 2 12 4 16 7 11 23 20 -3 15 17 -1 27 29 22 -2 -6 -9 -13 25 -15 -5 -4 -20 -7 -16 -8 -21 -11
right_child=3 9 5 10 6 8 13 18 -10 14 -12 19 -14 21 26 -17 -18 -19 24 28 -22 -23 -24 -25 -26 -27 -28 -29 -30 -31
leaf_value=-0.0010813723420408095 0.018235748247266786 -0.004001993313227409 -0.014853363531137753 0.0049661462144196091 -0.010048093923021278 -0.010658785959887729 -0.0048736899367205046 -0.01332402956845391 -0.0017528003019324113 0.00064237444791375169 0.037241961195519258 -0.010416692176003817 0.014036681109847871 0.0030464404691095404 0.010716161299202899 0.024196255418892778 0.037926018782968446 -0.0039162886799124445 -0.010244517557428102 -0.0028030145458813661 -0.004503903866349657 0.014180802972380569 0.017750358522229292 -0.01251402033008241 -0.0052284995503797732 -0.0076340532553545006 0.025371659053024315 0.0031002911817509973 0.007323873255177438 0.0092081479172375809
leaf_weight=12386.636796418577 12706.314754363149 15197.391394864768 22153.253606148064 11614.134930703789 20070.134255699813 17080.803543776274 9348.3002556525171 13338.504374690354 21399.640907824039 15498.831658679992 12790.026313167065 4626.7788178808987 20382.75597614795 15318.28520226106 13062.265337012708 16243.127719629556 12717.38911377266 8125.5636832527816 16910.479715313762 17642.316522691399 7436.9241877198219 12553.305261701345 10521.336144309491 9028.5272521674633 6545.2329955808818 13559.264446891844 3141.2464804574847 5954.6498185321689 4263.3210264332592 6115.3469976298511
leaf_count=40544 42461 51526 74203 39924 69084 58168 32428 45600 73340 52915 42559 15356 68726 52748 44564 54482 42984 28030 57643 57893 25785 41271 34199 31134 22657 46251 10912 19016 14304 20791
internal_value=-0.000486463 -0.00221342 -0.00327929 0.00162392 0.000396644 -0.00458299 -0.000744417 -0.00621009 -0.00272337 0.00100787 0.00458188 -0.00216668 0.00179128 0.00105844 0.00202999 0.00373577 0.00479069 -0.00335876 -0.00476548 -0.000899861 -0.00389721 0.00204932 0.00270656 -0.00791471 -0.00392176 -0.00441032 0.00355557 -0.000746269 -0.000317449 0.000886297
internal_weight=387732 213237 160222 174495 123326 127453 97902.7 67976 59476.6 53015.1 51168.6 54728.1 32769.4 43174.5 37817.7 38378.6 25423.7 28195.7 36794.2 26532.4 38077 27871.6 22135.5 31181.8 23455.7 30640.1 16203.5 15303 21905.6 21614.2
internal_count=1311498 724759 544051 586739 415575 434781 330130 231237 203544 180708 171164 184667 109270 145463 129182 128605 85445 97114 125900 87553 130204 94019 74123 105337 80300 104419 55476 51444 72197 73706
is_linear=0
shrinkage=0.05


Tree=11
num_leaves=31
num_cat=0
split_feature=16 16 1 3 4 10 1 1 10 10 1 3 16 16 17 1 3 10 1 10 16 16 16 16 16 1 10 16 8 16
split_gain=1618.33 333.708 292.784 427.433 153.196 137.111 90.5344 78.1074 65.7875 48.202 47.7115 45.1365 34.8555 36.3299 34.8112 34.264 32.31 32.0624 31.6084 30.2283 26.5324 30.9165 25.4657 22.5897 21.7712 20.3946 19.9349 19.5459 19.4734 18.949
threshold=0.79786200270967511 0.75692737795582421 1702.5000000000002 1.0000000180025095e-35 1.5000000000000002 7.0228209549334624 1284.5000000000002 846.50000000000011 7.2537824175455921 7.0910595020580098 1018.5000000000001 1.0000000180025095e-35 0.90748563302870633 0.81327991938713906 0.8073845324898421 878.50000000000011 1.0000000180025095e-35 7.3316652221561238 3522.5000000000005 6.3532720516638044 0.90374560103526036 0.8127814019877837 0.72811069527815941 0.78158162722824287 0.8861666780130667 653.50000000000011 7.3777448829540324 0.81354795087357534 0.89587973461402759 0.8127814019877837
decision_type=2 2 2 2 2 2 2 2 2 2 2 2 2 2 2 2 2 2 2 2 2 2 2 2 2 2 2 2 2 2
left_child=1 10 3 17 16 7 11 12 18 -8 22 25 13 -5 23 -7 -3 24 29 -12 21 -9 -1 -13 -2 -6 -18 -15 -23 -4
right_child=2 4 8 5 6 15 9 20 -10 -11 19 14 -14 27 -16 -17 26 -19 -20 -21 -22 28 -24 -25 -26 -27 -28 -29 -30 -31
leaf_value=0.03891504012029106 -0.0026162436566925518 0.0092620176484387636 -0.00093882027960528471 -0.010999148188866792 0.0075696374610408181 -0.011310801307987846 0.0079846746788478969 -0.0070091898794748201 0.0064774366609928087 0.026467102234177531 0.0292136379511891 0.0048941818721688962 -0.001494729915938936 -0.018625315726192398 -0.010305406513952165 -0.0059845963839549494 -0.011986558930523573 0.022270200075396897 0.0010184652366328594 0.056601255815275767 0.004572238844478882 -0.010174989138875414 0.014933727362947225 -0.0032230771152158668 0.021723705553560946 0.032316429992684824 -0.0048714970854590485 -0.014703746158963589 -0.012997639741932306 -0.0072455339022449222
leaf_weight=14264.667547285557 15882.807932145894 1947.1901369355619 6953.9355697631836 6400.7258787751198 10120.386607944965 19146.636211700737 30426.993065360934 8242.3800235018134 19570.694986797869 18995.17743876949 14185.97250110656 16901.225180219859 1245.2296037971973 855.11782290786505 6355.7165760844946 23138.082809142768 6704.0438783355057 7107.0878776609898 12984.949840076268 22343.402966961265 1232.7226770743728 15235.704757392406 15612.777181565762 13865.572761848569 2887.912315428257 3943.465525586158 2672.289915971458 27753.434743523598 16979.851446859539 23775.933710850775
leaf_count=35898 48615 9465 19602 17272 44143 58399 132990 22871 60040 81488 35635 42691 4470 1322 91922 70719 32689 22358 41243 55610 4373 46545 39533 34875 9693 17533 12781 86665 54323 75735
internal_value=-0.000497872 0.00300236 -0.003479 -0.00470948 0.00133642 -0.00596414 0.00195699 -0.00720779 -0.000638156 0.00348341 0.00581038 0.000483171 -0.00890509 -0.00919748 -0.000430712 -0.00367167 -0.00417729 0.00111973 -0.0017168 0.00702245 -0.0057318 -0.00595198 0.00432846 0.000265196 3.67741e-05 0.00289543 -0.00539441 -0.00995934 -0.0066511 -0.00259077
internal_weight=387732 178339 209393 146108 111932 120230 100609 77945.2 63285.5 49422.2 66406.8 51186.4 36254.5 35009.3 37122.5 42284.7 11323.5 25877.8 43714.8 36529.4 41690.7 40457.9 29877.4 30766.8 18770.7 14063.9 9376.33 28608.6 32215.6 30729.9
internal_count=1311498 667253 644245 447625 500577 366959 445642 237841 196620 214478 166676 231164 109729 105259 169488 129118 54935 80666 136580 91245 128112 123739 75431 77566 58308 61676 45470 87987 100868 95337
is_linear=0
shrinkage=0.05


Tree=12
num_leaves=31
num_cat=0
split_feature=16 16 1 3 4 10 1 1 10 16 3 10 16 16 4 16 4 16 10 1 10 1 16 8 1 3 18 1 16 6
split_gain=1470.61 314.361 268.066 383.907 141.984 126.758 79.6695 78.669 59.7496 59.3451 43.8596 39.3214 35.2962 33.8393 61.4806 31.498 30.9283 30.3159 29.4231 27.5252 27.2377 26.88 24.649 23.92 23.2133 22.7291 21.8738 21.1992 20.5464 17.7415
threshold=0.80053615053700111 0.76314558284360301 1702.5000000000002 1.0000000180025095e-35 1.5000000000000002 7.2696029113363272 1284.5000000000002 696.50000000000011 6.3297016685451188 0.74058505004740149 1.0000000180025095e-35 7.0405050533413869 0.91167763378283551 0.82340483352627902 1.5000000000000002 0.79940033165848312 2.5000000000000004 0.90056769624314192 7.2370010984580881 893.50000000000011 7.3316652221561238 878.50000000000011 0.81327991938713906 0.89587973461402759 4123.5000000000009 1.0000000180025095e-35 0.93750000000000011 3522.5000000000005 0.8861666780130667 0.37940952255126048
decision_type=2 2 2 2 2 2 2 2 2 2 2 2 2 2 2 2 2 2 2 2 2 2 2 2 2 2 2 2 2 2
left_child=1 9 3 20 15 7 10 17 27 19 -6 29 13 14 -9 25 -11 22 26 -1 28 -7 -5 -15 -10 -3 -12 -4 -2 -8
right_child=2 4 8 5 6 21 11 12 24 16 18 -13 -14 23 -16 -17 -18 -19 -20 -21 -22 -23 -24 -25 -26 -27 -28 -29 -30 -31
leaf_value=0.030748363970398741 -0.0028536766313398913 0.0023153867541722216 -0.0069414039639241649 -0.010854789407260319 0.012856872836539329 -0.010520850245735049 0.003796382277165289 -0.015075693916674416 0.00066874941665492351 0.0055112039864195278 -0.011959141773797994 0.02302729949500151 0.0096095041793035577 -0.01008082105083366 -0.0063343415891240987 0.081939323838383982 0.023792840271192463 -0.0050751860788076954 0.0044435783616112281 0.052258673817077973 0.020893102218020345 -0.0053574689282741457 -0.014730307676676227 -0.013057179603252079 0.015075292288271425 -0.010456083919922698 -0.0028270200444180053 -0.00069496234398011005 0.020637520275882906 0.015575015042915136
leaf_weight=17344.542799286544 15131.664406515658 1824.8651149384677 21426.633505426347 4064.5663388893008 13079.604291092604 15640.067411057651 21394.537754312158 3106.3194927200675 24106.910012215376 10738.91973220557 4250.6257147602737 18617.382947068661 1233.1701845675707 16071.439114816487 15249.578229822218 194.27930166572332 24508.740536488593 1400.0246153697371 11978.058174367994 25489.651831977069 6816.9927211776376 18947.179590657353 21512.664532341063 19051.485118322074 5838.5679321661592 9701.9247606210411 19500.517681736499 9252.7351717874408 2887.912315428257 7370.5281575731933
leaf_count=43363 46517 9037 66713 11005 59426 47715 94950 7664 74492 27691 60598 81973 4435 50173 44342 510 62128 4832 54521 63479 21539 57809 66149 62112 18481 44825 52025 29405 9693 33896
internal_value=-0.000527871 0.00267912 -0.00348458 -0.00467923 0.000930582 -0.00588454 0.00156368 -0.00695875 -0.000703875 0.00509567 0.000145901 0.00302413 -0.0058692 -0.00606205 -0.00432225 -0.00426505 0.00357611 -0.00916844 -0.000760956 0.00634609 0.000963638 -0.00334745 -0.00956059 -0.00697129 0.000884928 -0.00460155 -0.00177991 -0.00225467 -5.47975e-05 0.00186535
internal_weight=387732 185994 201738 141113 107912 116276 96191.3 81689.2 60624.8 78081.9 48808.8 47382.4 54712 53478.8 18355.9 11721.1 35247.7 26977.3 35729.2 42834.2 24836.6 34587.2 25577.2 35122.9 29945.5 11526.8 23751.1 30679.4 18019.6 28765.1
internal_count=1311498 688422 623076 433985 491761 356236 437389 250712 189091 196661 226570 210819 168726 164291 52006 54372 89819 81986 167144 106842 77749 105524 77154 112285 92973 53862 112623 96118 56210 128846
is_linear=0
shrinkage=0.05


Tree=13
num_leaves=31
num_cat=0
split_feature=16 16 1 3 1 1 10 10 10 16 10 3 1 16 1 16 10 16 16 10 10 16 16 16 16 8 1 1 16 3
split_gain=1333.21 278.043 250.317 333.371 143.314 95.5847 73.2962 66.6165 60.4245 52.2024 40.9885 40.0934 35.0312 33.4821 32.1793 29.8923 28.6518 25.88 25.7244 23.4751 22.9921 22.514 22.3284 19.6332 30.3281 18.8307 17.5901 16.8082 16.5143 16.0418
threshold=0.80053615053700111 0.76314558284360301 2003.5000000000002 1.0000000180025095e-35 976.50000000000011 1924.5000000000002 6.4847746935035122 7.2370010984580881 7.3472743445324857 0.72364337447615934 7.1576715141565419 1.0000000180025095e-35 763.50000000000011 0.90056769624314192 878.50000000000011 0.90748563302870633 6.1613069155431477 0.81327991938713906 0.91167763378283551 7.2846924547368088 7.3316652221561238 0.8127814019877837 0.81354795087357534 0.83375273960117646 0.90374560103526036 0.89587973461402759 597.50000000000011 646.50000000000011 0.90374560103526036 1.0000000180025095e-35
decision_type=2 2 2 2 2 2 2 2 2 2 2 2 2 2 2 2 2 2 2 2 2 2 2 2 2 2 2 2 2 2
left_child=1 9 3 18 6 7 13 11 15 -1 28 27 -13 17 -11 21 -7 -5 20 -16 -2 -6 -19 -8 -25 -23 -24 -3 -4 -9
right_child=2 5 10 4 8 16 23 29 -10 14 -12 12 -14 -15 19 -17 -18 22 -20 -21 -22 25 26 24 -26 -27 -28 -29 -30 -31
leaf_value=0.04797169423538631 -0.0019601631999923153 0.0012872568636071837 -0.0034851498129063576 -0.010251428705291915 -0.0053912311863338787 0.0051149454710321457 -0.0083205919668124465 0.026905189732777193 -0.0035823650425676704 0.011074707934320799 0.0070310093900138593 -0.0095300993074554589 -0.0022192587078669556 -0.0036900035085046913 0.018215631126042603 0.012516401442507165 0.020430594308774655 -0.017106151541276569 0.038536869293259036 0.040992382861431823 0.016632551753013848 -0.0080127230548965537 -0.014252769227435859 -0.012635540063070584 6.4103156084410756e-05 -0.011024751246087316 -0.012217381813199174 0.024685892597056038 0.027544211930250102 0.0050829239416274935
leaf_weight=26968.154675267637 16876.249990358949 7645.9106580242515 31318.383678652346 5649.228367112577 7876.4442317485809 14305.199679907411 13101.585445173085 4958.7731862179935 18890.765993133187 19062.30883384496 15443.544414922595 12907.382381465286 26853.885420747101 1713.0903886780143 19744.140129417181 1082.8233807533979 17787.223705265671 907.05342324078083 2102.6147822216153 12307.251261427999 6246.2747981250286 15723.493329338729 12251.914329327643 13593.3879109025 1667.3553553000093 20162.718195825815 16409.837493211031 3037.161948222667 721.14518525451422 20416.786918286234
leaf_count=68345 52289 34886 97965 15328 21970 63844 37944 22935 57693 48184 47912 62135 124421 5882 49277 3992 77305 1415 7169 30855 19510 48312 38119 43219 5788 64590 51419 13977 2560 92258
internal_value=-0.000552495 0.002501 -0.0033677 -0.00434487 -0.00537262 0.00085657 -0.00701899 -0.00011157 -0.00368602 0.00477367 -0.000193227 -0.00116273 -0.0018934 -0.00848707 0.0038346 -0.00468521 0.00314385 -0.00881911 0.000912188 0.00480211 0.000430697 -0.00488827 -0.00941155 -0.00510737 -0.00632627 -0.00541957 -0.00916713 0.00155672 -0.00121314 0.00197805
internal_weight=387732 185994 201738 154255 129030 107912 65293.5 75819.9 63736.2 78081.9 47483.1 50444.3 39761.3 36931.1 51113.7 44845.5 32092.4 35218 25225.1 32051.4 23122.5 43762.7 29568.8 28362.3 15260.7 35886.2 28661.8 10683.1 32039.5 25375.6
internal_count=1311498 688422 623076 474639 395671 491761 199114 350612 196557 196661 148437 235419 186556 112163 128316 138864 141149 106281 78968 80132 71799 134872 90953 86951 49007 112902 89538 48863 100525 115193
is_linear=0
shrinkage=0.05


Tree=14
num_leaves=31
num_cat=6
split_feature=16 16 2 3 4 10 2 10 10 16 2 2 10 4 3 16 4 2 8 16 16 16 4 10 16 3 2 4 10 10
split_gain=1213.68 252.451 226.139 354.05 138.045 101.487 77.3734 62.761 54.3627 46.2688 45.3082 39.2386 36.444 34.1192 28.1069 27.3271 62.2193 24.6871 22.9384 22.7791 20.7442 29.0545 50.6698 20.41 19.6203 19.4616 21.1911 18.2569 17.8619 17.4749
threshold=0.80172580346046063 0.75487371117856195 0 1.0000000180025095e-35 1.5000000000000002 7.0910595020580098 1 7.4639358514569789 7.3161142606381642 0.90748563302870633 2 3 6.3969000025906384 3.5000000000000004 1.0000000180025095e-35 0.82340483352627902 1.5000000000000002 4 0.89587973461402759 0.8861666780130667 0.90374560103526036 0.83426495118380328 1.5000000000000002 7.6487177596033016 0.91167763378283551 1.0000000180025095e-35 5 1.5000000000000002 6.6773997267357688 7.3777448829540324
decision_type=2 2 1 2 2 2 1 2 2 2 1 1 2 2 2 2 2 1 2 2 2 2 2 2 2 2 1 2 2 2
left_child=1 12 7 19 14 9 23 11 13 10 15 -2 -1 25 -3 16 -5 -14 -17 28 21 22 -7 -6 -13 -8 -27 -23 -4 -16
right_child=2 4 3 5 6 20 8 -9 -10 -11 -12 24 17 -15 29 18 -18 -19 -20 -21 -22 27 -24 -25 -26 26 -28 -29 -30 -31
leaf_value=0.020243300300840324 -0.0015390424059598786 0.0075744596455431419 -0.0038188214892550866 -0.014276576284965321 0.013058644061896647 -0.014244242541322555 0.0062631313279753464 0.0046503703057899698 0.011738134747456875 0.00099750092413029563 -0.013378682930603179 -0.0069776200045168109 0.064538630041663103 0.0054310025960679631 -0.010502591409506632 -0.0099184955809966616 -0.0064470170479061679 0.034992168795856052 -0.012391325974670343 0.024092652496137804 0.0043942344305254845 -0.0012794169500858267 -0.0028688433423902648 0.038701527122823133 0.022582565319724242 -0.0011256513723645002 -0.0077208547954176867 -0.011577758305424048 0.01027739474167242 -0.0046388470890239624
leaf_weight=26279.667915180326 25718.659985676408 2218.7237974517047 11934.956125855446 3104.1829227134585 19947.152254804969 3076.4733422026038 6829.1523215994239 19245.729770287871 27974.342668738216 2115.5139775723219 16058.746527090669 28746.146445773542 7928.5720732435584 24128.398425731808 7744.0918620489538 15817.060449749231 12828.73708602041 28837.233813732862 17045.553286410868 4136.1416628286242 1982.6100606620312 1671.7088524252176 12684.144091881812 5704.7445349432528 599.64078302681446 16219.5797078982 12044.641758847982 14092.504589147866 7832.0044459551573 3185.2739518731833
leaf_count=66043 81156 10023 36535 7500 82497 8801 29294 59465 117976 7666 48420 89331 19544 102795 34485 49007 37132 72550 55197 13856 6868 5351 37033 22640 2129 71345 54213 44522 24438 13686
internal_value=-0.000573098 0.00229482 -0.00330174 -0.00460545 0.00100232 -0.00590695 0.00156724 -0.00111882 0.000856724 -0.00703096 -0.00726833 -0.00197803 0.00487786 -1.22516e-06 -0.0038463 -0.00650437 -0.00480636 0.00589421 -0.0073296 0.000863498 -0.00366043 -0.00397242 -0.00245432 0.00398056 -0.00322713 -0.000996357 -0.00157513 -0.00549017 0.000157442 -0.00488789
internal_weight=387732 189042 198691 124380 125996 100477 112848 74310.2 87196.1 66969.8 64854.3 55064.4 63045.5 59221.8 13148.1 48795.5 15932.9 36765.8 32862.6 23903.1 33507.4 31524.8 15760.6 25651.9 29345.8 35093.4 28264.2 15764.2 19767 10929.4
internal_count=1311498 697091 614407 382326 538954 307497 480760 232081 375623 204922 197256 172616 158137 257647 58194 148836 44632 92094 104204 74829 102575 95707 45834 105137 91460 154852 125558 49873 60973 48171
cat_boundaries=0 1 2 3 4 5 6
cat_threshold=3 2 24 2 2 17
is_linear=0
shrinkage=0.05


Tree=15
num_leaves=31
num_cat=0
split_feature=16 16 1 3 10 1 1 3 10 16 10 16 10 1 16 1 10 16 10 1 1 16 16 16 1 16 8 17 8 16
split_gain=1103.36 232.692 224.462 312.741 111.508 87.236 70.9742 52.0788 48.4414 48.2281 39.3734 36.1048 35.9164 34.0126 33.0935 30.506 27.2052 25.4558 21.4355 20.5868 20.4448 18.8264 17.1235 23.1794 17.11 16.9331 16.8055 16.6968 15.4613 15.2713
threshold=0.80053615053700111 0.76232687082252271 1797.5000000000002 1.0000000180025095e-35 7.0228209549334624 1419.5000000000002 1027.5000000000002 1.0000000180025095e-35 6.3297016685451188 0.70095262182836504 6.1368695189505944 0.90748563302870633 5.9812086984327735 718.50000000000011 0.81327991938713906 696.50000000000011 7.0228209549334624 0.81354795087357534 7.3619828880744267 726.50000000000011 412.50000000000006 0.90748563302870633 0.91167763378283551 0.83426495118380328 2715.5000000000005 0.82340483352627902 1.2424533248940002 0.80752367129488067 0.89587973461402759 0.89781489096933687
decision_type=2 2 2 2 2 2 2 2 2 2 2 2 2 2 2 2 2 2 2 2 2 2 2 2 2 2 2 2 2 2
left_child=1 9 3 18 6 7 11 20 29 -1 -7 14 27 -11 -5 -6 -15 -16 -2 -14 -3 26 23 -17 -10 -19 -8 -9 -27 -4
right_child=2 5 8 4 15 10 21 12 24 13 -12 -13 19 16 17 22 -18 25 -20 -21 -22 -23 -24 -25 -26 28 -28 -29 -30 -31
leaf_value=0.053899227660250217 9.2888102946003809e-05 -0.00023973812046534926 -0.0049621247653098173 -0.0086493579386367602 -0.010340789052362732 0.0023746850854965032 -0.0068417539533672583 -0.0055508571810013565 -0.00070707994199705197 0.009615131099423602 0.01626514630885113 -0.00045984620403206612 -0.0060549027555179217 0.016982999151305446 -0.015371128852736962 -0.0031594664039660105 0.039403887948809752 -0.0096326901946344554 0.019622722828231298 0.0028120145270516153 0.01874227192049558 0.010448999277578919 0.016314498807902336 -0.0085532800925331998 0.0080262545427953035 -0.011193903465332129 -0.0096463134058860766 -0.012309766896818748 -0.012963271422443134 0.021313727922543043
leaf_weight=14495.389596432447 18346.955487944186 6774.9331866204739 27449.143061928451 7135.0988700911403 11991.410469427705 20458.165295351297 16027.990606851876 16404.209099888802 13918.675694704056 18193.387598946691 26591.508859310299 1584.0834004953504 9517.1069759465754 23615.415125019848 1029.3816459625959 14869.731028936803 19958.777798712254 6160.8405925780535 6703.8541652709246 17418.125926431268 8757.682669762522 746.51563386619091 1118.1921126917005 14447.563725523651 13647.392125241458 15678.117891229689 15309.980783380568 3636.1555631160736 14737.75839625299 814.55967461317778
leaf_count=38432 57231 30152 85949 19506 36459 91923 48051 42543 43144 45601 115762 5715 44040 58398 1636 43572 49641 18336 21235 78432 40142 2776 3975 45745 42539 48347 48076 52804 47716 2956
internal_value=-0.000599013 0.00218067 -0.00315965 -0.00419144 -0.0052455 0.000704464 -0.00636277 -0.000519605 -0.000463482 0.00430137 0.00233071 -0.00761469 -0.00134949 0.00369226 -0.00787734 -0.00318066 0.0044504 -0.00846966 0.000892984 -0.000156951 0.00199023 -0.0045552 -0.00233909 -0.00257071 0.00102784 -0.00825143 -0.00474213 -0.00295232 -0.0087356 -0.001918
internal_weight=387538 185821 201717 145887 120837 109558 78409.8 62508.2 55829.8 76263 47049.7 46325.3 46975.6 61767.6 44741.2 42426.9 43574.2 37606.1 25050.8 26935.2 15532.6 32084.5 30435.5 29317.3 27566.1 36576.7 31338 20040.4 30415.9 28263.7
internal_count=1310834 687870 622964 448376 369910 495798 240159 288113 174588 192072 207685 141256 217819 153640 135541 129751 108039 116035 78466 122472 70294 98903 93292 89317 85683 114399 96127 95347 96063 88905
is_linear=0
shrinkage=0.05


Tree=16
num_leaves=31
num_cat=0
split_feature=16 16 3 1 1 10 3 10 16 16 1 16 10 1 10 1 16 1 6 1 10 1 8 16 1 10 6 6 6 16
split_gain=1016.1 274.661 177.692 295.461 114.026 73.7358 70.3444 59.8687 52.3379 49.8301 46.8944 44.959 39.1719 33.8722 28.2597 25.1442 24.609 24.2995 21.9893 21.0107 19.7253 19.677 18.5207 19.2898 17.6983 17.3733 17.0215 15.1537 14.5122 13.6063
threshold=0.8127814019877837 0.76314558284360301 1.0000000180025095e-35 1294.5000000000002 1702.5000000000002 7.3472743445324857 1.0000000180025095e-35 6.2836524756025289 0.90748563302870633 0.90374560103526036 2678.5000000000005 0.74058505004740149 6.1613069155431477 597.50000000000011 7.6900569605238571 726.50000000000011 0.89781489096933687 646.50000000000011 0.60355339059327384 1546.5000000000002 7.7029209498175364 846.50000000000011 0.89587973461402759 0.84649134540172921 420.50000000000006 6.7576196076432629 0.60355339059327384 0.60355339059327384 0.25881904510252057 0.90374560103526036
decision_type=2 2 2 2 2 2 2 2 2 2 2 2 2 2 2 2 2 2 2 2 2 2 2 2 2 2 2 2 2 2
left_child=1 11 16 5 6 8 17 21 13 10 14 18 28 -4 27 -9 20 -3 24 -13 -2 -8 -15 -24 -1 -12 -14 -5 -6 -7
right_child=2 4 3 9 12 29 7 15 -10 -11 25 19 26 22 -16 -17 -18 -19 -20 -21 -22 -23 23 -25 -26 -27 -28 -29 -30 -31
leaf_value=0.01176635438876379 -0.0030180487049841389 0.0036215224026928897 -0.012311501446267302 -0.0079404779816515895 -0.00036794014853260286 -0.0086019187607288047 -0.0088380151437480736 -0.0057303587820665197 0.0011886320197654898 0.021181969312559387 -0.0033095716455181557 0.0079402036676274323 0.012168634203898666 -0.0088880392073483697 -0.0012464401691715367 0.0024193283124132273 0.027750784706175147 0.024522725708369705 0.048886902619239753 0.023413369339864688 0.019644378573910062 -0.0043126899039821814 -0.0097137112358246635 -0.012630682233881446 0.035845409528084383 0.0054999767698262654 0.030391058894057056 -0.0033875799167961129 0.009403081182920138 0.0026815677185118292
leaf_weight=5055.2115991413593 15205.478343516588 13796.039184875786 16481.208783298731 27725.399661436677 15743.118006441742 19259.900873057544 15234.398692358285 11444.219222284853 2187.2435004264116 2534.9626901596785 13235.451231151819 21739.145344540477 22006.35344408825 17296.360773541033 8563.1056215465069 27246.778095137328 3251.5438462123275 5991.0325951352715 7743.5728195384145 13608.172166876495 3234.3672775998712 19827.731116130948 11199.337213531137 9152.3381699919701 29798.368183910847 8669.2591907829046 5450.2761859409511 6793.4340712875128 6485.0834910199046 1579.2116675674915
leaf_count=12511 47321 57824 50574 87548 63560 59372 64870 47743 7952 9013 42713 55650 87860 52462 26551 111032 11135 25825 19252 34434 10121 82504 35051 29636 74692 27491 22037 21610 27065 5425
internal_value=-0.000608676 0.00161184 -0.00356061 -0.00419334 0.000312 -0.0063071 -0.000716195 -0.0014264 -0.00724736 -0.00177797 -0.00204624 0.00400032 0.00224775 -0.00755377 -0.00300396 -7.02977e-05 0.000659508 0.001931 0.00509421 0.00268207 -4.76869e-05 -0.00292287 -0.00672621 -0.00774857 0.00455874 -0.000162603 0.00351096 -0.00364178 0.000687421 -0.00376611
internal_weight=387538 221170 166369 144677 143225 77155.6 93540.2 73753.1 56316.5 67521.6 64986.6 77944.5 49684.8 54129.2 43081.9 38691 21691.4 19787.1 42597.2 35347.3 18439.8 35062.1 37648 20351.7 34853.6 21904.7 27456.6 34518.8 22228.2 20839.1
internal_count=1310834 786859 523975 455398 590320 240472 389798 306149 175675 214926 205913 196539 200522 167723 135709 158775 68577 83649 106455 90084 57442 147374 117149 64687 87203 70204 109897 109158 90625 64797
is_linear=0
shrinkage=0.05


Tree=17
num_leaves=31
num_cat=0
split_feature=16 16 3 1 1 10 3 10 16 16 1 16 10 1 6 10 10 1 16 1 1 10 0 1 1 10 6 6 6 16
split_gain=930.829 246.192 164.179 278.686 102.487 69.9815 63.5353 55.0158 48.9188 44.2612 42.487 42.4219 35.7324 33.76 31.8342 25.7469 25.0565 22.6984 22.4612 22.3384 19.1316 18.6484 18.1286 18.0781 17.5356 15.4169 14.1928 13.7779 12.7016 12.644
threshold=0.8127814019877837 0.76314558284360301 1.0000000180025095e-35 1294.5000000000002 1702.5000000000002 7.3472743445324857 1.0000000180025095e-35 6.2836524756025289 0.90748563302870633 0.90374560103526036 2678.5000000000005 0.70095262182836504 7.2696029113363272 675.50000000000011 0.60355339059327384 7.6900569605238571 6.3297016685451188 726.50000000000011 0.91167763378283551 412.50000000000006 741.50000000000011 7.7029209498175364 61.500000000000007 718.50000000000011 3831.5000000000005 6.7576196076432629 0.25881904510252057 0.60355339059327384 0.60355339059327384 0.90374560103526036
decision_type=2 2 2 2 2 2 2 2 2 2 2 2 2 2 2 2 2 2 2 2 2 2 2 2 2 2 2 2 2 2
left_child=1 11 18 5 6 8 19 20 13 10 15 -1 24 -4 16 27 22 -9 21 -3 -8 -2 -13 -18 -6 -12 -15 -5 -19 -7
right_child=2 4 3 9 12 29 7 17 -10 -11 25 14 -14 26 -16 -17 23 28 -20 -21 -22 -23 -24 -25 -26 -27 -28 -29 -30 -31
leaf_value=0.04935868613165556 -0.0023386588224176275 -0.00039418575651188338 -0.011533653499301872 -0.0075434540825690122 0.0014078995070491208 -0.0081718228226923661 -0.0088666849411577816 -0.0054438408429631942 0.0011292004187772153 0.020122870846931418 -0.0031440930632422484 0.0013214547140693589 0.019874027662123841 -0.010105603351393461 0.0345573393386156 -0.0011841181607129604 0.0082391671454830617 0.00058578691479466702 0.034241033437137101 0.016975383123240064 -0.0044352810136354505 0.019656263712115343 0.017058010018769398 0.028011588550043542 0.011090957449790285 0.0052249779313349514 -0.0077248866994614864 -0.0032182009209563048 0.012506311136388776 0.0025474893325862394
leaf_weight=14495.389596432447 16034.001832507551 8501.2149879485369 21193.028126627207 27725.399661436677 23760.731401979923 19259.900873057544 12061.482302546501 11444.219222284853 2187.2435004264116 2534.9626901596785 13235.451231151819 13245.29590896517 16229.593959253281 23292.883483879268 11547.448097743094 8563.1056215465069 8283.0669013559818 22246.119087480009 2177.6330586820841 11285.856792062521 23000.647505942732 3479.7545761391521 8813.9113873243332 21559.358222186565 9694.5057662576437 8669.2591907829046 9643.3333298563957 6793.4340712875128 5000.6590076573193 1579.2116675674915
leaf_count=38432 50158 35174 65232 87548 96451 59372 51467 47743 7952 9013 42713 33227 64643 72451 28702 26551 20819 90053 7499 48475 95907 10920 21797 53562 39428 27491 30040 21610 20979 5425
internal_value=-0.000610158 0.00151514 -0.00343552 -0.00404371 0.000284514 -0.0060966 -0.000690269 -0.00136523 -0.00701261 -0.00169791 -0.00195075 0.00377646 0.00211971 -0.00730883 0.00321892 -0.00286235 0.00269065 -6.52475e-05 0.000620964 0.00182554 -0.00279976 8.34804e-05 0.00141286 0.00363519 0.00118579 -0.00015781 -0.00630719 -0.00347115 0.000719624 -0.00362114
internal_weight=387538 221170 166369 144677 143225 77155.6 93540.2 73753.1 56316.5 67521.6 64986.6 77944.5 49684.8 54129.2 63449.1 43081.9 51901.6 38691 21691.4 19787.1 35062.1 19513.8 22059.2 29842.4 33455.2 21904.7 32936.2 34518.8 27246.8 20839.1
internal_count=1310834 786859 523975 455398 590320 240472 389798 306149 175675 214926 205913 196539 200522 167723 158107 135709 129405 158775 68577 83649 147374 61078 55024 74381 135879 70204 102491 109158 111032 64797
is_linear=0
shrinkage=0.05


Tree=18
num_leaves=31
num_cat=0
split_feature=16 16 3 1 1 10 10 1 16 16 8 7 1 10 16 3 1 10 10 16 10 0 16 10 8 16 1 8 16 3
split_gain=858.144 219.815 152.4 262.602 92.7153 74.603 61.4516 51.5736 46.6541 39.1758 30.0253 31.8695 27.2341 26.5373 25.2428 22.3981 32.0571 21.6366 21.5465 20.4437 20.4313 18.8893 15.5874 15.1927 14.8396 18.4611 13.9367 13.8859 13.7827 13.3823
threshold=0.8127814019877837 0.76314558284360301 1.0000000180025095e-35 1171.5000000000002 2573.5000000000005 6.3066735611883358 7.4355970572708285 2255.5000000000005 0.90374560103526036 0.71230193001861186 0.89587973461402759 1.0000000180025095e-35 597.50000000000011 7.2846924547368088 0.90056769624314192 1.0000000180025095e-35 1070.5000000000002 7.8345042055976304 7.7029209498175364 0.8861666780130667 7.2846924547368088 61.500000000000007 0.90374560103526036 7.3777448829540324 1.2424533248940002 0.84649134540172921 2477.5000000000005 1.2424533248940002 0.8624299788615909 1.0000000180025095e-35
decision_type=2 2 2 2 2 2 2 2 2 2 2 2 2 2 2 2 2 2 2 2 2 2 2 2 2 2 2 2 2 2
left_child=1 9 19 6 5 10 8 14 12 -1 11 -3 -4 21 18 -7 -17 22 27 23 -6 -11 -9 -2 -14 -26 -15 -5 -29 -13
right_child=2 4 3 7 20 15 -8 17 -10 13 -12 29 24 26 -16 16 -18 -19 -20 -21 -22 -23 -24 -25 25 -27 -28 28 -30 -31
leaf_value=0.042684361947999398 -0.0037413054740164098 -0.012169764793042371 -0.011151017341692923 -0.0050554272283066942 0.0066402377230441179 0.016305521068827333 -0.0073784245553519204 -0.0027921109455600283 -0.0007536840554622005 0.0055513073620770629 -0.006883702996636082 0.0079454565577864681 -0.0082654043634357906 0.022374353243745961 0.0088270246669804094 -0.0027580610882782298 0.0058885496460886035 0.011264603803882479 -0.0026260430213607246 0.020538148373535382 0.026959575639848743 0.01929573185681397 0.026082579269552764 0.013909307378096881 -0.0088782232163161692 -0.011793883166428815 0.054026101624812223 -0.0070224535517880412 -0.011490470555049238 -0.0021932527298198917
leaf_weight=19760.223014846444 12908.504563786089 2077.293831396848 16755.4790988639 15254.833604194224 19046.961784888059 10171.922678560019 17109.479261644185 25019.37475822866 2517.5150662139058 21618.171638578176 23300.244214549661 6628.0813828483224 16516.994103841484 17116.856387086213 2150.0277791395783 22669.393538180739 27383.999618764967 4725.9966005831957 8300.5743370577693 4446.5127480998635 8604.8912927396595 14887.404452964664 776.09260157495737 4336.3721554428339 9081.2645697295666 7393.4575711935759 4561.8146205320954 14689.458552286029 4386.6655432283878 23342.241691485047
leaf_count=51052 39922 9636 51429 46926 76891 43436 53179 80509 8844 54328 101431 26709 50055 43056 7585 93807 110977 14723 25536 15029 33972 36855 2785 13626 28514 24052 11248 46614 14647 93461
internal_value=-0.000611036 0.0014296 -0.00332385 -0.00390981 0.000266764 -0.000355493 -0.00612917 -0.0018652 -0.0069806 0.00356635 -0.00168062 -0.000687631 -0.00731666 0.0029131 -0.00294546 0.00086232 0.000427639 -0.000280213 -0.00321205 0.000584415 0.00286754 0.00209022 -0.000850032 -0.000195031 -0.00648294 -0.00754472 0.00429876 -0.00376477 -0.004664 -0.000272521
internal_weight=387538 221170 166369 144677 143225 115573 69374.2 75303 52264.7 77944.5 55347.9 32047.6 49747.2 58184.2 44781.6 60225.3 50053.4 30521.5 42631.5 21691.4 27651.9 36505.6 25795.5 17244.9 32991.7 16474.7 21678.7 34331 19076.1 29970.3
internal_count=1310834 786859 523975 455398 590320 479457 216073 239325 162894 196539 231237 129806 154050 145487 141308 248220 204784 98017 133723 68577 110863 91183 83294 53548 102621 52566 54304 108187 61261 120170
is_linear=0
shrinkage=0.05


Tree=19
num_leaves=31
num_cat=0
split_feature=16 16 4 1 16 10 4 16 4 10 10 8 1 7 1 16 4 6 16 4 4 6 16 16 17 16 16 10 7 10
split_gain=789.884 197.533 151.539 136.145 106.368 68.6025 62.7403 43.178 45.9339 41.3234 40.744 38.429 29.7789 26.6792 25.3417 23.9641 22.3469 21.0392 20.2399 49.1208 33.2593 19.7835 19.2136 36.8481 25.6935 21.3409 19.0528 16.7571 16.4769 16.2075
threshold=0.8127814019877837 0.76640384685231278 1.5000000000000002 1294.5000000000002 0.90374560103526036 7.4504533262904724 3.5000000000000004 0.74058505004740149 2.5000000000000004 7.0405050533413869 7.8225641747821397 1.2424533248940002 2678.5000000000005 1.0000000180025095e-35 3011.5000000000005 0.81354795087357534 1.5000000000000002 0.37940952255126048 0.84649134540172921 1.5000000000000002 1.5000000000000002 0.60355339059327384 0.80530725634941192 0.80570143096500557 0.66847687381717125 0.79940033165848312 0.91167763378283551 6.0354018228882049 1.0397207708399181 7.2846924547368088
decision_type=2 2 2 2 2 2 2 2 2 2 2 2 2 2 2 2 2 2 2 2 2 2 2 2 2 2 2 2 2 2
left_child=1 7 22 4 5 11 9 17 29 21 12 13 26 -2 27 16 -15 -1 19 -13 -20 -4 25 24 -24 -3 -5 -8 -17 -9
right_child=3 2 6 10 -6 -7 14 8 -10 -11 -12 18 -14 15 -16 28 -18 -19 20 -21 -22 -23 23 -25 -26 -27 -28 -29 -30 -31
leaf_value=0.026876913796807456 -0.012099909994343589 -0.0084130246043048647 -0.0043288889166519578 -0.0059578333069804038 0.0065946474788477153 -0.0057959478072050156 0.0012010789128143963 -0.0051425040719713377 0.017005935872656763 0.0049535934027890973 0.0039684609305633781 -0.013219218360841764 -0.0012830942412058455 -0.013815438728072688 0.020513310853436717 -0.0045344627901993621 -0.0029933078622954024 0.041840552807332343 0.00076165283917306592 -0.0075948015762101369 -0.011792629346437123 0.003484693073079137 -0.017347260406901717 -0.0084772295756699676 0.058529950318759051 0.012286783695691972 0.016238234313575153 0.010262526892926378 -0.0078431446769949842 0.0096627647664664154
leaf_weight=32092.892531611025 1736.1197725310922 10687.353045769036 35297.335188049823 37783.367625750601 6760.1479546129704 21517.862467601895 17186.221063699573 8573.8287092521787 29028.101187132299 27104.427559707314 11282.955316781998 3051.2683814391494 19395.72988833487 873.54623034596443 10071.743897780776 8675.5202692747116 373.13008177280426 10504.260070979595 1012.8057473599911 14397.76784426719 12972.693785779178 7811.3123481869698 1058.8318150639534 2875.0433523654938 86.401823326945305 923.27963896095753 1041.8295772895217 23231.004790626466 25493.857971966267 4637.4631249085069
leaf_count=80165 5774 52407 149792 119531 23416 66559 73437 21318 74046 114225 35062 10146 62721 1234 41047 26049 1028 26290 3058 44653 42462 34715 1356 6818 250 2372 3698 96749 78584 11872
internal_value=-0.000614141 0.00134366 0.000164915 -0.00321682 -0.00442842 -0.00488225 0.000764797 0.0032379 0.00210513 -0.000201866 -0.00152828 -0.00565501 -0.00206121 -0.00456636 0.0021091 -0.0042697 -0.0110788 0.00436116 -0.00694169 -0.00580583 -0.00835884 -0.00116369 -0.00446738 -0.00744646 -0.0150309 -0.00343585 -0.00286045 0.00154991 -0.00402127 -0.000338941
internal_weight=387538 221170 136333 166369 96864.7 90104.6 120702 84836.5 42239.4 70213.1 69503.9 68586.7 58220.9 37152.2 50489 35416.1 1246.68 42597.2 31434.5 17449 13985.5 43108.6 15630.9 4020.28 1145.23 11610.6 38825.2 40417.2 34169.4 13211.3
internal_count=1310834 786859 573168 523975 302963 279547 509965 213691 107236 298732 221012 212988 185950 112669 211233 106895 2262 106455 100319 54799 45520 184507 63203 8424 1606 54779 123229 170186 104633 33190
is_linear=0
shrinkage=0.05


Tree=20
num_leaves=31
num_cat=4
split_feature=16 2 3 16 4 10 6 10 4 2 6 3 2 10 2 8 4 16 16 8 7 10 16 16 16 4 4 10 10 16
split_gain=718.491 163.325 249.172 127.156 116.031 74.8239 43.624 43.3317 38.6767 37.359 25.3093 25.0406 23.9776 22.7988 21.5665 21.2037 20.9949 23.9908 21.5483 20.6758 19.4108 19.165 19.0899 17.4342 16.9768 30.3854 17.0244 16.3019 15.5523 13.9924
threshold=0.79786200270967511 0 1.0000000180025095e-35 0.74201131889676508 2.5000000000000004 6.7186225464380014 0.37940952255126048 7.4504533262904724 1.5000000000000002 1 0.60355339059327384 1.0000000180025095e-35 2 7.9504083152704217 3 3.4175922930736511 3.5000000000000004 0.84797720773251295 0.88926421891343954 0.89587973461402759 1.0000000180025095e-35 6.6984141434628581 0.78554027385569514 0.89302366647559417 0.84649134540172921 1.5000000000000002 1.5000000000000002 7.4212171186186024 6.4195514761470731 0.81327991938713906
decision_type=2 1 2 2 2 2 2 2 2 1 2 2 1 2 1 2 2 2 2 2 2 2 2 2 2 2 2 2 2 2
left_child=3 7 28 14 8 9 12 10 11 19 16 -5 22 15 -1 -7 18 -18 -2 20 -4 -10 -6 29 25 -21 -26 -13 -3 -11
right_child=1 2 5 4 6 13 -8 -9 21 23 -12 27 -14 -15 -16 -17 17 -19 -20 24 -22 -23 -24 -25 26 -27 -28 -29 -30 -31
leaf_value=0.047627283812403734 -0.0065630262907756644 -0.0013430510301112031 -0.011447415266070458 0.0065991553741293566 0.011892651346385086 -0.0053496669233833068 0.019446683515699482 0.0042075529235444551 -0.0039176624974646803 -0.0084100214941607108 0.0017201829182790951 -0.0097671440151403111 0.00017647337065004323 -0.0031646033289660425 0.02452067633784687 -0.0096734989160232269 0.0013806827114512311 -0.0072314061377064427 0.0083341766113025576 -0.011633837028417058 -0.0062263078310735524 0.0043720337947054161 0.00098811539491381879 -0.0045307136212548007 0.00017011896072660073 -0.0064863985574277671 -0.010463479416482197 -0.0039630853570432334 0.010930184565778668 -0.010400462144173459
leaf_weight=9213.771455898881 27160.156429693103 13905.649734951556 1553.0037414953113 2411.5960295423865 33182.447112891823 16418.582452043891 22217.235473312438 20768.531952425838 16899.119661714882 2672.2565385103226 11406.470944933593 7710.0011650472879 22958.555668961257 12732.763197161257 35291.342402912676 13875.337901197374 12974.055862471461 4767.0295987278223 1638.255076572299 2272.9043423980474 22210.623324722052 14409.444130793214 10942.094531975687 1091.5531036406755 614.39845211803913 11888.083895124495 8032.0401416495442 3049.2114023528993 11422.929230339825 12017.991292908788
leaf_count=22782 82711 43024 5061 10884 144651 49522 92612 63713 72279 7125 35829 35540 94083 37439 88094 43934 40679 15954 5838 6719 65972 60307 31409 3780 1910 36167 26229 13689 35920 36599
internal_value=-0.000606668 -0.00259264 -0.00367613 0.00172616 0.000955984 -0.00474669 0.00199522 -0.000792912 -0.00113047 -0.00585344 -0.00149534 -0.00340369 0.00135924 -0.00314281 0.00404127 -0.00388898 -0.00201266 -0.00065962 -0.00284619 -0.00513647 -0.00410546 -0.00017418 0.00204088 -0.0079609 -0.00621295 -0.00514701 -0.00795872 -0.00443585 0.000776469 -0.00841895
internal_weight=387707 209423 130708 178285 133780 105380 89300.3 78714.5 44479.4 62352.9 57946 13170.8 67083.1 43026.7 44505.1 30293.9 46539.5 17741.1 28798.4 46571.1 23763.6 31308.6 44124.5 15781.8 22807.4 14161 8646.44 10759.2 25328.6 14690.2
internal_count=1310455 644125 399401 666330 555454 320457 362755 244724 192699 189562 181011 60113 270143 130895 110876 93456 145182 56633 88549 142058 71033 132586 176060 47504 71025 42886 28139 49229 78944 43724
cat_boundaries=0 1 2 3 4
cat_threshold=3 24 19 2
is_linear=0
shrinkage=0.05


Tree=21
num_leaves=31
num_cat=10
split_feature=10 4 2 3 3 2 2 2 3 4 8 7 8 2 2 6 7 2 10 2 4 8 8 4 8 4 6 2 2 4
split_gain=270.964 147.382 122.614 126.378 119.454 119.54 77.532 44.2269 33.6777 31.494 30.9061 29.4849 26.1815 25.4569 23.0213 21.4637 21.2709 20.361 19.5635 17.5463 16.1322 15.4215 13.8328 13.8007 12.8481 12.3682 11.5221 10.958 10.9364 10.792
threshold=6.507403365479818 3.5000000000000004 0 1.0000000180025095e-35 1.0000000180025095e-35 1 2 3 1.0000000180025095e-35 3.5000000000000004 1.0000000180025095e-35 1.0000000180025095e-35 0.89587973461402759 4 5 0.78656609248549303 1.0000000180025095e-35 6 7.7029209498175364 7 3.5000000000000004 1.0000000180025095e-35 1.2424533248940002 1.5000000000000002 1.0000000180025095e-35 1.5000000000000002 0.25881904510252057 8 9 3.5000000000000004
decision_type=2 2 1 2 2 1 1 1 2 2 2 2 2 1 1 2 2 1 2 1 2 2 2 2 2 2 2 1 1 2
left_child=1 4 15 19 24 12 9 -3 -9 18 11 -7 16 22 25 20 -6 29 21 -4 -2 -5 -10 -12 -1 -13 -20 -14 -25 -8
right_child=2 7 3 6 5 10 17 8 13 -11 23 14 27 -15 -16 -17 -18 -19 26 -21 -22 -23 -24 28 -26 -27 -28 -29 -30 -31
leaf_value=0.0066305337561366143 0.0073867722272599251 0.0082795322938285908 0.011643148325479004 0.0044978736676190628 -0.011450981461340499 -0.011256512064035391 -0.0045882140001531346 0.0088363986359317418 0.0017788376836039288 0.0072181479497243854 -0.010226913755601358 -0.0074733255243824848 -0.004167800387116039 -0.0059257723415743705 -0.0086348669735736138 0.035043276446434173 0.0001647434631396716 -0.007701726438876841 0.0001423203064928824 0.029117361648373349 0.02255702636655791 -0.0045576375659223565 -0.0038388358611006397 -0.0072026413374371157 -0.0043886932415101 -0.0039376446629046935 0.010140231931638722 -0.0077000263469170606 -0.0093756915925122669 0.0006459920831595801
leaf_weight=13949.572539515793 16841.007920805365 17352.837282460183 15323.892901804298 4159.2811183147132 1629.2999725304544 2471.0514723099768 22192.203301116824 9934.8073560968041 14699.966000571847 26697.320440590382 6341.1476539224386 4825.7632217146456 9645.2299850992858 15130.026849839836 8833.4746524170041 4948.6153266131878 21740.39646910131 17700.232244104147 15628.774892482907 12361.627215180546 14549.678878493607 21066.999352574348 12070.798332434148 10561.107012923807 7773.8502894677222 17324.72902116552 6558.7133261822164 10690.30622542277 16094.418707448989 8610.3062857836485
leaf_count=45171 55971 59359 51356 13753 5795 9198 74671 33217 48816 89899 21930 15787 33876 51871 28671 16626 71856 59858 51120 41767 48445 73342 42872 36737 26808 56949 21664 37676 56178 29216
internal_value=-0.000608073 -0.00188158 0.000763898 0.000133616 -0.00286208 -0.00353033 -0.000555319 -1.26519e-05 -0.000744104 0.000461885 -0.00486596 -0.0037958 -0.00149812 -0.00136482 -0.00337661 0.00336978 -0.000356892 -0.00210924 -0.000311488 0.00318482 0.00288823 -0.001264 -0.000437479 -0.00595245 0.000526539 -0.00251204 0.000771475 -0.00281036 -0.00545371 -0.00133162
internal_weight=387707 201069 186639 150299 131880 110157 122614 69188.4 51835.6 74111.1 66451.7 33455 43705.2 41900.8 30984 36339.3 23369.7 48502.7 47413.8 27685.5 31390.7 25226.3 26770.8 32996.7 21723.4 22150.5 22187.5 20335.5 26655.5 30802.5
internal_count=1310455 682767 627688 506646 446632 374653 413523 236135 176776 249778 225450 110605 149203 143559 101407 121042 77651 163745 159879 93123 104416 87095 91688 114845 71979 72736 72784 71552 92915 103887
cat_boundaries=0 1 2 3 4 5 6 7 8 9 10
cat_threshold=2 3 17 2 17 24 8 4 2 16
is_linear=0
shrinkage=0.05


Tree=22
num_leaves=31
num_cat=0
split_feature=16 4 3 1 16 16 4 10 16 6 1 1 1 3 10 16 10 10 6 16 8 10 6 4 16 4 10 10 10 7
split_gain=640.275 159.825 116.396 208.076 99.1051 73.082 57.0859 54.2712 39.1163 37.6598 33.9771 32.3836 27.285 26.681 26.1289 25.7955 20.5854 20.4516 18.7776 18.0036 17.8258 17.341 17.0214 15.5465 14.9291 16.9678 14.1757 13.0784 12.6358 12.4777
threshold=0.8127814019877837 2.5000000000000004 1.0000000180025095e-35 1231.5000000000002 0.74201131889676508 0.76640384685231278 1.5000000000000002 7.7029209498175364 0.90056769624314192 0.60355339059327384 2917.5000000000005 511.50000000000006 604.50000000000011 1.0000000180025095e-35 7.4355970572708285 0.91167763378283551 7.1414546997017636 7.9179619986492931 0.37940952255126048 0.91167763378283551 1.2424533248940002 7.4212171186186024 0.78656609248549303 3.5000000000000004 0.83426495118380328 2.5000000000000004 7.7168148692138958 6.7576196076432629 7.1252063492905746 1.0000000180025095e-35
decision_type=2 2 2 2 2 2 2 2 2 2 2 2 2 2 2 2 2 2 2 2 2 2 2 2 2 2 2 2 2 2
left_child=1 4 19 7 -1 12 13 8 11 14 15 -4 -3 -6 23 17 -8 20 28 26 29 -15 -13 -7 25 -22 -2 -12 -14 -5
right_child=2 5 3 10 6 9 16 -9 -10 -11 27 22 18 21 -16 -17 -18 -19 -20 -21 24 -23 -24 -25 -26 -27 -28 -29 -30 -31
leaf_value=0.022085642602121005 -0.0024064653104373447 0.0081154906443907104 -0.0097622586035873218 -0.01016428751898692 0.0014074695855527675 -0.0024015614274583543 -0.0037719904657714911 -0.0051808145566118353 -0.0017780630158433343 0.015290711390198353 -0.0020218014798101371 -0.0081758295582501968 0.014736013859751429 -0.0091051495864365572 0.010225052521342088 0.019006475282429627 0.0033293153272206388 0.00058442925145006934 0.036762602361719902 0.029907175751545213 -0.0080155845102499734 -0.0056178296238606207 -0.005058123739469381 0.0030344791005725625 -0.0082345582965354155 -0.0016430154188424196 0.016126733476196056 0.0068805688409876503 0.03366501586773845 -0.0026746580272571097
leaf_weight=13811.519466683269 16077.062718681991 11702.12824267149 12506.872398234904 974.33983415365219 3272.5305771380663 21945.366189308465 26208.902857091278 13305.115231864154 3374.1722642704844 16178.216290060431 11608.901508979499 38477.559065766633 19712.821954324841 11420.374839656055 19658.020429227501 1436.954741768539 15340.529324196279 6812.9461005628109 11725.160200104117 2169.4400394111872 3778.2170351818204 4646.5953442640603 5664.4989424720407 30531.171648181975 14850.222467772663 6733.3499021455646 3417.9509159699082 7619.8700093626976 15285.749455556273 17460.876253426075
leaf_count=34660 50415 29383 38202 3186 12913 92474 103118 41158 11701 69724 37583 119496 49674 42839 81152 5173 58847 20748 29532 7455 11911 16916 17792 127066 48976 21065 10661 24434 38333 53868
internal_value=-0.000596222 0.00116445 -0.00294112 -0.00345318 -0.000718227 0.00212287 -0.0015856 -0.00532311 -0.00596353 0.00121527 -0.00152939 -0.00627505 0.00349474 -0.00382962 0.000726292 -0.00219294 -0.000541111 -0.0023805 0.00403548 0.000476718 -0.00277693 -0.00466777 -0.00563872 0.000143859 -0.00363695 -0.00219507 -4.10904e-06 0.000266639 0.00345531 -0.00159378
internal_weight=387707 221439 166268 144604 74700.5 146739 60888.9 73328.2 60023.1 88312.8 71275.7 56648.9 58425.9 19339.5 72134.6 52046.9 41549.4 50610 46723.7 21664.5 43797 16067 44142.1 52476.5 25361.8 10511.6 19495 19228.8 34998.6 18435.2
internal_count=1310455 786631 523824 455293 269293 517338 234633 228349 187191 370416 226944 175490 146922 72668 300692 164927 161965 159754 117539 68531 139006 59755 137288 219540 81952 32976 61076 62017 88007 57054
is_linear=0
shrinkage=0.05


Tree=23
num_leaves=31
num_cat=0
split_feature=16 1 16 4 16 10 4 10 8 6 7 1 1 1 10 8 10 16 4 4 8 16 10 6 16 4 8 10 1 16
split_gain=590.628 134.198 114.453 81.7977 76.3346 63.2244 45.4326 35.9458 33.6026 28.8381 26.3565 24.2729 23.9976 21.8522 21.0674 20.1372 25.2603 18.5123 30.833 24.4544 17.4165 17.0856 16.9302 15.52 14.4036 37.1489 14.2175 17.5889 13.9641 13.2925
threshold=0.80172580346046063 1294.5000000000002 0.74819628440837505 3.5000000000000004 0.91167763378283551 6.5947700359075858 1.5000000000000002 7.4073427185764524 0.89587973461402759 0.60355339059327384 1.0000000180025095e-35 2917.5000000000005 893.50000000000011 3454.5000000000005 7.580229746060315 1.0000000180025095e-35 7.9504083152704217 0.84649134540172921 2.5000000000000004 1.5000000000000002 1.2424533248940002 0.79940033165848312 5.931261183646332 0.25881904510252057 0.83214013540678655 1.5000000000000002 0.89587973461402759 1.0000000180025095e-35 4231.5000000000009 0.83426495118380328
decision_type=2 2 2 2 2 2 2 2 2 2 2 2 2 2 2 2 2 2 2 2 2 2 2 2 2 2 2 2 2 2
left_child=2 4 12 6 5 8 21 11 10 14 -2 20 -1 23 26 -7 17 18 -17 -19 -3 -4 -14 -5 25 -10 27 -8 -9 -22
right_child=1 7 3 13 -6 15 9 28 24 -11 -12 -13 22 -15 -16 16 -18 19 -20 -21 29 -23 -24 -25 -26 -27 -28 -29 -30 -31
leaf_value=0.013576132387728812 -0.010444389380965752 -0.0025669294552121639 -0.0067758551527626332 0.0047374695363682998 0.010025778102529871 0.00017230847448407305 -0.012374148859617752 0.00064534031298988943 -0.010912666793602619 0.0096374613281116628 -0.0060813812821473969 -0.00025340933195456275 0.015663612873714382 0.025107850190205019 0.0056629661337162188 -0.0087225304182935448 -0.0025387720083384748 0.0036648551436167577 -0.0018497102644694065 -0.010159160798096638 -0.0040804509555500195 0.032503723010697858 0.038471064375083464 0.015297355618496617 -0.0089632216154972907 -0.0057418687329348246 -0.0050248159669101268 0.0014060534787219969 0.016987399694557117 -0.0077384268250636386
leaf_weight=21191.8481483832 2055.819747403264 20559.948982924223 13388.715930771083 31976.347026064992 5044.6627648845315 6668.8421467319131 985.46656955778599 20346.062613584101 2418.5730758681893 12859.694698456675 33657.836953803897 17996.454188250005 10184.921875789762 8753.7311557233334 14664.877477254719 7607.6162434443831 11979.245342455804 1086.5740767419338 9222.2880054265261 9206.3360840752721 11639.079255215824 355.72923048585653 21737.44369585067 12058.09955983609 15237.135107219219 9848.7441645860672 22179.807145182043 18684.014624319971 2884.3395703583956 11227.180787838995
leaf_count=52797 6814 62696 59508 128496 17493 19690 4604 62575 6334 55359 100047 57098 25578 33620 59366 22988 35552 3290 28419 30147 35312 969 53763 50236 50087 29461 97699 74182 9083 37192
internal_value=-0.000596425 -0.00249989 0.00140438 0.000635225 -0.00361949 -0.00389781 -0.000342329 -0.000991711 -0.0049225 0.000177992 -0.00391088 -0.00162534 0.00337246 0.00217444 -0.000308294 -0.00248251 -0.00291562 -0.0037602 -0.00273864 -0.00543053 -0.0022652 -0.0029686 0.0042384 0.00172087 -0.00623607 -0.00496086 -0.000879762 9.887e-05 0.00068365 -0.00321469
internal_weight=387707 198687 189021 135906 114034 108989 83118.3 84653.1 63218.1 69373.9 35713.7 61422.7 53114.2 52788.2 56514.2 45770.9 39102.1 27122.8 16829.9 10292.9 43426.2 13744.4 31922.4 44034.4 27504.5 12267.3 41849.3 19669.5 23230.4 22866.3
internal_count=1310455 614278 696177 564039 350322 332829 351687 263956 192743 291210 106861 192298 132138 212352 235851 140086 120396 84844 51407 33437 135200 60477 79341 178732 85882 35795 176485 78786 71658 72504
is_linear=0
shrinkage=0.05


Tree=24
num_leaves=31
num_cat=0
split_feature=16 4 3 1 16 16 4 10 6 16 16 1 1 3 10 1 7 1 10 10 16 7 16 16 4 4 6 10 4 10
split_gain=538.087 138.139 104.412 183.659 82.4858 60.3333 50.4865 46.7148 41.051 33.0867 32.9664 31.9942 27.6746 24.155 23.7768 19.0289 18.2272 18.0851 17.8766 16.1725 15.6844 14.9435 14.7341 16.8956 52.1159 34.2062 14.5521 14.3193 14.2403 13.9974
threshold=0.8127814019877837 2.5000000000000004 1.0000000180025095e-35 1162.5000000000002 0.74201131889676508 0.74819628440837505 1.5000000000000002 7.7029209498175364 0.25881904510252057 0.91167763378283551 0.90056769624314192 2112.5000000000005 511.50000000000006 1.0000000180025095e-35 7.4212171186186024 1242.5000000000002 1.0000000180025095e-35 2182.5000000000005 6.2596303779279365 7.4355970572708285 0.93504912530908568 1.0397207708399181 0.81354795087357534 0.84649134540172921 1.5000000000000002 1.5000000000000002 0.60355339059327384 6.3969000025906384 2.5000000000000004 7.7168148692138958
decision_type=2 2 2 2 2 2 2 2 2 2 2 2 2 2 2 2 2 2 2 2 2 2 2 2 2 2 2 2 2 2
left_child=1 4 20 7 -1 15 13 10 14 11 12 26 -4 -6 16 -3 -7 -10 -8 -15 29 -18 28 25 -25 -24 -5 -13 -14 -2
right_child=2 5 3 9 6 8 18 -9 17 -11 -12 27 22 19 -16 -17 21 -19 -20 -21 -22 -23 23 24 -26 -27 -28 -29 -30 -31
leaf_value=0.019836211103863667 -0.0016221712069078354 0.016722754938456198 -0.0089355243203632067 -0.0056924962410064483 0.0016758888639132553 -0.012533498621164835 -0.0042164476814842977 -0.0049013637300098171 0.0085229516208054686 0.021617199595846799 -0.0017223361309807229 -0.0034902346238377515 -0.010942697571270109 -0.0083758369449295211 0.010205948224519191 0.036228076350087422 0.010555452637571862 0.02471665771665842 0.0013877723302903268 -0.0050360254334950068 0.0418429588030126 8.6825077864188807e-05 -0.0097408904224891325 0.0072824383177154482 -0.0085751666489040264 -0.0050333949229400578 -0.0016563301732223702 0.0018307412949325086 -0.0018444286004098171 0.01731561470101366
leaf_weight=13811.519466683269 16874.022799111903 17954.938072688878 12506.872398234904 32639.681996814907 3272.5305771380663 1324.1707701198757 19388.296421647072 12412.541972249746 21417.231566693634 2024.8724467381835 3199.1569634899497 17487.490495927632 958.33473541587591 11462.284910432994 22549.910567492247 18589.303738392889 6546.8049442507327 9172.7468408755958 22161.135759640485 4604.6852734871209 1131.6998908892274 49183.527908921242 3603.949435301125 1227.1467645987868 16724.77481430769 17824.522339433432 8099.864222496748 15592.269726417959 302.41744453459978 3658.7309840619564
leaf_count=34660 53046 44615 38202 102434 12913 5704 76529 38412 85558 7265 11091 56310 1604 43010 85322 46165 23025 35357 85436 16745 4024 191592 12872 3703 53204 54082 25631 49615 868 11461
internal_value=-0.000587958 0.00102611 -0.0027376 -0.00322258 -0.000724187 0.00191714 -0.0015155 -0.00509404 0.00133328 -0.00152593 -0.00570572 -0.00169889 -0.00600244 -0.00362582 0.000735043 0.00367768 0.000191785 0.00289007 -0.000533238 -0.00442331 0.000499501 0.000329542 -0.00536951 -0.00519916 -0.00633067 -0.00425123 -0.00263687 -0.000543719 -0.0106903 0.000183658
internal_weight=387707 221439 166268 144604 74700.5 146739 60888.9 68759.7 110194 75844.2 56347.2 73819.3 53148 19339.5 79604.4 36544.2 57054.5 30590 41549.4 16067 21664.5 55730.3 40641.1 39380.4 17951.9 21428.5 40739.5 33079.8 1260.75 20532.8
internal_count=1310455 786631 523824 455293 269293 517338 234633 214038 426558 241255 175626 233990 164535 72668 305643 90780 220321 120915 161965 59755 68531 214617 126333 123861 56907 66954 128065 105925 2472 64507
is_linear=0
shrinkage=0.05


Tree=25
num_leaves=31
num_cat=0
split_feature=16 4 3 1 16 1 4 10 16 10 1 3 1 16 16 0 6 1 16 16 3 10 6 10 16 10 16 6 16 6
split_gain=494.366 121.057 96.8319 170.527 78.6651 51.6327 47.3049 43.0485 34.1658 33.9802 31.8547 26.8784 24.4601 23.4574 33.8294 22.9255 18.3519 17.8417 17.732 17.1906 16.4609 16.424 16.2865 14.7273 13.3621 13.1123 12.955 12.6962 12.4234 12.2861
threshold=0.8127814019877837 2.5000000000000004 1.0000000180025095e-35 1162.5000000000002 0.74201131889676508 1106.5000000000002 1.5000000000000002 7.6762034755851571 0.90056769624314192 7.4212171186186024 2255.5000000000005 1.0000000180025095e-35 660.50000000000011 0.80530725634941192 0.80570143096500557 61.500000000000007 0.60355339059327384 371.50000000000006 0.89781489096933687 0.79940033165848312 1.0000000180025095e-35 5.8039889525589397 0.78656609248549303 7.0568319800364909 0.89302366647559417 7.6356794924471805 0.91681818959512318 0.37940952255126048 0.81104456713643081 0.25881904510252057
decision_type=2 2 2 2 2 2 2 2 2 2 2 2 2 2 2 2 2 2 2 2 2 2 2 2 2 2 2 2 2 2
left_child=1 4 24 7 -1 11 13 8 12 15 18 17 -4 19 -15 22 25 -3 23 20 -6 -13 -7 -5 -2 -8 -12 -11 -16 -14
right_child=2 5 3 10 6 9 16 -9 -10 27 26 21 29 14 28 -17 -18 -19 -20 -21 -22 -23 -24 -25 -26 -27 -28 -29 -30 -31
leaf_value=0.019539072664207614 -0.00030146168411837593 0.00094259960729191632 -0.008013277637288244 -0.0053398803843729943 0.0033438013947181379 0.0023440430198183094 -0.00410368393238289 -0.0047989507839902917 -0.00093062472186857263 0.020971494769630984 -0.00096936670265627143 -0.0038592052828822446 -0.0071559684162222359 -0.014152955216177305 -0.0079769332049811122 0.014161028815970851 0.0057328744423615022 0.018938561987259375 0.0056644264213980833 0.011484774415107431 -0.0068621195337237933 0.0028288199034813945 0.018822745837481905 -0.0031065661447563899 0.019211404695808666 0.0027558053923825488 0.034646842658170973 0.036625163702692698 0.019866308508890637 -0.0051154411281787828
leaf_weight=13754.105533383787 18061.10767390579 7532.9742317572236 22048.423659041524 27688.762844838202 2596.8952790796757 28351.415554519743 25706.018003504723 12861.522639065981 3168.3766237124801 20004.93151512742 29900.013100333512 14854.088382788002 21991.093959227204 1150.5959495082498 2654.2806126698852 26057.889795020223 7812.8214309252799 13655.574106220156 2452.5521425157785 935.14739365875721 11809.891574978828 24930.075747348368 3999.2524519972503 15166.860612139106 3642.0060306787491 8242.78786393255 595.79229394346476 7212.2395500019193 274.28681063652039 8797.8704264163971
leaf_count=34626 56142 25241 67810 86993 11078 101910 100322 39879 11043 67348 95889 56391 68079 1607 5877 91720 31147 46892 8631 2387 50899 88237 14760 47517 12450 31093 2080 24787 1074 27594
internal_value=-0.00056442 0.00098244 -0.00262414 -0.00309134 -0.000652342 0.00181809 -0.00142044 -0.00489234 -0.00549141 0.00260993 -0.00145514 0.0007061 -0.00579382 -0.00345917 -0.00682915 0.00193 -0.000472331 0.00214459 -0.00229604 -0.00256315 -0.00298956 -6.00243e-05 0.00104096 -0.00253267 0.000490205 -0.000975152 -0.000205807 0.00406907 -0.00397507 -0.00488344
internal_weight=387910 221535 166374 144671 74936.8 146598 61182.7 68867.3 56005.8 85625.7 75804 60972.7 52837.4 19421.1 4079.16 58408.6 41761.6 21188.5 45308.2 15341.9 14406.8 39784.2 32350.7 42855.6 21703.1 33948.8 30495.8 27217.2 2928.57 30789
internal_count=1311503 787396 524107 455515 270110 517286 235484 214405 174526 300525 241110 216761 163483 72922 8558 208390 162562 72133 143141 64364 61977 144628 116670 134510 68592 131415 97969 92135 6951 95673
is_linear=0
shrinkage=0.05


Tree=26
num_leaves=31
num_cat=0
split_feature=16 1 3 4 16 10 4 6 16 1 16 1 18 10 1 6 3 18 8 1 16 10 6 4 1 1 6 13 16 4
split_gain=452.834 117.631 185.662 72.9368 54.9199 52.1524 39.5793 36.1216 34.6499 26.4818 25.6209 25.8632 25.1181 22.6527 22.4975 20.8561 19.7969 18.5662 17.1995 15.3611 13.7323 13.7059 13.2049 12.8588 12.2934 12.1744 11.8462 11.836 11.3382 19.3491
threshold=0.78844554839369796 1294.5000000000002 1.0000000180025095e-35 3.5000000000000004 0.72364337447615934 7.0910595020580098 1.5000000000000002 0.60355339059327384 0.8127814019877837 3595.5000000000005 0.91167763378283551 660.50000000000011 0.94583333333333341 6.6151282590507678 2833.5000000000005 0.60355339059327384 1.0000000180025095e-35 0.94583333333333341 1.2424533248940002 511.50000000000006 0.7434124931127456 7.7581550303642528 0.25881904510252057 3.5000000000000004 604.50000000000011 317.50000000000006 0.1294095225512602 1.0000000180025095e-35 0.83375273960117646 1.5000000000000002
decision_type=2 2 2 2 2 2 2 2 2 2 2 2 2 2 2 2 2 2 2 2 2 2 2 2 2 2 2 2 2 2
left_child=3 2 25 4 26 8 16 9 23 13 11 -10 -8 18 17 21 -6 -5 27 -7 -18 -14 -13 -4 -19 -2 -1 -3 29 -21
right_child=1 7 5 14 6 19 12 -9 10 -11 -12 22 15 -15 -16 -17 20 24 -20 28 -22 -23 -24 -25 -26 -27 -28 -29 -30 -31
leaf_value=0.018633154421989994 -0.0031989212780021204 -0.0023951629922974397 -0.0063716303383577451 -0.0014807972510724522 0.0087425310567749489 -0.0078565071548868572 -0.0056594522322047204 0.0036551698890928078 -0.0075429410088802308 0.0022081808054661644 0.0028600442291683349 -0.0066608485065807249 0.00029956719706042412 -0.0016059339333226619 0.030908609806222023 0.01502020801052617 0.01279614802954826 0.0059808689730949105 -0.0064500361251844836 -0.0085221180302062216 -0.0074001422960852555 0.011010187342019518 -0.0045520500051828396 -0.0017584740584364823 0.017362389312128901 0.0061551508207173039 0.037020234766516127 -0.0096833081243367872 -0.0056311161969158172 -0.00039125288347415801
leaf_weight=10941.58220513165 8490.8390166312456 17917.344029307365 12228.596909798682 5510.625327385962 2517.3360917344689 6365.03602835536 9510.5524663887918 20253.21933516115 19045.932199716568 16119.463865175843 1656.25783547014 22157.454790063202 34667.85215915367 29761.261701904237 13633.861411355436 10045.915515586734 1012.2807621508837 8974.4246193878353 16398.781237252057 2661.7816693410277 8850.0672713071108 10026.097116749734 9113.9175374060869 5323.3667724281549 32690.3091997765 19531.437017962337 5108.570135936141 1233.485072247684 13155.37074649334 13006.633746117353
leaf_count=27842 26002 53734 33553 75378 10758 19199 134120 62933 58641 50184 5854 68848 88022 90831 48638 24845 2237 22085 51354 7537 42387 24727 28457 15527 80046 60981 13191 3901 41869 37822
internal_value=-0.000562169 -0.00194451 -0.00292482 0.00154904 0.000666178 -0.00389217 0.000109144 -0.000664828 -0.00468602 -0.00113481 -0.00533468 -0.00553609 0.000607938 -0.00158276 0.00289464 0.00102001 -0.00247959 0.00237762 -0.00243478 -0.00232371 -0.00348976 0.000557308 -0.00465142 -0.00276524 0.00273836 0.000690006 0.00332569 -0.00141707 -0.0018328 -0.000924133
internal_weight=387910 234420 132737 153489 92680.3 104714 76630.1 101684 69525.5 81430.3 51973.6 50317.3 64250.4 65310.9 60809.2 54739.9 12379.7 47175.4 35549.6 35188.8 9862.35 44693.9 31271.4 17552 41664.7 28022.3 16050.2 19150.8 28823.8 15668.4
internal_count=1311503 717227 404290 594276 368129 317307 327096 312937 210880 250004 161800 155946 271714 199820 226147 137594 55382 177509 108989 106427 44624 112749 97305 49080 102131 86983 41033 57635 87228 45359
is_linear=0
shrinkage=0.05


Tree=27
num_leaves=31
num_cat=0
split_feature=16 16 4 3 1 6 16 6 0 1 1 4 16 16 17 16 16 16 1 1 6 16 16 4 4 16 6 6 16 4
split_gain=417.001 105.087 86.6803 81.5628 147.854 39.1803 37.0151 33.1387 30.3818 30.3029 27.5179 21.618 21.334 33.0737 22.4174 19.572 18.5195 16.7336 15.5706 14.2931 14.2806 12.4171 12.3205 12.0466 11.929 11.6335 11.4663 11.2545 10.6595 35.2056
threshold=0.8127814019877837 0.76640384685231278 1.5000000000000002 1.0000000180025095e-35 1162.5000000000002 0.60355339059327384 0.90056769624314192 0.37940952255126048 60.500000000000007 660.50000000000011 2333.5000000000005 3.5000000000000004 0.80530725634941192 0.80570143096500557 0.66847687381717125 0.70095262182836504 0.79001139522371822 0.89781489096933687 1274.5000000000002 3749.5000000000005 0.78656609248549303 0.97182285662211954 0.93504912530908568 4.5000000000000009 2.5000000000000004 0.81104456713643081 0.25881904510252057 0.25881904510252057 0.85472328363330063 1.5000000000000002
decision_type=2 2 2 2 2 2 2 2 2 2 2 2 2 2 2 2 2 2 2 2 2 2 2 2 2 2 2 2 2 2
left_child=1 7 12 22 6 8 9 11 23 27 17 15 16 14 -14 -1 -3 26 -10 -7 28 -8 -2 -4 -19 -15 -6 -5 -11 -30
right_child=3 2 5 4 10 19 21 -9 18 20 -12 -13 13 25 -16 -17 -18 24 -20 -21 -22 -23 -24 -25 -26 -27 -28 -29 29 -31
leaf_value=0.030561537924388649 0.0005912621501002913 -0.0067808327194871622 -0.0030270977975223601 -0.00768912612526477 -0.0050925889518230079 0.0073769248242917806 -0.0021790024431619149 0.024303582235912183 4.3761806614350809e-05 -0.0053476469747073402 -0.00037376566894599118 0.018502926036094946 -0.013507931823612224 -0.0072767718275862014 0.051899037570069841 0.001920535429220982 0.0014590547009176225 0.019841571325802988 0.0076779100813432867 0.027919818932937004 -0.0025385846786535327 0.048218642088592514 0.036671501471903283 0.0031509147609569744 -0.0048197635694752832 0.019191574600363991 -0.00212144500111075 -0.0059030955518914272 0.0090388232138398812 -0.0079389959977800902
leaf_weight=6827.3957853317261 20571.673254154623 8138.7808955982327 47194.303837947547 18835.866489358246 31340.42625246942 19767.808934707195 3947.2860613837838 21011.059522353113 19514.266256723553 22056.382465779781 28803.972527340055 26261.125518113375 1065.8021324872971 2654.2806126698852 84.793817020952702 30901.078796893358 3492.1335260272026 1432.1682965755463 22308.076493483037 2542.2270068228245 4858.6797770857811 405.16135086864233 1131.4404504299164 9497.8518402427435 1109.2043168768287 274.28681063652039 13118.209600508213 7623.2693775296211 892.29538777470589 10248.346397683024
leaf_count=18157 64579 45726 200626 57840 98183 85974 13613 52904 82461 66821 92560 65954 1363 5877 244 76778 9171 4770 90928 10634 15389 1398 4013 39525 4171 1074 41426 23564 2598 33182
internal_value=-0.000554008 0.000866668 7.43039e-06 -0.00244571 -0.00287449 0.000461707 -0.0045515 0.00224684 3.32312e-05 -0.00485259 -0.00135094 0.00168113 -0.00348636 -0.00659764 -0.0137804 0.000914395 -0.00239519 -0.00209672 0.00105555 0.00235373 -0.00394902 -8.86147e-05 0.000412563 -0.00072094 0.0018493 -0.00377562 -0.00232229 -0.00615217 -0.00431957 -0.00558023
internal_weight=387910 221535 136535 166374 144671 120825 68867.3 85000.7 98514.5 64514.8 75804 63989.6 15710.1 4079.16 1150.6 37728.5 11630.9 47000 41822.3 22310 38055.7 4352.45 21703.1 56692.2 2541.37 2928.57 44458.6 26459.1 33197 11140.6
internal_count=1311503 787396 573603 524107 455515 510148 214405 213793 413540 199394 241110 160889 63455 8558 1607 94935 54897 148550 173389 96608 117990 15011 68592 240151 8941 6951 139609 81404 102601 35780
is_linear=0
shrinkage=0.05


Tree=28
num_leaves=31
num_cat=0
split_feature=16 16 3 1 1 10 10 8 16 7 10 6 1 1 10 0 3 1 6 1 16 10 6 7 7 16 8 7 6 6
split_gain=381.677 97.1524 75.5692 138.422 65.4682 49.6667 37.7242 30.5324 29.0074 28.7423 25.9597 23.6852 22.086 21.8312 18.9238 16.8624 16.6954 22.4803 13.7322 13.6906 11.9146 11.6193 11.1652 10.9933 26.5815 10.3165 9.84941 10.8895 9.37864 9.37056
threshold=0.8127814019877837 0.7434124931127456 1.0000000180025095e-35 1162.5000000000002 2643.5000000000005 5.9812086984327735 7.6762034755851571 1.0000000180025095e-35 0.90056769624314192 1.0000000180025095e-35 7.8588067732183537 0.37940952255126048 2333.5000000000005 675.50000000000011 6.2358486112362446 66.500000000000014 1.0000000180025095e-35 741.50000000000011 0.37940952255126048 660.50000000000011 0.78226511065443993 6.7769113658813378 0.25881904510252057 1.0397207708399181 2.3502401828962087 0.90748563302870633 1.0000000180025095e-35 1.0000000180025095e-35 0.78656609248549303 0.78656609248549303
decision_type=2 2 2 2 2 2 2 2 2 2 2 2 2 2 2 2 2 2 2 2 2 2 2 2 2 2 2 2 2 2
left_child=1 14 21 6 5 7 8 9 13 -3 12 16 25 22 26 28 19 -18 -16 -7 -19 -2 -4 -11 -25 -5 27 -1 -6 -15
right_child=2 4 3 10 15 11 -8 -9 -10 23 -12 -13 -14 29 18 -17 17 20 -20 -21 -22 -23 -24 24 -26 -27 -28 -29 -30 -31
leaf_value=-0.021430797220718934 -0.0018633102108974011 -0.010104415504049292 -0.0073173668667680415 -0.0045096366993068408 0.0038697345054878544 0.0031813966648565396 -0.0040158258620550643 -0.0060608021566256947 -0.00078415536331153399 0.0049902180770068638 0.0030022469968642995 0.0088896668031183245 -0.0013504509554844947 -0.0060261771512762352 0.024571842248957799 0.017955185611026239 -0.005469597992833428 0.0048500596342986426 0.03627432268442659 0.026687476919261502 -0.0016089037882845326 0.0097365043167171768 -0.0057845189153227757 -0.0076008206550501889 0.0020904091301954864 0.008101425224789488 0.00066702335086051836 0.020961112713052111 0.01970641553761018 -0.0031705784318630721
leaf_weight=538.90532808750868 13326.398441575468 2460.8058095946908 16462.80535171926 38513.549513883889 17301.021803252399 7540.202344417572 12861.522639065981 26413.65723310411 3168.3766237124801 10388.767854616046 11484.870791204274 20415.70657826215 24609.203865379095 25983.165861666203 21713.658170379698 12899.749841865152 12248.008681554347 19737.118435505778 7093.042013451457 3849.7371621020138 19041.292806684971 8376.7152630090714 6598.4777551963925 6020.7403348609805 14341.051202021539 1196.3568233028054 7104.382708363235 9830.3508895635605 2597.0725893713534 3792.9390761032701
leaf_count=1453 41781 10766 50523 121663 64743 28672 39879 108397 11043 37652 35567 79399 79456 80565 53658 47171 47028 92719 17524 15035 53084 26811 20377 22879 54702 4424 18367 24200 9947 12018
internal_value=-0.000546106 0.000813067 -0.00235591 -0.00276864 0.000274998 -0.000188695 -0.00439128 -0.00128908 -0.00495207 -0.000280046 -0.00129449 0.000603396 -0.00168548 -0.00523072 0.00285064 0.00228904 0.000119846 -0.000266506 0.00363808 0.00185068 0.000323302 0.000395337 -0.00638558 0.000136055 -0.000539221 -0.00241487 0.00155247 0.00253506 0.00137621 -0.00433629
internal_weight=387910 221535 166374 144671 175255 142457 68867.3 59625 56005.8 33211.4 75804 82832.1 64319.1 52837.4 46280.3 32797.8 62416.4 51026.4 28806.7 11389.9 38778.4 21703.1 23061.3 30750.6 20361.8 39709.9 17473.6 10369.3 19898.1 29776.1
internal_count=1311503 787396 524107 455515 672194 550333 214405 234396 174526 125999 241110 315937 205543 163483 115202 121861 236538 192831 71182 43707 145803 68592 70900 115233 77581 126087 44020 25653 74690 92583
is_linear=0
shrinkage=0.05


Tree=29
num_leaves=31
num_cat=0
split_feature=16 1 3 10 10 4 1 10 16 6 17 0 3 16 4 4 4 1 16 1 0 4 16 4 6 1 16 16 1 4
split_gain=350.087 95.526 148.636 64.5816 43.8232 37.4963 32.0928 31.1495 24.4638 23.4287 23.2889 21.3928 19.5259 18.4852 37.4324 37.0503 18.4043 17.4729 16.5185 15.8692 15.7702 14.6442 14.0369 21.4824 12.4467 11.7175 11.6487 11.1207 10.81 10.0612
threshold=0.78844554839369796 1294.5000000000002 1.0000000180025095e-35 6.1848857164332625 6.4847746935035122 2.5000000000000004 2963.5000000000005 7.4639358514569789 0.72364337447615934 0.25881904510252057 0.80752367129488067 51.500000000000007 1.0000000180025095e-35 0.84649134540172921 1.5000000000000002 1.5000000000000002 3.5000000000000004 3595.5000000000005 0.90374560103526036 696.50000000000011 59.500000000000007 1.5000000000000002 0.83375273960117646 2.5000000000000004 0.37940952255126048 4231.5000000000009 0.74201131889676508 0.80530725634941192 317.50000000000006 2.5000000000000004
decision_type=2 2 2 2 2 2 2 2 2 2 2 2 2 2 2 2 2 2 2 2 2 2 2 2 2 2 2 2 2 2
left_child=3 2 28 5 9 12 8 11 -5 19 20 -3 -1 14 27 -15 24 22 -17 -4 -7 26 23 -13 -10 -9 -14 -6 -2 -16
right_child=1 7 4 6 13 10 -8 25 16 -11 -12 17 21 15 29 18 -18 -19 -20 -21 -22 -23 -24 -25 -26 -27 -28 -29 -30 -31
leaf_value=0.0071253985378675003 -0.0032042180637581854 -0.0046230246902231129 -0.0067874630800077718 0.029097083094812216 -0.0024423504648196925 0.0021557520731891101 0.030592085076484546 0.0015302395275152538 0.00056885042929908367 -0.0043273152809164524 -0.0067645263634358412 -0.0048900123352334963 0.0037377525760458941 0.0051652320527485838 -0.0043520448899925712 -0.0075232059911218068 0.013272760224959624 0.0047371582454689976 0.0013678091889512635 -0.0056223992974818674 0.0127771300742432 -0.003822896438841128 -0.0040560287260018261 0.002734037626033298 0.010791599608926306 0.017596532364142003 -0.0075589892591651168 -0.0091659638655558068 0.0056525229026579363 -0.00036062079070814379
leaf_weight=4817.7488716505468 8490.8390166312456 28879.08266685158 17240.370189525187 14720.791718348861 1103.2889223992825 20210.680358637124 13923.181044477969 23282.466581307352 28123.180603209883 16657.041746333241 5399.1038045063615 6781.1220475882292 871.77381407469511 2353.9278616830707 9011.2102472409606 12612.000048525631 22752.471205584705 9799.2697149217129 1378.3313383236527 23604.978517651558 16586.885396588594 11983.89277195558 15135.269711129367 14364.666882172227 9356.2707344591618 3441.677637077868 4743.4939585514367 4077.4199236705899 19531.437017962337 16675.77943983674
leaf_count=18144 26002 89773 51672 36983 2971 49791 49899 70722 117311 50678 76442 19183 2294 7088 26124 40093 89341 30692 5158 71707 40488 51290 49262 42729 40057 10576 22236 12323 60981 49493
internal_value=-0.000537432 -0.00175287 -0.00263629 0.00131888 -0.00350182 0.000116019 0.00219337 -0.000599678 0.00178387 -0.00442866 0.000993932 -0.0011222 -0.00153653 -0.00237297 -0.00165305 -0.00373262 0.0013373 -0.000453515 -0.0047091 -0.00507316 0.00144387 -0.00230861 -0.000959517 -0.00012747 0.000656317 0.000865975 -0.00441564 -0.00553012 0.000598069 -0.000871099
internal_weight=387910 234420 132737 153489 104714 64613.6 88875.9 101684 74952.7 57502.4 42196.7 74959.4 22416.9 47212 30867.7 16344.3 60231.9 46080.3 13990.3 40845.3 36797.6 17599.2 36281.1 21145.8 37479.5 26724.1 5615.27 5180.71 28022.3 25687
internal_count=1311503 717227 404290 594276 317307 260685 333591 312937 283692 174057 166721 231639 93964 143250 90911 52339 246709 141866 45251 123379 90279 75820 111174 61912 157368 81298 24530 15294 86983 75617
is_linear=0
shrinkage=0.05


Tree=30
num_leaves=31
num_cat=0
split_feature=16 1 3 16 4 1 1 0 1 4 16 16 4 4 16 4 4 3 16 16 16 16 16 4 4 16 3 17 1 16
split_gain=337.828 86.8595 127.315 63.2412 58.7789 35.0214 25.9106 23.524 19.5749 19.4764 17.9314 26.02 77.3011 27.6338 26.7247 16.2713 15.9471 15.6592 14.411 13.9939 13.6858 13.3641 13.2215 31.474 17.2095 15.896 12.3078 12.2875 11.329 11.082
threshold=0.79837705762624855 1294.5000000000002 1.0000000180025095e-35 0.74058505004740149 2.5000000000000004 548.50000000000011 1027.5000000000002 52.500000000000007 4022.5000000000005 1.5000000000000002 0.90056769624314192 0.83375273960117646 1.5000000000000002 1.5000000000000002 0.84300269948124729 2.5000000000000004 4.5000000000000009 1.0000000180025095e-35 0.79001139522371822 0.6500768209777964 0.85472328363330063 0.8861666780130667 0.83375273960117646 1.5000000000000002 1.5000000000000002 0.84300269948124729 1.0000000180025095e-35 0.80752367129488067 1924.5000000000002 0.80530725634941192
decision_type=2 2 2 2 2 2 2 2 2 2 2 2 2 2 2 2 2 2 2 2 2 2 2 2 2 2 2 2 2 2
left_child=3 2 21 19 9 -4 26 -3 22 17 11 12 29 14 -13 -14 -8 -5 -19 -1 -15 -2 23 -9 25 -24 -6 -28 -21 -7
right_child=1 7 5 4 6 10 16 8 -10 -11 -12 13 15 20 -16 -17 -18 18 -20 28 -22 -23 24 -25 -26 -27 27 -29 -30 -31
leaf_value=0.043703850971790151 -0.00050550314006534423 -0.0038814599894481661 -0.0064575793135519428 0.0053870011161881509 0.0076885545884688659 -0.0014376379946529072 0.0061022050447120287 -0.007837646095056423 0.0076119175757730423 -0.00087599109442397245 0.0010387208466968668 -0.0072705619643130938 -0.0045468860513712631 -0.0046812749577815563 0.0078489838013270554 -0.00062673530797116301 0.016775429631558158 -0.0069388390656717402 0.0037893960142622615 0.012843245016049921 -0.0069039787936286514 0.016630388355516213 -0.0095671385616978577 0.0025898030306320402 -0.0039492639472281021 0.022505134914345956 -0.00019560585879750404 -0.0095810588010660017 0.031202353476106049 -0.0082785472276264756
leaf_weight=4533.6949627548456 20605.454300582409 35330.091832317412 22641.793027624488 2530.3106007277966 12214.601630665362 612.04529572278261 40165.825737480074 2770.8751538172364 8614.1772115156054 31908.38996213302 3396.7334215119481 922.04573555290699 9248.3829862177372 14052.27166441083 1938.8978114649653 18538.469261974096 16719.687205389142 9730.516553118825 1442.7638111114502 27356.473730161786 16794.052459456027 4015.0992667749524 396.2682119011879 21071.669748678803 19692.947534367442 1214.79139662534 19122.718484241515 3194.2184295132756 10946.667653284967 6073.3707802295685
leaf_count=13241 63158 110293 68419 11081 47763 1218 162163 7531 27257 134495 11842 4149 26689 42594 5836 54642 65132 45344 4667 67117 54814 13564 1698 62406 63539 3656 47947 45703 26425 16604
internal_value=-0.000551176 -0.00192374 -0.00280857 0.00103554 0.000511341 -0.00364516 0.00124282 -0.000743466 -8.4825e-05 -0.000954709 -0.00310298 -0.00327962 -0.00231374 -0.00426742 0.000433415 -0.00115237 0.00189866 -0.0025313 -0.00333563 0.00271239 -0.00470342 0.000392895 -0.000501581 0.000307242 -0.00140678 0.00356169 0.000162408 -0.000535943 0.00240147 -0.00714081
internal_weight=387795 207929 118839 179866 137029 94218.1 91417.1 89090.8 53760.7 45612 71576.3 68179.5 34472.3 33707.3 2860.94 27786.9 56885.5 13703.6 11173.3 42836.8 30846.3 24620.6 45146.6 23842.5 21304 1611.06 34531.5 22316.9 38303.1 6685.42
internal_count=1310987 639909 363529 671078 564295 286807 368708 276380 166087 195587 218388 206546 99153 107393 9985 81331 227295 61092 50011 106783 97408 76722 138830 69937 68893 5354 141413 93650 93542 17822
is_linear=0
shrinkage=0.05


Tree=31
num_leaves=31
num_cat=0
split_feature=16 1 10 16 10 8 7 6 8 8 10 16 4 16 4 10 1 7 4 4 16 4 7 7 7 16 10 8 7 7
split_gain=309.501 81.6747 61.6106 50.1545 45.4564 35.997 36.6416 35.7217 33.8052 26.842 24.9752 24.0098 31.0126 23.5414 22.8795 22.5621 21.9081 21.8621 21.4784 15.6967 14.5911 18.0021 13.5081 13.4321 22.7271 13.208 11.6001 11.5517 12.8508 11.0251
threshold=0.79837705762624855 1573.5000000000002 6.3066735611883358 0.91167763378283551 6.2836524756025289 0.89587973461402759 1.0000000180025095e-35 0.60355339059327384 0.89587973461402759 1.0000000180025095e-35 7.9292096708947346 0.84649134540172921 1.5000000000000002 0.70095262182836504 1.5000000000000002 6.3297016685451188 1383.5000000000002 1.0000000180025095e-35 3.5000000000000004 4.5000000000000009 0.83375273960117646 1.5000000000000002 1.0397207708399181 1.0397207708399181 2.3502401828962087 0.90748563302870633 4.5932514782278071 0.89587973461402759 1.0000000180025095e-35 2.3502401828962087
decision_type=2 2 2 2 2 2 2 2 2 2 2 2 2 2 2 2 2 2 2 2 2 2 2 2 2 2 2 2 2 2
left_child=2 3 5 4 8 6 -1 13 17 -6 11 12 -11 -4 -13 27 -15 -2 23 26 21 -17 -19 -8 -25 -22 -7 28 -3 -24
right_child=1 15 7 -5 9 19 18 -9 -10 10 -12 14 -14 16 -16 20 -18 22 -20 -21 25 -23 29 24 -26 -27 -28 -29 -30 -31
leaf_value=-0.01049638912731512 -0.007629160289349568 -0.0091237262024171911 0.038294448143331918 0.0092032678984153796 0.001348969393117741 -0.0082135754070229335 0.0081799237283169957 0.021451752466262398 -0.0060269522190295943 -0.0083548253825507599 -0.0013750375681192029 0.0042362455390209334 -0.0025501557760618438 0.0012557829033571278 -0.0074544235077327273 -0.0072765664717958983 0.011552064776428589 -0.0017902742421609247 0.013028042852634543 0.0034785861029774882 -0.0027538972255477636 0.0065992939541813737 -0.0061227147813657018 -0.0078123865355042565 0.0022367608640023184 0.024147461118263359 -0.0034328754560241427 -0.0046643987664873434 -0.00022287986005583573 -0.0037312046491715795
leaf_weight=2802.8329410739243 2533.0591103509068 1357.9540095180273 7576.855492465198 5537.7461902424693 9894.2695066034794 9553.9582716077566 8888.0008072443306 18389.178088180721 28391.519731774926 3717.2853934764862 15653.102481089532 1348.7724139019847 20787.391893327236 41134.750674515963 12567.651150144637 1880.7216878011823 32324.187931161374 11059.263964034617 16848.093808989972 6379.6872578375041 14732.275898613036 16907.692350670695 7331.1433430165052 5019.5890701673925 14726.400142338127 1070.1407015994191 16222.334274999797 16972.36883623153 16791.072193846107 19396.006244502962
leaf_count=12220 8175 4385 19715 19290 28899 41306 31496 68054 89218 11053 46327 4026 63048 155446 40844 5144 118469 32179 58981 24682 47618 50412 21615 19131 55729 3892 65849 54339 51216 58229
internal_value=-0.000541328 -0.00185509 0.000977412 -0.00255886 -0.00275344 -5.13913e-05 0.000811766 0.00180978 -0.00364641 -0.00179427 -0.00223239 -0.00291826 -0.00197633 0.00135831 -0.00457686 -0.000459741 0.00108461 -0.00271576 0.00115369 -0.00134749 0.00044664 0.00138842 -0.00241431 0.000320228 -0.000406319 -0.000673101 -0.00189708 -0.00135243 -0.000475525 -0.00302243
internal_weight=387795 207929 179866 138217 132679 80440.9 48284.9 99425 68711 63968.5 54074.2 38421.1 24504.7 81035.8 13916.4 69712.2 73458.9 40319.5 45482.1 32156 34590.8 18788.4 37786.4 28634 19746 15802.4 25776.3 35121.4 18149 26727.1
internal_count=1310987 639909 671078 422903 403613 309394 177557 361684 209416 194197 165298 118971 74101 293630 44870 217006 273915 120198 165337 131837 107066 55556 112023 106356 74860 51510 107155 109940 55601 79844
is_linear=0
shrinkage=0.05


Tree=32
num_leaves=31
num_cat=0
split_feature=16 1 3 10 1 17 0 10 6 6 6 16 6 7 1 10 8 16 8 8 10 16 5 16 8 0 7 6 10 8
split_gain=282.03 77.8447 108.936 55.0421 49.3365 32.8529 25.5323 25.4217 24.873 20.1156 17.6927 17.5173 16.889 15.0116 14.1699 13.3717 13.3358 13.1263 12.5545 11.62 11.4414 11.3285 11.2605 11.2549 10.8387 10.3973 10.264 10.2113 10.0623 9.90789
threshold=0.79298886997848383 1613.5000000000002 1.0000000180025095e-35 7.2846924547368088 696.50000000000011 0.80752367129488067 56.500000000000007 7.7029209498175364 0.25881904510252057 0.60355339059327384 0.78656609248549303 0.70870188235304732 0.25881904510252057 8.4014455765695093 1655.5000000000002 6.2358486112362446 1.0000000180025095e-35 0.82340483352627902 1.7005986908310777 1.8688348091416842 7.6085905625571861 0.70095262182836504 -0.60355339059327362 0.89781489096933687 1.0000000180025095e-35 61.500000000000007 1.0000000180025095e-35 0.78656609248549303 7.8588067732183537 1.2424533248940002
decision_type=2 2 2 2 2 2 2 2 2 2 2 2 2 2 2 2 2 2 2 2 2 2 2 2 2 2 2 2 2 2
left_child=3 2 20 5 12 6 11 10 15 13 17 -1 -4 21 16 29 26 -6 23 -17 24 -5 -14 -19 -2 -23 -8 -13 -10 -3
right_child=1 8 4 9 7 -7 14 -9 28 -11 -12 27 22 -15 -16 19 -18 18 -20 -21 -22 25 -24 -25 -26 -27 -28 -29 -30 -31
leaf_value=0.021807666337604472 0.0039614702592387979 -0.0021468711585960697 -0.0060534814033739726 0.043114144914955632 -0.003750048987108465 -0.0056603758022247047 -0.010670433344209064 -0.0013237005896370446 0.0016123952420983468 0.025131813752283905 -0.0010833219545633183 -0.002476035782756045 -0.0064959058933850428 -0.0010728617479012438 0.013761668944953965 0.0048503433182382431 -0.00079134300977533605 -0.004127201297710709 -0.0058835459560855063 -0.0021912126706795823 0.014380713432002291 0.0061244185310777577 -0.0027522706459149533 0.0054354207990906624 -0.0046001671896127088 0.016768923778040758 0.010342057251511683 0.0063643777681245302 0.016602747088648707 -0.0058768211742958659
leaf_weight=4864.9958192557096 11704.249015271664 14103.748864628375 28803.031476967037 4462.5409798920155 22592.521483033895 13137.487046591938 581.56278963387012 16211.642578884959 18137.09727370739 11204.236473154277 8454.2432713285089 37626.452312272042 3163.9076733887196 7763.6051296293736 17696.315588768572 6760.4591054841876 14652.9954415299 16964.330888405442 16545.369828149676 19552.398612603545 5721.0565501302481 20357.445674985647 8265.2161717563868 1224.6947304829955 10102.441518083215 15012.055561244488 12982.796097643673 4975.5370285175741 3511.9587177410722 10658.912158161402
leaf_count=11530 35699 42950 86858 11443 63799 184841 1518 48770 57090 41585 26175 93388 9538 29652 43365 20491 36463 52692 54124 60254 17858 76469 25186 4271 31947 54877 31345 12006 10577 34226
internal_value=-0.000533975 -0.00169632 -0.00234809 0.00103025 -0.00298808 0.000352398 0.00068176 -0.0022844 -0.000354205 0.0022582 -0.00272147 -0.000131373 -0.00442216 0.0018095 0.0015224 -0.000956219 0.000826793 -0.00303637 -0.00364656 -0.000171396 0.000493513 0.00220153 -0.00279587 -0.00273994 -2.86035e-05 0.00190201 0.00195655 -0.000455962 0.0010661 -0.00179017
internal_weight=387795 222477 149753 165318 122225 106518 93380.7 81992.8 72724.6 58799.9 65781.2 47467 40232.2 47595.6 45913.7 51075.5 28217.4 57326.9 34734.4 26312.9 27527.7 39832 11429.1 18189 21806.7 35369.5 13564.4 42602 21649.1 24762.7
internal_count=1310987 682505 456917 628482 371413 414456 229615 249831 225588 214026 201061 116924 121582 172441 112691 157921 69326 174886 111087 80745 85504 142789 34724 56963 67646 131346 32863 105394 67667 77176
is_linear=0
shrinkage=0.05


Tree=33
num_leaves=31
num_cat=0
split_feature=16 1 3 4 16 1 1 10 10 4 10 8 7 8 16 4 4 3 3 1 17 16 4 0 7 16 16 16 3 1
split_gain=256.223 72.8418 105.819 57.3291 38.3353 32.7358 28.9671 24.6425 23.6351 22.0063 19.1987 16.614 18.5149 15.7677 20.117 26.2342 17.7314 15.3189 14.0906 15.694 15.34 13.2743 19.0014 13.2725 12.8363 12.1657 11.7732 11.3378 10.8188 10.0513
threshold=0.79298886997848383 1294.5000000000002 1.0000000180025095e-35 2.5000000000000004 0.74201131889676508 548.50000000000011 1106.5000000000002 7.4639358514569789 7.7029209498175364 1.5000000000000002 7.4931540695953087 1.7005986908310777 1.0000000180025095e-35 0.89587973461402759 0.84373940648526213 1.5000000000000002 1.5000000000000002 1.0000000180025095e-35 1.0000000180025095e-35 396.50000000000006 0.80752367129488067 0.83375273960117646 1.5000000000000002 70.500000000000014 1.0000000180025095e-35 0.79001139522371822 0.89781489096933687 0.8861666780130667 1.0000000180025095e-35 246.50000000000003
decision_type=2 2 2 2 2 2 2 2 2 2 2 2 2 2 2 2 2 2 2 2 2 2 2 2 2 2 2 2 2 2
left_child=3 2 27 4 28 -4 18 11 13 17 23 12 -3 24 15 -15 -16 -6 19 -5 -20 22 -13 -8 -7 -19 -14 29 -1 -2
right_child=1 7 5 6 9 8 10 -9 -10 -11 -12 21 26 14 16 -17 -18 25 20 -21 -22 -23 -24 -25 -26 -27 -28 -29 -30 -31
leaf_value=0.031796821896075488 -0.007667989485052068 -0.0084714753134429339 -0.0056950658912648978 -0.00021022719838843519 0.0044084185243101204 -0.0068739436804598156 0.0054994957308817432 0.00265101619729472 -0.001907308544926112 -0.0011437042325378899 0.02475770155780678 -0.0081287293187123476 -0.00065818474749932418 -0.0067434983026299191 0.0018563176768194301 -0.0032790861885547669 -0.0062281267765114112 -0.0067982809133470632 0.001850262038251066 0.018293038739992006 -0.0089516103057225797 -0.0056068036765208832 -0.0013708805854433959 0.01747468132311052 -0.0028322246952697029 0.016953674853479525 0.019272025001267973 0.01553579760091125 0.0068063952801844302 0.0019326211176204533
leaf_weight=4216.1186410188675 4197.8962341025472 1832.2580234259367 23862.435066685081 6906.5497955456376 2232.0178263708949 1490.656907081604 30528.223380800337 25093.183826953173 14751.041370652616 28282.075387928635 19935.672369152308 1741.6209639236331 35042.853606261313 3384.96990211308 1091.1938712745905 18147.616173274815 12478.808259785175 9633.3768672272563 25631.648026902229 10500.141269773245 3692.7993586324155 14012.832449376583 17083.881931215525 13910.719060245901 24814.501080654562 304.13298194855452 1194.7712146565318 4015.0992667749524 9544.5509775727987 18241.659769997001
leaf_count=10568 12636 5877 71987 23577 10208 4794 117039 76565 44374 124263 70101 5055 105626 10009 3535 54497 40779 45131 62389 36902 52229 47138 52177 51303 73618 800 4223 13564 23972 56051
internal_value=-0.000523857 -0.00163174 -0.00241997 0.000967084 -0.000365875 -0.00316377 0.00161748 -0.0005933 -0.00265744 -0.00114136 0.00230534 -0.00106984 -0.000359027 -0.00308914 -0.00378272 -0.0028325 -0.00529051 -0.0029192 0.000669917 0.00179683 9.95253e-07 -0.0018939 -0.00102659 0.001727 -0.00216361 -0.00375994 -0.000111083 0.000392206 0.00191378 -4.56425e-05
internal_weight=387795 222477 126476 165318 54212.3 100021 111106 96001.4 76158.8 40451.6 64374.6 70908.2 38069.9 61407.7 35102.6 21532.6 13570 12169.5 46731.1 17406.7 29324.4 32838.3 18825.5 44438.9 26305.2 9937.51 36237.6 26454.7 13760.7 22439.6
internal_count=1310987 682505 385844 628482 214942 303593 413540 296661 231606 180402 238443 220096 115726 187232 108820 64506 44314 56139 175097 60479 114618 104370 57232 168342 78412 45931 109849 82251 34540 68687
is_linear=0
shrinkage=0.05


Tree=34
num_leaves=31
num_cat=4
split_feature=10 8 7 2 8 10 2 7 7 4 2 9 4 4 8 0 4 7 7 10 7 0 10 7 7 4 8 2 10 8
split_gain=130.643 72.3756 62.9524 60.0235 50.9442 40.0071 37.7467 34.0114 57.1365 26.2891 21.8184 15.789 15.5318 14.119 14.0659 13.9434 11.2154 9.32877 20.3787 8.63894 8.38065 8.23125 7.45991 7.41944 15.0913 7.25018 7.21164 6.96904 6.85006 6.78146
threshold=6.3066735611883358 0.89587973461402759 1.0000000180025095e-35 0 0.89587973461402759 7.9292096708947346 1 1.0397207708399181 2.3502401828962087 3.5000000000000004 2 2.740319461670996 3.5000000000000004 4.5000000000000009 3.3842466058243152 61.500000000000007 2.5000000000000004 2.524928003624769 3.0201273556387074 4.5932514782278071 3.7012257604091228 73.500000000000014 7.3619828880744267 1.0397207708399181 2.3502401828962087 3.5000000000000004 1.0000000180025095e-35 3 4.5932514782278071 1.0000000180025095e-35
decision_type=2 2 2 1 2 2 1 2 2 2 1 2 2 2 2 2 2 2 2 2 2 2 2 2 2 2 2 1 2 2
left_child=1 2 -1 15 20 9 13 16 -9 14 21 27 19 28 22 25 -4 -12 -19 -8 23 -10 -6 -5 -25 -2 -26 -7 -3 -20
right_child=3 6 7 4 5 11 12 8 10 -11 17 -13 -14 -15 -16 -17 -18 18 29 -21 -22 -23 -24 24 26 -27 -28 -29 -30 -31
leaf_value=-0.0076335717552224571 0.0015165617550631949 -0.0060831916131210088 -1.3270119561314964e-05 0.012033519561501407 -0.0033362134718264436 -0.00039167692202195237 -0.0064784941263759388 -0.005934205345058766 0.0018519787961419733 0.0003705120135906015 0.0016496680959414923 -0.0025145820366113017 -0.0040953090164816521 0.0023287840982852306 -0.0053489194885556757 0.016719318608947552 0.0067519347628270422 -0.0055122333645512556 0.0010361634477328741 -0.0050879761424761256 0.013675971960008804 0.011251049094096006 0.00052442569447573866 -0.0044314079416219428 0.0078471533480395216 0.012349389457076355 -0.0014710542835983276 0.0072765865907695017 -0.0030933098274470773 -0.003422680419900312
leaf_weight=6767.4102567993104 11563.596959676594 10273.422918457538 12654.281331796199 5286.26875609532 16734.754744533449 6108.9778963401914 12759.670684460551 18559.364456839859 14788.060545857996 30046.328240875155 8639.4266856834292 12299.462195284665 14441.813027027994 6792.2880903482437 31533.219206053764 18920.964613750577 16813.664848908782 8564.3839338496327 10761.66533639282 18693.924660891294 7348.673791885376 5376.9374476484954 10584.304823238403 4293.8939814530313 10991.297562930733 8616.3715760707855 2875.031570520252 23629.829906508327 15550.815075017512 5525.2007361315191
leaf_count=25083 38680 36426 40543 16436 56397 19393 45382 60961 49612 104095 27953 40795 51644 24063 112631 62352 53292 28019 37002 65926 24992 17979 35998 13455 35143 29042 9028 74640 55338 18687
internal_value=-0.000517262 -0.00146842 -0.000631389 0.000368204 -5.6876e-05 -0.000487237 -0.00262463 -0.000320613 -0.000904756 -0.00108825 -7.76013e-05 0.000783725 -0.00354878 -0.00132274 -0.00170261 0.00212592 0.00111091 -0.000859873 -0.00135216 -0.00417282 0.00177294 0.00122144 -0.000872141 0.00131117 0.000831287 0.0012122 0.00163337 0.0014069 -0.00185666 -0.00031388
internal_weight=387795 186962 108450 200833 161732 130937 78511.9 101683 72215 88898.6 53655.7 42038.3 45895.4 32616.5 58852.3 39100.9 29467.9 33490.7 24851.3 31453.6 30795.2 20165 27319.1 23446.5 18160.2 20180 13866.3 29738.8 25824.2 16286.9
internal_count=1310987 637910 359131 673077 543003 443949 278779 334048 240213 309121 179252 134828 162952 115827 205026 130074 93835 111661 83708 111308 99054 67591 92395 74062 57626 67722 44171 94033 91764 55689
cat_boundaries=0 1 2 3 4
cat_threshold=2 3 3 4
is_linear=0
shrinkage=0.05


Tree=35
num_leaves=31
num_cat=0
split_feature=4 3 1 10 1 3 1 8 7 10 1 1 6 1 8 10 1 10 7 7 10 10 6 10 8 10 0 8 1 7
split_gain=117.582 92.742 109.927 49.9287 38.1269 28.4016 28.0311 26.6629 26.9778 20.6254 19.5706 19.3502 17.6723 17.3637 15.7971 18.9174 15.5061 14.5823 11.5201 25.5805 11.4092 11.3603 10.9481 9.50761 8.64995 8.24942 8.21404 8.19631 8.16925 7.67624
threshold=3.5000000000000004 1.0000000180025095e-35 733.50000000000011 6.8907215136908624 2753.5000000000005 1.0000000180025095e-35 604.50000000000011 1.0000000180025095e-35 1.0000000180025095e-35 7.3619828880744267 4752.5000000000009 317.50000000000006 0.60355339059327384 2003.5000000000002 2.1383330595080281 8.0757038079184476 755.50000000000011 5.8568961415879626 1.0397207708399181 2.3502401828962087 7.5081166522515774 7.4355970572708285 0.25881904510252057 4.7959920073102493 0.89587973461402759 4.9774592195155405 53.500000000000007 1.4978661367769956 2279.5000000000005 1.0000000180025095e-35
decision_type=2 2 2 2 2 2 2 2 2 2 2 2 2 2 2 2 2 2 2 2 2 2 2 2 2 2 2 2 2 2
left_child=1 11 9 7 5 16 -7 8 -4 22 14 -1 17 25 -5 -16 -2 27 -10 -20 -6 24 -3 -15 -13 -9 -19 29 -21 -8
right_child=4 2 3 10 20 6 12 13 18 -11 -12 21 -14 23 15 -17 -18 26 19 28 -22 -23 -24 -25 -26 -27 -28 -29 -30 -31
leaf_value=-0.0029177537818232679 0.0052711271225243661 -0.005718547498353533 -0.0076031432699088164 0.0039493122999957773 0.0077855712520504107 -0.0044985275084554579 -0.0078223763910929452 -0.005707304939067865 0.0024662338038165701 -0.0042832255021751564 0.018471684239254049 0.009485499467913017 0.0061172780437803477 -0.0058889573695507435 -0.003436689462404505 0.0036088175096966493 0.024752849072382056 -0.0012973384041854276 -0.0055395754836747918 -0.001182824267962035 0.02611277231210736 0.02133637558803482 -0.0040263368473202723 -0.0008160698586372056 -0.00084227034129796818 -0.0041309765626229289 0.0036563943821222968 -0.0044193069244130665 0.0057904256249974974 -0.00040363064643696438
leaf_weight=12249.900759506971 12979.95435301587 27117.297549430281 2973.924321051687 15454.587105095387 20831.567111492157 10745.107223842293 1045.3031477332115 12483.179475363344 11071.984561871737 15090.303277920932 4380.1756886802614 11731.624108299613 14196.99458116293 6179.4485106915236 34134.301734756678 13878.778974767774 5761.998228084296 15104.853689655662 8371.2424920089543 13531.875777479261 7164.820280071348 8878.3111831955612 10561.123687516898 11481.337738454342 7944.6023872606456 21052.588716074824 22957.708479873836 8358.2321756035089 5329.5150253772736 14479.888629931957
leaf_count=40546 43262 91425 10918 49959 71288 36731 4007 44156 35766 50431 14399 38359 49113 21831 120085 42574 19495 50858 27507 45040 23388 29719 36613 39814 27796 72690 76393 30726 17888 48226
internal_value=-0.000530355 -0.0011622 -0.00158037 -0.000928845 0.000670176 0.000235368 -0.000145413 -0.00168464 -0.000739121 -0.00355983 0.000101285 0.00102158 0.000191953 -0.00244699 -0.000121802 -0.000569341 0.00200068 -0.000172711 -0.000382957 -0.00093585 0.0023107 0.00173475 -0.00418542 -0.00117811 0.00106483 -0.00311521 0.00043497 -0.00114116 8.50616e-05 -0.000461537
internal_weight=387523 253896 213092 160323 133626 105630 86888.1 92475.1 41278.5 52768.7 67847.8 40804.4 76143 51196.6 63467.7 48013.1 18742 61946 38304.6 27232.6 27996.4 28554.5 37678.4 17660.8 19676.2 33535.8 38062.6 23883.4 18861.4 15525.2
internal_count=1311003 857516 721096 542627 453487 358811 296054 315610 137119 178469 227017 136420 259323 178491 212618 162659 62757 210210 126201 90435 94676 95874 128038 61645 66155 116846 127251 82959 62928 52233
is_linear=0
shrinkage=0.05


Tree=36
num_leaves=31
num_cat=4
split_feature=16 6 3 2 18 4 10 2 16 16 5 16 4 4 16 2 4 16 4 10 16 6 6 16 16 2 3 4 10 4
split_gain=226.295 60.169 51.1185 86.5819 42.8253 33.5476 23.8295 20.1505 19.288 28.9624 16.1987 14.6846 50.4745 33.6176 24.2416 14.3479 14.0447 13.0187 14.2952 12.3926 11.636 10.8905 10.7252 10.6517 13.5694 10.4332 10.199 9.8691 9.57314 9.50893
threshold=0.78226511065443993 0.78656609248549303 1.0000000180025095e-35 0 0.94583333333333341 3.5000000000000004 7.0405050533413869 1 0.81327991938713906 0.81354795087357534 0.37940952255126054 0.83375273960117646 1.5000000000000002 1.5000000000000002 0.85570644998864431 2 1.5000000000000002 0.69590327897418025 1.5000000000000002 5.4474008907506901 0.74201131889676508 0.1294095225512602 0.37940952255126048 0.82340483352627902 0.82365261305926685 3 1.0000000180025095e-35 2.5000000000000004 7.9504083152704217 4.5000000000000009
decision_type=2 2 2 1 2 2 2 1 2 2 2 2 2 2 2 1 2 2 2 2 2 2 2 2 2 1 2 2 2 2
left_child=4 2 -2 7 19 6 17 -4 27 16 23 12 -9 14 -13 -7 -10 -6 20 -1 -19 -8 -17 -11 -25 -3 -27 -5 -26 -14
right_child=1 25 3 8 5 15 21 11 9 10 -12 13 29 -15 -16 22 -18 18 -20 -21 -22 -23 -24 24 28 26 -28 -29 -30 -31
leaf_value=-0.0070364223076239798 0.00098707179550050483 0.0096269319695348812 -0.00085161528139435791 -0.0052252780952890656 0.021998115204264503 0.0024776062705702097 0.0064880102807765797 -0.0069545815644430692 -0.0077757397274278578 -0.0030181929273344122 -0.0031625269140752922 -0.0048969642019886439 -0.001942432575345804 -0.0045678650629829235 0.018242797543372692 0.014512069993812575 0.0062067339755391337 0.011188301825457381 0.00040455810492939781 -0.00063784353829614564 -0.0064096990728560958 0.020246185689598073 0.025615325710960105 -0.0091071488671580578 -0.0053229350048632166 0.013376864501715498 -0.00049553001040712199 -0.0027119290599177449 -0.0035224782471108829 0.0031062182332642577
leaf_weight=6609.3301652111113 29050.501450836658 6179.4091312810779 38759.660272046924 8932.9350875541568 3766.0875694453716 7398.0487272441387 20354.627352654934 6614.7941013127565 885.90587636083364 4647.1149462908506 15622.136902578175 1077.3200467005372 37115.557923525572 31624.382580958307 1899.3621159791946 30419.280037760735 132.0177151337266 1219.3837843537331 30798.649682052433 11799.604112062603 4568.3488641083241 9759.5766979008913 10207.484372574836 437.13904601335526 20807.26812979579 3746.8677747398615 21992.005669124424 10692.362022079527 2701.3953605145216 7703.9734570756555
leaf_count=93370 89604 19314 119405 24115 8895 18034 49875 18867 1257 13767 49097 4371 107385 101874 5604 74217 410 2643 76636 163875 11336 23751 24474 972 66751 11831 67662 30454 8361 22796
internal_value=-0.000518575 -0.00141158 -0.00170754 -0.00200672 0.00111623 0.0014648 0.000770259 -0.0012362 -0.00348855 -0.00405704 -0.00386507 -0.00166268 -0.0011271 -0.00245929 0.00262059 0.0024839 -0.0123955 -2.40442e-05 -0.000312185 -0.00112738 -0.00259209 0.00183461 0.00285242 -0.00457247 -0.0049976 0.000616364 0.000172848 -0.00218005 -0.0048353 -0.000525363
internal_weight=387523 250622 218704 189653 136900 118491 70466.7 124795 64858.3 45233 44215.1 86035.4 51434.3 34601.1 2976.68 48024.8 1017.92 40352.5 36586.4 18408.9 5787.73 30114.2 40626.8 28592.9 23945.8 31918.3 25738.9 19625.3 23508.7 44819.5
internal_count=1311003 763897 665090 575486 547106 289861 173136 380302 195184 140615 138948 260897 149048 111849 9975 116725 1667 99510 90615 257245 13979 73626 98691 89851 76084 98807 79493 54569 75112 130181
cat_boundaries=0 1 2 3 4
cat_threshold=19 2 4 2
is_linear=0
shrinkage=0.05


Tree=37
num_leaves=31
num_cat=0
split_feature=16 1 3 17 4 1 10 8 1 16 16 4 16 4 4 16 7 16 16 16 10 10 3 1 7 16 16 16 17 1
split_gain=204.132 57.4442 93.519 40.6396 31.0796 29.4784 21.6973 20.955 20.577 20.5007 20.3866 22.7447 20.162 73.7844 37.9273 23.2802 15.8825 15.1359 13.6135 14.6162 12.9261 12.7111 11.6377 15.1263 11.1652 10.6623 10.9683 12.0097 9.8308 9.37392
threshold=0.78226511065443993 1162.5000000000002 1.0000000180025095e-35 0.80752367129488067 2.5000000000000004 467.50000000000006 7.7168148692138958 1.2424533248940002 604.50000000000011 0.70095262182836504 0.83375273960117646 1.5000000000000002 0.83375273960117646 1.5000000000000002 1.5000000000000002 0.83744152111093351 1.0000000180025095e-35 0.80530725634941192 0.90374560103526036 0.85472328363330063 5.751176346912966 7.3161142606381642 1.0000000180025095e-35 1468.5000000000002 1.0000000180025095e-35 0.82537325419067853 0.82340483352627902 0.81759950385457481 0.66847687381717125 289.50000000000006
decision_type=2 2 2 2 2 2 2 2 2 2 2 2 2 2 2 2 2 2 2 2 2 2 2 2 2 2 2 2 2 2
left_child=3 2 29 4 9 -4 7 16 -6 -1 11 -9 13 17 15 -14 -3 -7 19 -16 -13 -11 -5 -24 -10 26 27 -19 -15 -2
right_child=1 6 5 22 8 12 -8 10 24 21 -12 20 14 28 18 -17 -18 25 -20 -21 -22 -23 23 -25 -26 -27 -28 -29 -30 -31
leaf_value=0.027324900099207308 -0.0041239501715812149 -0.0067259143916737901 -0.0053378599500890139 0.0099523110370232214 0.0019155658166625012 -0.0035188521855378518 0.0028520519626669405 -0.0066977948784930942 -0.010820630519646868 -0.0029301140166649977 -0.0049886953048688927 -0.0040710645697109695 -0.0065577102337858947 -0.0031325782553770221 -0.00358143838159658 0.006756164080150423 0.00028921901308038292 -0.0070135351874674907 0.00046096167937229038 -0.0054551033955125535 0.00099014306646860186 0.0056900557324036042 -0.0074172441098411786 0.00012929069475278165 0.014248267475400046 -0.0026787258125331812 -0.0088417354804144147 -0.0019471052230766756 -0.00016721573419843373 0.0040618972011606524
leaf_weight=5033.4312228783965 7670.9360823109746 2274.2137162312865 17549.36865080148 2867.5442013144493 15500.054787985981 2309.810120113194 24304.580592811108 3100.7077492102981 836.95236061140895 21385.871111962944 20844.961863465607 10008.02002158016 671.246398024261 14601.065337121487 13282.968183748424 3375.3012233301997 41922.550917178392 3440.1978318691254 1865.2146599143744 16759.689251735806 20260.140779949725 11345.787603072822 8500.1322438567877 6981.8491240218282 64448.798709664494 891.59244311600924 1041.1494137272239 791.65677129477262 21980.855454772711 21675.882147595286
leaf_count=12017 23525 7294 52583 39793 37385 6770 72596 9041 2203 51580 69432 30614 3148 18807 40257 10614 125947 7196 6893 54559 60562 27140 122765 99345 154878 2920 3659 2999 87049 67432
internal_value=-0.000506601 -0.00135475 -0.0020962 0.00104609 0.00138501 -0.00283394 -0.000581921 -0.000912326 0.00193853 0.000200944 -0.0015711 -0.000804763 -0.00243147 -0.00172684 -0.00331449 0.00124563 -0.000104249 -0.00593075 -0.0038928 -0.00415014 -0.000386955 -0.000255889 -0.0011436 -0.00168552 0.00232735 -0.00722421 -0.00807927 -0.00694817 -0.000752981 0.000381464
internal_weight=387523 250622 127907 136900 118551 98560.1 122715 98410.6 80785.8 37765.1 54213.8 33368.9 81010.7 45056.3 35954.4 4046.55 44196.8 8474.41 31907.9 30042.7 30268.2 32731.7 18349.5 15482 65285.8 6164.6 5273 4231.85 36581.9 29346.8
internal_count=1311003 763897 388411 547106 285203 297454 375486 302890 194466 90737 169649 100217 244871 129400 115471 13762 133241 23544 101709 94816 91176 78720 261903 222110 157081 16774 13854 10195 105856 90957
is_linear=0
shrinkage=0.05


Tree=38
num_leaves=31
num_cat=0
split_feature=16 4 16 1 16 6 16 4 0 4 10 16 16 8 6 4 16 16 17 16 16 4 4 4 16 1 10 0 16 16
split_gain=187.568 67.1401 51.5368 43.9435 35.8857 33.3099 26.9704 36.2109 26.7628 25.441 21.5612 19.6796 26.5654 18.5973 16.2424 16.1583 15.6272 32.9576 18.1573 15.9658 15.1669 25.112 14.6278 14.4807 13.8188 13.8151 13.5968 12.7905 11.9862 10.2711
threshold=0.8127814019877837 2.5000000000000004 0.90056769624314192 1162.5000000000002 0.74201131889676508 0.78656609248549303 0.81354795087357534 1.5000000000000002 56.500000000000007 1.5000000000000002 7.9292096708947346 0.82340483352627902 0.82365261305926685 1.2424533248940002 0.78656609248549303 2.5000000000000004 0.80530725634941192 0.80570143096500557 0.66847687381717125 0.79940033165848312 0.85472328363330063 1.5000000000000002 1.5000000000000002 2.5000000000000004 0.81759950385457481 2389.5000000000005 7.3161142606381642 66.500000000000014 0.81327991938713906 0.81104456713643081
decision_type=2 2 2 2 2 2 2 2 2 2 2 2 2 2 2 2 2 2 2 2 2 2 2 2 2 2 2 2 2 2
left_child=1 4 3 6 -1 8 7 28 26 16 11 15 22 -14 27 24 19 18 -18 -6 -15 -22 -13 -4 -8 -10 -3 -5 -2 -19
right_child=2 5 23 14 9 -7 10 -9 25 -11 -12 12 13 20 -16 -17 17 29 -20 -21 21 -23 -24 -25 -26 -27 -28 -29 -30 -31
leaf_value=0.010754819733363298 0.084075122682824868 -0.0015146993291599799 0.011212116790107347 -0.0036800021118589877 -0.0046145215083746747 0.016042069517898584 -0.0058698091321922304 -0.0007501221411289811 0.0046199964913113626 -0.0016633033224513095 -0.00091887294144215041 -0.0087904941989562918 -0.0031289698801046403 -0.0038945579311052583 0.0017278332159070819 0.0010732914151917849 -0.010585151707425586 -0.0049902327173886544 0.04828099092545543 0.012501077782392726 0.0045143584295201048 -0.0060195019625751802 -0.00066092871598280589 -0.0027285687186355658 -0.00075778656488781912 0.015463978542252434 0.0060414895576733629 -0.00099814588038185659 -0.0078877163042509746 0.021066759217625682
leaf_weight=13802.674745127559 28.997854053974152 42296.365115687251 7067.4264640659094 42445.717425517738 14387.372604750097 17777.819506026804 3065.3228610157967 960.83170642703772 48680.535742226988 41554.185926888138 9231.4018802791834 820.7625782340765 27894.263440199196 15617.207611240447 10116.324319168925 6502.9121262803674 1063.0154392123222 2623.956353597343 85.178890496492386 932.70411339402199 1038.2746857255697 11200.534754224122 240.41815920174122 3650.8123771101236 2963.6708566844463 18369.370376490057 19408.774025771767 22038.959731131792 1384.7851922661066 271.9541127756238
leaf_count=34592 64 152399 23605 134257 61867 64283 8232 2654 170919 162138 28059 1705 87174 50741 32323 19646 1361 5804 247 2397 3175 37354 718 13543 9712 62744 67179 69052 2007 1052
internal_value=-0.000500095 0.000453492 -0.00176903 -0.00200011 -0.000766232 0.00107546 -0.00280687 -0.00805678 0.000795341 -0.00128781 -0.00264821 -0.00295042 -0.00334603 -0.00319686 -0.00112469 -0.00115698 -0.00278463 -0.00554922 -0.0127176 -0.00205485 -0.00411069 -0.00542862 -0.0111828 0.00158446 -0.00302161 0.00148688 4.3905e-05 -0.0014169 -0.0131469 -0.00270703
internal_weight=387523 221254 166269 155550 74721 146533 80949.4 2374.61 128755 60918.4 78574.8 69343.4 56811.5 55750.3 74601 12531.9 19364.2 4044.1 1148.19 15320.1 27856 12238.8 1061.18 10718.2 6028.99 67049.9 61705.1 64484.7 1413.78 2895.91
internal_count=1311003 786982 524021 486873 269458 517524 251241 4725 453241 234866 246516 218457 180867 178444 235632 37590 72728 8464 1608 64264 91270 40529 2423 37148 17944 233663 219578 203309 2071 6856
is_linear=0
shrinkage=0.05


Tree=39
num_leaves=31
num_cat=0
split_feature=16 6 17 3 1 1 3 3 1 4 1 3 0 1 16 4 4 16 4 3 1 16 1 1 6 16 4 4 16 17
split_gain=174.777 53.2785 36.5193 35.07 63.3112 28.5642 19.3117 19.1775 18.7126 17.1476 15.9352 18.94 15.515 13.4391 11.9343 46.557 19.8315 12.884 10.7271 10.5095 13.709 9.92685 9.66799 8.97705 8.77539 8.14757 31.6597 14.3363 15.2825 11.8814
threshold=0.78226511065443993 0.25881904510252057 0.80752367129488067 1.0000000180025095e-35 1171.5000000000002 950.50000000000011 1.0000000180025095e-35 1.0000000180025095e-35 459.50000000000006 3.5000000000000004 2182.5000000000005 1.0000000180025095e-35 57.500000000000007 548.50000000000011 0.83375273960117646 1.5000000000000002 1.5000000000000002 0.84300269948124729 2.5000000000000004 1.0000000180025095e-35 925.50000000000011 0.80530725634941192 234.50000000000003 4473.5000000000009 0.60355339059327384 0.83375273960117646 1.5000000000000002 1.5000000000000002 0.84373940648526213 0.66197798957202592
decision_type=2 2 2 2 2 2 2 2 2 2 2 2 2 2 2 2 2 2 2 2 2 2 2 2 2 2 2 2 2 2
left_child=2 3 5 -2 8 7 -7 22 -5 24 11 -3 -6 -13 15 21 17 -16 -9 -4 -21 -10 -1 -14 -8 26 -15 28 -27 -28
right_child=1 10 19 4 12 6 9 18 14 -11 -12 13 23 25 16 -17 -18 -19 -20 20 -22 -23 -24 -25 -26 27 29 -29 -30 -31
leaf_value=-0.0053509565816028896 0.00021234242902036239 0.0075649556329948527 0.009379296947607741 -0.0051909300506541613 -0.0036840166830962419 0.040443779677453121 0.0026200438524012107 -0.0046429201003690915 -0.0037079224068110594 0.016185181361590008 0.0043456743106381982 -0.0035595281840092308 -0.0015810532968533741 -0.0048656265436971269 -0.0052161578438111068 -0.0022182131373187364 -0.0043976907699530303 0.0058245793644070148 0.0014520948130044232 -0.0080907185499279506 -0.0022102723235205568 -0.006092065020512575 0.012607170641314547 0.0066347797716397212 0.013496584555987713 -0.006145427161792733 -0.0022648601545341958 -0.0027255180900588455 0.016685576794110642 0.0044533658682193505
leaf_weight=3471.4721877984703 23879.776189804077 8786.1495391875505 2867.5442013144493 12154.503695912659 42147.70433934778 3650.8678802773356 29386.214384257793 11301.649065021425 1708.4738826006651 30710.850518487394 15926.910474561155 7321.5439373701811 36107.099040791392 3696.4225860834122 656.29267936199903 27157.52255064249 23128.003349736333 2204.5901043042541 16178.04444007948 4822.5969523489475 10659.384415529668 4360.5196233689785 16901.543669905514 5279.4193854928017 6950.2536503486335 454.71956017613411 5969.9569483995438 15360.07057736069 1300.6523880660534 13021.778757333755
leaf_count=8270 73535 27525 39793 36253 129039 9026 70953 27093 4953 73304 49550 22278 109303 10499 2950 78396 73438 6747 39064 69844 152266 11881 41164 16398 16329 2006 7448 49803 4035 47860
internal_value=-0.000483794 -0.00126859 0.000952924 -0.00173071 -0.00200566 0.00127421 0.00191273 0.000330844 -0.00309924 0.0017199 -0.000118525 -0.000515979 -0.00107132 -0.000913338 -0.00273244 -0.00210467 -0.00353504 0.000392065 -0.000531012 -0.0011228 -0.00163778 -0.00606386 0.00149334 -0.000383664 0.000984782 -0.000551204 7.01189e-05 -0.00137483 0.00290579 0.000894128
internal_weight=387523 250622 136900 178784 154904 118551 70698.2 47852.7 71369.9 67047.3 71838.2 55911.3 83534.2 47125.1 59215.4 33226.5 25988.9 2860.88 27479.7 18349.5 15482 6068.99 20373 41386.5 36336.5 39803.6 22688.2 17115.4 1755.37 18991.7
internal_count=1311003 763897 547106 542893 469358 285203 169612 115591 214618 160586 221004 171454 254740 143929 178365 95230 83135 9697 66157 261903 222110 16834 49434 125701 87282 121651 65807 55844 6041 55308
is_linear=0
shrinkage=0.05


Tree=40
num_leaves=31
num_cat=0
split_feature=16 16 4 6 4 16 16 4 16 16 16 16 16 4 7 6 8 4 4 17 16 16 16 16 16 16 7 16 16 17
split_gain=156.977 51.0854 50.6776 33.3652 33.0209 120.925 77.5944 61.4519 43.7348 31.1729 26.8776 25.5915 21.7198 21.2481 19.6388 18.9558 18.6426 17.1193 16.0693 36.8525 24.3765 24.1252 23.673 17.3729 15.6217 15.9341 15.3783 14.9393 34.7201 17.1547
threshold=0.8127814019877837 0.89781489096933687 2.5000000000000004 0.37940952255126048 2.5000000000000004 0.85849442535829257 0.85570644998864431 1.5000000000000002 0.81354795087357534 0.72364337447615934 0.85472328363330063 0.88926421891343954 0.8847782686317428 1.5000000000000002 1.0000000180025095e-35 0.25881904510252057 1.0000000180025095e-35 2.5000000000000004 1.5000000000000002 0.6657714024266651 0.82537325419067853 0.82340483352627902 0.81759950385457481 0.81496621376278278 0.83214013540678655 0.83744152111093351 3.9219243190762363 0.80530725634941192 0.80570143096500557 0.66847687381717125
decision_type=2 2 2 2 2 2 2 2 2 2 2 2 2 2 2 2 2 2 2 2 2 2 2 2 2 2 2 2 2 2
left_child=2 4 9 14 6 15 8 12 -2 -1 18 -9 -8 27 -4 -6 -16 -3 19 -10 21 22 23 -21 -22 -26 -18 -11 29 -29
right_child=1 17 3 -5 5 -7 7 11 10 13 -12 -13 -14 -15 16 -17 26 -19 -20 20 24 -23 -24 -25 25 -27 -28 28 -30 -31
leaf_value=0.017052716802622072 -0.0076618736812888617 0.011468891528532622 -0.010494275234032711 0.011681172341633433 -0.0011333302335545194 -0.0054674687694357352 0.023449466250016083 -0.0033516246494061461 0.0024356283272116367 -0.0034249378671946831 -0.0085735501061821734 0.014571290637425616 0.00098692487697981117 -0.0012514385695571507 0.0073911887820867668 0.0029531420108505238 -0.0043546457736680531 -0.0025795128305313945 -0.0036832319952942896 0.0017525608909819081 0.0059323541901345339 -0.0087800528213740868 -0.001516030434797694 -0.0091074995067253316 -0.0075086398488119228 -0.0006053947248108732 0.0023371893548032817 -0.0097417928386699243 -0.0033809460932837016 0.043539541774930239
leaf_weight=8636.6107810437679 2940.815827049315 7628.8034061640501 1706.3177074603736 36369.08825077489 46015.113948859274 25677.343518614769 2801.318370603025 10847.407329536974 2341.1867542862892 16522.556925043464 1700.0113718658686 1199.4979322329164 1412.0823862329125 45367.324668318033 32973.934449825436 18402.393773578107 14387.91933459416 4302.0467858314514 30248.930984981358 374.54414837062359 916.59360738098621 2354.5773068293929 1692.9619098901749 1762.3161823302507 2234.4356362521648 1458.5658777728677 61220.183937139809 1057.066316306591 2902.6465093567967 85.737797781825066
leaf_count=22140 5378 25415 6789 130840 142482 83814 7779 36024 2935 67030 5007 4367 3990 171458 110397 57634 48812 15849 89722 1079 3183 8590 7072 5572 10963 6742 220591 1358 6879 244
internal_value=-0.000437057 -0.00159768 0.00043545 0.000975075 -0.00184129 -0.0012236 -0.00270698 0.000278391 -0.00371777 -0.000625809 -0.00333241 -0.00153943 0.00547589 -0.000995793 0.000541997 -6.70818e-05 0.000625637 0.00155455 -0.00309074 -0.00455103 -0.00578446 -0.00783584 -0.00538721 -0.0088862 -0.00303225 -0.00448236 0.000192978 -0.00232884 -0.00505213 -0.0124344
internal_weight=387540 166311 221229 146657 154380 90094.9 64285.2 16260.3 48024.9 74571.9 45084.1 12046.9 4213.4 65935.3 110288 64417.5 108582 11930.9 43384.1 13135.2 10794 6184.4 3829.82 2136.86 4609.6 3693 75608.1 20568 4045.45 1142.8
internal_count=1310135 523597 786538 517429 482333 283930 198403 52160 146243 269109 140865 40391 11769 246969 386589 200116 379800 41264 135858 46136 43201 22313 13723 6651 20888 17705 269403 75511 8481 1602
is_linear=0
shrinkage=0.05


Tree=41
num_leaves=31
num_cat=1
split_feature=16 10 16 8 7 0 6 16 4 6 16 4 4 4 16 2 3 4 16 7 7 16 4 4 0 4 5 10 16 0
split_gain=145.054 52.8425 46.2782 34.5553 33.9373 31.4252 27.3411 25.6211 33.3195 24.554 18.952 17.4348 15.5686 15.1935 14.8885 13.9604 21.0559 13.0174 12.9481 12.875 37.5131 11.5349 35.8738 29.7774 11.1867 11.0013 10.7764 10.4204 9.68808 9.44944
threshold=0.8127814019877837 6.3532720516638044 0.89781489096933687 1.0000000180025095e-35 1.0000000180025095e-35 69.500000000000014 0.60355339059327384 0.81354795087357534 1.5000000000000002 0.25881904510252057 0.74058505004740149 1.5000000000000002 1.5000000000000002 2.5000000000000004 0.74201131889676508 0 1.0000000180025095e-35 2.5000000000000004 0.81327991938713906 1.0397207708399181 2.3502401828962087 0.85311987714289217 2.5000000000000004 1.5000000000000002 56.500000000000007 1.5000000000000002 -0.60355339059327362 4.9336050502534485 0.83813577384133187 68.500000000000014
decision_type=2 2 2 2 2 2 2 2 2 2 2 2 2 2 2 1 2 2 2 2 2 2 2 2 2 2 2 2 2 2
left_child=1 3 5 4 -1 7 10 8 18 15 -3 -12 14 -4 -6 -9 -17 27 -2 -14 -21 22 25 -23 -13 28 -11 -5 -7 -22
right_child=2 6 13 17 12 21 -8 9 -10 26 11 24 19 -15 -16 16 -18 -19 -20 20 29 23 -24 -25 -26 -27 -28 -29 -30 -31
leaf_value=-0.0080009859718125579 0.093809900567092694 0.017342010970611988 0.010895446952105993 -0.0064186945764381559 0.032658132976327484 -0.005858919090227158 0.014753468922862856 -0.0035119408756372761 -0.0027608283227126777 -0.0035528820056448585 -0.004270491838011742 -6.0917014701122874e-05 0.010769584581007186 -0.0024505371890048257 -0.0039671429319884377 -0.00364102599027929 -0.0040020463510315662 -0.0026813604843973688 -0.0076119997621178952 -0.0067328380695259767 0.0035264417758779087 0.020855034942459313 0.003308480933771138 -0.0037902777041831982 0.0055832526460731224 -0.0019365604975434881 -0.00056332906879071336 -0.0026554141565577703 0.0048565586868836389 0.016065509641480354
leaf_weight=3560.3279248662293 32.069065235555172 21071.517774119973 7628.8034061640501 7586.704787440598 1037.0367837324739 3373.3045473024249 21869.308022577316 44416.75185892731 1653.3193364515901 8931.2834991514683 7495.0420640818775 32716.541612632573 14519.633755918592 4302.0467858314514 5471.4665636345744 7762.6393705531955 25855.382072374225 32769.186824046075 1524.4079297408462 8270.3075735606253 14711.872739478946 1061.8080129101872 16633.014374665916 12809.094794049859 35417.461978085339 7530.6029800698161 22375.90229357034 8199.4614545889199 420.51673166453838 6533.5168188810349
leaf_count=14392 69 52367 25415 29753 2663 10650 77679 140778 4485 28380 27617 124448 48046 15849 20077 24329 80675 122990 2357 28935 52063 2981 51379 41417 131998 21805 71504 30767 1524 22743
internal_value=-0.000431443 0.000407272 -0.00154712 -0.000423205 0.000445818 -0.00177898 0.00112631 -0.00221387 -0.00661686 -0.00208461 0.000765239 0.000395763 0.000778174 0.00145314 -0.00150438 -0.0025592 -0.00332857 -0.00139154 -0.0118672 0.00111554 0.000515894 -0.000608797 -2.39468e-05 -0.00178759 0.000647554 -0.00219459 -0.000901682 -0.00257106 -0.00439022 0.00162805
internal_weight=387540 221229 166311 102660 54104.2 154380 118570 112552 3209.8 109342 96700.6 75629 50543.8 11930.9 6508.5 78034.8 33618 48555.4 1556.48 44035.3 29515.7 41828.3 27957.4 13870.9 68134 11324.4 31307.2 15786.2 3793.82 21245.4
internal_count=1310135 786538 523597 372429 188919 482333 414109 352577 6911 345666 336430 284063 174527 41264 22740 245782 105004 183510 2426 151787 103741 129756 85358 44398 256446 33979 99884 60520 12174 74806
cat_boundaries=0 1
cat_threshold=19
is_linear=0
shrinkage=0.05


Tree=42
num_leaves=31
num_cat=3
split_feature=16 6 10 0 8 7 5 16 2 10 8 10 10 8 4 7 8 8 8 6 16 10 4 7 0 3 8 7 2 2
split_gain=134.325 44.4961 35.7198 29.0561 23.4946 27.9031 21.1237 15.5638 15.4287 15.0339 16.0418 13.9704 13.6714 13.6633 13.507 12.8042 12.6261 11.5013 11.0386 10.6312 10.2051 10.1521 9.67679 8.46369 8.25048 8.23458 8.14049 8.07089 8.0643 8.01815
threshold=0.78737496167786236 0.25881904510252057 7.0735233155969857 53.500000000000007 1.0000000180025095e-35 1.0000000180025095e-35 -0.60355339059327362 0.70095262182836504 0 6.5947700359075858 2.0126758453675748 4.5932514782278071 6.0069386946268866 1.4978661367769956 2.5000000000000004 1.0000000180025095e-35 1.2424533248940002 6.2393002351051399 1.7005986908310777 0.37940952255126048 0.85382885972224343 6.1848857164332625 2.5000000000000004 1.0397207708399181 58.500000000000007 1.0000000180025095e-35 1.0000000180025095e-35 1.0000000180025095e-35 1 2
decision_type=2 2 2 2 2 2 2 2 1 2 2 2 2 2 2 2 2 2 2 2 2 2 2 2 2 2 2 2 1 1
left_child=2 3 4 12 5 -1 29 -7 19 13 -11 -6 16 15 -9 -5 27 -10 -14 25 22 -8 -15 -17 -16 -4 -23 -2 -13 -3
right_child=1 6 8 9 11 7 21 14 17 10 -12 28 18 20 24 23 -18 -19 -20 -21 -22 26 -24 -25 -26 -27 -28 -29 -30 -31
leaf_value=-0.0090250208483325794 -0.0058297491800004047 0.0021358135226395348 0.040695435619514608 -0.0059558594043334582 -0.0061695480089042415 0.034904605180677707 -0.00046199000334004592 -0.00092976073598846078 0.0059814381949444108 0.0033939645587760304 -0.0021748068790443469 0.0064390688384482926 -0.0008383787105160468 -0.0040508714314520999 0.0037095179599272114 0.0016529949475706574 -0.0049635048684782317 -0.0093905881906927845 -0.0041177157653866873 0.023817236288763713 -0.0049874536299554743 0.009359926149320949 -0.0019568132820481699 -0.0019776994789657693 0.014287710836365082 0.0098427869297854076 0.0021934581478770393 -0.0032256948917081529 -0.002034770944043801 -0.0034753264218332527
leaf_weight=2269.0695227198303 1669.5208056792617 3687.3318280205131 1595.5785374939442 1536.7116398215294 11431.477352365851 3686.0758071839809 24494.288124188781 12917.149238817394 19595.160145495087 11485.917553141713 30235.593955330551 8038.824021294713 11399.028191365302 5051.3098751455545 12272.057931941003 7027.7223512008786 13493.08484710753 3494.7797911688685 29468.322121374309 10016.472972463816 4915.204310208559 3813.1339258998632 9294.198898255825 21920.520128570497 11186.942126482725 26908.25331537053 20668.297539934516 21239.198924869299 27210.380892407149 15518.727060988545
leaf_count=10580 5405 11422 5814 4894 52039 9662 75680 51592 73468 34273 92436 31349 33842 15057 46150 20544 42999 13733 90382 38068 16118 11273 28687 65846 41447 99692 64167 63680 112106 47730
internal_value=-0.000421289 -0.00116351 0.000746176 -0.00159909 0.000105583 0.000958619 -8.55537e-05 0.00126413 0.00167168 -0.000996034 -0.000296077 -0.000667973 -0.00231295 -0.00158309 0.000950412 -0.000924422 -0.00301764 0.000648672 -0.00168526 0.00228413 -0.00262559 0.00046557 -0.0019519 -0.000688326 0.00166535 0.00179232 0.00118563 -0.00230298 -0.000175387 -0.00149093
internal_weight=387540 236918 150622 168736 89012 42331.3 68181.8 40062.2 61610.2 91467.2 41721.5 46680.7 77269.2 49745.7 36376.1 30485 36401.8 23089.9 40867.4 38520.3 19260.7 48975.7 14345.5 28948.2 23459 28503.8 24481.4 22908.7 35249.2 19206.1
internal_count=1310135 724435 585700 514163 354925 159431 210272 148851 230775 277855 126709 195494 236308 151146 139189 91284 112084 87201 124224 143574 59862 151120 43744 86390 87597 105506 75440 69085 143455 59152
cat_boundaries=0 1 2 3
cat_threshold=19 2 2
is_linear=0
shrinkage=0.05


Tree=43
num_leaves=31
num_cat=0
split_feature=10 8 7 8 1 10 1 7 7 7 7 7 4 7 7 7 10 4 7 7 4 1 4 7 1 10 7 10 8 8
split_gain=81.5917 55.3099 51.3282 42.8848 43.2419 25.8354 25.444 24.1066 51.429 15.9192 39.1763 15.1292 13.9909 13.9776 11.3188 18.6371 10.6866 10.5782 9.8157 13.4538 9.19332 8.31932 8.11007 7.91685 7.90165 7.74954 7.43312 7.20774 7.20545 6.94595
threshold=6.3532720516638044 1.0000000180025095e-35 1.0000000180025095e-35 1.0000000180025095e-35 2963.5000000000005 7.6900569605238571 1294.5000000000002 1.0397207708399181 2.3502401828962087 2.524928003624769 3.0201273556387074 8.4014455765695093 2.5000000000000004 3.0201273556387074 3.1132683346437333 3.4175922930736511 8.1894716571980375 2.5000000000000004 1.0397207708399181 2.3502401828962087 4.5000000000000009 6033.5000000000009 4.5000000000000009 2.524928003624769 6755.5000000000009 0.1970491786496901 7.4238668626505984 3.6286626092943273 3.3497501700808394 4.1026092131977068
decision_type=2 2 2 2 2 2 2 2 2 2 2 2 2 2 2 2 2 2 2 2 2 2 2 2 2 2 2 2 2 2
left_child=1 2 -1 13 5 12 17 25 -9 -10 -11 16 28 18 -12 -16 22 27 -2 -20 24 -6 29 -21 -8 -4 -14 -3 -5 -7
right_child=3 6 7 4 21 11 20 8 9 10 14 -13 26 -15 15 -17 -18 -19 19 23 -22 -23 -24 -25 -26 -27 -28 -29 -30 -31
leaf_value=-0.0057994496267675224 0.013313462751913252 -0.0051958746199545942 0.0057376912337567592 -0.0022879432812937142 0.0075178653994250394 0.0031319736885448177 -0.0034832710373936928 -0.0047163745146172921 0.005268022649735621 -0.004535425550018804 0.01305737515144384 -0.0031418707908610014 -0.00067519995904499199 0.015645529284784094 -0.0040505300159087102 0.0053919211222076824 0.010705151348095302 -0.0035789333533159996 -0.0039574591293062037 0.01480670683753922 0.000820012031464823 0.021698704521009082 0.01192924543482703 0.00051788799198370099 0.0047056481153442747 0.00091275210406164826 -0.0053402352061456219 -0.0037446049774220156 -0.004816270306582663 -0.0016864738632912048
leaf_weight=6754.6429827548563 6100.0147870257497 5828.0353312790394 15585.937524627894 14450.52550439164 17446.102033052593 19205.149499755353 31770.530772197992 18530.998521953821 13271.741584137082 12115.36907504499 4065.8262464404106 16349.717433255166 44616.049074973911 10216.6840409711 4466.0818345881999 9151.075948048383 8478.1007023267448 28890.810306232423 5037.4913074411452 3941.887154944241 8664.4435428157449 5895.3288773670793 5155.8923949711025 4062.7475245371461 2108.9361631944776 14084.909752655774 5143.0105085298419 14767.433463919908 13694.823624238372 17690.036218635738
leaf_count=25053 19094 20574 49996 48438 58605 63462 111877 60796 43140 39804 13634 56063 152509 34069 14864 32229 23481 101996 15686 12365 30377 19492 17497 12901 7527 44317 19673 51262 48659 60695
internal_value=-0.000410175 -0.00114971 -0.000323248 0.000301547 -6.35289e-06 -0.00032832 -0.00203002 -1.19983e-05 -0.000575948 0.000371687 -0.000269834 0.000392547 -0.000947165 0.00206475 0.0012308 0.000539571 0.000820324 -0.00280088 0.00126772 0.000493389 -0.00113338 0.00199076 0.000493826 0.00176734 -0.00150507 0.00115885 -0.000443225 -0.0036667 -0.0018381 0.000234252
internal_weight=387540 190057 98026.6 197484 168125 144783 92030.2 91271.9 61601.1 43070.1 29798.4 66878.9 77904.4 29358.8 17683 13617.2 50529.2 49486.3 19142.1 13042.1 42543.9 23341.4 42051.1 8004.63 33879.5 29670.8 49759.1 20595.5 28145.3 36895.2
internal_count=1310135 647446 323833 662689 568574 490477 323613 298780 204467 143671 100531 221198 269279 94115 60727 47093 165135 173832 60046 40952 149781 78097 141654 25266 119404 94313 172182 71836 97097 124157
is_linear=0
shrinkage=0.05


Tree=44
num_leaves=31
num_cat=0
split_feature=16 4 16 3 1 1 3 10 1 1 10 1 0 16 16 4 4 16 1 1 5 10 16 1 16 16 16 4 4 16
split_gain=119.532 46.2959 41.3061 31.1965 32.5124 29.5074 38.9711 18.291 18.0774 16.9773 16.5441 12.1105 11.998 11.4653 11.2861 50.3935 36.3807 12.8105 11.1983 9.81292 9.79578 9.73128 9.69961 9.22656 8.531 11.8615 8.0502 24.2908 19.5483 12.2089
threshold=0.8127814019877837 3.5000000000000004 0.91167763378283551 1.0000000180025095e-35 1242.5000000000002 1162.5000000000002 1.0000000180025095e-35 7.5660670078195009 741.50000000000011 467.50000000000006 5.8039889525589397 6033.5000000000009 51.500000000000007 0.7503268675834982 0.84649134540172921 1.5000000000000002 1.5000000000000002 0.82537325419067853 4123.5000000000009 234.50000000000003 -1.0000000180025095e-35 5.9543849063635728 0.97182285662211954 420.50000000000006 0.82340483352627902 0.81759950385457481 0.85311987714289217 1.5000000000000002 2.5000000000000004 0.81536292963384094
decision_type=2 2 2 2 2 2 2 2 2 2 2 2 2 2 2 2 2 2 2 2 2 2 2 2 2 2 2 2 2 2
left_child=1 3 5 8 10 6 -2 13 19 -8 -5 21 -7 -3 15 17 -16 24 26 -1 -18 -6 -4 -12 25 -11 28 -28 29 -14
right_child=2 7 22 4 11 12 9 -9 -10 14 23 -13 18 -15 16 -17 20 -19 -20 -21 -22 -23 -24 -25 -26 -27 27 -29 -30 -31
leaf_value=-0.006534679309893654 -0.00038496468387668739 0.013782492886044785 0.0062870648749080438 -0.0044718860625156233 -0.0021269813034432736 -0.0031503392300522848 -0.0040129488529578239 0.016331995043229377 0.023887041199961892 -0.0055602476047260461 -0.0070801039290735897 0.01333273858041284 -0.0087976421878281086 0.0016655730418561722 0.0063343322846963314 -0.0010501118792055704 -0.0044929668245775765 -0.0026172577022030106 0.00529738021512064 0.0071232381767765808 -0.0030457212130660855 0.0025958612951492988 0.043654808691884178 -0.0013535522840765148 -0.0070488861994466266 -0.0011950197583958406 0.020828189254584534 -0.0041294710266516375 0.0020892912673040722 -0.0025525935706023602
leaf_weight=4078.7789367511868 17172.911070935428 16088.460855059326 5829.5189596414566 21223.642979390919 20736.253512315452 29222.154147408903 11996.111267022789 21614.136537745595 5466.0091319419444 1878.4955756664276 3947.1397657319903 4285.166696626693 1267.817262634635 47711.122292280197 2134.7394891381264 23863.641717776656 11782.123820155859 1952.6417416632175 6148.9330042973161 14926.653309449553 10478.057874985039 31999.975251503289 1187.0465338677168 29152.047408849001 1052.7425352707505 787.89969378709793 900.80183763802052 12560.695180349052 17377.036875508726 8717.578470915556
leaf_count=13742 53900 40034 20341 80597 76207 92841 36741 72813 19272 4064 14124 15027 2952 186081 6369 71718 37727 7568 19765 51994 33465 111962 4094 104685 3700 2971 2643 41119 54118 27501
internal_value=-0.000402585 0.00035878 -0.00141537 -0.00021482 -0.000570077 -0.00158074 -0.00223237 0.00127086 0.00140159 -0.002785 -0.00144544 0.000263858 -0.000870069 0.000844978 -0.00240658 -0.00174922 -0.00320246 -0.0059856 -0.000375196 0.000672798 -0.00380041 5.61462e-05 0.00233916 -0.000746722 -0.0077074 -0.00620271 -0.000674813 -0.00167584 -0.000182337 -0.00194534
internal_weight=387540 221229 166311 135816 111344 159294 83099.4 85413.7 24471.4 65926.5 54322.8 57021.4 76195 63799.6 53930.3 29535.4 24394.9 5671.78 46972.9 19005.4 22260.2 52736.2 7016.57 33099.2 3719.14 2666.4 40823.9 13461.5 27362.4 9985.4
internal_count=1310135 786538 523597 487610 402602 499162 258223 298928 85008 204323 199406 203196 240939 226115 167582 90021 77561 18303 148098 65736 71192 188169 24435 118809 10735 7035 128333 43762 84571 30453
is_linear=0
shrinkage=0.05


Tree=45
num_leaves=31
num_cat=0
split_feature=4 3 1 1 6 6 1 10 0 1 8 7 10 1 10 0 10 10 8 7 7 3 10 5 1 8 8 10 8 8
split_gain=70.9372 54.7424 68.5481 27.9551 26.0356 19.059 17.757 15.7983 15.4159 13.428 13.0592 15.0446 11.2074 10.565 10.302 9.96406 8.87214 8.77301 11.0679 8.50121 13.4033 8.37441 7.95129 7.76031 7.26987 7.00681 6.89359 6.74351 6.70491 6.69926
threshold=3.5000000000000004 1.0000000180025095e-35 741.50000000000011 3595.5000000000005 0.25881904510252057 0.60355339059327384 221.50000000000003 7.9179619986492931 54.500000000000007 335.50000000000006 0.89587973461402759 1.0000000180025095e-35 4.5932514782278071 5277.5000000000009 7.3619828880744267 66.500000000000014 7.7168148692138958 7.7168148692138958 0.89587973461402759 1.0397207708399181 2.3502401828962087 1.0000000180025095e-35 6.9867790336588564 -0.37940952255126059 3831.5000000000005 2.0126758453675748 1.4978661367769956 5.6929629503794645 3.9607678160667752 4.297262267176281
decision_type=2 2 2 2 2 2 2 2 2 2 2 2 2 2 2 2 2 2 2 2 2 2 2 2 2 2 2 2 2 2
left_child=1 6 9 5 7 8 -1 10 21 -3 11 -4 -12 16 26 -5 23 18 -8 -13 -21 -2 25 -6 -14 -10 -11 -22 -16 -9
right_child=3 2 4 15 13 -7 17 29 22 14 12 19 24 -15 28 -17 -18 -19 -20 20 27 -23 -24 -25 -26 -27 -28 -29 -30 -31
leaf_value=-0.0071670904269815873 0.0045356715604932601 -0.0054435911473127516 -0.0057445283917788303 0.0065566996189891152 -0.0025033497559822427 0.0057233285427554462 0.0080340314972072724 0.0061836577369888904 0.0014578748821645116 -0.0029847017088086266 -0.0045441776860158378 0.0026139764901430499 -0.003317975573275306 0.013532060190906643 -5.5444957529238172e-06 0.020244711094602866 0.0057930443854090855 0.017309637480354891 -0.0018849169750219221 -0.0046687520556485066 -0.0017715725574938086 -0.0025563180128697627 0.0051365564452916625 0.00068510205614132351 0.00096437989309499099 -0.0022980118882117485 -0.003992173203191997 0.0028986205055044345 -0.0043910480919825438 -0.0015989980161568136
leaf_weight=5917.3236803263426 6617.7252678647637 7565.969837628305 2112.1495164185762 10288.378722757101 12903.945174142718 21211.399946562946 15733.604674402624 6686.0469127185643 20811.783922493458 19008.29529158771 9638.8664458468556 8449.2486350238323 42560.679143071175 2705.6902197264135 5849.9507247954607 7913.3196567185223 10250.274393282831 7754.442976873368 11548.13619345054 6596.3837943077087 12616.849670369178 34253.23347318545 21391.647893894464 20518.829985041171 4921.8396020568907 11413.62366816774 13645.509969159961 7944.3406518213451 7546.9813941530883 11306.329862382263
leaf_count=19459 22238 25341 7666 35153 45123 73051 51257 20374 68603 62957 33841 27224 147782 9246 19120 26339 33591 25566 40137 21515 42495 116903 71399 71052 17155 40448 48306 26050 25651 36245
internal_value=-0.000408631 -0.000899912 -0.00122204 0.000522492 -0.000701309 0.000235943 0.000774147 -0.00111124 -6.81112e-05 -0.00276833 -0.00136893 -0.000646909 -0.00184571 0.000295988 -0.0024476 0.00234394 0.000108152 0.00120202 0.0007802 -0.000403702 -0.000834632 -0.000799603 0.000489487 -0.000286509 -0.00153015 -6.60263e-06 -0.00292662 -0.000205475 -0.00128005 0.000247105
internal_weight=387683 253782 212828 133901 159211 115699 40953.5 112833 94488 53616.7 94840.4 37719 57121.4 46378.7 46050.7 18201.7 43673 35036.2 27281.7 35606.8 27157.6 40871 53617.1 33422.8 47482.5 32225.4 32653.8 20561.2 13396.9 17992.4
internal_count=1311287 857153 720734 454134 539359 392642 136419 380347 319591 181375 323728 124950 198778 159012 156034 61492 149766 116960 91394 117284 90060 139141 180450 116175 164937 109051 111263 68545 44771 56619
is_linear=0
shrinkage=0.05


Tree=46
num_leaves=31
num_cat=0
split_feature=16 6 1 3 17 0 5 1 1 3 1 10 6 16 1 0 4 16 0 1 4 16 16 1 4 16 16 4 16 16
split_gain=110.162 42.5023 29.3313 25.8677 26.2605 24.1633 20.7092 18.5717 17.8293 16.2725 25.9543 13.1613 10.4432 10.097 9.45384 9.17143 8.62142 16.3341 8.47585 8.04086 7.75479 13.4432 9.73729 7.58515 7.1375 31.0468 22.4006 6.82343 28.5175 19.097
threshold=0.78226511065443993 0.25881904510252057 1924.5000000000002 1.0000000180025095e-35 0.8073845324898421 63.500000000000007 -0.60355339059327362 604.50000000000011 420.50000000000006 1.0000000180025095e-35 778.50000000000011 7.4212171186186024 0.37940952255126048 0.91681818959512318 4606.5000000000009 47.500000000000007 3.5000000000000004 0.85943965931063915 63.500000000000007 1814.5000000000002 4.5000000000000009 0.86588849856005423 0.88926421891343954 901.50000000000011 1.5000000000000002 0.83813577384133187 0.8423321668866619 2.5000000000000004 0.861421261414552 0.85849442535829257
decision_type=2 2 2 2 2 2 2 2 2 2 2 2 2 2 2 2 2 2 2 2 2 2 2 2 2 2 2 2 2 2
left_child=2 5 3 8 7 9 19 -5 -1 -2 -11 18 15 16 20 -9 -8 -18 -4 -3 22 -22 24 -10 25 -7 -26 28 -12 -29
right_child=1 6 11 4 -6 14 13 12 23 10 27 -13 -14 -15 -16 -17 17 -19 -20 -21 21 -23 -24 -25 26 -27 -28 29 -30 -31
leaf_value=0.00058192906162337634 -0.0012247469031001048 -0.0031363855163786371 0.0023567248230750848 -0.0051185684476063344 -0.0061716855778911842 -0.0049586529636349887 -5.2852561242083822e-05 -0.0033151669113927751 0.013019094156245071 -0.003614193321617676 -0.0044503859983450579 0.023585213550876907 0.0087951770705703477 0.023402765116532206 0.0067264885578907701 0.0032167542874225077 0.006590784457198174 -0.0037782181416729068 0.013172976487314025 0.00057554320761539219 0.003252889124187597 -0.0060950872961311247 0.0043787599702254047 0.032544091703465949 -0.00048446764602560479 0.013163502288945333 -0.0036969926607990674 -0.0016170123773226687 0.0030516205638841695 -0.0046729459971422364
leaf_weight=11293.949317704886 14935.014579333365 14202.056052021682 15411.04760639742 11574.475821059197 10691.103830378503 5200.255723811686 34703.658569052815 11684.808541342616 11039.5116237849 27403.681347690523 22692.726758874953 13194.562361400574 11927.570434562862 1232.5742252469063 4062.7112362086773 24748.221707131714 13058.819877639413 2756.956125125289 11348.730315081775 6094.4483448415995 7910.4581398516893 1266.0290347486734 3693.6243873983622 4096.342138659209 27858.946191735566 1149.2085534110665 12743.852785341442 36938.188120238483 4758.431504368782 8010.8360457867384
leaf_count=40639 46046 43512 62750 27695 153491 15157 105334 28074 40526 82466 66951 48224 27936 4257 12533 58954 40162 9344 43985 18875 24037 4208 12665 15150 80776 3480 39944 111608 15722 26786
internal_value=-0.000401038 -0.00102416 0.000739011 0.000269626 -0.00022972 -0.00143765 9.77629e-07 0.000177481 0.00160399 -0.00187158 -0.00210192 0.00187923 0.000608067 0.000531845 -0.000658294 0.000187661 0.000422757 0.0013903 0.001242 -0.00135263 -0.000816802 0.000520585 -0.00105912 0.00272577 -0.00125358 -0.0028125 -0.00100979 -0.00160586 -0.00222699 -0.00122652
internal_weight=387683 250672 137010 97056 70626.2 178624 72048.5 59935.1 26429.8 114739 99803.9 39954.3 48360.6 51752 63885.1 36433 50519.4 15815.8 26759.8 20296.5 59822.4 9176.49 50645.9 15135.9 46952.3 6349.46 40602.8 72400.2 27451.2 44949
internal_count=1311287 763863 547424 392465 296150 542379 221484 142659 96315 349579 303533 154959 114964 159097 192800 87028 154840 49506 106735 62387 180267 28245 152022 55676 139357 18637 120720 221067 82673 138394
is_linear=0
shrinkage=0.05


Tree=47
num_leaves=31
num_cat=0
split_feature=16 6 16 1 10 5 16 8 7 16 10 17 16 17 16 16 1 16 7 7 10 10 8 17 17 1 16 1 1 1
split_gain=99.9989 38.473 28.4571 22.9205 19.5597 18.4761 17.5693 17.0575 16.9441 15.838 15.5021 13.7648 13.0139 12.8198 10.0834 11.3716 9.23634 8.8337 8.52904 10.097 8.10339 7.97164 11.9428 7.78436 7.62327 7.21594 6.59863 6.45684 6.24804 6.14252
threshold=0.78226511065443993 0.25881904510252057 0.70870188235304732 741.50000000000011 6.0354018228882049 -0.60355339059327362 0.83426495118380328 0.89587973461402759 1.0000000180025095e-35 0.89781489096933687 7.6356794924471805 0.80752367129488067 0.8861666780130667 0.66847687381717125 0.81441168430396382 0.81327991938713906 5746.5000000000009 0.91167763378283551 1.0397207708399181 2.3502401828962087 5.9812086984327735 8.0863844360616497 4.3757372435704527 0.80853739921417944 0.6657714024266651 1814.5000000000002 0.83375273960117646 2573.5000000000005 696.50000000000011 801.50000000000011
decision_type=2 2 2 2 2 2 2 2 2 2 2 2 2 2 2 2 2 2 2 2 2 2 2 2 2 2 2 2 2 2
left_child=2 4 16 23 7 25 13 8 -2 21 11 24 18 14 15 -6 -1 20 29 -20 -7 22 -8 -4 -5 -3 -22 -15 -9 -10
right_child=1 5 3 10 6 17 9 28 12 -11 -12 -13 -14 27 -16 -17 -18 -19 19 -21 26 -23 -24 -25 -26 -27 -28 -29 -30 -31
leaf_value=0.018469896338851433 -0.0048611081408159399 -0.0029795662405597057 -0.0015275627098169211 0.0006188147198165489 -0.0041475091550397802 -0.00051549778365131145 -0.0028889357601087767 -0.0037608978844538067 -0.0024042142451904769 0.0031209986997745021 0.012536770755028371 -0.0037483463167689137 0.0061049743983562863 -0.00016918454827523634 0.0005197494201716502 -0.0070965506321841844 0.045663235676708616 0.0191570098743548 -0.0042153966258363235 -0.0019901867846738529 0.0051681903940789427 -0.00037909311475283207 -0.0058145387529641053 -0.0063614089829906991 0.0061204688200609319 0.00054676604723462589 -7.3869713462876301e-06 0.0066999836944336144 -0.0033288477213697792 0.0017589869890146743
leaf_weight=17118.752388566732 3355.3237413689494 14202.056052021682 30264.730967126787 24458.858105026186 14336.991181671619 23530.930679172277 21234.291328452528 8410.6911870613694 5209.1394525244832 5083.9106036275625 22342.824587736279 9623.2635861448944 3241.232411339879 29170.101001307368 7217.2060494422913 888.24314111471176 842.01769115030766 1455.3309598788619 8024.7729505300522 21492.47526204586 16316.939161583781 4361.8641014546156 7956.2067468166351 4628.5371884070337 27731.339183345437 6094.4483448415995 10448.807996429503 6406.0518642142415 25659.130296096206 6576.3330897316337
leaf_count=44675 10835 43512 78590 30617 18444 72370 66593 26345 14941 17552 87704 139387 11223 114046 9324 1131 2126 5087 23598 64331 47729 12835 26440 68513 95812 18875 33911 25238 80344 19159
internal_value=-0.000390796 -0.000984477 0.000695394 0.000415505 -0.00137788 -9.14595e-06 -0.000896048 -0.00194604 -0.00133773 -0.00172213 0.000862235 0.000454246 -0.00107963 -0.000345939 -0.00128171 -0.00201141 0.00255059 0.000492283 -0.00131904 -0.00177305 0.000381164 -0.00211618 -0.0024141 -0.000661929 0.000774636 -0.00128769 0.000976228 0.000244374 -0.00280126 -0.000181951
internal_weight=387683 250672 137010 119050 178624 72048.5 96654.9 81969.1 47899.3 38636.3 84156.3 61813.5 44544 58018.6 22442.4 15225.2 17960.8 51752 41302.7 29517.2 50296.7 33552.4 29190.5 34893.3 52190.2 20296.5 26765.7 35576.2 34069.8 11785.5
internal_count=1311287 763863 547424 500623 542379 221484 291603 250776 144087 123420 353520 265816 133252 168183 28899 19575 46801 159097 122029 87929 154010 105868 93033 147103 126429 62387 81640 139284 106689 34100
is_linear=0
shrinkage=0.05


Tree=48
num_leaves=31
num_cat=0
split_feature=16 1 3 1 1 1 10 16 10 3 8 16 10 1 1 7 16 1 10 7 7 8 8 10 16 16 8 7 7 16
split_gain=90.5438 40.3513 55.4543 24.8867 20.3187 18.804 15.9464 14.7437 16.1728 14.4306 14.1388 17.0913 14.3896 13.6953 12.6892 11.1634 10.6366 10.6263 10.4672 8.73553 15.5239 8.35409 8.26503 7.5911 7.57001 7.56704 7.39893 7.2928 10.5807 6.66522
threshold=0.76640384685231278 1162.5000000000002 1.0000000180025095e-35 420.50000000000006 6033.5000000000009 2753.5000000000005 7.846586089027463 0.84649134540172921 5.6929629503794645 1.0000000180025095e-35 0.89587973461402759 0.84373940648526213 5.751176346912966 604.50000000000011 380.50000000000006 1.0000000180025095e-35 0.90374560103526036 396.50000000000006 5.9812086984327735 1.0397207708399181 2.3502401828962087 3.6505739029280164 1.7005986908310777 7.9397739131828367 0.85672772824506083 0.91167763378283551 1.0000000180025095e-35 3.4175922930736511 2.524928003624769 0.70870188235304732
decision_type=2 2 2 2 2 2 2 2 2 2 2 2 2 2 2 2 2 2 2 2 2 2 2 2 2 2 2 2 2 2
left_child=5 2 17 -4 6 9 10 8 -5 14 15 12 -12 -11 -1 -3 22 24 26 -17 -21 -10 -9 -24 -2 -13 -15 28 -22 -7
right_child=1 4 3 7 -6 29 -8 16 21 13 11 25 -14 18 -16 19 -18 -19 -20 20 27 -23 23 -25 -26 -27 -28 -29 -30 -31
leaf_value=0.001295271385843122 -0.0046544665484229758 -0.0049001159346890484 -0.0040871513806573804 -0.0026432066094371682 0.0078311643975514048 0.033771630873171567 0.0032831226793818506 -0.0020700614695706972 1.2450734160107669e-05 -0.0067875353906507122 -0.0033153894523218043 -0.0041616941395415386 -0.00010271590520104512 0.0025515490897440097 0.020806979411652018 0.0044400353645524084 0.00041147944148602349 0.0049540726283911598 0.0080742984932303703 -0.0039459825187194821 0.0057666663279098531 -0.002774418690344341 -0.0038200071838664835 -0.0022355443071273408 0.0084603170048296768 0.0069887933246494567 -0.0064995112703056029 0.0049812981580635912 -0.0019808007100529878 0.015185515481593205
leaf_weight=6843.4348358586431 12632.174336541444 2546.5826566070318 15311.115798696876 29559.147212859243 10104.382006581873 2901.6889065504074 23189.277312148362 11758.891227468848 24099.336004257202 8129.4756148532033 17467.606225978583 16044.205066502094 36465.771774251014 8571.1619631797075 12051.876509390771 9852.8931048028171 3143.4749094769359 20712.496466651559 28023.412837162614 7973.1598392724991 5223.9013402685523 18893.79559392482 10639.07715255022 2479.9119014441967 3354.5570365414023 932.60208924859762 6363.6644832715392 8275.5500885657966 12095.363140460104 12042.813864864409
leaf_count=17265 47777 9875 54284 111843 37425 7436 81343 36370 87264 20532 67838 53191 139000 20998 30959 33847 11007 77613 70262 27576 18539 72769 34814 7686 10863 3384 16518 30893 42251 29865
internal_value=-0.000376336 -0.000781041 -0.00135369 -0.00189011 -0.000199188 0.00106639 -0.000355398 -0.00160421 -0.00122799 0.000722579 -0.000593034 -0.00103581 -0.000600292 0.000285928 0.00190316 8.9995e-05 -0.00257834 0.000340127 0.000642055 0.000278696 -0.000105528 -0.000608998 -0.00292461 -0.00378743 -0.000628306 -0.00241939 -0.000427055 0.000494604 -8.88078e-05 0.00267639
internal_weight=387683 302755 152584 115885 150171 84927.5 140067 100574 72552.3 69983 116878 70910.2 53933.4 51087.7 18895.3 45967.5 28021.4 36699.2 42958.2 43420.9 33568 42993.1 24877.9 13119 15986.7 16976.8 14934.8 25594.8 17319.3 14944.5
internal_count=1311287 1097452 552290 416037 545162 213835 507737 361753 271876 176534 426394 263413 206838 128310 48224 162981 89877 136253 107778 153106 119259 160033 78870 42500 58640 56575 37516 91683 60790 37301
is_linear=0
shrinkage=0.05


Tree=49
num_leaves=31
num_cat=0
split_feature=16 6 1 17 4 16 16 4 16 16 4 4 16 6 5 16 16 17 4 4 3 16 16 16 16 16 16 16 16 16
split_gain=83.5931 35.4524 26.0222 24.1622 18.4412 31.4824 21.9961 21.2632 43.0714 22.8221 38.7138 19.6968 24.8469 17.0527 16.6375 15.2218 21.2988 14.5343 14.3354 13.6433 12.4986 10.7659 18.3163 10.3903 10.2924 10.1958 9.61286 19.5011 9.47063 10.1225
threshold=0.78226511065443993 0.25881904510252057 3273.5000000000005 0.80746214238737768 4.5000000000000009 0.86308177560703947 0.88926421891343954 2.5000000000000004 0.86308177560703947 0.85570644998864431 1.5000000000000002 1.5000000000000002 0.8423321668866619 0.60355339059327384 -0.60355339059327362 0.80530725634941192 0.82537325419067853 0.68059376891959245 2.5000000000000004 2.5000000000000004 1.0000000180025095e-35 0.82340483352627902 0.81759950385457481 0.79886474335522972 0.85472328363330063 0.81901187298636557 0.80570143096500557 0.81327991938713906 0.8847782686317428 0.8861666780130667
decision_type=2 2 2 2 2 2 2 2 2 2 2 2 2 2 2 2 2 2 2 2 2 2 2 2 2 2 2 2 2 2
left_child=2 4 3 13 6 -6 7 9 17 11 28 15 -13 19 -3 23 21 -9 -8 20 -1 22 26 -2 -14 -24 -17 -28 -11 -30
right_child=1 14 -4 -5 5 -7 18 8 -10 10 -12 12 24 -15 -16 16 -18 -19 -20 -21 -22 -23 25 -25 -26 -27 27 -29 29 -31
leaf_value=0.0083253839032092821 -0.0040359582374126486 -0.002239548899314478 0.014679828566835008 -0.0041756549684929924 0.0018925178183733073 -0.0057945284513602037 0.0071704815910979495 -0.0028326396395812721 -0.0046093586102705364 0.019769792550714808 -0.0024467855452648735 -0.0024767836885839891 -0.0042464340476131351 0.010350813763496709 0.0011202476166712661 -0.0074126685848796975 -0.0026201793644546252 -8.0922931004373538e-05 -0.0032751359904436396 0.0043158825229210719 -0.0032406838610006873 -0.006585621453380844 0.024146371066398838 0.007478941611249474 -0.0069426901175801223 -0.0027199027918082238 -0.0029058321162120761 -0.0058128265631018916 -0.0081435270785571567 0.022497098086730217
leaf_weight=7114.7774376533926 3642.9455871805549 20296.504396863282 18361.16899074614 16348.459789726883 20457.898501954973 3429.47272285074 6728.9212857708335 26136.20289939642 10893.180323496461 1982.6148382350802 7729.7010315358639 30531.167523674667 5855.4880875423551 18400.923143662512 51752.008797064424 819.9636377543211 4350.7026118859649 41377.902974270284 4006.2484914511442 55725.809335958213 21059.184999756515 1600.9896515384316 243.49419245868921 876.11135545372963 1088.5688572973013 1182.8896294608712 2075.8911874145269 3153.1636414006352 241.41518305242062 219.03019372373819
leaf_count=17328 11147 62387 69361 233233 62540 11480 22782 34215 35152 5486 25466 86464 18292 43046 159097 1142 16033 168199 14612 134145 50311 5785 1093 1992 3124 4243 4839 7276 422 595
internal_value=-0.000366159 -0.00090896 0.000626942 0.000355871 -0.0012866 6.42178e-06 -0.00148621 -0.00164898 -0.00109326 -0.00231325 -0.000136376 -0.00271283 -0.00206053 0.000641108 2.73015e-05 -0.00407495 -0.00491974 -0.000622538 0.000697144 0.000338788 -0.000557924 -0.00629847 -0.00550155 -0.00156489 -0.00476013 -0.000404765 -0.00670339 -0.0059141 0.00535015 -0.0011097
internal_weight=387683 250672 137010 118649 178624 23887.4 154737 144001 78407.3 65594.1 10172.8 55421.4 37475.2 102301 72048.5 17946.2 13427.1 67514.1 10735.2 83899.8 28174 9076.39 7475.4 4519.06 6944.06 1426.38 6049.02 5229.05 2443.06 460.445
internal_count=1311287 763863 547424 478063 542379 74020 468359 430965 237566 193399 31969 161430 107880 244830 221484 53550 40411 202414 37394 201784 67639 24378 18593 13139 21416 5336 13257 12115 6503 1017
is_linear=0
shrinkage=0.05


Tree=50
num_leaves=31
num_cat=0
split_feature=16 0 6 10 16 4 16 16 4 6 16 16 16 10 16 16 8 8 0 16 16 4 4 4 7 8 4 16 4 4
split_gain=73.8131 40.3826 24.8191 18.6024 18.0772 34.8679 19.5597 17.6779 17.221 16.3017 15.4981 14.6709 18.5187 13.1532 12.4611 12.4469 10.6339 10.4201 10.1563 9.87728 7.90073 14.96 9.7809 7.38858 7.36581 8.49787 7.35511 7.16172 11.8185 8.99155
threshold=0.76640384685231278 67.500000000000014 0.78656609248549303 7.9504083152704217 0.82340483352627902 1.5000000000000002 0.82365261305926685 0.90056769624314192 4.5000000000000009 0.37940952255126048 0.86588849856005423 0.80530725634941192 0.81759950385457481 7.7437006301226488 0.76654570564470936 0.72123156168238733 1.2424533248940002 0.89587973461402759 64.500000000000014 0.79886474335522972 0.85472328363330063 1.5000000000000002 2.5000000000000004 1.5000000000000002 1.0000000180025095e-35 1.0000000180025095e-35 2.5000000000000004 0.84649134540172921 1.5000000000000002 1.5000000000000002
decision_type=2 2 2 2 2 2 2 2 2 2 2 2 2 2 2 2 2 2 2 2 2 2 2 2 2 2 2 2 2 2
left_child=9 2 3 4 5 11 23 16 13 15 -10 19 -13 17 -7 -1 -8 -3 -17 -2 22 -22 -18 -6 -16 -26 -9 28 -19 -29
right_child=1 8 -4 -5 6 14 7 26 10 -11 -12 12 -14 -15 24 18 20 27 -20 -21 21 -23 -24 -25 25 -27 -28 29 -30 -31
leaf_value=0.013587781182840942 -0.0036578912070295067 0.00044842950312060651 0.0007775714388359112 0.00012067841435277893 -0.0065209607262894376 -0.0070392382316357806 -0.0020737159199630817 0.0073434359037740432 0.0078493256666363649 0.012562894517788248 -0.0049367357173202009 -0.0050606957535629122 0.00097231730022146747 0.0041844792774916265 -0.0053210297859754953 -0.0024107249210799098 -0.003619915109628133 -0.0037106725778891848 0.0063646033324607949 0.009185381764852436 0.0041828752361926765 -0.0042853882166216358 -0.002019120976648664 -0.0039418619815301511 0.0011361311968357379 -0.0017920788970746755 -0.004695376898592782 0.0070395903805898306 -0.00063964494714485731 -0.0037031936774962748
leaf_weight=18993.297946050763 5724.8300319574773 27730.849321804941 26488.187906328589 22474.501872196794 721.59888077527285 7178.1070533506572 29673.6457201913 3539.5503235906363 13900.355746466666 21028.239270746708 1631.876935325563 4852.8368870466948 993.28926154226065 15099.895877853036 1595.0259083211422 28451.626445390284 8537.3484244570136 2971.021747354418 16424.570965714753 616.80548173934221 1094.7174899280071 13020.663034848869 12394.890613764524 330.58273945003748 23723.722483068705 46317.68709820509 1764.320126734674 776.10679267346859 21612.114567652345 7790.5177336037159
leaf_count=48290 29120 97069 98298 77153 1504 110694 93377 12062 52081 52962 5381 10512 3910 53450 4881 71631 28132 11061 40893 1420 3197 43810 40253 987 66843 135028 6661 2350 82559 25596
internal_value=-0.000353276 -0.000718848 -0.00109923 -0.00130465 -0.00149158 -0.00102491 -0.00208907 -0.0019874 0.000158372 0.000949536 0.0016754 -0.00351375 -0.00532052 -0.000151744 -0.000640036 0.000551984 -0.00221482 -0.000479372 9.78896e-05 -0.00184816 -0.00280454 -0.00371873 -0.00218807 -0.00885561 -0.000441022 -0.000364512 0.00078775 -0.00107766 -0.000643821 -0.00232261
internal_weight=387453 302555 211042 184554 162080 91002.3 71077.3 70025.1 91512.7 84897.7 15532.2 12187.8 5846.13 75980.5 78814.5 63869.5 64721.3 60880.6 44876.2 6341.64 35047.6 14115.4 20932.2 1052.18 71636.4 70041.4 5303.87 33149.8 24583.1 8566.62
internal_count=1311165 1097389 767842 669544 592391 362408 229983 227492 329547 213776 57462 44962 14422 272085 317446 160814 208769 218635 112524 30540 115392 47007 68385 2491 206752 201871 18723 121566 93620 27946
is_linear=0
shrinkage=0.05


Tree=51
num_leaves=31
num_cat=0
split_feature=16 1 3 1 4 16 1 16 0 3 1 16 4 4 16 1 1 4 0 16 16 16 16 4 16 3 17 16 16 16
split_gain=68.1798 39.1303 45.0908 24.1915 20.0937 16.44 15.9164 15.554 13.7468 12.6141 11.781 11.3654 40.9247 27.4193 13.2226 9.7713 9.63907 9.52205 8.6643 8.55077 10.1394 8.1526 7.79971 7.24709 6.4766 6.08986 5.97879 5.91652 13.0756 6.06849
threshold=0.76640384685231278 1162.5000000000002 1.0000000180025095e-35 467.50000000000006 4.5000000000000009 0.91167763378283551 1924.5000000000002 0.86985364382818464 52.500000000000007 1.0000000180025095e-35 771.50000000000011 0.84649134540172921 1.5000000000000002 1.5000000000000002 0.76654570564470936 4911.5000000000009 221.50000000000003 2.5000000000000004 55.500000000000007 0.80530725634941192 0.80570143096500557 0.79001139522371822 0.6500768209777964 3.5000000000000004 0.90374560103526036 1.0000000180025095e-35 0.6657714024266651 0.82537325419067853 0.82340483352627902 0.82189695253423434
decision_type=2 2 2 2 2 2 2 2 2 2 2 2 2 2 2 2 2 2 2 2 2 2 2 2 2 2 2 2 2 2
left_child=6 2 16 -4 5 8 9 25 -3 10 22 12 19 -13 -14 -10 -2 -11 -8 21 -21 -5 -1 -16 -15 -6 -27 28 29 -22
right_child=1 4 3 11 7 -7 18 -9 15 17 -12 13 14 24 23 -17 -18 -19 -20 20 27 -23 -24 -25 -26 26 -28 -29 -30 -31
leaf_value=0.042792013926581322 -0.0060727773947928838 -0.0023443101314311043 -0.0034396316474119117 -0.0040309036672943081 0.03767242101329174 0.019527437041792176 0.0056756281608386196 -0.006153643975880219 -0.00048869735968568029 -0.0040569130097576015 0.027546105059995774 0.0054484711488819787 -0.0072976774458630217 -0.0029470613105842276 -0.0012104592713775399 0.0071472375699841439 0.0026355424560899569 0.003122490224493213 0.01998305485987616 -0.005707364620616006 -0.0032433821848646682 0.0019237523211064812 0.0032968614700150667 0.0010901501305498607 -0.0002074046864279755 0.00068917975147028134 0.0069214997214917589 -0.0018697067710055346 -0.0057438974703637336 0.019004806793555346
leaf_weight=981.63903857022524 5362.0232659094036 50144.705492608249 20411.561863161623 2932.2197832129896 606.16521733999252 2103.7598505243659 10254.938767880201 1864.7378935217857 64542.616601258516 14398.599414937198 4184.0748682841659 2979.9584634453058 4008.4544263519347 21615.34479060024 35597.16886164248 7104.0745098218322 31267.241607122123 27355.238525055349 14382.834224559367 461.25291268527508 3660.5642891377211 1231.4452887624502 13340.409788616002 18274.454940959811 1880.4534640684724 7473.5960861444473 15927.366209082305 1965.9228361323476 1044.5482796058059 95.41312713176012
leaf_count=2808 19415 182731 72614 16652 2482 7425 25860 6426 231626 36069 10836 9048 61866 68919 102609 26065 117056 68797 35774 626 9255 3176 33632 53390 6936 9352 78253 7539 3683 245
internal_value=-0.000339022 -0.000690368 -0.00125334 -0.00173569 -0.000116038 -0.000380692 0.000913088 0.00115134 -0.00045639 0.000475333 0.00156195 -0.00140253 -0.00106575 -0.00228368 -0.000526599 -1.19869e-05 0.00027627 -6.27474e-06 0.00198377 -0.00380519 -0.00484493 -0.00200032 0.000880078 -0.000320455 -0.00285672 0.00149302 0.00136485 -0.00435598 -0.00530213 -0.003926
internal_weight=387453 302555 152788 116159 149767 123895 84897.7 25871.9 121791 60260 18506.1 95747.2 69271.4 26475.8 57880.1 71646.7 36629.3 41753.8 24637.8 11391.4 7227.7 4163.67 14322 53871.6 23495.8 24007.1 23401 6766.45 4800.53 3755.98
internal_count=1311165 1097389 553029 416558 544360 447847 213776 96513 440422 152142 47276 343944 259041 84903 217865 257691 136471 104866 61634 41176 21348 19828 36440 155999 75855 90087 87605 20722 13183 9500
is_linear=0
shrinkage=0.05


Tree=52
num_leaves=31
num_cat=0
split_feature=16 0 6 0 16 1 3 1 1 10 16 17 16 1 6 17 10 10 8 16 10 8 7 10 8 8 1 16 16 16
split_gain=62.9366 30.7684 23.0063 22.99 16.2416 13.0689 18.7346 12.6375 12.1225 10.5846 7.92502 7.77969 7.77952 7.6782 7.54695 7.0193 6.62677 6.27473 7.18583 6.29661 7.69337 6.17427 7.11679 6.10252 6.93255 6.08629 6.06573 5.98144 5.83641 6.38846
threshold=0.78226511065443993 76.500000000000014 0.60355339059327384 60.500000000000007 0.70870188235304732 1221.5000000000002 1.0000000180025095e-35 2389.5000000000005 428.50000000000006 5.8317312297695052 0.91167763378283551 0.80752367129488067 0.84373940648526213 4911.5000000000009 0.60355339059327384 0.66764792291798603 5.5109157156972675 8.0353250454199436 1.7005986908310777 0.83375273960117646 5.283083967317161 1.0000000180025095e-35 1.0000000180025095e-35 7.7977218626321037 1.4978661367769956 1.0000000180025095e-35 741.50000000000011 0.87606775566422657 0.85311987714289217 0.97182285662211954
decision_type=2 2 2 2 2 2 2 2 2 2 2 2 2 2 2 2 2 2 2 2 2 2 2 2 2 2 2 2 2 2
left_child=3 2 5 4 -1 6 -2 11 -8 21 12 14 15 23 -5 -4 -17 18 27 20 -20 22 -6 24 -3 -11 -27 -7 -10 -30
right_child=1 13 10 7 9 17 8 -9 28 25 -12 -13 -14 -15 -16 16 -18 -19 19 -21 -22 -23 -24 -25 -26 26 -28 -29 29 -31
leaf_value=0.014483915090067457 -0.0014557904147779134 0.0010845247791218093 -0.0015515119058028437 0.0037933557344670857 -0.0076020265656673025 -0.0013771355557994664 -0.0034038594849485405 0.016692140145383959 -0.0020088998421129434 0.0076447271049250535 0.021967960539445521 -0.0026802144616292992 -0.0019419892993600919 0.011018099650001084 0.013920956824669029 -0.0005010347841610058 0.0059578423804234676 0.0023144352961199546 -0.004570873107146484 -0.003911968132315014 -0.0012273165766152729 -0.0053586641574753409 -0.00052535730817385162 0.0048845110089204341 -0.0015347337388347316 -0.0044423378835313004 0.0016685633770992193 0.0053569864293066486 -0.0028590396328729314 0.027745068244406132
leaf_weight=10085.298588454723 19611.532479561865 20270.799738995731 10107.140853822231 31453.527185738087 1192.8785825297236 28332.727871276438 9792.4577817842364 14765.261308725923 44924.402490235865 7343.465673584491 1072.8141036853194 5822.2265554405749 11347.752068735659 3075.6181261986494 6982.6090523377061 6042.1987733840942 9449.0797984972596 6803.8228445500135 4297.3464780449867 13264.578001782298 17595.566497460008 10968.059499014169 14123.081705316901 7765.4565922543406 17665.895159050822 9773.2933955192566 24531.169983733445 2520.883928000927 16258.20133253932 213.63823787868023
leaf_count=26487 60710 60226 12936 75711 6138 84606 29178 55366 131512 27862 3800 83212 37001 9546 16542 25096 38837 19558 13192 44402 52785 53308 57991 23278 54376 41864 103147 8819 52925 754
internal_value=-0.000329269 -0.000800691 -0.00107329 0.000532151 -3.114e-05 -0.00133074 -0.00173091 0.00127671 -0.00210788 -0.000309109 3.46668e-05 0.000854124 -8.83452e-05 0.00032616 0.00111213 0.000394725 0.0010635 -0.000831731 -0.000980745 -0.00146945 -0.000948601 -0.00109475 -0.000446246 0.000163423 -9.79801e-05 0.000186706 -9.29507e-05 -0.000423872 -0.0018473 -0.00265239
internal_weight=387453 250412 201634 137041 78017.2 163615 90800.2 59023.6 71188.7 67931.9 38019 44258.4 36946.2 48777.8 38436.1 25598.4 15491.3 72814.9 66011.1 35157.5 21892.9 26284 15316 45702.2 37936.7 41647.9 34304.5 30853.6 61396.2 16471.8
internal_count=1311165 763537 616111 547628 316797 498441 275079 230831 214369 290310 117670 175465 113870 147426 92253 76869 63933 223362 203804 110379 65977 117437 64129 137880 114602 172873 145011 93425 185191 53679
is_linear=0
shrinkage=0.05


Tree=53
num_leaves=31
num_cat=0
split_feature=0 10 1 8 3 3 1 7 1 1 10 1 1 10 7 7 7 8 7 10 8 8 8 7 10 1 8 10 1 1
split_gain=46.7994 28.3961 26.6779 20.774 19.358 19.1697 23.5527 19.057 15.8427 13.7766 12.4563 12.3559 8.53695 8.23778 8.18507 15.384 7.76419 7.379 7.69263 6.70013 7.04474 6.41676 6.27337 6.43511 5.48009 5.45056 5.38265 5.27924 4.89382 4.75317
threshold=61.500000000000007 5.8317312297695052 2255.5000000000005 1.2424533248940002 1.0000000180025095e-35 1.0000000180025095e-35 1162.5000000000002 1.0000000180025095e-35 632.50000000000011 420.50000000000006 0.098905681065719467 326.50000000000006 5746.5000000000009 7.8834697857258513 1.0397207708399181 2.3502401828962087 7.6827128082063991 2.3502401828962087 4.3882378946731615 7.9613966382746204 1.7005986908310777 2.9700856263602158 1.0000000180025095e-35 1.0000000180025095e-35 7.9933290451173296 925.50000000000011 1.0000000180025095e-35 8.0244791375174263 1018.5000000000001 221.50000000000003
decision_type=2 2 2 2 2 2 2 2 2 2 2 2 2 2 2 2 2 2 2 2 2 2 2 2 2 2 2 2 2 2
left_child=1 3 4 7 9 29 11 -1 -6 26 14 -7 27 17 -9 -16 -15 18 22 20 -8 -13 23 -10 -23 -5 -2 -4 -17 -3
right_child=2 5 12 25 8 6 19 10 13 -11 -12 21 -14 16 15 28 -18 -19 -20 -21 -22 24 -24 -25 -26 -27 -28 -29 -30 -31
leaf_value=-0.0044528049268050488 0.0042260901238546532 -0.0049338226662700661 0.0034833838243544359 -0.0035307356611219533 -0.002307680272551084 -0.0054607572122516261 0.0023273877606074136 0.0038794254568288861 -0.0040134298054487786 0.012359809633164111 -0.0023849425768527445 -0.00086129061952145152 0.014981801307247689 0.0089167652882811092 -0.0043364602564784751 -0.0010736694396958986 -0.0011232300071692292 -0.0018492678798240738 0.0050223400070841086 0.0050627111723624109 -0.0017343991295181744 -0.0034821074872836313 -0.0018132557903944525 0.0013704877533585735 -0.0014762841907818931 -0.0032025689158178467 -0.0059826932716784912 0.015950865198981024 0.0038929728627913277 0.007685258094451853
leaf_weight=4482.9436131678522 4842.2261044643819 2243.3058360107243 27039.877663694322 12906.692554302514 16973.937014684081 3055.7409551814198 15682.629226148129 8923.7903274334967 1173.5692995712161 14648.430551681668 36498.872598178685 22538.1836152412 7502.5238878540695 7293.2065382003784 4165.9893478937447 4916.5222663022578 5880.4158512912691 25580.367398809642 4915.8939295038581 13769.919212989509 33691.463172029704 18483.884661965072 10964.736685778946 20369.959225095809 8218.1050521843135 19533.241350144148 4635.6085624620318 3696.8911704346538 5115.6975868940353 17708.159428540617
leaf_count=16814 15434 7595 91894 47163 57039 10171 51212 28951 4307 48987 121413 73510 25007 22673 13849 16622 19472 90050 17300 43248 117961 66150 35895 66132 26405 71817 15858 11182 17506 59548
internal_value=-0.000319023 -0.000768996 0.000352057 -0.00142416 -2.18829e-05 -0.000301818 -0.000549156 -0.000902405 -0.000348801 0.00124036 -0.00066601 -0.00133393 0.00149891 -4.10049e-05 0.000242002 -0.000503805 0.00109608 -0.000278758 0.000168605 0.000100794 -0.000171201 -0.00114247 -0.000110159 0.000385365 -0.00166687 -0.00245519 -0.000245021 0.00112982 0.000556788 0.00112929
internal_weight=387453 231935 155518 96543.7 117278 135391 115440 64103.8 93152.1 24126.3 59620.9 52295.9 38239.3 76178.1 23122 14198.2 13173.6 63004.5 37424.2 63144 49374.1 49240.2 32508.3 21543.5 26702 32439.9 9477.83 30736.8 10032.2 19951.5
internal_count=1311165 789935 521230 334135 393147 455800 388657 215155 312868 80279 198341 176236 128083 255829 76928 47977 42145 213684 123634 212421 169173 166065 106334 70439 92555 118980 31292 103076 34128 67143
is_linear=0
shrinkage=0.05


Tree=54
num_leaves=31
num_cat=0
split_feature=16 6 4 16 16 4 16 16 16 16 6 16 0 17 16 16 16 16 10 4 10 8 16 16 16 4 16 16 18 3
split_gain=55.3543 33.2275 27.6006 29.7288 21.6599 21.294 83.135 49.74 26.6136 16.1363 14.0476 12.9892 12.527 12.525 11.2192 12.3727 14.2041 23.8244 10.2728 9.77045 9.52517 9.35316 8.62297 9.50292 8.48653 8.1102 28.9295 18.011 8.06561 7.85806
threshold=0.76640384685231278 0.78656609248549303 4.5000000000000009 0.8624299788615909 0.89781489096933687 1.5000000000000002 0.84300269948124729 0.83375273960117646 0.80530725634941192 0.80570143096500557 0.1294095225512602 0.79886474335522972 48.500000000000007 0.66847687381717125 0.81055355588102429 0.82537325419067853 0.82340483352627902 0.81759950385457481 8.2691911923319328 3.5000000000000004 5.8317312297695052 1.2424533248940002 0.8847782686317428 0.8861666780130667 0.89111819891260613 1.5000000000000002 0.84101010209804372 0.84373940648526213 1.0125000000000002 1.0000000180025095e-35
decision_type=2 2 2 2 2 2 2 2 2 2 2 2 2 2 2 2 2 2 2 2 2 2 2 2 2 2 2 2 2 2
left_child=10 2 4 -4 5 6 8 12 11 13 19 -2 -7 -10 -11 16 17 -16 21 29 -12 -9 -8 -24 -25 26 -3 -27 -18 -1
right_child=1 25 3 -5 -6 7 22 18 9 14 20 -13 -14 -15 15 -17 28 -19 -20 -21 -22 -23 23 24 -26 27 -28 -29 -30 -31
leaf_value=0.0084627678075541394 -0.0032411494615867706 -0.0044260243222621854 0.0027858868727070108 -0.0047159964489832621 0.0045898790933419035 -0.0022321160620286137 0.012197637851718415 -0.0020220113904536262 -0.0067639750161573586 -0.00049049591314699885 0.0023515354488455654 0.0091486511271608017 2.4919460754527224e-05 0.03523319586385372 -0.0047817239915677922 -0.0030675962153323107 -0.0061335370767910628 0.00038040186192292717 0.0049187986859291965 0.0079753766955954052 0.015427828219728969 -0.0031879053919023656 -0.00846655271822307 0.032368875941656453 -0.0042839950485586533 0.0057214911781327763 0.019401848972029068 -0.0014763122526156526 0.047517712126407721 -0.0030547570589362083
leaf_weight=8175.5363723412156 9041.7596548497677 3930.2902157828212 32676.563876971602 4301.0605475157499 9647.0368239432573 43641.126357067376 3643.0221345126629 25970.75708501786 936.94046670198441 1630.4629619270563 9478.3840593770146 1050.1812557429075 80409.196000125259 81.505194872617722 4846.5588296204805 4275.4118977859616 1990.000679500401 1723.6779284402728 1376.2491618171334 23786.649034276605 17733.152962006629 35505.168580107391 263.56690786033869 410.2552709877491 504.2344131320715 24036.574776496738 1334.6057927235961 9283.4747528582811 45.368493869900703 25724.012199901044
leaf_count=20966 44827 14862 123187 14344 33335 168992 10818 80735 1199 3632 23997 2397 307717 230 11250 15931 7215 6437 3891 59689 44626 115264 472 1188 1702 92931 4109 30619 105 64498
internal_value=-0.000312968 -0.000629547 -0.000829878 0.000436864 -0.00103623 -0.00113913 -0.00236541 -0.000939395 -0.00349881 -0.00479784 0.000815244 -0.00149981 -0.000358796 -0.0108816 -0.00437087 -0.00486549 -0.00595775 -0.00482713 -0.00208531 0.000373507 0.00175169 -0.00218096 0.00365814 -6.04186e-05 0.00235044 0.000740973 -0.00108265 0.00102912 -0.00960744 -0.000171574
internal_weight=387453 302555 263970 36977.6 226992 217345 30442.9 186902 25621.9 15529.9 84897.7 10091.9 124050 1018.45 14511.5 12881 8605.61 6570.24 62852.2 57686.2 27211.5 61475.9 4821.08 1178.06 914.49 38584.9 5264.9 33320 2035.37 33899.5
internal_count=1311165 1097389 954868 137531 817337 784002 107403 676599 93223 45999 213776 47224 476709 1429 44570 40938 25007 17687 199890 145153 68623 195999 14180 3362 2890 142521 18971 123550 7320 85464
is_linear=0
shrinkage=0.05


Tree=55
num_leaves=31
num_cat=0
split_feature=16 6 10 0 5 17 12 11 4 16 1 17 1 16 1 1 16 4 4 16 1 16 4 16 16 16 16 18 1 16
split_gain=52.5553 23.3717 21.9172 16.3901 15.157 14.5507 11.5977 14.3169 10.412 10.7911 9.97656 9.05505 8.50334 8.4817 8.45277 6.85159 6.67742 18.285 12.8355 9.46883 6.4799 6.37826 10.6105 24.7706 8.70392 7.47257 6.72048 6.30559 6.12647 6.08339
threshold=0.78226511065443993 0.25881904510252057 7.0568319800364909 52.500000000000007 -0.37940952255126059 0.80721709212400827 1.0000000180025095e-35 1.0000000180025095e-35 1.5000000000000002 0.74201131889676508 1372.5000000000002 0.66197798957202592 733.50000000000011 0.97182285662211954 618.50000000000011 778.50000000000011 0.83375273960117646 1.5000000000000002 1.5000000000000002 0.84300269948124729 3831.5000000000005 0.91167763378283551 1.5000000000000002 0.83867651399525556 0.83426495118380328 0.80530725634941192 0.78371502652980218 1.0041666666666669 6360.5000000000009 0.6500768209777964
decision_type=2 2 2 2 2 2 2 2 2 2 2 2 2 2 2 2 2 2 2 2 2 2 2 2 2 2 2 2 2 2
left_child=2 3 5 13 11 6 7 8 9 -1 29 -3 -5 15 -10 -2 17 -14 19 -18 -13 22 23 25 -24 26 -6 -16 -12 -4
right_child=1 4 10 12 21 -7 -8 -9 14 -11 28 20 16 -15 27 -17 18 -19 -20 -21 -22 -23 24 -25 -26 -27 -28 -29 -30 -31
leaf_value=0.0096837097590976428 -0.0027332027161360187 -0.0038995195512215811 0.030221492598757373 -0.0019566680041142011 -0.0093082996411110678 -0.0042232494479726383 -0.0083083014212586102 0.010433340491902221 -0.0042689330533226769 -0.0052539563596774091 0.011931505350602545 -0.0011409708968540711 -0.0034493274400834773 0.038444726507925943 0.0051371242333811077 -0.0022581707024907859 -0.0044386981043919053 0.001039087836565289 -0.0019811269148675595 0.015111994947477093 0.012249508969176577 0.018289863785328476 0.0040816958682416476 0.014005329075213147 -0.00019822083992916963 -0.0047503080216695949 0.0051128011830246789 -0.00071483769822939809 0.031681890328582797 0.0024010996551980081
leaf_weight=1503.2393646240234 27249.052295014262 8544.3231137394905 1341.777556411922 27330.198779202998 196.16729529947042 11668.597738169134 1656.6509047783911 10643.565824057907 11591.367233417928 3460.9156537912786 23249.850444950163 18172.577937699854 4998.8045625537634 395.91831377893686 22502.325523328036 50168.694007501006 560.35617066919804 39409.090164713562 26546.903759658337 1864.2285578176379 1677.2801812589169 1203.3864362239838 21544.594895362854 1351.1963291615248 15047.426348425448 3365.3861337229609 928.1817618906498 16995.724490135908 2205.5860754922032 30305.280046835542
leaf_count=3405 82648 10696 3861 82335 565 166265 4217 24474 27687 8136 88182 70057 14052 1378 70644 153545 2372 115209 85183 5663 6561 4192 63535 4262 48658 9945 2829 23834 7738 119224
internal_value=-0.000314411 -0.000745087 0.000472516 -0.00105183 1.51583e-05 -6.14652e-05 0.000217105 0.000319749 5.34273e-07 -0.0021856 0.00122083 -0.000883984 -0.000630711 -0.00159686 0.000212953 -0.00163419 -0.00035032 3.49302e-05 -0.000940836 0.00254157 -0.000298168 0.00060023 0.00049843 -0.00148053 0.000814319 -0.0032668 0.000262279 0.000561357 0.00195773 0.000628098
internal_weight=387679 250554 137125 178523 72030.5 80022.4 68353.8 66697.1 56053.6 4964.16 57102.5 28394.2 100710 77813.7 51089.4 77417.7 73379.4 44407.9 28971.5 2424.58 19849.9 43636.3 42433 5840.93 36592 4489.74 1124.35 39498.1 25455.4 31647.1
internal_count=1311352 763685 547667 542385 221300 328662 162397 158180 133706 11541 219005 87314 304814 237571 122165 236193 222479 129261 93218 8035 76618 133986 129794 17601 112193 13339 3394 94478 95920 123085
is_linear=0
shrinkage=0.05


Tree=56
num_leaves=31
num_cat=0
split_feature=16 4 16 16 4 4 16 10 16 16 16 16 16 16 16 18 6 8 13 16 16 16 16 10 9 16 16 16 16 16
split_gain=47.3247 21.3149 78.0362 77.2603 26.0744 25.7774 27.4942 20.1126 18.8246 18.3576 25.5981 19.7862 21.4522 18.0852 16.1753 15.6703 15.4191 15.227 18.2126 14.5523 28.154 13.981 13.4671 12.6599 11.7996 11.2833 11.2282 11.5235 10.6862 9.58584
threshold=0.78226511065443993 2.5000000000000004 0.86308177560703947 0.85570644998864431 1.5000000000000002 1.5000000000000002 0.85472328363330063 7.5227904940025789 0.88926421891343954 0.80530725634941192 0.82537325419067853 0.82340483352627902 0.81759950385457481 0.8847782686317428 0.78247868681815624 1.029166666666667 0.60355339059327384 1.0000000180025095e-35 1.0000000180025095e-35 0.80570143096500557 0.81327991938713906 0.8861666780130667 0.92481023624323644 4.5932514782278071 2.0126758453675748 0.70095262182836504 0.81104456713643081 0.81055355588102429 0.83327601148575159 0.83561204850757254
decision_type=2 2 2 2 2 2 2 2 2 2 2 2 2 2 2 2 2 2 2 2 2 2 2 2 2 2 2 2 2 2
left_child=7 3 15 5 13 9 28 17 -6 14 11 12 19 -5 -2 16 -3 18 25 -11 26 -15 -4 -19 -9 -1 27 -21 -7 -30
right_child=1 2 22 4 8 6 -8 24 -10 10 -12 -13 -14 21 -16 -17 -18 23 -20 20 -22 -23 -24 -25 -26 -27 -28 -29 29 -31
leaf_value=0.028274161597927418 -0.0084192200089257818 0.00051084183613760441 -0.003781234749315797 0.020372339891519927 -0.0015660558342405512 -0.0014409947789901069 -0.0060997775656142818 0.012704561805929172 0.0089431054924431052 -0.0063540532235623537 -0.0019959703744215213 -0.0059229106908465128 0.00034620547059085603 -0.0083012018956341617 -0.00033859435570679497 -0.00150335675538813 0.0058351156793729434 -0.0056168337989027988 -0.007274869112899352 0.00028693361316783352 -0.0048110181035087895 0.009059954370157431 0.013351342553709079 -0.00054438796821282276 0.00082333059653862952 0.0029987986973216644 0.02824901963641633 -0.0067394112799593012 -0.0052241145047960185 -0.0022346492016675338
leaf_weight=4127.0579740554094 528.53152153640985 73240.209189742804 24951.318989522755 2819.3967263624072 10821.78678676486 35792.914506517351 1571.0464689806104 27727.878736909479 4828.9734697416425 1164.0379122048616 6296.175079613924 2380.7059219256043 1983.264303855598 330.74767117202282 5792.8984278440475 33004.479109168053 16304.113338939846 10265.357948113233 2054.8120766766369 1862.8423957228661 4569.0796934366226 5083.7959986254573 935.32984837144613 44454.785281442106 13037.325795665383 35457.663043130189 305.43397714197636 775.85827309638262 2820.9415031075478 12389.885930299759
leaf_count=10771 1914 269252 82964 7815 36001 101853 4483 102587 17076 1624 23380 8613 7424 583 16621 39300 61723 48544 9967 4201 10300 16228 3794 186047 50291 139460 1138 1608 7461 38329
internal_value=-0.000302636 -0.000711318 -0.000328808 -0.00126732 0.00122172 -0.00202723 -0.00139318 0.000444106 2.34577e-05 -0.00332639 -0.00409105 -0.00535507 -0.00443471 0.00349935 -0.000987279 0.000198098 0.000541356 5.02445e-05 0.000770771 -0.00550701 -0.00470105 0.00180842 -0.00282321 -0.000498043 0.0013751 0.00100902 -0.000888085 -0.00193862 -0.0011925 -0.00230271
internal_weight=387679 250554 148435 102118 23884.7 78233.6 52574.8 137125 15650.8 25658.8 19337.4 13041.2 10660.5 8233.94 6321.43 122549 89544.3 96359.7 41639.5 8677.25 7513.21 5414.54 25886.6 54720.1 40765.2 39584.7 2944.13 2638.7 51003.7 15210.8
internal_count=1311352 763685 457033 306652 77703 228949 152126 547667 53077 76823 58288 34908 26295 24626 18535 370275 330975 394789 160198 18871 17247 16811 86758 234591 152878 150231 6947 5809 147643 45790
is_linear=0
shrinkage=0.05


Tree=57
num_leaves=31
num_cat=0
split_feature=16 0 1 3 16 16 6 1 6 16 1 3 1 0 9 1 3 8 1 16 3 16 1 1 1 1 1 16 17 17
split_gain=44.4034 31.855 20.4332 17.1889 12.8651 11.0059 10.989 10.2067 10.1255 9.83337 9.40069 12.9989 9.02201 8.37916 7.79644 7.50177 10.4456 7.10422 6.33731 5.7473 5.67913 5.64626 6.40412 4.98425 4.87656 4.78654 4.78266 4.75058 4.69874 6.00072
threshold=0.74819628440837505 51.500000000000007 1797.5000000000002 1.0000000180025095e-35 0.84649134540172921 0.97182285662211954 0.60355339059327384 326.50000000000006 0.25881904510252057 0.97182285662211954 893.50000000000011 1.0000000180025095e-35 207.50000000000003 55.500000000000007 2.740319461670996 778.50000000000011 1.0000000180025095e-35 1.7005986908310777 6360.5000000000009 0.8470278619941235 1.0000000180025095e-35 0.6500768209777964 298.50000000000006 344.50000000000006 3522.5000000000005 660.50000000000011 4231.5000000000009 0.86486683785997276 0.65933186473910388 0.81320458135935558
decision_type=2 2 2 2 2 2 2 2 2 2 2 2 2 2 2 2 2 2 2 2 2 2 2 2 2 2 2 2 2 2
left_child=10 5 3 12 7 8 18 -5 15 17 20 -12 -3 -13 28 16 -2 -6 -4 -19 21 -1 -23 -18 -15 27 -8 -14 -9 -30
right_child=1 2 6 4 9 -7 26 14 -10 -11 11 13 25 24 -16 -17 23 19 -20 -21 -22 22 -24 -25 -26 -27 -28 -29 29 -31
leaf_value=0.038843856917028387 -0.0033472274641402015 -0.007730145069601191 0.00033561367384849497 -0.0037985002340493986 -0.0011787658701814781 0.042845204324466084 0.0056691067731613424 -0.0014822528660866864 -0.00090550447196388606 0.04386325167115547 0.036637019249905214 0.0024826722427739203 0.000441774423935315 0.011985361160897169 -0.0041989657130003756 -0.0021376691239070752 -0.0037637518822171757 -0.0055767710485665617 0.0087713714561932672 -0.0027220746927052414 -0.0035434882473876273 -0.0097220526090049178 0.0095441872906160807 -0.0024718572102051931 0.027667720442749191 0.01039730021267884 0.015152174544834952 0.01315757048702655 0.0003954925447358704 -0.0043654583556569761
leaf_weight=1035.2268319800496 10885.826299495995 2999.8066008463502 45009.934893071651 2781.941518895328 11954.062815465033 512.64915946125984 9642.1486292891204 18792.058989465237 38075.320802457631 296.96438404917717 2400.8554827645421 13041.651648908854 12973.761816646904 12680.656966418028 6721.3452151045203 63680.980682935566 3284.4394675455987 462.90648463368416 5538.4556718729436 13823.863879926503 10575.560497961938 2698.5212180539966 6862.3547412976623 20276.209957379848 3754.148705303669 8615.9605087041855 3128.1654139384627 2388.7284965217113 49694.220673222095 3089.9194460697472
leaf_count=2977 38900 10273 157698 9864 37232 1822 34364 23420 136801 985 6055 32580 46852 31332 25099 225514 11396 896 19611 45497 26334 6549 16939 70950 9193 31314 11169 7787 186179 45770
internal_value=-0.000297591 -0.000510649 -0.00010519 -0.000453648 -0.000736556 -0.00109761 0.000635521 -0.000423796 -0.00112513 -0.00169212 0.00104637 0.0015888 0.000674882 0.00130065 -0.000318051 -0.00139367 -0.00198809 -0.00179451 0.000304442 -0.00254705 0.000229645 0.00104776 0.000667963 -0.00257992 0.00205161 0.00099829 0.00194602 0.000469247 -0.000165158 7.65616e-05
internal_weight=387679 334630 197914 134596 107617 136715 63318.7 81079.5 136203 26537.8 53049 31877.3 26978.3 29476.5 78297.5 98127.5 34446.5 26240.8 50548.4 14286.8 21171.7 10596.1 9560.88 23560.6 16434.8 23978.5 12770.3 15362.5 71576.2 52784.1
internal_count=1311352 1179393 694010 471168 374942 485383 222842 290332 483561 84610 131959 79160 96226 73105 280468 346760 121246 83625 177309 46393 52799 26465 23488 82346 40525 85953 45533 54639 255369 231949
is_linear=0
shrinkage=0.05


Tree=58
num_leaves=31
num_cat=0
split_feature=4 10 8 7 7 7 7 7 10 10 8 8 9 4 7 10 1 9 10 7 7 7 7 7 7 7 17 7 7 0
split_gain=39.9867 24.4155 23.7603 29.1203 18.7805 22.1375 20.443 31.515 16.2714 13.9601 17.119 13.3177 10.5588 10.4964 7.85426 7.37723 7.33346 7.21866 8.71925 6.69709 16.4356 6.2512 5.99214 9.57471 7.69902 10.6337 5.73663 5.56055 6.62974 5.55603
threshold=2.5000000000000004 7.7301819049598004 1.0000000180025095e-35 1.0000000180025095e-35 3.0201273556387074 1.0397207708399181 2.3502401828962087 2.524928003624769 5.6650743370964696 7.4785793946460926 3.4175922930736511 1.2424533248940002 2.740319461670996 4.5000000000000009 1.0000000180025095e-35 4.5932514782278071 2876.5000000000005 3.8176519431297078 8.1894716571980375 3.1132683346437333 3.4175922930736511 7.0617629995984972 3.7012257604091228 1.0397207708399181 2.3502401828962087 2.524928003624769 0.6657714024266651 3.0201273556387074 3.1132683346437333 53.500000000000007
decision_type=2 2 2 2 2 2 2 2 2 2 2 2 2 2 2 2 2 2 2 2 2 2 2 2 2 2 2 2 2 2
left_child=9 2 3 -2 5 -5 -7 29 -4 11 -11 14 16 26 -1 -13 -3 18 -12 -6 -21 -17 23 -16 -25 -26 -10 -27 -29 -8
right_child=1 12 8 4 19 6 7 -9 13 10 17 15 -14 -15 22 21 -18 -19 -20 20 -22 -23 -24 24 25 27 -28 28 -30 -31
leaf_value=-0.0031773810358628838 -0.0048558233385947117 0.0050276739042261018 -0.0023697599029294278 0.0059087937883149037 0.018146491080030382 -0.0039420102269323081 0.003201937667503674 -0.0033519216789783591 -0.0027476211410308927 0.0042352022659484789 -0.003078098371410909 -0.00314319667597736 -0.0007930961443982532 0.0027168234518406887 0.00061807100630022487 -0.0020214069969745007 0.019283180488693666 -0.0069268418838027701 0.0040739521104694396 -0.0024549074336193636 0.011874315671458902 -0.0049349219514277128 0.0014456113431471464 -0.0033891059957407324 0.0019754999769736495 -0.0036405241049378397 -0.0003318548975308228 0.0037402865581737002 -0.0023167318017152634 0.014916051999108705
leaf_weight=2764.4283177815378 3924.3402173668146 30151.522659629583 39678.872837297618 20097.256131771952 3293.9596782661974 13313.316575635225 4267.5878284089267 9451.5790151320398 21492.001648306847 14699.458306197077 16879.480363156646 10057.898613717407 11034.041565019637 20507.633257783949 14387.536772016436 32991.17019308731 6267.7113428488374 3969.3831404261291 5663.7249381020665 3638.545603018254 8858.6049094311893 4222.2545221373439 7282.649010784924 9380.6615841723979 6491.4335686303675 7243.1652834638953 39441.68457210809 2596.9958699084818 7814.4787501692772 5815.2708239108324
leaf_count=10068 14880 98394 142139 63818 11149 43413 13813 30863 26945 47602 59135 35992 37061 70333 45958 113493 20031 13511 16505 12171 31071 16297 25090 30668 20930 23637 183109 8496 25939 18841
internal_value=-0.000285844 0.000109804 -0.000139117 0.000575708 0.00081488 0.000363517 -0.000436202 0.000593549 -0.000567943 -0.000937584 -0.0001575 -0.00124309 0.0011263 -0.000163431 -0.000735116 -0.00186593 0.00153683 -0.000916291 -0.000570092 0.00232822 0.00179958 -0.0015412 -0.000604859 -0.000807962 -0.00127098 -0.000798715 -0.000492734 -0.00143497 -0.000694839 0.00253796
internal_weight=387679 241234 193781 72660.5 68736.1 52945 32847.8 19534.4 121120 146445 41212 105233 47453.3 81441.3 57961.3 47271.3 36419.2 26512.6 22543.2 15791.1 12497.2 37213.4 55196.9 47914.3 33526.7 24146.1 60933.7 17654.6 10411.5 10082.9
internal_count=1311352 818031 662545 240019 225139 170748 106930 63517 422526 493321 136753 356568 155486 280387 190786 165782 118425 89151 75640 54391 43242 129790 180718 155628 109670 79002 210054 58072 34435 32654
is_linear=0
shrinkage=0.05


Tree=59
num_leaves=31
num_cat=0
split_feature=4 10 8 7 8 10 7 7 7 7 7 7 1 10 9 9 10 7 7 6 0 10 10 8 7 8 8 8 7 1
split_gain=37.0479 26.977 28.6278 24.3486 20.038 17.6227 15.8445 23.5674 23.6242 23.9067 12.9763 16.6364 11.3824 10.763 9.08526 8.64848 8.86583 7.48041 12.273 7.02836 6.12975 6.07086 6.83191 5.82253 5.78955 6.52256 5.51658 5.33359 5.28923 5.18028
threshold=4.5000000000000009 7.7168148692138958 1.2424533248940002 1.0000000180025095e-35 3.9607678160667752 5.1007818250360604 3.7012257604091228 1.0397207708399181 2.3502401828962087 2.524928003624769 3.0201273556387074 3.1132683346437333 675.50000000000011 7.004218655558728 3.8176519431297078 3.8176519431297078 8.1894716571980375 3.4175922930736511 3.4811217321331038 0.60355339059327384 52.500000000000007 0.1970491786496901 7.0228209549334624 4.8713658868283671 1.0000000180025095e-35 1.0000000180025095e-35 1.0000000180025095e-35 1.0000000180025095e-35 6.2176031103882972 3011.5000000000005
decision_type=2 2 2 2 2 2 2 2 2 2 2 2 2 2 2 2 2 2 2 2 2 2 2 2 2 2 2 2 2 2
left_child=1 2 3 -1 19 -4 7 21 -9 27 -11 26 23 24 20 16 28 -13 -19 -3 -14 -5 -23 -7 -2 -26 -12 -10 -6 -15
right_child=13 4 5 6 15 12 -8 8 9 10 11 17 14 29 -16 -17 -18 18 -20 -21 -22 22 -24 -25 25 -27 -28 -29 -30 -31
leaf_value=-0.0036273406954686199 -0.0050538003737001826 0.0038445447140330827 -0.0029588898516721392 0.0044840680848751398 0.0057349648228641305 -0.002302297081938218 0.0033590517034740811 -0.0035352246946185719 0.0047447718330015515 -0.003370843952157174 0.011044259819170121 -0.0031718901419638956 -0.0021604144530489979 0.0059799179077577652 -0.0061607190056900797 -0.0055458122439053575 0.0046002234607114278 0.0098071006823773569 -0.0022765667373229994 0.014047525167131992 -0.00038918051217727849 -0.00034484229228387011 0.01509120389311246 -0.0049212737602985397 0.0043919247552196283 -0.00022894540219908224 -0.00072503217571670835 -0.0075936856067654879 -0.0025723768761415689 0.022056095447372293
leaf_weight=5724.8082695901394 963.960265558213 22372.60833125934 28880.627259787172 13610.148019500077 3408.0449097603559 20005.038799766451 18405.310419261456 19932.605007495731 14110.197366785258 16334.529005836695 4373.9415181875229 9721.6982621885836 31006.73896272108 16911.664278484881 2770.5730232745409 7562.3169682994485 10531.429841969162 2888.3075523637235 5784.5180302150548 5636.7802559062839 43040.586927462369 14185.854640271515 2095.3388177864254 4317.5908178687096 14811.708890300244 21364.084672532976 1612.9005015529692 216.03704777359962 20598.81643557176 4499.8828003555536
leaf_count=21200 3748 71201 104402 43899 11135 68530 63782 65046 45546 53218 14644 32133 109406 57140 10317 25310 30682 9701 19376 18121 148347 44796 6655 16190 48423 74228 5207 709 73255 15005
internal_value=-0.000279769 -0.000485928 -0.000721438 -0.0001937 0.000384152 -0.00124502 -4.56643e-05 -0.000283147 -0.000756433 -0.00022233 -0.00084044 -0.000109825 -0.000933958 0.000879088 -0.00063549 -0.000305318 3.00123e-05 -0.000854942 0.000212585 0.00142049 -0.000530309 0.000903969 0.000252475 -0.00187661 0.000364366 0.000466271 0.00217954 0.00153437 -0.000500573 0.00177191
internal_weight=387679 329127 259017 128996 70110 130021 123271 104866 74974.7 55042.1 40715.9 24381.4 101141 58551.3 76817.9 42100.6 34538.3 18394.5 8672.83 28009.4 74047.3 29891.3 16281.2 24322.6 37139.8 36175.8 5986.84 14326.2 24006.9 21411.5
internal_count=1311352 1112808 883104 425912 229704 457192 404712 340930 245580 180534 134279 81061 352790 198544 268070 140382 115072 61210 29077 89322 257753 95350 51451 84720 126399 122651 19851 46255 84390 72145
is_linear=0
shrinkage=0.05


Tree=60
num_leaves=31
num_cat=0
split_feature=16 4 16 16 4 16 16 16 16 10 16 16 18 16 16 16 16 16 4 16 16 4 10 7 10 16 16 16 16 16
split_gain=43.9837 29.6531 79.1969 55.5718 27.3077 33.8029 29.0386 23.1686 18.0991 17.966 14.703 14.4669 12.4979 10.5642 16.4892 22.6129 12.2116 10.2445 10.0783 17.7168 11.5803 9.98907 9.82499 9.50916 15.3258 9.43207 8.25996 7.99845 17.4358 8.88424
threshold=0.74058505004740149 2.5000000000000004 0.85153679219563605 0.86681196525373416 1.5000000000000002 0.83813577384133187 0.80530725634941192 0.8423321668866619 0.80570143096500557 5.8317312297695052 0.79886474335522972 0.81055355588102429 1.0041666666666669 0.82537325419067853 0.82340483352627902 0.81759950385457481 0.83561204850757254 0.92481023624323644 1.5000000000000002 0.87970026051821659 0.88926421891343954 4.5000000000000009 5.931261183646332 1.0000000180025095e-35 0.47873179439478714 0.86308177560703947 0.81901187298636557 0.81728538680709095 0.81536292963384094 0.81327991938713906
decision_type=2 2 2 2 2 2 2 2 2 2 2 2 2 2 2 2 2 2 2 2 2 2 2 2 2 2 2 2 2 2
left_child=22 3 9 4 5 6 10 -6 -8 23 -2 -10 21 14 15 27 -15 25 19 -5 -20 -11 -1 -3 -25 -4 -17 28 29 -13
right_child=1 2 17 18 7 -7 8 -9 11 12 -12 13 -14 16 -16 26 -18 -19 20 -21 -22 -23 -24 24 -26 -27 -28 -29 -30 -31
leaf_value=0.0011729976794659924 -0.0032543817478610324 -0.0043267309324551695 -0.0014365642844079375 0.03026543183424393 -0.0010848161439920069 0.0054953294847270356 -0.0061952587411133802 -0.00308091993789158 0.00017165987427031072 0.0028471385038983943 0.0089708184425121209 -0.0033593486354570367 6.5065412537854146e-06 -0.00072062504734587702 -0.0053701157232094445 0.02122349529499145 -0.0054772955088365251 0.012406804981695375 -0.0010224349035002633 0.0058990642830435563 0.0084788960282247746 0.00985985666755731 0.0137544193501973 0.0030450374958423624 -0.0013379410791781066 -0.0034655278609402652 -0.0014579925468414441 -0.0069074695166697151 0.002891626931973576 -0.0045237770155508372
leaf_weight=14347.806015059352 14263.942316431552 3032.3228160440922 11392.34361243993 1111.8594984039664 64734.231671329588 3145.7142651751637 1144.3015744835138 14016.756047986448 1854.0406280308962 53723.82113173604 1190.3242580294609 1078.0923211053014 33710.555029533803 2833.6885618641973 2368.8324235230684 313.44064785540104 1407.2039737477899 944.24074972420931 6614.4362871199846 6006.2715236842632 4822.5586669370532 17441.115393660963 28444.241052925587 18351.780245665461 48185.962146513164 24975.443441092968 1663.33806271106 490.7287281230092 690.34272885322571 3351.4713754057884
leaf_count=36161 61729 11917 35880 3346 229107 10480 1599 44475 4186 243360 2726 2752 48549 10071 8626 1422 5811 3813 21745 18262 17060 79105 70664 64939 174352 82913 5982 1741 2401 6068
internal_value=-0.000244993 -0.000432603 -6.50192e-05 -0.00101741 -0.0014286 -0.00257368 -0.00305061 -0.000908118 -0.00446424 0.000382178 -0.00147771 -0.00403112 0.000795454 -0.00457357 -0.00546373 -0.00432678 -0.00248376 -0.00215581 0.00152102 0.0029981 0.000601713 0.00117112 0.00126695 -0.000240827 -0.000116036 -0.00228931 0.000271852 -0.005947 -0.00536254 -0.00651443
internal_weight=387651 344859 211758 133102 114546 35795.5 32649.7 78751 17195.5 174446 15454.3 16051.2 104875 14197.1 9956.25 7587.41 4240.89 37312 18555.1 7118.13 11437 71164.9 42792 69570.1 66537.7 36367.8 1976.78 5610.64 5119.91 4429.56
internal_count=1311242 1204417 744828 459589 399176 125594 115114 273582 50659 622222 64455 49060 371014 44874 28992 20366 15882 122606 60413 21608 38805 322465 106825 251208 239291 118793 7404 12962 11221 8820
is_linear=0
shrinkage=0.05


Tree=61
num_leaves=31
num_cat=0
split_feature=1 3 1 1 0 10 1 4 6 1 4 6 0 5 1 4 6 10 10 1 10 9 10 10 7 5 6 4 10 7
split_gain=33.4335 38.4629 34.7476 20.5655 13.6529 12.0318 9.73855 8.52133 7.72216 7.10408 6.67386 6.2392 5.89239 5.73187 5.64758 4.37488 4.00613 3.9135 3.74451 3.71025 3.63307 3.58027 4.88629 3.98966 4.81657 3.47705 3.44294 3.2025 3.18594 3.14682
threshold=2678.5000000000005 1.0000000180025095e-35 611.50000000000011 396.50000000000006 52.500000000000007 7.846586089027463 335.50000000000006 4.5000000000000009 0.60355339059327384 778.50000000000011 4.5000000000000009 0.25881904510252057 65.500000000000014 -1.0000000180025095e-35 192.50000000000003 2.5000000000000004 0.37940952255126048 7.7168148692138958 5.1007818250360604 1061.5000000000002 6.4847746935035122 3.7726948748059121 6.3751528331609792 0.47873179439478714 1.0000000180025095e-35 -0.37940952255126059 0.60355339059327384 1.5000000000000002 6.8535334408403505 6.6073254057471518
decision_type=2 2 2 2 2 2 2 2 2 2 2 2 2 2 2 2 2 2 2 2 2 2 2 2 2 2 2 2 2 2
left_child=1 3 6 14 11 7 -3 12 10 26 21 15 -2 27 -1 -4 -7 -11 -17 -10 -16 22 23 24 -6 -13 -5 -8 -12 -24
right_child=5 2 4 9 8 16 13 -9 19 17 28 25 -14 -15 20 18 -18 -19 -20 -21 -22 -23 29 -25 -26 -27 -28 -29 -30 -31
leaf_value=-0.0077646105495106756 -0.0010842856547926966 -0.0035985554043180658 -0.0024039139982487442 0.0028922926561490594 -0.0028500231537009011 0.0098723668688328724 -0.0028472186680604224 0.0082268805824475266 -0.00035730724460910084 0.0094322327348799195 0.00011409632774201095 -0.001842427011081188 0.003752322243758455 -0.001293412441679931 -0.0027868327428114629 -0.0023984587224896757 0.02165643325098561 0.024501519815269282 -0.0011538706827043416 0.0037270260793349831 0.0046664795129714668 -0.0046287052031096319 0.0007891984043722184 -0.0017189191109413526 0.000851665993670947 0.00052784039516085566 0.012512788585393498 -0.002368694267702998 0.0058994885459887712 -0.0016792509867772478
leaf_weight=5411.1661969013512 25291.134280644357 9336.5409900955856 26472.091699674726 18304.658814974129 1360.1741071939468 7439.1230576485395 3517.8678222186863 12279.494194377214 8004.5252888947725 10294.153374794871 9457.4882608354092 10490.880383763462 15254.719734590501 19123.765465561301 10404.495548952371 12492.908828005195 3045.6439952217042 3489.4049582965672 28013.289462089539 16089.961522053927 7438.1762157045305 3601.7584402896464 27318.896577589214 28140.730410862714 9051.5750019438565 15542.515727870166 3915.6534348800778 15826.254500955343 6932.9164285212755 14309.242469791323
leaf_count=17567 86914 31479 90119 61534 4959 23678 11758 41622 27453 34758 32056 36782 51754 64569 34195 43480 9740 11722 95036 55028 25044 12348 89035 94671 30585 53529 13404 54087 23130 49206
internal_value=-0.000239905 -0.000445057 -0.000702495 0.000706562 -0.000433981 0.000811099 -0.00192293 0.000504016 -9.10833e-05 0.00145514 -0.000284389 -0.000892106 0.000154538 -0.00157135 -0.000452467 -0.00114741 0.00235828 0.0023469 -0.000820736 0.000712586 -2.33563e-05 -0.0004649 -0.000395625 -0.00080122 3.49943e-05 -0.000235254 0.000901979 -0.0021782 0.000638321 -1.99973e-05
internal_weight=387651 324341 265083 59257.7 217279 63310.1 47804.4 52825.3 124267 36003.9 100173 93011.7 40545.9 38467.9 23253.8 66978.3 10484.8 13783.6 40506.2 24094.5 17842.7 83782.4 80180.6 38552.5 10411.7 26033.4 22220.3 19344.1 16390.4 41628.1
internal_count=1311242 1097534 899310 198224 737417 213708 161893 180290 418471 121418 335990 318946 138668 130414 76806 228635 33418 46480 138516 82481 59239 280804 268456 130215 35544 90311 74938 65845 55186 138241
is_linear=0
shrinkage=0.05


Tree=62
num_leaves=31
num_cat=0
split_feature=16 4 16 16 16 0 16 17 17 16 16 16 16 17 16 16 4 16 16 16 16 16 16 4 16 4 16 4 16 16
split_gain=39.3413 27.1095 96.8296 59.2085 23.8241 17.7611 17.5445 14.5762 12.2937 12.2426 13.6039 15.9452 20.7554 12.1849 12.1013 10.9834 10.7035 8.79995 14.1973 8.19008 10.3377 8.16471 8.97209 9.59048 8.46953 16.6851 12.8328 11.8672 8.12521 13.5425
threshold=0.74058505004740149 1.5000000000000002 0.84300269948124729 0.83375273960117646 0.80530725634941192 42.500000000000007 0.80570143096500557 0.66764792291798603 0.66847687381717125 0.81055355588102429 0.82537325419067853 0.82340483352627902 0.81759950385457481 0.81311413657290077 0.79886474335522972 0.90374560103526036 4.5000000000000009 0.83214013540678655 0.82922542429719359 0.8847782686317428 0.8861666780130667 0.85472328363330063 0.83596978670169342 3.5000000000000004 0.85570644998864431 2.5000000000000004 0.88926421891343954 2.5000000000000004 0.83256737835245809 0.83375273960117646
decision_type=2 2 2 2 2 2 2 2 2 2 2 2 2 2 2 2 2 2 2 2 2 2 2 2 2 2 2 2 2 2
left_child=-1 2 4 5 14 -3 8 -7 -6 -8 11 12 -11 16 -2 21 -9 18 -12 -4 -21 22 23 -5 27 26 -26 -23 -19 -30
right_child=1 3 19 15 6 7 9 13 -10 10 17 -13 -14 -15 -16 -17 -18 28 -20 20 -22 24 -24 -25 25 -27 -28 -29 29 -31
leaf_value=0.0086705487064338005 -0.0030264626379122085 -0.0016735754737020577 0.012270128624170613 -0.004456583843506493 -0.0060890471809971081 -0.00042729671703873321 0.00028094930596664905 0.0021089316922118686 0.035682174470968102 -0.0039516725847045285 -0.0014301293699285067 -0.0050127271911112551 0.00043031693463213842 -0.0033430121474336662 0.0085012522120658362 0.0030354822073388578 0.0085643450597736922 -0.0063173850593311797 0.035301436479487837 -0.0073730281941703424 0.0073763922805809403 -0.0053242567329318206 -0.00089431958140326904 0.0010891399200553264 -0.0012639977887419496 -0.002864665616991956 0.0096827416560456171 -0.00092668720081547919 0.056208510249989845 -0.003774011987538896
leaf_weight=42792.047067984939 14263.942316431552 44579.295285463333 4147.7410330027342 4391.7588226646185 1059.6226767897606 63562.565490446985 1854.0406280308962 75949.150984242558 84.678897693753242 5610.6351534873247 1478.7204870432615 2368.8324235230684 1976.7787105664611 7772.7267013639212 1190.3242580294609 5988.389699369669 18614.487283945084 451.21836985647678 317.2000690549612 328.46871875226498 5083.0982781127095 1576.2125125750899 34272.146541468799 1660.1131773218513 10835.722239270806 29839.801138103008 1841.3377443030477 1061.8596192449331 157.85641547292471 2540.4344515800476
leaf_count=106825 61729 163711 12482 12124 1357 81094 4186 322711 242 12962 3176 8626 7404 115793 2726 21990 79004 2613 1112 578 16249 4480 107912 5433 35909 97039 6487 3528 744 11016
internal_value=-0.000231784 -0.000409217 -0.00158513 -0.000242092 -0.00285663 0.000219467 -0.00409828 0.00045756 -0.0100883 -0.00368921 -0.00416593 -0.00523066 -0.00411261 0.000826925 -0.00141847 -0.0013042 0.000983344 -0.0020224 0.000770698 0.00285135 0.00157007 -0.00144922 -0.000932111 -0.00270696 -0.001911 -0.00174043 -0.000220784 -0.00466006 -0.00361508 -0.00257656
internal_weight=387651 344859 42913.6 301946 33354.3 210478 17900 165899 1144.3 16755.7 14901.7 9956.25 7587.41 102336 15454.3 91467.3 94563.6 4945.43 1795.92 9559.31 5411.57 85479 40324 6051.87 45154.9 42516.9 12677.1 2638.07 3149.51 2698.29
internal_count=1311242 1204417 147202 1057215 117893 762313 53438 598602 1599 51839 47653 28992 20366 517508 64455 294902 401715 18661 4288 29309 16827 272912 125469 17557 147443 139435 42396 8008 14373 11760
is_linear=0
shrinkage=0.05


Tree=63
num_leaves=31
num_cat=0
split_feature=16 0 6 1 4 16 16 17 4 16 16 16 16 16 4 16 16 16 16 16 4 4 6 16 16 16 16 16 16 16
split_gain=36.7091 27.9466 17.2298 12.8662 12.4721 34.3007 28.5043 14.1977 13.7429 14.9135 10.1736 12.3764 10.3804 12.1519 10.0305 8.78961 8.37002 10.6035 7.57404 7.47019 22.3852 16.7873 7.07294 7.05691 12.8535 7.01503 6.89085 6.6253 6.56614 6.56362
threshold=0.72594608427542362 67.500000000000014 0.78656609248549303 3522.5000000000005 2.5000000000000004 0.85672772824506083 0.85570644998864431 0.6657714024266651 1.5000000000000002 0.83375273960117646 0.80530725634941192 0.82537325419067853 0.82340483352627902 0.81759950385457481 1.5000000000000002 0.8847782686317428 0.83561204850757254 0.8423321668866619 0.79001139522371822 0.84649134540172921 1.5000000000000002 1.5000000000000002 -0.12940952255126037 0.80570143096500557 0.81327991938713906 0.88926421891343954 0.81104456713643081 0.81055355588102429 0.88926421891343954 0.77026250544891328
decision_type=2 2 2 2 2 2 2 2 2 2 2 2 2 2 2 2 2 2 2 2 2 2 2 2 2 2 2 2 2 2
left_child=22 2 4 19 6 7 8 -6 10 -10 18 12 13 23 15 -8 -11 -18 -2 20 29 -21 -1 -12 26 -16 27 -25 -23 -3
right_child=1 3 -4 -5 5 -7 14 -9 9 16 11 -13 -14 -15 25 -17 17 -19 -20 21 -22 28 -24 24 -26 -27 -28 -29 -30 -31
leaf_value=0.0071495626245972948 -0.0038437934780830938 0.0015378489264304851 0.0012004762252166735 0.0079176599579614433 -0.0023932943114246211 -0.0028726956532087152 0.014069067385001188 0.00063893494851331451 -0.0016250497658246224 -0.0050907715793070147 -0.0051057286077570586 -0.0017594159285792166 -0.0044680054793451761 0.00059431699801613946 -0.0014776697259361372 0.0023599450159692338 0.00042162231359358374 -0.003176291579413096 0.0015528205463366835 0.012135655875891271 0.0020024268779851974 -0.0022393150397786387 0.015942826112674547 -9.287004856866066e-05 -0.0036450763274197885 0.0061537408773426451 0.025006955218905294 -0.0058461104730746314 0.0016766980619489225 -0.0028811875262037632
leaf_weight=17230.373375080526 8250.737748157233 1734.690116494894 31022.653454575688 13612.759162839502 39683.879444599152 18686.046890772879 1765.9840624555945 72937.807353295386 38797.462587311864 1503.683293223381 741.43924591690302 3969.404936619103 1465.3227501958609 1255.7213732600212 6800.6436294317245 3450.9638685509562 2643.1454955637455 6151.8966876864433 2302.3839666843414 2261.2576142251492 66618.424580089748 15014.222508460283 11534.145689815283 1194.1698796972632 2825.5173497870564 2916.8744787350297 198.12893156707287 506.10799971967936 3567.4193337410688 7007.9393866434693
leaf_count=43396 36791 9891 109608 46621 49709 61817 4941 345241 138358 3692 1023 14638 5343 4720 22471 10702 7887 19243 6046 6834 231502 47301 29208 2688 6436 10477 726 1060 12534 20338
internal_value=-0.000228088 -0.000365836 -0.00065881 0.000298643 -0.000815671 -0.000508325 -0.00128094 -0.000179152 -0.0016943 -0.00122386 -0.00271139 -0.00369746 -0.0048084 -0.00397706 0.000706529 0.00247503 -0.00291526 -0.00232587 -0.00157556 9.50625e-05 0.000326773 -0.000742725 0.00149056 -0.00499614 -0.00428435 -0.000242908 -0.00110247 -0.00213078 -0.00123773 -0.002052
internal_weight=387651 358887 249070 109817 218047 131308 86739.6 112622 71805.1 49096.2 22708.9 12155.8 8186.41 6721.08 14934.5 5216.95 10298.7 8795.04 10553.1 96204 75361.1 20842.9 28764.5 5465.36 4723.92 9717.52 1898.41 1700.28 18581.6 8742.63
internal_count=1311242 1238638 863617 375021 754009 456767 297242 394950 248651 169180 79471 36634 21996 16653 48591 15643 30822 27130 42837 328400 261731 66669 72604 11933 10910 32948 4474 3748 59835 30229
is_linear=0
shrinkage=0.05


Tree=64
num_leaves=31
num_cat=0
split_feature=16 4 16 16 4 16 6 16 16 16 16 4 17 10 16 16 16 16 17 16 16 16 16 16 16 16 16 16 8 17
split_gain=33.0711 25.6096 63.5612 43.5436 25.7117 25.5354 20.3845 20.1071 19.2435 16.1578 18.0701 15.2741 12.1554 13.1912 11.8913 11.5089 11.4458 19.7844 11.3651 10.0202 9.9024 9.66723 10.7371 10.6539 9.48955 9.39185 8.54545 8.31391 8.96483 8.2787
threshold=0.72594608427542362 2.5000000000000004 0.85153679219563605 0.85570644998864431 1.5000000000000002 0.85472328363330063 0.60355339059327384 0.80530725634941192 0.82537325419067853 0.82340483352627902 0.80570143096500557 1.5000000000000002 0.6657714024266651 5.8317312297695052 0.87970026051821659 0.88926421891343954 0.81759950385457481 0.81327991938713906 0.66847687381717125 0.79940033165848312 0.81104456713643081 0.83375273960117646 0.83561204850757254 0.8423321668866619 0.84851765780272259 0.81055355588102429 0.92481023624323644 0.86308177560703947 2.249904835165133 0.66764792291798603
decision_type=2 2 2 2 2 2 2 2 2 2 2 2 2 2 2 2 2 2 2 2 2 2 2 2 2 2 2 2 2 2
left_child=-1 3 6 4 7 21 12 19 9 10 18 14 -3 -14 -5 -13 17 20 -9 -2 25 -6 -23 -24 -25 -12 27 -4 -29 -8
right_child=1 2 26 11 5 -7 29 8 -10 -11 16 15 13 -15 -16 -17 -18 -19 -20 -21 -22 22 23 24 -26 -27 -28 28 -30 -31
leaf_value=0.010666949049356734 -0.0024779092791677782 -0.0013613029055328909 -0.001164769913948259 0.018617131485025196 -0.00089960424285796543 -0.004923729520300635 0.0019773649337196941 -0.0055532564259122954 -0.0016270048990254722 -0.0045747181406206681 0.00027154534309674908 -0.0011464630569190338 -0.00064569678972676854 0.0032348775857547808 0.0050340126463544578 0.0075211518072549229 0.00042464826301450434 -0.0036986380283790831 0.034153352177807551 0.012126269301623749 0.025448445196449999 -0.0044932739667433441 0.0012087527642659108 -0.0035606537077892161 4.466485392494446e-06 -0.0056172324852982475 0.011317531743497644 -0.0020470844725958741 -0.0041127447613021314 0.0083867454678306363
leaf_weight=28764.519064895809 15475.70821614936 53193.232107281685 11392.34361243993 2192.2634259313345 61373.143746573478 1576.2125125750899 13786.600161515176 1059.6226767897606 6306.2028732597828 2368.8324235230684 1854.0406280308962 10835.722239270806 38599.641463171691 58543.110372435302 6006.2715236842632 4822.5586669370532 1976.7787105664611 4532.5428323820233 84.678897693753242 944.54979406297207 307.47957377135754 2302.0021134391427 4170.8584494665265 5278.274587161839 2940.9829960986972 770.61274733394384 944.24074972420931 13588.097948148847 11387.345492944121 20272.736587937921
leaf_count=72604 64427 66630 35880 6326 218398 4480 17582 1357 23382 8626 4186 35909 184194 274337 18262 17060 7404 10210 242 2411 1145 5722 12491 15436 10395 1607 3813 44459 38454 103813
internal_value=-0.000225541 -0.000356286 -2.40494e-05 -0.000893241 -0.00130197 -0.000791407 0.000356776 -0.00241295 -0.00350887 -0.00461154 -0.00377622 0.00104827 0.00010655 0.000439244 0.00279669 0.000132812 -0.00305703 -0.00395291 -0.00971009 -0.00112745 -0.000752504 -0.000660878 -0.00181294 -0.00123032 -0.00227476 -0.00174704 -0.00190608 -0.002028 -0.00253859 0.00146126
internal_weight=387651 358887 221707 137179 113323 77641.5 184395 35681 19260.8 12954.6 10585.8 23856.8 150336 97142.8 8198.53 15658.3 9441.45 7464.68 1144.3 16420.3 2932.13 76065.3 14692.1 12390.1 8219.26 2624.65 37312 36367.8 24975.4 34059.3
internal_count=1311242 1238638 769162 469476 391919 266922 646556 124997 58159 34777 26151 77557 525161 458531 24588 52969 24552 17148 1599 66838 6938 262442 44044 38322 25831 5793 122606 118793 82913 121395
is_linear=0
shrinkage=0.05


Tree=65
num_leaves=31
num_cat=0
split_feature=0 10 8 8 7 10 7 7 1 7 7 7 4 7 7 3 1 7 7 10 1 10 7 10 8 1 3 7 8 7
split_gain=27.5279 20.3259 22.9747 15.4471 19.0689 13.2252 12.8849 10.344 9.86665 9.82793 15.3631 8.84007 7.89614 7.55749 11.9255 7.32332 7.47971 7.211 8.86927 6.3691 6.24501 6.03588 5.94594 5.14862 4.87774 4.6032 4.56579 4.48955 9.33422 4.35066
threshold=77.500000000000014 5.6929629503794645 1.0000000180025095e-35 1.0000000180025095e-35 1.0000000180025095e-35 7.9504083152704217 6.8911175085997103 3.4175922930736511 733.50000000000011 1.0397207708399181 2.3502401828962087 9.1834315540998528 4.5000000000000009 2.524928003624769 3.0201273556387074 1.0000000180025095e-35 4606.5000000000009 3.1132683346437333 3.4175922930736511 8.2503539996157595 326.50000000000006 0.80344726361328889 7.1328967532780565 0.47873179439478714 7.2506352600451018 763.50000000000011 1.0000000180025095e-35 4.0689902272260703 2.249904835165133 1.0397207708399181
decision_type=2 2 2 2 2 2 2 2 2 2 2 2 2 2 2 2 2 2 2 2 2 2 2 2 2 2 2 2 2 2
left_child=1 3 7 4 -1 6 12 29 -2 23 -11 19 25 21 -15 -10 24 -16 -19 22 -5 -12 -7 -6 -17 26 -4 -27 -29 -3
right_child=8 2 5 20 9 11 -8 -9 15 10 13 -13 -14 14 17 16 -18 18 -20 -21 -22 -23 -24 -25 -26 27 -28 28 -30 -31
leaf_value=-0.0032542755616625663 -0.00074888797647691414 0.0061544565057916282 -0.00096057670078064097 -0.0045147998384431134 0.0034315662813469319 0.0044701974026041319 -0.0036941194980778524 0.011356351993882692 0.016946241156041153 -0.0029531738584713794 0.0066058953503051023 -0.0037123452958817585 0.0022348380554683247 -0.0032112903081343821 0.0092101777627758511 0.0017970756351744388 0.01233684670339953 -0.0036912653224185563 0.0023961328298892585 0.0096638292487445827 -0.0019810052712097058 -0.00048188921612229573 -0.0011820325543246996 -0.00060300457106761689 -0.0072280692912544686 -0.0026442816953153869 -0.0020658296385481167 0.003589591041888468 -0.0011414211524619605 0.00049938879636949739
leaf_weight=5711.7842401377857 18072.162462063134 6961.1284746788442 8511.1412902362645 3231.7160419821739 12366.244474899024 14507.830450255424 23045.255357973278 6984.6078887954354 3893.662615802139 13079.696116682142 4974.1727749444544 7020.5738089606166 14837.90870193392 8405.3222232609987 2781.4956339709461 44171.184015676379 6147.4413277022541 3062.3624110557139 5922.1988760083914 6329.8004612065852 49400.742195222527 4309.6116381809115 12656.790658343583 8730.9663756415248 1461.9068272821605 13110.253335725516 16373.342117194086 9559.7491563856602 33290.645945489407 18496.64121619612
leaf_count=21393 60060 21674 29226 11348 40085 44943 87299 23596 12989 43285 16371 23807 50135 27842 9534 146939 20513 10282 21181 17268 177809 14136 42730 27805 5103 41898 55478 32534 114877 58349
internal_value=-0.000249089 -0.000453456 -0.000132381 -0.000958025 -0.000467819 -0.000379454 -0.000645632 0.00108038 0.000620136 -0.000219405 -0.000657031 0.000400574 -0.000390006 -2.38111e-05 -0.000567153 0.000949642 0.000792391 0.000460395 -0.000228326 0.000738709 -0.00160388 0.00115674 0.000405884 0.000662908 0.000571826 -0.000584595 -0.00115038 -0.000333004 -8.52854e-05 0.00061273
internal_weight=387408 313662 191686 121976 69343.9 159243 118728 32442.4 73746.4 63632.1 42534.9 40515 95683 29455.2 20171.4 55674.2 51780.5 11766.1 8984.56 33494.4 52632.5 9283.78 27164.6 21097.2 45633.1 80845.1 24884.5 55960.6 42850.4 25457.8
internal_count=1310489 1064885 643814 421071 231914 540195 411447 103619 245604 210521 142631 128748 324148 99346 68839 185544 172555 40997 31463 104941 189157 30507 87673 67890 152042 274013 84704 189309 147411 80023
is_linear=0
shrinkage=0.05


Tree=66
num_leaves=31
num_cat=0
split_feature=16 4 16 16 0 16 4 5 1 3 16 16 16 16 17 16 18 16 17 16 16 16 17 16 16 16 1 16 17 16
split_gain=29.3315 41.1931 20.172 19.4703 18.8426 16.6535 12.6926 11.8169 11.5785 10.7256 10.5372 16.078 11.3068 17.4218 11.4461 11.0236 9.68786 9.4358 8.87833 8.13197 10.1025 18.2619 18.0106 13.4833 8.94913 8.69265 7.41375 7.32472 19.6391 14.8673
threshold=0.82340483352627902 1.5000000000000002 0.74201131889676508 0.82365261305926685 56.500000000000007 0.9461910594647257 1.5000000000000002 -1.0000000180025095e-35 1052.5000000000002 1.0000000180025095e-35 0.80530725634941192 0.81759950385457481 0.80570143096500557 0.81327991938713906 0.66847687381717125 0.79001139522371822 1.0458333333333336 0.81218281370748857 0.81311413657290077 0.74468638834487166 0.77026250544891328 0.77142618591489243 0.66690025027010624 0.76875055652117463 0.77544768026853006 0.7434124931127456 5746.5000000000009 0.81354795087357534 0.6657714024266651 0.81496621376278278
decision_type=2 2 2 2 2 2 2 2 2 2 2 2 2 2 2 2 2 2 2 2 2 2 2 2 2 2 2 2 2 2
left_child=1 2 -1 6 16 7 -2 -5 -6 -10 15 12 14 17 -12 19 18 -14 -3 25 23 -22 -23 -21 -24 -4 -11 -15 -29 -30
right_child=3 4 10 5 8 -7 -8 -9 9 26 11 -13 13 27 -16 -17 -18 -19 -20 20 21 22 24 -25 -26 -27 -28 28 29 -31
leaf_value=0.011485279569499452 -0.0042621387374274598 0.00079861190295718587 -0.0036938860962250964 -0.0017927076123476896 0.00035967928514283324 0.018569880244812355 2.462691944649098e-05 -0.00053235547238478784 0.027910729477484478 0.0035972736921573711 -0.0051221820465976496 0.00090765341816307775 -0.0012950159944768434 -0.0034398802450675593 0.042222320767447752 0.0022737948076228367 -0.0029141710977148849 0.10176999007379146 -0.0051959496271967781 -0.0012584399308400275 -0.0074128816545359138 0.0084164432662409503 0.011851658880665764 0.066395372957796114 -0.0052668473807018197 -0.025154440151780179 0.015220226639420333 0.013490171066539165 0.0050652189040674813 -0.004790884835828413
leaf_weight=4068.2445485666394 1221.6863952726126 76908.470790360123 248.83722496777773 67186.136238820851 44199.670337010175 2339.7728785946965 593.32660387456417 60530.158010654151 2671.7167905010283 60393.360626913607 1073.9248206615448 1980.8631338551641 2835.39055839926 2017.6014359518886 79.39688353985548 3487.5437715649605 29863.784487325698 85.24339497089386 5081.9924802333117 5190.4037306271493 1315.916652880609 1303.8064172267914 311.20405368506908 131.98077838122845 2969.8835268169641 361.36013338714838 6479.0112001672387 356.07272505760193 375.08951260894537 1746.4889710098505
leaf_count=10362 2556 282053 423 216882 153703 8145 1782 194575 9141 208073 1374 7411 6671 3113 229 9148 35321 277 75766 36733 2147 1668 1281 282 11990 581 21733 448 1089 5532
internal_value=-0.000241737 7.07985e-05 -0.00167182 -0.000847364 0.000302062 -0.000775592 -0.00599025 -0.000852173 0.000755206 0.00115738 -0.00218648 -0.0034025 -0.00434096 -0.00362471 -0.00894644 -0.00134912 -0.000158736 -0.000618127 0.000122097 -0.00207723 -0.0017716 -0.0031963 -0.00170613 -0.000192066 -0.00368158 -0.00769852 0.00103326 -0.00557814 -0.00375682 -0.0055805
internal_weight=387408 255537 29939.3 131871 225598 130056 1815.01 127716 113744 69544.1 25871 10550.1 8569.21 7415.89 1153.32 15320.9 111854 2920.63 81990.5 11833.4 11223.2 5900.81 4584.89 5322.38 3281.09 610.197 66872.4 4495.25 2477.65 2121.58
internal_count=1310489 886549 100759 423940 785790 419602 4338 411457 392650 238947 90397 26144 18733 17130 1603 64253 393140 6948 357819 55105 54101 17086 14939 37015 13271 1004 229806 10182 7069 6621
is_linear=0
shrinkage=0.05


Tree=67
num_leaves=31
num_cat=0
split_feature=16 4 6 16 16 16 0 4 5 16 16 16 16 16 1 16 16 16 16 16 16 18 10 7 16 10 10 7 16 16
split_gain=26.7285 38.3748 23.36 18.6354 18.2349 14.9676 13.908 11.8595 10.7999 9.32723 14.8995 10.3527 15.8065 10.1643 8.98407 8.57255 8.09554 9.43281 16.5304 12.3831 11.3738 10.3123 8.09147 8.50756 7.6492 7.42495 7.85889 10.7881 6.82889 8.08198
threshold=0.82340483352627902 1.5000000000000002 0.37940952255126048 0.74201131889676508 0.82365261305926685 0.9461910594647257 48.500000000000007 1.5000000000000002 -1.0000000180025095e-35 0.80530725634941192 0.80570143096500557 0.81759950385457481 0.81327991938713906 0.74468638834487166 604.50000000000011 0.7434124931127456 0.79001139522371822 0.77026250544891328 0.77142618591489243 0.76875055652117463 0.77481306712307374 1.0041666666666669 7.3777448829540324 7.4238668626505984 0.81218281370748857 5.8039889525589397 0.47873179439478714 1.0000000180025095e-35 0.82005847370157603 0.82137319586356661
decision_type=2 2 2 2 2 2 2 2 2 2 2 2 2 2 2 2 2 2 2 2 2 2 2 2 2 2 2 2 2 2
left_child=1 3 6 -1 7 8 -3 -2 -6 13 -11 12 24 15 -8 -5 17 19 -19 -15 -20 -22 -4 -24 -12 26 27 -16 -13 -30
right_child=4 2 22 9 5 -7 14 -9 -10 10 11 28 -14 16 25 -17 -18 18 20 -21 21 -23 23 -25 -26 -27 -28 -29 29 -31
leaf_value=0.010911015591024475 -0.0040490318005560856 -0.0018755453043029281 0.0027801485307399291 -0.0035091917914138408 -0.0017030722317303059 0.017641386232571731 -0.0018195074293267611 2.3395573474166431e-05 -0.00050573769876554881 -0.0045670642165346774 -0.0012302651947530012 0.0080339589315569816 -0.0031607179660750329 -0.0011955179342980266 -0.0052869749346849812 -0.02389671814419117 0.0021601050672416938 -0.0070422375718091181 0.025715960252373372 0.063075604309906316 -0.0045703235821156485 0.0053912650000918494 0.0150596994253066 0.0024623557832077038 0.096681490570101891 0.0036830276145420728 -0.0017362445178465637 0.0059511372348095672 -0.004343176175852388 0.0076997257635275486
leaf_weight=4068.2445485666394 1221.6863952726126 56422.035433273762 38106.868979074061 248.83722496777773 67186.136238820851 2339.7728785946965 21459.95479137823 593.32660387456417 60530.158010654151 1153.3217042014003 2835.39055839926 726.04707915335894 4495.2526446282864 5190.4037306271493 1364.9456942044199 361.36013338714838 3487.5437715649605 1315.916652880609 383.71211189031601 131.98077838122845 3177.8290593475103 1023.3528264909983 12160.729390047491 6106.3562627434731 85.24339497089386 59131.836007598788 21928.343580495566 8916.9365736953914 789.00467018038034 465.81138452142477
leaf_count=10362 2556 198004 137107 423 216882 8145 73237 1782 194575 1603 6671 2727 10182 36733 5241 581 9148 2147 1185 282 12223 1531 41166 21688 277 200768 77480 31099 3349 1335
internal_value=-0.000234828 6.35186e-05 0.000286731 -0.00161843 -0.000812958 -0.0007435 -6.9303e-06 -0.00579002 -0.000816101 -0.0021131 -0.00325718 -0.00259889 -0.00345662 -0.00132529 0.00031365 -0.00764866 -0.00106299 -0.00171684 -0.00309351 -0.00019056 -0.00167574 -0.00242836 0.00116825 0.00203344 -0.000592813 0.000529936 -8.0859e-05 0.00105971 0.000612264 -0.00162085
internal_weight=387408 255537 225598 29939.3 131871 130056 169224 1815.01 127716 25871 10550.1 9396.75 7415.89 15320.9 112802 610.197 14710.7 11223.2 5900.81 5322.38 4584.89 4201.18 56374 18267.1 2920.63 91342.1 32210.2 10281.9 1980.86 1254.82
internal_count=1310489 886549 785790 100759 423940 419602 585829 4338 411457 90397 26144 24541 17130 64253 387825 1004 63249 54101 17086 37015 14939 13754 199961 62854 6948 314588 113820 36340 7411 4684
is_linear=0
shrinkage=0.05


Tree=68
num_leaves=31
num_cat=0
split_feature=16 0 16 4 16 16 16 17 17 16 16 16 17 16 4 0 16 16 5 10 10 8 16 16 17 16 16 16 17 16
split_gain=24.7167 17.5825 11.7117 14.9658 46.5907 33.607 15.3363 11.5954 12.201 10.2196 9.53631 8.82278 9.09568 8.67556 8.19809 8.0245 7.35481 6.64882 6.1278 6.00805 5.62793 5.45461 5.44698 11.9862 12.0289 9.40107 8.4558 7.04538 6.88278 5.9897
threshold=0.75254527973905927 81.500000000000014 0.97182285662211954 1.5000000000000002 0.83744152111093351 0.83375273960117646 0.80530725634941192 0.66536933010598343 0.81311413657290077 0.93504912530908568 0.67530393782091591 0.80570143096500557 0.66847687381717125 0.81055355588102429 4.5000000000000009 69.500000000000014 0.79001139522371822 0.80843591680373295 -1.0000000180025095e-35 6.6358533115328004 6.507403365479818 1.0000000180025095e-35 0.77026250544891328 0.77142618591489243 0.66690025027010624 0.76386542164760074 0.76232687082252271 0.77544768026853006 0.79938541510669692 0.75969361271235591
decision_type=2 2 2 2 2 2 2 2 2 2 2 2 2 2 2 2 2 2 2 2 2 2 2 2 2 2 2 2 2 2
left_child=10 2 3 4 6 7 16 -5 14 -6 -1 12 19 17 20 -12 22 -13 -7 -8 21 -9 25 -24 -25 26 29 -26 -27 -2
right_child=1 -3 -4 5 9 18 11 8 -10 -11 15 13 -14 -15 -16 -17 -18 -19 -20 -21 -22 -23 23 24 27 28 -28 -29 -30 -31
leaf_value=0.018902452851641618 -0.0076274985901969355 0.0010970264003416941 0.032717499713629992 -0.0014965912728264531 0.0062488890108889361 -0.002142514161637102 -0.003132993578142429 0.0010392643327869822 -0.0044547910519878503 -0.010665237192399918 0.00032974423483309593 -0.0031628303836090917 0.041571696533076755 -0.0028873412380317413 0.0053317770752195244 0.010257220721766958 0.0017261002224961187 0.0084345507276001042 -0.0011313384553979483 -0.0081492240142304172 0.0022685466578667326 -0.0013488608385939156 -0.0065568087728342973 0.0078040203687445523 0.011239310820834021 0.018042943357129797 -0.0080202026151620764 -0.0048399558817365414 -4.9367148303780531e-06 0.02506666582843238
leaf_weight=7843.435103520751 754.31300036609173 50328.81120057404 1024.9122411087155 56173.995586298406 7253.7531952634454 40698.984181493521 620.71232134103775 20110.926031503826 8414.8193674124777 1018.3892770558596 36410.566479355097 851.041295401752 67.603696398437023 12154.945060700178 17440.888149719685 15414.844339288771 3049.4027371779084 733.33787060528994 36442.3872140944 323.33359968662262 39868.362282205373 22185.012912474573 1111.3867158666253 1130.9726158380508 274.47542798519135 559.9943240582943 748.67026812583208 2558.2882377058268 1553.2786203213036 286.49576094001532
leaf_count=21753 1899 176073 3541 70042 22654 131808 791 82825 125711 3015 90090 1980 193 38326 73025 37471 8019 1675 117468 415 165627 93756 1814 1445 1127 1136 1464 10359 24173 814
internal_value=-0.000232397 -0.000402805 -0.000558793 -0.000578577 -0.00154402 -0.000438361 -0.00255721 -3.39341e-05 0.000269071 0.00173584 0.000703592 -0.00363768 -0.00814408 -0.00330586 0.000423524 0.000457687 -0.00123206 0.000174165 -0.00129918 -0.00941279 0.000214533 -0.000187228 -0.00195265 -0.00303265 -0.00174598 -0.000548228 -0.00321501 -0.00348639 0.00170995 -0.000299976
internal_weight=387408 327739 277411 276386 35050.4 241335 26778.3 164194 108020 8272.14 59668.8 14751 1011.65 13739.3 99605.2 51825.4 12027.3 1584.38 77141.4 944.046 82164.3 42295.9 8977.87 5075.12 3963.74 3902.75 1789.48 2832.76 2113.27 1040.81
internal_count=1310489 1161175 985102 981561 121299 860262 95630 610986 540944 25669 149314 43380 1399 41981 415233 127561 52250 3655 249276 1206 342208 176581 44231 14745 12931 29486 4177 11486 25309 2713
is_linear=0
shrinkage=0.05


Tree=69
num_leaves=31
num_cat=0
split_feature=6 1 7 8 10 7 7 7 7 7 7 1 9 10 10 8 8 7 7 7 8 0 7 8 1 7 10 5 10 7
split_gain=24.5564 18.7477 16.1434 20.242 19.3652 14.9732 13.374 24.784 15.4181 14.7931 14.683 10.7778 7.63046 8.71891 6.56132 6.20053 6.05425 5.8063 8.85648 5.71275 5.65255 5.21459 4.96278 4.39286 4.27308 4.0725 4.00247 3.9523 3.92247 4.52499
threshold=0.78656609248549303 475.50000000000006 1.0000000180025095e-35 1.0000000180025095e-35 5.283083967317161 3.7012257604091228 1.0397207708399181 2.3502401828962087 2.524928003624769 3.0201273556387074 3.1132683346437333 2876.5000000000005 3.8176519431297078 7.9827405244537077 7.6630053345060398 4.9938224302714262 4.0859410030639109 3.4175922930736511 3.4811217321331038 6.5532206455302013 0.89587973461402759 82.500000000000014 3.3497501700808394 4.3502571242716384 741.50000000000011 3.0201273556387074 6.1848857164332625 0.37940952255126054 7.4785793946460926 7.1596805561968466
decision_type=2 2 2 2 2 2 2 2 2 2 2 2 2 2 2 2 2 2 2 2 2 2 2 2 2 2 2 2 2 2
left_child=1 15 -3 5 25 6 -4 -8 -9 -10 -11 12 13 19 20 26 -16 -12 -19 21 22 -6 -2 -21 -22 -5 27 -1 -13 -30
right_child=14 2 3 4 11 -7 7 8 9 10 17 28 -14 -15 16 -17 -18 18 -20 23 24 -23 -24 -25 -26 -27 -28 -29 29 -31
leaf_value=-0.0026000660489022527 0.0018584647865754755 -0.0030972310501389544 0.003565153238980412 -0.0037991923440806653 -0.00092140704787052055 0.0097103311466680726 -0.0028789860913208624 0.0063164160579089581 -0.0026645390526621074 0.01348168185734715 -0.0026470123561597447 0.00062335149236421035 -0.0043051429825168575 0.0020040002694020564 0.015690025046358354 -0.0053629125306032012 0.0039170872435125292 0.01738022065059544 -0.0018303400514630142 -0.00021166574872029942 -0.0023535705197370474 0.0019566612750626876 0.011638479781400002 -0.0032149497532052655 0.00088707142109862029 -0.001747674453946216 -0.0012466077027791735 -0.0011285033036547959 0.012263225212018858 0.0016387338908047
leaf_weight=15283.430772092193 14488.426175158471 5009.6569229476154 23773.901840172708 2975.6250206492841 67144.23059842363 7642.4750376828015 16716.334336474538 12109.155000101775 11770.795431550592 3940.8973672837019 4594.1233450099826 14922.140286888927 8509.7785842902958 25383.560589324683 4964.3451446779072 5286.1349013112485 6681.3547197841108 1658.9469366818666 2294.358983412385 6199.4248746931553 4827.5551928579807 10571.373810779303 3221.3443828746676 16488.904478635639 14694.335487376899 36114.865627910942 18486.269900973886 9925.320000179112 6771.97667670995 4957.2966869771481
leaf_count=51480 48272 18634 75525 9992 226627 26638 54434 39059 38295 13218 15154 51164 29480 79404 16171 18559 22673 5687 7739 23374 17353 34885 11172 61515 52703 129308 60778 32626 21854 16716
internal_value=-0.000226296 -0.000377556 -0.000224519 -0.000174981 -0.000449074 0.00047388 0.000264002 -0.000177387 0.000555067 -0.000172282 0.00102643 -0.000206628 -0.000388899 -0.000290871 0.000821347 -0.00128223 0.00185717 -0.000137713 0.00126711 -0.000500177 0.000497352 -0.000296396 0.00114418 -0.0011982 -8.94361e-05 -0.00144731 -0.00108656 -0.00149635 0.000711842 0.00139602
internal_weight=387408 338531 289550 284540 200039 84501 76858.5 53084.6 36368.3 24259.1 12488.3 160949 134297 125787 48877.4 48981.2 11645.7 8547.43 3953.31 100404 37231.7 77715.6 17709.8 22688.3 19521.9 39090.5 43695 25208.8 26651.4 11729.3
internal_count=1310489 1142145 978702 960068 684319 275749 249111 173586 119152 80093 41798 545019 455285 425805 168344 163443 38844 28580 13426 346401 129500 261512 59444 84889 70056 139300 144884 84106 89734 38570
is_linear=0
shrinkage=0.05


Tree=70
num_leaves=31
num_cat=0
split_feature=16 6 1 3 5 0 3 1 10 1 16 1 16 8 7 7 16 10 16 8 10 9 16 3 10 0 10 1 10 10
split_gain=24.336 16.9111 13.1033 11.9686 10.6519 10.13 8.55113 7.74941 6.09835 5.95979 5.30436 7.21362 5.24855 5.21509 5.87642 11.32 5.44263 5.241 5.06775 8.70221 6.9041 6.28399 5.25627 4.97724 4.86123 4.84419 4.76336 4.61614 4.45851 4.31024
threshold=0.75487371117856195 0.78656609248549303 420.50000000000006 1.0000000180025095e-35 -0.25881904510252113 76.500000000000014 1.0000000180025095e-35 2182.5000000000005 6.5947700359075858 6033.5000000000009 0.82189695253423434 1284.5000000000002 0.86588849856005423 1.0000000180025095e-35 2.3502401828962087 1.0397207708399181 0.6500768209777964 4.7959920073102493 0.83426495118380328 2.9700856263602158 4.7959920073102493 2.740319461670996 0.83626252219812136 1.0000000180025095e-35 6.7769113658813378 42.500000000000007 8.0554591761172674 207.50000000000003 6.4420544875491013 1.0000000180025095e-35
decision_type=2 2 2 2 2 2 2 2 2 2 2 2 2 2 2 2 2 2 2 2 2 2 2 2 2 2 2 2 2 2
left_child=4 2 6 10 8 9 12 23 29 18 11 -4 28 14 15 16 -6 -15 20 22 -5 25 -20 24 -3 -22 -21 -10 -2 -1
right_child=1 7 3 5 13 -7 -8 -9 27 -11 -12 -13 -14 17 -16 -17 -18 -19 19 26 21 -23 -24 -25 -26 -27 -28 -29 -30 -31
leaf_value=-0.018287817353063406 -0.005894664398371708 0.0017414104833494649 0.0042328228657194213 -0.0016546593149130819 0.051450972296490496 0.00036706165101500489 -0.002155758499226057 0.0071321112316324155 -0.025774753573954801 0.0030036387825698287 -0.00072041013641700464 0.026325871564658335 0.0080094456143676336 -0.012231472422822643 0.013577185005141469 -0.016442362816283997 0.0047730572739318137 -0.00043010035655829395 -0.0030017514873251858 -0.0026296567652324358 -0.0015970505772248068 -0.0034193037827923989 -0.0005543257926076073 -0.00015027411622084709 0.022018608351472881 0.00024660453513291605 -0.00081711839984213166 0.018307347851417279 -8.354592118248183e-05 0.0052661553483020042
leaf_weight=355.49417623877525 8623.9447459168732 3028.7955604493618 11714.020723335445 35292.087653074414 320.12312162667513 45230.056036166847 14207.281147394329 9739.1024954877794 284.41450659930706 6953.1988702490926 9403.0375537350774 1548.1848326101899 2623.1926040872931 2401.2574255615473 5825.7767880633473 1765.5904647856951 3770.8546546027064 20717.194307334721 2401.7356845289469 16786.963550902903 20073.187540657818 9866.0867904685438 32320.06263191998 26433.242784734815 1991.164118681103 56600.55667585507 3940.030434563756 15537.386269815266 5786.0316883437335 12130.42103304714
leaf_count=975 30603 11013 46306 130781 867 157783 49543 35286 709 25179 29923 6175 8581 6233 14468 4235 9053 51938 7527 56505 74089 37889 103259 95139 7585 206143 12184 39252 21490 30492
internal_value=-0.000193624 -0.00036831 -0.000505917 -0.000386234 0.000704772 -0.000494503 -0.00147183 0.000578311 0.00142502 -0.000659109 0.000709884 0.00135395 -0.000716333 0.000118908 0.000979943 -0.000138508 0.00130561 -0.000316195 -0.000715429 -0.00111169 -0.000535081 -0.000294714 -0.000627734 0.000196698 0.00164 -0.000141877 -0.00192241 0.00207696 -0.00109081 0.000598902
internal_weight=387670 324562 283370 252129 63108.5 229464 31240.5 41192.3 28307.7 184234 22665.2 13262.2 17033.2 34800.8 11682.3 5856.57 4090.98 23118.5 177281 55448.8 121832 86539.8 34721.8 31453.2 5019.96 76673.7 20727 15821.8 14410 12485.9
internal_count=1311205 1152983 1003960 893743 158222 811339 110217 149023 71428 653556 82404 52481 60674 86794 28623 14155 9920 58171 628377 179475 448902 318121 110786 113737 18598 280232 68689 39961 52093 31467
is_linear=0
shrinkage=0.05


Tree=71
num_leaves=31
num_cat=0
split_feature=4 16 16 16 4 16 16 16 16 6 6 16 16 16 17 8 16 16 16 16 16 16 16 16 16 16 17 16 16 16
split_gain=22.9342 44.5995 15.8269 16.022 14.4946 40.9094 22.5321 18.7017 15.2287 10.5199 10.3809 8.79477 8.415 8.11999 7.70525 7.56974 7.48695 9.65431 7.47909 10.2764 12.7889 15.5319 8.77199 13.441 8.99665 12.6962 7.35409 7.06135 14.2065 9.56706
threshold=3.5000000000000004 0.861421261414552 0.8861666780130667 0.70095262182836504 1.5000000000000002 0.84300269948124729 0.83375273960117646 0.80530725634941192 0.8847782686317428 0.37940952255126048 0.78656609248549303 0.80570143096500557 0.83596978670169342 0.8423321668866619 0.66764792291798603 1.0000000180025095e-35 0.79940033165848312 0.80117091351823222 0.81055355588102429 0.82537325419067853 0.82340483352627902 0.81759950385457481 0.83214013540678655 0.82922542429719359 0.83256737835245809 0.83375273960117646 0.66764792291798603 0.81728538680709095 0.81536292963384094 0.81496621376278278
decision_type=2 2 2 2 2 2 2 2 2 2 2 2 2 2 2 2 2 2 2 2 2 2 2 2 2 2 2 2 2 2
left_child=2 9 3 -1 5 7 10 16 -7 -2 -6 14 -8 -14 -9 -4 -5 -18 -13 20 21 27 23 -21 -24 -26 -11 28 29 -20
right_child=1 -3 15 4 6 8 12 11 -10 26 -12 18 13 -15 -16 -17 17 -19 19 22 -22 -23 24 -25 25 -27 -28 -29 -30 -31
leaf_value=0.011772466228848356 0.0012034685491160713 -0.0030656290083858704 0.0094517055441586742 -0.0019966448985734354 -0.0007610540093625274 0.010706823634329272 -0.0036286294991286412 -0.0042601406493176786 -0.0075633717585887467 0.0019448389187460336 0.0035597181192701336 0.00015259654929126871 0.0004496648436705192 -0.0016619463973486849 0.016272650838532639 0.00070091018762614423 0.06703345087797255 0.0025848414646425207 -0.002445621873775246 -0.00070211499366791834 -0.003872545443540282 0.00067608665884530687 -0.0055642915611489934 0.034983694758990366 0.055046989563023299 -0.0030284765965870766 0.0086017383706634143 -0.0053676063143020362 0.0035234406799476816 -0.0048625408080179263
leaf_weight=9096.2203196287155 90427.022571250796 12943.989364735782 5071.888755209744 16592.61418813467 120733.07214363292 4168.8528962656856 4395.5109738484025 1047.2910870313644 328.08692740648985 12381.002424441278 17215.999076850712 1874.8910697996616 7937.3890630602837 39646.28967898339 103.58900701999664 9883.2965570837259 203.61156372725964 727.83067980408669 3671.3851557970047 1483.5324622839689 2347.360523685813 1991.9508532434702 448.00860893726349 335.16863539069891 158.1946595236659 2543.8017721250653 17909.996414162219 493.66717774420977 713.66262221336365 795.29963781684637
leaf_count=24154 305454 44010 17283 67163 421625 12474 12107 1333 581 15786 61110 4225 24798 125936 277 34111 539 1828 7177 3173 8531 7477 2597 1175 738 10974 88670 1751 2463 1685
internal_value=-0.000188106 0.000342046 -0.000467077 -0.000565795 -0.000647207 -0.00151189 -0.000464968 -0.00208054 0.0029812 0.00064112 -0.000130671 -0.00321213 -0.00135217 -0.00115881 -0.00744102 0.00111088 -0.000917717 0.00344427 -0.00292341 -0.00329598 -0.00421842 -0.00322963 -0.00143701 0.00132785 -0.00303334 -0.00194527 0.00144758 -0.00456313 -0.00401862 -0.00506523
internal_weight=387670 133662 254008 239053 229957 40028.8 189928 35531.9 4496.94 120718 137949 18007.8 51979.2 47583.7 1150.88 14955.2 17524.1 931.442 16856.9 14982 10013.3 7665.97 4968.71 1818.7 3150.01 2702 30291 5674.01 5180.35 4466.68
internal_count=1311205 453920 857285 805891 781737 136161 645576 123106 13055 409910 482735 53576 162841 150734 1610 51394 69530 2367 51966 47741 29084 20553 18657 4348 14309 11712 104456 13076 11325 8862
is_linear=0
shrinkage=0.05


Tree=72
num_leaves=31
num_cat=0
split_feature=16 4 16 16 16 4 6 16 16 16 16 4 16 12 17 16 16 16 17 16 16 8 18 10 16 16 16 16 16 16
split_gain=21.5395 17.476 49.0981 37.4528 17.6658 17.5855 14.7674 12.4639 13.969 12.9767 12.4038 9.51472 10.4026 8.63205 8.27495 7.73693 10.7955 12.5588 11.6419 7.42078 7.37503 7.10882 7.00669 6.98047 6.97148 8.47569 6.94164 6.90365 8.33281 9.07545
threshold=0.72811069527815941 2.5000000000000004 0.85943965931063915 0.85570644998864431 0.85472328363330063 1.5000000000000002 0.37940952255126048 0.80530725634941192 0.82537325419067853 0.82340483352627902 0.81759950385457481 1.5000000000000002 0.87970026051821659 1.0000000180025095e-35 0.66847687381717125 0.81728538680709095 0.81536292963384094 0.81496621376278278 0.66536933010598343 0.97182285662211954 0.92481023624323644 2.9174053685313028 1.0125000000000002 6.6151282590507678 0.79940033165848312 0.80117091351823222 0.81901187298636557 0.80570143096500557 0.81327991938713906 0.80943535476948147
decision_type=2 2 2 2 2 2 2 2 2 2 2 2 2 2 2 2 2 2 2 2 2 2 2 2 2 2 2 2 2 2
left_child=-1 3 6 4 5 7 13 24 9 10 15 12 -5 14 -3 16 17 18 27 -14 21 -4 -6 -16 -2 -26 -12 -9 29 -29
right_child=1 2 20 11 22 -7 -8 8 -10 -11 26 -13 19 -15 23 -17 -18 -19 -20 -21 -22 -23 -24 -25 25 -27 -28 28 -30 -31
leaf_value=0.0081385661218500438 -0.0019317677741291423 -0.0010108108320886267 -0.0018143860511990865 0.018194109772627056 -0.0046957241066495599 -0.0011238953105498217 0.0036316162725367643 -0.0040659281645142797 -0.0010867862671004244 -0.0036789181713632658 0.020348268239236654 0.00054901307750150619 0.0017162118046817111 -0.0039500923449960262 -0.00011267282390603901 -0.0050992259985869343 0.0033472686459502968 -0.00461941376761703 -0.00072135673411134478 0.043173184946034587 0.0096109665292461021 -0.0036955120710658071 0.0038296260706670027 0.0030190598602725773 0.063681778334073916 0.002455599391410396 -0.0010476758453709823 -0.0025415411780962808 -0.0025754322985658898 0.056272707080436392
leaf_weight=30606.128775291145 15238.315614566207 53728.333196878433 18231.254415780306 2211.3040953651071 1539.9876498132944 75792.620712906122 48200.146486815065 976.27319937944412 6220.99908657372 2347.360523685813 314.09704378247261 15601.295225903392 5077.3770003914833 2480.2699330672622 46051.883997134864 493.66717774420977 713.66262221336365 795.29963781684637 2576.2894248068333 902.00562313944101 915.16492951661348 9987.1491855159402 165.60315996408463 40750.098404332995 203.61156372725964 727.83067980408669 1677.8538094609976 1158.6625661253929 1868.8541166782379 117.0770126581192
leaf_count=76912 64110 68981 59274 6301 4789 261360 171027 1220 22904 8531 1432 52912 15086 9547 222403 1751 2463 1685 7875 3108 3744 33948 242 197271 539 1828 6045 1440 2333 144
internal_value=-0.000182081 -0.000291197 -1.56576e-05 -0.000735269 -0.00111512 -0.00103768 0.000275677 -0.00195724 -0.00281651 -0.00374661 -0.00300753 0.00106767 0.00244765 2.05796e-05 7.21865e-05 -0.00382244 -0.00345672 -0.00401642 -0.00331099 0.00136403 -0.00192776 -0.00207102 -0.00616515 0.000374046 -0.000933733 0.00326551 0.000551551 -0.00495931 -0.00381901 -0.000703776
internal_weight=387670 357064 220344 136720 112928 111222 191211 35429.9 19260.1 13039.1 10691.7 23792 8190.69 143011 140530 8699.79 8206.12 7492.46 6697.16 5979.38 29133.6 28218.4 1705.59 86802 16169.8 931.442 1991.95 4120.87 3144.59 1275.74
internal_count=1311205 1234293 766195 468098 390691 385660 669229 124300 57823 34919 26388 77407 24495 498202 488655 18911 17160 14697 13012 18194 96966 93222 5031 419674 66477 2367 7477 5137 3917 1584
is_linear=0
shrinkage=0.05


Tree=73
num_leaves=31
num_cat=0
split_feature=4 16 16 16 4 16 16 16 16 10 6 16 16 7 16 16 16 16 16 16 16 16 16 16 16 16 16 16 16 16
split_gain=19.7821 38.5113 13.7867 13.8026 12.9265 33.2252 19.8264 17.2168 13.8626 10.6964 8.94578 7.71759 7.67084 7.2854 7.23718 7.07941 9.14971 10.1416 13.7538 7.81106 11.2757 8.35996 10.7017 6.32838 6.1591 6.1103 12.6327 9.51312 13.7606 6.0766
threshold=3.5000000000000004 0.85076214567902253 0.8861666780130667 0.70095262182836504 1.5000000000000002 0.84300269948124729 0.83375273960117646 0.80530725634941192 0.8847782686317428 7.4212171186186024 0.78656609248549303 0.80570143096500557 0.83596978670169342 7.1328967532780565 0.8423321668866619 0.81055355588102429 0.82537325419067853 0.82340483352627902 0.81759950385457481 0.83214013540678655 0.82922542429719359 0.83256737835245809 0.83375273960117646 0.80843591680373295 0.86985364382818464 0.81728538680709095 0.81536292963384094 0.81496621376278278 0.81354795087357534 0.79001139522371822
decision_type=2 2 2 2 2 2 2 2 2 2 2 2 2 2 2 2 2 2 2 2 2 2 2 2 2 2 2 2 2 2
left_child=2 9 3 -1 5 7 10 29 -7 -2 -6 -9 -8 -11 -14 23 17 18 25 20 -18 -21 -23 -13 -3 26 27 28 -17 -5
right_child=1 24 -4 4 6 8 12 11 -10 13 -12 15 14 -15 -16 16 19 -19 -20 21 -22 22 -24 -25 -26 -27 -28 -29 -30 -31
leaf_value=0.010776914611313427 0.0011442430680784655 -0.001185902942236869 0.002895670224955771 -0.0023050605084737608 -0.00070733881437094477 0.009552036540573362 -0.003440780381504166 -0.003552188007044545 -0.0072710137608933958 0.011086850267989945 0.0032937200507058007 -0.0028714065974495165 0.0004331596245488012 0.0022844411914915929 -0.0015305245295620053 -0.0027574458678443466 -0.00061266993062950026 -0.0034949722627951041 0.00053107834575627792 -0.0052317376697365225 0.033288849334395867 0.05234897939822715 -0.0028227134534027005 0.0071106895952124521 -0.0033504028912843377 -0.0048442646986575884 0.0031799052136527815 -0.0043884430792361781 0.0056372245497791316 0.0020854928861899187
leaf_weight=9096.2203196287155 82907.17536746338 9333.4402830526233 14955.18531229347 14040.886790730059 120733.07214363292 4168.8528962656856 4395.5109738484025 1150.8800940513611 328.08692740648985 20278.485601026565 17215.999076850712 1018.3901188075542 7937.3890630602837 12004.393032439053 39646.28967898339 3142.3415074199438 1483.5324622839689 2347.360523685813 1991.9508532434702 448.00860893726349 335.16863539069891 158.1946595236659 2543.8017721250653 856.50095099210739 9138.5164906084538 493.66717774420977 713.66262221336365 795.29963781684637 529.04364837706089 3483.1696409359574
leaf_count=24154 285118 29361 51394 60378 421625 12474 12107 1610 581 66114 61110 2296 24798 41469 125936 5902 3173 8531 7477 2597 1175 738 10974 1929 31858 1751 2463 1685 1275 9152
internal_value=-0.00017689 0.000315484 -0.000435982 -0.000528117 -0.00060368 -0.00142025 -0.000431581 -0.00193272 0.00262893 0.000655351 -0.000117998 -0.00301846 -0.00126381 0.00142748 -0.0010792 -0.002748 -0.00311048 -0.00398088 -0.00310036 -0.00135637 0.00125266 -0.00286273 -0.00181387 0.000148523 -0.00180391 -0.00435521 -0.00384869 -0.00483563 -0.00376167 -0.000817015
internal_weight=387670 133662 254008 239053 229957 40028.8 189928 35531.9 4496.94 115190 137949 18007.8 51979.2 32282.9 47583.7 16856.9 14982 10013.3 7665.97 4968.71 1818.7 3150.01 2702 1874.89 18472 5674.01 5180.35 4466.68 3671.39 17524.1
internal_count=1311205 453920 857285 805891 781737 136161 645576 123106 13055 392701 482735 53576 162841 107583 150734 51966 47741 29084 20553 18657 4348 14309 11712 4225 61219 13076 11325 8862 7177 69530
is_linear=0
shrinkage=0.05


Tree=74
num_leaves=31
num_cat=0
split_feature=0 16 1 1 3 3 16 8 10 8 1 7 7 10 6 6 1 10 10 7 7 7 9 7 7 10 1 16 7 7
split_gain=19.3961 13.8126 11.3124 9.82931 12.676 8.36657 7.53873 7.31465 10.5365 6.94638 6.69827 6.66448 6.36445 5.76498 5.51782 5.44269 5.238 5.00249 4.78247 5.92022 9.46676 5.80652 4.67127 4.19593 5.93469 4.34922 3.91366 4.04272 3.88881 4.68296
threshold=67.500000000000014 0.70870188235304732 3331.5000000000005 459.50000000000006 1.0000000180025095e-35 1.0000000180025095e-35 0.83375273960117646 5.8593596889746626 7.3777448829540324 1.0000000180025095e-35 6360.5000000000009 3.4175922930736511 3.0201273556387074 6.507403365479818 -0.70710678118654757 0.37940952255126048 1337.5000000000002 8.2691911923319328 1.0000000180025095e-35 1.0397207708399181 2.3502401828962087 2.524928003624769 2.602003343538398 1.0397207708399181 2.1383330595080281 0.00230835222093671 428.50000000000006 0.8624299788615909 3.0201273556387074 3.1132683346437333
decision_type=2 2 2 2 2 2 2 2 2 2 2 2 2 2 2 2 2 2 2 2 2 2 2 2 2 2 2 2 2 2
left_child=1 23 7 5 6 13 16 8 9 11 14 18 -11 -3 -6 -4 -5 22 -2 -20 -21 -22 -16 25 -25 -1 -14 -28 -23 -30
right_child=2 3 15 4 10 -7 -8 -9 -10 12 -12 -13 26 -15 17 -17 -18 -19 19 20 21 28 -24 24 -26 -27 27 -29 29 -31
leaf_value=-0.024825376134947411 -0.0025887122734498755 -0.0044823648962175446 0.0049220108015387348 0.0060264686956921004 -0.0015688025217145797 -0.001926020374596163 -0.0026893219040382724 -0.0033927814476735238 0.0045348013699941818 -0.0043066263474356714 0.0040526873558949126 0.010067481348293855 -0.0027544056264692668 0.003112574363808962 -0.00058984775954721571 0.014607311013060488 0.025004497148743844 0.005438129387143731 0.003933987422006441 -0.0028606376621837445 0.0079152786525812872 -0.002468620025225467 -0.0031977536920025588 -0.030206547856493626 0.0091255767742215443 0.035047146960447709 0.00016203101163398404 -0.0016940391304749462 0.011958017754904855 -0.0017722122209000214
leaf_weight=164.06923623383045 1469.8667346723378 10978.537543289363 11914.835331976414 12394.359418824315 66046.392232272774 17372.073050379753 5145.6159649938345 9828.326523065567 24058.566326763481 1895.7931945472956 7179.3493602797389 3371.7714965157211 3496.0150814950466 7445.1086858697236 115313.20408370718 4500.6714954152703 1421.6270950771868 3517.3580580018461 9648.571943692863 5814.4064802527428 4417.5582214854658 3919.3424963094294 9491.4522895626724 496.07403458654881 10261.188611976802 1263.6450717002153 27643.924057722092 4378.6361269876361 1389.9964535795152 1432.1401696018875
leaf_count=475 5418 36867 39569 43885 225734 59295 16611 33938 79127 6206 24788 11682 12027 25812 397931 15244 5025 10006 30312 18820 14235 12751 35191 1268 26862 3182 95192 14457 4568 4727
internal_value=-0.000175218 -0.00041085 0.000355615 -0.000489045 -0.000364291 -0.00125756 0.000871654 0.000160922 0.000298102 -1.65431e-05 -0.000480568 0.000531007 -0.000477006 -0.00051528 -0.000535966 0.00157444 0.00148008 -0.000344842 0.000278898 0.000432192 -0.000129975 0.000722389 -0.000397251 0.00123394 0.000895917 0.00378078 -0.000326345 -0.000152928 -0.00020088 0.00121432
internal_weight=387670 268490 119180 256305 220509 35795.7 18961.6 102765 92936.6 68878 201548 31463.7 37414.4 18423.6 194368 16415.5 13816 128322 28091.9 26622 16973.4 11159 124805 12185 10757.3 1427.71 35518.6 32022.6 6741.48 2822.14
internal_count=1311205 912932 398273 881145 759171 121974 65521 343460 309522 230395 693650 102513 127882 62679 668862 54813 48910 443128 90831 85413 55101 36281 433122 31787 28130 3657 121676 109649 22046 9295
is_linear=0
shrinkage=0.05


Tree=75
num_leaves=31
num_cat=2
split_feature=0 16 10 8 16 7 2 10 7 7 7 7 8 17 2 16 7 7 10 7 3 8 8 9 0 16 9 16 9 16
split_gain=17.2671 14.1235 10.1282 12.3231 12.0426 10.1633 10.0513 8.98942 12.4399 9.46833 9.00388 8.91674 7.71752 5.94235 5.90044 6.1545 5.6703 6.37873 5.6067 5.41894 5.01638 4.83769 4.09262 4.07985 3.99975 3.90115 3.78386 3.93368 3.74696 3.61589
threshold=77.500000000000014 0.69590327897418025 5.283083967317161 1.7005986908310777 0.8423321668866619 4.1026092131977068 0 0.47873179439478714 1.0000000180025095e-35 1.0397207708399181 2.3502401828962087 2.524928003624769 1.0000000180025095e-35 0.66764792291798603 1 0.77481306712307374 3.0201273556387074 3.1132683346437333 8.2691911923319328 3.4175922930736511 1.0000000180025095e-35 5.9148525341228533 5.6222091859522445 2.8617925509761908 47.500000000000007 0.97182285662211954 2.8617925509761908 0.71230193001861186 3.1567740231385479 0.89517497621427877
decision_type=2 2 2 2 2 2 1 2 2 2 2 2 2 2 1 2 2 2 2 2 2 2 2 2 2 2 2 2 2 2
left_child=1 -1 7 5 6 12 22 8 -3 -10 -11 -12 19 26 15 -2 -13 -18 21 29 -15 25 -5 -16 -22 -6 27 -8 -26 -4
right_child=14 2 3 4 18 -7 13 -9 9 10 11 16 -14 20 23 -17 17 -19 -20 -21 24 -23 -24 -25 28 -27 -28 -29 -30 -31
leaf_value=0.011807471861153697 0.01001549076393974 -0.0023660298718105616 0.00024215404943185305 -0.001777158658660192 -0.0017648782806468505 0.0046662216627302083 0.020461499957097076 -0.0017047070187910006 0.0030876025565077072 -0.002749138052228076 0.0050596933212801905 -0.0031085346538428319 -0.0019079274657719345 0.012738017939096319 1.6409974634223891e-05 0.001101946259142017 0.0074735425535995773 -0.00077541046884152531 0.0044357522282537643 0.008216554022156165 -0.00098552217310643453 -0.0045046820718697258 -0.005550020030476277 -0.0054139868795799635 0.002166983669824546 0.030364625622457644 -0.0048072666690074156 -0.0011267900053001047 -0.0023919113686552865 0.014546184202323379
leaf_weight=10192.891266465187 15724.549746669829 5562.2837073765695 27677.727234646678 14127.312291417271 23280.972511291504 13457.283041477203 1008.4232496619225 63662.270924489945 11914.598369799554 5781.8933177255094 4576.1386584863067 3868.0630022622645 15909.579258408397 3605.6883746087551 23851.394027814269 32855.007995806634 1651.3883703947067 7057.8330327086151 1683.3635972961783 4241.0585641637444 18651.903087511659 4266.2564850524068 3691.155156865716 1377.6472734473646 28042.875749900937 307.82962322980165 5179.1258364915848 29040.639591477811 4330.1526845917106 955.7806653380394
leaf_count=27332 62834 20944 87710 49766 76412 46842 1276 221354 38927 19245 15305 13079 51087 17698 79135 99024 5661 25905 4906 14184 93155 14406 13428 4821 137536 1109 6653 37098 21118 3286
internal_value=-0.000203881 -0.000365766 -0.000427243 -0.000218611 -0.000483305 0.000364926 -0.000237969 -0.000827083 -0.000243841 0.000106627 -0.000487382 8.77821e-05 2.93532e-05 -2.2775e-05 0.00048421 0.000806285 -0.000599846 0.000107671 -0.00137763 0.000466844 0.000303732 -0.00154697 -0.00132244 -0.000136224 0.000176367 -0.00126675 -0.000529117 -0.000313985 0.000512387 0.000219787
internal_weight=387533 313724 303532 199457 137216 62241.4 107677 104074 40412.2 34849.9 22935.3 17153.4 48784.1 89858.8 73808.6 48579.6 12577.3 8709.22 29538.4 32874.6 54630.6 27855.1 17818.5 25229 51024.9 23588.8 35228.2 30049.1 32373 28633.5
internal_count=1311236 1065422 1038090 677670 474561 203109 377728 360420 139066 118122 79195 59950 156267 314534 245814 161858 44645 31566 96833 105180 269507 91927 63194 83956 251809 77521 45027 38374 158654 90996
cat_boundaries=0 1 2
cat_threshold=4 19
is_linear=0
shrinkage=0.05


Tree=76
num_leaves=31
num_cat=0
split_feature=1 1 16 9 10 8 7 16 10 8 7 7 7 7 7 8 10 17 6 10 7 8 16 10 7 16 7 7 16 5
split_gain=18.2746 13.1466 13.3515 8.90277 11.0901 9.73915 9.00315 8.64111 10.354 7.6469 7.40213 12.5703 9.84478 8.784 6.88288 6.04764 5.98998 5.4436 5.45019 5.33277 6.51116 6.25435 5.22823 4.77041 4.5942 4.56768 4.46561 11.2064 4.40752 4.36898
threshold=4911.5000000000009 420.50000000000006 0.75141500173185249 3.8176519431297078 7.9827405244537077 1.0000000180025095e-35 3.4175922930736511 0.85472328363330063 5.1007818250360604 4.9015572891946713 1.0000000180025095e-35 1.0397207708399181 2.3502401828962087 2.524928003624769 1.0000000180025095e-35 2.9700856263602158 7.2370010984580881 0.66847687381717125 0.60355339059327384 7.2846924547368088 8.4014455765695093 1.0000000180025095e-35 0.8624299788615909 5.6357330754872352 3.7012257604091228 0.90748563302870633 3.0201273556387074 3.1132683346437333 0.79735433676339496 -0.5
decision_type=2 2 2 2 2 2 2 2 2 2 2 2 2 2 2 2 2 2 2 2 2 2 2 2 2 2 2 2 2 2
left_child=1 9 14 4 5 6 10 8 -7 25 -4 -12 22 -14 -3 -9 -2 -10 -19 21 29 24 -13 -23 -16 -1 -15 -28 -8 -21
right_child=16 2 3 -5 -6 7 28 15 17 -11 11 12 13 26 19 -17 -18 18 -20 20 -22 23 -24 -25 -26 -27 27 -29 -30 -31
leaf_value=-0.001707029352766648 0.0025735207578227396 -0.018402264740069875 -0.0018382423034183596 -0.0038372089526482857 0.0023325658736173759 -0.001568042460334386 0.012456465579749732 -0.0008673477020339868 -0.001278794058033636 -0.0054331091080453506 0.002478432094310529 -0.0025911317765481808 0.0029427144899998843 -0.0020948684778027485 0.0050112585152066128 -0.0025811863919124826 0.01594785228141099 -0.00022583824552712686 0.0035732176975724092 0.0221119953204044 -0.0050560260409111771 -0.0090603327632573505 0.00094141734628330059 0.001362732350226792 0.032947027229729642 0.0094346248315328521 0.0083703502183605453 -0.0022545547148074981 0.0016860577622724916 0.007762590543695525
leaf_weight=37541.321712587029 14329.604145307094 546.35027207434177 5004.4916344694793 9448.0571457631886 28744.292783223093 28674.292685285211 3922.5336144864559 15603.604401580989 35718.99751663208 4721.5875244773924 22532.839036464691 14303.971987936646 11247.325749993324 11453.538369651884 10718.915257751942 12695.874535322189 6732.826004974544 49833.380936961621 10740.455681435764 6121.067799501121 3328.3757819235325 4940.7604364082217 2422.6797919124365 9573.2881735265255 983.12464778125286 1411.9395489990711 3567.7767175957561 4446.2811115607619 6394.0184552595019 9829.5132360309362
leaf_count=124140 49219 1506 19236 35023 94404 106857 17484 50831 45957 16735 75417 48294 38244 38905 26384 43347 21789 251565 57545 15217 8435 12877 7896 24084 2543 4885 12528 15227 20324 24338
internal_value=-0.000200381 -0.000282695 -0.000172539 -0.000303698 -0.000250383 -0.000362174 6.60693e-05 -0.000600499 -0.000421841 -0.00109685 -0.000124478 8.38079e-06 -0.00045347 7.80544e-05 0.000615857 -0.00138943 0.00123182 -0.000173485 0.000115199 0.000682851 0.00131411 0.000218633 -0.0014295 -0.000474815 0.00107872 -0.000866506 -0.000564648 0.000340663 0.00145093 0.00173385
internal_weight=387533 366471 322796 276754 267306 238562 85295.5 153267 124967 43674.8 74978.9 69974.4 47441.6 30714.9 46041.4 28299.5 21062.4 96292.8 60573.8 45495 19279 26216.1 16726.7 14514 11702 38953.3 19467.6 8014.06 10316.6 15950.6
internal_count=1311236 1240228 1094468 979084 944061 849657 293555 556102 461924 145760 255747 236511 161094 104904 115384 94178 71008 355067 309110 113878 47990 65888 56190 36961 28927 129025 66660 27755 37808 39555
is_linear=0
shrinkage=0.05


Tree=77
num_leaves=31
num_cat=0
split_feature=4 1 3 1 1 9 10 8 10 17 10 10 11 12 10 10 10 1 10 0 8 8 10 0 8 0 10 12 5 11
split_gain=17.6138 11.8912 11.7507 16.2473 11.8559 8.06215 9.48016 6.53285 8.36718 6.22119 6.54336 5.93969 8.04631 6.77876 5.7079 9.26808 4.20209 4.0156 3.99619 3.91956 3.85412 3.80443 3.91272 3.7727 3.72967 4.48251 3.57259 3.41247 4.75103 3.37527
threshold=4.5000000000000009 6360.5000000000009 1.0000000180025095e-35 420.50000000000006 221.50000000000003 3.8176519431297078 7.9933290451173296 2.4414009612931857 5.905479208128825 0.67112732600106184 7.7437006301226488 6.5947700359075858 1.0000000180025095e-35 1.0000000180025095e-35 0.47873179439478714 0.012050400015810229 7.8710827681682654 808.50000000000011 3.7773518332709832 34.500000000000007 1.8688348091416842 5.9699846998879149 8.2180314916043535 66.500000000000014 4.1026092131977068 67.500000000000014 8.2691911923319328 1.0000000180025095e-35 0.12940952255126045 1.0000000180025095e-35
decision_type=2 2 2 2 2 2 2 2 2 2 2 2 2 2 2 2 2 2 2 2 2 2 2 2 2 2 2 2 2 2
left_child=1 2 4 -4 20 6 7 8 14 23 -11 12 -6 -14 15 27 -3 -13 -16 -10 -1 -7 -23 -2 25 -8 -26 28 -5 -17
right_child=9 16 3 5 11 21 24 -9 19 10 -12 17 13 -15 18 29 -18 -19 -20 -21 -22 22 -24 -25 26 -27 -28 -29 -30 -31
leaf_value=-0.0027962166192719187 -0.0014149613122047934 0.003745750701740963 -0.0019816176607790892 -0.001518272144247701 -0.0020393507175556548 -0.00045545132030951898 0.0022135144038626488 -0.0014205140421286512 -0.0021266585674087459 0.0022579810843393346 0.013840238321008003 0.0045355666455898945 0.011344742385552154 -0.013136267572440226 -0.0018995599575256069 0.0007722246349496101 0.025657208946970614 0.014069608965048042 -0.00080277086137320048 0.00099418425225505382 -0.013098342252153228 -0.0064552588807668763 -0.0017642087954673757 0.0030667969043322919 -0.0011838484980274122 0.01284728317183479 0.0047670708647889141 -0.0017422625335346332 0.0011520663583654556 0.0063106561770791937
leaf_weight=4863.4710007980466 14428.629105627537 7944.8154375143349 16991.328630659729 8822.7047920189798 17543.458817586303 2576.0068063400686 6971.7134924679995 82032.459941055626 5071.137220479548 29068.822890281677 5748.6337279826403 15272.067817680538 5551.3947069123387 480.52875161170959 20251.088475942612 8805.5954284146428 1417.8785252012312 5744.8547934554517 31514.451358627528 43687.513879369944 2105.8807346448302 4806.8091780468822 2058.8130805231631 9158.331049323082 12989.10363631323 2951.7088614813983 4612.7791676297784 4579.6740417145193 5768.7904732376337 3712.6408739350736
leaf_count=15611 18610 27349 57397 29708 59339 8937 20582 292493 16833 140621 27258 51370 17365 1863 68302 30132 4425 19361 105073 142850 7285 17743 6232 11808 42867 8563 12873 16874 19267 12245
internal_value=-0.000193836 -0.000335834 -0.00038726 -0.000520157 0.000304021 -0.000418948 -0.000362973 -0.000475197 -0.000257717 0.000606371 0.00103111 0.000603758 5.89076e-05 0.00163423 -0.00056175 -3.32494e-05 0.00142054 0.00121493 -0.000885283 0.000262665 -0.0016138 -0.0018523 -0.00246709 -2.05984e-05 0.000510533 0.00128569 7.35237e-05 -0.000724213 -0.000350492 0.00102493
internal_weight=387533 329129 319766 268204 51561.7 251213 241771 214246 132214 58404.4 34817.5 44592.3 23575.4 6031.92 83454.9 31689.4 9362.69 21016.9 51765.5 48758.7 6969.35 9441.63 6865.62 23587 27525.3 9923.42 17601.9 19171.2 14591.5 12518.2
internal_count=1311236 1112939 1081165 908971 172194 851574 818662 733777 441284 198297 167879 149298 78567 19228 281601 108226 31774 70731 173375 159683 22896 32912 23975 30418 84885 29145 55740 65849 48975 42377
is_linear=0
shrinkage=0.05


Tree=78
num_leaves=31
num_cat=0
split_feature=4 16 16 16 10 17 16 4 16 8 7 3 16 6 4 16 16 10 1 18 16 16 16 17 16 16 17 16 9 16
split_gain=16.0704 38.8445 31.2949 18.1255 14.5052 12.1153 11.6845 13.2561 14.9689 9.35069 13.3543 8.84178 8.33127 8.08456 7.94624 8.0245 9.8493 7.76621 7.43631 7.29726 7.23084 6.86995 6.86292 6.86965 6.25645 7.28623 6.90265 5.81209 5.79798 5.58476
threshold=2.5000000000000004 0.86308177560703947 0.85570644998864431 0.80053615053700111 5.751176346912966 0.66764792291798603 0.85472328363330063 1.5000000000000002 0.80263627494539491 1.0000000180025095e-35 1.0000000180025095e-35 1.0000000180025095e-35 0.83744152111093351 0.60355339059327384 1.5000000000000002 0.8847782686317428 0.8861666780130667 1.7185517325253719 741.50000000000011 1.0125000000000002 0.67530393782091591 0.88926421891343954 0.80217785889642024 0.69355307585676318 0.8127814019877837 0.81327991938713906 0.6657714024266651 0.92481023624323644 2.740319461670996 0.97182285662211954
decision_type=2 2 2 2 2 2 2 2 2 2 2 2 2 2 2 2 2 2 2 2 2 2 2 2 2 2 2 2 2 2
left_child=2 4 3 11 9 20 7 12 22 10 -2 -1 -5 -7 15 -4 -17 -12 -13 -8 -6 -16 -9 -24 -10 26 -26 -3 -22 -18
right_child=1 27 14 6 5 13 19 8 24 -11 17 18 -14 -15 21 16 29 -19 -20 -21 28 -23 23 -25 25 -27 -28 -29 -30 -31
leaf_value=0.0051600992102089687 -0.003643711997800711 -0.0022307388043908112 0.014271628331421716 -0.0021059703275422914 0.022514793362324672 0.0026064959832710318 -0.0041194635651211273 -0.0047063790414644015 0.0016311836639685579 -0.0016208491260666813 0.0032896586861577981 -0.0030059679910955542 0.00092586316373324264 0.0089624200853338446 -0.000378273341776475 -0.0067695795841300928 0.0032511126138234704 -0.00060223143220118353 -0.00068653672772862613 0.0096666505980914259 0.00036350650999752434 0.006744162289287048 -0.01074266935608998 7.863365469670259e-05 0.015428556920159287 -0.0010237152676389888 -0.0090689147166583724 0.0083107811421835875 -0.0047410054605894316 0.040657091388779071
leaf_weight=12335.993428502232 3514.8731779977679 24967.055516064167 2786.0822524353862 17862.659981109202 1679.5798962712288 66207.924022570252 1520.9045288488269 1244.5689872205257 6541.4201778694987 36287.442420318723 21633.705774310976 12903.978376679122 2043.7728449180722 14246.363170418888 10891.220555320382 333.56522797048092 4175.6310271993279 20083.394641913474 35748.426723022014 143.22971266508102 45843.132835291326 4827.7344718724489 815.12788826227188 214.92717443406582 89.36014860868454 30477.015989765525 575.6162351295352 932.33059791475534 5700.9403194785118 905.10859249532223
leaf_count=44291 13433 83127 7728 52006 2142 310835 4743 3558 19381 130975 71629 51614 7465 70436 36142 587 13184 66132 138097 209 58474 17124 1042 799 113 90335 1456 3743 7300 3136
internal_value=-0.000189506 6.14272e-05 -0.00060265 -0.000925617 0.000281601 0.000602165 -0.0015311 -0.00141622 -0.000891065 -0.000244069 0.000235572 -0.000314771 -0.00247036 0.000989319 0.00105162 0.00231336 0.00119138 0.000484949 -0.000617916 -0.00566373 1.69316e-05 0.000393382 -0.00483004 -0.00784894 -0.000653303 -0.000948574 -0.00612621 -0.00176799 -8.82701e-05 0.0017378
internal_weight=387533 241097 146436 122517 215197 133678 61528.6 59864.5 39958 81519.4 45232 60988.4 19906.4 80454.3 23919.3 8200.39 5414.3 41717.1 48652.4 1664.13 53223.7 15719 2274.62 1030.06 37683.4 31142 664.976 25899.4 51544.1 5080.74
internal_count=1311236 818226 493010 415109 731356 449187 181107 176155 116684 282169 151194 234002 59471 381271 77901 24635 16907 137761 189711 4952 67916 53266 5399 1841 111285 91904 1569 86870 65774 16320
is_linear=0
shrinkage=0.05


Tree=79
num_leaves=31
num_cat=0
split_feature=1 0 8 7 1 16 10 9 7 7 7 7 7 7 6 16 16 17 10 10 8 16 10 8 16 7 7 8 16 10
split_gain=15.6939 12.484 9.74108 14.81 11.2296 11.3388 12.7978 8.82622 7.81772 14.5141 19.3044 9.27366 6.77262 16.4861 6.30956 6.27624 6.00882 5.42557 5.42509 5.31344 7.36179 5.0826 4.7525 4.39874 3.99872 3.99732 4.76189 7.45347 3.89575 3.81752
threshold=6033.5000000000009 48.500000000000007 1.0000000180025095e-35 3.4175922930736511 298.50000000000006 0.84649134540172921 5.2487550259060098 2.8617925509761908 1.0000000180025095e-35 1.0397207708399181 2.3502401828962087 2.524928003624769 3.0201273556387074 3.1132683346437333 -0.9159756150367534 0.715355920334797 0.8470278619941235 0.66764792291798603 8.0244791375174263 8.0656092028552901 4.3882378946731615 0.79735433676339496 8.2691911923319328 5.5664324555418956 0.84101010209804372 7.4238668626505984 4.1026092131977068 1.7005986908310777 0.69056601514900129 6.1117791469975336
decision_type=2 2 2 2 2 2 2 2 2 2 2 2 2 2 2 2 2 2 2 2 2 2 2 2 2 2 2 2 2 2
left_child=1 14 3 8 -4 6 -6 18 -3 28 24 -12 29 -14 -1 -2 17 -7 25 20 -18 -5 -16 -9 -11 26 -8 -28 -10 -13
right_child=15 2 4 21 5 16 7 23 9 10 11 12 13 -15 22 -17 19 -19 -20 -21 -22 -23 -24 -25 -26 -27 27 -29 -30 -31
leaf_value=-0.0022929588503569089 0.028909013675838004 -0.0021989361630972482 -0.0043316169031852409 0.018793576835172656 -0.0014940457550923576 -0.0047472830644624715 -0.0009238932316518512 0.0018044650710821843 0.036479189866342403 -0.0037701394567543748 0.0053777007625154805 -0.0027546770642828734 0.013916205925476866 -0.0023602370987209631 -0.00095872118410842842 0.005243028681087919 -0.00088825378601458814 0.0038187354335939838 0.0058711460227359518 0.0026941694670324758 -0.0034966195485269971 0.0028540486074965067 0.005795834145654228 -0.0041513364028130271 -0.00038923659796280264 -0.0027006099652413132 0.008339991249618775 0.001197213020744914 0.0034771145231371064 0.0014051840282844064
leaf_weight=21728.99353421852 932.31061635911465 3837.2569787167013 6394.3351990655065 4973.6191305369139 22750.000600475818 690.34880238771439 16894.798237904906 3910.2895233556628 729.20197006314993 10960.653719812632 10844.512748178095 6968.9394600056112 3425.4601007066667 3847.6830607764423 104653.49680983275 13201.796792205423 19901.844588577747 213.95677161961794 15310.733502984047 3709.1770640686154 6205.3911109492183 5097.9623108282685 2646.5812716335058 10160.766380511224 3556.4181129857898 6379.0457565151155 5736.8637885935605 47285.288291834295 21649.207942653447 2936.1525185219944
leaf_count=73528 2328 14262 21859 18500 82214 874 54765 13604 1887 35915 35047 22986 11427 12739 359929 45253 65245 1020 46420 11514 21503 16034 7466 35389 10971 24916 20039 165608 68670 9324
internal_value=-0.000183884 -0.00024579 -3.57122e-05 0.000421763 -0.000253549 -0.000171004 3.54097e-05 0.000266993 0.000159458 0.000289082 -0.000253166 0.000513462 -0.000209234 0.000949349 -0.000643658 0.00145155 -0.00103391 -0.00504922 0.00044608 -0.000912134 -0.00116372 0.00221243 -0.000486316 -0.00089892 -0.00173301 0.000273712 0.00038303 0.000615955 0.00131986 -0.00105996
internal_weight=387533 373399 244370 78827.1 165543 159149 128428 105678 68755.5 64918.2 42539.8 28022.7 17178.2 7273.14 129029 14134.1 30720.7 904.306 91606.7 29816.4 26107.2 10071.6 107300 14071.1 14517.1 76296 69917 53022.2 22378.4 9905.09
internal_count=1311236 1263655 822732 257762 564970 543111 442955 360741 223228 208966 138409 91523 56476 24166 440923 47581 100156 1894 311748 98262 86748 34534 367395 48993 46886 265328 240412 185647 70557 32310
is_linear=0
shrinkage=0.05


Tree=80
num_leaves=31
num_cat=0
split_feature=0 4 16 6 16 3 10 10 10 8 8 7 6 8 16 10 4 8 16 17 8 16 16 4 16 16 16 8 16 7
split_gain=15.2501 11.6644 12.4701 8.22672 6.95168 5.44741 5.82655 4.97412 4.84523 7.34599 6.5528 6.21345 4.22004 4.1174 4.04914 4.26008 4.00687 3.98137 3.85315 3.91749 3.81763 3.45735 3.37663 4.89588 4.59871 3.5733 4.24075 3.26229 3.23404 3.22987
threshold=51.500000000000007 4.5000000000000009 0.86588849856005423 0.78656609248549303 0.73897713012189381 1.0000000180025095e-35 6.5947700359075858 7.0228209549334624 7.9613966382746204 5.4488879126160059 1.2424533248940002 3.9219243190762363 -0.78656609248549325 6.8357219317121851 0.83985402250262131 5.062243319822187 1.5000000000000002 1.7005986908310777 0.80417266174550694 0.6657714024266651 1.0000000180025095e-35 0.70095262182836504 0.87383864857670368 1.5000000000000002 0.84300269948124729 0.80530725634941192 0.79886474335522972 4.3882378946731615 0.80217785889642024 3.0201273556387074
decision_type=2 2 2 2 2 2 2 2 2 2 2 2 2 2 2 2 2 2 2 2 2 2 2 2 2 2 2 2 2 2
left_child=5 3 7 4 -2 6 17 20 10 -10 11 22 -7 -9 15 -12 -17 21 19 28 29 -1 23 24 25 26 -6 -16 -18 -3
right_child=1 2 -4 -5 8 12 -8 13 9 -11 14 -13 -14 -15 27 16 18 -19 -20 -21 -22 -23 -24 -25 -26 -27 -28 -29 -30 -31
leaf_value=0.022519142659321225 0.0058582419351782544 0.0033931800371612311 -0.0032206939364043566 0.0022612393648205192 -0.0018349354795571594 -0.0017523385726007591 0.0056512495985019066 0.011707022965321501 0.00469265873324759 -0.0022139499735200408 -0.0019747733852634787 0.0036116042040148012 -0.00087066436142855814 -0.0027912904681935582 -0.0010796090309812879 -0.0018258432310660545 -0.0042466517921176065 -0.0077627635415364995 0.00091765011735604621 -0.00028562262460428699 0.00021545216105658128 -0.0015870317045557636 0.0020665472909524142 -0.00030905253206807708 0.0077709950401528734 -0.0023475050824497499 0.022119425990164993 -0.0029675619192484765 -0.0095342593080968048 0.015689293463911159
leaf_weight=622.07012788206339 17589.079045966268 7482.1877949051559 2853.4218243807554 24649.559559680521 2766.1349955946207 37740.310896608979 10498.189380936325 12224.752190601081 11520.598382737488 8576.1178832165897 9330.1055054813623 6431.5378526598215 95342.431087456644 1475.1476415805519 13601.70316375792 4955.9813059642911 7665.6233640313148 3091.2012097500265 14342.365229845047 14728.726617872715 12777.992718469352 9784.518007170409 5159.9360087662935 40713.762206487358 530.11953080445528 3623.3706483915448 187.44863452762365 4872.9104183241725 516.1832447052002 2057.960269279778
leaf_count=1625 43632 24282 9554 84240 11490 127979 35454 40714 36649 28852 34886 23193 328161 5077 44106 17892 9627 11082 43749 82530 44383 32532 17139 136140 1632 10432 423 16447 649 6986
internal_value=-0.000190459 6.83323e-05 0.000858112 -9.17621e-05 -0.00021754 -0.000570433 0.00012299 0.00111018 -0.000328146 0.000394161 -0.000440303 -5.40908e-05 -0.000695463 0.00186014 -0.000768036 -0.000540379 -0.000326656 -0.00056413 -0.000148969 -0.000551306 0.000649817 -9.61098e-05 -0.000232245 -0.000363364 -0.00157425 -0.00193534 -0.000644494 -0.00140313 -0.00142854 0.00140663
internal_weight=387711 230633 38871.5 191761 167112 157079 23996 36018 149523 20096.7 129426 59412.3 133083 13699.9 70013.6 51539 42208.9 13497.8 37252.9 22910.5 22318.1 10406.6 52980.8 47820.8 7107.07 6576.95 2953.58 18474.6 8181.81 9540.15
internal_count=1311537 774704 130996 643708 559468 536833 80693 121442 515836 65501 450335 200449 456140 45791 249886 189333 154447 45239 136555 92806 75651 34157 177256 160117 23977 22345 11913 60553 10276 31268
is_linear=0
shrinkage=0.05


Tree=81
num_leaves=31
num_cat=4
split_feature=0 6 8 10 8 7 7 7 7 7 7 7 3 2 10 2 8 3 18 10 5 0 2 7 7 10 2 10 7 7
split_gain=14.0235 9.23658 5.99117 10.4723 5.99994 6.4944 6.47534 8.69709 8.63915 12.3344 5.7862 8.0848 5.20637 5.97126 5.2763 4.65776 4.34244 3.86125 3.85103 3.76882 3.65744 3.5964 3.50696 3.47163 3.45801 3.4833 3.35772 2.92678 2.69695 4.20326
threshold=54.500000000000007 0.60355339059327384 6.1036759135142775 7.4785793946460926 2.0126758453675748 1.0000000180025095e-35 1.0397207708399181 2.3502401828962087 2.524928003624769 3.0201273556387074 3.1132683346437333 3.9219243190762363 1.0000000180025095e-35 0 6.5947700359075858 1 1.7005986908310777 1.0000000180025095e-35 1.0458333333333336 8.3382844508594918 -1.0000000180025095e-35 77.500000000000014 2 7.0854828791590796 8.0483089226670437 8.2031868854386101 3 7.8588067732183537 3.4175922930736511 3.4811217321331038
decision_type=2 2 2 2 2 2 2 2 2 2 2 2 2 1 2 1 2 2 2 2 2 2 1 2 2 2 1 2 2 2
left_child=12 2 3 4 5 -2 26 -8 -9 -10 -11 28 14 23 16 27 22 -17 19 -15 -19 -5 -1 -14 -4 -26 -7 -3 -12 -30
right_child=1 15 24 21 -6 6 7 8 9 10 11 -13 13 18 -16 17 -18 20 -20 -21 -22 -23 -24 -25 25 -27 -28 -29 29 -31
leaf_value=0.0054980894177317332 -0.0025533176244901205 0.0060213292585839856 -0.0001866988729973901 0.0014528137766574912 -0.0012448807947784413 0.012742786668300577 -0.0024182158832558478 0.0055964537303525522 -0.0028654771972008025 0.0076705214089159207 -0.0023949199927426668 0.002458030410705503 -0.0010530678608269895 -0.00066768923952754142 0.0052826433455530957 0.0094017586843764545 -0.007544808741605985 -0.00072793157880856609 -0.0017181869663876151 0.0080385552803926789 0.0020533185788571746 0.0061366800714691035 -0.002734078343726987 -0.0040135639318534533 -0.0062821118262416211 -0.00091784328204264358 0.0021052970114021131 0.017206445842186471 0.0076598489243724869 -0.0011997921561122116
leaf_weight=3589.4899219311774 2540.7187985181808 7207.6184302307665 5234.5414808355272 24087.334184963256 43048.016079083085 2532.6849595718086 9423.9519230276346 7098.7933969721198 8467.3003266975284 3386.6169550642371 6082.8010844476521 12379.0710317716 19233.805799495429 97772.969144336879 12125.627373378724 5542.9208392091095 3579.0560729205608 12806.624538499862 32243.730947166681 1171.6706148087978 12200.795456796885 12597.924577932805 8269.02260896191 3064.6031279712915 5179.6959873363376 2974.6623561047018 12203.352087315172 1745.0006853491068 1818.8469058424234 8102.1990512944758
leaf_count=12004 9420 24830 18024 78890 149600 8072 30527 22884 27608 11113 19804 43127 65134 407150 40932 18750 12786 43849 37977 3760 41838 40907 26919 11052 19145 8973 38020 5490 6016 26936
internal_value=-0.000183012 9.84454e-05 -6.4052e-05 2.42761e-05 -0.000206692 6.62359e-05 0.000154515 -8.79412e-05 0.000188218 -9.5503e-05 0.000356441 0.000123356 -0.000504285 -0.000617908 0.000128431 0.000786061 -0.00048467 0.000491558 -0.000489204 -0.000334596 0.000227076 0.000761432 -2.3972e-05 -0.00137428 -0.00107849 -0.00172229 0.00108839 0.00178849 -0.000618822 -0.000110584
internal_weight=387711 206661 167159 153770 117084 74036.3 71495.6 56759.6 47335.6 40236.8 31769.5 28382.9 181050 153487 27563.2 39503 15437.6 30550.3 131188 98944.6 25007.4 36685.3 11858.5 22298.4 13388.9 8154.36 14736 8952.62 16003.8 9921.05
internal_count=1311537 693823 559066 512924 393127 243527 234107 188015 157488 134604 106996 95883 617714 525073 92641 134757 51709 104437 448887 410910 85687 119797 38923 76186 46142 28118 46092 30320 52756 32952
cat_boundaries=0 1 2 3 4
cat_threshold=4 2 25 2
is_linear=0
shrinkage=0.05


Tree=82
num_leaves=31
num_cat=0
split_feature=1 3 1 0 10 16 1 3 16 4 10 8 8 4 16 16 16 16 17 16 8 10 16 1 16 16 16 17 7 16
split_gain=15.4676 16.4871 12.7571 9.0089 6.91969 8.23943 11.914 5.8954 5.79559 15.0088 8.61157 5.86455 5.79635 5.64246 5.19399 6.13707 7.24594 5.40465 5.17503 5.08815 4.68902 6.69595 4.61277 4.54136 4.50961 7.95305 7.36911 4.5677 4.52883 5.20667
threshold=335.50000000000006 1.0000000180025095e-35 6033.5000000000009 76.500000000000014 7.7168148692138958 0.83426495118380328 901.50000000000011 1.0000000180025095e-35 0.83375273960117646 1.5000000000000002 5.8568961415879626 0.89587973461402759 2.9174053685313028 1.5000000000000002 0.80530725634941192 0.82537325419067853 0.82340483352627902 0.79001139522371822 0.6657714024266651 0.70870188235304732 5.8593596889746626 7.9073712234103679 0.83744152111093351 1494.5000000000002 0.83214013540678655 0.83256737835245809 0.82922542429719359 0.79610934184877735 5.2284276452838947 0.82872382376875298
decision_type=2 2 2 2 2 2 2 2 2 2 2 2 2 2 2 2 2 2 2 2 2 2 2 2 2 2 2 2 2 2
left_child=7 4 3 8 5 6 -2 -1 9 14 11 -11 13 22 17 16 -16 -3 -18 -4 21 -5 -10 -7 26 -26 27 28 -17 -30
right_child=1 2 19 20 -6 23 -8 -9 12 10 -12 -13 -14 -15 15 24 18 -19 -20 -21 -22 -23 -24 -25 25 -27 -28 -29 29 -31
leaf_value=-0.0033539484801202281 0.0018210466586497831 -0.0019980848139212583 0.024705411171602833 0.00049235585054647763 0.013939682382439101 -0.0019309350536598213 0.017607068615421464 -0.0021837944618189413 -0.0019809496180187821 -0.0003050470308338882 0.00064386040233203054 -0.0021128943954683232 -0.0017599922532078593 -0.0007207665348928999 -0.0013914578935982039 0.0021395200322270129 0.061004021047028491 0.002501564156805529 -0.0026158512559015116 0.0047116387124725104 -0.0032395369747286935 0.0087136193002259055 0.0048630365312181461 -0.010823379998511086 -0.004392787394603778 0.041488004966516258 0.03804667089108589 0.021337211254438975 0.0038664011777646253 -0.0051806628302424329
leaf_weight=17956.102622397244 18845.579588551074 9350.1007038429379 760.59589244425297 47374.635145314038 9361.2592987678945 7327.5477664098144 5626.8061513714492 9336.914172898978 724.41686830669641 35199.167607095093 95397.145777929574 24764.309461694211 25372.593255244195 37863.693103320897 7211.3007751628757 541.79117049276829 20.821916699409485 2242.7388098686934 1623.3403854444623 13186.697926335037 6244.6229784786701 6039.2137731015682 3524.5015232264996 871.68980308622122 296.81612792611122 87.249877534806728 171.4049250036478 82.765488050878048 118.8369764238596 186.7868754118681
leaf_count=59178 64651 39774 1933 158749 30907 23603 19300 31553 3423 121479 326375 92628 84401 120419 17878 900 26 5882 6005 45108 21389 18713 10793 2663 1721 446 635 497 270 238
internal_value=-0.000179063 -9.21567e-05 -0.00021503 -0.000282773 0.000838566 0.000495166 0.000954768 -0.0013267 -0.000417051 -0.000266948 -9.40929e-05 -0.000563625 -0.000811394 -0.000451712 -0.0014913 -0.00230596 -0.00280486 -0.00076461 -0.0058002 0.00126365 0.000268172 0.000419738 0.001276 -0.000876614 0.000667859 -0.00399752 0.00229444 0.000538955 -0.000556039 -0.00542277
internal_weight=387711 360418 318386 304438 42032.9 32671.6 24472.4 27293 244780 177295 155361 59963.5 67485.2 42112.6 21934 10341.1 8855.46 11592.8 1644.16 13947.3 59658.5 53413.8 4248.92 8199.24 1485.65 384.066 1101.59 930.181 847.415 305.624
internal_count=1311537 1220806 1079682 1032641 141124 110217 83951 90731 833790 614754 540482 214107 219036 134635 74272 28616 23909 45656 6031 47041 198851 177462 14216 26266 4707 2167 2540 1905 1408 508
is_linear=0
shrinkage=0.05


Tree=83
num_leaves=31
num_cat=3
split_feature=4 6 8 10 10 0 10 8 8 18 10 10 10 10 9 10 8 12 2 11 10 8 4 3 8 0 2 3 2 12
split_gain=12.2906 8.70224 6.93526 8.40413 8.12111 5.60886 5.06155 5.77441 4.52498 4.51368 4.17611 7.63254 4.34436 3.62344 3.60826 3.51434 4.19867 3.1878 3.14532 3.10913 2.9976 2.63882 2.61085 2.99581 2.95517 2.59906 2.44244 2.33759 3.3706 2.31065
threshold=4.5000000000000009 0.78656609248549303 0.89587973461402759 6.3066735611883358 8.1295222705248644 76.500000000000014 4.7959920073102493 6.1235881002042971 6.9132400855764313 1.0041666666666669 0.65675555764692939 0.012050400015810229 4.7959920073102493 7.7977218626321037 3.9219243190762363 7.3925955630596851 4.1026092131977068 1.0000000180025095e-35 0 1.0000000180025095e-35 8.4036835615819729 8.806355825888863 1.5000000000000002 1.0000000180025095e-35 1.0000000180025095e-35 120.50000000000001 1 1.0000000180025095e-35 2 1.0000000180025095e-35
decision_type=2 2 2 2 2 2 2 2 2 2 2 2 2 2 2 2 2 2 1 2 2 2 2 2 2 2 1 2 1 2
left_child=1 2 3 10 6 9 26 25 20 13 11 17 -12 29 -9 22 -17 19 -13 -1 -6 -10 23 -3 -24 -8 -4 -5 -29 -2
right_child=5 15 4 27 8 -7 7 14 21 -11 12 18 -14 -15 -16 16 -18 -19 -20 -21 -22 -23 24 -25 -26 -27 -28 28 -30 -31
leaf_value=-0.0011763374652106252 0.0011507160790109022 0.0090009106103358331 -0.0007266875558764402 0.0086457422143813804 0.0020181232263178639 0.0052669926400427339 -0.00099302712277008496 -0.0024246088308504873 -0.00203276591155811 -0.0013476580634220693 -0.0017447366351306531 0.0098715444172362624 -0.00026395831424344817 0.0096048841478240336 -0.0054101404261344471 0.0091514984153808487 0.00073812712713063337 -0.0013499647016838327 0.0011676085274109683 0.0014875996303167329 0.013092620898425937 -0.014204397734677507 0.0024575206830050548 -0.0017764394324160883 -0.00052412948338816654 0.0040550316325784963 -0.0021902104237285836 -0.0018953952484020516 0.002174294502729851 -0.0042068756765832743
leaf_weight=10243.949583292007 24325.025930039585 750.17009772360325 10453.782447192818 6762.5768361836672 14663.266701467335 14981.468399442732 118778.26237666607 9609.7239005565643 4114.1133184172213 14385.15084304288 24232.082153316587 2961.9055787846446 20357.652582291514 4335.8589635938406 3471.3141860291362 6174.2472985945642 6721.77769837901 5054.0835751146078 10223.492281809449 7570.2530299536884 1119.6717490628362 211.718241751194 10590.870579633862 3569.2893499135971 13793.060628905892 1934.3169114291668 14781.419441167265 3017.0620883740485 17961.562288027257 562.31768767908216
leaf_count=34374 106998 2562 37177 21553 43624 49719 409663 35254 12800 20696 80194 10006 65474 18480 12979 20485 23226 18589 33991 24248 2425 699 35518 12408 49034 6443 52576 9661 57954 2727
internal_value=-0.000171419 -0.000290196 -0.000387991 -7.22906e-05 -0.000579001 0.000495802 -0.000698713 -0.000576207 0.000367736 0.000209061 -0.000330523 6.96189e-05 -0.000654064 0.000565959 -0.00157405 0.00038573 0.00107136 -0.000482789 0.00102769 -0.000168349 0.000760405 -0.00106493 7.76883e-05 -0.00105532 0.000278393 -0.000468076 -0.00134823 0.000678389 0.000417798 0.000333571
internal_weight=387711 329122 287522 108385 179138 58589.8 159029 133794 20108.8 43608.4 80643.4 36053.7 44589.7 29223.2 13081 41599.4 12896 22868.3 13185.4 17814.2 15782.9 4325.83 28703.4 4319.46 24383.9 120713 25235.2 27741.2 20978.6 24887.3
internal_count=1311537 1112917 969684 356044 613640 198620 554092 464339 59548 148901 266876 121208 145668 128205 48233 143233 43711 77211 43997 58622 46049 13499 99522 14970 84552 416106 89753 89168 67615 109725
cat_boundaries=0 1 2 3
cat_threshold=2 24 4
is_linear=0
shrinkage=0.05


Tree=84
num_leaves=31
num_cat=0
split_feature=1 3 1 0 16 4 4 8 16 10 6 16 1 8 4 3 16 16 1 1 10 10 8 16 16 16 16 16 16 10
split_gain=13.9421 14.1554 11.2047 8.12659 10.1402 14.6537 9.48745 6.40987 6.34419 6.19889 5.98554 5.8536 10.3191 5.05969 4.82694 4.70693 4.56077 4.38254 4.31082 4.08298 4.21123 3.89694 4.97531 3.82161 4.82354 3.93848 4.90899 4.79385 3.9685 3.69858
threshold=335.50000000000006 1.0000000180025095e-35 6033.5000000000009 48.500000000000007 0.8423321668866619 2.5000000000000004 1.5000000000000002 4.3241107269113215 0.70095262182836504 7.7168148692138958 0.60355339059327384 0.83426495118380328 901.50000000000011 7.4958196445301075 1.5000000000000002 1.0000000180025095e-35 0.70870188235304732 0.88214353201501761 1494.5000000000002 157.50000000000003 6.4847746935035122 5.8039889525589397 1.4978661367769956 0.81055355588102429 0.80843591680373295 0.82581605217958109 0.82340483352627902 0.82872382376875298 0.82291002297139948 8.0656092028552901
decision_type=2 2 2 2 2 2 2 2 2 2 2 2 2 2 2 2 2 2 2 2 2 2 2 2 2 2 2 2 2 2
left_child=13 8 3 -3 5 14 -6 -8 -2 11 21 12 -10 15 23 17 -4 19 -13 -1 -21 22 -7 24 -5 26 28 -27 -25 -9
right_child=1 2 16 4 6 10 7 29 9 -11 -12 18 -14 -15 -16 -17 -18 -19 -20 20 -22 -23 -24 25 -26 27 -28 -29 -30 -31
leaf_value=-0.0094479133597952913 0.023318530495756454 -0.00099166655110076159 0.023611662077615184 -0.0012612726919607243 0.0049919846379411492 0.00087459499246271837 -0.00079013158136255208 -0.0031606520394471815 0.00067830182461826047 0.011990987432081036 0.0053974523089680877 -0.0018875999801883482 0.016099465245998579 -0.013983841363450667 -0.00048784720402271779 -0.0019397759825360518 0.0044729897856622845 0.012674898411166487 -0.010376145398556726 -0.0045719514798118312 0.0024399877050465982 0.0020101642155578663 -0.002239375577192951 -0.0015782294649452884 0.0089028198041310024 0.0077641932362804856 -0.0025854999384442665 -0.0011046329336937305 0.062217526283432939 -0.000812351468691433
leaf_weight=2621.9326402917504 2882.8043166697025 104689.5437919125 760.59589244425297 9656.1732263378799 3830.434673845768 20011.477700181305 30826.643802903593 6314.2904609367251 17318.164525266737 8500.1609979681671 19296.361366454512 7327.5477664098144 5132.5151987858117 321.44410305842757 36179.676549162716 9176.6409375630319 13186.697926335037 1452.3516685888171 871.68980308622122 8353.7801913432777 5366.8672544509172 53573.343759719282 10066.377449851483 3889.9826516732574 378.64940121769905 298.68298494815826 1279.5770824849606 1944.9275424554944 27.166591137647629 2174.9444903507829
leaf_count=8431 7434 358994 1933 35013 11478 67910 98867 21571 60657 28746 67159 23603 18021 1150 122896 30945 45108 4763 2663 27306 18136 179920 37273 10339 836 843 4625 7995 61 6861
internal_value=-0.000163229 -8.07197e-05 -0.000194573 -0.000258061 -7.10422e-05 0.00011595 -0.000749744 -0.000981171 0.000781683 0.000614995 0.000465124 0.000283666 0.000701245 -0.0012528 -0.000554008 -0.00117848 0.00119122 -0.000704156 -0.000859725 -0.000938072 -0.000592593 0.000282012 -0.000173444 -0.00123638 -0.0005997 -0.00209508 -0.00285095 -0.000344313 -0.00197264 -0.00219775
internal_weight=387711 360418 318386 304438 199749 156602 43146.3 39315.9 42032.9 39150.1 102948 30649.9 22450.7 27293 53654.8 26971.6 13947.3 17794.9 8199.24 16342.6 13720.6 83651.2 30077.9 17475.2 10034.8 7440.34 5196.73 2243.61 3917.15 8489.23
internal_count=1311537 1220806 1079682 1032641 673647 534870 138777 127299 141124 133690 352262 104944 78678 90731 182608 89581 47041 58636 26266 53873 45442 285103 105183 59712 35849 23863 15025 8838 10400 28432
is_linear=0
shrinkage=0.05


Tree=85
num_leaves=31
num_cat=0
split_feature=1 3 1 16 1 6 0 16 8 16 16 16 10 3 12 1 11 10 8 16 16 8 11 1 16 4 8 10 10 16
split_gain=11.176 13.3851 11.3714 8.48505 8.56621 6.8443 5.70322 5.80059 5.54038 4.78708 7.16104 4.65093 4.30201 4.20607 4.15233 4.11918 4.09276 5.19964 4.29077 4.05976 3.78183 3.64803 3.62603 3.407 3.36015 3.29544 3.09383 2.98876 2.85632 3.87483
threshold=371.50000000000006 1.0000000180025095e-35 5746.5000000000009 0.81327991938713906 1106.5000000000002 0.91597561503675351 52.500000000000007 0.76640384685231278 7.3849206531217746 0.76654570564470936 0.77481306712307374 0.90374560103526036 7.9613966382746204 1.0000000180025095e-35 1.0000000180025095e-35 1924.5000000000002 1.0000000180025095e-35 5.905479208128825 6.0672668391739295 0.74591243234688742 0.81354795087357534 4.3241107269113215 1.0000000180025095e-35 176.50000000000003 0.79511889808813974 1.5000000000000002 0.89587973461402759 7.7437006301226488 8.2503539996157595 0.84649134540172921
decision_type=2 2 2 2 2 2 2 2 2 2 2 2 2 2 2 2 2 2 2 2 2 2 2 2 2 2 2 2 2 2
left_child=8 3 5 4 26 6 -3 14 13 -9 -11 19 20 23 16 -7 17 -8 -19 -4 25 27 -22 -1 -15 -5 -2 -12 29 -23
right_child=1 2 11 12 -6 15 7 9 -10 10 21 -13 -14 24 -16 -17 -18 18 -20 -21 22 28 -24 -25 -26 -27 -28 -29 -30 -31
leaf_value=-0.0069563386700586096 0.010075502216005656 -0.00089102041874893631 0.019452829465295408 -0.026679202332696557 0.022443747527102965 0.000369094414223059 -0.0030933992522551579 -0.0040327059663749732 -0.010871824148490295 0.0039611170456117341 -0.00034076588661886842 0.057838030892597758 0.012323974468953336 -0.0058910280587005856 -0.014244794150384571 0.0066780855790964716 0.015480637316375679 0.0077832334932632866 -0.0043716260159584186 0.0031341773670746087 -0.0027839848031366021 -0.0012730975745398167 0.0065499471483299104 -0.00075772231646469295 -0.00080149381595295485 0.005628153675388237 0.0024578240853317169 0.0022111644961906487 0.0021609206696667385 -0.0027353411051723123
leaf_weight=4153.642615891993 9299.8242506310344 119048.59024045244 2477.0282238721848 82.384170800447464 4043.841728836298 15066.631056055427 8240.8870756328106 6109.2770071700215 457.60984603688121 7805.0327536091208 77461.52655954659 156.35227180272341 1770.8156892582774 4664.5871772393584 377.28237637132406 6742.3610450699925 2737.4168809875846 17723.864961750805 3466.9176615253091 12777.456564370543 9974.2115405499935 16556.338959850371 2053.1622967123985 16731.2951823771 8024.571102745831 43.842520423233509 11491.361296575516 9308.5890966355801 2928.4494236856699 6017.1922095939517
leaf_count=13396 31355 407175 6131 127 14025 52107 20781 94225 1688 20348 232599 563 5472 18587 1037 23181 6526 43928 8836 45347 32113 50177 6312 55496 24006 131 40950 27091 7937 20359
internal_value=-0.000124762 -4.15089e-05 -0.000149393 0.000835277 0.00138922 -0.000217528 -0.000284492 -8.82878e-05 -0.000990183 -0.000241791 -0.000172327 0.00117516 -0.000152713 -0.000915702 0.000506864 0.000635384 0.000568026 0.000396028 0.00081047 0.00108723 -0.000488181 -0.000274134 -0.000397825 -0.000479482 -0.00163367 -0.00909769 0.000979686 -0.000119621 -0.000799862 -0.000990455
internal_weight=387792 353761 315001 38759.4 24835 299590 277781 158733 34031.7 126186 120077 15410.8 13924.4 33574.1 32546.4 21809 32169.1 29431.7 21190.8 15254.5 12153.6 112272 12027.4 20884.9 12689.2 126.227 20791.2 86770.1 25502 22573.5
internal_count=1312006 1198833 1068348 130485 86330 1016307 941019 533844 113173 452736 358511 52041 44155 111485 81108 75288 80071 73545 52764 51478 38683 338163 38425 68892 42593 258 72305 259690 78473 70536
is_linear=0
shrinkage=0.05


Tree=86
num_leaves=31
num_cat=0
split_feature=0 1 6 8 10 10 1 3 1 3 1 10 11 10 8 10 9 10 5 8 18 18 10 8 9 17 8 5 6 18
split_gain=10.4032 7.62832 6.71616 5.46489 6.14051 5.72211 4.99172 5.43347 4.5785 4.40192 4.13052 3.93372 4.5714 3.69965 3.81876 3.61029 3.37864 3.88458 3.20117 2.98651 2.97494 3.13052 2.87366 2.77686 2.58382 2.57083 2.35741 2.30176 2.27975 2.26147
threshold=61.500000000000007 4911.5000000000009 -0.9159756150367534 0.89587973461402759 5.9543849063635728 8.2180314916043535 540.50000000000011 1.0000000180025095e-35 7201.5000000000009 1.0000000180025095e-35 371.50000000000006 1.0000000180025095e-35 1.0000000180025095e-35 5.6650743370964696 0.89587973461402759 8.1894716571980375 3.7012257604091228 5.2487550259060098 0.78656609248549325 6.0100401799233785 1.0458333333333336 0.90416666666666679 6.8164374793755229 5.6076369307404796 2.602003343538398 0.79138416647738496 6.3741723047025554 -1.0000000180025095e-35 0.91597561503675351 1.0625000000000002
decision_type=2 2 2 2 2 2 2 2 2 2 2 2 2 2 2 2 2 2 2 2 2 2 2 2 2 2 2 2 2 2
left_child=2 3 26 4 11 10 9 -8 15 13 -5 -2 -13 -4 28 20 17 -12 -10 -7 21 -9 -3 27 -23 -25 -1 -11 -15 -19
right_child=1 22 6 5 -6 19 7 8 18 23 16 12 -14 14 -16 -17 -18 29 -20 -21 -22 24 -24 25 -26 -27 -28 -29 -30 -31
leaf_value=-0.0014065884985966671 -0.0022018424858023414 0.0034239017961919973 -0.0036353978016638979 -0.0030671083641747132 0.0046079517240211398 0.010967918249442044 0.0053467459916188235 -0.0027247447290071449 0.0097562504789318605 -0.0013082651793760115 -0.0010949574326857615 -0.00024254819151790509 0.0031558794535024694 0.0086016858707403058 -0.0010770811734789332 0.0030738114686762134 -0.0039778470060307467 0.00051766776032513291 -0.0036813565639680526 0.00090779827138701705 -0.0012556172711490011 -1.3671627525321806e-05 0.015660068137550165 -0.0049671098988489154 -0.0021084117018988825 -0.0018189025031115165 -0.0048535717043093288 -0.00046135582209319017 0.034281790212720487 -0.0019046290554881953
leaf_weight=36683.136282015592 2100.4918672181666 5737.7897854149342 7778.9851074777544 5224.3223901763558 17304.947995327413 3376.8765639998019 11847.821293517947 5125.0003501847386 3305.1747262850404 9622.4216052740812 13908.008574195206 24175.614089224488 10843.80253379792 3058.1570190228522 6179.9408013410866 6868.8755373209715 4024.8030943796039 53261.819278147072 889.92763648554683 3093.2812953218818 32391.903685711324 88491.487573675811 4340.5065737776458 1097.9944161772728 6844.5035356022418 918.22119200974703 2166.2269450351596 8622.043418046087 209.9260034635663 8298.3326164335012
leaf_count=123416 7807 19592 25871 18141 55116 9487 40286 67296 11340 32699 49087 80313 34245 9988 21280 19771 14576 200757 2963 9135 38159 326353 14235 1710 26563 5351 7538 29061 694 9176
internal_value=-0.000122047 0.000194153 -0.00033415 0.000102077 0.000498565 -0.000134566 -0.000213558 -8.88931e-05 -0.000173623 -0.00073155 -0.000244025 0.000135942 0.000262001 -0.000143967 0.000520903 -0.00022249 -0.000154522 -7.92445e-05 0.00145393 0.00129864 -0.000280282 -0.00014593 0.00152448 -0.00123115 -8.12163e-05 -0.00299198 -0.000934027 -0.00103656 0.00190322 9.12628e-05
internal_weight=387792 155691 232102 145612 54424.9 91187.4 193252 155765 143917 37487.7 84717.3 37119.9 35019.4 17227 9448.02 139722 79493 75468.2 4195.1 6470.16 132853 100461 10078.3 20260.7 95336 2016.22 38849.4 18244.5 3268.08 61560.2
internal_count=1312006 521667 790339 487840 177481 310359 659385 532731 492445 126654 291737 122365 114558 57833 31962 478142 273596 259020 14303 18622 458371 420212 33827 68821 352916 7061 130954 61760 10682 209933
is_linear=0
shrinkage=0.05


Tree=87
num_leaves=31
num_cat=0
split_feature=16 1 0 18 16 16 4 17 4 6 16 16 17 1 16 16 16 16 16 16 9 16 16 16 1 16 6 16 17 16
split_gain=10.0248 8.29509 7.59095 6.34212 7.76488 7.09532 11.9326 6.73138 8.69261 6.45412 6.21051 6.55507 5.85827 5.50804 4.38159 6.07889 4.80866 6.66258 4.75703 4.52716 4.08723 4.06585 4.03986 8.60423 4.59235 3.95664 3.56719 3.53442 7.27385 4.48292
threshold=0.72811069527815941 371.50000000000006 84.500000000000014 1.0458333333333336 0.82340483352627902 0.82626392889630418 2.5000000000000004 0.81333642008160811 1.5000000000000002 0.60355339059327384 0.9461910594647257 0.83214013540678655 0.66690025027010624 2876.5000000000005 0.77026250544891328 0.76654570564470936 0.77142618591489243 0.77544768026853006 0.77597062848964138 0.82291002297139948 1.2424533248940002 0.81055355588102429 0.81759950385457481 0.82005847370157603 1027.5000000000002 0.81496621376278278 -0.12940952255126037 0.79001139522371822 0.66847687381717125 0.79786200270967511
decision_type=2 2 2 2 2 2 2 2 2 2 2 2 2 2 2 2 2 2 2 2 2 2 2 2 2 2 2 2 2 2
left_child=13 20 3 4 7 6 12 8 14 -10 11 -7 -6 26 15 -3 -16 -18 -19 21 -2 27 24 -24 25 -23 -1 -20 29 -29
right_child=1 2 -4 -5 5 10 -8 -9 9 -11 -12 -13 -14 -15 16 -17 17 18 19 -21 -22 22 23 -25 -26 -27 -28 28 -30 -31
leaf_value=-0.00010633346730284377 -0.0013062507627623538 0.00066552620727849401 0.0012942344553805358 -0.0011397844121555313 0.0029878508924973072 0.0016527696974006746 0.00069496323265155757 -0.0029314743880846706 0.000636981785752333 0.0049697179278142545 0.018020127271832876 -0.00073800310424669839 -0.0026890150976765547 0.015148233260847955 -0.0052678610503981878 0.03301237631102432 0.019861249101523693 -0.0066743147980351542 -0.0020125980849557525 0.047562806934746904 -0.004068166930378119 0.00056114170521739395 0.0096100209249385289 -0.0028809393220376733 -0.0048286652230158603 -0.0016535814831635368 0.0083075524849617229 0.030532125264368649 0.0070153592676678762 -0.0026834771579177575
leaf_weight=15578.021719142795 26802.398821361363 2720.1119938082993 44205.46026892215 67000.295791700482 349.47448354959488 8687.3453888744116 3099.2993260324001 8434.2214373014867 89939.773010030389 19685.77091146633 1313.9917704090476 66661.338031247258 3441.8420389071107 4746.9331674128771 638.68275748938322 194.21984650194645 271.5261917039752 176.38554874062538 2439.2782211825252 48.562589198350906 3654.5346077047288 826.24301932752132 410.8032034188509 922.17325539886951 1641.3793324902654 713.91004817187786 10284.118552573025 99.594463467597961 1700.7572464197874 1103.896742105484
leaf_count=39144 90779 14594 150396 79094 521 31559 11040 126357 335953 75796 5319 252033 12521 11820 1197 518 979 631 8956 121 13542 1991 1894 3588 4582 2145 25975 152 7171 1638
internal_value=-0.000117873 -0.000192293 -0.000118725 -0.000214057 -8.19714e-05 -0.000459148 -0.00199602 0.000156833 0.000250141 0.000399531 -0.00032101 -0.00038044 -0.00387727 0.000750547 -0.000927423 0.000796244 -0.00138437 -0.00112466 -0.00133279 -0.00118787 -0.000981487 -0.00126289 -0.00236763 -5.68729e-05 -0.00333578 -0.00137471 0.000463193 -0.00032955 0.000848949 -0.00212569
internal_weight=387792 357183 326726 282521 215521 83553.3 6890.62 131967 123533 109626 76662.7 75348.7 3791.32 30609.1 13907.5 2914.33 10993.2 10354.5 10083 9906.6 30456.9 9858.04 4514.51 1332.98 3181.53 1540.15 25862.1 5343.53 2904.25 1203.49
internal_count=1312006 1235067 1130746 980350 901256 312993 24082 588263 461906 411749 288911 283592 13042 76939 50157 15112 35045 33848 32869 32238 104321 32117 14200 5482 8718 4136 65119 17917 8961 1790
is_linear=0
shrinkage=0.05


Tree=88
num_leaves=31
num_cat=1
split_feature=6 8 7 10 8 7 7 7 7 7 7 7 7 7 10 10 7 8 5 10 4 10 10 17 0 7 7 2 17 10
split_gain=9.04423 6.96804 7.434 6.80915 6.13422 6.23517 5.77849 10.4191 8.85433 7.03535 5.85617 9.7649 5.284 5.80059 5.27263 4.4222 5.26104 4.06223 3.8553 3.3966 3.35637 3.10138 3.09787 2.991 2.92031 2.79189 3.64406 2.69201 2.99643 2.62306
threshold=-0.12940952255126037 0.89587973461402759 3.7012257604091228 6.1848857164332625 1.0000000180025095e-35 3.3497501700808394 1.0397207708399181 2.3502401828962087 2.524928003624769 1.0000000180025095e-35 3.0201273556387074 3.1132683346437333 3.7012257604091228 7.7400119915859422 8.0353250454199436 8.1533614626534874 9.1195400016540109 1.7005986908310777 -0.37940952255126059 8.1771991942971045 4.5000000000000009 7.0910595020580098 0.098905681065719467 0.66237379509048522 77.500000000000014 3.7494348669884658 3.9219243190762363 0 0.66237379509048522 4.887860577895828
decision_type=2 2 2 2 2 2 2 2 2 2 2 2 2 2 2 2 2 2 2 2 2 2 2 2 2 2 2 1 2 2
left_child=1 2 6 18 5 -5 9 -8 27 -1 -10 -12 -3 14 17 24 -17 -14 -2 -15 -19 22 -11 -16 -6 -4 -27 -9 -29 -13
right_child=3 12 25 4 15 -7 7 8 10 21 11 29 13 19 23 16 -18 20 -20 -21 -22 -23 -24 -25 -26 26 -28 28 -30 -31
leaf_value=-0.0013753740084661945 -0.00085776714345407463 -0.0019330015864531314 0.014895538568888145 0.0028535970108973852 -9.7525864309794266e-05 0.015429786694769167 -0.0022480343724918181 0.0076630268780023998 -0.0022895746049017714 0.0037447022528753291 0.0079436029251260844 -0.0022755038497675908 0.00098231056935358394 -0.0037124315929523092 -0.00098305767300074787 0.0088452004725838151 -0.0013409216159479321 -0.0010603095489971155 0.00033393328387278933 -0.0010244760021459575 0.00062754836973420854 0.014674561940285291 0.00023644869489737738 0.0060105014699257222 0.0026950927816636774 -0.0022931485896978548 0.0051904735783356755 -0.0025990672939274944 0.0027396407052170308 0.00028309154178957633
leaf_weight=3924.879011888057 36136.293665844947 16931.318293254822 990.75724490359426 10078.908344779164 49533.417968675494 3304.8278491422534 13797.847025513649 5388.7765291631222 10752.501060582697 8650.02601544559 3949.7891811393201 4720.8522888310254 11504.961968965828 13654.885382950306 3732.0097405314445 7312.4063325598836 3085.3648346327245 70074.291268032044 38616.655145313591 7187.8252064064145 13208.488461323082 1862.0898420698941 10213.15246880427 7066.8244137614965 12032.478803683072 1842.3489584960043 7648.8485716991127 1554.4214345812798 3134.1415499858558 5900.9549231007695
leaf_count=14552 125930 55181 3271 31992 172981 11001 44557 17324 34672 27552 13062 16142 38958 51530 4633 20884 9816 244165 132583 21393 46388 5800 32057 26993 41548 6282 26825 1925 12980 19029
internal_value=-0.000117415 -0.000319893 4.07449e-05 0.000170546 0.000475714 0.00145864 -0.000136117 -0.000449182 5.07555e-06 0.00048873 -0.000493744 0.000159403 -0.000532038 -0.000420952 -0.00027048 0.00029291 0.00124665 -0.000389739 -0.000177872 -0.00118322 -0.000511397 0.000856322 0.00066415 0.000776328 0.000131833 0.00128681 0.00102316 0.0012586 0.000378925 -0.00062989
internal_weight=387792 227692 84331.4 160100 85347.4 13383.7 73849.4 49199.3 35401.4 24650.1 25324.1 14571.6 143361 126429 105587 71963.7 10397.8 94787.7 74752.9 20842.7 83282.8 20725.3 18863.2 10798.8 61565.9 10482 9491.2 10077.3 4688.56 10621.8
internal_count=1312006 765271 276030 546735 288222 42993 239652 159691 115134 79961 82905 48233 489241 434060 361137 245229 30700 329511 258513 72923 290553 65409 59609 31626 214529 36378 33107 32229 14905 35171
cat_boundaries=0 1
cat_threshold=19
is_linear=0
shrinkage=0.05


Tree=89
num_leaves=31
num_cat=0
split_feature=1 3 1 0 8 10 8 7 10 10 8 10 10 4 10 17 10 8 1 7 1 17 7 7 0 6 17 1 5 6
split_gain=9.34767 11.1634 9.13876 5.62472 5.27742 5.22376 5.75907 4.37988 8.30376 3.78153 3.76135 3.66249 3.61658 3.61089 3.57015 3.56347 3.49054 3.46705 3.1477 3.08756 2.87663 2.81551 2.80471 8.96919 2.52025 2.87185 2.4455 2.37793 2.34394 2.32526
threshold=371.50000000000006 1.0000000180025095e-35 7201.5000000000009 51.500000000000007 7.3849206531217746 7.7581550303642528 1.0000000180025095e-35 7.6827128082063991 8.0863844360616497 1.0000000180025095e-35 1.4978661367769956 4.7466181426221139 7.5525120388659799 4.5000000000000009 8.2503539996157595 0.64675799809678969 7.0228209549334624 5.4488879126160059 176.50000000000003 3.0201273556387074 1468.5000000000002 0.73245799793552135 1.0397207708399181 2.3502401828962087 23.500000000000004 -0.9159756150367534 0.64805509467998179 3522.5000000000005 1.0000000180025095e-35 0.37940952255126048
decision_type=2 2 2 2 2 2 2 2 2 2 2 2 2 2 2 2 2 2 2 2 2 2 2 2 2 2 2 2 2 2
left_child=4 5 3 24 10 6 9 8 13 -2 19 -8 28 -5 17 -11 -15 -9 -12 -1 -7 26 -17 -24 -3 -26 -19 -18 -4 -16
right_child=1 2 12 7 -6 20 11 14 -10 15 18 -13 -14 16 29 22 27 21 -20 -21 -22 -23 23 -25 25 -27 -28 -29 -30 -31
leaf_value=-0.0015599245426465846 -0.011985695035709993 -0.0022314492314587267 0.0074142489977536037 -0.00020574391690021123 -0.0099165187707560207 0.010721066958275793 -0.0071731476529634077 0.00043289318683220336 0.0074988217261136858 -0.012233654144841523 -0.0079670656442272832 0.00075014222307859821 0.019005256405935103 0.00035724849046033793 -0.00058835285548289318 0.013764508047529034 0.0042364335793637856 0.00075474072162747821 -0.0018824346232692497 0.0011213693347456796 0.028507934382599201 -0.0021144000878225932 -0.0062352692464263011 0.010980129523367771 -0.0014423547320717559 -0.0004918082711588001 -0.0062645274343026639 0.022658797555641621 -0.00028308964289408545 0.0095057626980441633
leaf_weight=13448.0377365686 393.63248917832971 4211.0240912772715 3984.6399271376431 127081.27024411038 457.60984603688121 7553.0321781150997 2769.0608010403812 4356.7239376157522 7326.3105161674321 606.93179931491613 1685.8146249465644 13048.907478377223 2273.9049996957183 18831.134309537709 3248.6604891866446 4894.1961998268962 6761.9321943633258 672.4589449763298 12207.158335581422 6233.0853811576962 785.70956370979548 6284.4828449562192 2271.7354285828769 6436.237555641681 19989.914316285402 99559.368587777019 4199.2146101593971 1330.2980605661869 3499.073187738657 1390.783106431365
leaf_count=42577 1546 14848 13775 429132 1688 24785 9886 15910 20750 750 5722 45347 7285 63979 9416 15789 22904 832 42080 21106 2615 34128 7507 22260 67776 341352 5795 4372 12008 4086
internal_value=-0.000113908 -3.77689e-05 -0.000136294 -0.000184445 -0.000905379 0.00076295 0.000459044 -7.2015e-06 7.96118e-05 0.00117506 -0.000832688 -0.000201959 0.00137 1.37266e-06 -0.000702192 0.00130898 0.000527374 -0.00106614 -0.00146258 -0.000388044 0.00187163 -0.00153326 0.00147624 0.000937975 -0.000444356 -0.000402009 -0.00243542 0.00139585 0.000839388 0.000514734
internal_weight=387792 353761 315001 305244 34031.7 38759.4 30420.7 181483 161331 14602.7 33574.1 15818 9757.62 154005 20152.3 14209.1 26923.4 15512.9 13893 19681.1 8338.74 11156.2 13602.2 8707.97 123760 119549 4871.67 8092.23 7483.71 4639.44
internal_count=1312006 1198833 1068348 1035280 113173 130485 103085 611304 541137 47852 111485 55233 33068 520387 70167 46306 91255 56665 47802 63683 27400 40755 45556 29767 423976 409128 6627 27276 25783 13502
is_linear=0
shrinkage=0.05


Tree=90
num_leaves=31
num_cat=0
split_feature=1 0 1 8 10 8 7 7 7 7 7 10 7 7 7 8 10 7 17 0 6 1 10 7 8 7 7 8 8 7
split_gain=9.69613 9.12135 6.83835 5.77029 9.30562 6.30699 10.1425 6.13928 11.26 9.99237 8.66762 8.52476 6.98778 6.05822 6.77107 5.57812 4.54056 4.76182 3.86184 3.31032 3.19345 3.15447 3.13605 3.07332 3.13239 4.94917 2.95016 2.92258 2.89366 2.88244
threshold=420.50000000000006 41.500000000000007 5746.5000000000009 7.0496886807624488 7.9827405244537077 1.2424533248940002 3.9219243190762363 1.0397207708399181 2.3502401828962087 2.524928003624769 3.0201273556387074 0.00230835222093671 3.1132683346437333 3.4175922930736511 3.4811217321331038 5.6076369307404796 4.7959920073102493 7.0854828791590796 0.66268314391858796 120.50000000000001 -0.70710678118654757 976.50000000000011 7.2370010984580881 3.7012257604091228 2.4414009612931857 4.8559213341406453 10.791892978568784 0.89587973461402759 1.0000000180025095e-35 9.6597266625627505
decision_type=2 2 2 2 2 2 2 2 2 2 2 2 2 2 2 2 2 2 2 2 2 2 2 2 2 2 2 2 2 2
left_child=15 20 3 4 5 6 7 11 -9 28 -11 -3 21 -14 -15 -1 -7 19 -6 23 -2 -12 -4 -18 25 -25 -17 -20 -10 -5
right_child=1 2 22 29 18 16 -8 8 9 10 12 -13 13 14 -16 26 17 -19 27 -21 -22 -23 -24 24 -26 -27 -28 -29 -30 -31
leaf_value=-0.0011351263586155235 -0.0016618570538027512 -0.0012928255731930946 0.0026255209104001699 -0.0014664684487498026 0.00047453741406641714 -0.0010672443762108576 0.0051825386950649921 -0.0020729065144418995 0.0052342217330369869 -0.0022109876255298339 0.0012488385900990607 0.0034891548042697176 -0.001806357452922211 0.01191183055457215 0.0001508953537462221 -0.0044721643819401252 -0.0016673177544810236 -0.0020501057067792415 0.019951226132607559 0.0066157030248871042 -0.00052675413437720537 0.012451219466141097 0.014640326202077503 0.00015385989321652362 -0.00025011085362498244 0.0052648997473492276 -0.013256055985082955 0.0050603872435529169 -0.0059484948592630751 -0.0069166327998911765
leaf_weight=40586.345811989158 23084.809183731675 4591.7431273460388 8884.5192082598805 6058.0656931586564 10318.1394982934 19628.444748792797 11677.291187524796 15165.830167662352 10907.100086126477 12844.772345792502 1816.3905972912908 21464.637160688639 7891.5422060191631 2376.2009082436562 9101.5161649249494 3000.5608969144523 9000.7937890104949 16239.236922159791 1134.3680287450552 1928.1900175586343 43812.152133766562 2978.6107572093606 4235.4341920018196 13689.703684866428 57137.968843203038 6571.6116616278887 107.50493929162621 18124.890454500914 169.40437220782042 3104.0491094663739
leaf_count=134817 78556 16831 30408 21047 12732 70826 40738 49424 35419 42083 5938 68138 25988 8047 30558 10583 28794 61512 4270 6401 151018 9867 13573 45587 198420 23361 368 74624 531 10984
internal_value=-0.000107985 -1.88536e-05 0.000107676 5.22893e-05 9.66263e-05 -1.28935e-05 0.000280561 9.93683e-05 -0.000166708 0.000207946 -0.00018637 0.000745264 0.000371512 -5.15368e-05 0.000681692 -0.00080958 -0.000251504 -0.000120521 0.000930431 2.41533e-05 -0.00054285 0.00208041 0.00122183 -2.15737e-05 8.01188e-05 0.000614274 -0.00285106 0.00134862 0.00152544 -0.00118053
internal_weight=387632 343937 277040 263921 254758 225181 100985 89307.7 63251.4 48085.5 37009 26056.4 24164.3 19369.3 11477.7 43694.4 124196 104568 29577.4 88328.3 66897 4795 13120 86400.1 77399.3 20261.3 3108.07 19259.3 11076.5 9162.11
internal_count=1311443 1165675 936101 892120 860089 768463 333562 292824 207855 158431 122481 84969 80398 64593 38605 145768 434901 364075 91626 302563 229574 15805 43981 296162 267368 68948 10951 78894 35950 32031
is_linear=0
shrinkage=0.05


Tree=91
num_leaves=31
num_cat=0
split_feature=1 16 0 16 10 7 10 10 5 10 16 8 10 8 5 16 3 10 16 5 16 8 18 7 16 1 10 16 3 1
split_gain=8.76842 8.88587 6.97151 6.20565 7.72381 7.37589 6.64697 9.05284 6.17244 5.74262 5.37436 5.25413 6.71744 5.05951 3.62313 3.11719 3.07188 4.241 4.21036 3.21149 3.15059 3.00088 3.49435 2.91621 2.87874 2.96363 2.81977 2.6682 3.4472 2.62889
threshold=420.50000000000006 0.72811069527815941 40.500000000000007 0.83375273960117646 5.8039889525589397 6.9142341216891241 0.47873179439478714 0.012050400015810229 -0.25881904510252113 7.5660670078195009 0.83626252219812136 3.1567740231385479 8.0656092028552901 5.6076369307404796 0.37940952255126054 0.8624299788615909 1.0000000180025095e-35 7.1576715141565419 0.80800552371908407 0.37940952255126054 0.6262678782415706 4.1190041246092024 1.0208333333333335 10.791892978568784 0.85672772824506083 207.50000000000003 7.6085905625571861 0.76654570564470936 1.0000000180025095e-35 2112.5000000000005
decision_type=2 2 2 2 2 2 2 2 2 2 2 2 2 2 2 2 2 2 2 2 2 2 2 2 2 2 2 2 2 2
left_child=13 8 27 4 6 9 7 -4 -2 -6 -5 14 15 16 -12 26 17 20 -18 -20 -1 -7 -23 -15 25 -22 29 28 -3 -13
right_child=1 2 3 10 5 21 -8 -9 -10 -11 11 12 -14 23 -16 -17 18 -19 19 -21 24 22 -24 -25 -26 -27 -28 -29 -30 -31
leaf_value=0.042589471160563289 0.013687555926751572 0.0062579968475604993 -0.00066176168973993148 -0.0023481823747567329 0.0011558585757226846 0.0042804690984275971 -0.0010080628049751572 0.0046409236562641124 0.0012562276697182574 0.0060198384042353011 -0.00035150185820093663 0.00054696201094078106 0.0020917742623779048 -0.0042485561628431189 0.0010669427394329842 -0.0023362569745460902 -0.0036573398160020588 0.0052509994159620045 -0.00068396757703765437 0.00056576283464115917 -0.0073913919962433853 -0.00021828522979489007 -0.0035598893828544366 -0.012593253185828808 0.004357860234320182 -0.0021897868878066606 -0.0034994956710766578 -0.00062782260366023865 -0.0054164509810502252 -0.0040552608844603572
leaf_weight=206.33363454788923 11921.34603548795 1250.9331081211567 13634.996438220143 5613.0650182068348 59089.318667206913 3811.3828139603138 48601.461458195001 9765.6777480468154 14173.015044815838 24929.566766705364 30899.463224679232 4926.7861252427101 4923.354646012187 3000.5608969144523 14273.478501595557 9090.1019985750318 7366.4264300726354 6136.7864694669843 5954.6199851334095 3295.658795401454 4055.5948298461735 19613.932711925358 7649.5546698980033 107.50493929162621 2574.8837861046195 10996.041881415993 2987.4733268842101 46032.381271705031 8988.9173129796982 1761.2093617171049
leaf_count=619 30247 6117 48996 18185 205304 14200 174429 34908 35571 84104 98802 16199 15192 10583 45387 31582 27728 20305 18180 10017 13198 90879 9329 368 8243 36527 9576 139370 51211 6087
internal_value=-0.000105933 -2.11724e-05 -9.39918e-05 1.46206e-05 0.000168274 0.000422371 -0.000237895 0.000454445 0.000865806 0.000665798 -0.000371387 -0.000250121 -0.000853232 -0.000773121 6.61536e-05 -0.0012845 -0.00062423 -0.000262051 -0.00114668 -0.00043643 -0.000652202 -0.000235794 -0.000419507 -0.00271739 -0.000724107 -0.000988393 -0.000659877 -0.000598856 -0.00132885 -8.93921e-05
internal_weight=387632 343937 317843 261571 187096 115094 72002.1 23400.7 26094.4 84018.9 74474.9 68861.9 23688.9 43694.4 45172.9 18765.6 40586.3 23969.6 16616.7 9250.28 17832.9 31074.9 27263.5 3108.07 17626.5 15051.6 9675.47 56272.2 10239.9 6688
internal_count=1311443 1165675 1099857 903159 662149 403816 258333 83904 65818 289408 241010 222825 78636 145768 144189 63444 134817 78892 55925 28197 58587 114408 100208 10951 57968 49725 31862 196698 57328 22286
is_linear=0
shrinkage=0.05


Tree=92
num_leaves=31
num_cat=0
split_feature=4 16 16 1 6 3 16 1 1 0 10 10 8 9 16 1 8 0 16 16 4 16 16 16 5 16 16 16 16 16
split_gain=8.91932 14.6329 7.49106 7.75291 6.58414 5.687 5.82473 5.46373 4.567 4.30002 4.10363 3.96052 3.63048 4.53356 3.61921 4.64762 3.25555 3.09907 3.00126 2.98003 2.91564 11.7502 6.52801 4.54971 4.51552 4.47184 5.18782 4.65073 3.93104 3.62587
threshold=4.5000000000000009 0.86588849856005423 0.6500768209777964 298.50000000000006 -0.78656609248549325 1.0000000180025095e-35 0.97182285662211954 6755.5000000000009 958.50000000000011 34.500000000000007 8.2897175009295605 7.0228209549334624 6.1036759135142775 2.602003343538398 0.82340483352627902 1924.5000000000002 7.9008218325052129 134.50000000000003 0.93504912530908568 0.81536292963384094 1.5000000000000002 0.84373940648526213 0.93504912530908568 0.80530725634941192 0.78656609248549325 0.78371502652980218 0.78615827369750269 0.74201131889676508 0.74468638834487166 0.83375273960117646
decision_type=2 2 2 2 2 2 2 2 2 2 2 2 2 2 2 2 2 2 2 2 2 2 2 2 2 2 2 2 2 2
left_child=2 8 -1 16 -5 14 7 9 -2 19 12 -10 17 -14 15 -6 -4 20 -16 -7 21 23 -23 25 -25 27 -27 -11 -29 -22
right_child=1 -3 3 4 5 6 -8 -9 11 10 -12 -13 13 -15 18 -17 -18 -19 -20 -21 29 22 -24 24 -26 26 -28 28 -30 -31
leaf_value=0.015470996801245397 -3.3882709559474035e-05 -0.0028723436872083274 -0.0020932543361485284 -0.00097774236661482962 0.0051198032273633955 -0.0029934261105420412 0.031699688673905824 0.0063164956942055039 0.0021303803203732599 0.012266609128136974 0.0047407449049784783 0.0087573581977927421 0.00026898835275466771 -0.0038855818781972197 -0.0017527342510956778 0.035619065223723892 -0.013272516672085843 0.0044837381787908416 0.021018289939818482 -0.00021051425233740431 0.00042219857806382048 0.0076564177724903482 -0.011030310141357691 -0.0017449074947665623 1.2053362757374898e-05 0.018483760006930017 0.0011007952695649248 -0.018193600595786959 -0.0015837766836897125 -0.00048831470208092476
leaf_weight=3850.38781863451 16140.466595239937 4320.5748546347022 18607.233152002096 85190.277702067047 17760.112434763461 10320.416769661009 463.20344550907612 5866.6934280432761 23633.751192763448 1043.7991631776094 4577.9978356659412 14405.977261304855 5116.0783795937896 6412.9497578926384 8128.9481703266501 465.94247461855412 108.19992744922638 1621.377320561558 558.7301142141223 8710.6723746806383 92126.747109230608 2861.6184076964855 432.44545563310385 6773.9069142192602 2159.0722912326455 215.79649347066879 2126.1006610170007 293.66785173863173 4263.4174313023686 39075.26511003077
leaf_count=11334 54721 14550 61815 285994 61922 37644 1596 19997 80815 2639 12707 48355 18147 23457 25825 1570 384 4927 2048 27965 321545 8768 1292 20069 6383 603 6454 452 21566 125899
internal_value=-0.000103065 0.000465827 -0.000204181 -0.000230134 -0.000169821 -2.60772e-05 -0.000120357 -0.000133728 0.000689136 -0.000180586 -0.000100394 0.000988159 -0.000141481 -0.000997098 0.000655126 0.00105544 -0.00121808 -7.70045e-05 -0.00018469 -0.000893135 -0.000100294 -0.000659967 0.00207157 -0.00119315 -0.00196729 -0.000322503 0.00151222 -0.00108966 -0.00177921 -1.42555e-05
internal_weight=387632 58500.8 329131 325281 306565 221375 194461 193998 54180.2 188131 169100 38039.7 164522 11529 26913.7 18226.1 18715.4 152993 8687.68 19031.1 151372 20169.8 3294.06 16875.8 8932.98 7942.78 2341.9 5600.88 4557.09 131202
internal_count=1311443 198441 1113002 1101668 1039469 753475 662110 660514 183891 640517 574908 129170 562201 41604 91365 63492 62199 520597 27873 65609 515670 68226 10060 58166 26452 31714 7057 24657 22018 447444
is_linear=0
shrinkage=0.05


Tree=93
num_leaves=31
num_cat=0
split_feature=4 16 16 6 16 4 16 16 16 16 17 17 16 16 6 6 16 16 16 16 16 17 16 16 16 16 17 16 16 16
split_gain=7.96556 13.8416 6.88652 6.6807 4.96406 4.35348 17.2031 12.245 5.67066 5.94798 5.93027 5.40303 4.63487 5.33398 4.12768 3.96306 3.85807 6.86342 3.82415 6.77735 5.65606 5.28649 4.50408 6.69285 5.71511 4.76752 4.58906 4.42208 4.17646 4.11063
threshold=4.5000000000000009 0.84575235855813069 0.6500768209777964 -0.78656609248549325 0.97182285662211954 1.5000000000000002 0.84373940648526213 0.80417266174550694 0.83426495118380328 0.83468210669106557 0.81311413657290077 0.66764792291798603 0.8847782686317428 0.8861666780130667 0.78656609248549303 0.60355339059327384 0.89111819891260613 0.89302366647559417 0.79886474335522972 0.79837705762624855 0.79001139522371822 0.68761242875147521 0.74201131889676508 0.74468638834487166 0.7434124931127456 0.75487371117856195 0.80486892424238843 0.75585081854172964 0.74696725396252228 0.74591243234688742
decision_type=2 2 2 2 2 2 2 2 2 2 2 2 2 2 2 2 2 2 2 2 2 2 2 2 2 2 2 2 2 2
left_child=2 -2 -1 -4 5 6 7 18 10 -10 11 -7 -8 -14 -13 -9 -15 -18 19 20 22 -21 -5 24 -24 26 28 -27 29 -25
right_child=1 -3 3 4 -6 8 12 15 9 -11 -12 14 13 16 -16 -17 17 -19 -20 21 -22 -23 23 25 -26 27 -28 -29 -30 -31
leaf_value=0.014697446961183136 0.0031558698363169935 -0.0019424780909064966 -0.0010417321855384334 0.0085248301855640474 0.026197168060851539 -0.00039201204109846622 0.0090116689846114536 -0.0011852155955022149 -0.0038965180052299569 -0.00046709467497128013 -0.0037023489348084748 0.00098057632400817829 -0.0068239728292984652 0.026477998821612815 0.0049898514086401781 -0.0030041592814779583 -0.012923828466302684 0.0037821271380394264 0.0063657675824693484 -0.0085328506751097578 0.0082418965675929382 0.03187116207627292 -0.0028607300539217786 0.057805863530570802 -0.022081800653921169 -0.017003770125421907 -0.019995424170861517 -0.0011462497371948072 0.053110512819674133 -0.019003337565832664
leaf_weight=3850.38781863451 50059.235129728913 8441.5347742140293 90669.221239000559 2399.6196544766426 852.52229286730289 58755.066965565085 2918.2522297725081 9773.9226619824767 922.62989886850119 56011.82059866935 6092.2201300524175 65832.211553793401 254.26380251348019 352.31372956186533 12990.736626781523 3681.8938604146242 182.96152171492577 2514.3222339898348 735.33243818581104 370.63409584760666 1286.4309966042638 31.374763436615467 179.89321214705706 61.196594178676605 255.09256133437157 167.80250415951014 87.603839166462421 7383.8350559696555 369.10665036737919 148.38846437633038
leaf_count=11334 170631 27810 303917 5992 2959 74943 8955 28810 2222 181740 90419 276442 440 1012 57255 11132 542 8041 1542 469 4150 153 303 145 409 358 830 36974 1123 391
internal_value=-0.000102189 0.000435427 -0.000197746 -0.000222629 -8.1763e-05 -9.56524e-05 -0.000626421 -0.00117386 -7.93145e-06 -0.000430223 0.000159417 0.000227015 0.00174315 0.000460612 0.000497542 -0.00224081 0.00104072 0.000397977 -0.000108533 -0.000310878 -0.000102728 -0.00669969 -0.000467944 -0.000999479 -0.00704367 -0.000679552 0.00337481 -0.00103728 0.0049893 -0.000647676
internal_weight=387632 58500.8 329131 325281 234611 233759 33154.2 26932.1 200605 56934.5 143670 137578 6222.11 3303.86 78822.9 13455.8 3049.6 2697.28 13476.3 12741 12339 402.009 11052.5 8652.92 434.986 8217.93 666.296 7551.64 578.692 209.585
internal_count=1311443 198441 1113002 1101668 797751 794792 111771 92781 683021 183962 499059 408640 18990 10035 333697 39942 9595 8583 52839 51297 50675 622 46525 40533 712 39821 2489 37332 1659 536
is_linear=0
shrinkage=0.05


Tree=94
num_leaves=31
num_cat=0
split_feature=0 4 16 16 17 4 16 16 16 16 16 16 7 17 16 17 10 10 6 5 3 17 16 16 16 16 16 16 10 10
split_gain=7.39011 6.64111 18.9585 8.08936 6.74414 6.46906 9.24655 10.9113 7.31587 6.658 6.01333 5.8468 5.45745 5.20574 5.12771 4.95435 6.495 4.82258 4.35587 4.23918 3.98145 3.81184 7.73159 4.09952 5.29312 3.8246 3.69709 4.13252 3.5635 7.16866
threshold=34.500000000000007 3.5000000000000004 0.86875386461544013 0.87383864857670368 0.67112732600106184 1.5000000000000002 0.84373940648526213 0.80530725634941192 0.84373940648526213 0.84425539163094909 0.58123026540307288 0.80570143096500557 2.8029010331479989 0.79625761458089495 0.78158162722824287 0.66847687381717125 6.6358533115328004 6.5947700359075858 0.91597561503675351 0.37940952255126054 1.0000000180025095e-35 0.66536933010598343 0.8604331563503772 0.85672772824506083 0.85011430646827157 0.8576553408240688 0.81055355588102429 0.80843591680373295 5.905479208128825 0.47873179439478714
decision_type=2 2 2 2 2 2 2 2 2 2 2 2 2 2 2 2 2 2 2 2 2 2 2 2 2 2 2 2 2 2
left_child=-1 3 4 5 14 6 7 10 18 13 -2 15 -5 -10 -3 16 20 -6 28 -14 -9 22 -8 24 -23 -25 27 -13 29 -7
right_child=1 2 -4 12 17 8 21 11 9 -11 -12 26 19 -15 -16 -17 -18 -19 -20 -21 -22 23 -24 25 -26 -27 -28 -29 -30 -31
leaf_value=-0.0012700106166194673 0.048984933281836153 0.0029519471041005055 -0.0023260626495804032 0.0047413431907346489 0.00096163324878204568 0.00090583810736742383 0.035132141457028414 -0.019273199708643864 -0.0053429447724508364 -0.00077475290140244658 -0.00069429560764880946 -0.0019945319984903454 -0.00043553279228274042 0.0057808098491173082 -0.0011250309219765608 0.029264754920212577 -0.0065644131964010368 0.0054331253980912158 0.0034330122685114761 0.0028131504666782147 -0.0012550725559847501 0.0068290555105606143 3.2156489161239145e-05 0.089567745730473255 -0.0078675545064425256 0.0070337042683127626 -0.0014290591055692832 0.006550053246625484 0.00037087804918238825 -0.0014663533871139556
leaf_weight=37877.86648645997 243.4836395457387 22985.262863181531 8830.9644996896386 5554.8765790387988 35812.590616401285 16875.162013225257 384.7681440114975 45.947004795074463 922.35286311805248 25925.103901207447 16892.839334182441 870.83782118558884 10750.668218418956 131.53941524773836 23908.274832189083 73.379187166690826 303.5524685382843 31839.31119453907 10042.272018622607 5042.2374633103609 590.42522937059402 353.85536009073257 401.53347140550613 57.495645649731159 499.22178341448307 815.29601998627186 13434.574122950435 789.56888108700514 79291.234940104187 36085.331880241632
leaf_count=129601 731 29501 30555 18323 173715 58353 474 60 1903 81346 65039 1980 36326 817 30989 209 393 153477 35066 16766 752 1878 500 286 1913 2995 42446 1742 268151 125156
internal_value=-9.8837e-05 -2.69919e-05 0.000268136 -0.000187837 0.000440232 -0.000284282 -0.00089536 -0.00111639 -0.000155199 -0.0009101 -0.000238145 -0.00205068 0.000738443 -0.00480585 -2.05845e-05 -0.00572732 -0.00670418 0.000759651 -1.207e-05 0.000264316 -0.00383357 0.00202958 0.00491508 0.000714949 -0.00174992 0.00312414 -0.00180387 0.00042194 -8.83007e-05 -0.000405874
internal_weight=387632 349754 123376 226378 114545 205030 35756.8 33244.6 169273 26979 17136.3 16108.3 21347.8 1053.89 46893.5 1013.3 939.925 67651.9 142294 15792.9 636.372 2512.17 786.302 1725.87 853.077 872.792 15095 1660.41 132252 52960.5
internal_count=1311443 1181842 418237 763605 387682 692190 121398 113352 570792 84066 65770 47582 71415 2720 60490 1414 1205 327192 486726 53092 812 8046 974 7072 3791 3281 46168 3722 451660 183509
is_linear=0
shrinkage=0.05


Tree=95
num_leaves=31
num_cat=0
split_feature=4 16 16 16 7 6 7 7 8 7 8 18 1 4 16 16 16 16 16 16 16 16 16 7 7 8 1 17 3 7
split_gain=7.35598 24.0313 23.5084 12.5435 9.32397 8.0468 6.62462 16.231 8.47404 8.11068 6.49431 6.25594 5.85036 5.57587 8.28032 13.3603 8.60364 7.96991 6.05483 5.85393 15.6955 6.77253 6.06026 5.54053 5.05468 4.90799 4.84673 4.74443 4.30083 4.27793
threshold=2.5000000000000004 0.85570644998864431 0.86308177560703947 0.85472328363330063 1.0000000180025095e-35 0.78656609248549303 1.0397207708399181 2.1383330595080281 1.0000000180025095e-35 4.1026092131977068 1.7005986908310777 1.0125000000000002 2229.5000000000005 1.5000000000000002 0.77026250544891328 0.77142618591489243 0.77544768026853006 0.76875055652117463 0.58123026540307288 0.76386542164760074 0.76232687082252271 0.76559799429155406 0.75969361271235591 3.7012257604091228 6.6814816381200126 1.0000000180025095e-35 380.50000000000006 0.68761242875147521 1.0000000180025095e-35 2.524928003624769
decision_type=2 2 2 2 2 2 2 2 2 2 2 2 2 2 2 2 2 2 2 2 2 2 2 2 2 2 2 2 2 2
left_child=1 3 4 13 -2 6 -6 -8 23 -10 -11 -5 25 14 17 -16 -17 18 -1 20 22 -21 28 29 -18 -3 -12 -22 -20 -9
right_child=2 12 -4 11 5 -7 7 8 9 10 26 -13 -14 -15 15 16 24 -19 19 21 27 -23 -24 -25 -26 -27 -28 -29 -30 -31
leaf_value=0.050563615990184399 -0.0029041540621478571 0.004278660886732827 -0.0015180839851734519 -0.0033927894651644753 0.0044702298787070941 0.004304232085537713 -0.00377600863847426 0.0051232251897155023 -0.0015524796745184978 0.0057527564863154917 -0.003311655812332399 0.0047232377384133833 0.010982709915096856 -0.00072329523000534972 -0.0055755344776325967 0.020845684471508141 -0.0009002798191486167 0.060050875387747796 0.010695869774069999 0.078111709011185138 -0.007579548622407087 0.0020978731611280819 0.030729643552901999 0.011571913352375562 -0.0031702909396108731 0.00034061227752494873 0.00057812357516179584 0.0010350254238234047 -0.0056415793419247523 0.00031272867897367277
leaf_weight=274.90609103441238 3561.2554390244186 7514.5444442182779 25825.537928730249 1532.8132891207933 16636.200366970152 26154.490566313267 9159.4153277799487 9851.1588587909937 30906.117484077811 8726.4889459051192 4636.7602132819593 169.67775389552116 2769.2416324093938 82451.09695513919 1317.4233476296067 463.84658239036798 21707.084476642311 130.72902455925941 1929.6486620008945 95.243168458342552 699.74397695064545 2189.8014066442847 334.32939784228802 5121.5070298723876 5013.5365965366364 13524.865495838225 84493.908426266164 154.77884886413813 4128.8043732717633 16098.165904946625
leaf_count=856 13513 23825 86719 4755 52177 90319 29828 31654 101808 30206 16359 248 9007 278545 2146 1481 65006 276 5072 255 893 28473 948 17999 15177 44654 294747 780 10657 53029
internal_value=-0.000107827 -0.000387404 6.189e-05 -0.000669709 0.000232843 0.000275506 0.000159819 6.61023e-05 0.000183405 4.56626e-06 0.000227578 -0.00493158 0.00106622 -0.00060969 -0.00110701 -0.00154034 -0.00130203 0.000135757 -2.77208e-05 -0.0002387 -0.000934449 0.00196796 -8.37291e-05 0.000924544 -0.00141922 0.000781865 0.000100127 -0.00729878 -0.00044537 0.000627921
internal_weight=387573 146402 241171 122593 215345 211784 185630 168994 159834 128763 97857.2 1702.49 23808.7 120891 38439.9 28501.9 27184.5 9937.98 9807.26 9532.35 7247.31 2285.04 6392.78 31070.8 26720.6 21039.4 89130.7 854.523 6058.45 25949.3
internal_count=1311412 493054 818358 415568 731639 718126 627807 575630 545802 443120 341312 5003 77486 410565 132020 83810 81664 48210 47934 47078 18350 28728 16677 102682 80183 68479 311106 1673 15729 84683
is_linear=0
shrinkage=0.05


Tree=96
num_leaves=31
num_cat=2
split_feature=4 9 10 8 7 8 0 0 10 8 7 8 8 10 5 7 7 7 8 17 7 2 7 7 7 7 7 7 2 10
split_gain=7.00498 6.26799 6.17842 5.04592 5.80421 4.8154 4.34181 3.97407 4.11183 4.07995 7.02307 6.69527 5.04636 4.77904 3.96644 3.58579 3.55258 3.37359 3.58961 3.23035 3.14927 2.99301 2.91177 3.74796 4.49037 3.82051 2.87675 2.78508 2.65268 2.56378
threshold=3.5000000000000004 3.860674306308975 7.846586089027463 1.2424533248940002 1.0000000180025095e-35 7.0496886807624488 58.500000000000007 28.500000000000004 8.2691911923319328 3.3842466058243152 4.3630783395783075 1.0000000180025095e-35 1.4978661367769956 6.3297016685451188 0.12940952255126045 4.3882378946731615 3.0201273556387074 4.5053345884235583 2.524928003624769 0.64954346602561752 5.8847132099692177 0 3.0201273556387074 1.0397207708399181 2.3502401828962087 2.524928003624769 5.3589392201907193 10.481293953298048 1 8.2503539996157595
decision_type=2 2 2 2 2 2 2 2 2 2 2 2 2 2 2 2 2 2 2 2 2 1 2 2 2 2 2 2 1 2
left_child=1 7 3 4 -2 28 -6 -1 9 10 11 13 -12 14 19 -8 -13 -5 -19 -9 -11 -20 23 -15 -25 -26 -14 -22 -4 -30
right_child=2 -3 5 17 6 -7 15 8 -10 20 12 16 26 22 -16 -17 -18 18 21 -21 27 -23 -24 24 25 -27 -28 -29 29 -31
leaf_value=-0.0016258487868676787 -0.0026248291042710787 -0.0032325281291920751 0.011565650426641283 -0.0017634998412295482 0.00017098025936423955 -0.0038441351571660287 0.0027669038431006377 -0.0026196565588443967 0.0046621216006078299 0.00012681815010579523 0.0047381948294301646 -0.0022502751316828941 -0.00024225944964857625 0.0065621070538118944 0.00046905351105418425 0.018445221294763271 -0.00083534717427583569 0.0033390549615188087 -0.0024423972016431486 -0.0005648409065804272 -0.0014641270172429111 -0.00014136510851510688 0.0067657895956960042 -0.0033936294718112437 0.009453696657221667 -0.0018307599947336496 0.0016505307303172985 -0.012363427556414661 0.0011080296980643389 0.01308962143971746
leaf_weight=11347.903134282678 2141.6670833714306 8367.8882510624826 8894.3535643480718 20939.817540220916 25035.086160965264 2884.9462930560112 23067.814287446439 4383.5698533654213 5983.0373171791434 16018.548351492733 8205.4203062020242 4905.8001604527235 20622.679507974535 3841.8146019428968 25509.96403061226 1433.808531306684 39344.599010929465 6952.0421140380204 3645.690489038825 31443.337977208197 46683.571745015681 29972.844844292849 4756.5372574552894 3171.7864136472344 2422.4850080907345 2497.4065877385437 14248.957860235125 163.85015828162432 7377.393737565726 1308.4998365864158
leaf_count=38967 8265 29045 28528 70163 82897 9654 75022 5478 16553 55117 28884 16005 70289 12016 83291 5019 129942 24846 13302 113249 166796 108010 15718 9898 7543 7948 50057 732 24504 3674
internal_value=-0.000109741 -0.000263961 0.000183249 3.86971e-05 0.000402913 0.000982737 0.000513092 -0.000218102 -0.000173825 -0.000207747 -7.73939e-05 -0.000270802 0.00047161 7.82098e-06 -0.000196299 0.000986264 -0.0007621 -0.000267301 -1.2759e-06 -0.00053558 -0.000550609 -0.000215148 0.000757975 0.000341028 -0.000269538 0.000676189 0.000209098 -0.000757545 0.00129343 0.000669248
internal_weight=387573 253919 133654 113189 51678.4 20465.2 49536.7 245551 234203 228220 165354 122277 43077.1 78026.9 61336.9 24501.6 44250.4 61510.4 40570.6 35826.9 62866 33618.5 16690 11933.5 8091.68 4919.89 34871.6 46847.4 17580.2 8685.89
internal_count=1311412 857528 453884 387524 171203 66360 162938 828483 789516 772963 550318 401088 149230 255141 202018 80041 145947 216321 146158 118727 222645 121312 53123 37405 25389 15491 120346 167528 56706 28178
cat_boundaries=0 1 2
cat_threshold=4 3
is_linear=0
shrinkage=0.05


Tree=97
num_leaves=31
num_cat=0
split_feature=6 16 17 16 16 4 17 16 4 16 16 16 16 16 1 10 6 16 16 16 16 7 16 10 1 7 7 17 7 16
split_gain=6.83882 5.91828 6.57634 7.36992 10.4079 18.2724 7.73486 7.43819 6.43893 6.03356 5.73011 9.33767 5.02448 4.95676 4.87306 4.45672 4.26517 4.14344 9.66817 5.47241 4.18652 3.84238 3.81905 3.64743 3.54705 5.27452 3.884 3.5334 3.35757 3.22249
threshold=-0.9159756150367534 0.72811069527815941 0.66847687381717125 0.82340483352627902 0.82626392889630418 2.5000000000000004 0.81311413657290077 0.97182285662211954 1.5000000000000002 0.83100810020223159 0.81496621376278278 0.81759950385457481 0.82005847370157603 0.82291002297139948 540.50000000000011 6.7390887783039695 0.91597561503675351 0.79001139522371822 0.77084640888616696 0.80943535476948147 0.76654570564470936 10.481293953298048 0.81104456713643081 8.3679307178720688 1162.5000000000002 1.0397207708399181 1.0000000180025095e-35 0.79636352704288205 1.0000000180025095e-35 0.80417266174550694
decision_type=2 2 2 2 2 2 2 2 2 2 2 2 2 2 2 2 2 2 2 2 2 2 2 2 2 2 2 2 2 2
left_child=-1 24 21 6 5 -5 8 9 10 -6 17 15 -13 -14 29 -12 28 18 20 27 -4 23 -21 -3 25 -2 -26 -19 -16 -10
right_child=1 2 3 4 7 -7 -8 -9 14 -11 11 12 13 -15 16 -17 -18 19 -20 22 -22 -23 -24 -25 26 -27 -28 -29 -30 -31
leaf_value=-0.0010802903875427594 0.020000490190940856 -0.00069884787935203081 0.0024195603494647309 -0.0027300109609561109 0.0027874125092689165 0.0024457447533684229 -0.0025493171229906244 0.036030213033896245 -0.0021807880438937861 -0.00043489305555159121 -0.0016992769772667096 0.01001918030962367 -0.0021708440192774654 0.055165432056851343 -0.0030060119411956633 -0.0065938950676902508 0.0088550759523163113 0.014886236230680748 -0.0032377162592961278 -0.0030501487985618776 0.023998003172385606 -0.010512882391955459 0.0024053551667831186 0.0093613877269395351 -0.043950688147838507 -0.0015988925815133559 0.0099533320128262891 0.00017882230832495517 0.0025090828813249758 0.0017117099949085031
leaf_weight=63922.694685801864 1771.548246845603 112048.61569282413 2310.8594640381634 3583.4451574608684 5887.1609954684973 2567.3259135037661 9357.5674260519445 700.95873899012804 10754.990165919065 61012.180276215076 956.78222167491913 354.86047838628292 954.80095862597227 46.212968811392784 1228.9166105017066 471.4057542681694 6067.0093779563904 1131.5738772302866 2975.2483103945851 768.0199202299118 202.21405059099197 629.06625640392303 647.14036298543215 1271.8459202647209 123.37835963070393 11434.787297919393 11968.541156537831 562.10944007337093 68303.292691219598 3558.5692385807633
leaf_count=214052 4395 144190 14618 13178 24217 10420 140369 3077 47916 257773 3024 1891 3775 123 5578 1540 27925 3344 11363 1921 629 815 2368 1620 354 28972 30016 3808 294257 13884
internal_value=-0.000105812 -1.24705e-05 -7.47307e-05 0.000109801 -0.000277379 -0.00224652 0.000367862 -9.82117e-05 0.000494922 -0.000151898 -0.000625551 -0.00259704 0.000374846 -0.00143739 0.000636752 -0.00541846 0.00079692 1.28875e-05 -0.000813251 0.00147134 0.00147015 -0.000373355 -0.000823607 -0.000351722 0.000721788 0.000155269 0.00134052 0.00338889 0.000685983 -0.000209198
internal_weight=387573 323650 298352 184403 73751.1 6150.77 110652 67600.3 101294 66899.3 11381.2 2784.06 1355.87 1001.01 89912.8 1428.19 75599.2 8597.17 5488.32 3108.84 2513.07 113950 1415.16 113320 25298.3 13206.3 12091.9 1693.68 69532.2 14313.6
internal_count=1311412 1097360 1033623 886998 308665 23598 578333 285067 437964 281990 48404 10353 5789 3898 389560 4564 327760 38051 26610 11441 15247 146625 4289 145810 63737 33367 30370 7152 299835 61800
is_linear=0
shrinkage=0.05


Tree=98
num_leaves=31
num_cat=0
split_feature=1 16 17 16 16 16 16 4 4 16 16 16 8 5 4 16 16 4 16 16 16 16 16 16 16 10 16 16 5 16
split_gain=6.5579 6.05803 6.32276 8.74089 9.43484 8.2314 8.59942 15.6272 8.10321 7.44828 5.28471 5.38701 5.08323 4.92004 4.37118 4.0899 3.85685 5.01841 3.83336 4.48183 7.23235 6.19126 6.04412 4.98891 5.24397 4.89439 4.26303 4.02432 3.83203 3.81351
threshold=326.50000000000006 0.69590327897418025 0.66847687381717125 0.76640384685231278 0.76654570564470936 0.82340483352627902 0.82626392889630418 2.5000000000000004 1.5000000000000002 0.77084640888616696 0.83100810020223159 0.9461910594647257 7.4958196445301075 1.0000000180025095e-35 1.5000000000000002 0.77142618591489243 0.82581605217958109 1.5000000000000002 0.82291002297139948 0.81496621376278278 0.81759950385457481 0.82005847370157603 0.79001139522371822 0.81055355588102429 0.81104456713643081 6.7769113658813378 0.77544768026853006 0.77597062848964138 -0.25881904510252113 0.78226511065443993
decision_type=2 2 2 2 2 2 2 2 2 2 2 2 2 2 2 2 2 2 2 2 2 2 2 2 2 2 2 2 2 2
left_child=12 -2 -3 13 14 8 7 16 9 -6 -8 -12 -1 -4 -5 -11 -7 -18 19 22 25 -22 26 -24 -25 -21 -17 -28 -10 -29
right_child=1 2 3 4 5 6 10 -9 28 15 11 -13 -14 -15 -16 18 17 -19 -20 20 21 -23 23 24 -26 -27 27 29 -30 -31
leaf_value=-0.001513575796252631 0.0085504647496543081 -0.00066543048144513675 0.0099691798246419171 0.0016089997902052026 0.021795789079437512 -0.0018991789551445525 0.0024313304400288369 0.0018255358653198495 0.0030206372104780834 -0.00536987743250143 -0.00047126618462772774 0.017006501472340597 -0.010436923617504819 0.00098374072686795437 -0.0046230186943109434 0.010645442132359746 0.072517189168530616 -0.0070195994926360999 0.053043360013907186 -0.0013303519009148154 0.0094022570885520882 -0.0019659561879524917 0.0067641093311401976 -0.0034010716733903659 0.0020260371635414955 -0.0063663175125061302 -0.0061986170227794485 0.0020416722309791859 0.00069903191353610237 -0.0030957742465136831
leaf_weight=25451.451946467161 11589.641855247319 136409.58178667724 16654.551784597337 1574.2530632615089 217.46690090000629 3324.7667379975319 6628.2621965333819 2950.622968710959 34105.168101474643 342.97177858650684 67339.305728144944 1358.4199858680367 299.6880277171731 15006.30272719264 12418.570237208158 271.61023450642824 25.99020329862833 552.04548440128565 47.644585072994232 1062.4054657295346 396.04595351964235 1041.103117980063 1999.5628844425082 651.40162125974894 724.39820481836796 506.10552041232586 207.13613651692867 607.77197804301977 41985.685285590589 1823.1895132288337
leaf_count=84407 31093 175468 64614 24683 669 12674 27255 11955 136956 748 283788 6050 1070 56318 193055 1110 172 1585 127 3370 2133 4129 8529 1378 2644 1663 743 2466 162987 7573
internal_value=-0.000101275 -4.6406e-05 -8.36233e-05 8.60606e-05 -4.72158e-05 5.6582e-05 -0.000301247 -0.00199692 0.000398555 -0.000947151 -0.000146969 -0.000277057 -0.000872223 0.000852871 -0.00129468 -0.00115271 -0.00407291 -0.00784256 -0.000955761 -0.00102831 -0.00261633 -5.4017e-05 -0.000268875 0.00117074 -0.00114667 -0.00496406 -0.00193888 -0.00255297 0.000573621 -0.00198292
internal_weight=387573 361822 350232 213823 182162 168169 82179.4 6853.43 85989.7 9898.81 75326 68697.7 25751.1 31660.9 13992.8 9681.35 3902.8 578.036 9338.38 9290.73 3005.66 1437.15 6285.07 3375.36 1375.8 1568.51 2909.71 2638.1 76090.9 2430.96
internal_count=1311412 1225935 1194842 1019374 898442 680704 343479 26386 337225 37282 317093 289838 85477 120932 217738 36613 14431 1757 35865 35738 11295 6262 24443 12551 4022 5033 11892 10782 299943 10039
is_linear=0
shrinkage=0.05


Tree=99
num_leaves=31
num_cat=1
split_feature=4 16 9 16 16 4 16 16 16 16 2 3 7 16 16 7 7 7 8 7 16 16 16 4 16 16 8 7 8 8
split_gain=6.02647 12.0983 5.92168 5.06117 4.85922 4.27449 18.3886 7.17319 7.50609 6.61498 5.38203 6.27776 6.05027 4.53858 6.57475 4.30104 6.52773 9.54707 7.77682 8.17951 7.36643 6.59884 5.7426 5.25358 5.83558 5.11702 4.66464 6.34213 4.51696 4.05239
threshold=4.5000000000000009 0.84575235855813069 3.860674306308975 0.91167763378283551 0.69590327897418025 1.5000000000000002 0.83744152111093351 0.90374560103526036 0.90056769624314192 0.80530725634941192 0 1.0000000180025095e-35 1.0000000180025095e-35 0.79940033165848312 0.80117091351823222 1.0000000180025095e-35 1.0397207708399181 2.3502401828962087 1.0000000180025095e-35 3.7012257604091228 0.76654570564470936 0.87093098878569231 0.83375273960117646 2.5000000000000004 0.88926421891343954 0.87260122516658101 2.1383330595080281 4.3630783395783075 1.7005986908310777 0.89587973461402759
decision_type=2 2 2 2 2 2 2 2 2 2 1 2 2 2 2 2 2 2 2 2 2 2 2 2 2 2 2 2 2 2
left_child=2 -2 3 4 -1 6 9 8 -8 13 -11 -12 -13 -6 -15 -7 28 20 22 -20 -18 26 -19 24 -23 -25 27 -21 -17 -14
right_child=1 -3 -4 -5 5 15 7 -9 -10 10 11 12 29 14 -16 16 17 18 19 21 -22 23 -24 25 -26 -27 -28 -29 -30 -31
leaf_value=0.0068418701209845617 0.0026773819537970647 -0.0018642996003684327 -0.0029504292414652359 0.0053236624977879071 -0.0010704671232436487 -0.001616077219471139 0.0042850025882253534 -0.0088111841470174933 0.032629708596623473 -0.0077774442004330483 -0.012780700635251991 0.0021802916252691013 -0.0014240908057710777 0.055989464655782695 0.0027099988713880948 0.0020539264373576117 -0.010984699033373858 0.0029330744232272891 -0.0016034134963691092 -0.00030327915930558337 -0.0011628608971258614 -0.0010188310390878391 -0.00063097585347370315 -0.0041189104261652289 0.008114589183323407 -0.0015714285491461755 -0.00033391922451809776 0.0033050283212199606 -0.0080311867271635178 -0.00034311956516545341
leaf_weight=10222.798289477825 50025.284711491317 8438.6012162789702 10789.604022108018 6445.7835215255618 16105.579209171236 4674.4910384602845 6417.2340572029352 663.8248198106885 186.48377177864313 1816.4081807136536 1971.0464127659798 326.98900845646858 5206.4324402436614 197.9354854375124 692.66753407567739 23817.331646684557 3464.1072268150747 30178.899894922972 27257.115841120481 14727.540095601231 13235.694352090359 2946.8409313336015 11640.256681129336 1010.8371819928288 1406.2203367948532 6452.4485754445195 105659.93363951519 14172.719641517848 165.43447700887918 7256.5777744352818
leaf_count=27326 170633 27835 37467 22407 65060 17312 20051 2070 598 5381 5757 1012 14702 541 1736 76198 15967 102540 89918 49328 38356 9339 36663 2858 4855 22921 370298 50044 539 21700
internal_value=-0.000101374 0.000366416 -0.000184474 -0.000145426 -0.000174089 -0.000210421 -0.000686055 0.00159429 0.00209233 -0.00117967 -0.00189032 -0.0015706 -0.00116687 -0.000486536 0.00298803 -0.00013594 -0.00010851 -0.00018964 -0.000100371 -0.000247794 -0.00134134 -9.9706e-05 0.000511732 -0.00123259 0.000147872 -0.00203776 -2.224e-07 0.00056267 0.000676823 -0.00134302
internal_weight=387573 58463.9 329109 318320 311874 301651 40841.2 7267.54 6603.72 33573.6 16577.5 14761 12790 16996.2 890.603 260810 256135 232153 215453 173634 16699.8 146377 41819.2 11816.3 4353.06 7463.29 134560 28900.3 23982.8 12463
internal_count=1311412 198468 1112944 1075477 1053070 1025744 138608 22719 20649 115889 48552 43171 37414 67337 2277 887136 869824 793087 738764 599561 54323 509643 139203 39973 14194 25779 469670 99372 76737 36402
cat_boundaries=0 1
cat_threshold=2
is_linear=0
shrinkage=0.05


Tree=100
num_leaves=31
num_cat=0
split_feature=16 1 8 1 10 10 16 16 8 16 12 16 8 18 16 16 10 10 10 6 16 3 1 17 16 1 8 0 10 16
split_gain=6.86834 6.27215 5.94114 8.21797 7.75416 5.81772 5.48635 5.4622 5.18095 4.98931 4.33868 3.93207 4.65565 4.43571 7.15967 4.9336 4.59934 4.10303 3.7036 4.67111 4.53543 3.57879 5.91913 3.70076 3.50246 3.36348 3.07139 3.0496 3.02385 2.87283
threshold=0.6500768209777964 9491.5000000000018 1.0000000180025095e-35 317.50000000000006 7.3777448829540324 8.2691911923319328 0.87606775566422657 0.82340483352627902 8.336749862461053 0.82626392889630418 1.0000000180025095e-35 0.8624299788615909 3.0677824455408698 1.0458333333333336 0.80570143096500557 0.80217785889642024 7.6630053345060398 7.9073712234103679 5.1007818250360604 0.60355339059327384 0.76654570564470936 1.0000000180025095e-35 1001.5000000000001 0.66507504340750978 0.76654570564470936 3011.5000000000005 7.6071329784297115 52.500000000000007 7.5525120388659799 0.76640384685231278
decision_type=2 2 2 2 2 2 2 2 2 2 2 2 2 2 2 2 2 2 2 2 2 2 2 2 2 2 2 2 2 2
left_child=-1 2 4 26 6 8 7 10 11 -9 21 13 -13 18 15 16 -15 -14 20 29 -5 22 -2 -23 -12 -22 -4 -19 -3 -20
right_child=1 28 3 5 -6 -7 -8 9 -10 -11 24 12 17 14 -16 -17 -18 27 19 -21 25 23 -24 -25 -26 -27 -28 -29 -30 -31
leaf_value=0.014242732048579799 0.0026978365303448218 0.0039427222606886973 -0.0022927667788308626 -0.0044182659772218401 0.0064834092161160373 0.0038143371120588107 0.0024384042303315645 -0.0020728415468649732 -0.0085769399425152937 -0.0005512786925014043 -0.0070695610010274275 -0.00025611073198720109 -0.0019797294679133825 -0.003903576665753325 0.00024081750074024801 -0.0039111007654413447 0.00029938932580423353 -0.0038770672931051271 0.0028539485259387654 0.0022762770393532417 2.3427139265011501e-05 -0.0010728310076689952 0.024516735106809729 0.00099371682840695974 -0.00043394199100212777 -0.0041337671249493729 -0.010797217399839885 0.0037631190076080514 0.025587775113939226 -0.00042297275879888964
leaf_weight=4506.8400551974773 13543.372414391488 4199.214326646179 11942.251453500241 6084.8160041533411 10842.511317644268 10020.030174452811 8495.9001292139292 3595.0067753568292 1220.5556680820882 28027.953033357859 1381.6646868437529 14644.325457416475 10113.218581862748 20620.937505934387 18066.21212464571 2372.3759794831276 8978.6675969846547 1459.5690781474113 22196.721311755478 22477.150560952723 19083.402091361582 20906.899031400681 1681.699339851737 32720.946077756584 2814.17389639467 3218.1184562593699 211.98225782439113 2116.7801838517189 1285.165629722178 78720.38774234429
leaf_count=13223 44289 14477 40998 43328 33931 28181 28889 10400 4500 87138 7928 48138 35350 24614 21001 2747 10684 4924 71041 97277 68697 25909 5497 155240 8462 11815 778 7091 4103 349793
internal_value=-0.000105683 -0.000128515 -0.0001529 -0.000291612 0.000130705 -0.000227738 8.32427e-06 -9.08595e-05 -0.000278819 -0.000639824 0.000146788 -0.000261589 -0.000813158 -0.000184153 -0.000592404 -0.00104199 -0.000866153 -0.00147606 -4.95624e-05 6.89001e-05 -0.000564514 0.000241913 0.000918451 4.98419e-05 -0.00141418 -0.000234387 -0.0015602 -2.04228e-05 0.00155022 -7.62846e-05
internal_weight=387549 383042 377558 253548 124010 241393 113168 104672 231373 31623 73048.8 230153 28333.9 201819 50038.2 31972 29599.6 13689.6 151781 123394 28386.3 68852.9 15225.1 53627.8 4195.84 22301.5 12154.2 3576.35 5484.38 100917
internal_count=1310443 1297220 1278640 870957 407683 829181 373752 344863 801000 97538 247325 796500 95503 700997 59046 38045 35298 47365 641951 518111 123840 230935 49786 181149 16390 80512 41776 12015 18580 420834
is_linear=0
shrinkage=0.05


Tree=101
num_leaves=31
num_cat=0
split_feature=4 16 16 16 18 10 8 1 10 7 7 7 10 3 7 10 16 5 5 8 7 7 7 7 16 18 5 1 8 1
split_gain=6.41933 19.7897 18.8453 10.1194 6.91358 6.84523 6.64927 7.69076 6.58441 5.20782 4.80838 4.54414 8.52633 4.32991 4.32088 4.32838 4.31759 5.31486 4.29147 4.04891 3.66763 10.2745 4.76805 6.68077 3.89263 3.63445 3.68384 3.69608 3.48296 3.42054
threshold=2.5000000000000004 0.85570644998864431 0.86308177560703947 0.85472328363330063 1.0125000000000002 6.2098202892798655 1.0000000180025095e-35 475.50000000000006 7.2696029113363272 3.7012257604091228 3.4175922930736511 1.0000000180025095e-35 0.47873179439478714 1.0000000180025095e-35 7.6031499009727135 8.1894716571980375 0.74819628440837505 0.25881904510252091 0.37940952255126054 2.9700856263602158 1.0397207708399181 2.1383330595080281 2.524928003624769 3.0201273556387074 0.7355916861827595 1.0208333333333335 1.0000000180025095e-35 4022.5000000000005 0.89587973461402759 157.50000000000003
decision_type=2 2 2 2 2 2 2 2 2 2 2 2 2 2 2 2 2 2 2 2 2 2 2 2 2 2 2 2 2 2
left_child=1 3 5 14 8 11 9 -8 13 -7 -9 -2 20 -5 15 29 17 -12 -3 -4 24 -22 -23 -24 -13 26 27 -18 -25 -1
right_child=2 18 19 4 -6 6 7 10 -10 -11 16 12 -14 -15 -16 -17 25 -19 -20 -21 21 22 23 28 -26 -27 -28 -29 -30 -31
leaf_value=-0.0066214679854807341 -0.0024346117929061927 0.00091323580372194575 -0.00088327593064964913 -0.019484160043133882 0.0057258110947507428 0.0039407641361254523 -0.0027413942726175647 -0.0034026097474230466 -0.0078042681140373165 0.018381989959400862 0.014266598889265647 0.030453083981870299 -0.00069927963619247915 -0.00121910867793896 -0.0027802578505415594 0.0072723695237109261 0.0027099736080674788 0.00084787574140732236 0.0042161968155502326 -0.0022259099096188896 -0.0039247108489527229 0.010582084108899409 -0.0036829049984089205 0.0081016253925155057 0.0045776298820673746 -0.00066754464768823416 0.00030341698138410396 0.015783878143608609 -0.00034973793623696852 -0.0006791649332381994
leaf_weight=1303.268051110208 3551.6018344126642 16173.642566546798 16829.475624836981 111.27206423133612 172.07682706415653 15282.98427849263 8924.7544569931924 4387.7548714019358 432.95846628397703 3027.9808299392462 10162.228840082884 985.0207435041666 71137.98285099864 970.52994692325592 13629.856094907969 2242.2231789752841 24859.678890634328 6013.6611873582006 7602.3129870817065 9013.3421118408442 3038.4428719803691 3520.4683063477278 2447.5380049236119 3453.6125024110079 6735.2323351763189 19065.101075127721 23280.947541154921 2973.4925584793091 2402.8905191235244 103816.51652444527
leaf_count=4279 13508 52856 55706 338 243 47861 30396 13765 1373 10282 25449 2352 245270 2996 47951 6098 113593 15025 24679 31068 10155 11539 8248 12256 22229 23203 102646 13494 9191 352394
internal_value=-0.000100863 -0.000361955 5.77393e-05 -0.000617827 -0.00446379 0.00021091 0.000466937 0.000306045 -0.00554267 0.00134268 0.000443788 -9.96154e-05 -3.30892e-05 -0.00345719 -0.000564208 -0.000457745 0.000525831 0.00126224 0.000958289 -0.00121806 0.000813339 0.000354106 0.0010205 0.000366762 0.00169745 0.000356093 0.000575846 0.000964058 0.00128358 -0.000504111
internal_weight=387549 146455 241094 122679 1686.84 215251 117979 99667.6 1514.76 18311 90742.9 97272.8 93721.2 1081.8 120992 107362 86355.1 16175.9 23776 25842.8 22583.2 14863 11824.5 8304.04 7720.25 70179.2 51114.1 27833.2 5856.5 105120
internal_count=1310443 493207 817236 415672 4950 730462 395714 337571 4707 58143 307175 334748 321240 3334 410722 362771 293410 40474 77535 86774 75970 51389 41234 29695 24581 252936 229733 127087 21447 356673
is_linear=0
shrinkage=0.05


Tree=102
num_leaves=31
num_cat=0
split_feature=16 4 16 16 16 17 17 6 18 5 8 4 4 16 16 7 1 16 8 17 16 8 1 1 16 16 16 16 17 5
split_gain=6.09067 5.92811 18.4345 16.4875 9.56426 7.73567 6.56224 6.69782 5.53454 4.99728 4.22112 4.10592 4.10488 6.36383 4.94524 4.03513 3.91036 3.83801 3.72958 3.665 4.03266 3.48543 3.45571 4.20534 3.79422 4.73197 4.08277 3.43617 3.26072 3.13697
threshold=0.6500768209777964 2.5000000000000004 0.85570644998864431 0.86308177560703947 0.85472328363330063 0.66764792291798603 0.81296175576548546 0.60355339059327384 1.0125000000000002 -0.25881904510252113 1.7005986908310777 1.5000000000000002 1.5000000000000002 0.87970026051821659 0.88082740402785908 6.6814816381200126 1052.5000000000002 0.77026250544891328 2.9700856263602158 0.6657714024266651 0.88321570753224454 2.0126758453675748 1717.5000000000002 246.50000000000003 0.80530725634941192 0.82537325419067853 0.79998426569637526 0.77142618591489243 0.79938541510669692 -1.0000000180025095e-35
decision_type=2 2 2 2 2 2 2 2 2 2 2 2 2 2 2 2 2 2 2 2 2 2 2 2 2 2 2 2 2 2
left_child=-1 2 4 5 11 16 7 9 -6 -7 12 15 14 -14 -4 22 -3 -17 29 20 -15 -10 23 -2 26 -26 -24 -19 -20 -5
right_child=1 3 10 18 8 6 -8 -9 21 -11 -12 -13 13 19 -16 17 -18 27 28 -21 -22 -23 24 -25 25 -27 -28 -29 -30 -31
leaf_value=0.013317026535605559 -0.0029997444008678896 -0.0013469126783711622 0.022290118938717352 -0.0013912294774331771 -0.0028907534434280571 0.002202542623110332 -0.0031034553220335745 0.0049269145848198749 -0.00063551303506758088 7.3984761344061961e-05 0.00043009199202116575 -0.00069664497733871458 -0.00058090687764691257 0.024146957321015301 0.0062184942007181832 -0.00044809529265417148 0.00026359943411248808 -0.011999250225791243 -0.0024124753699764356 0.002914469423947269 0.011416631960899155 0.014976847754607503 -0.0018622028778239653 -0.00024797835067802697 -0.0052439527285958526 -0.00043534848261460595 0.028645035603989479 -0.0027425471483419951 0.00046243692441060307 3.0652603983577501e-06
leaf_weight=4506.8400551974773 1867.3424020521343 33180.281247280538 1203.9571298882365 8940.7674928605556 1514.7604774385691 43135.990938942879 7754.0700064338744 21423.91348606348 92.062325462698936 56432.900773134083 12060.003624252975 81264.287151090801 3738.448911651969 217.39317685365677 3128.9165329635143 1921.4534686282277 50711.585701964796 142.11221921443939 7828.9133435040712 2602.3109356537461 824.92524236440659 80.014501601457596 3059.1319949664176 22392.460441336036 2151.3656439781189 1007.133310675621 112.64319702237844 5179.7263099998236 1184.4287683367729 7888.7081319764256
leaf_count=13223 6278 42364 3390 29739 4707 182596 112831 92382 134 227715 40149 275112 12299 276 9520 9953 64716 251 20469 10852 1049 109 11746 76489 5957 3709 332 15530 10599 25967
internal_value=-0.000102819 -0.000124319 -0.000376963 2.88254e-05 -0.000627472 0.000173759 0.000417198 0.000507565 -0.00436604 0.000335003 0.000895653 -0.000574521 0.00157158 0.00085461 0.00279327 -0.00100479 -0.000199841 -0.00206595 -0.00116371 0.00234133 0.00484663 0.00413134 -0.000753517 -0.00048205 -0.00179387 -0.00302055 -0.000572326 -0.00275753 -0.00198448 -0.000724131
internal_weight=387549 383042 144560 238482 120784 212639 128747 120993 1686.84 99568.9 23776 119098 11716 7383.08 4332.87 37833.4 83891.9 7243.29 25842.8 3644.63 1042.32 172.077 30590.1 24259.8 6330.27 3158.5 3171.78 5321.84 9013.34 16829.5
internal_count=1310443 1297220 487842 809378 410307 722604 615524 502693 4950 410311 77535 405357 37386 24476 12910 130245 107080 25734 86774 12177 1325 243 104511 82767 21744 9666 12078 15781 31068 55706
is_linear=0
shrinkage=0.05


Tree=103
num_leaves=31
num_cat=1
split_feature=16 0 6 8 16 4 16 4 16 16 16 16 16 16 18 18 6 16 16 3 16 16 16 16 4 16 16 16 16 2
split_gain=5.82993 5.68949 4.15672 4.14754 4.12912 3.8369 3.21888 3.02977 11.4035 4.8906 4.89036 8.8364 4.34882 6.34867 4.94661 4.82223 4.50644 4.24843 4.05005 3.98889 3.90492 4.54072 6.30382 7.90414 3.83725 3.45132 4.60412 3.34737 3.36132 3.33997
threshold=0.6500768209777964 76.500000000000014 -0.9159756150367534 8.336749862461053 0.97182285662211954 4.5000000000000009 0.86985364382818464 1.5000000000000002 0.83744152111093351 0.93504912530908568 0.74201131889676508 0.74468638834487166 0.83426495118380328 0.83596978670169342 1.0458333333333336 0.9208333333333335 0.60355339059327384 0.7434124931127456 0.76654570564470936 1.0000000180025095e-35 0.83561204850757254 0.83256737835245809 0.83214013540678655 0.82922542429719359 3.5000000000000004 0.80468843791176625 0.80217785889642024 0.84373940648526213 0.84425539163094909 0
decision_type=2 2 2 2 2 2 2 2 2 2 2 2 2 2 2 2 2 2 2 2 2 2 2 2 2 2 2 2 2 1
left_child=-1 2 -2 5 7 -3 -7 8 10 -10 -4 17 14 24 15 18 -17 -12 -9 -11 21 22 23 -13 -14 26 29 -15 -29 -16
right_child=1 3 4 -5 -6 6 -8 12 9 19 11 20 13 27 25 16 -18 -19 -20 -21 -22 -23 -24 -25 -26 -27 -28 28 -30 -31
leaf_value=0.012651175208825284 -0.0010700580929366987 0.00030591959664303119 0.0069555803307941762 -0.011920428883631996 0.027658285599683342 0.005135452562875154 -0.0031389773582054139 -0.0039485615245025366 0.0045297315727287112 0.019429223360867411 -0.0088244603567262155 -0.00095406770322627459 -0.0030284658016689128 0.0006740115087489507 0.002086110140049302 0.00045425759946515212 0.0035294827722666122 -0.019824021594372677 0.0017951924224421602 -0.013976984525655645 -0.0028144851437409803 0.0056506261751005874 -0.0042186184972383646 0.028883640462804422 0.0011377356294377222 0.00064768930053364377 -0.0059217465526544225 -0.0033515739116753737 -0.00051020549750964363 -0.0028331314169730173
leaf_weight=4506.8400551974773 51127.011615045369 61436.519753281027 2291.3827130943537 479.57995133474469 819.54827727377415 13743.64772869274 895.85465074330568 8358.3522899746895 5825.1607842519879 191.89508555829525 163.89608029276133 20208.712916512042 2531.3448138535023 9962.0503762885928 6518.5657830163836 85130.460843544453 23086.584092199802 266.92931010574102 3526.0349113494158 600.26782140880823 928.09646213799715 400.30450604856014 296.22167861461639 233.34898052364588 818.34132628887892 11114.224811792374 1545.0663960576057 994.29918345808983 45997.809169352055 23550.496575497091
leaf_count=13223 171678 205123 5773 1676 2809 45708 2994 119531 18232 591 283 70682 7019 31859 7728 280958 77064 417 37428 1798 3776 2165 1723 814 2638 12917 1789 2735 151245 28067
internal_value=-9.99655e-05 -0.000121001 -0.00021731 0.000264567 -0.000134917 0.000293787 0.00102121 -0.000146326 -0.000606129 0.00123791 -0.00109839 -0.00132252 -8.16081e-05 -0.000444325 5.27236e-05 0.000217101 0.000322094 -0.00841434 -0.000738946 -0.00244811 -0.00118406 -0.00104469 -0.0011465 -0.00104156 -0.00255976 -0.000409309 -0.000675752 -0.000319908 -0.000496398 -0.000538974
internal_weight=387549 383042 306486 76555.6 255359 76076 14639.5 254540 31406.2 6617.32 24788.9 22497.5 223134 60303.8 162830 120101 108217 430.825 11884.4 792.163 22066.7 21138.6 20738.3 20442.1 3349.69 42728.4 31614.1 56954.2 46992.1 30069.1
internal_count=1310443 1297220 1041719 255501 870041 253825 48702 867232 106254 20621 85633 79860 760978 195496 565482 514981 358022 700 156959 2389 79160 75384 73219 71496 9657 50501 37584 185839 153980 35795
cat_boundaries=0 1
cat_threshold=2
is_linear=0
shrinkage=0.05


Tree=104
num_leaves=31
num_cat=2
split_feature=8 10 10 8 16 16 16 16 12 16 16 18 16 16 10 16 10 8 10 5 2 10 10 10 10 16 2 3 6 5
split_gain=5.22863 7.66961 5.2925 5.83056 4.37965 4.78019 4.73889 4.68457 3.64433 3.41655 3.33192 3.27882 5.18721 5.18985 5.89163 4.27496 3.38756 3.50498 3.35191 5.1734 3.23832 3.16903 6.66207 4.43618 3.07102 5.28915 4.12298 4.91537 3.9319 4.41299
threshold=1.0000000180025095e-35 7.3777448829540324 8.2691911923319328 7.9611958338014412 0.69056601514900129 0.87606775566422657 0.82340483352627902 0.82626392889630418 1.0000000180025095e-35 0.67530393782091591 0.76483445552001961 1.0458333333333336 0.80570143096500557 0.80217785889642024 7.6630053345060398 0.87093098878569231 8.0757038079184476 3.3842466058243152 6.9299907804842293 -0.25881904510252113 0 0.65675555764692939 4.6977331199400609 0.012050400015810229 5.2487550259060098 0.80217785889642024 1 1.0000000180025095e-35 0.60355339059327384 -0.5
decision_type=2 2 2 2 2 2 2 2 2 2 2 2 2 2 2 2 2 2 2 2 1 2 2 2 2 2 1 2 2 2
left_child=1 4 3 11 -1 6 8 -8 21 -3 -10 15 13 14 -13 24 17 -17 -14 -20 -16 23 -23 -6 25 -2 27 -27 29 -26
right_child=2 9 -4 -5 5 -7 7 -9 10 -11 -12 12 18 -15 20 16 -18 -19 19 -21 -22 22 -24 -25 28 26 -28 -29 -30 -31
leaf_value=0.01415273861400328 -0.0026933410688143311 0.044259882612989881 0.0035276011931298979 -0.0068709587713181143 0.00017201728012175566 0.0022998480684732481 -0.0019401616491244618 -0.00050446806462714629 -0.011603192928097633 0.0057217579957048849 -0.00050657306403366321 -0.003734163792752754 0.00051205763447938755 -0.0035821725907779853 0.0080843767116009387 -0.00063824505277085557 0.0045572556341754332 -0.0023820402329180674 -0.0028368421922888853 0.00069473851483444491 -0.002736745465663415 -0.001735257106133209 0.0014044907515812723 0.0048373382555298057 0.0008049314867615287 -0.0054780891314735077 -0.0012145325468960856 0.00075198581559788875 0.0019277754595534492 -0.00071753137142789027
leaf_weight=3191.0335765331984 15730.704143676907 359.52426157146692 10827.930679060519 2539.5878060609102 13183.539185702801 8540.9445448666811 3638.6980794370174 28309.205471508205 947.83058534562588 10856.444145727903 3242.2004406601191 22630.478839330375 13239.6316883564 2505.5912153720856 4179.177318200469 10330.587897360325 1524.2227490991354 6669.9602552950382 5616.9894773364067 5830.8903331756592 5638.0610140748322 16568.833936605603 28308.7833571136 10181.329217735678 40203.194637324661 1526.9593106210232 7854.7563301324844 9505.6296722590923 24318.360881924629 69547.767891321331
leaf_count=8547 80818 941 30397 9451 44997 29050 10520 88105 2544 34079 13869 26994 15408 2904 4973 39627 5734 26527 6533 6779 6697 56706 93525 35196 170298 5643 29176 34775 104598 285032
internal_value=-9.75557e-05 0.000164992 -0.000226023 -0.000273008 4.43852e-05 -7.236e-06 -0.000100293 -0.000607569 0.000123452 0.00141357 -0.00130785 -0.000248487 -0.00057134 -0.000963226 -0.000793922 -0.000145634 -0.000866632 -0.00106909 -1.64961e-05 -0.000643042 0.000229012 0.000211333 -3.45186e-05 0.000683547 -6.64562e-05 -0.000486296 7.77316e-05 0.000700767 4.19506e-05 -8.55081e-05
internal_weight=387549 127328 260220 249393 116112 112921 104380 31947.9 72432.5 11216 4190.03 246853 59640.8 34953.3 32447.7 187212 18524.8 17000.5 24687.5 11447.9 9817.24 68242.5 44877.6 23364.9 168687 34618 18887.3 11032.6 134069 109751
internal_count=1310443 418079 892364 861967 383059 374512 345462 98625 246837 35020 16413 852516 70288 41568 38664 782228 71888 66154 28720 13312 11670 230424 150231 80193 710340 150412 69594 40418 559928 455330
cat_boundaries=0 1 2
cat_threshold=18 28
is_linear=0
shrinkage=0.05


Tree=105
num_leaves=31
num_cat=0
split_feature=1 8 16 8 16 3 16 1 1 1 16 16 8 0 16 16 1 0 0 1 9 16 3 8 12 17 16 16 1 8
split_gain=7.02672 5.29883 5.31907 4.11302 3.65871 3.32249 4.22039 3.69423 3.31281 3.15927 3.59123 3.59103 2.95969 2.85132 2.80639 2.79522 2.69748 2.38959 2.34635 2.28761 2.2108 2.07571 4.11542 2.25279 1.95651 1.93888 3.21737 5.18299 2.66319 2.29585
threshold=221.50000000000003 1.0000000180025095e-35 0.68333810207629286 8.336749862461053 0.9461910594647257 1.0000000180025095e-35 0.82055312402580527 6360.5000000000009 785.50000000000011 696.50000000000011 0.80468843791176625 0.75141500173185249 3.7494348669884658 37.500000000000007 0.8604331563503772 0.88779654317510448 1546.5000000000002 34.500000000000007 82.500000000000014 5746.5000000000009 4.5591125415341898 0.85011430646827157 1.0000000180025095e-35 3.4498615536424366 1.0000000180025095e-35 0.66536933010598343 0.80570143096500557 0.80217785889642024 3218.5000000000005 7.698255979076877
decision_type=2 2 2 2 2 2 2 2 2 2 2 2 2 2 2 2 2 2 2 2 2 2 2 2 2 2 2 2 2 2
left_child=12 2 -2 9 5 6 8 17 24 10 20 13 15 -11 -9 -1 -8 -7 25 -15 -3 22 -12 -24 -4 26 27 -13 -28 -30
right_child=1 3 4 -5 -6 7 16 14 -10 11 21 18 -14 19 -16 -17 -18 -19 -20 -21 -22 -23 23 -25 -26 -27 28 -29 29 -31
leaf_value=-0.0025175674083181714 0.018680782880642656 -0.002418590721002617 0.0049028867604429044 -0.0068099232673168838 0.02069685257393138 -0.0010157868825041939 -0.00012945817124211391 0.0053085506373969915 0.015894696290135634 -0.0061408137421826159 -0.003655871541853989 -0.0021107622196151091 -0.0069536967020536692 0.0036433148593255416 0.031348786048264299 0.010893944220434 -0.0086425902357135376 7.993979570211224e-05 0.000740502440573293 0.014723571955771987 -0.0095163365960099534 -0.00056059558555789644 0.00091043594774352235 -4.8463267749010443e-05 -0.012761269959378575 -0.00020462033994655959 0.00012901778897050908 -0.00385326955747535 -0.003524075525987025 -0.024579941970436073
leaf_weight=7632.9119610264897 2963.8260008990765 28513.506816659123 10463.739216044545 1742.0898841246963 731.94285367429256 10410.843078810722 6474.2539145350456 3721.4026378914714 3204.5809808969498 3161.7921985462308 4440.4854556396604 19716.898034058511 1503.61559638381 23381.976556122303 210.16476806998253 590.77842992544174 475.0277156457305 83154.102137256414 24996.173602238297 1752.4531102925539 634.81808817386627 11517.825961492956 7451.7864191755652 5691.7737574204803 318.85908344015479 96301.73104865104 20983.065825819969 2381.0641528367996 2997.8521556258202 35.16316694021225
leaf_count=24689 8029 106870 34673 5994 2538 34795 20229 12370 10743 7966 13922 24580 5314 58702 714 1984 1402 274823 88369 4387 2407 38006 22005 17325 1263 453855 26212 2968 3728 44
internal_value=-9.13745e-05 -5.72138e-05 0.000213724 -0.00018662 0.000161684 0.000139904 0.000711394 1.71822e-05 0.00121177 -0.000170011 -0.000493261 -7.37999e-05 -0.00141825 0.00044716 0.00151863 -0.00104532 -0.000295746 -4.59083e-05 -0.000161853 0.000625176 -0.000885541 -0.000100354 0.000241404 0.000686011 0.000792278 -0.000240274 -0.000506878 -0.000942268 -0.000106262 -0.00149116
internal_weight=387557 377829 122129 255700 119165 118433 20936.5 97496.5 13987.2 253958 58250.2 195708 9727.31 28296.2 3931.57 8223.69 6949.28 93564.9 167412 25134.4 29148.3 29101.9 17584 13143.6 10782.6 142416 46114 22098 24016.1 3033.02
internal_count=1310906 1278919 401579 877340 393550 391012 68310 322702 46679 871346 200535 670811 31987 71055 13084 26673 21631 309618 599756 63089 109277 91258 53252 39330 35936 511387 57532 27548 29984 3772
is_linear=0
shrinkage=0.05


Tree=106
num_leaves=31
num_cat=0
split_feature=1 7 10 16 17 5 7 7 7 7 7 16 16 16 7 7 7 16 16 10 16 16 17 0 1 1 3 1 3 1
split_gain=6.62435 6.24494 8.42891 5.15041 5.40486 3.76675 3.48918 10.7807 8.49828 10.6563 8.67426 8.39416 6.34851 6.19489 5.7699 5.43752 5.07034 4.93542 3.98368 4.13464 3.89198 3.7139 3.42323 3.24567 3.1521 3.14674 3.92244 3.13468 3.04786 3.01879
threshold=221.50000000000003 7.8007773629641965 7.8834697857258513 0.78674518472911437 0.65980955961161136 1.0000000180025095e-35 1.0397207708399181 2.3502401828962087 2.524928003624769 3.0201273556387074 3.1132683346437333 0.76654570564470936 0.76654570564470936 0.76147646873488994 3.4175922930736511 1.0000000180025095e-35 3.4811217321331038 0.74058505004740149 0.8624299788615909 4.7959920073102493 0.86765078569965659 0.78226511065443993 0.68761242875147521 69.500000000000014 1070.5000000000002 2333.5000000000005 1.0000000180025095e-35 2419.5000000000005 1.0000000180025095e-35 511.50000000000006
decision_type=2 2 2 2 2 2 2 2 2 2 2 2 2 2 2 2 2 2 2 2 2 2 2 2 2 2 2 2 2 2
left_child=-1 2 6 5 -5 -4 15 11 13 12 21 -8 -10 -9 -12 27 -16 -17 19 -18 -13 24 28 -21 -11 26 -19 -2 -22 -3
right_child=1 29 3 4 -6 -7 7 8 9 10 14 20 -14 -15 16 17 18 25 -20 23 22 -23 -24 -25 -26 -27 -28 -29 -30 -31
leaf_value=-0.0027404553612875165 -0.00030849930483812241 -0.0034682204718050531 0.014186874363976143 -0.0028308415127476839 0.0021139778503310616 0.0028461387697383158 -0.0090639976731200691 0.020989041421533461 -0.0088298045157563353 0.0055762681044445872 -0.0014105932662835385 -0.0012353890666086333 -0.0010441918903828175 0.0013254018952919889 0.0038905085295150403 0.018276523245479126 -0.00063628411706961321 0.0068946622244225432 -0.0007659419625723516 2.6809003557101696e-05 -0.0069453450584687493 0.0014387856681056356 -0.00020959486490592096 0.0016848300759578134 0.02863059315008365 0.0068954979046299105 -0.00037686258819267794 -0.0055580987349494572 0.0077200117979894182 -0.0014431461374868283
leaf_weight=9727.3059873357415 5260.6416938006878 3884.8760238289833 9309.3069493696094 5437.7353152632713 15141.70428930223 7037.9309399314225 5035.5807869881392 3554.4078123122454 4841.9148942902684 1498.8551307432353 17907.105307597667 15238.055909462273 17239.858338080347 12989.950372677296 5287.5030090920627 4003.811824478209 28803.490694630891 6110.7845246754587 21263.497263558209 89390.00224654749 192.35543566942215 5401.2941123768687 1576.6057153493166 34060.996155831963 1756.3132914379239 5196.0617692247033 18211.324773754925 1284.2707848511636 631.79338693618774 30281.169868919998
leaf_count=31987 19660 13720 31845 6816 53184 23546 22329 8781 21609 5714 59058 43764 50757 44777 17663 9707 104719 19946 72029 313188 251 16218 6767 117281 6621 17191 60046 4681 850 106201
internal_value=-9.07346e-05 -5.75664e-05 6.52761e-06 0.000720205 0.000193914 0.00138275 -7.93889e-05 -0.000144755 -4.7842e-05 -0.000127426 -1.52038e-05 -0.00118762 -0.00117114 0.00104628 -8.33706e-05 0.000355665 2.3254e-06 0.000613039 -4.4153e-05 4.53777e-05 -0.000673602 0.00153384 0.00119756 0.000171235 0.00286791 0.000389599 0.000150987 -0.000962563 0.00380896 -0.000702263
internal_weight=387557 377829 343663 36926.7 20579.4 16347.2 306736 266670 243995 227451 205369 22674.4 22081.8 16544.4 196713 40066.9 178805 33522 173518 152254 17638.8 8656.46 2400.75 123451 3255.17 29518.2 24322.1 6544.91 824.149 34166
internal_count=1310906 1278919 1158998 115391 60000 55391 1043607 912376 838415 784857 712491 73961 72366 53558 683938 131231 624880 106890 607217 535188 51632 28553 7868 430469 12335 97183 79992 24341 1101 119921
is_linear=0
shrinkage=0.05


Tree=107
num_leaves=31
num_cat=0
split_feature=7 10 7 10 10 10 16 3 6 16 5 17 4 16 16 16 5 10 7 7 16 7 7 7 16 7 17 16 16 17
split_gain=6.13562 6.89725 6.41854 4.87287 8.23852 6.85759 4.83931 4.10375 3.91765 3.40363 2.68065 2.58636 3.78091 3.80957 2.80983 3.13711 3.18903 2.55096 2.49256 3.38013 3.51914 3.26004 3.28022 3.87607 2.40656 2.33866 2.28422 2.20927 2.19671 2.3007
threshold=9.6597266625627505 8.1295222705248644 7.0854828791590796 4.7959920073102493 0.47873179439478714 0.012050400015810229 0.81759950385457481 1.0000000180025095e-35 0.78656609248549303 0.83214013540678655 0.37940952255126054 0.66847687381717125 4.5000000000000009 0.84797720773251295 0.91167763378283551 0.76559799429155406 1.0000000180025095e-35 5.3502393369678822 1.0397207708399181 2.1383330595080281 0.77597062848964138 2.524928003624769 3.0201273556387074 3.1132683346437333 0.7503268675834982 7.9503261612304357 0.64853776465145774 0.97182285662211954 0.79173584366809513 0.66268314391858796
decision_type=2 2 2 2 2 2 2 2 2 2 2 2 2 2 2 2 2 2 2 2 2 2 2 2 2 2 2 2 2 2
left_child=1 2 3 4 5 10 -6 -8 11 -10 -1 -5 14 -14 15 16 -13 -4 -7 20 -20 -21 24 -24 -23 28 -22 -11 -3 -30
right_child=-2 25 17 8 6 18 7 -9 9 27 -12 12 13 -15 -16 -17 -18 -19 19 21 26 22 23 -25 -26 -27 -28 -29 29 -31
leaf_value=-0.00085499029896903141 -0.0042541931157191962 0.011487440790657978 0.0042349574323911569 -0.00046539955106972844 -0.0019353196397885076 0.006299854676219469 -0.0054692854614368626 5.3919539021667073e-05 0.0040990659440323209 -0.00072855152350925767 0.00055881110485845882 0.0094475541765996381 0.0049842826562973008 -0.0013096305615571679 0.0084610680209187879 -0.00023687161037651007 -0.00039827972827152227 -0.0018413247269877177 -0.0099798905805426608 0.0082260532172187106 0.0041045292068864576 -0.024154145799223432 0.014120883727377154 0.00069522902141848646 -0.0011083517070667431 0.00075065275796862849 -0.00070369729339890281 0.035758048957307324 -0.0018825877065747482 0.0042506715279709119
leaf_weight=21638.083466891199 6639.3922204077244 6400.0575838759542 509.17336482927203 72209.321375131607 35818.505992822349 6044.6040926501155 3252.0482427105308 22837.957909591496 18512.702508233488 7045.3551184087992 10877.799752380699 7939.0722497403622 15389.983676467091 2579.4888248220086 2106.058537773788 76065.764875996858 7968.4538440257311 33489.825545616448 732.1770040653646 2888.5027180761099 199.77094930410385 217.49255254119635 976.39425081759691 4488.2344730533659 2125.9732479192317 9779.4614849686623 2053.7681723758578 66.573259644210339 2286.8467224836349 4417.6605906933546
leaf_count=74192 23382 18347 2570 92753 127917 19629 10336 73684 64280 23219 36708 31230 73393 10780 9361 368529 30182 125045 3231 9553 249 542 3373 16418 7373 29849 6417 230 2820 15314
internal_value=-8.70856e-05 -6.08204e-05 -0.00011461 -4.60352e-05 -0.00030895 0.000153448 -0.000699154 -0.000181186 9.69593e-05 0.000676227 -0.000292746 1.6401e-05 0.000166782 0.000831358 3.98463e-05 -1.50294e-06 0.000637051 -0.000768175 0.000888911 0.000515345 -0.00097215 0.000930545 0.000399633 0.00107075 -0.00116532 0.000780746 6.30163e-06 -0.000253497 0.0012174 0.000584906
internal_weight=387557 380917 358033 324034 114151 52242.8 61908.5 26090 209883 25624.6 32515.9 184258 112049 17969.5 94079.3 91973.3 15907.5 33999 19726.9 13682.3 2985.72 10696.6 7808.09 5464.63 2343.47 22884 2253.54 7111.93 13104.6 6704.51
internal_count=1310906 1287524 1221194 1093579 389622 177685 211937 84020 703957 87729 110900 616228 523475 84173 439302 429941 61412 127615 66785 47156 9897 37259 27706 19791 7915 66330 6666 23449 36481 18134
is_linear=0
shrinkage=0.05


Tree=108
num_leaves=31
num_cat=0
split_feature=1 7 10 1 8 7 8 7 7 7 7 7 7 7 7 7 16 16 7 16 16 7 16 17 8 10 16 16 0 16
split_gain=6.08153 5.11345 7.37173 4.7319 3.93321 10.4654 3.88362 5.66125 5.49267 4.56803 3.85615 3.74687 11.2584 5.56432 8.26424 12.2597 7.581 5.83024 4.99186 4.45314 3.6232 3.50038 3.30919 3.28615 3.17055 3.23927 3.16559 3.13155 3.06402 3.02826
threshold=221.50000000000003 7.8007773629641965 7.8834697857258513 1573.5000000000002 1.7005986908310777 4.1026092131977068 1.0000000180025095e-35 3.4175922930736511 3.4811217321331038 3.0201273556387074 3.6505739029280164 3.1132683346437333 3.0201273556387074 2.524928003624769 2.3502401828962087 1.0397207708399181 0.75969361271235591 0.78950820384860276 1.0000000180025095e-35 0.78737496167786236 0.861421261414552 3.7494348669884658 0.76654570564470936 0.65813547005910744 8.336749862461053 7.9933290451173296 0.78950820384860276 0.89302366647559417 85.500000000000014 0.79060468980597221
decision_type=2 2 2 2 2 2 2 2 2 2 2 2 2 2 2 2 2 2 2 2 2 2 2 2 2 2 2 2 2 2
left_child=-1 2 4 -4 5 6 7 11 -9 -8 -10 12 13 14 15 18 -17 -16 -2 -20 -18 -12 -15 -7 25 -3 -14 -21 29 -5
right_child=1 24 3 28 -6 23 9 8 10 -11 21 -13 26 22 17 16 20 -19 19 27 -22 -23 -24 -25 -26 -27 -28 -29 -30 -31
leaf_value=-0.0025971857187538638 -0.00077169197286186271 -0.0022850845532411041 0.00075909029783415851 0.012136614501022703 -0.00047462429898274816 0.00014575981139677564 -0.002402293167615999 0.015183811665963285 -0.0023454932769540584 -0.00041508591832674357 0.013121310827100975 -0.0022010645513681039 0.022883292496766895 -0.0079696289057958336 0.011963180500155036 -0.014725192254595721 -0.0013076921766078916 0.00055735987195074663 0.0068528618415617977 -3.5616311044117667e-05 0.0013533222480475741 0.0016507331367430435 -0.00087706890754819529 0.0041577079087134015 -0.0068249551743196192 -0.00032949721614564668 0.0031805013627566382 0.013718408005372827 0.016096741941581838 0.0012967402295555653
leaf_weight=9727.3059873357415 6544.9124786518514 13187.269591979682 23080.509630762041 5702.899215657264 138150.93570047244 4794.8951444029808 5795.2165313437581 2180.1024982072413 2434.9247043281794 29202.616447482258 1588.7960858121514 5893.3446916751564 2274.6392730399966 3402.0224899239838 7005.5501902699471 3353.5324106365442 15981.883649915457 9178.3313472568989 13475.674159895629 18583.228278256953 2970.0095620751381 3272.5378337539732 11827.097835324705 14836.216248288751 1663.766550745815 19315.009750023484 2875.2554069980979 1114.7522663548589 2169.7811123281717 5973.4875351190567
leaf_count=31987 24341 50507 72427 18868 484908 5962 18805 7490 8222 96253 5414 19548 8544 15093 24969 8124 55026 27420 47707 54086 9569 11197 34831 63429 5718 63696 8711 3958 6623 17473
internal_value=-8.41042e-05 -5.2324e-05 5.67362e-06 0.000673096 -7.46745e-05 8.74049e-05 -5.56104e-05 8.58753e-05 0.00125606 -0.000516302 0.00059805 -2.02601e-05 5.29479e-05 -7.24931e-05 9.77732e-05 -0.000164774 -0.00110282 0.00110397 0.000362018 0.000610995 -0.000715065 0.00141156 -0.000946881 0.00117256 -0.0006357 -0.000526724 0.00232888 0.000131845 0.00140386 0.00108323
internal_weight=387557 377829 343663 36926.7 306736 168586 148954 113957 9476.36 34997.8 7296.26 104480 98586.9 93437 78207.9 62024 22305.4 16183.9 39718.6 33173.7 18951.9 4861.33 15229.1 19631.1 34166 32502.3 5149.89 19698 13846.2 11676.4
internal_count=1310906 1278919 1158998 115391 1043607 558699 489308 374250 32323 115058 24833 341927 322379 305124 255200 202811 72719 52389 130092 105751 64595 16611 49924 69391 119921 114203 17255 58044 42964 36341
is_linear=0
shrinkage=0.05


Tree=109
num_leaves=31
num_cat=0
split_feature=1 7 10 7 10 10 10 16 8 7 7 8 7 16 1 1 3 4 16 18 8 7 4 16 8 16 1 1 3 0
split_gain=5.4553 4.67331 5.82511 5.2639 4.00088 7.36046 6.33546 5.18822 4.01848 8.81698 6.01196 4.37392 5.52717 3.60978 3.56948 3.48996 3.16742 3.23416 3.32051 3.41186 3.06674 2.94708 2.87403 2.78308 2.74588 2.66942 2.64909 2.61137 2.90249 2.64384
threshold=221.50000000000003 9.6597266625627505 8.1295222705248644 7.0854828791590796 4.7959920073102493 0.47873179439478714 0.012050400015810229 0.76654570564470936 1.0000000180025095e-35 3.4175922930736511 3.7012257604091228 2.1383330595080281 4.4367340276668159 0.84300269948124729 1507.5000000000002 3831.5000000000005 1.0000000180025095e-35 1.5000000000000002 0.81810455653768555 1.0625000000000002 0.89587973461402759 2.6735537653587351 4.5000000000000009 0.68333810207629286 5.040188859666439 0.76875055652117463 3668.5000000000005 1533.5000000000002 1.0000000180025095e-35 38.500000000000007
decision_type=2 2 2 2 2 2 2 2 2 2 2 2 2 2 2 2 2 2 2 2 2 2 2 2 2 2 2 2 2 2
left_child=24 2 3 4 5 6 -2 -7 9 23 21 12 -12 22 16 -8 -9 20 19 -19 -18 -10 -13 -6 -1 -21 -24 28 -11 -29
right_child=1 -3 -4 -5 8 7 15 14 10 27 11 13 -14 -15 -16 -17 17 18 -20 25 -22 -23 26 -25 -26 -27 -28 29 -30 -31
leaf_value=-0.0020071312226295659 -0.00033924569839409728 -0.0036688595920176259 0.0028555333794629324 -0.0015232690870532223 0.020977623182466921 -0.0046044616680281812 0.0012783671153915961 -0.0041664417930736162 -0.0049423404859424598 0.019099824216241471 1.1949575243935807e-05 -6.8790637863943438e-05 0.0036066842135654949 -0.00077064681072704653 -0.0018148224428499449 0.012393349194617232 0.00015211357130324457 -0.00073053471193487154 0.00038938091705782165 0.042089619497171805 0.0014928306257481873 -0.0011368171798170456 0.0019163928442179235 0.00024089498006757415 -0.0081352435830750799 -0.0040634341514098398 0.015152883946586588 -0.0017539423122866994 0.0013800642442846206 0.016240400921856264
leaf_weight=8965.823253236711 30898.568368822336 6549.4889658465981 22510.774775803089 33521.974921409041 1131.261098600924 12729.796042028815 17149.622981656343 4809.4864957034588 1017.9982045181096 1883.5447316132486 16816.065056469291 64489.084118947387 15195.786167412996 20377.897467330098 17796.960300050676 2256.9108483828604 2266.8978766575456 7363.8609474524856 12089.574944868684 36.80443263053894 1690.7871930077672 22703.185834806412 11328.58912242949 39782.930141299963 761.48273409903049 1200.2129005789757 2242.4048474282026 460.77310506999493 4423.3223122991621 3104.6344178579748
leaf_count=29283 105764 23065 65245 125889 2995 62671 58030 14800 3342 6458 55333 225984 53062 67101 54225 7735 6489 22915 38053 40 5134 72691 39368 126406 2704 1294 7620 1589 15093 10528
internal_value=-8.26881e-05 -5.25885e-05 -2.92331e-05 -7.95481e-05 -1.62058e-05 -0.000259027 0.000187007 -0.000633088 0.000114459 0.0005002 -1.2611e-05 0.000120533 0.000628237 -4.45706e-05 -0.000391737 0.000895032 -5.39647e-05 0.00017506 -7.54328e-05 -0.000826401 0.00148461 -0.000744812 0.000110131 0.000176586 -0.00125182 -0.00325614 0.000771492 0.00184137 0.00122995 0.00292293
internal_weight=387557 377829 371280 348769 315247 110289 50305.1 59984.4 204957 50786.5 154171 130450 32011.9 98438 47254.6 19406.5 29457.6 24648.1 20690.5 8600.88 3957.69 23721.2 78060.1 40914.2 9727.31 1237.02 13571 9872.27 6306.87 3565.41
internal_count=1310906 1278919 1255854 1190609 1064720 377150 171529 205621 687570 163069 524501 448468 108395 340073 142950 65765 88725 73925 62302 24249 11623 76033 272972 129401 31987 1334 46988 33668 21551 12117
is_linear=0
shrinkage=0.05


Tree=110
num_leaves=31
num_cat=0
split_feature=1 9 10 16 5 10 8 7 7 7 16 7 7 7 7 16 16 16 7 7 16 1 16 0 3 1 17 1 10 16
split_gain=5.60479 4.30986 5.28413 3.44798 3.56768 3.33769 3.28939 9.39083 3.83519 9.31431 8.34428 7.28459 8.79383 7.48469 5.65646 5.33746 4.54978 4.24292 4.19849 7.13269 3.76385 4.00579 3.42237 3.41183 3.10664 2.90446 2.85611 2.83849 2.73663 4.16386
threshold=6755.5000000000009 2.740319461670996 7.9827405244537077 0.77912472761430129 -0.70710678118654735 7.2206415061341351 1.2424533248940002 3.9219243190762363 1.0397207708399181 2.3502401828962087 0.76654570564470936 2.524928003624769 3.0201273556387074 3.1132683346437333 1.0000000180025095e-35 0.69056601514900129 0.75969361271235591 0.80117091351823222 3.4175922930736511 3.4811217321331038 0.78226511065443993 1231.5000000000002 0.76147646873488994 74.500000000000014 1.0000000180025095e-35 176.50000000000003 0.66197798957202592 2539.5000000000005 3.6286626092943273 0.76952262429808882
decision_type=2 2 2 2 2 2 2 2 2 2 2 2 2 2 2 2 2 2 2 2 2 2 2 2 2 2 2 2 2 2
left_child=1 2 6 4 -4 -2 7 8 14 10 -10 16 17 20 22 -16 -11 -13 -15 -20 21 -14 -1 -9 -12 -8 -22 -24 29 -27
right_child=5 -3 3 -5 -6 -7 25 23 9 11 24 12 13 18 15 -17 -18 -19 19 -21 26 -23 27 -25 -26 28 -28 -29 -30 -31
leaf_value=-0.012959896113702185 0.0015854473841869555 -0.0015961975471474349 0.017696684021447841 0.00031130693976737516 0.0039220808300204635 0.013738189267329892 -0.0056532937562970556 0.0020344546838388586 -0.008808554794555324 0.018881765129933538 -0.006943658582243978 -0.0050751150669406889 0.006740190656188561 -0.0014880323749202535 0.02740599094265448 0.0011789178520955096 0.0012600571633570536 -0.00067109772476470209 0.0084503051679007072 -0.00035726307736837497 -0.0025353470957666909 0.034217330026233575 -7.5962299036314024e-05 0.010163039466853291 -0.00045506392683996937 -0.0053330644067880965 0.0035038146793622605 -0.005070955887701423 -0.00040083104321684551 -0.00044494106344462051
leaf_weight=891.98051430284977 7632.9584529064596 28533.599308583885 3874.0603296011686 20544.586005747318 9126.8620379567146 3560.6263936646283 1440.4199826382101 13323.445109769702 5063.7374370284379 3438.1298117637634 3004.594458013773 8447.2067377567291 1533.8799477741122 11663.621906854212 1136.2118958830833 33380.853433664888 13349.242629259825 10851.51221845299 3533.1217456273735 13261.681180182844 1277.7847779989243 1195.1311539299786 4749.0867196694016 3612.818471159786 14906.568580590189 2892.8058103248477 3189.7851734235883 856.34235205873847 145078.52655590326 12232.668569594622
leaf_count=2469 26257 100055 13605 58693 30953 11450 4974 46777 22386 8515 8766 30414 5886 38300 2992 106762 45821 32420 11910 44489 1592 4506 18571 12569 43661 16832 11855 3280 506123 37858
internal_value=-9.38679e-05 -0.000126657 -7.81998e-05 0.000518312 0.00115554 0.00100869 -0.000141864 2.45756e-05 -0.000113947 -0.000288844 -0.00116502 -8.25075e-06 -0.000286723 0.000178611 0.000289948 0.000544705 0.000903331 -0.00114644 -0.000185685 0.00032042 0.0016192 0.00308224 -0.00106343 0.00113472 -0.000658364 -0.000299059 0.000725499 -0.000605676 -0.000278962 -0.000918975
internal_weight=387584 376390 347857 33545.5 13000.9 11193.6 314311 152667 135730 94716 22974.9 71741.1 54953.7 35655 41014.5 34517.1 16787.4 19298.7 28458.4 16794.8 7196.58 2729.01 6497.41 16936.3 17911.2 161644 4467.57 5605.43 160204 15125.5
internal_count=1310741 1273034 1172979 103251 44558 37707 1069728 503941 444595 310521 74813 235708 181372 118538 134074 109754 54336 62834 94699 56399 23839 10392 24320 59346 52427 565787 13447 21851 560813 54690
is_linear=0
shrinkage=0.05


Tree=111
num_leaves=31
num_cat=0
split_feature=1 7 10 7 10 16 17 8 16 6 16 17 8 10 1 7 16 16 8 7 8 7 7 7 7 7 16 7 7 16
split_gain=5.33399 4.36336 4.02849 4.57779 4.51286 4.49994 3.49718 2.99225 3.207 2.84443 2.84316 2.7571 2.7507 4.05946 2.68825 2.67539 4.51818 2.8871 2.66739 9.42562 3.32255 5.30204 4.06596 3.73507 2.98686 8.26503 7.9051 7.5962 4.68589 4.09523
threshold=7767.5000000000009 10.481293953298048 8.1894716571980375 6.6073254057471518 7.7301819049598004 0.77728047855132176 0.66164817016019506 5.5928491800563487 0.9461910594647257 -0.9159756150367534 0.58123026540307288 0.66237379509048522 4.2696729980286863 6.7576196076432629 317.50000000000006 3.6505739029280164 0.85521911464057543 0.82088808205360964 2.4414009612931857 4.5053345884235583 1.0000000180025095e-35 3.4175922930736511 3.0201273556387074 3.4811217321331038 1.0397207708399181 2.3502401828962087 0.76654570564470936 2.524928003624769 1.0000000180025095e-35 0.77481306712307374
decision_type=2 2 2 2 2 2 2 2 2 2 2 2 2 2 2 2 2 2 2 2 2 2 2 2 2 2 2 2 2 2
left_child=1 2 3 4 7 -6 -7 8 10 -4 -1 -10 -5 -14 -3 16 -2 -17 19 20 21 24 -22 -23 28 26 -26 29 -12 -27
right_child=15 14 9 12 5 6 -8 -9 11 -11 18 -13 13 -15 -16 17 -18 -19 -20 -21 22 23 -24 -25 25 27 -28 -29 -30 -31
leaf_value=0.017269326422240328 -0.0020041089470810847 -0.01202288146724504 -0.0025887302913577106 0.00027685646114751771 0.0089935584270911095 -0.0027331280709779527 0.0014805102855299458 0.0028111576533919411 -0.0075661681677627046 0.0035421319663073271 -0.00084779213869404235 0.020701526072321244 0.00062869523019811748 -0.0021821361645231298 -0.0051324219912432106 0.01421141578478209 0.029009401969711281 -0.00076277572918718181 -0.00069587412920813223 0.0020700858561161052 -0.0020849204624161679 0.01271772946215575 -0.00048427461284967778 0.0016344074135152488 -0.0085926374400786664 0.013326764844989842 -0.00079869159024472118 -0.00091462272384684046 0.001190565123130849 0.00082623725463754907
leaf_weight=813.67838656902313 3099.21043086797 79.838882394134998 2681.2540884725749 11601.480191405863 10743.06610526517 4967.9053236246109 13331.598716013134 3715.1483428180218 357.75550472736359 14884.476157430559 6496.5660404786468 1143.2437117323279 5323.8352443166077 38355.252346821129 2130.355822507292 3784.1096394658089 217.96542321890593 1326.9778891652822 71632.254455950111 21208.193203158677 6937.6037996485829 2103.5324559509754 53654.09842145443 9137.3023948669434 4876.0858823694289 5325.0927123203874 17363.918837144971 25851.967142272741 33655.489848874509 10784.592300780118
leaf_count=2648 10252 296 7542 43131 39643 6221 47688 13773 439 42631 24326 4731 21460 138867 7444 13004 743 4343 250360 75822 22437 7189 177542 31432 21675 20159 50751 85243 107041 31908
internal_value=-9.22296e-05 -0.000119885 -0.000106896 -0.000143034 -6.69488e-05 0.000525815 4.89447e-05 -0.000129537 -0.000148834 0.000632446 -0.000161655 0.00215592 -0.000561579 -0.00074335 -0.002335 0.00115186 4.60877e-05 0.00186953 -0.00017058 -7.5738e-05 -0.000195611 -3.84097e-05 -0.000495515 0.000993347 -0.000149549 -0.000361095 -0.00114035 5.19149e-05 0.000188705 0.000904122
internal_weight=387584 379156 376945 359380 304099 29042.6 18299.5 275057 271341 17565.7 269840 1501 55280.6 43679.1 2210.19 8428.26 3317.18 5111.09 269027 197394 176186 115595 60591.7 11240.8 104354 64201.7 22240 41961.7 40152.1 16109.7
internal_count=1310741 1282399 1274659 1224486 1021028 93552 53909 927476 913703 50173 908533 5170 203458 160327 7740 28342 10995 17347 905885 655525 579703 379724 199979 38621 341103 209736 72426 137310 131367 52067
is_linear=0
shrinkage=0.05


Tree=112
num_leaves=31
num_cat=0
split_feature=1 7 0 10 10 4 10 8 7 7 1 7 7 7 7 7 10 9 1 7 7 4 1 8 4 10 7 7 10 6
split_gain=4.76123 4.18385 4.22602 4.21122 3.49513 3.39172 3.02065 2.94711 5.68131 3.69177 3.42646 3.14574 3.10497 3.07542 4.76012 5.48124 3.87511 2.76294 2.65064 2.42977 6.88575 2.76663 2.40076 2.32413 2.26924 2.19894 2.85827 2.17378 3.61559 2.16528
threshold=8480.5000000000018 10.481293953298048 34.500000000000007 8.4036835615819729 7.5525120388659799 4.5000000000000009 7.6900569605238571 0.89587973461402759 3.4175922930736511 2.6735537653587351 298.50000000000006 3.4811217321331038 3.7012257604091228 1.0397207708399181 2.3502401828962087 2.524928003624769 7.4504533262904724 4.5798392285869785 317.50000000000006 3.0201273556387074 3.1132683346437333 3.5000000000000004 1797.5000000000002 1.4978661367769956 1.5000000000000002 0.0035577032138956383 1.0397207708399181 1.0000000180025095e-35 0.1970491786496901 -0.9159756150367534
decision_type=2 2 2 2 2 2 2 2 2 2 2 2 2 2 2 2 2 2 2 2 2 2 2 2 2 2 2 2 2 2
left_child=1 2 -1 5 -2 7 25 8 13 -9 17 -10 -13 16 -15 24 27 -11 -3 -17 21 -21 -14 -5 -16 -7 -27 -4 -29 -24
right_child=4 18 3 23 -6 6 -8 9 11 10 -12 12 22 14 15 19 -18 -19 -20 20 -22 -23 29 -25 -26 26 -28 28 -30 -31
leaf_value=-0.00090331864877206544 0.0026247917068253248 -0.011421737393882789 -0.00061169044394645275 -0.045819134384081098 0.021176656804537522 -0.0030234876636975219 0.0057404532633705437 -0.003515177079905302 0.010429582602443387 -0.0018004297618460481 -0.00035262463226414941 -0.0012258173780511916 0.0015366541625236097 -0.0013427427781470783 -0.0012203787013428669 -0.0014318933048980409 0.013920691010054798 -0.010250165544269291 -0.0049046870233414256 0.0025975095795250148 -0.001459225983484696 0.015288020578237794 -0.0021058634082256641 0.013363349245553624 0.0037245721017787935 0.0058441827734055487 0.0001710914664801 0.0027738811081063131 -0.00045620841161660988 0.011882634452849872
leaf_weight=37121.951788734645 5388.7003229372203 79.838882394134998 4895.4261255040765 15.099830113351343 1665.1031582057476 1148.6965262852609 9446.3068065941334 849.58238686993718 2316.7111294344068 7404.7517921924591 170556.3054343909 4056.8373836539686 9935.1769728064537 17875.306176032871 2113.3988260217011 13806.720852315426 1390.0929796993732 119.62769185006618 2136.0018603727221 3811.6298078820109 7304.7723087221384 1173.0992041565478 583.20567528158426 1701.2154792398214 10808.171908415854 4340.5417342558503 37325.259682435542 11776.216663971543 13461.008336152881 2977.0919751636684
leaf_count=127550 18435 296 18158 30 5207 4312 31250 2922 7734 25415 586430 13411 34336 58018 6758 44740 4186 412 7464 12535 23965 3962 1973 3680 34891 13514 128261 37946 42488 10462
internal_value=-9.08305e-05 -0.00011469 -0.000102002 -4.68798e-05 0.00119632 -5.937e-05 0.000311132 -0.000126785 7.90987e-05 -0.000251382 -0.000235695 0.000843088 0.000614522 -9.25868e-05 -0.000312089 -2.52954e-06 0.000303577 -0.00127989 -0.002281 -0.00041954 9.18376e-05 0.00152456 0.000979134 0.00242359 0.000839659 0.000132579 0.000192076 0.000184507 0.000371547 0.00209316
internal_weight=387584 380530 378314 341192 7053.8 339476 52260.8 287215 108285 178930 178081 19869 17552.3 88415.8 56893.1 39017.8 31522.7 7524.38 2215.84 26096.2 12289.5 4984.73 13495.5 1716.32 12921.6 42814.5 41665.8 30132.7 25237.2 3560.3
internal_count=1310741 1287099 1279339 1151789 23642 1148079 177337 970742 355563 615179 612257 67916 60182 287647 184869 126851 102778 25827 7760 85202 40462 16497 46771 3710 41649 146087 141775 98592 80434 12435
is_linear=0
shrinkage=0.05


Tree=113
num_leaves=31
num_cat=0
split_feature=1 1 0 10 8 10 6 16 0 8 8 7 16 4 16 9 10 16 5 7 0 18 18 7 16 16 16 5 18 4
split_gain=4.3679 3.94765 3.80889 3.28391 3.26035 3.04915 2.84927 3.28798 3.00657 2.80151 2.57151 5.60565 2.44915 2.3478 2.33005 2.29148 3.18173 2.61576 2.47979 2.26283 2.78202 2.252 2.12212 2.80931 1.9965 5.86705 4.66342 4.03153 3.04462 3.207
threshold=8480.5000000000018 221.50000000000003 76.500000000000014 7.5525120388659799 6.0672668391739295 7.9073712234103679 -0.9159756150367534 0.97182285662211954 23.500000000000004 5.1619206365690227 1.2424533248940002 4.3882378946731615 0.80417266174550694 1.5000000000000002 0.88779654317510448 2.602003343538398 7.9827405244537077 0.77968850705887938 0.37940952255126054 3.4175922930736511 124.50000000000001 0.92916666666666681 1.0791666666666668 9.0446395749334112 0.82340483352627902 0.81759950385457481 0.82626392889630418 -1.0000000180025095e-35 1.0625000000000002 2.5000000000000004
decision_type=2 2 2 2 2 2 2 2 2 2 2 2 2 2 2 2 2 2 2 2 2 2 2 2 2 2 2 2 2 2
left_child=1 9 6 -2 5 10 12 8 -8 14 11 -4 -3 -9 -1 16 21 18 -18 -12 -21 -10 -19 -24 25 28 -26 -28 29 -23
right_child=3 2 4 -5 -6 -7 7 13 15 -11 19 -13 -14 -15 -16 -17 17 22 -20 20 -22 24 23 -25 26 -27 27 -29 -30 -31
leaf_value=-0.0020229412233041034 0.002493552121484055 -0.0026463154629728122 0.00092355206593134069 0.020117823964310645 -0.002560680373035697 0.0057245138664795527 -0.0018980234354116403 0.035257754979871284 -0.0013959910334882476 -0.0079100115788699188 -0.0024069977142937128 0.015768707285662466 -0.00019023551661026124 -0.0059657508041321755 0.0072661462598662355 -0.0013222730749311573 0.01355813184940482 0.00093379248145535889 0.00071593679933803502 -0.00032549947194940868 0.005027050312454851 -0.00048588814427141282 -0.0033766126547517261 -0.01219288863134755 -0.0012371071182634881 0.0023864198553054218 -0.00059170156261146862 0.00037952174377987456 -0.0014640110817756514 0.0012269576648918481
leaf_weight=8369.7213323153555 5388.7003229372203 25204.52717775479 28487.236272592098 1665.1031582057476 6199.5370881520212 7953.9033322408795 4434.9388039298356 560.50207298249006 13312.678618550301 702.05785594135523 2235.668323200196 1569.1802107356489 24204.371713511646 172.63170938193798 648.41137643158436 20423.870076473802 5250.0270989686251 11802.71363902092 2967.0082437135279 25269.916297588497 2052.1263610199094 33142.408324278891 1103.8336030840874 70.087810456752777 5633.4922190010548 8336.7004552409053 34643.354185238481 27625.102417774498 18226.391979090869 59927.647622272372
leaf_count=27304 18435 90762 92511 5207 21426 24788 15525 1937 169319 2499 7363 5563 75102 619 2156 72031 18132 35746 10003 87345 6851 97901 1161 74 15160 23902 100266 80037 20437 181179
internal_value=-8.57643e-05 -0.000108617 -8.25432e-05 0.00114707 0.000239023 0.000339711 -0.000162401 -9.32297e-05 -0.000103158 -0.0011033 0.000217022 0.000542676 -0.000509082 0.00325025 -0.000866456 -7.95603e-05 -3.29421e-05 0.000549718 0.00124777 -0.000114126 1.10171e-05 -9.44251e-05 0.000107698 -0.00191973 -4.98171e-05 7.30903e-05 -0.000266362 -0.000141728 -2.27417e-05 9.2987e-05
internal_weight=387584 380530 370810 7053.8 73767.6 67568 297042 247633 246900 9720.19 59614.1 30056.4 49408.9 733.134 9018.13 242465 222041 21193.7 8217.04 29557.7 27322 200848 12976.6 1173.92 187535 119633 67901.9 62268.5 111296 93070.1
internal_count=1310741 1287099 1255140 23642 245847 224421 1009293 843429 840873 31959 199633 98074 165864 2556 29460 825348 753317 65116 28135 101559 94196 688201 36981 1235 518882 323419 195463 180303 299517 279080
is_linear=0
shrinkage=0.05


Tree=114
num_leaves=31
num_cat=0
split_feature=1 1 3 10 8 7 7 7 10 9 1 7 18 10 8 18 6 10 0 8 9 10 1 18 18 9 10 7 1 8
split_gain=3.98324 3.54387 5.19527 4.23123 4.74844 3.88265 3.43762 6.14094 4.3053 3.2927 3.26654 3.23521 3.19149 3.60261 3.27351 3.16683 3.72169 2.78691 2.33997 2.24232 2.22597 2.18479 2.17702 2.12181 2.12119 2.04824 1.98198 2.0825 1.97639 1.96842
threshold=6755.5000000000009 221.50000000000003 1.0000000180025095e-35 7.7168148692138958 0.89587973461402759 3.4175922930736511 1.0397207708399181 2.3502401828962087 1.0000000180025095e-35 2.740319461670996 1640.5000000000002 2.524928003624769 1.0708333333333335 4.7466181426221139 3.3842466058243152 0.94583333333333341 0.91597561503675351 7.2206415061341351 34.500000000000007 5.1619206365690227 5.9414853139235673 8.4036835615819729 2753.5000000000005 1.0708333333333335 1.0208333333333335 2.8617925509761908 6.7576196076432629 6.0198082819228818 667.50000000000011 5.0594204191876377
decision_type=2 2 2 2 2 2 2 2 2 2 2 2 2 2 2 2 2 2 2 2 2 2 2 2 2 2 2 2 2 2
left_child=1 19 3 4 5 6 8 -8 -3 15 20 -9 13 -6 -14 28 18 -2 -17 -1 -5 23 24 -20 -18 -19 27 -11 -4 -26
right_child=17 2 9 10 12 -7 7 11 -10 26 -12 -13 14 -15 -16 16 22 25 21 -21 -22 -23 -24 -25 29 -27 -28 -29 -30 -31
leaf_value=-0.0015981062475483505 0.0011266795160874254 -0.010073295417283246 -0.0017910106425666956 0.0074940199957241223 -0.0065430019071070046 0.013065765863233714 -0.0068370115516197209 0.010958943825524882 0.0082393349323355621 -0.0030632934578452564 0.026571435388841814 -0.0011120441905005274 -0.0050938460572980682 0.0003990468306771633 -0.020386515472183515 -0.00075303692116864278 0.0016560620032316259 0.014505364919370756 -4.380588748618686e-05 -0.0075145109999264215 -0.036320947417724514 0.011863023529655731 0.0069361593538698196 -0.0009466922578747095 -0.0013697964047517637 -0.0046099097790908592 -0.0019655857453460268 0.0014413097939226683 -0.0010182655202565978 0.0078859556207441454
leaf_weight=9018.1327087469399 7632.9584529064596 563.50393244996667 4163.384792752564 10231.981099747121 2827.8261395692825 3721.6900883242488 3478.0198704302311 3064.9992554225028 7408.6483944095671 483.58600028604269 597.62415873631835 4971.2081770710647 1099.0550227165222 13645.90035193041 470.40061515569687 24393.848427899182 10637.47721048817 3013.158511724323 199838.39293293282 702.05785594135523 96.33384133502841 726.93563877046108 3142.4021965302527 21358.169425368309 4811.0709086805582 547.46788194030523 22578.496317401528 2724.3379678092897 19126.104848857969 508.67667575180531
leaf_count=29460 26257 2202 50833 33838 10683 13072 11014 9836 23219 1706 1952 16294 1208 50612 525 64212 34826 9619 553456 2499 311 1446 8219 23255 5819 1831 77927 10569 233428 613
internal_value=-8.29904e-05 -0.000110632 -8.56526e-05 0.000376411 0.000144685 0.000617689 0.000335058 -0.000217533 0.00113317 -0.000162313 0.0012513 0.000542112 -0.000463716 -0.000258463 -0.00261814 -0.000113962 -6.49084e-05 0.000846489 -0.000117045 -0.00105293 0.00104334 -6.59511e-05 0.000607465 -7.49447e-05 0.000370578 0.00200162 -0.000703657 0.00045929 -0.000672996 -0.000444604
internal_weight=387584 376390 366670 52177.2 41251.3 23208.1 19486.4 11514.2 7972.15 314493 10925.9 8036.21 18043.2 16473.7 1569.46 288706 265417 11193.6 246317 9720.19 10328.3 221923 19099.6 221197 15957.2 3560.63 25786.4 3207.92 23289.5 5319.75
internal_count=1310741 1273034 1241075 174766 138665 75637 62565 37144 25421 1066309 36101 26130 63028 61295 1733 976107 691846 37707 642369 31959 34149 578157 49477 576711 41258 11450 90202 12275 284261 6432
is_linear=0
shrinkage=0.05


Tree=115
num_leaves=31
num_cat=0
split_feature=1 7 10 0 1 16 3 1 10 3 1 7 16 6 5 7 10 16 16 6 1 16 16 1 1 10 4 16 10 9
split_gain=4.79051 4.25921 4.0291 3.80323 4.20819 3.10838 4.93768 4.2978 3.56664 3.81868 4.79124 3.62219 3.06497 2.85081 3.69286 2.84416 2.85465 2.73692 2.67335 2.70281 3.12395 2.43763 2.68215 2.59438 2.38347 2.32505 2.3644 2.92784 2.26042 2.0801
threshold=157.50000000000003 10.481293953298048 8.2503539996157595 50.500000000000007 4606.5000000000009 0.80468843791176625 1.0000000180025095e-35 718.50000000000011 6.8164374793755229 1.0000000180025095e-35 1559.5000000000002 2.524928003624769 0.76654570564470936 0.91597561503675351 -0.78656609248549292 7.4238668626505984 7.8710827681682654 0.6500768209777964 0.90374560103526036 0.25881904510252057 583.50000000000011 0.77597062848964138 0.88926421891343954 618.50000000000011 934.50000000000011 7.4785793946460926 3.5000000000000004 0.7503268675834982 5.6929629503794645 0.89587973461402759
decision_type=2 2 2 2 2 2 2 2 2 2 2 2 2 2 2 2 2 2 2 2 2 2 2 2 2 2 2 2 2 2
left_child=29 2 3 5 15 6 17 12 9 28 11 -11 -8 14 -9 16 -5 -2 19 20 -13 23 -23 -18 -19 26 -6 -28 -7 -1
right_child=1 -3 -4 4 25 8 7 13 -10 10 -12 18 -14 -15 -16 -17 21 24 -20 -21 -22 22 -24 -25 -26 -27 27 -29 -30 -31
leaf_value=-0.0041255670862867409 0.029961257800586383 -0.0055553109683639419 0.0036442278894442738 -5.4131886514527383e-05 -0.0011238994803335291 -0.0045413390763188732 -0.0058274222209834612 0.00058525178412265901 -0.00092792873783710127 -8.5284711424386827e-05 -0.00068230953014999929 0.001370420265299973 -0.0013001805410812917 0.0039844728753111128 -0.0026487367452544489 -0.0014866278897877729 -0.0036244120065580202 -0.00032074349918620459 -0.0050953356383284746 0.00022087642985084701 0.00092205878571410479 -0.00022812832874772316 0.015775502973586448 0.012796426653807936 0.010683848921319728 0.01227413906910404 0.024624517532388614 0.0027273869373990733 0.0019334592375746529 -0.013901105442143498
leaf_weight=2900.4455426000059 444.70375357568264 2250.1428905241191 11267.593743868172 173212.75897517055 5627.5097299702466 3949.1933880075812 6030.4060455523431 11307.472625166178 25599.13120726496 8504.4741309136152 13747.813499562442 3284.5261277258396 6420.949375256896 3227.9112578295171 32010.382495772094 20730.749667201191 1341.6206618323922 10439.339061871171 720.4219021871686 4960.3283090591431 9548.677766315639 10341.898601606488 949.54321740567684 5344.2095042318106 1609.6787464171648 3804.4418311491609 1104.3906573653221 4999.0077800750732 1586.6507587432861 368.09291691705585
leaf_count=9339 1325 7798 31477 583967 19255 12486 30737 42909 80625 25639 43695 10035 18102 12408 118290 75652 4690 36931 2525 15716 29854 29675 3113 19339 5722 12559 2752 18093 4976 1311
internal_value=-9.53645e-05 -7.91555e-05 -6.63832e-05 -9.46837e-05 3.24503e-05 -0.000296351 -0.000529813 -0.000721035 -6.42206e-05 0.000197624 0.000364952 0.000751613 -0.00154614 -0.000500312 -0.00060713 -2.57791e-05 3.45372e-05 0.000373162 0.00114399 0.00126488 0.001648 0.000634247 0.00018623 0.00139089 0.00023099 0.00082677 0.000478428 0.00116004 -0.00103459 -0.00200146
internal_weight=387634 384366 382116 370848 227456 143392 71490.8 58997.1 71901.2 46302.1 40766.2 27018.4 12451.4 46545.8 43317.9 211921 191190 12493.7 18514 17793.5 12833.2 17977.3 11291.4 6685.83 12049 15535.3 11730.9 6103.4 5535.84 3268.54
internal_count=1310995 1300345 1292547 1261070 769095 491975 266424 222446 225551 144926 127464 83769 48839 173607 161199 716436 640784 43978 58130 55605 39889 56817 32788 24029 42653 52659 40100 20845 17462 10650
is_linear=0
shrinkage=0.05


Tree=116
num_leaves=31
num_cat=0
split_feature=1 7 16 0 1 16 3 1 4 10 7 10 17 16 16 16 16 16 4 16 16 16 16 3 16 4 4 16 16 10
split_gain=4.3533 3.87594 3.81594 3.68801 3.97789 3.44559 4.23996 5.22942 2.73585 2.58488 2.34042 3.04719 2.27306 5.33269 4.43113 3.98391 3.81973 3.37705 8.19491 3.07394 3.74883 5.34748 4.19281 3.02943 2.89741 4.23632 3.23145 5.47111 3.33061 2.79275
threshold=157.50000000000003 10.481293953298048 0.6500768209777964 50.500000000000007 4752.5000000000009 0.76654570564470936 1.0000000180025095e-35 1153.5000000000002 4.5000000000000009 7.4785793946460926 1.0397207708399181 6.3297016685451188 0.70060497822106316 0.76640384685231278 0.76654570564470936 0.77481306712307374 0.9461910594647257 0.85237436024189284 1.5000000000000002 0.77597062848964138 0.81496621376278278 0.79001139522371822 0.81536292963384094 1.0000000180025095e-35 0.85570644998864431 2.5000000000000004 1.5000000000000002 0.89111819891260613 0.89302366647559417 7.3161142606381642
decision_type=2 2 2 2 2 2 2 2 2 2 2 2 2 2 2 2 2 2 2 2 2 2 2 2 2 2 2 2 2 2
left_child=-1 2 10 5 12 6 -4 -8 -9 -6 -2 -12 -5 -14 23 -16 17 18 19 -17 21 -21 -22 -15 25 29 27 -26 -29 -19
right_child=1 -3 3 4 9 -7 7 8 -10 -11 11 -13 13 14 15 16 -18 24 -20 20 22 -23 -24 -25 26 -27 -28 28 -30 -31
leaf_value=-0.0047545138986174081 0.027056494231002506 -0.0052775454199457455 0.0022547055468854272 -0.00041226239820423005 0.0019943363463115317 -0.00019559583587540203 -0.0048547806447482083 -0.0032392857654342192 0.0053939529333593139 0.012033689242592072 -0.0082751631624022656 0.013666942621275803 0.0055132032883396746 0.006057876295498677 0.005272293193905331 -0.0055725189944317221 0.019220723365821715 -0.0016794138964751127 0.00082800228846542374 -0.0023167735278633722 -0.0029569286150485127 0.0029683647447946385 -0.0012807620892372697 -0.0033478277538102953 0.016268671388830813 -0.00015272065767662769 -0.000724667692362703 -0.015324085327244004 5.524980585669415e-06 -0.007547404971622429
leaf_weight=3268.5384595170617 531.60093940794468 2250.1428905241191 7180.8000524863601 93949.097573168576 10943.428223695606 110500.30922733992 12098.022425133735 12724.44579455629 3054.4744966924191 3901.0230246819556 1200.1862228736281 2698.8882919102907 20219.25025395304 1253.9891519062221 5427.8624649569392 148.68491020798683 842.26015599817038 878.32280757278204 57851.924002714455 1332.4594077765942 349.59938132017851 1845.9984172657132 4637.693685464561 7100.3451690375805 941.79581028968096 1261.8119166120887 17834.729108408093 106.7216669023037 936.9227054938674 363.1375332698226
leaf_count=10650 1488 7798 28463 124537 37473 334118 61603 60697 12856 12675 3696 7819 80375 19493 21200 555 3893 3292 239552 5698 784 7087 20621 110546 3839 5309 79053 350 4069 1406
internal_value=-9.24549e-05 -7.70034e-05 -6.48193e-05 -8.19329e-05 4.17917e-05 -0.000279241 -0.000711132 -0.000990208 -0.000390565 0.00083368 0.00139401 0.000969685 -1.2309e-05 0.000128837 -1.67512e-05 8.05709e-05 6.5688e-07 -3.12408e-05 0.000148172 -0.00131963 -0.0011899 0.000152078 -0.00204515 -0.00112064 -0.000563018 -0.00216587 -0.000360579 0.00155288 -0.000940456 -0.00423955
internal_weight=387634 384366 382116 377685 232127 145558 35057.7 27876.9 15778.9 14844.5 4430.68 3899.07 217283 123334 103114 94759.9 89332.1 88489.8 66166.4 8314.44 8165.75 3178.46 4987.29 8354.33 22323.4 2503.27 19820.2 1985.44 1043.64 1241.46
internal_count=1310995 1300345 1292547 1279544 781807 497737 163619 135156 73553 50148 13003 11515 731659 607122 526747 396708 375508 371615 274297 34745 34190 12785 21405 130039 97318 10007 87311 8258 4419 4698
is_linear=0
shrinkage=0.05


Tree=117
num_leaves=31
num_cat=1
split_feature=6 7 10 0 16 17 16 16 5 16 16 16 16 5 17 16 16 10 3 16 7 7 10 7 5 0 16 2 0 16
split_gain=3.75113 3.85969 3.52492 3.34714 3.10657 2.5916 6.1883 6.73037 5.31966 4.3075 3.75646 3.74233 3.94971 4.84851 4.40474 3.53742 3.33951 3.16468 4.04402 3.87989 3.70872 3.08868 6.50566 4.85585 3.15629 3.28374 3.63669 3.08655 3.0511 3.05005
threshold=0.91597561503675351 10.481293953298048 8.2691911923319328 28.500000000000004 0.68333810207629286 0.66847687381717125 0.80570143096500557 0.80217785889642024 0.78656609248549325 0.80263627494539491 0.97182285662211954 0.9461910594647257 0.82340483352627902 -0.5 0.80721709212400827 0.82626392889630418 0.83100810020223159 6.7390887783039695 1.0000000180025095e-35 0.83375273960117646 4.791641144189394 1.0397207708399181 0.0040779931159931546 2.3502401828962087 -0.9159756150367534 69.500000000000014 0.76559799429155406 0 122.50000000000001 0.75254527973905927
decision_type=2 2 2 2 2 2 2 2 2 2 2 2 2 2 2 2 2 2 2 2 2 2 2 2 2 2 2 1 2 2
left_child=1 2 3 -1 -5 6 7 21 17 -9 28 12 13 14 -7 -14 -17 18 -8 -19 -20 22 -6 29 -25 26 -26 -11 -10 -23
right_child=-2 -3 -4 4 5 11 8 9 10 27 -12 -13 15 -15 -16 16 -18 19 20 -21 -22 23 -24 24 25 -27 -28 -29 -30 -31
leaf_value=-0.0012091984458549255 0.0013013767079595618 -0.005236074296569854 0.0036539371045001046 0.0066674539734094323 -0.0048073986045303998 0.0023498512274305995 -0.0039730328059323526 -0.0070462730350399601 0.0013846167826532642 -0.00056351415342281654 -0.040391604080928546 0.016143535387967645 -0.001227084312630672 -0.00028078844396611791 -0.0014002029663949811 0.0016769146642248768 -0.00042927652071250298 0.00022231487945733043 0.00012371216404680752 -0.0021585657144428255 0.0016487615090002101 -0.01731908811403261 0.0058287857035289941 0.0016162296068788053 -0.0066466836549175182 -2.5791162369104284e-05 -0.0010907281321198504 -0.0040666538186006186 0.012873252919221569 -0.0029903284739672548
leaf_weight=14232.169271543622 27562.679452095181 2055.9357236400247 8881.5419568195939 8017.6654654741287 1369.3413626551628 39306.424295470119 3458.4387544393539 974.11985784769058 9510.5926176905632 2473.7910003066063 71.222199738025665 1348.3433084115386 6397.0219266340137 76429.470425188541 8379.4778981693089 6143.8066804111004 62286.306989699602 8268.2413085699081 19411.910973548889 9594.8168539404869 4533.3691265583038 1295.8450270295143 6467.2935523986816 8536.7357771992683 15936.286122322083 13768.027947247028 16188.606047689915 1688.254401922226 240.82535398006439 2805.9044924974442
leaf_count=49234 95211 7125 24584 22058 1762 140368 4456 1242 12278 3171 91 6030 24368 381266 111434 25057 261440 10662 25102 12476 5847 1655 8292 10909 20338 17658 20817 2154 307 3603
internal_value=-9.01645e-05 -0.000133198 -0.000120793 -0.000145816 -0.000113901 -0.000137751 -0.000314836 -0.00062168 8.34377e-05 -0.00236543 0.0011382 -2.58245e-05 -4.36174e-05 0.000129366 0.000525003 -0.000330545 -0.000225434 -0.000145439 0.000192096 -0.000663251 0.000422931 -0.000486733 0.000445462 -0.000611542 -0.000486524 -0.000650739 -0.000927622 -0.00166491 0.00122176 -0.00227052
internal_weight=387634 360072 358016 349134 334902 326884 126594 71504.2 55089.4 5136.17 9822.64 200291 198943 124115 47685.9 74827.1 68430.1 45266.8 27403.7 17863.1 23945.3 66368 7836.63 58531.4 54429.7 45892.9 32124.9 4162.05 9751.42 4101.75
internal_count=1310995 1215784 1208659 1184075 1134841 1112783 162820 91601 71219 6567 12676 949963 943933 633068 251802 310865 286497 58543 35405 23138 30949 85034 10054 74980 69722 58813 41155 5325 12585 5258
cat_boundaries=0 1
cat_threshold=13
is_linear=0
shrinkage=0.05


Tree=118
num_leaves=31
num_cat=0
split_feature=1 7 16 0 17 16 17 5 16 16 16 4 5 16 16 16 4 1 4 16 16 16 4 4 16 1 16 16 16 16
split_gain=3.94238 4.14877 3.45688 3.52625 3.05663 4.72632 5.83788 4.65917 4.37525 9.25585 4.13566 9.75574 3.77326 3.55548 3.47701 6.34796 5.68451 3.17331 3.07184 10.6046 8.46578 5.5615 4.96808 4.26167 3.96518 3.48163 3.35862 4.60343 7.57324 4.41135
threshold=483.50000000000006 9.2635019021077358 0.6500768209777964 120.50000000000001 0.66847687381717125 0.81055355588102429 0.8057268382729692 -0.25881904510252113 0.80570143096500557 0.80217785889642024 0.80263627494539491 2.5000000000000004 -1.0000000180025095e-35 0.91167763378283551 0.82537325419067853 0.82581605217958109 2.5000000000000004 2003.5000000000002 1.5000000000000002 0.85570644998864431 0.89111819891260613 0.86985364382818464 2.5000000000000004 2.5000000000000004 0.89302366647559417 1001.5000000000001 0.8423321668866619 0.81327991938713906 0.8127814019877837 0.84506216924924515
decision_type=2 2 2 2 2 2 2 2 2 2 2 2 2 2 2 2 2 2 2 2 2 2 2 2 2 2 2 2 2 2
left_child=1 -1 -2 4 8 6 7 -6 9 -4 11 -11 14 18 -10 16 -16 -15 19 25 -21 23 -23 26 -22 -7 27 28 -20 -28
right_child=2 -3 3 -5 5 13 -8 -9 12 10 -12 -13 -14 17 15 -17 -18 -19 21 20 24 22 -24 -25 -26 -27 29 -29 -30 -31
leaf_value=-0.00061435169750813097 0.010530774352331719 -0.004980143381944753 -0.00132167097999788 0.0028637064757571443 0.0037933812218816977 -0.0004021029172493612 -0.0011807408186491509 0.0005127476166506995 0.00059787670165482594 -0.0084696356763365767 -0.0021969537828829522 0.013389695750538512 0.00080952475426008814 0.0025525631819556141 0.007478844211752253 -0.00069983636054232192 -0.010129954425608196 0.023709843217213124 0.0012993988306748028 0.015613082479222679 -0.012958516694306567 0.00056896969160246389 -0.0016579636641110729 0.00061788462833863857 -0.00069696483812381471 -0.0028095259310023032 -0.0035206029639354599 0.00039213025119605449 -0.0079905135617948549 -0.00073639523603019901
leaf_weight=55843.315580181777 3587.2417558208108 1154.2509454898536 66379.569094642997 7617.4406655728817 34881.514579992741 3948.5479198545218 21215.555502507836 43464.180007081479 10082.702081441879 732.0943261384964 4037.4692729711533 239.85645180940628 24568.044558644295 2903.1721994504333 54.063100278377533 18858.954024255276 299.10700273513794 638.43639977276325 575.89998918026686 1375.1528571173549 160.46002785861492 4432.2203514948487 10622.215710401535 44182.035135470331 753.03361420333385 5089.4231344610453 1749.8825661316514 11147.802266351879 475.8620760217309 6564.9629738032818
leaf_count=186544 10640 4089 85026 24262 116136 15737 276367 142471 12988 928 5168 311 31798 13048 69 24401 381 2908 2338 5381 510 18693 45560 181280 3238 20343 5995 44151 1223 29011
internal_value=-8.80063e-05 -0.000472054 -2.18013e-05 -3.87333e-05 -6.40867e-05 6.01333e-05 0.00030061 0.000499848 -0.000256667 -0.000513357 -0.00258582 -0.00551388 8.35454e-05 -0.000192904 -0.000299697 -0.000694316 -0.00733581 0.0013614 -0.000253344 -0.00102386 0.00201642 -0.000143912 -0.00100949 5.75026e-05 -0.00171468 -0.00179374 -0.00053804 -9.86792e-06 -0.00317196 -0.00131298
internal_weight=387634 56997.6 330637 327050 319432 194180 99561.3 78345.7 125252 71389 5009.42 971.951 53862.9 94619.1 29294.8 19212.1 353.17 3541.61 91077.5 11326.6 2288.65 79750.9 15054.4 64696.4 913.494 9037.97 20514.4 12199.6 1051.76 8314.85
internal_count=1310995 190633 1120362 1109722 1085460 924390 534974 258607 161070 91433 6407 1239 69637 389416 37839 24851 450 15956 373460 45209 9129 328251 64253 263998 3748 36080 82718 47712 3561 35006
is_linear=0
shrinkage=0.05


Tree=119
num_leaves=31
num_cat=3
split_feature=7 0 4 16 18 16 17 4 17 16 0 17 7 0 18 8 8 7 16 4 16 7 5 16 2 9 2 16 2 16
split_gain=3.28348 3.34302 2.85762 9.11678 3.1786 2.705 3.24368 2.57376 2.67508 2.37726 2.27345 2.25005 2.28484 2.22198 2.10346 2.44054 2.0695 6.78329 3.88426 4.0266 3.83943 5.29862 3.63391 2.89741 2.75065 3.19119 2.6679 2.43222 2.41129 2.37426
threshold=10.481293953298048 28.500000000000004 4.5000000000000009 0.84797720773251295 1.0541666666666669 0.97182285662211954 0.65047227725875179 1.5000000000000002 0.78019127016926815 0.6500768209777964 66.500000000000014 0.64632798978931005 1.0397207708399181 88.500000000000014 1.0791666666666668 1.0000000180025095e-35 1.2424533248940002 4.1026092131977068 0.87606775566422657 2.5000000000000004 0.80468843791176625 3.9219243190762363 -0.5 0.80898032621629334 0 3.9796379800581989 1 0.81055355588102429 2 0.76640384685231278
decision_type=2 2 2 2 2 2 2 2 2 2 2 2 2 2 2 2 2 2 2 2 2 2 2 2 1 2 1 2 1 2
left_child=1 -1 5 4 -4 9 -7 -8 -9 11 -6 -3 -13 -12 -15 -16 17 18 -11 26 21 -18 24 -19 29 -26 -20 -22 -29 -23
right_child=-2 2 3 -5 10 6 7 8 -10 16 13 12 -14 14 15 -17 20 23 19 -21 27 22 -24 -25 25 -27 -28 28 -30 -31
leaf_value=-0.0011170323893114232 -0.0048108333009863223 -0.025566286729641365 0.0029214093066796789 -0.001632290212385422 -0.0040911521302341713 -0.02507260900571099 0.033339586832940159 -0.026847312103184154 0.01633370462052194 -0.0003244635302668275 0.0069773742134218277 0.032563245462739941 0.0062461489727381417 0.0081877917895067324 0.0095433134866162068 -0.015152254953904999 -0.003432570248934297 0.0086976151828871088 0.010474580017448899 -0.00043961001973562427 0.0016000285207049437 0.0077419333461600237 -0.0019462373464984918 0.00058699039692170776 -0.0010548527173954824 -0.0094003056820297533 0.0021392471721421282 0.00011651118182002065 -0.00085274359039080459 6.9648037961667075e-05
leaf_weight=15524.861370228231 2258.5429993234575 177.3668674826622 41883.067973937839 7653.3692643865943 4311.9280356615782 114.31297385692596 767.82437034696341 91.473206877708435 136.83667226880789 106991.61421002448 1738.0923644900322 439.1406087204814 3084.3613116070628 389.69533449411392 236.11689143627882 502.3020278736949 10961.115074291825 6542.4664400927722 1996.4555635303259 3781.0427321866155 8278.0114694833755 7330.6301638707519 49318.056954104453 5159.8371842131019 9837.8570842593908 553.69883872568607 3070.1200005933642 51726.637075468898 31584.347139753401 11193.283967547119
leaf_count=53632 7834 218 158963 25202 4769 142 2819 138 729 349442 1925 1249 9308 438 261 541 39532 24312 6334 13654 23330 18618 184825 16619 38027 2056 9769 163611 101066 51632
internal_value=-8.85929e-05 -7.74526e-05 -4.72811e-05 0.00027929 0.000529671 -0.000106429 0.00235696 0.0032724 -0.00138844 -0.000115196 -0.000442477 0.0011445 0.00142111 0.000648935 -0.00107907 -0.00264753 -0.000130316 2.3908e-05 -9.1989e-05 0.000914846 -0.00023912 -0.000472614 -0.000328365 0.00117115 0.000116674 -0.000534158 0.0018363 -1.173e-05 -9.29497e-05 0.000481807
internal_weight=387634 385376 369851 56714.6 49061.2 313136 1110.45 996.134 228.31 312026 7178.13 3700.87 3523.5 2866.21 1128.11 738.419 308325 127542 115839 8847.62 180784 89194.6 78233.5 11702.3 28915.5 10391.6 5066.58 91589 83311 18523.9
internal_count=1310995 1303161 1249529 192099 166897 1057430 3828 3686 867 1053602 7934 10775 10557 3165 1240 802 1042827 420130 379199 29757 622697 334690 295158 40931 110333 40083 16103 288007 264677 70250
cat_boundaries=0 1 2 3
cat_threshold=19 19 28
is_linear=0
shrinkage=0.05


Tree=120
num_leaves=31
num_cat=0
split_feature=6 7 16 7 8 8 7 16 7 7 7 7 7 7 7 16 16 16 1 16 1 3 3 1 16 1 8 7 1 18
split_gain=3.50269 2.98445 3.13986 3.23055 7.5978 5.20517 3.98035 3.92863 3.15722 4.769 4.62912 4.68969 3.87208 5.55228 6.59743 8.19182 3.44906 3.38415 3.05113 3.01685 2.91732 4.66888 2.77761 3.30648 2.70381 2.54047 2.57928 3.08626 2.52312 2.59184
threshold=0.91597561503675351 7.1596805561968466 0.9461910594647257 3.9219243190762363 2.1383330595080281 1.0000000180025095e-35 2.6735537653587351 0.69056601514900129 3.0201273556387074 3.1132683346437333 3.4175922930736511 3.4811217321331038 2.524928003624769 2.3502401828962087 1.0397207708399181 0.74468638834487166 0.75254527973905927 0.78950820384860276 131.50000000000003 0.80530725634941192 1181.5000000000002 1.0000000180025095e-35 1.0000000180025095e-35 1443.5000000000002 0.86765078569965659 1849.5000000000002 1.0000000180025095e-35 4.5271940351011493 540.50000000000011 1.0625000000000002
decision_type=2 2 2 2 2 2 2 2 2 2 2 2 2 2 2 2 2 2 2 2 2 2 2 2 2 2 2 2 2 2
left_child=1 2 3 5 25 7 -7 -1 12 16 -11 -12 13 14 -9 -16 -10 -15 -6 -8 21 -17 -21 -24 -22 -5 -27 -28 -3 -30
right_child=-2 28 -4 4 18 6 19 8 9 10 11 -13 -14 17 15 20 -18 -19 -20 22 24 -23 23 -25 -26 26 27 -29 29 -31
leaf_value=0.014188028567528611 0.0013784412442310768 -0.0021837701205173555 0.012862535962341694 0.0009091253565327418 -0.010961402921898853 -0.0034100082277290266 -0.0025469076651030657 0.00025282653390548693 0.037155248695959035 -0.0017264307959998339 0.012747795909761567 0.00026890252940905968 -0.0014205674753451796 0.0091252608052388006 -0.018604868361198779 -0.0052287113825814809 0.0037371478929951966 0.0003983731332185686 -0.00013505063567018639 -0.004862601177530651 -0.0029331286987491993 0.00045151578575486351 0.00042362488024074303 -0.0011303169208206677 0.0027398448051286443 0.014220058160266376 0.0003860794050791594 0.0073663103793192748 -0.00038819510911775604 -0.0030231806996327618
leaf_weight=3188.840265378356 27631.603417702019 6893.5949523150921 1774.6375025212765 28539.312936846167 270.05184319987893 1663.8719822689891 22880.516794051975 37975.246649395674 751.30726912617683 5693.7872136235237 2039.5114742964506 5373.6880602277815 14545.780084934086 6440.8788004554808 1763.0707572475076 3000.8153489418328 4087.2676378600299 8958.1431606858969 109826.36174542084 2951.451436072588 8079.5796835981309 7717.5119169540703 12267.920666702092 8731.289830096066 792.8761835694313 1884.7933067157865 5127.5065901316702 4675.5203140452504 36888.221764400601 5413.5562887489796
leaf_count=8523 95254 24429 6201 98402 898 5620 80536 124194 1869 18899 7028 18334 47566 23306 4107 10061 14515 26575 378666 8991 26974 25831 36727 27045 2601 6737 17166 16280 142463 5998
internal_value=-4.19646e-05 -8.35829e-05 -2.63411e-05 -3.83765e-05 0.000127782 -0.000195563 -0.000627354 -5.90639e-06 -5.73427e-05 0.000547816 5.25798e-05 0.000876083 -0.00017899 -3.37097e-05 -0.000253281 -0.000956411 0.00188934 0.000812253 -8.70869e-05 -0.000541971 -0.000662625 -0.000107496 -0.000149729 5.2137e-05 -0.00133325 0.00071585 0.00133675 0.00101106 -0.000445452 -0.000300901
internal_weight=387829 360197 311002 309227 150324 158903 48495.1 110408 107219 17945.6 13107 7413.2 89273.9 74728.1 59329.1 21353.9 4838.57 15399 110096 46831.2 19590.8 10718.3 23950.7 20999.2 8872.46 40227.1 11687.8 9803.03 49195.4 42301.8
internal_count=1311796 1216542 1043652 1037451 518149 519302 158919 360383 351860 60645 44261 25362 291215 243649 193768 69574 16384 49881 379564 153299 65467 35892 72763 63772 29575 138585 40183 33446 172890 148461
is_linear=0
shrinkage=0.05


Tree=121
num_leaves=31
num_cat=0
split_feature=1 7 0 6 16 8 10 16 8 1 10 7 7 8 8 7 16 16 4 16 7 7 10 16 7 8 1 16 10 7
split_gain=3.36051 3.61415 3.24583 3.04471 2.80376 3.32662 2.64852 2.44872 2.4233 2.26846 2.17404 3.02 2.22926 6.85887 2.90292 3.25572 2.44451 3.08191 2.33174 3.19045 2.23403 4.2297 2.23389 2.21979 2.1991 2.08609 2.47748 2.85218 2.04305 2.00117
threshold=317.50000000000006 9.1834315540998528 114.50000000000001 0.91597561503675351 0.81536292963384094 1.2424533248940002 0.0095776392541581917 0.68333810207629286 8.336749862461053 13074.000000000002 8.2691911923319328 7.108653137709358 3.9219243190762363 2.249904835165133 1.0000000180025095e-35 2.6735537653587351 0.8624299788615909 0.86381481058656318 2.5000000000000004 0.87093098878569231 3.795426061844291 3.7012257604091228 8.0863844360616497 0.80530725634941192 10.113667430069365 5.0906732680195743 2876.5000000000005 0.82365261305926685 7.4073427185764524 1.0397207708399181
decision_type=2 2 2 2 2 2 2 2 2 2 2 2 2 2 2 2 2 2 2 2 2 2 2 2 2 2 2 2 2 2
left_child=1 4 3 7 5 -1 -7 29 -4 10 11 12 14 -14 20 22 25 -18 -19 -20 21 28 -16 -17 -12 -15 -27 -28 -9 -2
right_child=2 -3 8 -5 -6 6 -8 9 -10 -11 24 -13 13 16 15 23 17 18 19 -21 -22 -23 -24 -25 -26 26 27 -29 -30 -31
leaf_value=-0.00087391431695341972 0.022390016057304687 -0.0061892093964864385 0.0025386201542809683 0.0014188343984878117 0.00017866016761416417 -0.014010437024134393 -0.0042078152802489336 -0.00024726082500703964 -0.021008020259788197 0.0061711110039929136 0.0047341626195201497 -0.0012119562456905861 0.0013687927498429705 -0.00031522934688037185 -0.0028318877865917223 -0.0022474112913374368 -0.0025210362504568527 0.00036450045716650281 0.00068932603468799822 -0.0015745210133567931 -0.0054020562121418038 0.0095560707143960318 -0.026129111864067769 -0.000114436438387433 -0.0026952958065208921 0.0005590739321748861 0.017448097388831796 -0.0046837096724767768 0.0033907308625650947 0.0036998065698853333
leaf_weight=8324.9508837200701 856.24755135923624 444.20773820206523 11075.021592929959 25414.733523789793 9208.780513368547 80.610597919672728 6107.9808731414378 85003.410809218884 86.464634265750647 2353.7224428243935 7318.8908357135952 38396.929221764207 39086.513861272484 71086.35780300945 1413.243355602026 19699.293194152415 743.31793585419655 4381.6342737302184 1507.3779606819153 5011.5900472253561 781.30733356997371 1520.7332594543695 36.431526429951191 21987.80886618793 1534.7781975902617 9419.7938209660351 1449.7783833257854 378.68709971010685 6274.1010469645262 6843.8166935890913
leaf_count=27433 2296 1556 35637 87768 29191 297 21647 280898 283 8052 20242 140939 135401 248058 4786 70282 2181 14492 5007 17617 2715 5239 136 66893 4731 33375 5131 1246 19445 18822
internal_value=-4.10775e-05 -0.000612023 -3.13629e-06 -2.97169e-05 -0.000528351 -0.000961339 -0.00183931 -7.06783e-05 0.000836329 -9.19205e-05 -0.000103402 -0.000125595 -6.65457e-05 7.9142e-05 -0.000208343 -0.000547689 -0.000152365 -0.000830464 -0.000618045 -0.00121758 -5.19161e-05 -2.94997e-05 -0.00287704 -0.000466686 0.000669087 -5.64665e-05 0.000576231 0.00226049 -7.30709e-05 0.00081041
internal_weight=387829 24166.5 363662 352500 23722.3 14513.5 6188.59 327086 11161.5 319386 317032 308178 269781 133065 136716 43136.8 93978.5 11643.9 10900.6 6518.97 93579.6 92798.2 1449.67 41687.1 8853.67 82334.6 11248.3 1828.47 91277.5 7700.06
internal_count=1311796 80124 1231672 1195752 78568 49377 21944 1107984 35920 1086866 1078814 1053841 912902 462508 450394 142097 327107 39297 37116 22624 308297 305582 4922 137175 24973 287810 39752 6377 300343 21118
is_linear=0
shrinkage=0.05


Tree=122
num_leaves=31
num_cat=0
split_feature=16 17 0 16 10 7 7 8 7 7 16 7 7 7 10 7 16 4 16 17 16 16 10 4 3 10 16 7 7 8
split_gain=3.03959 2.79425 2.778 2.7233 3.81827 5.10391 10.9509 6.59208 5.81963 4.59066 3.78002 3.68684 6.73894 6.99892 3.40759 5.71094 4.03638 3.03206 2.99994 11.1855 4.55585 3.82319 2.95858 6.26018 3.66238 2.91268 2.83037 2.7039 4.67305 2.63635
threshold=0.97182285662211954 0.71520748940142131 37.500000000000007 0.78615827369750269 0.0035577032138956383 1.0397207708399181 2.1383330595080281 1.0000000180025095e-35 3.0201273556387074 3.7012257604091228 0.74468638834487166 2.524928003624769 3.0201273556387074 3.1132683346437333 7.6356794924471805 8.4014455765695093 0.76654570564470936 2.5000000000000004 0.80570143096500557 0.66197798957202592 0.80530725634941192 0.81055355588102429 6.6358533115328004 1.5000000000000002 1.0000000180025095e-35 8.3125550392534944 0.80263627494539491 3.4175922930736511 3.4811217321331038 1.0000000180025095e-35
decision_type=2 2 2 2 2 2 2 2 2 2 2 2 2 2 2 2 2 2 2 2 2 2 2 2 2 2 2 2 2 2
left_child=2 -2 -1 4 -4 -6 10 9 -9 11 -7 -8 -13 -14 16 -16 -10 -11 19 20 -5 -20 24 -24 -22 -23 -21 -15 -29 -26
right_child=1 -3 3 18 5 6 7 8 14 17 -12 12 13 27 15 -17 -18 -19 21 26 22 25 23 -25 29 -27 -28 28 -30 -31
leaf_value=-0.00058442387716291656 -0.0056099000853404475 0.028757958395049289 -0.0031496236442501825 -0.0029251075398274485 0.0061435248961901117 -0.017688476832915967 0.0080711574082729786 -0.0062927167953031049 -0.0019178809211149673 0.0032525400128813747 -0.002791939831965773 -0.0038020369273030932 0.022342199433862359 -0.0039467941387770931 0.0053249350930682504 -0.003587569386831713 0.0012619098787762574 0.022880809703046512 0.0019964816072327307 -0.00036786132768784342 -0.017456443143425166 -0.00013960794858123502 -0.0068164915033595563 0.00085394012398191672 -0.002695837754541425 0.0055512632321078614 0.0026035136229932035 0.022558215735678646 -0.0048365057655803019 0.0012079871257857551
leaf_weight=52666.322374373674 424.65527755022049 758.95156413316727 3143.2794286571443 14426.702911555767 11876.822909977287 1685.9164204224944 7003.3989264965057 2149.4446202963591 35043.619979146868 1201.5456060990691 4105.0322428904474 4684.982197213918 1950.6745434552431 1955.338768068701 24165.849384937435 7466.1925992630422 17631.176551431417 2635.9255575276911 11616.919047392905 26581.329028740525 49.049089372158051 143993.57617267966 234.40488713979721 125.31514835357666 251.31837064027786 2566.6046556308866 5286.4313439503312 885.6110373288393 989.59060984104872 272.53462296724319
leaf_count=180703 579 3528 13634 17979 41484 4049 24980 8190 169568 4993 18169 17829 7359 7503 87178 28565 49618 10127 33962 95628 60 452833 293 157 315 7084 17972 3274 3842 341
internal_value=-4.21011e-05 0.00248784 -4.98458e-05 3.37571e-06 0.000183838 0.000226971 0.000123822 0.000237645 4.35077e-05 0.00102538 -0.00199431 0.000681409 8.72318e-05 0.00122936 0.000109009 0.000519213 -0.000137325 0.00259129 -0.000109586 -0.000459288 -0.00156768 -5.17505e-06 -0.00495455 -0.00850855 -0.00272303 -7.43819e-05 7.49231e-05 -1.21144e-05 0.00134439 -0.00149976
internal_weight=387829 1183.61 386645 333979 128574 125431 113554 107763 86456.3 21307.1 5790.95 17469.6 10466.2 5781.21 84306.8 31632 52674.8 3837.47 205404 47227.1 15359.3 158177 932.622 359.72 572.902 146560 31867.8 3830.54 1875.2 523.853
internal_count=1311796 4107 1307689 1126986 500362 486728 445244 423026 343119 79907 22218 64787 39807 21978 334929 115743 219186 15120 626624 132745 19145 493879 1166 450 716 459917 113600 14619 7116 656
is_linear=0
shrinkage=0.05


Tree=123
num_leaves=31
num_cat=0
split_feature=16 6 17 0 6 16 17 16 16 5 16 7 4 16 16 9 16 16 16 4 4 10 16 18 16 16 4 5 10 16
split_gain=2.70179 2.90149 2.7611 2.67462 2.49872 2.29204 3.00255 5.45512 5.98545 5.24023 3.10984 3.05861 3.03278 5.14631 8.11392 3.35612 3.33375 3.61357 3.01914 6.47424 4.00366 2.71588 2.94168 3.25863 2.56974 3.82002 5.85205 3.58247 3.87709 3.16657
threshold=0.97182285662211954 0.37940952255126048 0.71520748940142131 120.50000000000001 0.91597561503675351 0.68333810207629286 0.66847687381717125 0.80570143096500557 0.80217785889642024 1.0000000180025095e-35 0.93504912530908568 4.9522934739897151 2.5000000000000004 0.8470278619941235 0.84649134540172921 4.9732735209982879 0.83626252219812136 0.83523104476989685 0.80263627494539491 2.5000000000000004 1.5000000000000002 7.3161142606381642 0.81441168430396382 1.0625000000000002 0.82340483352627902 0.82626392889630418 2.5000000000000004 -0.5 5.8039889525589397 0.82581605217958109
decision_type=2 2 2 2 2 2 2 2 2 2 2 2 2 2 2 2 2 2 2 2 2 2 2 2 2 2 2 2 2 2
left_child=3 2 -2 4 5 -1 7 8 -7 10 -9 -12 13 14 16 -15 17 21 19 20 -10 -11 23 -23 27 26 29 28 -8 -26
right_child=1 -3 -4 -5 -6 6 24 9 18 12 11 -13 -14 15 -16 -17 -18 -19 -20 -21 -22 22 -24 -25 25 -27 -28 -29 -30 -31
leaf_value=0.0051589058985536786 -0.012486754980703885 0.031905970515381819 0.020176874482364916 0.0022183730197706366 0.0011515976572845173 -0.0015468193103881423 -0.00019854927691457386 -0.00036593654607544048 0.03766593288954137 0.0012446039525987073 -0.0028909093001409647 -0.021327877517038837 0.00014592489834352462 0.0050076364455587351 -0.0036364437387041365 -0.0056629071119877073 0.0038299237151449743 -0.0033504233420845412 -0.0016712294536171458 0.008955694954776881 -0.0069690948601521668 -0.006008987067822655 0.002524012518046992 0.00080656453632448478 -0.0011321676622757793 -0.00017041979096652228 0.00082158536362918764 -0.00020618504517039282 0.0031687005376033976 -0.0049266002065734412
leaf_weight=8582.6195163726807 315.58835661411285 292.63631577044725 575.38216929882765 8705.1877249069512 26901.345380447805 70075.426139712334 19139.138935349882 31455.877991676331 20.575025618076324 4125.4420803189278 196.42219996452332 174.35068958997726 14627.386258423328 3725.5430946946144 520.38418710231781 47.216681361198425 897.34503382444382 385.49918323755264 4359.7420492172241 244.10932070016861 724.46696579456329 419.58826988935471 987.493139564991 226.84401100873947 3287.0401547551155 72746.501903839409 2824.231888204813 79697.25798445195 30993.02930252254 554.84392330050468
leaf_count=23500 433 1003 2671 27755 92886 89796 104042 40603 27 5333 254 220 18927 4845 659 63 1175 490 5582 316 920 585 1274 244 12415 304775 11316 397386 160588 1713
internal_value=-4.24568e-05 0.00234276 0.000923999 -4.97585e-05 -6.97167e-05 -0.000105307 -0.000125533 -0.000311084 -0.000591153 5.44515e-05 -0.00037558 -0.00492798 0.00058161 0.00119549 0.000443007 0.00270385 0.000888209 0.000472485 -0.00220333 -0.00469723 -0.00701268 0.000786179 -0.000939089 -0.00356124 -7.402e-06 -0.000231445 -0.00137703 0.000129638 0.000460798 -0.00264721
internal_weight=387829 1183.61 890.971 386645 377940 351038 342456 133214 75424.3 57789.4 31826.7 370.773 25962.7 11335.4 7562.6 3772.76 7042.21 6144.87 5348.89 989.151 745.042 5759.37 1633.93 646.432 209242 79412.6 6666.12 129829 50132.2 3841.88
internal_count=1311796 4107 3104 1307689 1279934 1187048 1163548 171313 96641 74672 41077 474 33595 14668 9760 4908 9101 7926 6845 1263 947 7436 2103 829 992235 330219 25444 662016 264630 14128
is_linear=0
shrinkage=0.05


Tree=124
num_leaves=31
num_cat=0
split_feature=1 3 7 16 1 7 7 1 16 16 16 8 6 5 4 0 17 8 17 9 6 1 16 4 1 1 16 16 1 5
split_gain=3.25559 4.04819 3.98681 3.62426 5.93981 3.51711 3.44959 3.14675 3.98948 2.93192 2.66859 2.97756 2.5919 2.43663 2.41724 2.39682 2.37658 2.19693 2.26452 2.65411 2.02412 2.07296 1.90103 4.13316 2.51456 1.87435 1.87262 6.84245 5.64482 4.6509
threshold=317.50000000000006 1.0000000180025095e-35 1.0000000180025095e-35 0.82055312402580527 1626.5000000000002 9.1834315540998528 5.9414853139235673 1419.5000000000002 0.84935014080349602 0.97182285662211954 0.81536292963384094 1.2424533248940002 0.37940952255126048 0.60355339059327384 2.5000000000000004 108.50000000000001 0.6484252398823479 1.0000000180025095e-35 0.65737091758083455 4.135134555718313 0.91597561503675351 13074.000000000002 0.93504912530908568 1.5000000000000002 984.50000000000011 3109.5000000000005 0.76654570564470936 0.77481306712307374 1383.5000000000002 1.0000000180025095e-35
decision_type=2 2 2 2 2 2 2 2 2 2 2 2 2 2 2 2 2 2 2 2 2 2 2 2 2 2 2 2 2 2
left_child=5 2 -2 4 17 10 7 -5 14 15 11 -1 -11 -12 -9 20 -6 -4 19 -19 21 22 26 24 -24 -22 28 -28 -3 -30
right_child=1 9 3 6 16 -7 -8 8 -10 12 13 -13 -14 -15 -16 -17 -18 18 -20 -21 25 -23 23 -25 -26 -27 27 -29 29 -31
leaf_value=-0.00081310991342004252 -0.012034524498537043 -0.0027354955911669619 0.0070513842366926264 -0.0010700690925951402 -0.012350136969353076 -0.0057722983075736648 0.0073157837255572794 -0.0079059561045845723 -0.013206377010136522 0.008801613989871766 -0.0003433143542088027 -0.0042843896431615817 0.038777895253060503 0.001852724281046607 0.017397337661254449 0.0015484419176016646 0.026448796494808514 -0.0026050634011903885 0.0037388708196497422 -0.031141808479239187 0.00044048246131195848 0.0057260970756737922 -0.019166105012228613 0.0026610680184255553 -0.0068556272664245911 0.0061398172952507159 0.0029323408053508085 -0.00020051421306718222 0.0037071720017440636 -0.0030121671738535753
leaf_weight=8324.9508837200701 456.59244662150741 32800.977447658777 11115.128864750266 9827.7069834023714 121.85479319095612 444.20773820206523 2501.2486635074019 178.20505797863007 777.34330071508884 461.21615489572287 6505.0438454076648 6188.5914710611105 178.91345629841089 2703.7366679608822 237.95016957819462 12914.221842553467 1322.785950653255 4187.8987903594971 12666.037339698523 107.36735928058624 18841.045505411923 2348.7965686172247 416.50579047948122 698.33806054294109 303.87723964452744 3422.3869624361396 13712.745052926242 199018.83266461641 18985.028618577868 16058.980186786503
leaf_count=27433 1768 158432 36449 31225 151 1556 8388 494 2397 1612 20644 21944 595 8547 734 41838 4734 5238 54607 133 65095 8019 1244 2675 895 11896 35705 601714 85067 70567
internal_value=-4.29555e-05 -5.6113e-06 0.000446964 0.000496264 0.000806783 -0.000604917 -0.000181634 -0.000562077 -0.00298646 -6.71024e-05 -0.000522376 -0.000944798 0.00331337 0.000143384 0.000964434 -7.38748e-05 0.00393345 0.000645904 0.000287862 -0.000704236 -0.00010198 -0.000137927 -0.000150248 -0.00197591 -0.00463305 0.000357137 -0.000141017 -6.80691e-05 -0.000369748 7.14896e-05
internal_weight=387829 363662 43500.1 43043.5 29521.1 24166.5 13522.5 11021.2 1193.5 320162 23722.3 14513.5 640.13 9208.78 416.155 319522 1444.64 28076.4 16961.3 4295.27 306608 284344 281995 1418.72 720.383 22263.4 280577 212732 67845 35044
internal_count=1311796 1231672 146318 144550 101312 80124 43238 34850 3625 1085354 78568 49377 2207 29191 1228 1083147 4885 96427 59978 5371 1041309 964318 956299 4814 2139 76991 951485 637419 314066 155634
is_linear=0
shrinkage=0.05


Tree=125
num_leaves=31
num_cat=2
split_feature=6 5 16 10 2 7 10 10 9 16 10 10 10 5 16 7 16 16 18 4 10 18 16 4 9 7 2 7 6 16
split_gain=4.67703 3.81923 7.08351 3.59147 3.12073 2.72938 2.47325 2.38133 2.1051 2.09455 2.02082 4.04641 3.82658 2.10854 4.75769 2.06295 1.97019 1.93675 1.87498 1.84953 2.19634 1.81944 1.79463 3.19812 1.77839 1.72086 1.71953 1.79003 1.70637 1.67199
threshold=-0.12940952255126037 -0.37940952255126059 0.83375273960117646 5.1395278340092423 0 8.3191080320121937 6.6567834978476315 8.2341025566602486 5.754157426206274 0.67530393782091591 0.098905681065719467 3.7091449638409379 0.017422101145432873 0.78656609248549325 0.80468843791176625 8.1640833035104183 0.97182285662211954 0.7503268675834982 1.0041666666666669 1.5000000000000002 8.1771991942971045 1.0708333333333335 0.89302366647559417 2.5000000000000004 2.3502401828962087 10.297790450505167 1 5.4402485097224949 -0.9159756150367534 0.83626252219812136
decision_type=2 2 2 2 1 2 2 2 2 2 2 2 2 2 2 2 2 2 2 2 2 2 2 2 2 2 1 2 2 2
left_child=5 2 3 -2 -5 7 -7 9 17 -1 12 -12 -11 -13 18 26 29 -6 -15 -8 -21 25 -3 -24 -23 28 27 -16 -22 -4
right_child=1 22 16 4 8 6 19 -9 -10 10 11 13 -14 14 15 -17 -18 -19 -20 20 21 24 23 -25 -26 -27 -28 -29 -30 -31
leaf_value=0.0081114186982988567 -0.00074906351130616256 0.00070982531474937389 -0.0026597698730418009 0.0066028171845137987 0.0067038635812907369 0.0039536401513888542 -0.004036396316253652 0.0044482059161646686 -0.0083061879843068925 -0.00023703899333345492 -0.0010635827064850889 -0.0002479089011933944 0.0029719413141848952 -0.0028555792631216881 0.0015741613145768122 -0.0061516983029331566 0.018152148981539429 6.2206539915662939e-05 -0.0059724497073486375 -0.0031216494026609005 -0.0040200200311220789 -0.014529079525666856 0.010955425683888171 -0.0010652645455989957 -0.0032352007242674565 -0.0051153941273903826 -0.00061741270578741236 -0.0004971365127923455 0.0055670939261344594 -0.0010173576741934573
leaf_weight=4166.2570635452867 17634.330579038709 77582.029195904732 1661.4570277258754 8908.2806380949914 6417.5805191919208 312.59214511886239 1849.5360638573766 3690.7409730702639 328.61404013261199 21477.71269672364 22149.474076293409 132504.54076536 6143.8932143226266 8336.0042723342776 3315.5292975008488 94.197685673832893 212.65801768749952 24293.20629799366 4214.1327278874815 6608.7515131533146 956.13787101209164 121.89067694544792 1779.3161512836814 1119.5077547505498 337.50760940462351 797.17127558216453 6444.9580537825823 1503.4165536463261 2524.7977800145745 20160.01699565351
leaf_count=11600 63264 263638 5533 30132 16196 1206 6284 9826 1160 73183 75422 446462 20541 38601 10070 301 783 90124 6087 25136 3054 132 6061 4157 361 2712 20034 4775 8189 65911
internal_value=-8.60282e-05 0.000121026 -0.000124508 0.000167233 0.000429592 -0.000231705 -0.000921009 -0.000188202 0.000192534 -0.000210293 -0.000232721 -0.000294287 0.000165273 -0.000204718 -0.0006369 0.000104522 -0.000886919 0.00023519 -0.0013079 -0.00102514 -0.000786144 3.5491e-05 0.000363922 0.00158538 -0.00295468 0.000356586 0.000166144 0.000879514 0.000836479 -0.000933593
internal_weight=387646 160097 79616.1 57582 39947.7 227549 13508.4 214041 31039.4 210350 206184 178562 27621.6 156413 23908.2 11358.1 22034.1 30710.8 12550.1 13195.8 11346.3 4737.51 80480.9 2898.82 459.398 4278.11 11263.9 4818.95 3480.94 21821.5
internal_count=1310935 546959 273103 200876 137612 763976 47074 716902 107480 707076 695476 601752 93724 526330 79868 35180 72227 106320 44688 45868 39584 14448 273856 10218 493 13955 34879 14845 11243 71444
cat_boundaries=0 1 2
cat_threshold=2 12
is_linear=0
shrinkage=0.05


Tree=126
num_leaves=31
num_cat=0
split_feature=6 1 5 16 1 17 18 4 17 16 16 11 5 16 9 1 16 17 16 16 16 4 16 16 4 17 16 9 5 16
split_gain=4.13259 3.84936 3.46266 6.45974 3.66961 2.77468 3.16486 2.85978 2.53077 3.66466 4.45405 3.84605 3.1286 2.8676 2.84981 2.53753 2.44477 2.48818 2.44173 2.3785 3.04418 2.36859 2.21642 2.23666 4.03837 2.77068 2.54172 2.20133 2.16618 2.05051
threshold=-0.12940952255126037 234.50000000000003 -0.37940952255126059 0.83375273960117646 3522.5000000000005 0.66507504340750978 0.9208333333333335 1.5000000000000002 0.70060497822106316 0.67530393782091591 0.80570143096500557 1.0000000180025095e-35 -0.70710678118654735 0.93504912530908568 2.740319461670996 1494.5000000000002 0.80217785889642024 0.65090371963234628 0.77084640888616696 0.78371502652980218 0.81496621376278278 2.5000000000000004 0.76640384685231278 0.76654570564470936 1.5000000000000002 0.79630840319735097 0.77481306712307374 4.0342014792848504 1.0000000180025095e-35 0.76314558284360301
decision_type=2 2 2 2 2 2 2 2 2 2 2 2 2 2 2 2 2 2 2 2 2 2 2 2 2 2 2 2 2 2
left_child=1 -1 3 4 5 -2 -7 18 9 -3 11 12 -11 15 16 27 -14 28 -8 -20 -21 -6 29 24 -24 26 -25 -12 -18 -10
right_child=2 8 -4 -5 21 6 7 -9 22 10 13 -13 14 -15 -16 -17 17 -19 19 20 -22 -23 23 25 -26 -27 -28 -29 -30 -31
leaf_value=-0.0023940025504428533 -0.0010759739391942248 0.013667794694807001 0.00078545326897300205 -0.0010657538927400679 -0.0012339297943884222 -0.0023351575407029785 0.0066117486958324756 0.0022607709800006484 0.0017582585496222825 -8.2123900126321325e-05 0.00022456554673640217 0.0019186637724544931 -0.0027200890019683233 -0.013673927202269776 -0.0068187873599357025 -0.0010138577772332124 -0.0068436460528095606 -0.0015946336669730291 -0.0045777476009858046 0.0012038994720553822 -0.0013711107968719218 0.010560032131404008 0.002599632166843262 0.0033947200158302411 -0.0032495982680174952 0.00050040979535194159 -0.00050743565425734609 0.0037433358631224797 -0.0024162299054502068 0.0086714362270675412
leaf_weight=6944.504233084619 19136.616499900818 2318.7240360379219 80480.853101938963 22034.132041066885 1560.9107238799334 3959.0405415147543 805.74642959609628 24101.428241878748 20068.177617810667 8613.4295276999474 25114.216657042503 5736.4578578472137 31753.019386529922 666.73984712362289 3344.1610286831856 13948.712591469288 307.46586859226227 1553.2986277341843 451.26096124947071 989.6773736551404 1343.4685860574245 5233.8627167195082 925.80649229511619 3855.8851962834597 7368.2655793055892 32597.904544204473 59524.846322119236 607.60367101430893 518.05275684595108 1781.9704735055566
leaf_count=22714 23694 3046 273856 72227 5328 52521 3539 88531 80284 11251 33778 7575 41841 891 4443 18720 389 2077 1431 3187 4750 17895 14525 10895 114719 213009 175323 815 651 7030
internal_value=-8.38974e-05 -0.000220833 0.000110732 -0.000123059 0.000155541 9.54322e-06 0.000296913 0.000485963 -0.000184346 -0.00038001 -0.000429403 -0.000736057 -0.000888015 -3.54093e-05 -0.00108551 1.92445e-05 -0.000949031 -0.00249507 -0.000830557 -0.001532 -0.000889319 0.0012468 -3.7769e-05 -0.000133718 -0.000921468 -6.56442e-05 -0.000258304 0.000313726 -0.00471324 0.000420117
internal_weight=387646 227549 160097 79616.1 57582 50787.2 31650.6 27691.6 220605 94481.9 92163.2 51825.9 46089.4 40337.3 37476 39670.5 34131.8 2378.82 3590.15 2784.41 2333.15 6794.77 126123 104273 8294.07 95978.6 63380.7 25721.8 825.519 21850.1
internal_count=1310935 763976 546959 273103 200876 177653 153959 101438 741262 125477 122431 68227 60652 54204 49401 53313 44958 3117 12907 9368 7937 23223 615785 528471 129244 399227 186218 34593 1040 87314
is_linear=0
shrinkage=0.05


Tree=127
num_leaves=31
num_cat=0
split_feature=1 17 4 16 10 16 16 5 16 9 16 4 16 4 16 11 4 16 16 16 17 16 16 16 16 3 1 9 4 1
split_gain=3.11303 2.76371 4.31008 7.10906 4.53713 4.25806 4.09126 7.46988 5.49898 3.63763 3.51436 3.27551 3.71031 2.96789 3.81654 2.93442 2.87149 2.80102 5.03487 8.9803 4.31154 2.79692 3.95277 6.11896 5.829 3.80861 3.72122 3.17522 3.08171 2.78674
threshold=157.50000000000003 0.66847687381717125 3.5000000000000004 0.87260122516658101 5.8317312297695052 0.67530393782091591 0.81441168430396382 0.12940952255126045 0.81354795087357534 2.740319461670996 0.91167763378283551 1.5000000000000002 0.87970026051821659 2.5000000000000004 0.83867651399525556 1.0000000180025095e-35 2.5000000000000004 0.81536292963384094 0.81759950385457481 0.81680104559265798 0.66536933010598343 0.82805938968709258 0.82982140869454424 0.83375273960117646 0.83561204850757254 1.0000000180025095e-35 1573.5000000000002 2.602003343538398 1.5000000000000002 2024.5000000000002
decision_type=2 2 2 2 2 2 2 2 2 2 2 2 2 2 2 2 2 2 2 2 2 2 2 2 2 2 2 2 2 2
left_child=-1 5 10 4 -4 15 8 13 9 -7 -3 12 -9 17 -15 -2 -10 20 19 -19 -8 -20 25 27 26 -23 -25 28 -24 -12
right_child=1 2 3 -5 -6 6 7 11 16 -11 29 -13 -14 14 -16 -17 -18 18 21 -21 -22 22 23 24 -26 -27 -28 -29 -30 -31
leaf_value=-0.0040005358613440017 0.0067733543039907281 -0.00026813279106477908 -4.0575943799398e-05 -0.0014617203408089155 0.0029931770856101883 -0.00090537962058896422 0.011568752297596003 0.0079225353590662798 -0.0044829939460423272 -0.0042120657533171518 0.0033642516178799932 0.00081456297889823115 -0.00031904534316261335 2.1732325432433088e-05 -0.001523519339939139 0.027628575905128152 -0.0035094049572958366 0.0020911033821084724 0.002624114185258031 -0.0076366682998286646 -0.0027784294500556557 -0.021676344180308546 0.12967446911149744 -0.00091234853129052449 0.00041871344328371781 -0.0015055035435107584 -0.0080386793435930689 -0.0089153383985393821 0.0083368432351474068 0.024557635422979132
leaf_weight=3293.3427715115249 3423.4064726233482 148143.91905065998 29709.8201722987 5699.5314487665892 45357.510321792215 86092.409384794533 163.30798017978668 1464.6806043386459 466.6515154838562 7263.1362906694412 3629.6928715184331 18058.93239068985 820.31587171554565 8299.9190170168877 10771.513137757778 457.31800723075867 650.53105598688126 402.10862118005753 2275.7664922475815 346.41504257917404 46.972007274627686 81.590914845466614 51.921106398105621 528.92180925607681 8066.7422739863396 756.91699630022049 334.23748886585236 47.894356250762939 403.83485817909241 536.97920028865337
leaf_count=10702 4390 703117 144101 25116 215040 110264 202 1912 605 9362 16001 23360 1056 10697 13962 585 834 520 2944 451 77 105 67 681 10458 966 422 62 525 2351
internal_value=-8.28751e-05 -6.97592e-05 3.82562e-05 0.000333521 0.000462777 -0.000236184 -0.000279227 7.27323e-05 -0.000476389 -0.000434659 -0.000118316 0.000824449 0.00260804 -0.00039669 -0.000798308 0.00139866 -0.0039635 0.000170397 7.98474e-05 -0.00390379 0.00589601 0.000317486 -3.38812e-05 0.00025854 -4.38817e-05 -0.00332373 -0.00394912 0.00562058 0.00690755 0.00131379
internal_weight=387646 384353 233077 80766.9 75067.3 151275 147395 52922 94472.7 93355.5 152311 20343.9 2285 32578.1 19071.4 3880.72 1117.18 13506.6 13296.3 748.524 210.28 12547.8 10272.1 9433.55 8929.9 838.508 863.159 503.65 455.756 4166.67
internal_count=1310935 1300233 1105726 384257 359141 194507 189532 68467 121065 119626 721469 26328 2968 42139 24659 4975 1439 17480 17201 971 279 16230 13286 12215 11561 1071 1103 654 592 18352
is_linear=0
shrinkage=0.05


Tree=128
num_leaves=31
num_cat=0
split_feature=6 1 5 1 10 10 10 7 8 4 4 10 10 17 3 10 7 7 5 17 7 1 0 5 7 9 18 0 10 1
split_gain=3.80185 3.23162 2.99932 2.83686 2.58553 4.00775 3.39759 2.60158 2.54496 2.19943 2.16932 2.30038 2.15421 2.04668 2.48037 3.52084 2.20997 2.04615 1.97443 1.96618 1.91653 1.81745 1.92163 1.79349 1.73128 1.71351 1.65534 2.04113 2.22087 2.01304
threshold=-0.12940952255126037 234.50000000000003 -0.37940952255126059 3522.5000000000005 0.098905681065719467 0.017422101145432873 3.7091449638409379 6.4559841094561436 3.7494348669884658 3.5000000000000004 2.5000000000000004 6.7576196076432629 8.1413870876538788 0.66507504340750978 1.0000000180025095e-35 6.5298753861640817 10.481293953298048 1.0000000180025095e-35 0.78656609248549325 0.81369086832060233 6.6260550586284914 5746.5000000000009 134.50000000000003 -0.9159756150367534 9.1834315540998528 5.040188859666439 1.0708333333333335 64.500000000000014 6.7576196076432629 2333.5000000000005
decision_type=2 2 2 2 2 2 2 2 2 2 2 2 2 2 2 2 2 2 2 2 2 2 2 2 2 2 2 2 2 2
left_child=1 24 3 13 5 -3 -6 12 26 17 11 20 -8 16 15 -15 23 -5 21 -16 -10 22 -12 -2 -1 -20 -9 29 -29 -28
right_child=2 4 -4 9 6 -7 7 8 10 -11 18 -13 -14 14 19 -17 -18 -19 25 -21 -22 -23 -24 -25 -26 -27 27 28 -30 -31
leaf_value=-0.0021468215926607084 -8.8426196654717301e-05 -7.1673276040568065e-05 0.00074044930914671106 -0.0099187640763236055 -0.00096590375316205903 0.0033447063228774832 -0.00015755528027589505 0.0020342055611987349 -0.0019801994731194401 0.0087420442035228696 -0.00049206908762747801 -0.0023038922370960473 0.005732738831729302 -0.0011296482716153134 -0.000183004519694141 0.012834180207295666 -0.012010679137840451 0.00044774410710515247 -0.0040885945570962286 -0.0034119704276018847 0.0017404688328622256 0.010798080862338633 -0.018003928639819818 -0.0017587123880736244 -0.014389126547225276 0.010318315440068211 -0.012568873648642674 -0.018060824260837421 0.030499425156204497 0.02332270245950421
leaf_weight=6840.8513194769621 11185.798435628414 20683.445129249245 80480.853101938963 80.990109078586102 21604.706597417593 6152.8001808486879 123845.33583923429 5129.6152877882123 284.3976797349751 4083.8286731317639 19965.324246630073 14072.645301029086 2562.4392817392945 3835.1687522381544 37092.155449848622 3452.7533185742795 151.16879504919052 4314.7936350405216 3346.8882694542408 1569.5587941296399 1189.7782085873187 945.70107244327664 165.26177847012877 13849.928152799606 103.65291360765696 219.64933644607663 239.12638436257839 24.676386497914791 124.3003569021821 48.646745309233665
leaf_count=22348 13847 70501 273856 289 73505 20524 410263 19242 1068 13930 70191 47902 6685 17595 156997 15796 188 14716 11766 22548 4700 3154 511 17197 366 765 268 27 137 53
internal_value=-8.01367e-05 -0.000211479 0.000106542 -0.000111046 -0.000178047 0.000281911 -0.00024175 -0.000167582 -0.00049064 0.000753418 -0.000629416 -0.0010919 -5.06439e-05 -0.000214092 -1.55303e-05 0.000830577 -0.000576337 -2.27448e-05 -0.00033764 -0.000175026 0.000787249 -0.000153532 -0.000254168 -0.000539943 -0.00127349 -0.00142562 0.000511337 -0.00244364 0.00230703 -0.00490301
internal_weight=387646 227549 160097 79616.1 220605 26836.2 193768 172164 45756 8479.61 40189.6 15546.8 126408 71136.5 45949.6 7287.92 25186.9 4395.78 24642.8 38661.7 1474.18 21076.3 20130.6 25035.7 6944.5 3566.54 5566.37 436.75 148.977 287.773
internal_count=1310935 763976 546959 273103 741262 91025 650237 576732 159784 28935 140057 53670 416948 244168 212936 33391 31232 15005 86387 179545 5768 73856 70702 31044 22714 12531 19727 485 164 321
is_linear=0
shrinkage=0.05


Tree=129
num_leaves=31
num_cat=0
split_feature=6 1 5 16 1 10 17 17 16 4 16 10 10 10 7 17 4 16 10 1 16 10 16 16 10 16 16 10 16 17
split_gain=3.39325 2.88234 2.77476 5.45866 3.07078 2.6818 2.45036 2.77899 2.50613 2.85028 2.58457 2.3388 3.82885 3.02071 2.37231 2.16077 2.0845 2.39187 2.07904 2.31177 1.93251 1.79389 1.77445 1.96884 3.16687 1.87441 1.93688 1.85281 1.77259 1.7527
threshold=-0.12940952255126037 234.50000000000003 -0.37940952255126059 0.83375273960117646 3595.5000000000005 5.3176070529947586 0.66507504340750978 0.81045960846292242 0.77544768026853006 1.5000000000000002 0.77968850705887938 0.098905681065719467 0.040486699357039899 3.7091449638409379 6.4559841094561436 0.79092434854274274 1.5000000000000002 0.6500768209777964 7.8834697857258513 1655.5000000000002 0.78892696523979611 8.4036835615819729 0.81496621376278278 0.81536292963384094 7.3472743445324857 0.79345724859238753 0.78226511065443993 0.0061014869019665038 0.78247868681815624 0.78019127016926815
decision_type=2 2 2 2 2 2 2 2 2 2 2 2 2 2 2 2 2 2 2 2 2 2 2 2 2 2 2 2 2 2
left_child=1 20 3 4 6 -6 -2 8 -8 10 -10 12 -3 -13 18 16 -16 -18 -15 -20 -1 -17 25 24 27 26 -12 -24 -28 -30
right_child=2 11 -4 -5 5 -7 7 -9 9 -11 22 13 -14 14 15 21 17 -19 19 -21 -22 -23 23 -25 -26 -27 28 -29 29 -31
leaf_value=-0.0073469151841153504 -0.00097105270222085094 0.00015937262475491378 0.00070342684368937536 -0.00098924619018069264 -0.0011446549117860639 0.010878797983751199 0.0059791754376564039 -0.0024092850287138396 -0.0063206722094858586 0.0008951397820634255 0.028703563776956889 -0.00091760856550395517 0.0059801946181054725 -0.00021190123501897419 -0.0027249276369433334 -0.00034812857774622067 0.033908997443443799 -0.0016573477216006327 0.00037100965778977257 0.0078228729003785632 -0.00069516744687262105 0.013478986034978081 -0.0050366369669867742 -0.00087795214045571779 -0.011684740783588977 0.0025577012855215386 -0.0056627105330770899 -0.00028735458373709417 0.017320602599501446 -0.0036961957245564198
leaf_weight=3124.4541574642062 19223.531041443348 25044.500139277428 80480.853101938963 22034.132041066885 2136.9732359424233 4417.9808058403432 10113.132980100811 3322.104771181941 134.67613387852907 15672.399088419974 40.500135108828545 21604.706597417593 1791.7451708205044 114747.06794990599 2980.5729233324528 21266.503624271601 312.00833711028099 20823.618201106787 7704.9533039405942 3955.7538671270013 3820.0500756204128 373.30796783417463 13.143876492977141 1203.0273693576455 47.142125636339188 697.92305709421635 105.66346628963947 105.8305632174015 67.532654523849487 280.45076992362738
leaf_count=11139 23801 85035 273856 72227 7485 14891 41590 46455 490 57046 141 73505 5990 381809 4546 121251 469 32091 23336 11803 11575 1427 27 4677 97 2149 397 225 118 1287
internal_value=-7.60753e-05 -0.000200159 0.000100287 -0.000108997 0.000147107 0.00116585 1.62385e-05 0.000285618 0.000445243 9.72264e-05 -0.00140452 -0.000168586 0.000268876 -0.000229172 -0.000159239 -0.000467733 -0.000793212 -0.000618646 -4.75725e-05 0.000588524 -0.00120314 -0.000105008 -0.00104951 -0.00227753 -0.00738002 0.000360923 -0.00199536 -0.00303435 -0.00293068 -0.00120842
internal_weight=387646 227549 160097 79616.1 57582 6554.95 51027.1 31803.5 28481.4 18368.3 2695.89 220605 26836.2 193768 172164 45756 24116.2 21135.6 126408 11660.7 6944.5 21639.8 2561.21 1369.14 166.117 1192.07 494.147 118.974 453.647 347.983
internal_count=1310935 763976 546959 273103 200876 22376 178500 154699 108244 66654 9608 741262 91025 650237 576732 159784 37106 32560 416948 35139 22714 122678 9118 5026 349 4092 1943 252 1802 1405
is_linear=0
shrinkage=0.05


Tree=130
num_leaves=31
num_cat=3
split_feature=6 16 4 17 0 2 16 9 17 8 7 18 16 6 2 7 8 7 4 16 7 7 18 7 7 16 8 16 2 17
split_gain=2.87367 2.09739 3.31663 3.56095 2.03149 3.582 1.9516 1.67324 1.77022 1.71411 1.62824 1.84046 2.3772 3.49533 2.14992 2.06743 2.34967 2.00682 1.9413 2.31474 2.55985 2.54053 2.40397 2.26232 2.11323 2.03837 1.90507 2.00216 1.84015 2.31117
threshold=-0.9159756150367534 0.97182285662211954 1.5000000000000002 0.72406633601923109 87.500000000000014 0 0.79298886997848383 2.602003343538398 0.64632798978931005 6.6405290017835643 7.3997038002470239 0.94583333333333341 0.78615827369750269 0.91597561503675351 1 3.9219243190762363 0.89587973461402759 1.0397207708399181 1.5000000000000002 0.76060710736486381 3.0201273556387074 3.1132683346437333 1.0625000000000002 3.4175922930736511 2.6735537653587351 0.78371502652980218 0.89587973461402759 0.76729534643992026 2 0.65813547005910744
decision_type=2 2 2 2 2 1 2 2 2 2 2 2 2 2 1 2 2 2 2 2 2 2 2 2 2 2 2 2 1 2
left_child=-1 4 -3 -4 7 6 -6 9 -9 10 11 -2 13 14 15 16 18 -18 25 20 24 -22 -23 -24 -20 -13 27 -17 -14 -30
right_child=1 2 3 -5 5 -7 -8 8 -10 -11 -12 12 28 -15 -16 26 17 -19 19 -21 21 22 23 -25 -26 -27 -28 -29 29 -31
leaf_value=-0.00055734682365770065 -0.00082596902225895441 0.026694161564639309 -0.032183949509160092 0.012427500721830787 0.0067981518557470371 -0.0005685501396199042 0.00076412582448424362 0.0035884617239246353 -0.0010493262807524163 0.0026955730109275381 -0.0012852773827341402 -0.0026789749874874592 0.00017414193372939369 0.0064192494432089749 -0.00053634515934698486 0.020380186040051297 -0.028074620279997461 -0.0028602520126075337 -0.0019264880529892394 0.0047399290341804123 0.031506832318678714 0.010410451526802001 -0.036301290201931569 -0.0047637024492279472 -0.018166547989395123 0.014325478476497962 0.0029984715866534064 -0.00020533631120517871 -0.001207489848429183 -8.0665327225559746e-05
leaf_weight=63986.84973872453 19554.562743965536 772.0040357708931 107.24264979362488 141.76823648810387 11475.163841690868 12481.151411600411 13773.430753000081 722.43443036079407 22942.867911223322 4723.3788743987679 13345.673117686063 1546.0493270419538 60296.820768155158 6270.6947160437703 29602.095516946167 1268.4001130796969 34.478252522647381 4774.0683134868741 5512.1378349885345 6871.8875015303493 495.52974551916122 1187.7847023978829 111.91844511032104 191.98571795225143 417.42082564532757 53.954858176410198 19538.70536404103 621.43486908078194 21244.565405607224 63431.128267288208
leaf_count=213958 238361 2671 146 707 41818 41303 41789 889 82449 16639 47332 3719 161921 15296 72648 3219 74 11474 12195 18157 1138 3014 121 207 891 126 48524 1590 26520 202063
internal_value=-2.39075e-05 3.66481e-05 0.00229924 -0.00271844 2.94847e-05 0.000374245 0.000716609 -1.61949e-05 -0.000418776 2.02946e-05 2.90526e-06 3.24336e-05 7.31361e-05 0.000294754 0.000196446 0.000423716 7.37044e-05 -0.000898145 0.000358852 0.000537846 -4.4955e-05 0.00150812 0.000477718 -0.0034905 -0.000565448 -0.00129558 0.000770147 0.00228603 -4.68636e-05 -0.000197173
internal_weight=387498 323511 1021.01 249.011 322490 37729.7 25248.6 284760 23665.3 261095 256371 243026 223471 78498.5 72227.9 42625.8 21197.2 4808.55 16388.7 14788.7 7916.78 1987.22 1491.69 303.904 5929.56 1600 21428.5 1889.83 144973 84675.7
internal_count=1310959 1097001 3524 853 1093477 124910 83607 968567 83338 885229 868590 821258 582897 192393 177097 104449 51116 11548 39568 35723 17566 4480 3342 328 13086 3845 53333 4809 390504 228583
cat_boundaries=0 1 2 3
cat_threshold=19 11 12
is_linear=0
shrinkage=0.05


Tree=131
num_leaves=31
num_cat=1
split_feature=6 16 4 17 0 2 10 10 10 7 10 0 6 10 7 10 10 16 7 17 16 10 10 16 16 17 16 5 17 10
split_gain=2.63728 1.87493 3.16312 3.28847 1.77977 3.18982 1.78342 1.84461 1.70867 1.58257 1.83071 1.58106 1.54038 1.42784 1.79612 1.86802 2.15329 4.28864 2.41185 2.28523 2.02125 1.9502 1.9459 2.04778 2.3414 2.09678 1.89401 4.6347 3.15557 2.11425
threshold=-0.9159756150367534 0.97182285662211954 1.5000000000000002 0.72406633601923109 87.500000000000014 0 6.6151282590507678 0.47873179439478714 0.022380281092871965 8.7226614477352946 6.464191194684128 23.500000000000004 0.37940952255126048 8.3382844508594918 7.4238668626505984 4.7959920073102493 0.47873179439478714 0.82626392889630418 4.8402344967050359 0.78019127016926815 0.82537325419067853 0.012050400015810229 3.7773518332709832 0.83426495118380328 0.83561204850757254 0.66383823997485858 0.78737496167786236 0.78656609248549325 0.80721709212400827 6.7390887783039695
decision_type=2 2 2 2 2 1 2 2 2 2 2 2 2 2 2 2 2 2 2 2 2 2 2 2 2 2 2 2 2 2
left_child=9 4 12 -4 11 6 7 8 -6 -1 -11 -2 -3 14 15 16 18 20 21 22 -18 -13 23 -19 25 -25 27 28 -17 -28
right_child=1 2 3 -5 5 -7 -8 -9 -10 10 -12 13 -14 -15 -16 26 17 19 -20 -21 -22 -23 -24 24 -26 -27 29 -29 -30 -31
leaf_value=-0.00043659096449397139 -0.0012641125383497877 0.019190886354919001 -0.030574752033702093 0.011806125685739244 0.0015333937318514458 -0.00054012263263890912 0.0044952291132404065 -0.00021523910865497433 0.009522919182466727 0.012685874463721936 -0.0036975773592469287 -0.00029192469321662336 0.030705891679462728 0.0035783177092209629 -0.00090762803915896975 0.0036736970412690087 -0.0011203287985946165 0.0036806909177709763 0.0060882466623217446 -0.00026239973512441064 -0.0037720952096392396 0.0011699314789210546 0.0019990012950197645 -0.0049705771040609893 0.00013471359546672891 0.0014327533038601911 0.00029841833378052714 -0.0015925493957485326 -0.001572914467510067 -0.00048339021230775774
leaf_weight=61274.785011071712 4619.9369307160378 548.20528543740511 107.24264979362488 141.76823648810387 2415.7563241124153 12481.151411600411 12080.503340788186 9681.3663381114602 1070.9685916788876 38.991937555372715 2673.0727900974452 23271.359923303127 223.79875033348799 4279.4909587800503 29315.815416187048 44934.326670978218 28778.446690227836 674.81873053312302 477.49131293222308 8594.8636938780546 449.49449160695076 13472.963744718581 2565.4628430008888 160.20826119184494 3368.7466037869453 60.197783708572388 45809.683872655034 14257.940551243722 6525.6686722040176 53143.060470595956
leaf_count=204642 16256 1900 146 707 8072 41303 39997 31919 3619 143 9173 79756 771 11067 106440 106433 102589 946 2004 40694 1146 45715 3626 194 4823 101 140378 53480 91211 161708
internal_value=-2.23619e-05 3.56497e-05 0.00217489 -0.00272529 2.88768e-05 0.000351571 0.000674651 0.000272424 0.00125852 -0.000315662 -0.00149761 -1.38792e-05 0.00375546 1.25069e-06 -1.28089e-05 3.11853e-05 -0.000164 -0.000398113 0.000116847 0.000276422 -0.000754082 7.0966e-05 0.000959168 0.000304511 -0.000170608 -0.0051633 0.000128231 0.000336309 0.000557329 -9.95984e-06
internal_weight=387498 323511 1021.01 249.011 322490 37729.7 25248.6 13168.1 3486.72 63986.8 2712.06 284760 772.004 280140 275861 246545 81874.1 44652.2 37221.8 15424.3 29227.9 36744.3 6829.43 4263.97 3589.15 220.406 164671 65717.9 51460 98952.7
internal_count=1310959 1097001 3524 853 1093477 124910 83607 43610 11691 213958 9316 968567 2671 952311 941244 834804 281594 154119 127475 50384 103735 125471 9690 6064 5118 295 553210 251124 197644 302086
cat_boundaries=0 1
cat_threshold=19
is_linear=0
shrinkage=0.05


Tree=132
num_leaves=31
num_cat=0
split_feature=6 8 7 16 7 7 7 8 7 17 16 7 8 8 10 10 10 18 16 16 16 7 16 7 7 7 7 7 16 10
split_gain=2.31778 1.83317 7.33962 3.78408 3.52984 3.30052 3.57759 2.98395 2.59541 2.11874 2.03149 2.0304 3.95287 3.79144 2.09768 2.01736 2.10023 1.8823 2.30606 1.84343 4.15664 3.08436 3.00018 2.64849 7.07625 7.10202 5.64349 8.4073 3.05904 2.59905
threshold=-0.9159756150367534 1.2424533248940002 3.4175922930736511 0.79735433676339496 2.3502401828962087 3.4811217321331038 3.7012257604091228 1.0000000180025095e-35 3.7494348669884658 0.64607191580427192 0.86765078569965659 4.1026092131977068 3.1132683346437333 2.249904835165133 7.7168148692138958 0.1970491786496901 5.0190368308112125 1.0375000000000003 0.9461910594647257 0.82340483352627902 0.82626392889630418 1.0000000180025095e-35 0.81759950385457481 1.0397207708399181 2.3502401828962087 2.524928003624769 3.0201273556387074 3.1132683346437333 0.74591243234688742 0.0040779931159931546
decision_type=2 2 2 2 2 2 2 2 2 2 2 2 2 2 2 2 2 2 2 2 2 2 2 2 2 2 2 2 2 2
left_child=-1 2 10 5 -3 -4 9 8 -8 -7 19 12 -6 -13 -14 -10 -17 18 -12 22 21 -21 23 29 28 -26 -27 -28 -25 -2
right_child=1 4 3 -5 11 6 7 -9 15 -11 17 13 14 -15 -16 16 -18 -19 -20 20 -22 -23 -24 24 25 26 27 -29 -30 -31
leaf_value=-0.00050209111687935101 -0.0010265820239781231 -0.0049331208691508633 0.019360881864313152 0.00059969616753771941 -0.00080232105640808127 -0.018575762400658814 0.042663694015370381 0.0038678222120916319 0.032891595627371727 -0.00084312093628858837 0.00013578541478408978 0.001346293804784636 0.0012841690249261407 -0.00017852937076501263 0.01849810821682072 -0.0023567236216787361 0.015193672019554506 0.0031893581375871008 0.023737868931563579 0.0020830038753995943 -0.00033362536586492575 -0.0021437619156705169 0.0025214250868002999 -0.013945235499417868 0.0049200995033548472 -0.0026053421099105469 0.010632548505247575 -0.0017259238856588421 -0.001657129592908424 0.0024176426070659316
leaf_weight=63986.84973872453 4608.9464233331382 464.88072924688458 1570.6790503039956 16161.720868490636 28282.018375407904 71.072712779045105 529.45769187808037 5969.2019813880324 308.27089025825262 2640.8576309680939 8085.4061930850148 20758.194080296904 3482.4777909517288 135801.90415862948 324.20221411809325 794.2479430064559 2731.4875588268042 2057.7848169803619 518.37224514782429 233.80394634604454 22816.281767189503 3066.0224779322743 4140.2150499075651 2018.4552792683244 9246.815969761461 9785.2654608413577 4067.0516797788441 5969.4910325631499 9542.9776480086148 17463.174883898348
leaf_count=213958 17207 1554 5669 50376 92950 87 1975 22514 1256 9952 30440 71583 12162 473818 995 3364 10233 2406 2035 721 70654 8656 12749 4850 30774 32853 13717 20376 34298 56777
internal_value=-2.3335e-05 3.10492e-05 0.000172236 0.000850222 -6.92876e-05 0.00143323 0.00117251 0.00159672 0.00259053 -0.000443775 -2.91381e-05 -5.85643e-05 -0.000420889 1.56982e-05 0.00109174 0.00213737 0.00179823 0.000624578 0.00029967 -0.000104114 -0.000460327 -0.00211901 3.50629e-05 -5.10143e-05 -0.000290526 0.000125616 -0.000408177 0.000424864 -0.00133682 0.000389875
internal_weight=387498 323511 134397 30777 189114 14615.3 13044.6 10332.7 4363.46 2711.93 103620 188649 32088.7 156560 3806.68 3834.01 3525.74 10661.6 8603.78 92958.5 26116.1 3299.83 66842.4 62702.2 40630.1 29068.6 19821.8 10036.5 11561.4 22072.1
internal_count=1310959 1097001 443939 105426 653062 55050 49381 39342 16828 10039 338513 651508 106107 545401 13157 14853 13597 34881 32475 303632 80031 9377 223601 210852 136868 97720 66946 34093 39148 73984
is_linear=0
shrinkage=0.05


Tree=133
num_leaves=31
num_cat=0
split_feature=1 8 6 1 17 10 9 10 1 9 3 8 11 1 17 10 10 5 10 1 8 10 17 17 10 4 18 5 10 8
split_gain=2.08374 2.96001 2.0239 2.11903 2.15068 2.25015 1.6387 1.48813 2.07197 2.46323 2.18077 1.98582 1.96019 1.95566 1.55467 1.54691 2.03295 2.52102 2.28469 1.47831 1.43912 1.4177 1.37477 1.35174 1.87181 1.33591 1.42701 1.32131 1.65391 1.31337
threshold=157.50000000000003 4.5900436644025815 -0.9159756150367534 6755.5000000000009 0.65813547005910744 6.7186225464380014 2.4414009612931857 7.9933290451173296 2419.5000000000005 6.0246567833931746 1.0000000180025095e-35 1.7005986908310777 1.0000000180025095e-35 317.50000000000006 0.64725493382190846 4.7959920073102493 0.1970491786496901 0.37940952255126054 0.022380281092871965 1242.5000000000002 7.023313520410543 0.012050400015810229 0.65737091758083455 0.66164817016019506 3.8494083025890826 1.5000000000000002 1.0791666666666668 0.60355339059327384 1.7185517325253719 3.4498615536424366
decision_type=2 2 2 2 2 2 2 2 2 2 2 2 2 2 2 2 2 2 2 2 2 2 2 2 2 2 2 2 2 2
left_child=1 -1 20 7 21 23 -7 11 9 10 29 15 14 -12 -13 16 17 -4 -19 -20 -2 -5 25 24 -6 -21 -27 -23 -29 -9
right_child=2 -3 3 4 5 6 -8 8 -10 -11 13 12 -14 -15 -16 -17 -18 18 19 22 -22 27 -24 -25 -26 26 -28 28 -30 -31
leaf_value=-0.0020624707200298967 -0.00037937557278929781 -0.013504267506291245 -0.00020314521841802158 -0.016027935686366474 0.025415721720422613 0.016453584538407885 -0.0015397357737078844 0.017140647927480535 0.0058688127609007662 -0.0069446051802429746 -0.0034631715624194983 0.00094371636255649041 -0.0045693205998867453 0.00020790690629711729 -0.00034366900598891694 0.00065538187105832488 -0.00048922203648497085 0.00063871833618584515 0.0013688201325143452 -0.0045650008669458368 -0.0035456426235922268 0.0025135826874072564 0.0065755332965993013 0.00091199655185640886 0.0013588998409375553 0.018764427518288992 0.049409894734977394 0.03181495673916717 -0.0092510908931529474 0.0038121611160771176
leaf_weight=2975.3758055716753 61398.882865838706 297.85046214982867 23980.811360917985 124.91169768571854 64.026823043823242 2396.6760297082365 511.67749137058854 1939.3411598987877 6483.3479723855853 673.59231162443757 602.13913187012076 6957.4752702340484 247.49852370098233 24960.620682872832 123446.11972509325 68894.566984847188 34599.309835430235 12711.018477324396 1062.0648969858885 39.210891485214233 2028.1097889766097 1638.934631049633 1060.0262892246246 3852.8295703269541 95.445209801197052 246.91990572214127 34.098891139030457 59.715748071670532 569.02003067731857 3545.9698242880404
leaf_count=9561 205112 1079 81779 155 85 9731 2097 5824 19934 2324 1903 8592 818 78333 453820 225081 115919 42745 3512 50 7038 2037 4171 16588 127 318 37 74 704 11411
internal_value=-2.4105e-05 -0.00128031 -1.34033e-05 3.7623e-05 0.000780797 0.00122755 0.0022865 1.54024e-05 0.000307693 0.000141228 0.000206126 -2.54605e-05 -0.000166286 1.20128e-05 -0.000157849 0.00010354 -5.56298e-05 0.000191233 0.000696079 0.00209669 -0.000271481 -0.000511457 0.00317575 0.000459961 0.0049709 0.00604675 0.00725307 -0.000225803 -0.00217444 0.00111073
internal_weight=387498 3273.23 384224 320797 9313.24 6920.66 2908.35 311484 38205 31721.7 31048.1 273279 130651 25562.8 130404 142628 73733.5 39134.2 15153.3 2442.32 63427 2392.58 1380.26 4012.3 159.472 320.23 281.019 2267.67 628.736 5485.31
internal_count=1310959 10640 1300319 1088169 31598 28628 11828 1056571 119729 99795 97471 936842 463230 80236 462412 473612 248531 132612 50833 8088 212150 2970 4576 16800 212 405 355 2815 778 17235
is_linear=0
shrinkage=0.05


Tree=134
num_leaves=31
num_cat=0
split_feature=1 7 6 1 7 16 16 17 5 4 0 16 4 17 16 0 17 1 10 4 0 6 1 10 16 7 17 10 16 10
split_gain=1.95216 1.90376 1.7413 1.95909 1.98089 2.16456 1.77351 1.75522 1.75483 2.04894 2.16356 1.63327 1.65069 1.76988 1.62203 1.92055 2.89012 1.90761 2.73871 2.43691 1.58252 1.53301 1.44188 1.42214 2.13095 1.84453 1.84443 1.64545 1.41947 1.34206
threshold=157.50000000000003 5.8847132099692177 -0.9159756150367534 6755.5000000000009 2.3502401828962087 0.80943535476948147 0.85943965931063915 0.65813547005910744 0.78656609248549325 4.5000000000000009 48.500000000000007 0.97182285662211954 1.5000000000000002 0.74075138247375838 0.80263627494539491 48.500000000000007 0.64555464890881631 838.50000000000011 6.464191194684128 2.5000000000000004 23.500000000000004 0.37940952255126048 371.50000000000006 6.5736783256565259 0.76875055652117463 6.4746617065281837 0.64867302866654353 6.6773997267357688 0.8576553408240688 8.3382844508594918
decision_type=2 2 2 2 2 2 2 2 2 2 2 2 2 2 2 2 2 2 2 2 2 2 2 2 2 2 2 2 2 2
left_child=1 -1 14 11 6 7 -5 8 23 10 -10 20 21 -14 15 16 -2 18 -16 -20 -4 22 -13 25 26 -6 -25 -26 -7 -22
right_child=2 -3 3 4 5 28 -8 -9 9 -11 -12 12 13 -15 17 -17 -18 -19 19 -21 29 -23 -24 24 27 -27 -28 -29 -30 -31
leaf_value=-0.0018716204743872895 0.032747519980172203 -0.010998465490033804 -0.0012378857220161272 -0.0046383175014432232 0.011989836667387878 -0.0022860222507656348 0.038480999531689743 0.013161398055955198 -0.020643930512749264 -0.027881629108786068 0.015525359850551746 0.041501105220683281 -0.023390405360856126 0.010895768736188317 0.00090951040083102623 -0.00079380552375529767 -0.0031128847233424604 -0.00045078067406071069 -0.0014768443075463683 0.0011929559498452911 1.0464387785469321e-05 0.028858969600819309 0.0027907730101617181 0.028876242019611167 -0.035255408878157091 0.048342136319975318 -0.001850818599477555 -0.010917742943965348 0.0096608103452644478 0.0034981755587692401
leaf_weight=2786.4874020256102 100.85622119903564 486.73886569589376 4503.0075041241944 1430.079963773489 498.07406735420227 2147.5618693605065 79.652170948684216 3669.0770833157003 53.550141096115112 82.310002207756042 145.20468884706497 126.74984477460384 100.03111237287521 131.79425649344921 6451.6817658618093 21023.636116143316 10773.633990455419 20105.279471367598 2494.2343351468444 2477.6707546412945 301262.20186764374 212.74435173720121 395.11426123231649 144.93626201152802 21.778649628162384 15.770902454853056 227.45090442895889 238.21971565485001 559.57081065326929 4752.4889366663992
leaf_count=8905 122 1735 15869 4749 617 6832 278 16081 67 102 180 433 139 670 19556 75086 39758 62342 7538 7748 1024995 733 1377 179 27 20 282 297 1887 12355
internal_value=-2.59095e-05 -0.00124181 -1.55512e-05 3.17787e-05 0.000746357 0.0010671 -0.000911493 0.00167402 0.000186284 -0.00335421 -0.000606956 1.04132e-05 0.0020627 -0.00161574 -0.000254934 -0.000506316 -0.00104576 -6.07945e-07 0.00051535 -0.000366545 4.02578e-06 0.00322353 0.00176517 0.00105444 -0.000533119 0.00300824 0.00189212 -0.00400671 -7.54806e-05 1.77183e-05
internal_weight=387498 3273.23 384224 320797 9313.24 7803.51 1509.73 5096.37 1427.3 281.065 198.755 311484 966.434 231.825 63427 31898.1 10874.5 31528.9 11423.6 4971.91 310518 734.608 521.864 1146.23 632.386 513.845 372.387 259.998 2707.13 306015
internal_count=1310959 10640 1300319 1088169 31598 26571 5027 17852 1771 349 247 1056571 3352 809 212150 114966 39880 97184 34842 15286 1053219 2543 1810 1422 785 637 461 324 8719 1037350
is_linear=0
shrinkage=0.05


Tree=135
num_leaves=31
num_cat=2
split_feature=7 10 16 17 10 7 4 16 7 2 7 8 16 4 7 8 16 16 4 17 16 3 2 7 7 17 7 16 16 16
split_gain=2.28049 3.74283 3.31643 5.4826 1.89431 1.85956 2.18037 2.04241 1.98355 1.78649 1.72152 6.41891 3.82568 7.15466 3.56057 3.35599 3.02268 2.90106 3.61956 4.22022 2.85098 2.82315 3.02254 2.80399 2.63962 2.56885 2.39766 2.34773 3.31659 2.58588
threshold=7.1596805561968466 7.8834697857258513 0.78737496167786236 0.65980955961161136 8.2031868854386101 7.9503261612304357 3.5000000000000004 0.70870188235304732 10.113667430069365 0 3.7012257604091228 1.7005986908310777 0.86765078569965659 2.5000000000000004 3.7494348669884658 1.0000000180025095e-35 0.82340483352627902 0.82626392889630418 2.5000000000000004 0.6657714024266651 0.81759950385457481 1.0000000180025095e-35 1 3.9219243190762363 3.795426061844291 0.66383823997485858 2.6735537653587351 0.83214013540678655 0.83256737835245809 0.83375273960117646
decision_type=2 2 2 2 2 2 2 2 2 1 2 2 2 2 2 2 2 2 2 2 2 2 1 2 2 2 2 2 2 2
left_child=1 10 9 -4 -2 7 -7 -6 -8 -3 12 14 15 -14 -12 16 20 18 19 -18 21 22 -1 24 -16 -23 -17 -19 -29 -30
right_child=4 2 3 -5 5 6 8 -9 -10 -11 11 -13 13 -15 23 26 17 27 -20 -21 -22 25 -24 -25 -26 -27 -28 28 29 -31
leaf_value=0.015804082477312964 -0.0011786380676406694 0.012884610614751768 -0.0034426761018360981 0.0019718125818919408 0.025458296436380756 -0.0015819290890739025 0.0076461598213510788 0.0038277249474394262 -0.0045872476978916386 0.003978138109074692 0.0074260409242864313 -0.00016757043615059919 0.0041077296956895165 -0.00051080984727082943 0.0021748841467789273 -0.0028812950173261135 0.0031781905181359803 0.0012349064700010071 0.00010262507442772019 -0.0021218509802713756 0.0025210412148366558 -0.001226949083109398 0.001715869195544717 0.0019471335103405597 -0.0019224838661425327 0.00020390326586605667 -0.0007916042860225958 -0.0041096649466379814 0.0039063744048826584 -0.00075416270385248731
leaf_weight=1988.2680601850152 40071.55051182583 5532.1780162528157 4280.4538267850876 11877.644606150687 205.20663746446371 7574.873301833868 2294.1262280121446 2464.3188174441457 689.18183213099837 7534.3979991413653 2471.6289078444242 117785.6897441037 7387.7647618502378 8243.4026136994362 2163.6915127784014 1539.6589125394821 302.04069173336029 4061.5816863179207 1453.9294787570834 1793.0969281345606 4479.8012196496129 20813.809052467346 13487.715689629316 25986.207028053701 4125.4947243891656 33683.690831813961 32933.025607574731 441.30804585665464 769.09701745957136 19496.905567370355
leaf_count=6478 148611 18098 5370 41398 464 22575 6676 7053 2184 25394 8364 412616 23393 27885 7364 5183 380 12066 4165 5658 13923 25680 43892 90976 13710 159576 107926 1957 2510 60444
internal_value=-3.87762e-05 9.60565e-06 0.000550175 7.11959e-05 -0.000342535 0.000176277 -0.000121819 0.00135527 0.00102311 0.00114248 -4.21218e-05 7.67209e-05 -0.000160698 0.000580453 0.000673903 -0.000245111 -0.000101913 -0.000541598 -0.00187854 -0.00320871 6.53191e-05 -1.29676e-05 0.000583009 0.000533839 -0.000413481 -0.000182211 -0.000672016 -0.000350031 -0.00056562 -0.000472243
internal_weight=387932 334632 29224.7 16158.1 53299.3 13227.7 10558.2 2669.53 2983.31 13066.6 305408 152533 152875 15631.2 34747 137244 102771 28318 3549.07 2095.14 74453.3 69973.5 15476 32275.4 6289.19 54497.5 34472.7 24768.9 20707.3 20266
internal_count=1311969 1124406 90260 46768 187563 38952 31435 7517 8860 43492 1034146 533030 501116 51278 120414 449838 336729 87180 10203 6038 249549 235626 50370 112050 21074 185256 113109 76977 64911 62954
cat_boundaries=0 1 2
cat_threshold=3 19
is_linear=0
shrinkage=0.05


Tree=136
num_leaves=31
num_cat=0
split_feature=1 3 1 16 7 10 8 1 1 8 7 7 8 10 8 10 9 16 8 16 16 4 16 4 1 10 18 16 4 1
split_gain=2.91149 2.17173 5.05273 11.6754 4.89191 3.31583 3.52525 2.86251 2.69169 2.38258 2.24121 2.01472 3.15625 2.43394 1.98011 1.85679 1.84879 2.00691 2.23777 1.83888 2.44991 3.02559 3.65751 2.02 1.82866 1.79594 1.78063 2.91032 3.87943 2.83116
threshold=157.50000000000003 1.0000000180025095e-35 808.50000000000011 0.83426495118380328 6.187236373491543 7.2061565359679971 1.0000000180025095e-35 1494.5000000000002 1626.5000000000002 4.9938224302714262 3.0201273556387074 7.8310216048698047 7.1368808229253178 7.2537824175455921 1.2424533248940002 8.0554591761172674 1.2424533248940002 0.83256737835245809 3.0201273556387074 0.87500919789417042 0.76232687082252271 1.5000000000000002 0.85672772824506083 4.5000000000000009 298.50000000000006 2.1897638479828503 0.94583333333333341 0.76654570564470936 1.5000000000000002 3109.5000000000005
decision_type=2 2 2 2 2 2 2 2 2 2 2 2 2 2 2 2 2 2 2 2 2 2 2 2 2 2 2 2 2 2
left_child=-1 2 5 8 7 6 10 14 -4 -7 19 12 26 -13 -5 16 17 -15 -19 20 23 22 -22 -2 -11 -8 27 28 -3 -30
right_child=1 11 3 4 -6 9 25 -9 -10 24 -12 13 -14 15 -16 -17 -18 18 -20 -21 21 -23 -24 -25 -26 -27 -28 -29 29 -31
leaf_value=-0.0033675086717367408 0.0074038810378090573 0.0016341457412990064 0.010143095169842187 0.00037150723890661544 0.016641833274832735 0.0063869507230577272 -0.0078509561332638089 -0.0099224164953775843 0.023503605999727031 -0.015114773494620716 0.0073532586605168926 0.0013807997356770796 0.0072131285302488969 -0.0032827899517857504 -0.010851012579330466 -0.000666120392980818 -0.0016701484315541359 0.025417800366034166 -0.0059769722195262831 0.0074737180418986311 -0.010413932247695407 -0.0011580408039518098 0.02763522006549024 -0.010618155327875967 0.00012801086458623658 -0.0029575722359197034 -2.1484137709243402e-05 0.0001908530515524143 -0.0038277894032360928 0.0024157930801846032
leaf_weight=3245.4953643046319 3333.1070747449994 1346.1832228526473 8136.5676021538675 1279.7434715628624 562.19707714021206 10744.347571983933 1080.2152500413358 924.39188066869974 1629.0849633552134 650.46502450481057 3047.4758350513875 2708.506774444133 1699.6249807290733 1386.637318816036 873.7462241128087 16084.332618847489 9919.3013876192272 43.852576464414597 569.59338565170765 1386.7418526187539 1331.2294443994761 7284.9268432930112 145.33559898287058 603.24543739110231 2516.2871232703328 11600.253266435117 271416.86697430909 11098.137134216726 9465.9780810438097 1817.8684982396662
leaf_count=10587 8229 19835 27931 4027 1881 35207 3795 2814 5443 2253 10568 11084 6107 5237 2819 51979 37325 135 1783 4476 4766 25824 373 1459 8668 40301 707594 106725 136834 25910
internal_value=-3.85478e-05 -2.59662e-05 0.000258502 0.00110771 -0.00130917 -1.86791e-06 -0.000299301 -0.00209255 0.00200859 0.000635554 0.000168465 -7.55804e-05 -3.56939e-05 -0.000461097 -0.00109353 -0.000599526 -0.00107248 -0.00245925 -0.00484049 -9.75493e-05 -0.000286352 -0.000751871 -0.00281569 0.000749797 -0.000569748 -0.00093128 -4.80662e-05 -0.000463427 -0.000982503 -0.00128518
internal_weight=387932 384686 57129.4 13405.7 3640.08 43723.6 29812.5 3077.88 9765.65 13911.1 17132.1 327557 296845 30712.2 2153.49 28003.7 11919.4 2000.08 613.446 14084.6 12697.8 8761.49 1476.57 3936.35 3166.75 12680.5 295145 23728.2 12630 11283.8
internal_count=1311969 1301382 190834 44915 11541 145919 99791 9660 33374 46128 55695 1110548 1003005 107543 6846 96459 44480 7155 1918 45127 40651 30963 5139 9688 10921 44096 996898 289304 182579 162744
is_linear=0
shrinkage=0.05


Tree=137
num_leaves=31
num_cat=0
split_feature=1 7 10 16 17 1 16 8 8 17 16 7 8 16 4 18 7 8 7 16 16 4 17 16 1 7 18 16 16 4
split_gain=2.59534 1.85637 3.29315 3.05074 3.78548 2.0107 1.87569 1.83866 1.72389 2.03065 1.71956 1.68603 5.50922 3.3731 6.2137 4.73261 3.27565 2.89861 2.80703 2.40421 2.49121 3.12247 4.11923 2.33458 2.26077 2.22798 2.38174 2.17979 3.11686 3.89878
threshold=157.50000000000003 7.1596805561968466 7.8834697857258513 0.77656197778896441 0.65980955961161136 1749.5000000000002 0.80217785889642024 4.1190041246092024 5.1845846780664209 0.65266048731061865 0.58123026540307288 3.7012257604091228 1.7005986908310777 0.86765078569965659 3.5000000000000004 1.0125000000000002 3.7494348669884658 1.0000000180025095e-35 3.9219243190762363 0.82340483352627902 0.82626392889630418 2.5000000000000004 0.6657714024266651 0.81759950385457481 3831.5000000000005 3.795426061844291 1.0458333333333336 0.8847782686317428 0.8861666780130667 1.5000000000000002
decision_type=2 2 2 2 2 2 2 2 2 2 2 2 2 2 2 2 2 2 2 2 2 2 2 2 2 2 2 2 2 2
left_child=8 2 10 5 6 -4 -5 -3 -1 -10 -2 13 16 17 15 24 -13 19 25 23 21 22 -21 -12 -15 -18 -27 -17 29 -29
right_child=1 7 3 4 -6 -7 -8 -9 9 -11 11 12 -14 14 -16 27 18 -19 -20 20 -22 -23 -24 -25 -26 26 -28 28 -30 -31
leaf_value=-0.0026250030689869697 0.013573975174949427 0.0021295768006844152 0.004837772679039354 0.0023644910246473586 0.0018612841246494344 0.015242413944047373 -0.0039059822024200886 -0.00096108647095308197 0.020912731168114807 -0.015629764629952147 -5.0867623775305293e-05 0.007127748911390769 -0.00014429089383756201 0.00058035205877283449 -0.0013291198588347875 0.0055853279889222984 0.0018910957035544866 -0.00085746703054310905 0.0018521493261930144 0.0031429657825856328 -0.00046765348358886465 7.0209411383417855e-05 -0.0020043926633467137 0.0023958479740645577 0.01934295930225978 -0.00063403311234274263 -0.0042646330272120142 -0.009289881103155307 0.0061381103504782181 0.013784687731442142
leaf_weight=3035.9178181141615 917.39379458129406 5265.4929997324944 7202.4143715277314 1514.1073269248009 13268.884698882699 3684.9780685827136 3385.9969658851624 47801.40037785843 34.128183305263519 175.44936288520694 68546.279734559357 2438.4841730259359 116856.62107786164 8095.5900951325893 3842.609587572515 1601.4756376743317 2133.8882119171321 34107.912591356784 25682.268139701337 298.24851822853088 24490.553970180452 1438.1464474573731 1768.4868017211556 4417.7517399415374 291.50055830925703 3012.8743309006095 1074.1286642327905 115.74044151604176 1391.1494067460299 41.865762934088707
leaf_count=9816 3029 18823 25243 1893 45980 12369 4255 167925 41 730 231138 8245 409367 31268 13184 2397 7269 111941 89942 376 76093 4128 5576 13734 1147 12314 1260 144 2272 70
internal_value=-3.85246e-05 -2.66457e-05 1.72925e-05 0.000525737 0.00012914 0.00118758 -0.00105848 -0.000301218 -0.00144652 -0.00583241 -3.15356e-05 -3.81091e-05 7.98071e-05 -0.000156614 0.000544988 0.00112499 0.000636554 -0.000236504 0.000501548 -0.000101874 -0.000495781 -0.00174257 -0.00298749 4.92638e-05 0.000504357 -0.000451395 -0.00113512 0.00277734 0.0014399 -0.00522414
internal_weight=387932 384686 331619 29056.4 18169 10887.4 4900.1 53066.9 3245.5 209.578 302563 301646 151198 150447 15379.9 11537.3 34341.6 135067 31903.2 100959 27995.4 3504.88 2066.74 72964 8387.09 6220.89 4087 3150.23 1548.76 157.606
internal_count=1311969 1301382 1114634 89740 52128 37612 6148 186748 10587 771 1024894 1021865 528397 493468 50482 37298 119030 442986 110785 331045 86173 10080 5952 244872 32415 20843 13574 4883 2486 214
is_linear=0
shrinkage=0.05


Tree=138
num_leaves=31
num_cat=1
split_feature=1 18 16 16 5 1 4 16 16 5 7 0 16 4 16 1 2 8 1 0 10 9 0 0 8 10 10 10 16 16
split_gain=2.37706 1.91388 4.49611 4.91849 4.69184 2.67522 2.60642 6.66916 2.30575 2.41526 2.20302 2.1009 2.08978 7.34862 2.06244 2.03127 1.93338 2.57111 1.91655 1.90364 1.89367 2.29187 2.25278 1.84942 1.83395 3.01787 1.81788 2.01742 1.80513 3.09144
threshold=157.50000000000003 1.0458333333333336 0.80570143096500557 0.80217785889642024 0.25881904510252091 984.50000000000011 4.5000000000000009 0.87260122516658101 0.68333810207629286 0.60355339059327384 1.0000000180025095e-35 56.500000000000007 0.80263627494539491 2.5000000000000004 0.79735433676339496 2447.5000000000005 0 3.1984648276080736 1407.5000000000002 121.50000000000001 7.8345042055976304 1.8688348091416842 28.500000000000004 99.500000000000014 0.89587973461402759 6.0354018228882049 5.5423782493351199 0.1970491786496901 0.79837705762624855 0.79886474335522972
decision_type=2 2 2 2 2 2 2 2 2 2 2 2 2 2 2 2 1 2 2 2 2 2 2 2 2 2 2 2 2 2
left_child=-1 6 3 8 20 -6 -2 10 9 -3 -8 14 13 -5 -10 24 -13 -18 -15 -7 -4 -22 -23 -12 -14 -26 27 -11 -16 -30
right_child=1 2 4 12 5 19 7 -9 11 26 23 16 15 18 28 -17 17 -19 -20 -21 21 22 -24 -25 25 -27 -28 -29 29 -31
leaf_value=-0.0030354565138094925 -4.7071373130627704e-05 0.013677898126399614 -3.7803071481389008e-05 -0.0064809959858061761 0.001506464166349994 0.00025440914157782161 -0.0036727622810924011 -0.0022152009185458219 -0.0029809833141158926 0.0016725953899989099 0.0017394430619754543 0.0014263713069292195 -0.0023387624061831365 0.031232965612732075 0.0068439436626711982 -0.0091864515353666139 -0.00015534425497283901 -0.0059516763395390145 -0.006415440676462509 0.013072601978079591 -0.0041856399511036591 -0.0098638982173652138 0.0010500094269085269 0.0086113142485171219 0.0023668482867604868 -0.0016222316283725281 0.00015029674747464307 -0.039564341888889798 -0.0059603468580692433 0.0020980550334029819
leaf_weight=3245.4953643046319 245865.43051939458 2312.2354534864426 21040.709944427013 531.98896622657776 6544.9645218253136 7511.1352160573006 724.83278698846698 2600.6532506272197 22441.39286095649 86.740228116512299 36836.720372639596 10885.051921855658 930.77153480052948 83.663532793521881 434.62556380033493 552.46707046031952 9139.4184251390398 4626.7043334506452 73.8218132853508 178.6852588057518 2594.9463433027267 43.287125408649445 1475.9957564473152 3538.0092572271824 454.19004952907562 1072.446269094944 537.89244616031647 129.19081062078476 315.17922359704971 1123.093638420105
leaf_count=10587 1008687 2689 24504 614 7616 8727 3322 10267 26814 101 152831 12937 1079 97 509 643 10875 5539 86 207 3014 50 1715 14252 528 1243 618 150 365 1303
internal_value=-3.87696e-05 -2.74012e-05 -0.000221987 -0.000510985 0.000186905 0.000912319 3.6519e-05 0.000392335 -0.000385738 0.000944402 0.000547712 -0.000469027 -0.00227259 -0.00475556 -0.0007988 -0.00170381 -0.00014376 -0.000537287 0.00473179 0.000279951 -0.000223596 -0.00120466 0.000337631 0.00059676 -0.00108794 -2.13896e-05 -0.00151338 -0.0053887 0.000795235 -5.80704e-05
internal_weight=387932 384686 95120.6 55730.9 39389.7 14234.8 289566 43700.2 52031.5 3066.06 41099.6 48965.5 3699.35 689.474 24314.3 3009.87 24651.2 13766.1 157.485 7689.82 25154.9 4114.23 1519.28 40374.7 2457.41 1526.64 753.823 215.931 1872.9 1438.27
internal_count=1311969 1301382 112023 66190 45833 16550 1189359 180672 61900 3558 170405 58342 4290 797 28991 3493 29351 16414 183 8934 29283 4779 1765 167083 2850 1771 869 251 2177 1668
cat_boundaries=0 1
cat_threshold=18
is_linear=0
shrinkage=0.05


Tree=139
num_leaves=31
num_cat=0
split_feature=1 8 16 0 17 16 16 5 16 16 0 17 16 16 10 6 10 8 11 1 16 10 10 5 1 5 1 16 10 8
split_gain=2.14433 2.2745 2.07296 1.81087 2.29581 2.82257 2.77048 3.83693 3.23384 2.89388 3.60665 2.69884 2.52604 4.99587 3.27485 2.24351 2.20852 3.22492 2.61404 2.34593 2.02332 2.01377 1.99351 1.96699 2.44173 1.91661 1.85497 2.40583 2.15079 2.72559
threshold=176.50000000000003 5.1845846780664209 0.75792181117495805 42.500000000000007 0.65933186473910388 0.85011430646827157 0.86765078569965659 -0.5 0.91681818959512318 0.86308177560703947 66.500000000000014 0.64675799809678969 0.85570644998864431 0.85472328363330063 7.1252063492905746 0.60355339059327384 7.2846924547368088 1.0000000180025095e-35 1.0000000180025095e-35 3162.5000000000005 0.86381481058656318 5.5109157156972675 3.9222416602221082 0.37940952255126054 5498.5000000000009 1.0000000180025095e-35 1670.5000000000002 0.81441168430396382 7.6487177596033016 0.89587973461402759
decision_type=2 2 2 2 2 2 2 2 2 2 2 2 2 2 2 2 2 2 2 2 2 2 2 2 2 2 2 2 2 2
left_child=1 2 -1 26 6 16 9 21 -9 -5 11 -11 13 -7 -15 -10 -6 -18 19 -19 -12 22 -8 24 -14 -22 27 -2 29 -29
right_child=3 -3 -4 4 5 12 7 8 15 10 20 -13 23 14 -16 -17 17 18 -20 -21 25 -23 -24 -25 -26 -27 -28 28 -30 -31
leaf_value=-0.012956727560250059 -0.00073341854384190164 -0.0094114704297226688 -0.00029928117290689283 -0.00051716819430800418 0.00016191073055024375 -0.00043887780680773592 -0.00024767189659922198 0.0033566963923816612 -0.010900478208568065 -0.0046871303384787696 -0.0054448043044911026 0.00099726130536881698 -0.00054195488219053458 -0.001325775981028915 -0.0054145246019745019 0.017527013179238216 0.0077459301527341741 0.00068173055195523973 -0.022984655149242486 0.0065551560960113225 -0.0051954496560410596 -0.0024034195149590116 0.0055981980118405914 0.00072415210564432406 0.012063316581126826 0.0012793752026864669 -0.0016186098848946008 -0.0001114196149737845 -0.0012483332222940195 0.00080121946372631249
leaf_weight=1062.2836743071675 33575.056549973786 327.06613809242845 3451.7925276868045 72328.381472155452 119112.45496384799 4643.4608522430062 636.57587921619415 3119.0091254711151 436.59145563840866 127.84449338912964 223.87486183643341 646.71086597442627 22259.3707434237 1231.4490558728576 587.63920869678259 105.65141016244888 5832.9392955861986 46744.273152898997 71.610344178974628 7249.5644343234599 197.48357832431793 1652.5679062604904 273.73658913373947 10888.503198757768 560.60957865417004 140.07863891124725 23725.641031391919 10400.497742243111 5014.029313698411 11304.991776898503
leaf_count=2613 121469 1188 11959 89993 507453 17352 801 3906 543 158 279 809 86256 4132 1990 132 22950 195422 290 29785 249 2069 345 41385 2203 176 81037 32497 15703 36825
internal_value=-3.89285e-05 -0.00108465 -0.000792924 -2.57137e-05 3.19056e-05 0.000115541 -0.000197557 0.000815409 0.00185407 -0.000283145 -0.00258901 -0.000377219 -0.000263227 -0.00116875 -0.00338985 -0.00170984 0.000200539 0.000448197 0.000327692 0.000340353 -0.00564039 -0.000668384 0.00122002 -8.96206e-05 -0.000353453 -0.00319596 -0.00023081 -8.34374e-05 0.000270607 0.000486214
internal_weight=387932 4841.14 4514.08 383091 299070 219182 79888.5 6224.13 3661.25 73664.4 1335.99 774.555 40171 6462.55 1819.09 542.243 179011 59898.4 54065.4 53993.8 561.437 2562.88 910.312 33708.5 22820 337.562 84020.2 60294.6 26719.5 21705.5
internal_count=1311969 15760 14572 1296209 1008678 909218 99460 7796 4581 91664 1671 967 153318 23474 6122 675 755900 248447 225497 225207 704 3215 1146 129844 88459 425 287531 206494 85025 69322
is_linear=0
shrinkage=0.05


Tree=140
num_leaves=31
num_cat=0
split_feature=1 16 9 18 4 4 16 10 0 5 17 16 10 16 1 4 16 4 16 16 3 10 17 16 4 16 3 16 5 1
split_gain=2.49503 3.61488 3.05264 2.25846 2.60195 2.37478 7.89123 4.00294 3.23747 2.52718 2.33214 3.54842 2.31785 2.26229 4.08537 2.77973 2.57695 5.80776 4.61194 3.83211 3.49831 3.11289 3.35002 2.24293 3.85998 2.53514 2.34955 2.16241 2.15012 2.04077
threshold=298.50000000000006 0.78371502652980218 4.1510089048756029 1.0791666666666668 1.5000000000000002 3.5000000000000004 0.84300269948124729 7.3161142606381642 74.500000000000014 -0.70710678118654735 0.79078431376826119 0.87970026051821659 6.5736783256565259 0.87383864857670368 1079.5000000000002 2.5000000000000004 0.87093098878569231 2.5000000000000004 0.87260122516658101 0.87260122516658101 1.0000000180025095e-35 6.5514602944450395 0.66764792291798603 0.87724271067293413 1.5000000000000002 0.87606775566422657 1.0000000180025095e-35 0.6262678782415706 0.60355339059327384 5746.5000000000009
decision_type=2 2 2 2 2 2 2 2 2 2 2 2 2 2 2 2 2 2 2 2 2 2 2 2 2 2 2 2 2 2
left_child=1 2 27 5 12 13 7 8 -7 -9 -8 -12 -5 16 23 28 -2 19 20 -18 -19 22 -22 24 -15 -26 -25 -1 29 -16
right_child=3 -3 -4 4 -6 6 10 9 -10 -11 11 -13 -14 14 15 -17 17 18 -20 -21 21 -23 -24 26 25 -27 -28 -29 -30 -31
leaf_value=0.023934118950990048 -0.00019254003773686579 -4.7537702816707883e-05 -0.020878246015327562 0.0016733501547453429 -0.0012198387818956201 -9.050415922533806e-05 -0.0015661840827395303 0.0087245451640627688 0.0029358485649058743 0.0026189219279922904 0.00044642754278687583 -0.0020309175938997628 -0.00077509719941103118 0.037956708017751639 0.0033545217018293551 0.00024134440495482136 0.0075255255404471757 -0.024319984139555779 0.0021756886619359885 -0.0017371634264099366 0.0045903790849995685 -0.0053865257183808891 -0.0021537160502234725 0.0043145725799550233 -0.00065287000936366528 0.0040594477412044042 -0.00097778070253102048 -0.0044687386288515983 0.01018196772488324 0.036917869867739553
leaf_weight=260.09547286480665 193310.96364736184 12586.502533763647 130.09372537583113 2027.7376595884562 29103.908032223582 49676.421975184232 9294.0227941870689 8686.2249428518116 16578.946692485362 21722.694025054574 8301.2220846787095 3040.2085276842117 1760.7611293196678 207.59201113134623 4049.2001067250967 3576.5054701343179 500.51215822249651 132.17593275010586 314.6753401234746 351.17264043539762 154.49954670667648 533.44099671393633 498.50536853075027 2764.4801390096545 739.44308195263147 306.23724970221519 7720.6878616511822 8054.7911969199777 1242.1835816428065 184.98329065740108
leaf_count=763 700264 38154 476 2215 31749 184956 15534 31442 60334 77046 40291 15659 1921 646 13637 13552 1662 371 1068 1214 210 1461 1598 9419 2379 1208 27348 30154 4121 637
internal_value=-5.52432e-05 -0.000584864 -0.00138513 -2.48742e-05 -0.000420173 1.40681e-05 0.000195265 0.000384747 0.000166767 0.000859685 -0.00069234 -0.00021116 0.000812403 -8.40648e-05 0.000411829 0.00120993 -0.000136723 -0.00173661 -0.0034821 0.00161078 -0.00478003 -0.00392044 -0.00160564 -0.000203677 0.00179544 0.000559074 -0.000442627 -0.00126622 0.00191797 0.00138136
internal_weight=387811 21031.5 8444.98 366779 32892.4 333887 117300 96664.3 66255.4 30408.9 20635.5 11341.4 3788.5 216587 20791.3 9052.87 195796 2484.98 1633.3 851.685 1318.62 1186.45 653.005 11738.4 1253.27 1045.68 10485.2 8314.89 5476.37 4234.18
internal_count=1311489 69547 31393 1241942 35885 1206057 425262 353778 245290 108488 71484 55950 4136 780795 72947 31947 707848 7584 4708 2876 3640 3269 1808 41000 4233 3587 36767 30917 18395 14274
is_linear=0
shrinkage=0.05


Tree=141
num_leaves=31
num_cat=0
split_feature=18 4 0 8 6 4 5 17 5 10 10 18 5 10 8 10 6 11 9 17 8 0 10 17 9 17 9 9 5 10
split_gain=2.25693 2.66778 2.45242 2.41052 2.043 3.27712 4.59126 2.10225 1.93561 1.74187 1.73579 2.35209 1.8947 1.73208 1.59738 2.99609 1.95689 1.76455 1.57724 2.06659 1.54714 1.61414 1.52933 1.54567 2.01728 1.62904 1.57799 1.51989 1.43872 2.35492
threshold=1.0791666666666668 4.5000000000000009 77.500000000000014 8.336749862461053 -0.37940952255126015 3.5000000000000004 0.25881904510252091 0.65813547005910744 0.12940952255126045 1.0000000180025095e-35 0.01032695592379766 1.0541666666666669 0.91597561503675362 8.3382844508594918 3.4175922930736511 7.9504083152704217 0.60355339059327384 1.0000000180025095e-35 3.3497501700808394 0.64954346602561752 3.1984648276080736 60.500000000000007 7.7168148692138958 0.64675799809678969 1.4978661367769956 0.64867302866654353 2.524928003624769 3.6762205501217919 0.12940952255126045 0.098905681065719467
decision_type=2 2 2 2 2 2 2 2 2 2 2 2 2 2 2 2 2 2 2 2 2 2 2 2 2 2 2 2 2 2
left_child=1 13 10 22 5 -2 -7 8 -6 -10 11 -3 -12 14 15 28 -17 -16 -15 27 -18 -22 23 24 -4 26 -25 -20 -1 -30
right_child=4 2 3 -5 7 6 -8 -9 9 -11 12 -13 -14 18 17 16 20 -19 19 -21 21 -23 -24 25 -26 -27 -28 -29 29 -31
leaf_value=-0.00028177041886661775 -0.00044424922187236707 -0.0016473180019607389 0.014486579150985269 -0.019459207961095872 -0.0022793563815905918 -0.0020530867116809073 -0.0073021677192979364 0.00084345405885376539 -0.0053419634009409973 0.0009807109788592173 0.00099377272369142468 -0.011666235819300513 -0.0022592930550119797 0.0069261341792362877 -0.00051545528552089106 0.001496465864069807 0.01215343632409065 -0.004332282563658767 -0.020214463096707116 0.0010536533373132096 -0.011812965971565793 0.012247005882557782 0.012114300384128241 -0.0050127901829078725 -0.013698523986936197 0.0025908620089952318 0.03472758123353107 -0.0038512830426448348 0.0010380814211559369 -4.9576373468757101e-05
leaf_weight=115114.06151140854 10701.971906580031 2336.5741667039692 497.62112766504288 106.06727921590209 5515.2111764997244 3538.1282867789268 2307.7323274984956 9594.8163223862648 48.956156075000763 3051.6762443780899 33617.577017970383 119.9833003282547 4050.0979126282036 2953.3269257731736 88241.012968920171 8192.2426680102944 1815.1796433776617 206.52711746096611 59.780002057552338 1418.3252353556454 128.81001184508204 102.38279297575355 2371.4310872778296 625.76898980140686 34.257222533226013 9314.4423482976854 30.77082747220993 215.41255533695221 15803.189069315791 65697.555013705045
leaf_count=415265 11607 9206 614 428 5979 3722 2653 10637 53 3290 122768 136 14322 8154 331745 26168 5950 809 74 4507 414 357 8266 779 42 35881 38 268 56261 231096
internal_value=-5.57555e-05 -1.79087e-05 0.000308741 0.000906136 -0.000440177 -0.000842306 -0.00179434 -7.47663e-05 -0.000641683 0.000357825 0.000115481 -0.00117228 0.000199465 -7.57407e-05 -9.0813e-05 -1.47711e-05 0.000819108 -0.000268653 0.000882081 -0.000334386 0.00220217 -0.00165009 0.000967982 0.000709035 0.0033353 0.000568943 -0.00183827 -0.00429965 -5.8195e-05 0.000102548
internal_weight=387811 353052 53104.6 12980.4 34758.5 16547.8 5845.86 18210.7 8615.84 3100.63 40124.2 2456.56 37667.7 299948 295301 206853 10238.6 88447.5 4646.84 1693.52 2046.37 231.193 12874.3 10502.9 531.878 9970.98 656.54 275.193 196615 81500.7
internal_count=1311489 1273548 192480 46048 37941 17982 6375 19959 9322 3343 146432 9342 137090 1081068 1068065 735511 32889 332554 13003 4849 6721 771 45620 37354 656 36698 817 342 702622 287357
is_linear=0
shrinkage=0.05


Tree=142
num_leaves=31
num_cat=0
split_feature=1 8 16 8 18 16 1 16 6 1 0 0 16 16 3 1 16 16 16 17 16 0 16 12 1 17 17 1 17 18
split_gain=2.31054 3.65817 3.32623 2.23602 2.02657 1.97569 2.5434 4.1333 2.6657 2.06879 1.89424 1.74728 3.3966 1.67591 2.67722 4.87956 3.04182 5.87822 2.60317 3.00281 3.68537 2.59724 2.79125 2.49968 2.42237 2.12119 2.04275 2.00107 2.84502 1.82804
threshold=298.50000000000006 7.4625020485903191 0.78371502652980218 1.2424533248940002 1.0791666666666668 0.80898032621629334 428.50000000000006 0.82088808205360964 0.60355339059327384 335.50000000000006 108.50000000000001 49.500000000000007 0.83375273960117646 0.8423321668866619 1.0000000180025095e-35 1455.5000000000002 0.83626252219812136 0.83523104476989685 0.84425539163094909 0.79657838570501738 0.84373940648526213 41.500000000000007 0.81327991938713906 1.0000000180025095e-35 1849.5000000000002 0.65641077446366225 0.81359249534525546 976.50000000000011 0.80553690251001531 1.0458333333333336
decision_type=2 2 2 2 2 2 2 2 2 2 2 2 2 2 2 2 2 2 2 2 2 2 2 2 2 2 2 2 2 2
left_child=1 2 3 10 13 -6 7 9 11 -7 -1 12 -9 14 15 23 17 21 19 20 -15 22 -16 -2 25 -24 -23 28 -19 -29
right_child=4 -3 -4 -5 5 6 -8 8 -10 -11 -12 -13 -14 18 16 -17 -18 27 -20 -21 -22 26 24 -25 -26 -27 -28 29 -30 -31
leaf_value=-0.0012761777531546227 0.0022677519951495142 -0.0083113558639353272 2.4243129884648357e-05 -0.0069367021506253406 -0.0020583263064740567 -0.00048751216536106756 -0.00011174881654962416 -0.00505171103659689 -0.0050971376194852043 0.016042349137281722 -0.015147425552489702 0.0093733619196107818 0.0017559076122127247 -0.0010771798178316916 -0.0014573206297459618 0.015021834208326491 0.0011138392159707135 0.00071001086757581378 -0.00015126738376545769 0.0019994074334121355 -0.0037039923347879939 0.00027962970545550861 0.0018417442084507824 -0.011936842477807153 -0.0018180840572391112 0.00030877151865315314 -0.0016567810468316902 -0.0032778557530743243 -0.0021508754403753577 -0.0058837221195813085
leaf_weight=4588.8943951874971 30096.194280214608 244.77577697858214 12448.284013696015 3553.5311975367367 20272.569766819477 47.029345452785492 11785.104237496853 49.955432832241058 113.18293702602386 154.74080407619476 195.99754552543163 298.31935572624207 171.50494170188904 2075.413149446249 31059.699154302478 2140.8745128512383 10352.471527978778 847.40138523280621 68592.00489448756 754.95680440962315 1153.9165251851082 167218.26920858771 1642.2511724233627 362.12806091457605 2949.7560266703367 6047.053037583828 6459.6074583157897 1585.5673969388008 204.98655018210411 344.44831985235214
leaf_count=16464 109137 851 37725 13835 22609 50 12399 52 119 163 672 313 180 4943 122306 7704 35389 2131 234804 4833 2563 543028 2103 1483 9711 22332 95189 6029 1951 421
internal_value=-5.35572e-05 -0.000563221 -0.000491663 -0.00126446 -2.43326e-05 -0.000398789 9.23564e-05 0.00275948 0.000772999 0.00899116 -0.000558859 0.00228714 -0.00107746 1.25564e-05 7.15921e-05 0.000495502 1.11704e-05 -2.85331e-05 -0.000200002 -0.00144247 -0.00210616 1.99437e-06 -0.00035236 0.000333322 0.000346605 0.000813897 8.70721e-05 -0.0022331 -0.000479177 -0.00318947
internal_weight=387811 21031.5 20786.7 8338.42 366779 32892.4 12619.8 834.733 632.963 201.77 4784.89 519.78 221.46 333887 261311 32599.2 228712 218359 72576.3 3984.29 3229.33 215377 41698.8 30458.3 10639.1 7689.3 173678 2982.4 1052.39 1930.02
internal_count=1311489 69547 68696 30971 1241942 35885 13276 877 664 213 17136 545 232 1206057 958914 118324 840590 805201 247143 12339 7506 794669 156452 110620 34146 24435 638217 10532 4082 6450
is_linear=0
shrinkage=0.05


Tree=143
num_leaves=31
num_cat=0
split_feature=7 10 1 16 16 4 16 10 10 16 8 7 1 7 7 7 7 10 1 3 10 8 16 10 1 16 4 16 16 16
split_gain=2.40673 3.87592 2.23798 2.08904 2.07637 1.63279 6.0662 3.09182 2.1125 2.05363 4.18519 6.95735 4.21418 3.69602 3.47828 5.04194 7.43886 4.35447 3.2997 4.04032 6.46942 6.777 7.53208 4.29615 4.22927 3.95982 4.02591 7.95249 5.14702 3.3062
threshold=9.1195400016540109 8.1295222705248644 590.50000000000011 0.75883232982744986 0.9461910594647257 4.5000000000000009 0.87260122516658101 7.4073427185764524 6.7976209634028883 0.80468843791176625 1.2424533248940002 3.4175922930736511 335.50000000000006 3.4811217321331038 1.0397207708399181 2.3502401828962087 2.524928003624769 1.0000000180025095e-35 1419.5000000000002 1.0000000180025095e-35 7.1252063492905746 0.89587973461402759 0.89781489096933687 1.0000000180025095e-35 257.50000000000006 0.89781489096933687 1.5000000000000002 0.84300269948124729 0.81218281370748857 0.88779654317510448
decision_type=2 2 2 2 2 2 2 2 2 2 2 2 2 2 2 2 2 2 2 2 2 2 2 2 2 2 2 2 2 2
left_child=1 5 3 -2 -5 9 7 -7 -8 10 11 14 -12 -13 17 -16 -17 -1 19 -11 21 23 24 29 -23 26 27 -20 -28 -21
right_child=2 -3 -4 4 -6 6 8 -9 -10 18 12 13 -14 -15 15 16 -18 -19 25 20 -22 22 -24 -25 -26 -27 28 -29 -30 -31
leaf_value=-0.0018730772995179973 -0.021951583899747381 0.0024486509177966357 -0.0012302093339649268 -0.0013060319401593308 -0.01808012287582552 0.00036915635709468546 -0.00087376915450321094 0.005153830598717696 -0.0050984296785788544 -0.0016505786144012824 -0.0048662025297337465 0.016318723982196227 -0.0012500106294930481 0.002579005763393405 -0.0034097254563439736 0.0051688721431495726 -0.0021051224997282124 0.0027544847034358501 -0.0031559211027390164 0.0015210150007877615 -0.00055680913426031935 0.0027078949501404357 -0.0036768268980133054 -6.1644189225382171e-05 0.00084845929814331286 0.0064188571592743498 0.0033612817217540283 0.0072122438434726321 -0.00081815390714166112 -0.0038806052383438387
leaf_weight=2639.6519538573921 473.1552232131362 20185.764571249485 9634.7111410647631 1471.2075683102012 47.643812283873558 40593.899817828089 1996.0818056985736 11098.422398909926 1034.3686983287334 19212.072186373174 4930.0572765618563 1657.6449941620231 76008.754586469382 13930.306750986725 9462.8433111570776 7626.6589270271361 15781.735821962357 15616.504583112895 4579.2518688216805 1585.1393694356084 21693.610209666193 572.13204058259726 1534.6593549922109 26741.978205263615 26506.228268362582 2484.7447292804718 5736.496710292995 1179.1602597907186 41673.421946555376 122.58082403242588
leaf_count=11049 1177 57704 33888 5637 141 138297 6927 37606 3546 60443 18701 5896 291372 51723 33771 26227 56329 52952 13807 5088 67481 1744 5314 79676 83098 8803 17336 3583 131688 485
internal_value=-4.8395e-05 -2.64971e-05 -0.000756904 -0.00228251 -0.00137878 -6.47141e-05 0.000186537 0.000314001 -0.00198768 -0.000110351 -0.000243504 4.97002e-05 -0.000485183 0.000974422 -0.000232233 -0.000539575 -0.000145857 0.000321153 1.76306e-05 0.000192286 0.000350878 0.000630292 0.00117363 8.38362e-05 0.00136676 -0.000289823 -0.000380999 -0.00162941 -0.000229366 0.00251525
internal_weight=387811 376184 11626.7 1992.01 1518.85 355998 54722.8 51692.3 3030.45 301276 147654 66715.3 80938.8 15588 51127.4 32871.2 23408.4 18256.2 153621 97968.4 78756.3 57062.7 28613 28449.7 27078.4 55653.1 53168.3 5758.41 47409.9 1707.72
internal_count=1311489 1270646 40843 6955 5778 1212942 186376 175903 10473 1026566 548020 237947 310073 57619 180328 116327 82556 64001 478546 303329 242886 175405 90156 85249 84842 175217 166414 17390 149024 5573
is_linear=0
shrinkage=0.05


Tree=144
num_leaves=31
num_cat=0
split_feature=1 18 8 10 1 8 7 9 7 6 17 17 1 0 6 7 10 17 7 6 7 0 1 1 10 7 5 8 0 10
split_gain=2.16931 2.7108 2.65689 2.02153 2.39194 2.38197 7.65713 2.2261 1.92933 1.86307 3.69556 1.88824 1.85861 1.83283 1.80914 1.71564 1.66029 1.72147 1.61268 1.55718 1.49593 1.64508 1.47734 1.62379 2.09258 2.15666 2.02277 2.94203 1.76988 1.65182
threshold=467.50000000000006 1.0791666666666668 7.3849206531217746 8.1179138716655235 4752.5000000000009 2.249904835165133 4.5695295849856103 6.0602900572549077 7.4710784311910805 -0.37940952255126015 0.65813547005910744 0.65641077446366225 7767.5000000000009 127.50000000000001 -0.98296291314453399 5.7667560492893086 8.4036835615819729 0.64927633572046617 9.1834315540998528 0.91597561503675351 8.1640833035104183 39.500000000000007 504.50000000000006 2539.5000000000005 7.6356794924471805 6.2334293711344477 0.78656609248549325 3.795426061844291 76.500000000000014 5.283083967317161
decision_type=2 2 2 2 2 2 2 2 2 2 2 2 2 2 2 2 2 2 2 2 2 2 2 2 2 2 2 2 2 2
left_child=2 3 -1 5 7 6 -2 16 13 11 -11 12 14 19 -3 -6 18 -18 -5 -8 21 -12 -23 24 25 -24 29 -28 -29 -25
right_child=1 9 -4 4 15 -7 8 -9 -10 10 20 -13 -14 -15 -16 -17 17 -19 -20 -21 -22 22 23 26 -26 -27 27 28 -30 -31
leaf_value=-0.00040730827230416879 2.7695576859176897e-05 0.010456704871746101 -0.0042142296157086203 0.0021434182750655561 0.03984319722296268 -0.0003129604968201333 0.0027013694516621668 -0.0070491676266307259 -0.010017450862976908 -0.0017217534944426851 -0.0014569929987457431 -0.0021993042620211539 -0.01876919951155738 0.029478487458868653 0.00054354537717176408 0.012564396076603136 -0.006635603210655195 0.01120566798597189 -0.0015264757137902153 0.010207692936648216 -0.0046421346953735123 0.009199543212958166 0.00064354357627430117 0.0025033608875867589 0.0095437799219927795 -0.0043007100397955507 -0.01127474865976631 0.028490832959813195 -0.012785788249449282 0.01849769524208212
leaf_weight=52833.881394717842 141050.64051734284 196.1466845870018 794.87150719389319 15437.74241162464 159.70518860220909 123627.13579853624 14844.858816891909 579.01875083148479 200.46770948544145 7474.6315034478903 1233.7900178954005 12086.921569138765 55.256530702114105 228.81389765068889 1834.9530174732208 1146.7285476662219 288.24206650257111 1359.4635635502636 4136.7105944417417 1174.2324984185398 537.93098267167807 154.69631845504045 3591.6265237480402 374.91494189202785 989.91769459843636 360.48988698422909 241.34069296717644 42.690108492970467 20.575193077325821 752.49428604543209
leaf_count=176264 496732 216 2868 48702 424 466855 56365 1955 741 8088 1356 13105 61 798 2026 3608 358 3558 15117 4478 599 169 3954 402 1088 418 304 57 25 798
internal_value=-5.03127e-05 -2.94002e-06 -0.000345511 4.17397e-05 0.000491292 4.78803e-06 0.000133733 0.000366763 0.00115465 -0.000456823 -8.30163e-05 -0.000872877 0.000516203 0.0012148 0.000762351 0.00256938 0.000450218 0.00197453 0.000321907 0.00115133 0.000643203 0.000819903 0.00113633 0.00101915 0.000589568 7.46445e-05 0.00250169 -0.00111358 0.0084839 0.00347848
internal_weight=387811 334182 53628.8 304234 23107.6 281126 157499 21801.2 16448.4 29948.4 15775.1 14173.3 2086.36 16247.9 2031.1 1306.43 21222.2 1647.71 19574.5 16019.1 8300.47 7762.54 6528.75 6374.05 4942.03 3952.12 1432.02 304.606 63.2653 1127.41
internal_count=1311489 1132357 179132 1099691 73722 1025969 559114 69690 62382 32666 17258 15408 2303 61641 2242 4032 67735 3916 63819 60843 9170 8571 7215 7046 5460 4372 1586 386 82 1200
is_linear=0
shrinkage=0.05


Tree=145
num_leaves=31
num_cat=0
split_feature=1 1 16 9 16 0 1 16 10 7 17 17 16 16 4 16 7 5 17 4 16 16 16 6 16 16 6 17 16 16
split_gain=2.29414 2.14238 3.68695 2.81625 1.96846 1.87316 1.9118 1.91968 2.1199 2.10642 1.83715 1.76362 3.53522 3.48185 4.29273 4.20869 2.34024 2.3159 2.30556 2.80035 4.38357 2.32911 2.49617 2.21364 2.08365 1.92713 2.61859 1.88851 1.82572 3.87275
threshold=9491.5000000000018 335.50000000000006 0.8031598128688493 1.2424533248940002 0.80843591680373295 41.500000000000007 2389.5000000000005 0.81104456713643081 7.6630053345060398 8.5229764164019635 0.65933186473910388 0.69355307585676318 0.76640384685231278 0.76654570564470936 1.5000000000000002 0.77481306712307374 1.0000000180025095e-35 -1.0000000180025095e-35 0.79630840319735097 1.5000000000000002 0.85672772824506083 0.89517497621427877 0.90056769624314192 0.60355339059327384 0.86681196525373416 0.93504912530908568 -0.5 0.64725493382190846 0.83214013540678655 0.82537325419067853
decision_type=2 2 2 2 2 2 2 2 2 2 2 2 2 2 2 2 2 2 2 2 2 2 2 2 2 2 2 2 2 2
left_child=1 2 3 -1 -2 6 7 -3 -9 -10 -11 25 16 14 -14 -15 -13 -18 23 20 28 -22 -23 -17 -21 -7 -27 -28 29 -20
right_child=4 5 -4 -5 -6 11 -8 8 9 10 -12 12 13 15 -16 18 17 -19 19 24 21 22 -24 -25 -26 26 27 -29 -30 -31
leaf_value=-0.0022081927777475503 0.0085865681254911237 -0.00093335026733376569 0.00013936171143201503 -0.0087182145512458096 -0.00099199973544962235 -0.00015471434070102319 -0.0026154152758737616 0.00035344708841073826 -0.0024279281818622295 0.012816455206830982 0.00020815076914798282 -0.0085705544243028352 0.0026531002955432152 0.005435578265204139 -0.0031378184200492655 -0.00035842127293620189 0.0085871066029951423 0.0016518544642462663 -0.0012387603584368752 0.0015288105098020589 0.019630220872517413 -0.012773088532962202 0.0053209178555802764 0.00094330369916451886 -0.00041011083247907563 -0.018801152423999504 0.047025237355755978 -0.0039206597636622046 -0.0025542131308946103 0.015074800819982881
leaf_weight=12445.638923048973 3672.8670208565891 30688.903673935682 13092.869894914329 1784.6014054082334 1892.6324646547437 120252.59329959005 11592.082261260599 22621.557074375451 4159.33872718364 235.23632228374481 758.90962348878384 365.90883559733629 1179.5770174488425 7127.4073846191168 9738.6586776524782 63557.701021283865 13847.20770380646 13688.178631536663 2484.3642281964421 29174.227923825383 424.446936391294 101.72154965996742 525.70701017230749 14056.134129703045 6155.9828353822231 349.56996947526932 62.159493744373322 383.39166867733002 1085.9440946355462 145.29405301809311
leaf_count=43715 12714 113144 40269 6780 6116 158382 39509 71536 12881 296 2866 1492 18486 27814 151323 185770 56409 53761 15744 191393 2647 638 3589 41614 42607 467 77 515 7787 956
internal_value=-2.27841e-05 -3.74643e-05 -0.000464085 -0.00102121 0.000985047 -4.60681e-06 -0.00023622 -0.000119914 0.000181251 -0.000733939 0.00133372 5.2385e-05 0.00015941 5.40583e-05 -0.000802176 0.000128943 0.000672009 0.000724796 5.75061e-05 0.00036537 -0.000772114 0.00207741 0.000142268 -0.000101546 0.000518863 -9.23139e-05 -0.00254577 -4.17807e-06 -0.0015788 -0.000866565
internal_weight=387651 382085 27323.1 14230.2 5565.5 354762 70056 58463.9 27775 5153.48 994.146 284706 163658 135757 10918.2 124839 27901.3 27535.4 117712 40097.7 4767.48 1051.88 627.429 77613.8 35330.2 121048 795.121 445.551 3715.6 2629.66
internal_count=1311297 1292467 90764 50495 18830 1201703 240232 200723 87579 16043 3162 961471 802030 690368 169809 520559 111662 110170 492745 265361 31361 6874 4227 227384 234000 159441 1059 592 24487 16700
is_linear=0
shrinkage=0.05


Tree=146
num_leaves=31
num_cat=0
split_feature=1 1 16 3 3 16 1 16 4 7 1 16 16 9 16 7 16 17 4 5 17 17 16 7 5 17 17 16 16 1
split_gain=2.15149 1.96208 3.41524 3.09671 2.20323 3.13492 4.80246 4.72507 3.37384 2.60977 2.45726 5.99926 2.22513 2.19109 2.15837 1.86726 1.8067 1.77342 1.75858 1.70709 2.18289 2.3982 2.28937 2.05169 1.66484 1.45831 1.34956 1.34298 1.73446 4.11873
threshold=9491.5000000000018 335.50000000000006 0.8031598128688493 1.0000000180025095e-35 1.0000000180025095e-35 0.81327991938713906 1626.5000000000002 0.81354795087357534 1.5000000000000002 5.4004200416950168 1171.5000000000002 0.84649134540172921 0.91167763378283551 4.6200466650627661 0.6262678782415706 1.0397207708399181 0.80843591680373295 0.65737091758083455 2.5000000000000004 -0.25881904510252113 0.65232474344564295 0.64867302866654353 0.78492673449477679 2.3502401828962087 -0.5 0.79039094287235756 0.65813547005910744 0.97182285662211954 0.93504912530908568 1035.5000000000002
decision_type=2 2 2 2 2 2 2 2 2 2 2 2 2 2 2 2 2 2 2 2 2 2 2 2 2 2 2 2 2 2
left_child=1 2 3 13 5 6 -3 8 -7 10 15 18 17 14 26 -9 19 -13 -12 20 21 22 -2 -21 -23 -22 -1 28 -6 -30
right_child=16 4 -4 -5 27 7 -8 9 -10 -11 11 12 -14 -15 -16 -17 -18 -19 -20 23 25 24 -24 -25 -26 -27 -28 -29 29 -31
leaf_value=0.04648926079565914 0.031659499115350334 0.0032192037279060062 0.00013239362586041359 -0.0035693672069274265 -8.4463540465294298e-05 -0.024581231310551871 0.02199250568960286 0.0060081607040573803 0.001192280055326156 0.0056130366810052297 -0.0039690445759252456 -0.015497708264844154 0.0069595265920225028 -0.030013785328537185 -0.0024356634054945926 -0.0021928415063001416 -0.00094239974867714189 -0.011563402163177201 0.014514518855396603 -0.013153916897231693 0.031020309453232999 -0.033052411547204889 -0.016661247186997307 0.0069959700010323147 0.025302942387502692 0.01335188071927469 0.017372926930049704 0.014531394941448783 -0.010766413993244146 0.005053681789351539
leaf_weight=86.762635171413422 155.22196048498154 25459.718159358948 13092.869894914329 3879.4052613712847 310769.25966672972 85.016025260090828 1329.6064551472664 1971.4149478897452 56.575263753533363 3416.2891483306885 290.77339811623096 208.11241537332535 160.49783229827881 71.316365960985422 10026.786620210856 7511.0813780725002 1892.6324646547437 829.47164499759674 461.2398245036602 339.95728858560324 598.15458223223686 126.85620027780533 48.152169764041901 1641.6188937574625 27.92381340265274 734.98211235180497 165.96944574266672 636.99868926405907 857.32690303772688 718.82239481061697
leaf_count=107 193 88554 40269 14912 1053529 142 4580 6127 172 11379 828 264 530 240 34581 23868 6116 2854 1389 1141 927 163 60 5694 36 4500 655 2187 2823 2477
internal_value=-2.26252e-05 -3.68417e-05 -0.000445116 -0.000981316 -5.39716e-06 0.000335645 0.000659632 -0.000243348 -0.009334 -0.000156665 -0.000519016 -0.00213544 -0.0043326 -0.000529763 -0.00046917 -0.000186594 0.00095337 -0.00518007 0.00136498 0.00160005 0.00276684 -0.000698765 0.00287057 0.000604189 -0.00538871 0.00369789 0.00409432 -5.09226e-05 -5.55999e-05 -0.00171006
internal_weight=387651 382085 27323.1 14230.2 354762 41779.8 26789.3 14990.5 141.591 14848.9 11432.6 1950.1 1198.08 10350.8 10279.5 9482.5 5565.5 1037.58 752.013 3672.87 1691.29 358.154 203.374 1981.58 154.78 1333.14 252.732 312982 312345 1576.15
internal_count=1311297 1292467 90764 50495 1201703 140687 93134 47553 314 47239 35860 5865 3648 35583 35343 29995 18830 3118 2217 12714 5879 452 253 6835 199 5427 762 1061016 1058829 5300
is_linear=0
shrinkage=0.05


Tree=147
num_leaves=31
num_cat=0
split_feature=1 16 3 3 16 1 1 7 17 0 16 3 16 6 16 4 16 7 7 9 0 16 16 1 7 16 16 16 0 16
split_gain=1.8885 3.91615 4.39087 2.29216 3.27006 4.3731 3.79444 3.89237 2.38148 2.82733 2.14575 1.97069 3.24275 3.54104 2.62106 5.60289 3.77998 2.54225 2.7629 1.96538 1.84282 1.83562 2.74512 1.80174 1.78911 1.73964 4.19106 2.73656 1.7349 1.69319
threshold=420.50000000000006 0.79940033165848312 1.0000000180025095e-35 1.0000000180025095e-35 0.83426495118380328 1326.5000000000002 1181.5000000000002 5.6401308701359305 0.66268314391858796 147.50000000000003 0.7355916861827595 1.0000000180025095e-35 0.85472328363330063 0.60355339059327384 0.85672772824506083 1.5000000000000002 0.80263627494539491 1.0000000180025095e-35 1.0397207708399181 0.89587973461402759 48.500000000000007 0.82922542429719359 0.82872382376875298 9491.5000000000018 9.2635019021077358 0.81327991938713906 0.81354795087357534 0.81218281370748857 73.500000000000014 0.83596978670169342
decision_type=2 2 2 2 2 2 2 2 2 2 2 2 2 2 2 2 2 2 2 2 2 2 2 2 2 2 2 2 2 2
left_child=1 2 24 4 5 8 29 20 9 19 -4 14 13 17 15 16 28 -13 -19 -2 -8 22 25 -5 -1 27 -27 -18 -3 -6
right_child=3 11 10 23 6 -7 7 -9 -10 -11 -12 12 -14 -15 -16 -17 21 18 -20 -21 -22 -23 -24 -25 -26 26 -28 -29 -30 -31
leaf_value=-0.001193210913853815 0.001004819084123032 0.051735074850167623 -0.020811418319147214 -8.0071317208219028e-05 -0.011625937919206819 0.014744776039813258 -0.013647425926482422 0.011628098528925775 0.0048741140319919166 -0.030673081019329265 -0.0021881457904222011 0.0027652277925151931 -0.00028847651969095002 -0.00086990981600083015 0.0039363262607936657 -0.00065712948467996912 -0.0093400338816725104 -0.00086119359600168735 0.0010859066256361225 -0.0088546558549903783 -0.0073789264328430306 -0.0059995792886286953 -0.018992197220297116 0.004364709376097925 -0.0232543792136242 -0.016713522695946101 -0.01009169757369215 0.060178338283115862 -0.0077759217483966752 0.0010642808087697019
leaf_weight=13814.168469309807 6424.5060187205672 40.512784503400326 1417.8110407441854 303894.408224646 255.06275296211243 2919.7475972361863 406.72551266849041 348.66646186262369 15474.164303552359 19.401935517787933 5833.6016259603202 151.10104694217443 3714.3341184407473 1324.4438710361719 3601.1771006733179 6101.1621648818254 323.01682186871767 751.91175966709852 5272.9645847007632 1236.8055054545403 1057.550254046917 452.1564631909132 31.186386540532112 5537.0581233501434 190.59054490178823 80.720994487404823 473.89176934212446 19.29509786516428 9.7545163258910161 6472.9160044267774
leaf_count=48034 7923 136 3576 1030323 731 9976 1232 1162 69888 24 24909 484 12021 3905 11669 18596 753 2072 15277 1533 3207 1681 44 18744 660 135 1477 56 27 21042
internal_value=-2.27762e-05 -0.000332771 -0.000818631 1.65119e-05 0.000402372 0.000680507 -0.000446747 -0.00247696 0.000450571 -0.000269168 -0.00181732 0.000129359 0.000597172 0.00119549 -0.000341895 -0.000872389 -0.00368874 0.00169859 0.00153794 -0.000220892 -0.00360748 -0.00417922 -0.00545192 -2.66536e-05 -0.000301529 -0.00494487 -0.00667483 -0.00214198 0.0097793 0.000100321
internal_weight=387651 43603.8 21256.2 344047 34615.5 26074.6 8540.92 1812.94 23154.9 7680.71 7251.41 22347.6 11214.8 7500.42 11132.9 7531.7 1430.53 6175.98 6024.88 7661.31 1464.28 1380.27 928.111 309431 14004.8 896.925 554.613 342.312 50.2673 6727.98
internal_count=1311297 145512 77179 1165785 116718 89344 27374 5601 79368 9480 28485 68333 33759 21738 34574 22905 4309 17833 17349 9456 4439 4146 2465 1049067 48694 2421 1612 809 163 21773
is_linear=0
shrinkage=0.05


Tree=148
num_leaves=31
num_cat=0
split_feature=1 16 3 16 3 16 10 7 1 17 10 6 7 10 7 0 17 17 7 0 0 0 6 7 0 10 1 5 16 1
split_gain=1.82328 2.08447 1.98281 2.18862 1.79562 2.50293 3.07075 2.54066 2.49665 2.09283 1.9942 1.89633 1.80253 1.76239 2.6783 1.6464 1.63878 1.63866 1.90756 1.86512 2.54685 2.76913 2.05083 2.01041 1.76376 1.6017 1.5604 1.66683 1.61173 1.55575
threshold=317.50000000000006 0.8031598128688493 1.0000000180025095e-35 0.6262678782415706 1.0000000180025095e-35 0.76952262429808882 7.5525120388659799 1.0397207708399181 1533.5000000000002 0.66197798957202592 8.4036835615819729 0.60355339059327384 10.791892978568784 6.4847746935035122 4.3107766033702406 22.500000000000004 0.65813547005910744 0.66237379509048522 9.6597266625627505 81.500000000000014 119.50000000000001 146.50000000000003 -0.9159756150367534 3.1984648276080736 29.500000000000004 0.031737426730471384 9491.5000000000018 1.0000000180025095e-35 0.82416620690332965 157.50000000000003
decision_type=2 2 2 2 2 2 2 2 2 2 2 2 2 2 2 2 2 2 2 2 2 2 2 2 2 2 2 2 2 2
left_child=1 2 3 16 5 8 7 -7 12 -9 26 -11 17 15 -15 -5 -1 18 19 22 -21 23 -2 -22 -24 -18 -6 28 -28 -16
right_child=4 -3 -4 13 10 6 -8 9 -10 11 -12 -13 -14 14 29 -17 25 -19 -20 20 21 -23 24 -25 -26 -27 27 -29 -30 -31
leaf_value=0.044629558450278939 -0.011857280273991445 5.6078590514016538e-05 -0.0031457036268938577 -0.018967253583820828 -0.00010073328554639217 0.0044545590087126385 0.0059986332164775787 -0.0053805727353775203 0.020276422470076574 -0.0020354946214451775 0.0059863693950160087 0.0055010892842100928 -0.049454977690373415 0.0093903361623511872 -0.015758685817331593 -0.0040040659104042592 0.13730106936941841 0.0073416773603323217 -0.040643720008225227 -0.016300911453479228 0.099089621392391095 -0.048734039386821575 0.030509787492179443 0.032372547546785847 0.0045777758799561254 -0.005717402441275255 0.011326480437182608 -0.00060473939859412296 -0.0017887719678869264 -0.0030100634108300717
leaf_weight=81.285215735435486 763.96546083688736 11557.980268955231 3239.2538655102253 101.68614550307393 312590.00076304004 3919.8454766869545 6716.4586724042892 4305.1536973118782 969.64968140423298 10066.065307304263 1946.0387684293091 2093.0675064474344 45.029968224465847 1652.5525807961822 324.98026305437088 5313.1327512674034 25.688668742775917 9835.5016524530947 44.519234955310822 774.4259146079421 42.022834837436676 18.652832210063934 218.22925662994385 57.267313003540039 3540.8955536484718 128.90525303035975 2282.756406955421 2525.0742928385735 702.26135445386171 1768.4668945483863
leaf_count=100 948 35482 12410 347 1062066 11861 20641 5381 3653 37544 4240 8192 155 5438 1172 18163 93 51940 56 964 52 23 267 71 4395 517 7811 8532 2345 6438
internal_value=-2.12593e-05 -0.00044155 -0.000885416 -0.000517676 6.71785e-06 0.000308476 1.39417e-05 -0.000291569 0.000797867 -0.00056394 -3.42123e-05 -0.000228504 0.000642339 -0.000640122 0.000193678 -0.00121695 0.00423776 0.000671747 -2.28549e-05 6.18815e-05 -0.00202718 0.00481751 0.000474036 0.00813817 0.000954002 0.00121576 -4.39744e-05 0.000790119 0.00158995 -0.000994173
internal_weight=387651 24193.9 12636 9396.7 363457 43410.8 27100.6 20384.1 16310.2 16464.3 320046 12159.1 15340.5 9160.82 3746 5414.82 235.879 15295.5 5459.98 5415.46 892.369 117.943 4523.09 99.2901 3759.12 154.594 318100 5510.09 2985.02 2093.45
internal_count=1311297 80160 44678 32268 1231137 146143 83619 62978 62524 51117 1084994 45736 58871 31558 13048 18510 710 58716 6776 6720 1110 146 5610 123 4662 610 1080754 18688 10156 7610
is_linear=0
shrinkage=0.05


Tree=149
num_leaves=31
num_cat=0
split_feature=8 7 7 8 7 8 7 1 3 8 0 1 10 10 8 0 5 7 10 4 1 1 7 3 10 8 1 5 7 0
split_gain=1.79628 1.76059 4.79971 3.50706 3.1205 2.96334 3.20607 2.43585 3.49016 2.30458 1.93171 1.90593 1.90075 1.90048 2.09215 1.8229 1.76338 1.89051 1.70913 2.62977 3.41062 1.63375 1.95651 1.63147 1.57742 1.57725 1.56817 1.56214 1.53459 1.483
threshold=8.336749862461053 3.7012257604091228 3.7494348669884658 1.0000000180025095e-35 2.6735537653587351 2.1383330595080281 4.6101453514146771 1559.5000000000002 1.0000000180025095e-35 1.0000000180025095e-35 128.50000000000003 192.50000000000003 7.9933290451173296 7.2061565359679971 7.4625020485903191 121.50000000000001 0.12940952255126045 3.5408542930527882 6.8164374793755229 1.5000000000000002 984.50000000000011 4752.5000000000009 1.0000000180025095e-35 1.0000000180025095e-35 2.0502184835072974 1.4978661367769956 257.50000000000006 -0.78656609248549292 8.0483089226670437 43.500000000000007
decision_type=2 2 2 2 2 2 2 2 2 2 2 2 2 2 2 2 2 2 2 2 2 2 2 2 2 2 2 2 2 2
left_child=1 3 9 12 13 6 -4 8 -6 -3 24 -7 16 23 -15 27 21 -18 19 20 25 -1 -23 -5 -8 -10 -19 -13 -2 -29
right_child=28 2 5 4 7 11 10 -9 18 -11 -12 15 -14 14 -16 -17 17 26 -20 -21 -22 22 -24 -25 -26 -27 -28 29 -30 -31
leaf_value=-0.00044642410565302399 0.012583648093304367 0.01782257131685509 0.00016474427672925063 -0.014376640039030643 -0.004963136545085501 -0.0030461138526468659 0.0074946194064641541 -0.0022756492700039934 0.00094690035189572423 0.0017663607025945828 0.027625610760499755 0.00039340764386934794 0.011571437885201308 -0.014696009560065044 0.055054309804353822 0.0038962604561607831 0.00049481406417277169 0.019785118024354165 -0.0012495873711684813 0.00018158399207816867 -0.00060262770467414131 -0.0058360881674745435 0.0049213934263720397 -0.0013873101035128954 0.002279232583043011 0.0021158561862919846 -0.0048839329165097202 -0.00079331818769513287 -0.0045965912366534188 -0.00010722079325155287
leaf_weight=63865.278678581119 131.05514934286475 1202.0656944662333 33880.848716657609 203.14438468590379 5424.7380333915353 1698.5384032689035 739.06506137922406 13724.557569555938 860.87844575569034 2653.8574485741556 236.17458298429847 40905.12374868989 1236.5560653917491 207.06851324811578 23.489974718540907 2873.739301469177 46848.52356082201 32.914319146424532 4089.027430601418 12685.782933693379 632.70054017752409 212.02372508123517 3591.0024890191853 1382.0114644244313 17881.361673664302 590.3570436052978 663.17664145678282 29035.746591728181 1628.3388752155006 98511.666795030236
leaf_count=210557 452 4076 114053 688 17506 5910 2860 44992 2813 8745 783 143283 3184 701 95 9463 151976 106 12817 42057 2149 809 11918 4591 62781 1933 2219 102422 5643 339715
internal_value=-2.20189e-05 -1.47514e-05 7.33547e-05 -0.000144209 -0.000549248 4.34794e-05 0.000371597 -0.00045251 -0.00015159 0.00182254 0.000894164 -5.65299e-05 -5.6924e-06 -0.00257425 -0.00681579 -4.00067e-05 -2.66201e-05 0.000206744 0.000169902 0.000420354 0.00206646 -0.000190585 0.000816203 -0.00195732 0.00083717 0.00340206 -0.00237982 -6.13089e-05 -0.00161602 -0.000147536
internal_weight=387651 385891 229618 156273 39823.8 225762 52737.5 38008 24283.5 3855.92 18856.6 173025 116449 1815.71 230.558 171326 115213 47544.6 18858.7 14769.7 2083.94 67668.3 3803.03 1585.16 18620.4 1451.24 696.091 168453 1759.39 127547
internal_count=1311297 1305202 794091 511111 130342 781270 180477 124267 79275 12821 66424 600793 380769 6075 796 594883 377585 154301 61769 48952 6895 223284 12727 5279 65641 4746 2325 585420 6095 442137
is_linear=0
shrinkage=0.05


Tree=150
num_leaves=31
num_cat=0
split_feature=8 16 1 10 1 10 3 6 16 4 16 1 16 1 16 8 4 16 10 18 9 16 18 10 8 1 9 16 16 9
split_gain=1.6814 2.85806 4.80423 4.42749 3.49352 7.58274 8.10642 7.97177 7.41214 4.9492 7.43289 4.02447 3.50154 3.21645 2.79508 2.67004 2.49282 2.87517 3.23761 3.05281 2.50074 2.3474 2.26937 3.88297 2.19854 2.01597 1.99046 2.3714 1.96378 1.95484
threshold=1.2424533248940002 0.80468843791176625 604.50000000000011 5.751176346912966 1383.5000000000002 6.9692997206039617 1.0000000180025095e-35 0.60355339059327384 0.89781489096933687 1.5000000000000002 0.83214013540678655 1001.5000000000001 0.81055355588102429 604.50000000000011 0.78844554839369796 7.6584635422148262 1.5000000000000002 0.82922542429719359 7.846586089027463 1.0458333333333336 3.4498615536424366 0.80691510459392235 1.029166666666667 6.6358533115328004 3.1984648276080736 3273.5000000000005 0.89587973461402759 0.8624299788615909 0.58123026540307288 2.3502401828962087
decision_type=2 2 2 2 2 2 2 2 2 2 2 2 2 2 2 2 2 2 2 2 2 2 2 2 2 2 2 2 2 2
left_child=28 2 15 -4 5 6 -3 8 9 10 11 21 -6 -11 29 -2 17 18 20 -19 -7 -8 -16 24 -24 -26 27 -18 -1 -5
right_child=1 4 3 14 12 16 7 -9 -10 13 -12 -13 -14 -15 22 -17 26 19 -20 -21 -22 -23 23 -25 25 -27 -28 -29 -30 -31
leaf_value=0.01880679370692 -0.0024946156389074716 -0.0032508273964794777 -0.0016680353232635253 0.0017513663561311455 0.0024303833188981661 -0.00093861819203732853 0.0033619870114297741 -0.00053279138405197546 -0.0033687610812086935 0.0014983941758814402 1.9179176779361708e-05 0.00096096401046586041 -0.00081939400219499525 0.00088867351178663692 -0.00044736305784324196 -0.011583806036324376 -2.2144794465631113e-05 -0.0020965097415787284 -0.003940746433180803 0.011869381950239411 0.0027818104725785054 0.0018189065516293597 -0.00078572286288828566 -0.0058308098339389051 0.0067331700588676218 0.043174702013272691 0.00069303181581784621 -0.0019084042271234197 0.00017724322452289111 -0.001627136933258866
leaf_weight=571.10207782685757 21190.602085310966 4536.8458507284522 17871.095939733088 46555.811323076487 4659.9660956934094 1208.6249487325549 147.00596782565117 4800.8426918387413 1077.4530144780874 4616.0609931498766 895.2863160148263 489.68634927272797 41331.433069914579 13344.817733064294 12023.741455517709 499.82646436989307 9909.6534237116575 2460.0079336985946 1415.1285545304418 617.89752620458603 106.89906480163336 1267.4635496661067 607.2665668129921 4170.4094555974007 420.09073227643967 85.309122502803802 13383.322767660022 4101.2469857409596 159946.67410204187 13364.252295743674
leaf_count=1799 79303 14573 73315 178411 13615 3330 210 15508 3799 14569 3419 1342 132877 42189 42667 1912 29834 9468 3912 719 293 3441 723 4975 499 101 42540 13596 526546 51486
internal_value=-2.67357e-05 -0.000114268 -0.00028668 -0.000133525 6.81703e-05 0.000305934 0.000865942 0.00119868 0.00160423 0.00181408 0.00376954 0.00553616 -0.000264648 0.0015093 3.05924e-05 -0.00095816 -0.000219881 -0.00116074 -0.00234177 -0.00011295 -0.000556115 0.00688866 -0.000529114 -0.00139287 0.00123144 0.00366772 -2.03854e-05 -0.000436935 9.71365e-05 0.000192254
internal_weight=387676 227158 116788 95098 110370 64378.2 31175.5 26638.6 21837.8 20760.3 2799.44 1904.16 45991.4 17960.9 77226.9 21690.4 33202.8 5808.56 2730.65 3077.91 1315.52 1414.47 17306.8 5283.08 1112.67 505.4 27394.2 14010.9 160518 59920.1
internal_count=1310971 782626 433392 352177 349234 202742 99050 84477 68969 65170 8412 4993 146492 56758 278862 81215 103692 17722 7535 10187 3623 3651 48965 6298 1323 600 85970 43430 528345 229897
is_linear=0
shrinkage=0.05


Tree=151
num_leaves=31
num_cat=0
split_feature=7 1 10 0 7 7 1 7 7 7 3 1 1 7 10 10 17 10 7 0 10 1 7 7 3 1 10 3 1 5
split_gain=1.60829 2.8089 2.13918 1.50502 1.37246 6.48917 4.60307 4.35065 5.01576 4.86607 3.70021 3.05767 2.95659 2.72844 2.72568 2.96011 3.45282 2.61904 2.51152 2.36521 2.31754 2.39663 2.31041 2.27557 2.87063 3.84828 2.18685 2.16131 3.42051 2.50517
threshold=9.2635019021077358 279.50000000000006 8.2503539996157595 29.500000000000004 1.0397207708399181 2.3502401828962087 2508.5000000000005 2.524928003624769 3.0201273556387074 3.1132683346437333 1.0000000180025095e-35 2573.5000000000005 2963.5000000000005 3.4175922930736511 6.4847746935035122 0.80344726361328889 0.6544711875884256 0.1970491786496901 3.1984648276080736 105.50000000000001 5.9812086984327735 958.50000000000011 3.4811217321331038 1.0000000180025095e-35 1.0000000180025095e-35 976.50000000000011 0.014300311171438811 1.0000000180025095e-35 1001.5000000000001 0.12940952255126045
decision_type=2 2 2 2 2 2 2 2 2 2 2 2 2 2 2 2 2 2 2 2 2 2 2 2 2 2 2 2 2 2
left_child=2 -2 4 -4 23 6 10 11 -9 12 26 14 -10 18 15 -7 -17 -14 -11 -15 21 -12 -21 24 -1 -26 -6 -25 29 -29
right_child=1 -3 3 -5 5 7 -8 8 9 13 20 -13 17 19 -16 16 -18 -19 -20 22 -22 -23 -24 27 25 -27 -28 28 -30 -31
leaf_value=-0.010727618690144014 -0.0080614921108737702 -0.001264956326563696 -0.0089365359177070672 0.0040615171930815262 -0.0097312165292036679 0.0029291019647678831 -0.0059981514559037663 -0.0011239815583608509 0.0019591600207542223 0.00019140359450014606 0.00071099577471935851 0.0116052953030096 0.046794486468250823 -2.0697933670540958e-05 0.0074189438719883486 -0.0044201993369840653 3.0751990135818866e-05 0.010545210426566799 -0.0014591556079178308 0.022069672686016742 -0.001775348206962124 -0.00068374365756410376 0.0017255930538357279 0.0056068234128650585 0.00085457470831071735 -0.0012345305614128166 -0.0043591553138556897 -0.0016037035171229176 0.0021640550125102131 0.00061314032838820365
leaf_weight=704.6309997998178 276.84908213838935 9862.5334834419191 270.04843735322356 8121.3333036489785 939.08400396630168 5314.4062908738852 3990.2583089806139 23372.91143559292 7902.3618161529303 7562.894724227488 5329.8930553086102 2848.1346774399281 293.86258717626333 223476.20789630339 3051.5227871462703 1417.6590758562088 4963.2140408344567 1023.4754282422364 11330.219565752894 322.65932898595929 4010.5153656601906 6285.6232080832124 9493.6275140605867 9366.5334385745227 2221.6531614921987 3767.0840742364526 3389.3987370692194 6303.9343654476106 15898.699325613678 4564.5949380770326
leaf_count=2687 993 34797 766 22053 2997 17563 12931 76075 25942 24919 17733 9338 1020 776512 9636 1785 18603 3286 37149 1041 12631 20844 31916 29172 8396 13914 10710 20147 50851 14564
internal_value=-2.59822e-05 -0.000647411 -9.29272e-06 0.000780105 -2.72373e-05 -6.21642e-05 -0.000854502 5.80651e-07 -4.65622e-05 1.61835e-05 -0.000544497 0.000763599 0.00114443 -2.50642e-05 0.00047393 0.000126704 -0.000599244 0.00333742 -0.000602982 2.17383e-05 -0.000186148 0.000171652 0.000781359 0.000238886 -0.000607931 -0.000252751 -0.00183816 0.000395749 0.000167 -0.000516612
internal_weight=387676 10139.4 377536 8391.38 369145 326318 23944.8 302373 284778 261405 19954.5 17594.9 9219.7 252186 14746.8 11695.3 6380.87 1317.34 18893.1 233292 15626 11615.5 9816.29 42827.1 6693.37 5988.74 4328.48 36133.8 26767.2 10868.5
internal_count=1310971 35790 1275181 22819 1252362 1112631 77846 1034785 977860 901785 64915 56925 30248 871537 47587 37951 20388 4306 62068 809469 51208 38577 32957 139731 24997 22310 13707 114734 85562 34711
is_linear=0
shrinkage=0.05


Tree=152
num_leaves=31
num_cat=0
split_feature=8 7 16 1 16 7 1 1 10 3 6 16 4 16 1 16 1 16 17 7 8 8 17 7 4 16 10 18 9 10
split_gain=1.54079 4.77738 4.76646 3.03069 2.60496 4.28312 4.33041 3.186 6.83911 7.20105 7.38265 6.75591 4.42074 6.70005 3.68306 3.05266 2.97807 2.7916 3.56999 3.40688 2.60473 2.5859 2.52838 2.67727 2.28951 2.55705 3.15141 2.54932 2.43678 2.26027
threshold=1.2424533248940002 3.7012257604091228 0.77481306712307374 7201.5000000000009 0.80468843791176625 3.7012257604091228 604.50000000000011 1383.5000000000002 6.9692997206039617 1.0000000180025095e-35 0.60355339059327384 0.89781489096933687 1.5000000000000002 0.82872382376875298 1001.5000000000001 0.81055355588102429 604.50000000000011 0.79060468980597221 0.66656010559132584 3.795426061844291 1.0000000180025095e-35 7.4625020485903191 0.66197798957202592 6.6457407421766872 1.5000000000000002 0.82922542429719359 7.846586089027463 1.0458333333333336 3.4498615536424366 1.5299586756037027
decision_type=2 2 2 2 2 2 2 2 2 2 2 2 2 2 2 2 2 2 2 2 2 2 2 2 2 2 2 2 2 2
left_child=1 -1 3 20 5 29 21 8 9 -6 11 12 13 14 -11 -9 -14 -8 19 -19 -3 -7 23 -13 25 26 28 -27 -10 -2
right_child=4 2 -4 -5 7 6 17 15 24 10 -12 22 16 -15 -16 -17 -18 18 -20 -21 -22 -23 -24 -25 -26 27 -28 -29 -30 -31
leaf_value=-5.2230056494309562e-05 -0.0050319942851308492 0.016269552084152705 0.00054454185873830383 0.039498301144852338 -0.0031436240790670977 -0.0022224277802042635 0.00049320565615225138 0.0023193417308266851 -0.00089065238575193476 0.0020069765910209073 -0.00051788332265433404 0.0054261522321851947 0.0014245093637708956 0.00027957789341078609 0.00090244692020780427 -0.00078338632620997273 0.0008402508721908217 0.013684012806589386 -5.875000992094926e-06 -0.0035432476365828028 0.003867808054902078 -0.0094120066587510161 -0.0047010308650944138 -0.016664214464787701 -1.949043107118409e-05 -0.0019452633266844766 -0.0037426742148382376 0.01120635352674228 0.0026872530244509392 -0.0026237248544009554
leaf_weight=134785.06356181949 864.93215573951602 3532.6907352544367 17253.079465717077 301.9261481128633 4536.8458507284522 18688.849954832345 69257.977771498263 4659.9660956934094 1208.6249487325549 1302.6533064171672 4800.8426918387413 219.42968988418579 4616.0609931498766 1048.0242431685328 448.7646331936121 41331.433069914579 13344.817733064294 125.71061110496521 10606.075355492532 7063.8066422343254 4645.0162689648569 687.99651837348938 829.36519436538219 28.65813022851944 27394.223177112639 2460.0079336985946 1415.1285545304418 617.89752620458603 106.89906480163336 9493.0564316660166
leaf_count=439966 3687 14859 52844 1137 14573 70381 273357 13615 3330 3460 15508 274 14569 3676 1276 132877 42189 156 41155 8936 19539 2620 3490 35 85970 9468 3912 719 293 33100
internal_value=-2.61168e-05 9.24627e-05 0.000716745 0.00168741 -0.000109909 -0.00027451 -0.000180048 6.42641e-05 0.000291322 0.000823162 0.00113677 0.00152705 0.0017274 0.00357551 0.00546769 -0.000253569 0.00143934 -2.95782e-05 -0.000588154 -0.0014483 0.00150578 -0.000856059 -0.0023333 0.00209526 -0.000208045 -0.00110972 -0.0022235 -0.000121597 -0.000461776 -0.00124512
internal_weight=387676 160518 25732.7 8479.63 227158 116788 106430 110370 64378.2 31175.5 26638.6 21837.8 20760.3 2799.44 1751.42 45991.4 17960.9 87053.6 17795.6 7189.52 8177.71 19376.8 1077.45 248.088 33202.8 5808.56 2730.65 3077.91 1315.52 10358
internal_count=1310971 528345 88379 35535 782626 433392 396605 349234 202742 99050 84477 68969 65170 8412 4736 146492 56758 323604 50247 9092 34398 73001 3799 309 103692 17722 7535 10187 3623 36787
is_linear=0
shrinkage=0.05


Tree=153
num_leaves=31
num_cat=4
split_feature=8 7 16 8 7 4 16 10 2 5 16 4 16 4 16 2 10 4 3 4 2 2 4 16 4 10 3 16 10 18
split_gain=1.46299 4.32652 4.37684 2.78397 2.52831 2.28934 2.26815 4.19063 3.47531 2.96316 2.81808 2.87121 2.6799 4.8471 4.64228 3.67917 5.96356 5.31488 4.09373 3.67713 3.38966 2.84561 2.55207 3.82535 2.54781 2.41875 2.41743 2.30894 3.1682 2.33232
threshold=1.2424533248940002 3.7012257604091228 0.77481306712307374 1.0000000180025095e-35 2.6735537653587351 3.5000000000000004 0.80468843791176625 4.7959920073102493 0 0.78656609248549325 0.75692737795582421 1.5000000000000002 0.87093098878569231 2.5000000000000004 0.87260122516658101 1 7.0910595020580098 1.5000000000000002 1.0000000180025095e-35 2.5000000000000004 2 3 1.5000000000000002 0.83214013540678655 2.5000000000000004 6.464191194684128 1.0000000180025095e-35 0.82922542429719359 7.846586089027463 1.0458333333333336
decision_type=2 2 2 2 2 2 2 2 1 2 2 2 2 2 2 1 2 2 2 2 1 1 2 2 2 2 2 2 2 2
left_child=1 -1 3 5 -2 -3 7 10 -9 -10 -6 26 15 21 25 19 18 27 24 -8 22 -14 23 -20 -17 -15 -12 28 -18 -29
right_child=4 2 -4 -5 6 -7 12 8 9 -11 11 -13 13 14 -16 16 17 -19 20 -21 -22 -23 -24 -25 -26 -27 -28 29 -30 -31
leaf_value=-4.9618553669594782e-05 -0.003029210469384164 0.010162112594394923 0.00051731476580138829 0.0045462504682213471 -0.010214319344870005 0.02791652926698103 -0.0032057431907201563 -0.0026371370991886828 0.00047684205268319071 -0.0021681810566554051 -0.01172457989054267 -0.0017777255131361414 0.0057914864826734032 -0.00073619352792719534 -0.00078959986038132368 -0.0058616699098803463 -0.0007707013777177342 0.00025166780945265477 0.001417164371728389 1.8554582203678116e-05 0.00063382940825159055 -0.00015985665699456281 0.00086820940463490793 -0.00014138434644695512 0.00087561294073195133 -0.0046356063928328448 0.0018677936742096731 -0.0018675452152553799 -0.0040491135799517021 0.010443229496966173
leaf_weight=134785.06356181949 871.8020942658186 2204.6933459825814 17253.079465717077 4815.2857761457562 3063.3616389557719 1459.6540302038193 5224.5569648146629 17154.038214169443 71901.094391193241 14795.175110142678 106.53394030407071 8464.6215077750385 2490.7246135398746 526.77419549226761 10020.002607740462 1606.0484918802977 1496.2205976992846 29728.131968967617 1694.1990569382906 11845.033534422517 19681.018981002271 6878.5925446152687 11592.665004223585 636.5261789187789 2271.3134742900729 750.8960875198245 843.67206263542175 1369.0064669847488 1816.3651828095317 329.67336636781693
leaf_count=439966 2922 9559 52844 20181 8171 5795 16229 63309 263456 53488 531 38694 8037 1506 35835 5012 4125 91427 4413 37870 61978 22425 35912 2619 7328 2121 4181 5645 5008 384
internal_value=-2.77639e-05 8.77832e-05 0.000681878 0.00161203 -0.000109413 0.00265058 -9.90597e-05 -0.000252962 -0.000148937 -2.0227e-05 -0.00111872 -0.000690105 6.37599e-05 -0.000449315 -0.00114663 0.000182515 0.000338532 -0.000133364 0.000775992 -0.000477508 0.000953488 0.000391524 0.00155036 0.00306117 -0.000762339 -0.00398498 0.001916 -0.00163968 -0.00240823 -0.000140924
internal_weight=387676 160518 25732.7 8479.63 227158 3664.35 226286 116328 103850 86696.3 12478.2 9414.83 109958 20667 11297.7 89290.8 72221.2 34739.4 37481.8 17069.6 33604.4 9369.32 13923.4 2330.73 3877.36 1277.67 950.206 5011.27 3312.59 1698.68
internal_count=1310971 528345 88379 35535 782626 15354 779704 431830 380253 316944 51577 43406 347874 69924 39462 277950 223851 106589 117262 54099 104922 30462 42944 7032 12340 3627 4712 15162 9133 6029
cat_boundaries=0 1 2 3 4
cat_threshold=4 2 12 3
is_linear=0
shrinkage=0.05


Tree=154
num_leaves=31
num_cat=0
split_feature=1 8 7 16 10 16 1 17 16 8 1 17 1 16 9 7 8 17 9 1 17 9 8 16 10 8 16 8 7 16
split_gain=1.39326 1.46445 1.31497 2.34114 1.93552 1.64579 2.16356 1.63811 1.83999 1.8364 1.9173 1.85727 1.59939 1.79808 2.12218 1.52695 1.51434 1.64362 1.48099 2.51695 2.15731 1.96122 1.82204 1.71889 1.6262 1.57414 1.53053 1.44481 3.80085 3.42551
threshold=131.50000000000003 5.5114085413964808 9.2635019021077358 0.79940033165848312 8.2180314916043535 0.93504912530908568 428.50000000000006 0.66268314391858796 0.78950820384860276 2.9174053685313028 3595.5000000000005 0.66164817016019506 540.50000000000011 0.75883232982744986 3.5114340430413216 3.3497501700808394 5.6222091859522445 0.79078431376826119 4.2268071048866842 992.50000000000011 0.6657714024266651 3.3140206880897671 7.1368808229253178 0.80943535476948147 8.2691911923319328 6.5964631079239817 0.81496621376278278 1.2424533248940002 3.9219243190762363 0.79235388637407622
decision_type=2 2 2 2 2 2 2 2 2 2 2 2 2 2 2 2 2 2 2 2 2 2 2 2 2 2 2 2 2 2
left_child=1 -1 4 12 27 18 -7 8 -6 -10 11 -11 13 -4 -15 16 17 -9 21 20 24 -5 -23 -24 25 -20 -22 28 -2 -30
right_child=2 -3 3 5 7 6 -8 15 9 10 -12 -13 -14 14 -16 -17 -18 -19 19 -21 26 22 23 -25 -26 -27 -28 -29 29 -31
leaf_value=-0.003434025110984429 -1.5287646785155928e-06 -0.014016811885242481 -0.024468536696359122 0.0010308158181068616 0.0044709933612293142 -0.017557026825353695 -0.0043008249570921199 -0.017445856597829823 -0.0096135297072002801 0.001070171515665419 -0.018838793785429644 -0.010765162236893068 -0.0043532725547044569 -0.010360435811195366 0.0044510184749177563 0.0053218593791464824 -0.021215553481524298 0.049378438940324502 -0.0030994571863860593 0.00024140550495200809 -0.0032796246011797901 0.00011081930354442244 0.0073793784788311004 -0.0057686100108466035 0.026844644362729677 0.011672339692643986 0.0034603930918704175 -0.00020058368625864578 0.0089614392465254319 0.00030699492518032894
leaf_weight=1512.1926826834679 140442.78680513799 79.846058804541826 353.49788526445627 1803.2886612191796 2285.9681769609451 39.455423183739185 124.98998589068651 23.294039130210876 258.01876121759415 1469.1249684691429 135.38174253702164 174.98303484916687 4458.6738114282489 148.37437758222222 216.0761518292129 6715.6738966293633 17.834219966083765 21.484357807785273 38.556878566741943 1164.6431175917387 91.269809387624264 567.96217156201601 87.268109358847141 486.87693032622337 82.537693977355957 75.657026886940002 382.1788075491786 205726.34570096433 8460.3415506072342 10231.24162016809
leaf_count=4850 459119 308 894 5829 2808 109 431 40 318 1837 167 193 17097 788 1028 24950 62 98 47 3687 352 1778 244 1641 106 96 1591 715375 33096 32032
internal_value=-2.59894e-05 -0.00150209 -1.99027e-05 -0.000582297 -4.76244e-06 0.000195774 -0.00472238 0.000645613 -0.000114868 -0.00120743 -0.000635845 -0.000164888 -0.00132551 -0.00351569 -0.00105134 0.00113068 -0.00664138 -0.00173408 0.000364964 0.00148001 0.0039212 -0.000329659 -0.00195087 -0.00393717 0.0083217 0.00445745 0.00209248 -2.45517e-05 8.85776e-05 0.000758393
internal_weight=387676 1592.04 386084 10121.3 375962 4944.68 164.445 11101.8 4323.48 2037.51 1779.49 1644.11 5176.62 717.948 364.451 6778.29 62.6126 44.7784 4780.24 1834.84 670.2 2945.4 1142.11 574.145 196.752 114.214 473.449 364861 159134 18691.6
internal_count=1310971 5158 1305813 35718 1270095 15911 540 30473 5323 2515 2197 2030 19807 2710 1816 25150 200 138 15371 5879 2192 9492 3663 1885 249 143 1943 1239622 524247 65128
is_linear=0
shrinkage=0.05


Tree=155
num_leaves=31
num_cat=0
split_feature=7 10 10 0 4 16 9 10 8 8 7 8 7 7 16 8 16 16 10 8 7 10 10 16 4 3 16 4 16 0
split_gain=1.79062 2.4211 1.61587 1.50753 1.89981 3.11442 1.43666 2.13872 1.62005 2.06194 2.30521 1.94049 2.78491 2.07084 1.5394 1.36463 1.35503 4.77165 4.36437 3.14203 2.51177 2.21836 4.65213 2.10825 4.16461 4.45165 2.14588 4.00235 2.05399 2.02437
threshold=7.8007773629641965 8.2341025566602486 5.5423782493351199 87.500000000000014 1.5000000000000002 0.83744152111093351 1.2424533248940002 7.9827405244537077 2.0126758453675748 4.9015572891946713 8.6705149526803247 5.3494828320967684 8.9835024873652198 9.4940897185655437 0.75883232982744986 7.1368808229253178 0.76654570564470936 0.76952262429808882 5.8317312297695052 1.0000000180025095e-35 2.9174053685313028 0.47873179439478714 0.0040779931159931546 0.75969361271235591 3.5000000000000004 1.0000000180025095e-35 0.76640384685231278 1.5000000000000002 0.69590327897418025 52.500000000000007
decision_type=2 2 2 2 2 2 2 2 2 2 2 2 2 2 2 2 2 2 2 2 2 2 2 2 2 2 2 2 2 2
left_child=1 3 -2 15 5 -5 7 8 -4 10 -10 -11 -13 -14 -8 16 18 -18 21 -20 -21 22 -1 24 25 -23 -25 -28 -24 -22
right_child=2 -3 6 4 -6 -7 14 -9 9 11 -12 12 13 -15 -16 -17 17 -19 19 20 29 23 28 26 -26 -27 27 -29 -30 -31
leaf_value=-0.0049115116802297193 0.0060506494272306414 0.0050247533329285891 -0.024465188820297374 -0.0014461305581005891 0.0010753020135488983 0.006185772339887147 -0.0062512092415122796 -0.0011376397858763737 -0.0024824681799031027 -0.0076529113284831184 0.023411883608299419 -0.00217963804230088 -0.010613805423303924 0.028934417948118026 -0.00014547251571881971 0.0043410096896909613 0.0060266178702824197 -3.9604222497711955e-05 0.0053492414577833332 -0.012164607187503297 -0.0026197974358192822 -0.00060559793583860879 0.01798545520556516 0.0017076367430772664 -0.0018178731954554773 -0.010780573676981875 0.0026236175974326996 -0.0029399885915155632 0.00063911362634314637 0.0016881204094471693
leaf_weight=2591.0000405088067 242.37758519500494 4907.3392922207713 32.541683990508318 3307.2552047260106 36144.470652043819 869.68220503628254 6258.0296674892306 2965.0799839682877 569.10480019450188 308.46367621421814 102.82262203469872 1035.1400888264179 164.32430844753981 18.453514318913221 22962.467231683433 1540.0095576755702 4735.8789364472032 224330.91979230195 9757.480248387903 564.09497576206923 16230.393633771688 2088.8378494307399 1021.1553023904562 3170.9293589740992 5573.100357607007 5960.8979928195477 449.90904754400253 3293.7249118201435 6998.0746742784977 19276.654078096151
leaf_count=12997 1138 13113 100 10934 119618 2691 16069 9694 2155 1232 362 3778 602 96 86305 5543 12888 677325 38263 2194 73006 5399 2739 7839 14095 15243 7031 50729 34212 83477
internal_value=-2.4217e-05 9.47189e-06 -0.000367156 -6.08411e-06 0.000281382 -0.000728218 -0.000395806 -0.00116189 -0.00233139 -0.00216745 0.000140539 -0.00318345 -0.00228625 -0.00797615 -0.000259583 -4.37684e-05 -5.12392e-05 9.7498e-06 -0.000232731 7.76511e-05 -0.000137674 -0.000689407 -0.000102345 -0.0009927 -0.00135362 -0.00208103 -0.000281635 -0.00109229 0.00049277 -8.50848e-05
internal_weight=387471 352812 34658.8 347904 40321.4 4176.94 34416.4 5195.93 2230.85 2198.31 671.927 1526.38 1217.92 182.778 29220.5 307583 306043 229067 76976.3 45828.6 36071.1 31147.6 10610.2 20537.4 13622.8 8049.74 6914.56 3743.63 8019.23 35507
internal_count=1310867 1189336 121531 1176223 133243 13625 120393 18019 8325 8225 2517 5708 4476 698 102374 1042980 1037437 690213 347224 196940 158677 150284 49948 100336 34737 20642 65599 57760 36951 156483
is_linear=0
shrinkage=0.05


Tree=156
num_leaves=31
num_cat=0
split_feature=7 10 17 10 17 0 7 8 7 8 8 7 7 16 7 7 16 7 16 8 3 1 16 16 1 10 3 17 16 10
split_gain=1.67349 2.20797 1.54826 1.46993 1.53274 1.46243 1.55433 1.67253 1.25173 1.22703 1.28958 1.23505 5.4301 6.63386 3.15023 4.9243 6.36043 4.08003 3.25643 2.9044 2.84993 2.89409 3.56134 3.13219 2.75707 2.5115 2.31042 2.41777 2.29742 2.19492
threshold=7.8007773629641965 8.2341025566602486 0.66536933010598343 5.5423782493351199 0.64927633572046617 120.50000000000001 4.3630783395783075 1.4978661367769956 7.9206280922156038 7.1368808229253178 7.077919816563452 1.0397207708399181 2.3502401828962087 0.74468638834487166 2.524928003624769 3.0201273556387074 0.76559799429155406 3.1132683346437333 0.77481306712307374 3.4498615536424366 1.0000000180025095e-35 950.50000000000011 0.85382885972224343 0.80468843791176625 1520.5000000000002 7.0228209549334624 1.0000000180025095e-35 0.79092434854274274 0.75487371117856195 5.8039889525589397
decision_type=2 2 2 2 2 2 2 2 2 2 2 2 2 2 2 2 2 2 2 2 2 2 2 2 2 2 2 2 2 2
left_child=1 5 -3 4 -2 9 -7 -8 -6 10 11 19 13 -13 18 16 29 28 -14 25 -15 23 -23 -22 26 -1 -18 -28 -17 -16
right_child=3 2 -4 -5 8 6 7 -9 -10 -11 -12 12 14 20 15 17 24 -19 -20 -21 21 22 -24 -25 -26 -27 27 -29 -30 -31
leaf_value=0.00031384654673735358 0.081661932328991063 0.00011673479114791275 0.0091446950935238688 -0.00099739965816098008 -0.0036766065676951953 0.00031873957137475986 0.025341481958409684 0.0043091235047584388 0.0063244553424420986 0.0041239592052064126 -0.0061497517178847943 -0.015200890481747255 0.009842627495252998 -0.0054571524613104723 -0.011254789494918009 0.021643895555195282 -0.0039466548398812088 -3.8395399580326564e-05 0.00036441916729513249 -0.0051967683660093938 -0.0011579236351282301 -0.0020069275466822497 0.002024158923345665 0.00089089805304848617 -0.0024239501114879688 0.0072495217611399576 0.0010552324121074709 -0.00042771778555288634 0.0017758956306897667 -0.0055174487652870701
leaf_weight=37803.455961667001 11.406167507171629 2114.4786368608475 2792.8606553599238 34416.427577167749 54.749941136687994 5376.1059666499496 270.05005060136318 2309.0058270320296 176.22147655114532 1717.4900682009757 245.86451655626297 2325.0439396873116 5654.8624755516648 3532.8568687327206 2364.8816555291414 1635.2652671411633 2543.4226442165673 224703.15437800065 11348.655580334365 254.93514023348689 2270.241007052362 9282.9527183845639 1718.9477431029081 4116.9607709422708 6425.7183677256107 3363.3291816450655 5183.3371482118964 4345.3763952441514 7317.351586215198 1795.203560963273
leaf_count=124092 14 2627 10486 120393 229 16700 916 7721 895 6188 873 5598 21360 11835 5762 4035 8963 773824 33688 855 9292 31396 5530 12164 22572 10537 7981 24596 25483 4262
internal_value=-2.54288e-05 7.13965e-06 0.00106032 -0.000356961 0.00352319 -7.71588e-06 0.000662416 0.00167148 0.0026396 -2.33977e-05 -3.01667e-05 -2.75335e-05 -6.32541e-05 -0.000796863 -8.56977e-07 -4.45781e-05 -0.000748354 2.36681e-05 0.000658202 0.000228212 -0.000515294 -0.000252261 -0.000743744 0.000594315 -0.000351077 0.00026116 9.4274e-05 0.000451642 0.00107042 -0.00251485
internal_weight=387471 352812 4907.34 34658.8 242.378 347904 7955.16 2579.06 230.971 339949 338232 337986 296564 23247 273317 256314 22657.9 233656 17003.5 41421.7 20922 17389.1 11001.9 6387.2 18497.9 41166.8 12072.1 9528.71 8952.62 4160.09
internal_count=1310867 1189336 13113 121531 1138 1176223 25337 8637 1124 1150886 1144698 1143825 1008341 75815 932526 877478 74136 803342 55048 135484 70217 58382 36926 21456 64112 134629 41540 32577 29518 10024
is_linear=0
shrinkage=0.05


Tree=157
num_leaves=31
num_cat=0
split_feature=7 10 9 10 8 8 7 7 8 7 10 16 5 1 8 17 17 17 10 16 16 8 17 8 7 1 16 17 7 0
split_gain=1.50745 2.00996 1.53416 2.14032 1.70597 1.98153 2.12535 2.00828 2.73649 1.76375 1.64954 1.45674 1.45438 1.82581 1.89987 1.40208 1.37344 1.719 1.53315 1.42559 1.62247 1.49055 1.36094 1.34324 2.13234 2.12078 2.10058 1.76095 1.34112 1.33677
threshold=7.8007773629641965 8.2341025566602486 1.2424533248940002 7.9827405244537077 2.0126758453675748 4.9015572891946713 8.6705149526803247 8.9835024873652198 5.3494828320967684 9.4940897185655437 5.5423782493351199 0.75883232982744986 -0.25881904510252113 467.50000000000006 7.9008218325052129 0.66536933010598343 0.64632798978931005 0.64991817661828988 7.6356794924471805 0.83468210669106557 0.89302366647559417 6.048552817139119 0.67112732600106184 5.4138732270297307 9.5731067158699013 778.50000000000011 0.8604331563503772 0.69355307585676318 8.1640833035104183 120.50000000000001
decision_type=2 2 2 2 2 2 2 2 2 2 2 2 2 2 2 2 2 2 2 2 2 2 2 2 2 2 2 2 2 2
left_child=1 29 3 4 -2 6 -6 8 22 -9 -4 12 13 14 -12 -3 18 -18 -10 21 -21 -19 -7 24 26 -26 -13 -27 -22 -1
right_child=2 15 10 -5 5 7 -8 9 16 -11 11 23 -14 -15 -16 -17 17 19 -20 20 28 -23 -24 -25 25 27 -28 -29 -30 -31
leaf_value=-4.6885802669228985e-05 -0.023192059396374459 0.00011089805159051614 0.0082900994564666913 -0.0010308878136745055 -0.002131118053155686 -0.0087980027436162216 0.019324169389649884 -0.010033245169230679 0.051827527624235648 0.029416920287465856 -0.012041066539574753 6.8950210070084514e-07 -0.0090552557070369254 0.0016240876982609677 -0.044882109702645771 0.0086874603388476853 -0.0088701549372937043 -0.0026882912729547129 -0.0021868355981932443 -0.0040181328513922421 0.045967617343591144 0.008101672196757748 -0.0060221840603241292 -0.00047879871260488597 -0.0015972183513666028 0.037710129492510458 0.0077715870420301042 0.013918057414035442 -0.010067462743816799 0.0015332453915911537
leaf_weight=339949.30697533861 35.675311662256718 2114.4786368608475 187.84381057694554 2965.0799839682877 613.13579159975052 107.84079301357269 107.35838273540139 169.33718074113131 18.529907941818237 18.567713480442762 285.15254363417625 3827.3130101598799 3270.4006826281548 2659.7203258946538 42.756115332245827 2792.8606553599238 119.41712719202042 277.62798302620649 17.879307925701141 251.51262786239386 32.426064543426037 312.99212558567524 195.49581174552441 18247.063733585179 102.09087961539626 70.888473689556122 600.53152366727591 114.57961096614599 7.5883395895361891 7955.1618442833424
leaf_count=1150886 118 2627 915 9694 2322 139 375 634 23 97 733 14660 8373 6856 107 10486 149 1174 22 864 98 1436 1060 68489 441 96 2002 617 37 25337
internal_value=-2.48139e-05 6.09672e-06 -0.000339471 -0.00112676 -0.00227663 -0.0021046 5.72464e-05 -0.00312317 -0.00244497 -0.00796426 -0.000198911 -0.000228935 -0.000905185 -0.000107692 -0.00362796 0.00101094 -0.0012241 -0.00157087 0.00831518 -0.00080874 -0.00366969 0.000603413 -0.00662264 -4.46343e-05 0.000707636 0.0048799 0.000436676 0.00806566 0.00568199 -8.07703e-06
internal_weight=387471 352812 34658.8 5250.46 2285.38 2249.71 720.494 1529.21 1341.31 187.905 29408.3 29220.5 6258.03 2987.63 327.909 4907.34 1037.97 1001.56 36.4092 882.147 291.527 590.62 303.337 22962.5 4715.4 287.559 4427.84 185.468 40.0144 347904
internal_count=1310867 1189336 121531 18242 8548 8430 2697 5733 5002 731 103289 102374 16069 7696 840 13113 3803 3758 45 3609 999 2610 1199 86305 17816 1154 16662 713 135 1176223
is_linear=0
shrinkage=0.05


Tree=158
num_leaves=31
num_cat=0
split_feature=7 10 9 10 10 1 16 16 9 1 1 17 4 16 9 0 0 17 0 1 10 4 10 16 10 16 16 18 10 10
split_gain=1.51415 1.86829 1.69482 2.37265 1.59625 1.37807 1.83406 1.46209 1.47203 1.90502 1.82064 1.29859 1.25043 2.33828 1.5007 1.42244 1.22653 1.81531 1.21033 1.88095 2.78213 2.20244 1.16542 1.15615 4.2936 3.99894 2.67589 2.52085 2.02708 4.12532
threshold=7.8007773629641965 8.2341025566602486 1.2424533248940002 7.9827405244537077 5.5423782493351199 590.50000000000011 0.93504912530908568 0.73379547857688465 4.4127799275304271 353.50000000000006 451.50000000000006 0.66536933010598343 1.5000000000000002 0.66451488603447284 2.3502401828962087 30.500000000000004 24.500000000000004 0.6657714024266651 87.500000000000014 4911.5000000000009 7.0735233155969857 3.5000000000000004 6.9692997206039617 0.76654570564470936 5.8317312297695052 0.76952262429808882 0.76060710736486381 1.0708333333333335 0.47873179439478714 0.0040779931159931546
decision_type=2 2 2 2 2 2 2 2 2 2 2 2 2 2 2 2 2 2 2 2 2 2 2 2 2 2 2 2 2 2
left_child=1 18 3 -2 -4 6 7 8 9 -6 -11 12 13 -3 -14 -15 17 -7 23 -20 21 -21 -23 24 28 -25 -26 -28 29 -1
right_child=2 11 4 -5 5 16 -8 -9 -10 10 -12 -13 14 15 -16 -17 -18 -19 19 20 -22 22 -24 25 26 -27 27 -29 -30 -31
leaf_value=-0.0046519655918299211 -0.0034356657424747293 0.0707202415603089 0.0078755944836433559 -0.00097934342299078056 0.014722207701775847 -0.012977535194355214 -0.014911275754829962 -0.00076421288758354443 -0.039876395642578534 -0.042934971421723603 -0.0086024929216850787 0.0082530873219053055 -9.6948220591575043e-05 -0.014630146667948955 0.014677939659321394 -0.0084039941765740814 -8.2812795188458299e-05 -0.00071022366910653283 0.00035064009720246205 -0.0044388682939185686 0.026417716599463528 0.010187457538990807 -0.026519816666451448 0.0056079471920176434 0.0021045374549500287 -2.5987678814573535e-05 -0.0013377724624554777 -0.010446718504543007 -0.0028511580537044947 0.0019378597493879936
leaf_weight=2591.0000405088067 2285.3844686448574 20.002484679222107 187.84381057694554 2965.0799839682877 175.21386007219553 81.961229503154755 113.64543435722589 4056.166404504329 128.31757049262524 132.83396457135677 183.41763301938772 2792.8606553599238 1545.200482070446 13.643461883068083 257.54201853275299 278.09018969535828 24188.768941391259 160.17186126112938 37056.657163601369 1029.6877826377749 1013.457637283951 1167.343731187284 54.261747095733881 4766.9927121475339 34578.901390559971 225343.90387313813 11047.913730204105 689.35588611662388 20545.592631921172 8019.4004932194948
leaf_count=12997 8548 26 915 9694 452 103 383 15176 328 317 485 10486 1922 18 316 345 84357 773 122391 3455 3296 3940 161 12976 86791 680540 110945 1362 100416 36953
internal_value=-2.53579e-05 5.62132e-06 -0.000340713 -0.0011682 -0.000192977 -0.000222512 -0.000998013 -0.000845478 -0.00310731 -0.00186221 -0.00417929 0.000974408 3.9634e-05 -0.00288432 0.000545255 -0.00401822 -7.04776e-05 -0.00361143 -8.04383e-06 0.000249532 0.00140007 0.000420755 0.00185655 -4.18097e-05 -0.000208877 1.44373e-05 9.64131e-05 -0.000555905 -0.000662718 -0.000101504
internal_weight=387471 352812 34658.8 5250.46 29408.3 29220.5 4789.59 4675.95 619.783 491.465 316.252 4907.34 2114.48 311.736 1802.74 291.734 24430.9 242.133 347904 40321.4 3264.75 2251.29 1221.61 307583 77472.2 230111 46316.2 11737.3 31156 10610.4
internal_count=1310867 1189336 121531 18242 103289 102374 17141 16758 1582 1254 802 13113 2627 389 2238 363 85233 876 1176223 133243 10852 7556 4101 1042980 349464 693516 199098 112307 150366 49950
is_linear=0
shrinkage=0.05


Tree=159
num_leaves=31
num_cat=0
split_feature=17 16 4 16 16 16 6 16 16 3 10 3 4 10 16 16 16 10 16 16 16 4 16 16 16 4 16 16 4 4
split_gain=1.46632 3.89078 5.2735 5.62926 6.44219 4.89075 5.25902 4.86053 18.4124 5.00352 4.51152 4.49224 4.56341 4.08191 3.65032 7.31695 3.58684 3.62137 3.50738 6.26417 7.40913 5.47739 4.44709 3.3417 14.3598 5.04136 4.43747 3.27882 6.58259 3.98566
threshold=0.66764792291798603 0.81441168430396382 2.5000000000000004 0.861421261414552 0.86381481058656318 0.81327991938713906 0.78656609248549303 0.81680104559265798 0.81728538680709095 1.0000000180025095e-35 5.6650743370964696 1.0000000180025095e-35 1.5000000000000002 7.1576715141565419 0.80570143096500557 0.80217785889642024 0.86308177560703947 7.2537824175455921 0.93504912530908568 0.8861666780130667 0.8847782686317428 1.5000000000000002 0.90374560103526036 0.84797720773251295 0.84649134540172921 1.5000000000000002 0.84373940648526213 0.80263627494539491 2.5000000000000004 1.5000000000000002
decision_type=2 2 2 2 2 2 2 2 2 2 2 2 2 2 2 2 2 2 2 2 2 2 2 2 2 2 2 2 2 2
left_child=1 5 7 -4 16 14 11 9 -9 -3 -6 12 -7 -13 15 -1 -5 -18 19 20 23 -22 -21 24 26 -26 -10 28 29 -17
right_child=-2 2 3 4 10 6 -8 8 18 -11 -12 13 -14 -15 -16 27 17 -19 -20 22 21 -23 -24 -25 25 -27 -28 -29 -30 -31
leaf_value=-0.00085729398173961524 0.00010161645474665582 -0.0067002966588560371 0.00027205990376711622 -0.0014060060087186356 0.0007349827384491623 -0.01694079411352219 -0.0045084948542920208 -0.0068093865417725181 0.00085208352446276012 0.009025528434496782 -0.0019242575424813447 0.00019073981434924379 -0.0041126332832060186 -0.0034626687625963163 0.0013432971431919629 0.028630714743255348 -0.0025738845751186153 -0.0094294467834628044 -0.0088536498633190585 0.017976157711967544 -0.0088079469071900545 0.013165960769190899 0.0058560467103842108 0.0026426882998562304 0.11105088445207974 -0.0031226805171847478 0.0090334348069457844 -0.0015736630818684256 0.010970918407808611 -0.0064362643264748807
leaf_weight=80459.775523453951 238114.48082586005 211.45694071054459 21817.197575986385 506.30847090482712 2846.9172502756119 116.73995816707611 484.15247428417206 517.06321483850479 8926.7833108901978 860.83899933099747 4190.0338483452797 1800.1977016329765 105.08302384614944 581.98562717437744 7847.2570841908455 25.042856216430664 657.17951166629791 213.36855405569077 969.44488871097565 1026.1422725319862 280.66852098703384 88.586349725723267 1153.3687964081764 6029.0721884965897 35.595889449119568 1335.4809730648994 473.6167254447937 4742.1754115223885 256.69007670879364 797.90842932462692
leaf_count=102564 1119884 273 27979 646 3700 147 613 666 11461 1116 5389 2295 133 735 10045 32 842 275 1242 1333 357 116 1488 7785 43 1708 613 6045 331 1011
internal_value=-2.44041e-05 -0.000147218 0.000201253 -0.000226816 -0.0013255 -0.000334108 -0.00229204 0.000791945 0.000622994 0.00407484 -0.000713513 -0.00140234 -0.00820792 -0.000768626 -0.000269873 -0.000363775 -0.0044533 -0.00639952 0.0008601 0.00100714 0.000686614 -0.00631937 0.00353221 0.000840597 0.000313028 -0.00446721 0.00101024 -0.00207551 -0.00456235 -0.0067428
internal_weight=387471 149356 52139.1 30231 8413.81 97217 3088.16 21908.1 20835.8 1072.3 7036.95 2604.01 221.823 2382.18 94128.8 86281.6 1376.86 870.548 20318.8 19349.3 17169.8 369.255 2179.51 16800.5 10771.5 1371.08 9400.4 5821.82 1079.64 822.951
internal_count=1310867 190983 67032 38831 10852 123951 3923 28201 26812 1389 9089 3310 280 3030 120028 109983 1763 1117 26146 24904 22083 473 2821 21610 13825 1751 12074 7419 1374 1043
is_linear=0
shrinkage=0.05


Tree=160
num_leaves=31
num_cat=0
split_feature=7 5 18 6 0 8 0 16 1 8 7 7 16 7 7 7 16 16 1 7 8 8 7 16 16 7 7 7 16 7
split_gain=1.68901 1.76653 2.13294 1.68129 1.64672 2.03934 1.60804 1.36595 1.35857 1.22404 3.71767 3.33188 3.50207 2.24331 2.66559 2.56397 2.58809 2.37254 2.1868 2.18025 4.97105 3.04652 2.11739 2.05386 2.02788 1.90224 2.3544 5.28866 3.93534 2.44937
threshold=10.481293953298048 -0.37940952255126059 0.99583333333333346 -0.9159756150367534 81.500000000000014 5.9493387708841867 23.500000000000004 0.78426879051960718 540.50000000000011 1.0000000180025095e-35 2.6735537653587351 3.4175922930736511 0.80417266174550694 3.1984648276080736 3.0201273556387074 3.1132683346437333 0.82005847370157603 0.69590327897418025 1242.5000000000002 4.5271940351011493 2.602003343538398 3.1567740231385479 7.2467243323441091 0.8576553408240688 0.86765078569965659 2.6735537653587351 2.3502401828962087 1.0397207708399181 0.75969361271235591 2.524928003624769
decision_type=2 2 2 2 2 2 2 2 2 2 2 2 2 2 2 2 2 2 2 2 2 2 2 2 2 2 2 2 2 2
left_child=3 2 -2 -1 5 -4 -5 8 -3 11 -11 13 -13 14 24 16 18 -15 -16 21 22 -12 -21 -18 25 26 27 -8 -29 -28
right_child=1 7 4 6 -6 -7 9 -9 -10 10 19 12 -14 17 15 -17 23 -19 -20 20 -22 -23 -24 -25 -26 -27 29 28 -30 -31
leaf_value=-0.00043578677449237352 -0.0012602831944354125 -0.021267141639717699 -0.035934218948979892 -0.0012453130457934808 -0.019670551932389854 -0.0060021829808127427 0.00044610799764785436 0.0021054800084245209 -0.0054145410875313608 -0.0029445212777461983 -0.00052848922638248648 0.0087115044926714732 0.00014009545417213858 -0.053315126176563934 0.0048841928626908119 -0.000335794147321844 -0.0025821620949663783 -0.0018370716745259093 0.024134339017985274 0.0019909248753498922 -7.8261411149899162e-05 0.001515665264521729 -0.0043503766022586392 0.0063405841169045908 0.0014954235947414575 -0.001661062448680295 0.0025470313880813556 -0.01037381595566831 -0.00069235178027922124 -0.00050145130740055367
leaf_weight=63716.29778803885 526.86171396076679 63.089212868362665 12.378605261445044 4643.9431440085173 101.41498453170061 394.91459990292788 31381.810823626816 714.219756513834 416.65785893052816 1475.7162548154593 64089.517310127616 7179.327914532274 6049.1046144291759 65.473028436303139 1634.0438241064548 2776.7330691441894 946.38041856139898 2367.6876588314772 1398.4344917610288 24336.832167606801 114864.68817221373 7088.1280715093017 620.13702063634992 573.04289772361517 8297.4601379409432 3823.7605382502079 12844.048226431012 2910.1950248852372 14351.378262452781 7937.8904819339514
leaf_count=212897 2672 264 26 16238 183 735 102651 2255 1650 5017 212085 26451 19350 168 5621 9207 2956 7797 4759 84825 401571 24356 2047 1834 27036 12423 41579 7096 49196 25990
internal_value=-2.59543e-05 -0.00139818 -0.00290941 -1.80154e-05 -0.00521872 -0.0037992 2.84662e-05 -8.74422e-05 -0.00215093 4.19971e-05 -2.69174e-05 0.000182069 0.000923688 7.46253e-05 0.000115632 0.00102905 0.00175949 -0.00142321 0.00260341 -9.42652e-06 0.000105248 -0.000234694 0.000744842 7.51739e-05 3.3543e-05 -5.03758e-05 9.42229e-06 -0.000180897 -0.000883855 0.000454894
internal_weight=387602 2229.54 1035.57 385372 508.708 407.293 321656 1193.97 479.747 317012 212475 104537 13228.4 91308.3 88875.2 7328.63 4551.9 2433.16 3032.48 210999 139822 71177.6 24957 1519.42 81546.5 73249.1 69425.3 48643.4 17261.6 20781.9
internal_count=1310935 7785 3616 1303150 944 761 1090253 4169 1914 1074015 729901 344114 45801 298313 290348 24377 15170 7965 10380 724884 488443 236441 86872 4790 265971 238935 226512 158943 56292 67569
is_linear=0
shrinkage=0.05


Tree=161
num_leaves=31
num_cat=2
split_feature=7 6 17 16 7 0 2 16 16 16 6 8 16 8 1 18 9 17 16 17 1 16 2 16 0 1 17 16 7 7
split_gain=1.56012 1.53119 1.39492 3.13999 2.85594 1.386 1.38497 1.28838 1.2853 1.26784 1.26031 1.23128 1.20754 1.23384 1.27817 1.57715 1.23 1.16489 2.83735 2.72636 2.46328 1.8365 1.78866 1.97741 1.74328 1.47077 1.9254 1.38623 2.22852 1.35485
threshold=10.481293953298048 -0.9159756150367534 0.66536933010598343 0.79511889808813974 11.211588533200596 23.500000000000004 0 0.82088808205360964 0.82922542429719359 0.81161517446512221 0.25881904510252057 7.9611958338014412 0.78892696523979611 6.4808108456015434 1181.5000000000002 1.0125000000000002 7.038782002451117 0.65721354409355948 0.76559799429155406 0.69355307585676318 131.50000000000003 0.76654570564470936 1 0.6500768209777964 24.500000000000004 8480.5000000000018 0.65266048731061865 0.90056769624314192 5.2284276452838947 9.7540009636654226
decision_type=2 2 2 2 2 2 1 2 2 2 2 2 2 2 2 2 2 2 2 2 2 2 1 2 2 2 2 2 2 2
left_child=1 17 3 12 6 -3 -5 -8 9 -6 -9 -4 13 -2 16 -16 -15 18 22 20 -19 -20 24 -24 -1 -25 -27 -22 -29 -23
right_child=2 5 11 4 8 -7 7 10 -10 -11 -12 -13 -14 14 15 -17 -18 19 21 -21 27 29 23 25 -26 26 -28 28 -30 -31
leaf_value=-0.024287665466486766 -0.022186480125693953 -0.001183047393503807 0.0018879600617686455 0.0019833076555297834 0.030324879326156406 7.5048989308434955e-05 -0.0041139342274083522 -0.0040570748609649069 0.0066307009360998875 0.075097479760117103 -0.014064318860054098 -0.0041317341271131349 -0.023321115937076971 -0.020283486077985739 -0.034407926970436112 -0.000124826771691966 -0.040045636926123007 -0.015841695550504586 0.017494761303303009 -0.00026987487782771798 -0.0014444286738334519 0.00064818486940715347 0.042671021813546831 -0.013350588789837359 0.00076403850407770208 0.050594783259972242 -0.02081395974956024 -0.0054235257245603798 -0.017732641804068184 0.014769454775103047
leaf_weight=44.57880574464798 36.973227262496948 4643.9431440085173 774.68643394112587 99.028186082839966 29.798956036567688 317011.79040995613 56.308307766914368 47.728849709033966 65.620719850063324 24.903496384620667 20.456865549087524 692.47320143505931 34.034262597560883 131.31793290376663 17.599919378757477 171.66080433130264 26.945568740367889 50.000816345214844 88.260874807834625 36805.109974935651 11537.320047914982 10437.42762863636 80.210539996623993 1614.052221596241 2608.6514258384705 86.019187748432159 19.140779137611389 161.57987678050995 98.366266131401062 85.579342424869537
leaf_count=56 46 16238 3591 123 37 1074015 72 60 83 32 25 3239 41 167 27 209 33 69 110 177350 16168 13132 101 2023 3274 108 24 235 140 107
internal_value=-2.68227e-05 -1.91927e-05 -0.00134565 -0.00308062 0.000459611 2.51656e-05 -0.0028837 -0.0061159 0.00667043 0.0123304 -0.0112294 -0.000444117 -0.0059891 -0.00519006 -0.0042662 -0.00149332 -0.00758218 -0.000243124 0.000141087 -0.000362085 -0.0010218 0.000585598 -0.000918244 -0.00212948 -8.84209e-05 -0.00249933 0.0032301 -0.00097486 -0.0045857 0.000525357
internal_weight=387602 385372 2229.54 762.377 343.845 321656 223.522 124.494 120.323 54.7025 68.1857 1467.16 418.532 384.497 347.524 189.261 158.264 63716.3 15063.9 48652.4 11847.3 10611.3 4452.65 1799.42 2653.23 1719.21 105.16 11797.3 259.946 10523
internal_count=1310935 1303150 7785 955 432 1090253 280 157 152 69 85 6830 523 482 436 236 200 212897 18935 193962 16612 13349 5586 2256 3330 2155 132 16543 375 13239
cat_boundaries=0 1 2
cat_threshold=24 21
is_linear=0
shrinkage=0.05


Tree=162
num_leaves=31
num_cat=3
split_feature=7 10 17 9 2 16 4 1 17 16 7 2 0 2 16 10 16 7 17 16 10 1 1 16 17 9 16 7 0 18
split_gain=1.54732 1.75964 1.57778 1.86411 1.56329 1.60254 1.58086 1.53606 1.47421 2.8712 2.52997 1.38497 1.29288 1.45359 1.28838 1.26143 1.23379 1.46211 1.23485 1.23055 1.37478 1.83381 1.64954 1.31527 1.46412 1.30875 1.28058 1.17115 1.14948 1.14313
threshold=10.481293953298048 8.4036835615819729 0.64927633572046617 3.4175922930736511 0 0.74201131889676508 1.5000000000000002 611.50000000000011 0.66536933010598343 0.79511889808813974 11.211588533200596 1 120.50000000000001 2 0.82088808205360964 8.1771991942971045 0.7301030753069494 9.1834315540998528 0.66536933010598343 0.78892696523979611 8.3382844508594918 1181.5000000000002 1326.5000000000002 0.72364337447615934 0.64927633572046617 4.2121001622835372 0.77142618591489243 7.0215301936806513 65.500000000000014 1.0791666666666668
decision_type=2 2 2 2 1 2 2 2 2 2 2 1 2 1 2 2 2 2 2 2 2 2 2 2 2 2 2 2 2 2
left_child=1 12 3 27 5 16 28 -5 9 19 11 -11 29 15 -13 -14 17 -4 -18 20 21 -2 -23 -22 -25 -24 -26 -3 -6 -1
right_child=8 2 4 7 6 -7 -8 -9 -10 10 -12 14 13 -15 -16 -17 18 -19 -20 -21 23 22 25 24 26 -27 -28 -29 -30 -31
leaf_value=-2.3899516455069827e-05 -0.028232767099310292 0.03401549864596283 -0.0089725277846972821 0.0061888646413062326 -0.013437083672271212 0.022912548183033839 0.0088210474052687008 -0.015701361830167307 -0.00089126444660565525 0.001884142272753294 0.01992804727669955 -0.0039082375160379348 0.0037823474543543403 -5.2825783047696918e-05 -0.0067971951184959247 0.032059310294479705 -0.034349266349030842 0.068067420003312812 0.0056284197755283932 -0.022155060140223122 0.045735747174088515 0.08102881643026659 -0.040033494676552456 -0.026112963535170189 -0.020608185686786809 -0.0073740330346802503 0.026779331812876644 -0.0012558970200864828 0.014362878303952187 -0.00055037671171522526
leaf_weight=341701.42113627866 99.185506820678711 25.981439530849457 88.821431554853916 17.031427681446075 79.658294886350632 743.18284844607115 495.936997435987 76.744297564029694 1467.1596353761852 99.028186082839966 120.32317227125168 56.308307766914368 3965.7386378794909 4507.375357542187 68.18571525812149 152.21712542697787 30.340798854827881 40.864537917077541 24.293494343757629 34.034262597560883 44.010473906993866 17.577671766281128 40.419980227947235 33.486738085746765 59.773152589797974 65.204325675964355 24.839603543281555 169.32038658857346 29.828472293913364 33223.274657778442
leaf_count=1235464 124 32 183 21 199 1779 1146 95 6830 123 152 72 12531 14490 85 440 39 88 73 41 54 21 50 42 77 82 32 210 77 36283
internal_value=-2.52804e-05 -1.76818e-05 0.00153248 -0.00185573 0.00217143 0.00344401 0.000162281 -0.00765011 -0.00133869 -0.00312229 0.000263029 -0.0028837 -2.50456e-05 0.000580187 -0.0061159 0.0012577 -0.00069214 0.00196301 -0.00699471 -0.0059035 -0.00509688 -0.00764952 -0.00357565 -0.00159509 -0.00434443 -0.00593581 -0.000842132 0.000926481 -0.0052728 -3.89693e-05
internal_weight=387602 385372 1822 289.078 1532.93 927.503 605.424 93.7757 2229.54 762.377 343.845 223.522 383550 8625.33 124.494 4117.96 184.32 129.686 54.6343 418.532 384.497 222.387 123.202 162.11 118.099 105.624 84.6128 195.302 109.487 374925
internal_count=1310935 1303150 3942 358 3584 2162 1422 116 7785 955 432 280 1299208 27461 157 12971 383 271 112 523 482 277 153 205 151 132 109 242 276 1271747
cat_boundaries=0 1 2 3
cat_threshold=11 24 18
is_linear=0
shrinkage=0.05


Tree=163
num_leaves=31
num_cat=1
split_feature=6 10 17 17 1 1 10 17 1 17 4 0 0 18 6 4 9 10 10 1 10 1 5 10 1 4 11 18 2 18
split_gain=1.30905 1.19471 1.18875 1.83758 1.36434 2.15849 1.31359 1.28646 2.49079 1.9471 1.28642 1.26785 1.14302 1.13809 1.05795 1.73755 2.34148 1.23601 2.77543 3.16078 2.07637 1.64527 1.60692 1.44676 1.86776 1.26238 2.08329 1.78132 1.25441 1.22971
threshold=-0.9159756150367534 8.3125550392534944 0.79651117041425301 0.65721354409355948 2447.5000000000005 3011.5000000000005 8.3679307178720688 0.69355307585676318 131.50000000000003 0.79373626084532356 2.5000000000000004 144.50000000000003 140.50000000000003 0.97083333333333344 0.91597561503675351 2.5000000000000004 4.3107766033702406 0.098905681065719467 0.019637433459862831 3331.5000000000005 4.2554201719326556 2963.5000000000005 0.91597561503675362 0.80344726361328889 10898.500000000002 1.5000000000000002 1.0000000180025095e-35 1.0791666666666668 0 1.0708333333333335
decision_type=2 2 2 2 2 2 2 2 2 2 2 2 2 2 2 2 2 2 2 2 2 2 2 2 2 2 2 2 1 2
left_child=2 14 3 4 6 10 -1 8 -5 12 -6 -7 -9 -4 17 16 -16 18 -2 -20 21 25 23 -23 -25 26 27 -19 -29 -22
right_child=1 -3 13 7 5 11 -8 9 -10 -11 -12 -13 -14 -15 15 -17 -18 20 19 -21 29 22 -24 24 -26 -27 -28 28 -30 -31
leaf_value=0.00064855953142849978 4.3283646982211768e-05 0.0025621887835176717 -0.00022512562598066556 -0.015048415797156612 0.00018507896629940679 -0.00035150189635278496 -0.0086440537607139541 0.00016878257198088206 -0.0015128103577626729 -0.0014890536164335216 -0.0096821302117824914 0.082765153310503548 -0.0094023523317067759 0.001718160139090541 -0.00020627547902629941 0.0019948358384854425 -0.0093164191326663894 0.00045428527188508543 0.0014656106980994511 0.015519802435752251 7.5982435340152265e-05 0.004754867208862968 -0.0060500237261122865 -0.0042109075672319201 0.0065826410057714842 -0.00053550679294951805 -0.0017210244647390032 -0.00028042667418459109 0.0045328779922782503 -0.00079768906585678712
leaf_weight=12221.002127289772 30706.703122328967 6372.6673754155636 8975.8954340107739 50.000816345214844 245.35015743970871 1913.7577082514763 137.57706141471863 13714.594710946083 11853.244894742966 10156.104024596512 596.56417745351791 19.643502354621887 85.180064767599106 4061.1347376331687 10223.643671102822 16525.568448536098 184.81154284998775 3712.8981685042381 5888.796593811363 1187.7162060663104 194609.85186527669 599.69289496913552 822.58295762911439 3842.0765334963799 332.5150809250772 28134.508469931781 784.00292426720262 92.01776348054409 220.91114728152752 19330.55389085412
leaf_count=15369 104830 17259 82122 69 307 2409 173 37171 16621 33173 741 25 231 25608 35158 57530 671 13448 19752 4077 703934 2074 2773 13166 1163 96961 2583 99 243 21195
internal_value=-2.46812e-05 1.61943e-05 -0.000231243 -0.000340175 0.000121847 -0.000879961 0.000346818 -0.000535166 -0.000960022 -0.000324063 -0.00299304 4.01949e-05 6.26479e-05 0.000194836 2.57632e-06 0.000302343 -0.000203683 -2.52394e-05 0.000241476 0.00113415 -6.51527e-05 -0.000402978 -0.00119556 -0.000843893 -0.00117379 -0.000268327 0.000480238 0.000939448 0.00456227 -4.29378e-06
internal_weight=387602 323572 64030 50993 15133.9 2775.32 12358.6 35859.1 11903.2 23955.9 841.914 1933.4 13799.8 13037 317199 26934 10408.5 290265 37783.2 7076.51 252482 38541.2 5596.87 4774.28 4174.59 32944.3 4809.83 4025.83 312.929 213940
internal_count=1310935 1096916 214019 106289 19024 3482 15542 87265 16690 70575 1048 2434 37402 107730 1079657 93359 35829 986298 128659 23829 857639 132510 19176 16403 14329 113334 16373 13790 342 725129
cat_boundaries=0 1
cat_threshold=8
is_linear=0
shrinkage=0.05


Tree=164
num_leaves=31
num_cat=0
split_feature=7 5 17 16 1 9 9 10 4 9 0 17 17 17 0 0 10 16 4 9 7 4 1 16 3 16 16 16 1 1
split_gain=1.25759 1.38112 1.73623 1.31175 1.39076 1.33141 1.88217 1.29875 1.62525 1.28318 1.1961 1.15675 1.15199 1.13759 1.13492 1.12356 1.4143 1.2711 1.90456 1.13048 1.07379 3.26237 3.94534 3.22371 2.75616 3.33942 3.10084 2.81734 1.84056 1.69439
threshold=10.481293953298048 -0.37940952255126059 0.66536933010598343 0.78426879051960718 540.50000000000011 5.5740515676620417 3.3140206880897671 8.4036835615819729 1.5000000000000002 2.249904835165133 35.500000000000007 0.66656010559132584 0.65933186473910388 0.6544711875884256 96.500000000000014 28.500000000000004 7.2206415061341351 0.58123026540307288 1.5000000000000002 2.1383330595080281 1.0000000180025095e-35 1.5000000000000002 2333.5000000000005 0.80570143096500557 1.0000000180025095e-35 0.93504912530908568 0.83561204850757254 0.76314558284360301 958.50000000000011 1797.5000000000002
decision_type=2 2 2 2 2 2 2 2 2 2 2 2 2 2 2 2 2 2 2 2 2 2 2 2 2 2 2 2 2 2
left_child=7 2 -2 4 11 6 9 15 12 -5 -6 -3 -9 -7 -15 16 -1 18 19 -17 21 22 24 -23 25 -19 27 29 -29 -26
right_child=1 3 -4 5 10 13 -8 8 -10 -11 -12 -13 -14 14 -16 17 -18 20 -20 -21 -22 23 -24 -25 26 -27 -28 28 -30 -31
leaf_value=-0.00020040248911708526 -0.0098054943860514613 -0.031028910615396022 -0.0021633628040824276 -0.0036097475352006528 0.020394869974873643 0.022652173748750282 -0.0038702586772762617 -0.010602759814761137 0.01106100749574785 0.021257318749571819 -0.0070312020814300383 -0.0086020824464198686 0.00077654702309934431 0.0031770346099687153 0.040376891449738606 0.041597345691535531 -0.0030527037916236056 -0.013957169381242661 0.0042957155373071435 -0.054329261605476464 1.8209051695333712e-06 -0.0038441779074549045 -0.0054541574626761763 3.8169168544009011e-05 -0.0021792725401231449 0.25164775465521311 -0.0018091089009068613 0.0028068449586799837 0.0023269917842292545 -0.014488136581529077
leaf_weight=11492.441354580224 365.14636743068695 27.479851305484772 670.42353622615337 45.622307293117046 22.578169316053391 48.477311849594116 310.96062003821135 104.80050766468048 1545.0781922638416 107.18484430760145 394.07968961447477 35.609361562877893 172.12572716921568 189.72852908074856 12.24614394456148 230.24564047902822 4068.9127847254276 93.681424509733915 1010.2803925052285 28.081249251961708 360380.03306421265 2623.9389623515308 113.37339691445231 2824.0619599670172 46.845896653831005 19.530042000114918 123.46859317272902 266.13223073631525 220.52963963523507 8.4702832102775556
leaf_count=39941 461 35 3155 169 94 62 964 130 3326 338 1556 229 486 679 43 675 13913 349 3443 105 1217534 10945 410 9390 136 55 432 1027 834 19
internal_value=-2.31572e-05 -0.00120723 -0.00254347 -4.82667e-05 -0.0020704 0.00131001 -0.000276419 -1.63068e-05 0.00131546 0.00426749 -0.00102284 -0.00898875 -0.00221189 0.00424765 0.00259675 -2.26332e-05 -0.000438784 -5.03517e-06 0.00157492 0.00540616 -1.05008e-05 -0.000655556 0.00214742 -0.0011145 0.00341625 -0.00379582 0.00464323 0.00627231 0.00748768 -0.00442036
internal_weight=387602 2229.54 1035.57 1193.97 479.747 714.22 463.768 385372 1822 152.807 416.658 63.0892 276.926 250.452 201.975 383550 15561.4 367989 1268.61 258.327 366720 6340.03 892.032 5448 778.658 113.211 665.447 541.978 486.662 55.3162
internal_count=1310935 7785 3616 4169 1914 2255 1471 1303150 3942 507 1650 264 616 784 722 1299208 53854 1245354 4223 780 1241131 23597 3262 20335 2852 404 2448 2016 1861 155
is_linear=0
shrinkage=0.05


Tree=165
num_leaves=31
num_cat=0
split_feature=7 10 16 6 5 1 1 7 17 7 7 7 7 7 7 7 7 7 16 7 7 16 3 1 16 16 4 10 1 17
split_gain=1.61281 1.33805 1.50565 2.28224 1.50351 1.33704 2.30402 1.23649 1.20969 1.15309 1.87423 1.97705 2.64681 2.38992 2.69513 2.60127 2.70905 2.85937 4.89137 4.04689 4.48043 5.39409 4.13131 4.42786 3.37583 3.10354 2.89163 2.82115 2.45072 2.42933
threshold=9.6597266625627505 8.3679307178720688 0.7320314144775445 0.91597561503675351 -0.5 3011.5000000000005 4752.5000000000009 9.5731067158699013 0.65185921791924917 6.6073254057471518 3.9219243190762363 3.795426061844291 3.7012257604091228 3.5408542930527882 3.4175922930736511 3.1984648276080736 3.0201273556387074 2.524928003624769 0.75692737795582421 2.3502401828962087 1.0397207708399181 0.7503268675834982 1.0000000180025095e-35 1494.5000000000002 0.75969361271235591 0.8604331563503772 1.5000000000000002 1.7185517325253719 1507.5000000000002 0.66507504340750978
decision_type=2 2 2 2 2 2 2 2 2 2 2 2 2 2 2 2 2 2 2 2 2 2 2 2 2 2 2 2 2 2
left_child=1 9 3 8 7 -6 -7 -4 -3 10 11 12 13 14 15 16 17 19 27 20 -1 -22 -23 26 -21 -25 29 -19 -20 -24
right_child=-2 2 4 -5 5 6 -8 -9 -10 -11 -12 -13 -14 -15 -16 -17 -18 18 28 24 21 22 23 25 -26 -27 -28 -29 -30 -31
leaf_value=0.00025192141915587608 -0.0020555511046775224 -0.049411292542674158 0.012103849422297787 0.054107096450657546 -0.000134303327402574 0.057557338047192999 -0.018853353277671826 0.065071594351269801 -0.0048327229110291864 -0.00052656241558022285 0.00027290707158237341 -0.0012912786379099012 0.0017336589936251202 -0.0013772280719920663 0.0014841326294959185 -0.0011679402425663176 0.0012267097129891964 -0.020566820680801415 8.5154693227229572e-05 0.014484220895464785 -0.011840969709147154 -0.0056101821198673131 0.0026905352729121299 -0.0032317779018350094 0.00065257071127986519 0.0037807898006251813 0.00013160851814195685 -0.0087213728229067929 -0.0022810895701927849 0.00054044977440722707
leaf_weight=42877.974770221859 6658.8206922188401 93.00885945558548 908.16762814298272 27.06193869560957 1150.3901611194015 85.365191519260406 54.303718768060207 34.382640056312084 252.99307969212532 64421.195325411856 141916.29695578665 8141.8757988102734 7478.2320703677833 9654.5481554456055 10798.679379720241 11375.495966777205 16798.877225477248 705.99703794717789 12916.996404934675 3608.065317556262 2852.7890313342214 3542.2437762059271 606.55723357200623 6242.4719404391944 13964.258022934198 789.18383011221886 8692.3360139876604 2603.6478318572044 7150.002395786345 1221.3482176624238
leaf_count=139944 23459 117 2217 50 2750 211 129 88 565 229182 489148 26850 24904 32199 35776 37222 55253 1759 43667 8950 6848 11884 757 21186 47784 2591 29233 6231 24476 5338
internal_value=-3.39684e-05 -2.04846e-05 0.00110868 -0.00183159 0.00159999 0.000490907 0.00511056 0.00311798 -0.00292529 -2.82609e-05 1.12797e-05 -9.9685e-05 -6.19028e-05 -0.000105842 -5.57086e-05 -0.0001161 -5.00078e-05 -0.000142063 -0.000631416 -6.52081e-06 -0.000184067 -0.000731906 -0.000455939 -0.000141591 0.000668662 -0.00111297 0.000507672 -0.00241234 -0.000337689 0.00231534
internal_weight=387624 380965 2605.67 373.064 2232.61 1290.06 139.669 942.55 346.002 378359 313938 172022 163880 156401 146747 135948 124573 107774 23376.6 84397.2 66824.9 23946.9 21094.1 17551.9 17572.3 7031.66 10520.2 3309.64 20067 1827.91
internal_count=1310768 1287309 6127 732 5395 3090 340 2305 682 1281182 1052000 562852 536002 511098 478899 443123 405901 350648 76133 274515 217781 77837 70989 59105 56734 23777 35328 7990 68143 6095
is_linear=0
shrinkage=0.05


Tree=166
num_leaves=31
num_cat=0
split_feature=8 10 10 1 6 1 18 8 9 0 10 0 1 10 10 10 10 1 3 4 8 8 6 1 4 4 18 1 11 3
split_gain=1.84038 2.35127 2.0055 1.70597 1.66056 1.67407 1.56637 3.43827 1.41936 1.25616 1.36095 1.34544 1.33079 1.28869 3.02742 2.27675 2.24529 1.99998 2.01927 3.9904 2.08619 1.81643 2.68011 1.76575 1.64697 1.60968 1.57732 1.40068 1.38521 1.38169
threshold=7.0496886807624488 7.0910595020580098 7.8710827681682654 2360.5000000000005 0.25881904510252057 9491.5000000000018 1.0458333333333336 7.1094707993797224 7.7025361201967923 28.500000000000004 8.4036835615819729 52.500000000000007 771.50000000000011 0.0077158505613392899 0.098905681065719467 4.7959920073102493 0.031737426730471384 1383.5000000000002 1.0000000180025095e-35 2.5000000000000004 1.2424533248940002 1.0000000180025095e-35 0.78656609248549303 984.50000000000011 1.5000000000000002 4.5000000000000009 1.0791666666666668 893.50000000000011 1.0000000180025095e-35 1.0000000180025095e-35
decision_type=2 2 2 2 2 2 2 2 2 2 2 2 2 2 2 2 2 2 2 2 2 2 2 2 2 2 2 2 2 2
left_child=9 -2 6 -4 5 -5 -3 -8 -9 12 13 -12 -1 -11 16 17 28 18 -16 20 -20 22 -17 -18 26 -25 -22 -28 -15 -24
right_child=1 2 3 4 -6 -7 7 8 -10 10 11 -13 -14 14 15 21 23 -19 19 -21 24 -23 29 25 -26 -27 27 -29 -30 -31
leaf_value=8.4048715829286233e-05 0.0033785426303554692 -0.0026361965427261743 -0.0021728726868072922 -0.0036627790471911118 0.016787956375512288 0.046028105843770144 -0.023673525729775741 -0.0055884469509558041 0.011353441089336204 -0.00043691017452041834 0.014742657698193051 0.0021391316346375091 -0.0015245380048858226 6.6269033060648022e-05 -0.0027257954961584286 0.00046544907991656896 1.9737447660350684e-05 -0.0012998502196080537 0.0002717030179576835 -0.00045670292487156596 0.0012383637756794936 -4.2966719495507459e-05 0.013975290832206028 0.0052964737491960571 0.0006768456305773163 0.017686717874841409 0.0058736044322569118 0.0011676419655537271 0.0029443394803752884 0.0023087016299300767
leaf_weight=6026.2466708123684 982.23561413958669 2207.4214901700616 6611.260989818722 1120.3708276189864 531.03770456463099 80.74665517732501 44.781594179570675 586.50513266026974 18.371946156024933 22129.074025712907 521.62509720027447 980.02208533138037 9336.4488665424287 13565.707409467548 8449.5627115778625 44512.747538905591 1339.2677767947316 25214.667642954737 7698.0255755484104 15614.186914060265 1495.946208499372 198902.83184611797 1266.809910107404 2520.485521953553 3238.5875528939068 629.91724570840597 71.304974392056465 39.837661653757095 6798.7743440121412 5088.7570772841573
leaf_count=20648 4044 10081 22425 3680 1776 279 53 688 21 75926 1123 2136 32469 46560 28391 142426 4340 86515 25424 53959 5655 677293 4124 8523 11459 2107 81 46 22051 16465
internal_value=-3.17668e-05 -0.000636575 -0.000842277 -0.000450759 0.000946035 -8.33395e-05 -0.00198561 -0.00414363 -0.00315391 -1.21413e-05 6.74979e-06 0.00150885 -0.00045492 4.59283e-07 2.47688e-05 -1.75909e-05 0.000555827 -0.000289255 -5.32328e-05 0.00015019 0.000814277 4.96501e-05 0.000316278 0.00156796 0.00162701 0.00221447 0.00293557 0.00868239 0.000332687 0.00127676
internal_weight=387624 12182.7 11200.5 8343.42 1732.16 1201.12 2857.08 649.659 604.877 375441 360078 1501.65 15362.7 358576 336447 311593 24854.2 61822.1 36607.5 28157.9 12543.7 249771 50868.3 4489.67 4845.68 3150.4 1607.09 111.143 20364.5 6355.57
internal_count=1310768 43047 39003 28160 5735 3959 10843 762 709 1267721 1214604 3259 53117 1211345 1135419 1051838 83581 211530 125015 96624 42665 840308 163015 14970 17241 10630 5782 127 68611 20589
is_linear=0
shrinkage=0.05


Tree=167
num_leaves=31
num_cat=0
split_feature=8 10 16 8 10 1 16 0 9 8 10 7 8 1 17 16 1 9 17 17 9 0 1 1 7 10 4 17 5 9
split_gain=1.67907 2.13893 1.84824 1.73329 1.96058 1.89769 1.8436 1.9025 1.59326 1.54115 1.53133 1.62696 1.57479 1.5197 1.51775 1.49523 1.43765 1.38559 1.31113 2.18726 2.3159 1.63823 1.83873 1.53771 1.44608 1.29196 1.23169 1.23044 1.20821 1.34561
threshold=7.0496886807624488 7.0910595020580098 0.90056769624314192 7.5663108808184232 7.6762034755851571 289.50000000000006 0.85672772824506083 82.500000000000014 3.0201273556387074 7.1094707993797224 8.1295222705248644 8.281597424153281 8.806355825888863 1586.5000000000002 0.65737091758083455 0.58123026540307288 380.50000000000006 5.0005792898547883 0.6657714024266651 0.65721354409355948 3.4811217321331038 68.500000000000014 1520.5000000000002 380.50000000000006 10.481293953298048 7.4785793946460926 4.5000000000000009 0.6657714024266651 -0.9159756150367534 4.3757372435704527
decision_type=2 2 2 2 2 2 2 2 2 2 2 2 2 2 2 2 2 2 2 2 2 2 2 2 2 2 2 2 2 2
left_child=-1 2 -2 4 6 -5 27 25 9 -6 11 -7 13 26 -14 -10 -13 -18 19 20 -17 22 23 -22 -25 -8 -12 28 -3 -30
right_child=1 3 -4 5 8 10 7 -9 15 -11 12 16 14 -15 -16 18 17 -19 -20 -21 21 -23 -24 24 -26 -27 -28 -29 29 -31
leaf_value=-2.3209524933665018e-05 0.0039094626270547916 0.0057606472843077464 -0.011873968187205836 -0.0052272357600566784 -0.0078009819292719608 0.0026085374417803065 -0.00032934609498474766 -0.014778033647599246 0.09716050620008837 0.0038738153317706306 0.0015327938089171685 0.0075219130433283217 -0.019859894521429545 0.013842203777071594 -0.0020800652374396546 -0.012629659118766408 -0.0062222671876491836 5.5582835195255868e-05 -0.0025117073162429977 -0.011247540328121475 -0.0072983653703834308 0.010596056282706524 -0.020778386690698272 0.0092757035327020679 -0.01982394018439957 -0.0057029849928297311 -0.009271466608240268 -0.0017438226210496788 -0.01174894811420475 0.001401371010474578
leaf_weight=375440.83465753123 956.10328826680779 42.681815087795258 26.132325872778893 181.06300176680088 241.01135875284672 761.33541117236018 76.979856677353382 47.872576341032982 16.805685698986053 1434.0867718569934 1501.3198054581881 63.623513698577881 79.092983484268188 956.09776620194316 225.44311893358827 64.080706596374512 1386.906216584146 646.62251924723387 1522.5972842760384 321.80163621902466 29.931616067886353 169.94402462244034 112.70697939395905 148.47931301593781 21.109945893287659 66.853323392570019 188.60153022781014 584.67519962415099 249.60802316665649 59.164356887340546
leaf_count=1267721 3949 54 95 639 848 2795 280 130 54 5025 4694 266 100 2888 903 81 5457 2515 7233 404 38 214 142 188 27 195 562 2884 313 74
internal_value=-3.08181e-05 -0.000608513 0.0016287 -0.000804706 -0.00147162 -0.000224603 -0.00331694 -0.00778409 -0.000961838 0.00022231 -6.74847e-05 -0.000892259 0.000731554 0.00112343 -0.00267336 -0.00178576 -0.00161099 -0.00184255 -0.00189024 -0.00344103 -0.00151464 -0.000327789 -0.00247796 0.000405898 0.00224998 -0.00491048 0.000222131 -0.00240213 -0.00474018 -0.00583014
internal_weight=387624 12182.7 982.236 11200.5 5210.39 5990.11 1127.84 191.706 4082.56 1675.1 5809.04 2858.49 2950.56 2646.02 304.536 2407.46 2097.15 2033.53 2390.65 868.054 546.253 482.172 312.228 199.521 169.589 143.833 1689.92 936.129 351.454 308.772
internal_count=1310768 43047 4044 39003 18184 20819 3930 605 14254 5873 20180 11033 9147 8144 1003 8381 8238 7972 8327 1094 690 609 395 253 215 475 5256 3325 441 387
is_linear=0
shrinkage=0.05


Tree=168
num_leaves=31
num_cat=0
split_feature=8 10 16 8 1 16 10 8 10 9 18 1 17 8 17 8 18 1 0 0 1 18 6 7 18 16 7 1 1 8
split_gain=1.69198 2.08992 1.84057 1.69634 1.73587 1.87306 1.71105 1.99102 1.7109 1.53059 2.47978 1.54231 3.101 1.82731 1.48148 1.38983 1.52297 1.31086 1.30829 1.27969 1.43794 1.26789 1.40782 1.24521 1.41486 1.25425 1.3174 1.25097 1.23941 1.23074
threshold=7.0496886807624488 7.0910595020580098 0.90056769624314192 7.5663108808184232 604.50000000000011 0.7434124931127456 8.1650461647328445 8.806355825888863 7.6630053345060398 3.0201273556387074 1.0625000000000002 1520.5000000000002 0.65641077446366225 7.3148856110385276 0.65737091758083455 7.2506352600451018 1.0458333333333336 1573.5000000000002 68.500000000000014 93.500000000000014 862.50000000000011 1.0458333333333336 -0.98296291314453399 6.6637708581706061 1.0791666666666668 0.79453530161257502 9.8578885326594694 2360.5000000000005 704.50000000000011 7.1094707993797224
decision_type=2 2 2 2 2 2 2 2 2 2 2 2 2 2 2 2 2 2 2 2 2 2 2 2 2 2 2 2 2 2
left_child=-1 2 -2 8 5 -5 23 21 15 29 19 12 13 -12 -9 16 -3 -18 -13 -11 -21 -8 -23 24 27 26 28 -6 -25 -10
right_child=1 3 -4 4 6 -7 7 14 9 10 11 18 -14 -15 -16 -17 17 -19 -20 20 -22 22 -24 25 -26 -27 -28 -29 -30 -31
leaf_value=-2.2049048686989538e-05 0.0037139894957020528 0.00079584779308528725 -0.011280269777845542 -0.031977384556981493 0.0067707164322418634 -0.0011496427387852586 0.0032140477958541025 -0.018359854603380878 -0.0074109328328083625 -0.0034105863307038356 -0.0052246943356522224 -0.028158524903448112 -0.011008603337268941 0.044333729456256687 -0.0021033233407619228 -0.0059805093924984792 -0.011210636984757501 -0.0050762620119806645 -0.014654160213085944 -0.0062711351155422803 0.023298352793070954 -0.0068464255300311862 0.021273406609245787 0.028643326753647308 -0.043403655509660105 0.00056672431618415839 -0.01930383007345321 0.059619395125057144 -0.0075714209717535792 0.0033366605475146638
leaf_weight=375440.83465753123 956.10328826680779 355.64391439408064 26.132325872778893 181.28210416436195 63.303080875426531 840.26179083064198 1448.936172734946 62.670650839805603 244.75152992457151 1916.7490404509008 37.160564124584198 67.045549303293228 127.94242167472839 40.659365892410278 170.85624053701758 619.23030796647072 58.57125385850668 58.885636173188686 49.281237684190273 41.691122878342867 143.91901964321733 19.644182682037354 494.3234671279788 54.703973043709993 6.6956226229667655 1303.7270233184099 371.84118175134063 38.150631155818701 933.70974509045482 1448.8595096021891
leaf_count=1267721 3949 1573 95 472 251 3142 5333 79 864 7387 42 76 141 46 664 2104 68 70 54 160 526 23 578 226 7 4437 1708 130 3769 5073
internal_value=-3.00449e-05 -0.000609955 0.00160147 -0.000803887 -0.000230002 -0.00210715 0.000155942 0.00119834 -0.00146365 -0.000997018 -0.00180268 -0.00588809 -0.00328658 0.00458387 -0.00316611 -0.00322286 -0.00118242 -0.00611878 -0.0104897 -0.00117678 0.00278737 0.00171758 0.0038512 -0.000669978 0.00458944 -0.000883494 -0.00194563 0.00605862 -0.000991232 0.00015631
internal_weight=387624 12182.7 982.236 11200.5 5990.11 1021.54 4968.56 2196.43 5210.39 4118.06 2424.45 322.089 205.762 77.8199 233.527 1092.33 473.101 117.457 116.327 2102.36 185.61 1962.9 513.968 2772.13 108.149 2663.98 1360.25 101.454 988.414 1693.61
internal_count=1310768 43047 4044 39003 20819 3614 17205 6677 18184 14369 8432 359 229 88 743 3815 1711 138 130 8073 686 5934 601 10528 388 10140 5703 381 3995 5937
is_linear=0
shrinkage=0.05


Tree=169
num_leaves=31
num_cat=0
split_feature=7 16 1 16 10 16 6 5 0 4 0 9 7 17 0 3 16 17 7 17 17 4 7 16 17 7 10 0 1 10
split_gain=1.30536 1.26587 1.35466 1.25457 1.15389 1.34729 1.74069 1.35552 1.46893 1.88386 1.72295 1.616 1.27566 1.12628 1.33837 1.13054 1.09803 1.09504 1.52542 1.1619 1.10539 1.09809 1.06381 1.06206 2.27078 1.11096 1.71568 1.25625 1.14794 1.12089
threshold=9.6597266625627505 0.9461910594647257 483.50000000000006 0.80368004095377399 8.3679307178720688 0.7320314144775445 0.91597561503675351 -0.5 42.500000000000007 1.5000000000000002 33.500000000000007 2.740319461670996 8.5772529079372504 0.66656010559132584 27.500000000000004 1.0000000180025095e-35 0.77844195728709664 0.65737091758083455 7.269964817843598 0.64867302866654353 0.65813547005910744 3.5000000000000004 6.6457407421766872 0.9461910594647257 0.64954346602561752 4.791641144189394 6.3751528331609792 71.500000000000014 344.50000000000006 7.8834697857258513
decision_type=2 2 2 2 2 2 2 2 2 2 2 2 2 2 2 2 2 2 2 2 2 2 2 2 2 2 2 2 2 2
left_child=4 3 -3 13 23 6 -6 8 10 11 -7 22 -9 14 -2 -16 -13 18 -11 21 -19 -20 -10 -1 -25 28 27 -27 -26 -30
right_child=1 2 -4 -5 5 7 -8 12 9 17 -12 16 -14 -15 15 -17 -18 20 19 -21 -22 -23 -24 24 25 26 -28 -29 29 -31
leaf_value=-5.5657994511715275e-05 -0.023726202281676496 -0.015432105605130371 -0.0059015766291083856 9.2794869469252367e-05 -0.01969159905462441 -0.0049471558675034171 0.051297047975073819 0.008403180092204466 0.021489692308286137 0.040236279178967584 0.051260475812883323 -0.032813558384711415 -0.0025394150725221221 -0.0025577925410393528 -0.025433501595418895 -0.0059084154802377447 0.052053817122679938 -0.026552177306047187 0.0219680800374948 0.040655772938904468 0.0085086886603183143 -0.02213911725479465 -0.021165143528803266 -0.013244615157736062 0.033320245530098068 -0.012379188050090119 0.0065725091678222828 -0.02849333997704977 0.0077982596510514871 0.053165626715915827
leaf_weight=376128.41043522954 28.672324120998383 22.75339499861002 53.293720170855522 2977.6904069110751 346.0019391477108 47.601473622024059 27.06193869560957 724.07676593214273 7.9391028434038153 51.767759084701538 113.87982830032706 5.9679200537502757 565.98230547457933 2177.4468457922339 152.59006017446518 1246.373940050602 42.317512981593609 10.697082638740538 53.572390735149384 86.886547386646271 445.23660155013204 19.950697481632233 56.733351521193981 221.80085092782974 244.83147526532412 104.20834217965603 708.13901524990797 35.639537036418915 855.50842203199863 60.534624427556992
leaf_count=1273384 36 58 166 9668 682 122 50 1711 23 65 265 16 1379 11755 193 1583 97 13 67 109 1361 25 142 275 882 405 2781 124 3124 207
internal_value=-2.82084e-05 -0.00072223 -0.00713623 -0.000648133 -1.60777e-05 0.0010325 -0.00174885 0.00149726 0.00293861 0.00204111 0.00727973 -0.00393084 0.000444176 -0.00127546 -0.0023669 -0.00214773 0.00299039 0.00305079 0.00601809 0.00360969 0.0016699 -0.0010163 -0.00909834 -2.32991e-05 0.00106449 0.00159458 0.000218816 -0.00484205 0.00259953 0.00178668
internal_weight=387624 6658.82 76.0471 6582.77 380965 2605.67 373.064 2232.61 942.55 781.069 161.481 112.958 1290.06 3605.08 1427.64 1398.96 48.2854 668.111 212.177 160.41 455.934 73.5231 64.6725 378359 2230.66 2008.86 847.987 139.848 1160.87 916.043
internal_count=1310768 23459 224 23235 1287309 6127 732 5395 2305 1918 387 278 3090 13567 1812 1776 113 1640 266 201 1374 92 165 1281182 7798 7523 3310 529 4213 3331
is_linear=0
shrinkage=0.05


Tree=170
num_leaves=31
num_cat=0
split_feature=0 8 10 7 17 10 0 0 16 4 1 1 10 10 10 16 1 1 10 5 16 16 16 17 4 17 4 5 17 16
split_gain=1.24122 1.47585 1.59919 1.36399 1.51094 1.50793 2.05947 1.80425 1.34951 1.80717 1.30466 1.27816 1.20128 2.00016 2.58619 3.19936 3.01008 2.48453 2.10322 1.93472 1.82976 1.81646 6.24345 6.69489 5.36111 3.19138 2.85085 2.69168 2.56632 3.1848
threshold=28.500000000000004 8.336749862461053 8.3125550392534944 8.0483089226670437 0.67112732600106184 7.9504083152704217 58.500000000000007 41.500000000000007 0.58123026540307288 1.5000000000000002 511.50000000000006 6033.5000000000009 0.0071637638140005979 0.098905681065719467 4.7959920073102493 0.76060710736486381 1443.5000000000002 733.50000000000011 0.031737426730471384 0.12940952255126045 0.85521911464057543 0.84649134540172921 0.8470278619941235 0.66847687381717125 3.5000000000000004 0.79578427756852732 4.5000000000000009 -0.5 0.66536933010598343 0.85943965931063915
decision_type=2 2 2 2 2 2 2 2 2 2 2 2 2 2 2 2 2 2 2 2 2 2 2 2 2 2 2 2 2 2
left_child=-1 8 3 10 5 7 -7 -5 9 -2 -3 -4 20 17 15 -15 19 -14 -19 -17 -10 26 23 -23 27 -26 -16 -24 29 -29
right_child=1 2 11 4 -6 6 -8 -9 12 -11 -12 -13 13 14 21 16 -18 18 -20 -21 -22 22 24 -25 25 -27 -28 28 -30 -31
leaf_value=-0.0006536100558036204 0.038036016600429594 -0.011906778295212878 0.0033562911647746444 -0.0077250755062344264 -0.0026564279654095256 -0.0036994084081343917 -0.014925740511303227 0.003887825688578329 -0.00067482603246525055 0.0053899093609211862 0.015500518980885794 0.070241153639025347 -0.00062962764787559281 -0.0058748922491664085 7.897168673583477e-05 -0.00017632203284708993 -0.001185547724613495 0.0011518753431731144 0.0050184250069852943 0.00067997142266894295 0.00094642501537939858 -0.003503027198786356 -0.00048076246761101645 0.0050755914136884454 -0.0017449448880564823 0.00036538192549367412 0.0023607381991480325 0.0048308087087680501 0.00031931854671363451 0.0011973525468755492
leaf_weight=15700.668566316366 249.80346672981977 14.873993668705223 313.09914424270391 15.922635912895201 792.32176360115409 137.2463715672493 230.90585500001907 126.11273908615112 17336.472271792591 1027.1214904040098 99.869181420654058 12.485161878168581 6299.8953144699335 8774.6221778020263 176409.76139690354 18434.279882997274 20666.605294264853 16192.720280695707 3644.1790773160756 13905.974593386054 3311.0799604058266 997.58117038011551 12805.530150733888 337.74354573339224 9556.7871069908142 3825.2271855846047 35490.646172259003 1451.8392639160156 14978.380800709128 4207.6566587090492
leaf_count=54281 766 50 889 22 4034 181 304 162 60089 3485 354 33 20836 22233 599157 66562 74373 54853 12267 48575 11006 1271 41881 1588 20087 24025 119773 1811 60169 5272
internal_value=-2.38488e-05 -5.45224e-06 -0.00145704 -0.00218298 -0.00264336 -0.00476558 -0.006454 -0.000389241 1.38704e-06 0.00162403 0.00304314 0.00170294 -4.23381e-06 1.77527e-05 -1.64082e-05 -0.000307203 -0.00016081 0.000438403 0.000713126 0.00014039 -0.000374779 5.26746e-05 -0.000224507 -0.0035957 -0.000128371 -0.000974138 0.000115672 0.000210054 0.000563394 0.00147046
internal_weight=387347 371647 1742.84 1417.25 1302.51 510.188 368.152 142.035 369904 1276.92 114.743 325.584 368627 347979 321843 61781.5 53006.9 26136.8 19836.9 32340.3 20647.6 260061 48160.7 1335.32 46825.4 13382 211900 33443.4 20637.9 5659.5
internal_count=1310389 1256108 6029 5107 4703 669 485 184 1250079 4251 404 922 1245828 1174733 1086777 211743 189510 87956 67120 115137 71095 875034 156104 2859 153245 44112 718930 109133 67252 7083
is_linear=0
shrinkage=0.05


Tree=171
num_leaves=31
num_cat=0
split_feature=8 0 10 9 9 7 8 16 7 16 5 7 7 7 16 8 7 16 7 16 10 1 10 1 1 10 10 17 16 18
split_gain=1.14879 1.35028 1.34843 1.48887 1.88326 1.22401 3.98805 4.67742 3.38442 3.10027 2.45022 2.54599 2.19574 2.62614 4.78683 3.27491 3.34487 5.11005 4.9586 6.63725 2.69907 2.32656 2.51729 2.22008 2.17797 2.22778 2.42831 2.83566 2.03779 2.61201
threshold=8.336749862461053 27.500000000000004 8.3125550392534944 5.0005792898547883 1.8688348091416842 3.4175922930736511 1.0000000180025095e-35 0.79735433676339496 3.1984648276080736 0.82872382376875298 0.78656609248549325 3.4811217321331038 3.0201273556387074 2.524928003624769 0.80117091351823222 1.0000000180025095e-35 2.3502401828962087 0.76232687082252271 1.0397207708399181 0.74468638834487166 7.2846924547368088 854.50000000000011 6.4847746935035122 2360.5000000000005 4606.5000000000009 6.8535334408403505 0.80344726361328889 0.65130300798649621 0.80570143096500557 1.0625000000000002
decision_type=2 2 2 2 2 2 2 2 2 2 2 2 2 2 2 2 2 2 2 2 2 2 2 2 2 2 2 2 2 2
left_child=5 -2 -3 4 -4 8 7 10 12 -10 11 -7 13 15 -15 16 18 -18 20 -20 -1 22 -16 28 25 26 -19 -28 -21 -30
right_child=1 2 3 -5 -6 6 -8 -9 9 -11 -12 -13 -14 14 21 -17 17 24 19 23 -22 -23 -24 -25 -26 -27 27 -29 29 -31
leaf_value=0.00016400798592145773 0.041064721081272744 -0.0043650940023871156 -0.02017727676183315 -0.0039991066782669171 0.030650394875582132 0.024257100781891829 -1.214610860390264e-05 -5.2270384325253662e-05 -0.0026066300113933502 0.00020924076691047899 -0.0017935855551915181 0.0094570602657451878 0.0010828866715799719 -0.0034912310367718026 0.0011905357175847288 -0.0028078229688030809 0.015487850314447627 0.0014586167570917964 -0.014076162343576882 -0.001542304272676301 0.0098361699207416484 -0.00080553734581143574 -0.0013379699947330904 -0.0036659644566377492 0.013028402084115532 0.005776813210706333 -0.0045414217891064394 -0.00096174067854938323 -4.4428273213770186e-05 0.0021528428305656005
leaf_weight=39967.826028075069 24.648452691733837 1421.0175440907478 15.00354517251253 174.68175091594458 136.27154612541199 1018.6937406621873 233515.32037217915 8176.6529928222299 7594.9427174665034 3807.1447754204273 1432.7114357538521 5428.2356147915125 16820.73826315999 10380.910681623966 3897.3757246211171 1223.4472072385252 3852.9346280768514 4657.5498134456575 2341.2647456601262 7075.6273124739528 2416.0625692568719 8027.3131533265114 1117.7494899705052 3843.8342335857451 758.27079455181956 1860.5420591682196 943.09902608394623 5112.3371331579983 9078.4569700658321 1226.7483532428741
leaf_count=130848 87 5130 38 540 345 3666 805134 25715 25387 11968 5390 20715 55404 37095 11611 4113 9505 16418 5619 27283 7376 24185 3289 12883 2666 6349 1186 19486 29635 1323
internal_value=-2.47195e-05 -0.00129503 -0.00145899 0.00144143 0.0050727 -1.88828e-05 4.6881e-05 0.000809114 -0.000139561 -0.000964092 0.00167844 0.00209409 -6.41101e-05 -0.000147028 -0.000615405 -1.69757e-05 2.08171e-05 0.000642121 -0.000141078 -0.000722513 0.000182206 2.22823e-05 0.000867157 -0.000443819 0.000178607 2.16668e-05 -0.000255692 -0.000915889 -0.000203338 0.000245272
internal_weight=387347 1771.62 1746.97 325.957 151.275 385576 249572 16056.3 136004 11402.1 7879.64 6446.93 124602 107781 23423.3 84358 83134.6 17184.7 65949.8 23565.9 42383.9 13042.4 5015.13 21224.7 13331.8 12573.5 10713 6055.44 17380.8 10305.2
internal_count=1310389 6140 6053 923 383 1304249 860620 55486 443629 37355 29771 24381 406274 350870 76180 274690 270577 55610 214967 76743 138224 39085 14900 71124 46105 43439 37090 20672 58241 30958
is_linear=0
shrinkage=0.05


Tree=172
num_leaves=31
num_cat=2
split_feature=8 0 10 9 9 10 18 16 0 10 16 11 16 16 10 10 16 6 2 10 5 4 0 3 2 16 16 10 3 4
split_gain=1.13362 1.27646 1.18675 1.32 1.79949 1.18636 1.60066 1.77687 1.18142 1.15557 1.73064 1.58558 2.85632 2.75815 2.11917 1.85642 1.56129 1.47486 2.01428 1.5554 1.32878 1.56972 1.48324 1.29743 1.25268 1.6971 1.19297 1.19085 1.88016 1.90004
threshold=8.336749862461053 27.500000000000004 8.3125550392534944 5.0005792898547883 1.8688348091416842 7.9933290451173296 1.0791666666666668 0.73897713012189381 28.500000000000004 0.0061014869019665038 0.85521911464057543 1.0000000180025095e-35 0.78737496167786236 0.89302366647559417 0.1970491786496901 7.5227904940025789 0.74058505004740149 0.60355339059327384 0 0.013072537315072533 -0.70710678118654735 4.5000000000000009 34.500000000000007 1.0000000180025095e-35 1 0.84373940648526213 0.67530393782091591 8.1179138716655235 1.0000000180025095e-35 1.5000000000000002
decision_type=2 2 2 2 2 2 2 2 2 2 2 2 2 2 2 2 2 2 1 2 2 2 2 2 1 2 2 2 2 2
left_child=8 -2 5 4 -4 -3 -7 -8 -1 10 24 27 14 15 16 -14 17 -13 19 -19 21 23 -23 -16 25 -10 -26 -11 -29 -30
right_child=1 2 3 -5 -6 6 7 -9 9 11 -12 12 13 -15 20 -17 -18 18 -20 -21 -22 22 -24 -25 26 -27 -28 28 29 -31
leaf_value=-0.00065101927634346468 0.039011485027209108 -0.00061157948201651384 -0.019168412923741492 -0.0037991513443535688 0.029117875131803028 -0.0055309240789798604 0.040976038774843217 -0.017378707187855447 -0.0030440822949070693 -7.7879844018005637e-05 0.00089895187179342699 0.030229791005454556 -0.00062467670178939505 0.012594680819438092 0.020495895030382752 0.0086547600501511394 0.0057360243316423977 -0.016784809876499576 -0.021864304768986022 0.06247712650377564 0.00072171562380448642 -0.02914677455653918 0.039963800942946284 0.00027251890748537512 -0.028696725906122513 -0.0074998381668743399 -0.00038503845892541095 0.0085473748485730538 -0.0019581315292444253 0.0010933803465517644
leaf_weight=15671.882573697716 24.648452691733837 545.86243413388729 15.00354517251253 174.68175091594458 136.27154612541199 798.14399338513613 16.087184071540833 60.923932500183582 1830.8246751315892 295324.6644930765 2782.8977056443691 936.81582679599524 15551.080953240395 957.37531239539385 474.61859116703272 737.28637375682592 2820.2898191548884 33.770083650946617 141.01122990995646 61.300524733960629 6101.9010676443577 19.07787674292922 402.43990541249514 1294.4147821068764 278.35229201614857 125.61881985515356 12782.129955716431 3904.8521187826991 3184.7722510248423 20158.412604223937
leaf_count=54170 87 2256 38 540 345 2790 17 67 6401 1013907 9344 2261 45349 3328 1612 2108 11699 71 350 150 20847 55 1325 4656 771 427 44688 11680 9330 59720
internal_value=-2.42992e-05 -0.00128619 -0.00144561 0.00127537 0.00469451 -0.00206976 -0.00321074 -0.0100947 -1.85011e-05 -4.86135e-07 -0.00039354 1.93838e-05 0.000370056 -4.49839e-05 0.00095266 -0.000198283 0.00189898 0.00343207 -9.98566e-05 0.00522427 0.000496966 0.00155333 0.0042953 0.000899978 -0.000605778 -0.00178291 -0.000427752 -1.272e-05 0.000303556 0.000133684
internal_weight=387347 1771.62 1746.97 325.957 151.275 1421.02 875.155 77.0111 385576 369904 17799.8 352104 29531.4 17245.7 12285.6 16288.4 3993.19 1172.9 236.082 95.0706 8292.45 2190.55 421.518 1769.03 15016.9 1956.44 13060.5 322573 27248 23343.2
internal_count=1310389 6140 6053 923 383 5130 2874 84 1304249 1250079 61631 1188448 93811 50785 43026 47457 14531 2832 571 221 28495 7648 1380 6268 52287 6828 45459 1094637 80730 69050
cat_boundaries=0 1 2
cat_threshold=3 2
is_linear=0
shrinkage=0.05


Tree=173
num_leaves=31
num_cat=0
split_feature=8 0 5 1 0 16 16 11 16 17 10 10 6 5 10 17 10 10 16 1 8 6 10 1 16 18 1 3 6 16
split_gain=1.13799 1.20785 2.02132 1.18979 1.12866 1.68499 1.03937 1.34211 1.04514 2.16323 1.75608 1.66745 1.14069 1.12269 1.32754 1.09267 1.05145 1.88624 2.72984 3.39238 2.75701 2.92782 2.24363 2.30181 2.14291 1.95578 1.86965 1.78208 2.68076 2.35437
threshold=8.336749862461053 78.500000000000014 0.91597561503675362 611.50000000000011 23.500000000000004 0.80172580346046063 0.58123026540307288 1.0000000180025095e-35 0.97182285662211954 0.66237379509048522 3.1220594398583335 6.9109568050123915 0.60355339059327384 0.78656609248549325 5.5747840338677612 0.66383823997485858 4.7959920073102493 1.7185517325253719 0.80417266174550694 2477.5000000000005 0.89587973461402759 0.37940952255126048 0.0089048174978050443 5277.5000000000009 0.85472328363330063 1.0125000000000002 2389.5000000000005 1.0000000180025095e-35 0.37940952255126048 0.87093098878569231
decision_type=2 2 2 2 2 2 2 2 2 2 2 2 2 2 2 2 2 2 2 2 2 2 2 2 2 2 2 2 2 2
left_child=4 3 -3 -2 5 -1 7 -6 16 10 -10 13 -11 14 -12 -14 17 22 -19 20 26 25 -8 -24 -21 -22 -20 28 -18 -29
right_child=1 2 -4 -5 6 -7 8 -9 9 12 11 -13 15 -15 -16 -17 27 18 19 24 21 -23 23 -25 -26 -27 -28 29 -30 -31
leaf_value=-0.0040758674828112185 -0.0042114506449881422 -0.010080177033883954 0.029212357300978539 0.000580330731466594 0.0056788938656366699 7.5781884120859624e-05 -0.00036615127830232769 0.030461066790320124 0.015147041102514504 0.013419378321117026 0.015021777624634948 -0.0015424218802287061 0.071864725793732792 -0.043879845062105821 -0.039771451399505602 0.025342849674428649 0.00059566470758231076 -0.0016590768500237996 -0.00040709412629314076 -0.0036648277746071491 0.00050947344557494834 -0.00051328260923952373 0.00037636135270247006 0.0069624045598608471 0.0014630422993853977 0.0016766412310480041 0.012249571332508848 6.2191422380724473e-05 0.0056222557172149528 -0.00068696488835570885
leaf_weight=2561.056014560163 227.31675913929939 418.80959324166179 41.190201580524445 1084.3062850348651 1134.4335012435913 3084.5740329325199 25696.300472840667 174.62765368074179 53.145920813083649 732.81552702188492 31.024739921092987 113.09614408016205 7.5359812974929801 36.329802811145782 35.406904697418213 158.71521203219891 30162.704121269286 24070.618583142757 11555.092469029129 3745.0356310158968 6306.6850284039974 2926.0364480912685 31900.366627775133 1957.6050758138299 978.50447429716587 2484.7236150950193 129.62192802876234 207060.9986060597 9325.9648356959224 19152.770484231412
leaf_count=9967 806 1457 134 3743 3857 9691 88137 514 65 3027 39 141 8 45 43 666 100567 91436 35039 11756 24016 9373 107695 6847 3338 3780 408 697837 31761 64196
internal_value=-2.33735e-05 -0.0012877 -0.00349222 -0.000514544 -1.75642e-05 -0.000719331 -7.1362e-06 0.00139932 -1.19989e-05 0.00148132 -0.00245241 -0.00445695 0.0026583 -0.00906716 -0.00520235 0.00639745 -1.66202e-05 -0.000145298 -0.00036472 -3.02094e-05 0.000216495 0.000758438 4.70142e-05 0.000314373 -0.00125247 0.00121441 -0.000326966 3.75e-05 0.000347427 -1.66019e-05
internal_weight=387347 1771.62 460 1311.62 385576 5645.63 379930 1309.06 378621 1168.07 269.004 215.858 899.067 102.761 66.4316 166.251 377453 111751 52196.3 28125.7 23402.2 11717.4 59554.3 33858 4723.54 8791.41 11684.7 265702 39488.7 226214
internal_count=1310389 6140 1591 4549 1304249 19658 1284591 4371 1280220 4034 333 268 3701 127 82 674 1276186 381825 179146 87710 72616 37169 202679 114542 15094 27796 35447 894361 132328 762033
is_linear=0
shrinkage=0.05


Tree=174
num_leaves=31
num_cat=1
split_feature=8 0 10 1 9 17 10 9 0 17 18 9 6 0 10 8 11 4 9 8 9 17 8 6 2 0 9 18 1 0
split_gain=0.962659 1.11411 1.14747 1.33763 1.40207 1.2246 2.42359 2.65026 2.30754 1.46484 1.19122 1.13826 1.037 0.986802 0.980244 2.0652 1.92892 1.52207 1.50926 1.48095 1.39178 1.23307 1.67099 1.35488 1.20534 1.17747 1.38452 1.06331 1.27754 1.19597
threshold=8.336749862461053 27.500000000000004 8.3125550392534944 6033.5000000000009 5.2496487501035594 0.67112732600106184 7.9717224783790419 3.1567740231385479 57.500000000000007 0.64927633572046617 1.029166666666667 1.8688348091416842 -0.78656609248549325 23.500000000000004 8.1413870876538788 3.9019216517693867 1.0000000180025095e-35 1.5000000000000002 6.0246567833931746 7.3849206531217746 5.8536372009884516 0.66268314391858796 4.8242976514536702 0.60355339059327384 0 76.500000000000014 2.4414009612931857 1.0125000000000002 2447.5000000000005 53.500000000000007
decision_type=2 2 2 2 2 2 2 2 2 2 2 2 2 2 2 2 2 2 2 2 2 2 2 2 1 2 2 2 2 2
left_child=13 -2 5 4 11 6 7 -3 9 -8 -9 -4 -10 -1 -15 24 17 19 20 21 -19 22 -17 -24 -16 26 -21 -20 29 -29
right_child=1 2 3 -5 -6 -7 8 10 12 -11 -12 -13 -14 14 15 16 -18 18 27 25 -22 -23 23 -25 -26 -27 -28 28 -30 -31
leaf_value=-0.0009250329591207391 0.037031894239275324 -0.0098579448325553914 -0.017999419745305011 0.067089992321631778 -0.0057680478052590982 -0.001858550518671403 0.021524385071979193 -0.0075265710612858723 -0.0233056892617097 -0.0086958363843485428 0.022881106396715891 0.024205760841545201 -0.010399672353509576 -5.2384329513771594e-05 -0.00092527804230471689 -0.012614991757264283 -0.018780316930955179 0.00098660519193146117 -0.0026574926175719745 0.032305499579652799 0.02607716816395696 -0.0014802058227296523 -0.0053966978191809407 0.0059634757269433347 0.0065640077698733814 0.019690782050948149 -0.0019009878351723215 -0.0088728253693017966 0.017134933360916121 -0.017229242492787816
leaf_weight=5645.6300474926829 24.648452691733837 72.386380314826965 15.00354517251253 12.485161878168581 158.06292062625289 862.7678981423378 28.407685816287994 35.815850555896759 66.873306095600128 109.72707241773605 70.333382964134216 140.40521453693509 174.70596778392792 355115.35210488737 1194.119194868952 213.88283497095108 34.31337833032012 15861.021759450436 251.2498977035284 41.203992888331413 95.09588086232543 1507.6064339466393 519.551005423069 157.44144278764725 4451.2611542418599 70.454926211386919 263.08981851488352 58.449514389038086 25.884337931871414 70.182110980153084
leaf_count=19658 87 95 38 33 488 4397 35 55 88 147 83 364 230 1212070 3241 261 127 47424 1005 131 312 5936 641 194 11971 200 868 78 38 94
internal_value=-2.20436e-05 -0.0011849 -0.00133383 0.00134174 0.000702513 -0.00194756 -0.0037723 0.00103224 -0.00603132 -0.000876718 0.00606286 0.00407487 -0.00897871 -1.67006e-05 -6.94995e-06 0.000296869 4.93332e-05 7.05724e-05 0.000254162 -0.00101259 0.000330741 -0.00146931 -0.00294411 -0.00172696 0.0011374 0.00191052 0.000561917 -0.00275719 -0.00602103 -0.00806049
internal_weight=387347 1771.62 1746.97 325.957 313.472 1421.02 558.25 178.536 379.714 138.135 106.149 155.409 241.579 385576 379930 24814.8 19169.4 19135.1 16361.9 2773.23 15956.1 2398.48 890.875 676.992 5645.38 374.749 304.294 405.766 154.516 128.632
internal_count=1310389 6140 6053 923 890 5130 733 233 500 182 138 402 318 1304249 1284591 72521 57309 57182 48951 8231 47736 7032 1096 835 15212 1199 999 1215 210 172
cat_boundaries=0 1
cat_threshold=8
is_linear=0
shrinkage=0.05


Tree=175
num_leaves=31
num_cat=0
split_feature=17 16 16 16 16 4 16 4 3 4 16 16 4 16 16 16 10 7 1 16 16 16 16 10 3 16 16 1 16 16
split_gain=1.50255 3.53254 5.33959 4.9918 7.46641 10.8881 4.79026 4.78088 4.744 6.25506 4.62586 7.77003 9.5447 5.61678 6.77621 5.56611 4.60396 5.98758 4.94153 4.65742 4.26865 3.74025 3.70685 3.57992 4.39866 3.18812 7.49084 5.30913 4.50755 5.05824
threshold=0.66764792291798603 0.81441168430396382 0.81327991938713906 0.81680104559265798 0.81728538680709095 2.5000000000000004 0.80898032621629334 2.5000000000000004 1.0000000180025095e-35 1.5000000000000002 0.85076214567902253 0.84649134540172921 1.5000000000000002 0.85943965931063915 0.861421261414552 0.84373940648526213 7.1736726191874567 2.524928003624769 771.50000000000011 0.81354795087357534 0.8470278619941235 0.93504912530908568 0.85672772824506083 6.7976209634028883 1.0000000180025095e-35 0.83426495118380328 0.83561204850757254 1546.5000000000002 0.8423321668866619 0.84173501861878353
decision_type=2 2 2 2 2 2 2 2 2 2 2 2 2 2 2 2 2 2 2 2 2 2 2 2 2 2 2 2 2 2
left_child=1 2 6 -3 5 -5 -1 10 9 -4 11 15 -13 -12 -15 25 17 -10 19 -19 -14 -16 -9 24 -24 -6 27 -27 29 -28
right_child=-2 3 8 4 7 -7 -8 22 16 -11 13 12 20 14 21 -17 -18 18 -20 -21 -22 -23 23 -25 -26 26 28 -29 -30 -31
leaf_value=-0.00097336879631970685 0.00013077950102102776 0.0049367298338498962 -0.017453877296473193 -0.0067894906439729952 0.0012684552031567626 0.0081013839757802519 0.0024428924060306114 0.00024907240540721076 -0.0015341061805318372 -0.0014052679324923268 0.0064106181531433191 0.03632874742193197 -0.0031359911512786618 -0.0043481110670426674 0.0038735740927345833 0.011515196432422882 -0.0040136167625917834 0.0019771265619957603 -0.00074592171514300534 -0.0033798967769771205 -0.00059499085667611979 -0.0059622028704043152 -0.0096110202321090191 -0.0028204128060027702 0.00018093173090532046 -0.00078302877250242819 0.0022158938109105688 -0.0071587669300554021 -0.0022481996078691723 0.042800285922983752
leaf_weight=90348.956366546452 238311.79283375293 2576.2005602121353 133.63965183496475 511.11355751752853 6041.8333596587181 280.89177894592285 4255.959771335125 18573.243074536324 889.53640007972717 118.6042965054512 1320.2912563085556 126.81258070468903 1160.8100566864014 435.40916532278061 6128.3556603193283 472.9538801908493 662.30560308694839 365.71827870607376 830.02080339193344 108.18123877048492 764.78052628040314 942.54605656862259 760.4126068353653 3914.2518164515495 5429.5471560359001 735.48718065023422 1186.8998848199844 489.82511842250824 414.06661075353622 84.656283318996429
leaf_count=115125 1120484 3309 168 659 7752 357 5462 23829 1134 149 1705 160 1481 559 7929 611 835 464 1058 139 978 1202 975 5044 7008 935 1540 612 535 106
internal_value=-1.04238e-05 -0.000134359 -0.000311925 0.000197071 8.59936e-05 -0.00472992 -0.000244932 0.000163863 -0.00235114 -0.00892397 0.000750915 8.91121e-05 -0.00269875 0.00161152 0.00108255 0.000696156 -0.00177058 -0.000667418 0.00149026 0.00556385 -0.00357378 0.00145533 -0.000251792 -0.00102251 -0.000274104 0.000416889 -0.000942446 -0.00391737 0.00122009 0.00269554
internal_weight=388375 150063 97712.9 52350.4 49774.2 792.005 94604.9 48982.2 3108.01 252.244 20304.7 11478.1 2052.4 8826.6 7506.31 9425.72 2855.76 2193.46 1303.92 473.9 1925.59 7070.9 28677.5 10104.2 6189.96 8952.77 2910.94 1225.31 1685.62 1271.56
internal_count=1312304 191820 124534 67286 63977 1016 120587 62961 3947 317 26105 14710 2619 11395 9690 12091 3630 2795 1661 603 2459 9131 36856 13027 7983 11480 3728 1547 2181 1646
is_linear=0
shrinkage=0.05


Tree=176
num_leaves=31
num_cat=0
split_feature=17 16 16 16 16 4 3 4 1 16 4 16 16 4 16 16 16 16 7 10 1 16 16 10 3 16 10 3 1 16
split_gain=1.46883 2.8358 5.01778 4.79982 7.39646 10.1534 4.34669 5.72637 4.38087 4.1952 3.95843 4.19784 6.39306 9.57046 5.75618 5.98674 5.13531 4.12746 3.51857 5.40739 3.75262 3.43111 3.37059 3.31719 3.85668 3.27606 3.16206 3.05702 3.03055 3.03511
threshold=0.66764792291798603 0.81441168430396382 0.81327991938713906 0.81680104559265798 0.81728538680709095 2.5000000000000004 1.0000000180025095e-35 1.5000000000000002 326.50000000000006 0.80898032621629334 2.5000000000000004 0.85237436024189284 0.84649134540172921 1.5000000000000002 0.85943965931063915 0.861421261414552 0.84373940648526213 0.8470278619941235 1.0397207708399181 7.1736726191874567 704.50000000000011 0.85672772824506083 0.93504912530908568 7.3777448829540324 1.0000000180025095e-35 0.82805938968709258 6.7186225464380014 1.0000000180025095e-35 1546.5000000000002 0.82922542429719359
decision_type=2 2 2 2 2 2 2 2 2 2 2 2 2 2 2 2 2 2 2 2 2 2 2 2 2 2 2 2 2 2
left_child=1 2 9 -3 5 -5 7 -4 -8 -1 11 12 16 -14 -13 -16 25 26 -10 20 -20 -12 -17 24 -23 -6 27 -15 29 -27
right_child=-2 3 6 4 10 -7 8 -9 18 -11 21 14 13 17 15 22 -18 -19 19 -21 -22 23 -24 -25 -26 28 -28 -29 -30 -31
leaf_value=-0.00092470035650371596 0.00012424052596997638 0.0046898933421574002 -0.016581183431649531 -0.0064500161117743461 0.002067718412475847 0.0076963147769912397 0.0010531508151358099 -0.0013350045358677121 -0.0027949842835834435 0.0023207477857290801 0.00023661878513684954 0.0074418613921999506 0.034512310050835375 -0.018811038906952817 -0.0041307055136905347 0.0036798953880978536 0.010939436610801739 -0.0005652413138423143 0.0010080231885078415 -0.0043247276804645766 -0.0010132721802712942 -0.0094708988934504856 -0.0056640927268841014 -0.0034129942755197875 -9.5272253113801171e-06 -0.0014209731396847198 -0.00583752122675678 -0.00092589353159743546 -0.0028572343707438195 0.000951280708735118
leaf_weight=90348.956366546452 238311.79283375293 2576.2005602121353 133.63965183496475 511.11355751752853 3808.8785401582718 280.89177894592285 168.16334223747253 118.6042965054512 430.10965102910995 4255.959771335125 18573.243074536324 1112.4302558302879 158.35372465848923 68.380299031734467 435.40916532278061 6128.3556603193283 472.9538801908493 941.10038280487061 495.16586607694626 615.63174450397491 1146.691720187664 924.58413076400757 942.54605656862259 2634.8357428908348 6544.7917056679726 682.56688946485519 448.7610005736351 643.6687570810318 1587.6804703474045 2873.6425376534462
leaf_count=115125 1120484 3309 168 659 4894 357 212 149 546 5462 23829 1432 204 89 559 7929 611 1207 631 776 1465 1184 1202 3387 8456 876 574 818 2017 3693
internal_value=-1.29401e-05 -0.000135477 -0.000294571 0.000161475 5.25547e-05 -0.00474075 -0.00227138 -0.00856296 -0.00171566 -0.000229628 0.000130059 0.000664234 4.68249e-05 -0.00234137 0.00150137 0.00100393 0.000619507 -0.00323439 -0.00220552 -0.00141585 8.26067e-05 -0.000248158 0.00135433 -0.000989656 -0.000451586 0.000351265 -0.00522939 -0.00315769 -0.000471773 0.000339138
internal_weight=388375 150063 97712.9 52350.4 49774.2 792.005 3108.01 252.244 2855.76 94604.9 48982.2 20304.7 11686 2260.26 8618.74 7506.31 9425.72 2101.91 2687.6 2257.49 1641.86 28677.5 7070.9 10104.2 7469.38 8952.77 1160.81 712.049 5143.89 3556.21
internal_count=1312304 191820 124534 67286 63977 1016 3947 317 3630 120587 62961 26105 14983 2892 11122 9690 12091 2688 3418 2872 2096 36856 9131 13027 9640 11480 1481 907 6586 4569
is_linear=0
shrinkage=0.05


Tree=177
num_leaves=31
num_cat=0
split_feature=17 4 17 5 10 4 5 0 0 10 7 1 18 8 17 8 1 17 7 8 1 10 17 1 10 6 18 5 7 7
split_gain=1.39571 2.46189 2.4902 2.40919 1.727 2.52516 2.26898 1.66075 1.64758 1.64454 1.56122 2.23429 1.60325 1.53847 2.24225 2.30709 1.86789 2.10786 1.8354 2.49948 1.76271 1.78679 1.61573 1.72129 1.56961 1.52225 1.50446 1.47326 1.62067 1.43235
threshold=0.66764792291798603 2.5000000000000004 0.81311413657290077 0.91597561503675362 6.8164374793755229 2.5000000000000004 0.60355339059327384 28.500000000000004 24.500000000000004 7.9827405244537077 2.3502401828962087 380.50000000000006 1.0791666666666668 3.6242520361853052 0.64867302866654353 4.0517471391904856 618.50000000000011 0.6484252398823479 6.4945096978943484 3.3842466058243152 268.50000000000006 2.3216646650962693 0.65232474344564295 157.50000000000003 0.0040779931159931546 -0.37940952255126015 1.0875000000000001 0.12940952255126045 1.5890269151739729 8.4806329307251342
decision_type=2 2 2 2 2 2 2 2 2 2 2 2 2 2 2 2 2 2 2 2 2 2 2 2 2 2 2 2 2 2
left_child=4 -2 3 9 5 6 8 -6 10 -3 11 -1 -13 18 16 -16 17 -15 20 25 21 22 23 -10 -25 -20 -7 -23 -29 -8
right_child=1 2 -4 -5 7 26 29 -9 13 -11 -12 12 -14 14 15 -17 -18 -19 19 -21 -22 27 -24 24 -26 -27 -28 28 -30 -31
leaf_value=-0.017968728592174119 -0.00019896103447082371 0.0005523634401560396 -0.0019013227719353572 -0.00079098879131844768 -0.0036912293649046151 -0.00037750826050385046 0.0013069674524046921 -0.00075447853873764352 -0.011059260164613539 0.0035367309952585415 -0.00071305253708756002 -0.001648166274322363 -0.0077002364631924393 -0.002471237719113692 0.0032088367736636419 -0.0006260767970490994 0.0068098171178457515 0.00696464681795907 -0.0035913426295669697 -0.024143899743262767 -2.5926536005546621e-05 0.0035428250374443106 0.0036948904843368464 -0.0079748118113318663 0.0015505806067727002 0.011157285959622971 -0.0067299022569018421 -0.0013800681370544606 0.024164485813152906 0.025842489143213618
leaf_weight=31.266032993793488 89805.052193958312 110684.52996166795 7834.9013822674751 15565.417876042426 2071.8985421657562 52892.999186396599 8379.4094383716583 62191.255105085671 56.983226239681244 14421.891419816762 449.90419042110443 151.5063379406929 38.907730400562286 108.38702881336212 490.53187924623489 1149.2640272974968 401.44471597671509 22.786455690860748 43.770532667636871 35.203562080860138 20062.177961945534 641.28701943159103 282.23745226860046 80.326272964477539 131.15477859973907 39.657749831676483 96.814815104007721 49.099835157394409 145.80863326787949 19.228070437908173
leaf_count=41 420970 466954 112894 62266 2648 67522 10707 79580 71 57400 575 205 41 134 630 1483 497 29 55 43 25680 817 370 101 166 50 105 62 184 24
internal_value=-1.44325e-05 6.07828e-05 0.000185754 0.000234074 -0.00013388 1.29163e-05 0.000357632 -0.000329874 0.000113747 0.00030706 -0.00232848 -0.00576286 -0.0037288 0.000182835 0.00145108 0.000535591 0.00426965 -0.000910326 5.50907e-05 -0.00614699 8.93936e-05 0.00181334 -0.000398126 -0.00317502 -0.0010968 -0.00143254 -0.000200526 0.00326976 0.00707663 0.00106651
internal_weight=388375 238312 148507 140672 150063 85800.2 32810.3 64263.2 24411.7 125106 671.584 221.68 190.414 23740.1 2172.41 1639.8 532.618 131.173 21567.7 118.632 21449.1 1386.9 550.702 268.464 211.481 83.4283 52989.8 836.195 194.908 8398.64
internal_count=1312304 1120484 699514 586620 191820 109592 41965 82228 31234 524354 862 287 246 30372 2773 2113 660 163 27599 148 27451 1771 708 338 267 105 67627 1063 246 10731
is_linear=0
shrinkage=0.05


Tree=178
num_leaves=31
num_cat=0
split_feature=6 7 10 17 1 5 0 10 4 0 10 5 17 8 9 1 10 17 17 0 9 0 1 8 1 5 1 17 8 8
split_gain=1.29469 1.47418 1.25528 1.237 1.88008 2.10106 1.49973 1.82845 1.63497 2.51115 1.83396 1.57477 1.46056 1.4206 1.9484 2.31978 1.70889 1.7024 1.48906 1.63937 1.55634 1.41639 1.76519 1.34393 1.86253 1.59536 1.46183 1.45456 1.71981 2.20854
threshold=-0.9159756150367534 8.7226614477352946 6.7576196076432629 0.65813547005910744 4911.5000000000009 0.12940952255126045 123.50000000000001 2.3216646650962693 3.5000000000000004 147.50000000000003 0.013072537315072533 0.91597561503675362 0.65641077446366225 8.6112298167715426 1.8688348091416842 1832.5000000000002 8.4036835615819729 0.65185921791924917 0.64927633572046617 39.500000000000007 2.6735537653587351 71.500000000000014 711.50000000000011 4.5695295849856103 1027.5000000000002 -0.78656609248549292 2135.5000000000005 0.64555464890881631 3.9219243190762363 4.2413008733233104
decision_type=2 2 2 2 2 2 2 2 2 2 2 2 2 2 2 2 2 2 2 2 2 2 2 2 2 2 2 2 2 2
left_child=1 -1 -3 6 -5 -6 12 8 11 10 -10 -8 13 16 -15 17 -2 -16 20 -20 -18 22 -14 25 -25 -9 -26 -27 -29 -30
right_child=3 2 -4 4 5 -7 7 23 9 -11 -12 -13 21 14 15 -17 18 -19 19 -21 -22 -23 -24 24 26 27 -28 28 29 -31
leaf_value=-0.00027505648569943198 -0.00018871373014273663 0.0068064469823937053 -0.0032746031278482468 9.6812115188915637e-05 0.0055349699215086869 -0.0002912569024836831 0.00067287562474740992 -0.0059409902944441879 0.02577252300900152 -0.027033467518764842 0.062014994210433709 0.029044366026224934 0.001128886440691923 -0.048303958214222155 -0.010776717907497469 0.013576195481124601 0.011651530584888648 0.0091403870837447748 0.063451437314771361 0.026289389599116184 -0.0065728571179544783 -0.0032175223752695953 -0.0016380715467629759 -0.0084148832713087374 0.050840696053604355 0.026061856201425856 0.01368914381109216 0.002573312450174137 -0.021730014463294089 0.002145975872624556
leaf_weight=61406.567603074014 69686.956132277846 55.602520350366831 2684.2088631950319 227984.59763682634 7506.0247448384762 5567.5072570741177 224.16842216253281 306.11037760972977 47.075969576835632 16.491067230701447 67.997375667095184 40.497906744480133 2373.2460104227066 24.885900139808655 84.754768013954163 53.454658448696136 133.11082154512405 29.066703855991364 29.466192364692688 261.55941969156265 158.38046276569366 2731.1826506257057 5858.8262701034546 60.553495526313782 92.934088349342346 41.236669301986694 110.88905698060989 678.00782406330109 24.89950168132782 34.84304404258728
leaf_count=204860 88275 224 9143 940411 31503 22354 282 382 59 21 84 50 2692 32 107 68 165 38 39 337 196 3077 6612 76 116 50 136 840 31 44
internal_value=-1.30114e-05 -0.000218253 -0.00135302 2.75943e-05 8.49601e-05 0.000668075 -0.000138672 0.00131138 0.00429769 0.00885314 0.0114682 0.0020332 -0.000169761 -8.62301e-05 -0.0043794 -0.00243747 -7.44898e-05 -0.00647259 0.00262241 0.00515241 9.6462e-05 -0.000706617 -0.000379267 0.000434549 0.00363123 -0.0003443 0.00591869 0.000857518 0.000346709 -0.00778592
internal_weight=388375 64146.4 2739.81 324229 241058 13073.5 83170.6 1745.7 396.231 131.564 115.073 264.666 81424.9 70461.6 192.162 167.276 70269.5 113.821 582.517 291.026 291.491 10963.3 8232.07 1349.47 264.377 1085.1 203.823 778.987 737.75 59.7425
internal_count=1312304 214227 9367 1098077 994268 53857 103809 2171 496 164 143 332 101638 89257 245 213 89012 145 737 376 361 12381 9304 1675 328 1347 252 965 915 75
is_linear=0
shrinkage=0.05


Tree=179
num_leaves=31
num_cat=1
split_feature=17 4 17 5 10 4 18 5 10 6 0 10 10 10 7 4 7 10 0 0 0 6 5 2 6 6 0 5 6 17
split_gain=1.16828 2.23385 2.23948 2.17603 1.6068 2.21317 1.93886 1.81712 1.55272 1.67497 1.51588 1.50002 1.68003 2.69418 2.81839 1.99174 1.88854 1.52204 1.54003 1.42208 1.41184 1.41774 1.48391 1.40628 2.45353 1.45783 1.49043 1.87141 1.46225 1.37293
threshold=0.66764792291798603 2.5000000000000004 0.81311413657290077 0.78656609248549325 6.6358533115328004 2.5000000000000004 1.0875000000000001 -0.25881904510252113 5.5747840338677612 -0.60355339059327384 23.500000000000004 6.3297016685451188 1.7185517325253719 0.017422101145432873 5.4402485097224949 4.5000000000000009 3.0201273556387074 2.4720611056939106 15.500000000000002 140.50000000000003 28.500000000000004 -0.37940952255126015 0.78656609248549325 0 0.98296291314453421 -0.12940952255126037 111.50000000000001 0.78656609248549325 0.60355339059327384 0.65813547005910744
decision_type=2 2 2 2 2 2 2 2 2 2 2 2 2 2 2 2 2 2 2 2 2 2 2 1 2 2 2 2 2 2
left_child=4 -2 3 8 5 7 11 10 -3 -10 -1 12 13 14 15 -7 -14 -18 -19 29 -6 22 -22 24 -13 26 -25 -28 -27 -12
right_child=1 2 -4 -5 20 6 -8 -9 9 -11 19 23 16 -15 -16 -17 17 18 -20 -21 21 -23 -24 25 -26 28 27 -29 -30 -31
leaf_value=-0.0032676119710950166 -0.00019051465767423031 0.00012726771415493831 -0.0018138339872926458 -0.00044350502085742236 -0.003070061406708258 -2.2523459647405544e-05 -0.0064975420871588715 0.00090601123036163848 0.00054424230673891238 0.0022134684843039313 -0.00032510152755621524 0.0053232251711034882 -0.0023080098260185437 0.002405719960222652 0.038166909777978764 -0.0041742878129014385 0.0030480354459622191 0.080326343203940442 -0.00050690311770233557 -0.0057695356245260239 -0.0010579776984421252 -8.8630219004870456e-05 -0.0034162797408576837 -0.000701529469101081 -0.015558672358572596 0.0057256460788179843 -0.004615083260298164 -0.033769039001418144 -0.0014233996512602156 0.00073425856491925873
leaf_weight=314.56295126676559 89805.052193958312 41337.85513291508 7834.9013822674751 26098.013413321227 2237.5941796302795 6241.6709612011909 94.050338625907898 16839.522053718567 36044.194444265217 37191.77626702562 9260.024059176445 1186.7733818292618 9793.9738202095032 5334.6896032691002 27.238986134529114 1827.14595246315 819.10214126110077 8.8746027350425702 19594.808406889439 98.362224936485291 30032.148195326328 34205.955816932023 2753.443422973156 2628.5973680019379 32.336183607578278 1053.5559766292572 74.928805112838745 18.338937163352966 921.04637914896011 4664.565832555294
leaf_count=405 420970 176284 112894 104739 2857 7995 102 21526 146784 158813 11587 1510 12499 6825 36 2327 1046 11 25050 128 38359 43763 3552 3336 42 1332 94 22 1173 6243
internal_value=-1.41203e-05 5.46946e-05 0.000173737 0.00021956 -0.000123404 2.80087e-05 -0.000179295 0.000358191 0.000313415 0.000451704 -5.54965e-05 -0.000165685 -0.00026695 0.000198339 -0.000376507 -0.00043071 -0.000473761 -0.000200026 -0.000288258 2.15051e-05 -0.000300197 -0.000258931 -0.000493877 0.000581486 0.00208698 0.000185851 -0.000564068 -0.00677546 0.00122051 6.3824e-05
internal_weight=388375 238312 148507 140672 150063 80834.2 49657.1 31177 114574 73236 14337.5 49563.1 43647.5 13430.7 8096.06 8068.82 30216.8 20422.8 19603.7 14023 69229.1 66991.5 32785.6 5915.58 1219.11 4696.47 2721.87 93.2677 1974.6 13924.6
internal_count=1312304 1120484 699514 586620 191820 103289 63400 39889 481881 305597 18363 63298 55789 17183 10358 10322 38606 26107 25061 17958 88531 85674 41911 7509 1552 5957 3452 116 2505 17830
cat_boundaries=0 1
cat_threshold=16
is_linear=0
shrinkage=0.05


Tree=180
num_leaves=31
num_cat=0
split_feature=8 16 17 12 17 10 16 1 10 16 5 16 17 1 10 3 6 4 16 1 16 16 9 4 10 16 8 16 8 3
split_gain=1.25907 2.43542 2.88168 2.01861 1.93804 1.25709 1.22433 4.39105 3.69622 2.90667 2.72493 3.85859 2.22057 2.41012 5.46767 6.52114 6.65173 5.06131 7.66073 6.08962 3.92199 2.5542 2.16946 2.12516 1.89031 2.17481 2.90116 2.23127 2.22687 1.97573
threshold=1.0000000180025095e-35 0.67530393782091591 0.68059376891959245 1.0000000180025095e-35 0.64632798978931005 7.5374034531634555 0.76654570564470936 604.50000000000011 5.8317312297695052 0.76952262429808882 -0.25881904510252113 0.76640384685231278 0.79938541510669692 1559.5000000000002 6.8352287666851659 1.0000000180025095e-35 0.60355339059327384 1.5000000000000002 0.87970026051821659 870.50000000000011 0.81810455653768555 0.89781489096933687 4.0689902272260703 2.5000000000000004 8.2691911923319328 0.83375273960117646 6.1409609789068069 0.83596978670169342 2.8029010331479989 1.0000000180025095e-35
decision_type=2 2 2 2 2 2 2 2 2 2 2 2 2 2 2 2 2 2 2 2 2 2 2 2 2 2 2 2 2 2
left_child=1 2 4 -4 -1 -6 7 22 -9 -8 11 -10 13 14 15 -11 17 18 19 -17 -19 -22 -2 -14 25 28 27 -27 -15 -29
right_child=6 -3 3 -5 5 -7 9 8 10 12 -12 -13 23 24 -16 16 -18 20 -20 -21 21 -23 -24 -25 -26 26 -28 29 -30 -31
leaf_value=-0.02238618673895745 -0.0032692029871415674 0.00016443746786153903 0.0018085215293736302 -0.057987343776485893 0.018504347114034283 0.064656031803301178 0.0045968945523991696 -0.0023601783709869097 0.0060316292270122477 -0.0030114906719187155 -0.0011427188035723623 -0.0038070521629099355 -0.00028847600915183762 -0.0014666966714187602 -0.0005302461664700109 0.0018767777236220727 -0.000831927212470543 0.00010329932252339802 -0.0054088339971387067 0.00069406688929394287 0.00089722329958796538 -0.0019442619383049046 -0.01117781027541959 0.0019353739220607847 0.0051177134624866344 -0.0047886965184574283 -0.005169355474975568 -0.0089517465585160667 0.00045111003382726224 -0.00069635556524907938
leaf_weight=128.99342834949493 13354.999920867383 124666.82544955611 1203.0699606239796 43.154943376779556 1118.4295179247856 137.61904919147491 4174.992663025856 10925.586148414761 16999.509124964476 7843.7629714459181 22503.948330182582 2948.715289440006 6790.4414725080132 18505.412812322378 56233.533631980419 2393.014155253768 7752.9576472491026 13238.056021824479 574.82399913668633 1745.8748662918806 16647.656910285354 815.71922409534454 525.71446954086423 11312.228120423853 2304.7424255758524 1483.5742281973362 1753.8617327064276 459.24452576041222 23165.631142228842 15734.701966658235
leaf_count=159 59422 411142 5165 195 1446 177 11263 59366 42990 19509 97445 45259 60283 43357 135074 5668 18561 30849 1379 4229 41704 2141 2333 100763 5181 3488 4415 1140 55724 40761
internal_value=-1.45016e-05 0.000114353 0.00161971 -0.000124684 0.00318927 0.00378864 -7.75439e-05 -0.000261241 -5.52221e-05 -1.35044e-05 0.000155855 0.000581331 -4.23677e-05 -9.82234e-05 4.62583e-05 0.000421097 0.000662074 0.000952473 0.00247795 0.00322914 0.000718261 0.00121029 -0.00105348 0.00048418 -0.000342596 -0.000395617 -0.000832452 -0.000640014 -0.00019192 -0.000469988
internal_weight=387487 127298 2631.27 1246.22 1385.04 1256.05 260189 67258.5 53377.8 192930 42452.2 19948.2 188755 170653 107245 51011.9 43168.1 35415.1 4713.71 4138.89 30701.4 17463.4 13880.7 18102.7 63407.2 61102.4 19431.4 17677.5 41671 16193.9
internal_count=1310588 418284 7142 5360 1782 1623 892304 306815 245060 585489 185694 88249 574226 413180 259114 124040 104531 85970 11276 9897 74694 43845 61755 161046 154066 148885 49804 45389 99081 41901
is_linear=0
shrinkage=0.05


Tree=181
num_leaves=31
num_cat=3
split_feature=7 18 8 8 0 0 10 5 2 16 17 16 8 6 16 4 6 8 0 2 10 0 6 6 7 16 6 2 3 18
split_gain=1.22411 1.13783 1.22316 2.06462 1.45613 2.4783 1.56078 1.40654 1.35119 1.637 1.16288 1.19887 1.34764 1.50054 1.11415 2.98307 0.989689 0.976747 0.974921 1.86631 1.44528 1.34818 1.39798 1.55889 1.25074 1.23995 0.925697 0.924011 1.14487 1.27229
threshold=10.481293953298048 1.029166666666667 8.1059111524599299 8.2423614529731406 58.500000000000007 77.500000000000014 8.3125550392534944 -0.60355339059327362 0 0.80943535476948147 0.64991817661828988 0.72364337447615934 7.9611958338014412 1.0000000180025095e-35 0.58123026540307288 1.5000000000000002 0.60355339059327384 5.2806591939842535 120.50000000000001 1 8.1072308966856976 125.50000000000001 0.91597561503675351 0.78656609248549303 7.8310216048698047 0.76640384685231278 -0.5 2 1.0000000180025095e-35 1.0458333333333336
decision_type=2 2 2 2 2 2 2 2 1 2 2 2 2 2 2 2 2 2 2 1 2 2 2 2 2 2 2 1 2 2
left_child=14 17 8 -4 7 16 26 -5 9 -3 11 -10 13 -13 15 -1 -6 -2 -16 20 -20 -22 23 -23 -21 -24 -7 28 -17 -30
right_child=1 2 3 4 5 6 -8 -9 10 -11 -12 12 -14 -15 18 27 -18 -19 19 24 21 22 25 -25 -26 -27 -28 -29 29 -31
leaf_value=0.036983710855442831 -0.015992217402234717 -0.011718433346499947 0.062847883352349143 -0.022878525387830334 0.0019372011449824763 -0.030577981567040224 0.039292017098102074 -0.0055337457973341888 0.042204316732928841 0.033387762321806826 -0.01679933975538429 -0.013696043764150651 -0.032173329082730816 0.025852877714642165 -4.8867621045212142e-05 0.00032698351242788082 0.10383742278651611 -0.0007871955258913683 0.0028113390637116986 -0.00077849178647615154 0.041314513923447406 0.014012949686359766 -0.083135245660767451 0.062077288151690273 -0.0091014846396477393 0.00084489125418116826 -0.0073472925992800449 0.0094859969537091308 -0.023951273401590135 -0.071036363623568702
leaf_weight=258.73867014795542 41.611411605030298 65.269561350345612 50.939215883612633 27.435616493225098 60.871321082115173 22.635424099862576 16.385614514350891 43.579814001917839 15.636796295642851 28.294122397899628 135.82725229859352 48.788041651248932 20.080512166023254 41.819270551204681 375334.08350763097 167.21999952942133 17.771199703216553 1598.8377960845828 5487.4663274250925 2576.0308621041477 99.031200729310513 239.33468537032604 14.720591872930529 19.146758880466223 115.82431579381227 17.128892865031958 20.479997992515564 801.6815025433898 72.529318556189537 27.596547782421112
leaf_count=826 208 78 62 33 73 28 20 54 20 34 158 61 25 52 1270907 545 21 6938 17553 8291 280 662 29 49 414 60 24 2748 303 32
internal_value=-1.70917e-05 -0.00117832 -0.00301093 -0.000404959 -0.00260337 0.000387809 -0.00731143 -0.008422 -0.0049164 0.000524861 -0.0066257 -0.00342534 -0.00525611 -0.00265887 -1.02905e-05 0.00143559 0.00621306 -0.00049037 -1.52912e-05 0.000512055 0.00101047 0.00395583 0.0022375 0.0034554 -0.000577694 -0.00764662 -0.0123036 0.000269643 -0.00222764 -0.00653942
internal_weight=387487 2256.26 615.814 260.098 209.159 138.144 59.501 71.0154 355.716 93.5637 262.152 126.325 110.688 90.6073 385231 1327.77 78.6425 1640.45 383903 8568.68 5876.83 389.362 290.331 258.481 2691.86 31.8495 43.1154 1069.03 267.346 100.126
internal_count=1310588 7889 743 315 253 166 72 87 428 112 316 158 138 113 1302699 4454 94 7146 1298245 27338 18633 1080 800 711 8705 89 52 3628 880 335
cat_boundaries=0 1 2 3
cat_threshold=16 19 4
is_linear=0
shrinkage=0.05


Tree=182
num_leaves=31
num_cat=1
split_feature=8 7 7 7 1 16 7 7 10 7 7 4 16 16 10 10 2 1 6 16 16 17 10 3 4 16 17 7 16 17
split_gain=1.17613 3.09552 2.43169 5.14325 4.24236 3.72241 2.34975 3.33971 2.99077 2.28403 5.29153 2.2308 4.1192 3.8814 2.1878 2.04223 2.22634 1.94323 1.72416 1.64066 1.60549 1.59083 1.57858 2.59527 2.11909 2.11781 1.68343 1.63944 2.41112 1.56291
threshold=1.0000000180025095e-35 2.6735537653587351 2.3502401828962087 1.5890269151739729 5277.5000000000009 0.77481306712307374 3.7012257604091228 2.524928003624769 0.1970491786496901 2.9174053685313028 3.1132683346437333 2.5000000000000004 0.8423321668866619 0.87606775566422657 1.7185517325253719 5.2128942736536876 0 490.50000000000006 0.78656609248549303 0.76147646873488994 0.92481023624323644 0.66656010559132584 5.751176346912966 1.0000000180025095e-35 1.5000000000000002 0.83813577384133187 0.66536933010598343 2.1383330595080281 0.66451488603447284 0.64632798978931005
decision_type=2 2 2 2 2 2 2 2 2 2 2 2 2 2 2 2 1 2 2 2 2 2 2 2 2 2 2 2 2 2
left_child=2 19 3 -1 5 6 7 17 -8 14 -11 13 18 -7 -9 16 -12 -4 -13 -2 -14 -18 23 29 -25 27 -27 28 -26 -5
right_child=1 -3 4 22 -6 11 8 9 -10 10 15 12 20 -15 -16 -17 21 -19 -20 -21 -22 -23 -24 24 25 26 -28 -29 -30 -31
leaf_value=0.00013951565651157961 -0.019856357312741942 -0.00011269538780266515 -0.00027485956892066011 -0.018206634477608535 0.0096316600960356883 -0.00099690724986450929 0.048287745327049242 -0.0063861715369879892 0.010204093918437485 0.013822048180123498 0.0034662785633230333 0.0013424950940267744 -0.0012082515457829625 0.0042345029977947091 -0.00086854768494625543 0.0031291827925272134 -0.015179078259300205 0.012132628211103192 0.0070843363276569156 -0.0013498860689961701 0.016582403217524723 -0.0049961067278886107 -0.0035225297332160039 0.0010270870873080324 -0.064165578060019587 0.0036049040721975248 -0.00015338774159511933 8.0237502189649265e-05 -0.0031300372308073589 -0.0082715091336960089
leaf_weight=56704.198004882783 293.33861427754164 258399.61258887127 1190.5735794380307 30.019167423248291 2977.818161919713 14194.713654071093 319.80027012899518 1026.8870462700725 3118.1290789470077 2271.1312617696822 555.65583194047213 14082.29952301085 7074.3659313172102 2526.5752545371652 2667.3820472806692 1864.7209194451571 402.11859500408173 4221.0120220035315 2040.5636100694537 1495.7525972314179 138.75900486111641 597.84249810129404 3253.9398869387805 774.99965865164995 26.343693345785141 378.96346437931061 867.74534042924643 1117.5563817545772 1870.8240818455815 1003.1543792560697
leaf_count=184979 687 886278 4365 37 9904 41588 1434 4667 13140 8925 2441 41529 22468 7974 10513 7133 506 16018 5997 5339 593 3948 10095 2604 71 481 3451 3688 6434 3301
internal_value=-1.63081e-05 -7.72388e-05 0.00010823 -0.000102281 0.000335087 0.000241051 0.00083324 0.000559662 0.00201076 -1.07135e-05 0.00061769 -2.85306e-05 0.00028732 -0.000469327 -0.000978845 -0.000624635 -0.00196229 0.00154891 0.000731648 -0.00214987 -0.000705848 -0.00335353 -0.00119057 -0.000714204 -0.000245923 -0.000683301 0.00105001 -0.00140009 -0.002295 -0.00299694
internal_weight=387487 260189 127298 66027.7 61270.3 58292.5 18235.3 14797.3 3437.93 9385.74 5691.47 40057.3 23336 16721.3 3694.27 3420.34 1555.62 5411.59 16122.9 1789.09 7213.12 999.961 9323.55 6069.61 5036.43 4261.43 1246.71 3014.72 1897.17 1033.17
internal_count=1310588 892304 418284 215141 203143 193239 73090 58516 14574 38133 22953 120149 70587 49562 15180 14028 6895 20383 47526 6026 23061 4454 30162 20067 16729 14125 3932 10193 6505 3338
cat_boundaries=0 1
cat_threshold=18
is_linear=0
shrinkage=0.05


Tree=183
num_leaves=31
num_cat=0
split_feature=8 16 17 13 17 16 1 16 0 9 1 17 1 6 17 18 16 16 3 0 1 16 16 18 4 0 6 4 17 16
split_gain=1.03764 2.15947 2.73593 1.9292 1.84512 1.1976 4.00656 2.63701 2.56397 2.19445 2.08792 2.01302 2.22155 3.51625 3.44874 3.42792 2.55238 3.16053 2.90631 2.41942 2.38504 1.87545 2.24389 3.08582 2.04793 1.99861 1.86079 1.83264 1.79685 2.5339
threshold=1.0000000180025095e-35 0.67530393782091591 0.68059376891959245 1.0000000180025095e-35 0.64632798978931005 0.76654570564470936 604.50000000000011 0.76952262429808882 38.500000000000007 4.0689902272260703 6755.5000000000009 0.79907315419673208 1315.5000000000002 0.60355339059327384 0.67112732600106184 1.029166666666667 0.89111819891260613 0.80263627494539491 1.0000000180025095e-35 32.500000000000007 583.50000000000011 0.76640384685231278 0.76386542164760074 1.0791666666666668 1.5000000000000002 53.500000000000007 0.25881904510252057 2.5000000000000004 0.6657714024266651 0.75141500173185249
decision_type=2 2 2 2 2 2 2 2 2 2 2 2 2 2 2 2 2 2 2 2 2 2 2 2 2 2 2 2 2 2
left_child=1 2 4 -4 -1 6 9 -7 -8 -2 21 12 13 15 -15 16 17 -9 -19 -17 -20 22 28 -24 -23 -25 -14 -13 29 -10
right_child=5 -3 3 -5 -6 7 8 11 10 -11 -12 27 26 14 -16 19 -18 18 20 -21 -22 24 23 25 -26 -27 -28 -29 -30 -31
leaf_value=-0.02177463871687917 -0.0030582933581042335 0.00012795846361369906 0.0012103341380353518 -0.055092508989434907 0.022879109103028906 0.004375127975221607 -0.0037753455726790121 -0.0011735009823922893 0.00026147937275909915 -0.010610841611206215 0.0097359563044011176 -0.00025193791653386062 -0.00093634028833444185 -0.0018819020758284539 0.0001029745846436947 0.0023291254830941342 -0.0022789189181606053 -0.002327101872621873 0.00080632295848643708 0.00068627589236467258 0.00027800351452003105 0.0026408558090766868 0.0090347653081997888 -0.018370251529797401 -0.0029753746735222035 -0.0019918987400823875 0.00030159909561520152 0.0017802764226296564 0.002773151059789947 -0.0047223660473404427
leaf_weight=128.99342834949493 13354.999920867383 124666.82544955611 1203.0699606239796 43.154943376779556 1256.0485671162605 4174.992663025856 6801.3664158284664 15081.739970549941 12540.419361054897 525.71446954086423 2141.0826141014695 6996.7188930436969 55183.956999242306 7329.3054348826408 9216.9628810584545 1801.1518049836159 3625.5616243928671 5742.2067264467478 7430.6416043192148 20395.943377435207 21933.141242474318 653.97212693840265 1989.9353532940149 70.216286659240723 6388.0138502903283 178.87444335222244 22364.500235810876 11653.407059304416 18095.426507681608 4518.4519338011742
leaf_count=159 59422 411142 5165 195 1623 11263 33091 42898 15692 2333 8759 61353 134137 9498 29931 2153 11079 16990 21583 24349 64353 10247 5548 74 98252 188 53383 102519 67553 5656
internal_value=-1.62093e-05 0.000100767 0.00151827 -0.00018143 0.00304763 -7.34404e-05 -0.000255121 -1.01039e-05 -5.83283e-05 -0.00101188 7.40941e-05 -3.75958e-05 -9.1662e-05 7.3733e-05 -0.000586796 0.00021752 1.86841e-06 9.44205e-05 0.000354488 0.000740332 0.000555668 6.09495e-07 0.000141574 0.00167631 -0.000747919 -0.00357015 -0.000289066 0.000455535 4.38245e-05 -0.000324343
internal_weight=387487 127298 2631.27 1246.22 1385.04 260189 67258.5 192930 53377.8 13880.7 46576.4 188755 170105 92556.7 16546.3 76010.4 53813.3 50187.7 35106 22197.1 29363.8 44435.3 37393.3 2239.03 7041.99 249.091 77548.5 18650.1 35154.3 17058.9
internal_count=1310588 418284 7142 5360 1782 892304 306815 585489 245060 61755 211969 574226 410354 222834 39429 183405 156903 145824 102926 26502 85936 203210 94711 5810 108499 262 187520 163872 88901 21348
is_linear=0
shrinkage=0.05


Tree=184
num_leaves=31
num_cat=2
split_feature=11 16 10 10 10 16 17 16 16 5 16 17 17 2 17 16 16 5 2 16 18 5 16 10 0 6 17 10 18 16
split_gain=0.949491 1.50158 1.38675 2.21979 3.02092 2.60389 2.40811 1.86575 1.68536 1.65057 1.43134 1.38119 1.9933 1.37662 1.93091 1.23363 1.3914 1.23248 1.18992 1.98749 2.14903 1.40726 1.35109 2.49642 2.17076 1.29542 2.54907 1.25996 1.16847 1.64648
threshold=1.0000000180025095e-35 0.6500768209777964 6.1848857164332625 0.1970491786496901 0.015776001442497901 0.74201131889676508 0.66164817016019506 0.89781489096933687 0.83375273960117646 0.60355339059327384 0.715355920334797 0.75945140584483528 0.64725493382190846 0 0.65933186473910388 0.77844195728709664 0.79060468980597221 -0.9159756150367534 1 0.97182285662211954 1.0375000000000003 0.78656609248549325 0.76386542164760074 0.0040779931159931546 126.50000000000001 -0.9159756150367534 0.79273943809408642 0.0089048174978050443 1.0708333333333335 0.715355920334797
decision_type=2 2 2 2 2 2 2 2 2 2 2 2 2 1 2 2 2 2 1 2 2 2 2 2 2 2 2 2 2 2
left_child=-1 11 3 4 18 6 -6 8 9 -4 17 12 -2 -7 15 -15 -17 -8 19 20 -3 28 23 24 25 26 -20 -23 -22 -30
right_child=1 2 7 -5 5 13 10 -9 -10 -11 -12 -13 -14 14 -16 16 -18 -19 22 -21 21 27 -24 -25 -26 -27 -28 -29 29 -31
leaf_value=-7.9421584361155653e-05 -0.021429825093606983 4.9448689945455482e-05 0.0084581320128065181 -0.00098402644334552049 0.04943266965100046 0.0068647400340575097 0.049834864052824758 0.031546023732605087 -0.0019033308812414246 -0.0011295425522953651 0.038764087160526109 -0.0010843328266779918 0.038114643778130564 0.022435014855262836 -0.0024274978516890173 -0.016153455084772891 0.0062128540821864255 -0.030818722900719742 -0.02067470017267788 0.13636114817995901 0.00029855546141356604 0.016873978848932335 4.3462126159182769e-05 0.00077334714489908369 0.057296510518101307 -0.0077410202851960824 0.0035700885247146653 -0.0090587890684754677 0.12945141117248546 0.003237971177790211
leaf_weight=344623.91449011862 41.287506818771362 3989.4694657921791 3904.9595474004745 13349.502338867635 208.45057439804077 2484.0049373283982 23.567883461713791 206.7293847873807 1344.6188372373581 1469.3347124569118 156.40013372153044 247.33195281773806 282.84241271018982 80.838533163070679 883.92819227278233 33.488805770874023 204.04383307695389 100.49504535645247 84.892120599746704 47.899306736886501 628.58082964271307 234.2359754294157 10385.054130315781 1190.3665446639061 16.984634630382061 808.92036011815071 48.107341758906841 42.494447350502014 19.903279781341553 344.14859081804752
leaf_count=1170592 51 15991 12210 42331 263 8341 67 720 4140 4644 483 1153 383 101 3572 42 257 322 140 168 769 280 37893 2873 38 2099 220 49 21 375
internal_value=-1.63983e-05 0.000205533 0.000171132 4.44306e-05 0.000352888 0.00156359 0.00499223 0.000818133 0.000674181 0.00107028 0.00196702 0.0027514 0.00489866 0.00110885 -0.000284167 0.00305224 0.00123654 -0.0020435 6.95553e-05 0.000696358 0.000605322 0.00239721 -0.000196217 -0.00133746 -0.00323607 -0.00355553 -0.00812848 0.00555026 0.00151819 0.00377234
internal_weight=387487 42862.9 42291.4 35365.8 22016.3 4175.22 488.914 6925.64 6718.91 5374.29 280.463 571.462 324.13 3686.3 1202.3 318.371 237.533 124.063 17841.1 5306.73 5258.83 1269.36 12534.3 2149.27 958.904 941.92 132.999 276.73 992.633 364.052
internal_count=1310588 139996 138409 116695 74364 13448 1135 21714 20994 16854 872 1587 434 12313 3972 400 299 389 60916 17653 17485 1494 43263 5370 2497 2459 360 329 1165 396
cat_boundaries=0 1 2
cat_threshold=19 4
is_linear=0
shrinkage=0.05


Tree=185
num_leaves=31
num_cat=0
split_feature=1 16 3 16 16 16 5 16 3 1 16 16 1 16 16 17 18 5 6 1 1 6 17 18 16 17 17 0 16 16
split_gain=1.19698 3.01639 3.06971 1.76917 1.48987 4.56972 3.3255 3.33183 2.93709 4.06316 2.72466 3.97268 2.7239 2.49647 4.42311 2.51686 2.37229 2.30076 2.08752 2.27383 1.93333 2.31547 2.54781 1.96717 1.94765 1.87011 2.59796 2.72925 2.01437 2.30591
threshold=420.50000000000006 0.78892696523979611 1.0000000180025095e-35 0.66451488603447284 0.83375273960117646 0.83626252219812136 0.60355339059327384 0.83985402250262131 1.0000000180025095e-35 808.50000000000011 0.81810455653768555 0.82055312402580527 2607.5000000000005 0.82626392889630418 0.82416620690332965 0.73245799793552135 1.0541666666666669 -0.78656609248549292 0.1294095225512602 2539.5000000000005 2643.5000000000005 -0.9159756150367534 0.66237379509048522 1.0458333333333336 0.82458796640878562 0.66164817016019506 0.64867302866654353 131.50000000000003 0.8470278619941235 0.84649134540172921
decision_type=2 2 2 2 2 2 2 2 2 2 2 2 2 2 2 2 2 2 2 2 2 2 2 2 2 2 2 2 2 2
left_child=1 2 -1 -4 8 12 7 -7 9 -2 16 -12 -6 14 -13 -15 17 -10 -18 -20 21 22 -16 -22 -23 26 -8 28 29 -28
right_child=4 -3 3 -5 5 6 25 -9 10 -11 11 13 -14 15 20 -17 18 -19 19 -21 23 24 -24 -25 -26 -27 27 -29 -30 -31
leaf_value=-0.0013635124222862284 0.00063621180070662093 9.1458331895955683e-05 -0.037784376416397619 -0.0026636127863655353 -0.00092811525396497294 0.0016145355534672862 -0.00038976700030516346 -0.00045568143703765416 0.00097183214330889562 0.0081864893182760131 0.0030676220886537986 0.00047276610834994518 -0.0062264546626489836 0.0019729621766322483 0.0095808446209116327 0.00018342334741001666 -0.0016805537362398039 -0.00022166664966554174 -0.00066639804343793241 0.0063953926884554929 -0.0050545061790045259 -0.0038739560284003216 -3.8337352834123127e-05 -0.012896954500982563 -0.00081280485239907112 0.00032690769569867774 0.0014460620402773239 0.030658057509709253 0.0038922552563455462 -0.0044025435425757596
leaf_weight=12374.450404331088 16383.266472160816 25021.365808002651 279.60791436582804 5930.1086427383125 5695.8183367475867 5175.5066740214825 1482.3516378998756 58805.015707738698 38911.891911521554 9657.7479363046587 5759.172956161201 9437.3192085027695 1358.6289439275861 6234.858283996582 206.93594455718994 8541.3029569238424 19102.58216290921 122319.72715424374 7189.6524329632521 2460.0793393179774 905.43307568132877 788.82747352868319 609.39245506376028 276.79543602466583 3433.1505631953478 15915.328375086188 617.32209843397141 37.624571740627289 2191.0553928613663 142.06421786546707
leaf_count=43775 55820 76169 777 24748 18608 16848 1826 190809 155861 33226 17935 28141 4105 8542 259 38514 21275 478130 8040 2740 3317 2933 2385 320 10966 60133 777 47 2761 179
internal_value=-2.05195e-05 -0.000267295 -0.000749827 -0.00165697 1.07947e-05 -0.000162131 -5.99098e-05 -0.000237106 7.34744e-05 0.000576321 1.55789e-05 0.000413179 -0.00138462 0.000185303 -0.000254611 0.000651468 -6.01666e-05 1.44451e-05 -0.000478559 0.000120868 -0.0012897 -0.000862712 0.00157495 -0.0031094 -0.00133404 0.000496218 0.00139981 0.00224878 0.00207814 -0.000141031
internal_weight=387244 43605.5 18584.2 6209.72 343639 91420.7 84366.3 63980.5 252218 26041 226177 36193.2 7054.45 30434 15657.9 14776.2 189984 161232 28752.3 9649.73 6220.53 5038.31 816.328 1182.23 4221.98 20385.7 4470.42 2988.07 2950.44 759.386
internal_count=1309966 145469 69300 25525 1164497 296093 273380 207657 868404 89046 779358 113312 22713 95377 48321 47056 666046 633991 32055 10780 20180 16543 2644 3637 13899 65723 5590 3764 3717 956
is_linear=0
shrinkage=0.05


Tree=186
num_leaves=31
num_cat=0
split_feature=1 9 16 4 7 7 7 0 10 10 16 7 6 4 10 4 6 16 16 10 1 3 16 6 16 5 7 10 7 7
split_gain=1.14438 1.40744 1.27971 0.964179 0.883381 2.21747 1.70753 1.83398 1.94912 1.64756 2.14431 2.02123 1.95683 1.90896 1.55645 1.49586 1.83384 1.63046 1.46833 1.46438 3.43339 2.44351 2.14707 1.8068 1.78132 1.37948 1.30435 1.4856 1.29026 1.82397
threshold=157.50000000000003 0.89587973461402759 0.75382425525355401 3.5000000000000004 3.9219243190762363 6.6073254057471518 3.9607678160667752 99.500000000000014 4.9336050502534485 6.5736783256565259 0.91167763378283551 7.0617629995984972 -0.37940952255126015 2.5000000000000004 1.5299586756037027 4.5000000000000009 0.91597561503675351 0.68333810207629286 0.77481306712307374 7.7301819049598004 1905.5000000000002 1.0000000180025095e-35 0.82340483352627902 0.98296291314453421 0.78426879051960718 -0.25881904510252113 4.8242976514536702 8.2031868854386101 1.0397207708399181 2.1383330595080281
decision_type=2 2 2 2 2 2 2 2 2 2 2 2 2 2 2 2 2 2 2 2 2 2 2 2 2 2 2 2 2 2
left_child=1 -1 3 -3 28 6 14 19 -9 10 -7 -12 13 -11 -6 17 -17 25 -19 -8 21 23 -23 -21 -22 -10 27 -20 -2 -30
right_child=4 2 -4 -5 5 9 7 8 15 12 11 -13 -14 -15 -16 16 -18 18 26 20 24 22 -24 -25 -26 -27 -28 -29 29 -31
leaf_value=-0.0013434263705206064 0.00028695095564900688 -0.027289129917589045 -0.0038681084210570372 -0.050908496705278895 0.017271091130816076 0.00095575728988768211 3.064684141074747e-05 -0.0014206941262493557 -0.057365030548721087 -0.0016596265492784257 0.00095108616366812448 -0.027742109691728148 9.1869641434344507e-05 -0.00060837523678937975 0.0022443600584159508 0.009561990863404396 0.036917714029710294 0.011580987264214637 -0.0021004825086215931 0.0068804097074626654 0.014989190695474287 0.00080401160148964594 -0.002140187687140738 0.02918636693882988 0.0029956951530058953 -0.00062926207370812566 0.0026519791133696904 0.10019946255867773 -0.000873010896214356 -0.00016239599684824969
leaf_weight=2907.3778834491968 42108.92974075675 78.738825879991055 268.69140292331576 16.954687498509884 277.81754203885794 5673.3220407888293 106449.41552622989 1341.1186520494521 59.206280574202538 13199.323738861829 47.443856596946716 43.2922183573246 33939.992183327675 19975.698224764317 2608.9019918106496 1360.1165051423013 113.84065236151218 1503.9731010831892 1284.1606721952558 3990.5210384763777 3049.1715119145811 8726.2294668778777 4389.760514318943 93.520866166800261 3669.6257416903973 74.1311030164361 2095.8423990532756 11.82865910977125 20096.784366048872 107788.65309545398
leaf_count=9357 137421 190 1060 46 1016 23179 373746 4769 157 45257 180 179 118567 69046 8883 4488 389 6166 3787 12989 10367 28464 13521 307 10881 187 6312 21 65655 353379
internal_value=-1.94486e-05 -0.000950605 -0.00387991 -0.00884504 -1.15144e-05 5.60825e-05 0.000171761 0.000146624 0.000889137 -0.00016788 0.000643333 -0.00698234 -0.000237549 -0.000510627 0.00137531 0.00124706 0.0026478 0.000836524 0.000985098 0.000101947 0.000455466 8.10602e-05 -0.00025149 0.00114905 0.00141394 -0.00461873 0.0004085 -0.000838393 -9.6601e-05 -0.000175645
internal_weight=387244 3271.76 364.385 95.6935 383973 213978 141099 138212 7844.22 72879.1 5764.06 90.7361 67115 33175 2886.72 6503.1 1473.96 5029.14 4895.8 130368 23918.8 17200 13116 4084.04 6718.8 133.337 3391.83 1295.99 169994 127885
internal_count=1309966 10653 1296 236 1299313 742858 486450 476551 26276 256408 23538 359 232870 114303 9899 21507 4877 16630 16286 450275 76529 55281 41985 13296 21248 344 10120 3808 556455 419034
is_linear=0
shrinkage=0.05


Tree=187
num_leaves=31
num_cat=0
split_feature=1 16 6 18 18 9 10 6 16 5 16 16 16 4 5 1 4 16 3 6 16 4 18 18 9 16 16 6 4 16
split_gain=1.04998 2.13674 1.02982 1.33537 1.40059 0.92573 0.876005 0.789581 0.880606 5.65197 2.48324 5.92634 4.10714 2.96416 2.59541 2.95905 3.51384 2.82653 2.60412 2.6006 2.41991 2.9372 2.34949 2.2943 2.28321 2.17788 2.15276 2.21725 3.62009 2.06796
threshold=176.50000000000003 0.74921355212946705 0.60355339059327384 1.0791666666666668 1.0125000000000002 0.89587973461402759 5.5109157156972675 -0.78656609248549325 0.83375273960117646 -1.0000000180025095e-35 0.82626392889630418 0.82416620690332965 0.81759950385457481 3.5000000000000004 0.78656609248549325 2182.5000000000005 1.5000000000000002 0.80530725634941192 1.0000000180025095e-35 0.25881904510252057 0.8368590514480303 1.5000000000000002 1.0708333333333335 0.94583333333333341 5.5740515676620417 0.82340483352627902 0.82365261305926685 0.37940952255126048 1.5000000000000002 0.83813577384133187
decision_type=2 2 2 2 2 2 2 2 2 2 2 2 2 2 2 2 2 2 2 2 2 2 2 2 2 2 2 2 2 2
left_child=1 2 5 4 6 -1 -4 -2 10 -10 11 12 14 -13 15 18 17 -17 24 -16 -11 29 23 -20 -9 -14 27 -27 -29 -22
right_child=7 -3 3 -5 -6 -7 -8 8 9 20 -12 13 25 -15 19 16 -18 -19 22 -21 21 -23 -24 -25 -26 26 -28 28 -30 -31
leaf_value=-0.014073218058046311 -0.00020419170471407957 -0.00047204884860870547 0.043893251521265643 0.043576637387340328 -0.031820151284801389 -0.031243978004925468 -0.0069325378737110427 0.0030440680614830743 -0.00062699291421008387 -0.0012172483582211402 0.0013356416605878581 -0.0019422030825324268 0.0023957156251069953 0.0012059944742030442 -0.0013543552170046298 -0.00010213657975582935 0.0034227456089990674 -0.0062184653402256682 -0.0016949024403637991 0.00074019109351920471 -0.0027558490462604433 0.00047916288021376818 -0.0018641314168544199 0.00014272794772602905 -0.032453698626661608 -8.3605939511776506e-05 0.0020661330206482253 -0.0026928321929783092 0.0065281223539471302 0.0071766392492001287
leaf_weight=708.27181847393513 106398.85601325333 3939.3966513052583 32.55341387540102 17.158723711967468 49.181745991110802 105.84586485475302 41.472158841788769 18867.481640033424 41925.64664003253 2872.8683020696044 12849.219430923462 3992.473278015852 11729.430294156075 1308.6785272657871 29906.524892117828 1474.2718764580786 30203.782914955169 715.33736538141966 7819.2373875454068 12747.566139806062 151.62209022045135 26162.03223016113 7833.4316623061895 59752.886383440346 78.460145264863968 848.04189117252827 986.82748675346375 352.51369260251522 144.05700819194317 3229.2568196356297
leaf_count=1718 356806 13563 111 18 73 267 146 65268 136413 9250 40871 13208 36695 4101 102427 5697 105085 1615 103989 44571 548 84895 8556 157736 259 2034 2859 731 423 10033
internal_value=-1.86967e-05 -0.000746428 -0.00286894 0.00108635 -0.000733615 -0.00355089 0.00361167 -9.38216e-06 3.52337e-05 -0.000111857 8.94717e-05 4.36886e-05 9.13121e-05 -0.00160445 2.31537e-05 0.000136689 0.000549002 -0.0013851 -4.86876e-06 -0.000314213 0.000383954 0.000518671 -0.000136537 -4.15104e-05 0.000519178 0.000912454 -0.000483295 -0.0017849 -0.00443826 0.00190553
internal_weight=387244 4893.88 954.484 140.366 123.207 814.118 74.0256 382351 275952 74341.4 201610 188761 183460 5301.15 169399 126745 32393.4 2189.61 94351.5 42654.1 32415.8 29542.9 75405.6 67572.1 18945.9 14060.9 2331.44 1344.61 496.571 3380.88
internal_count=1309966 15896 2333 348 330 1985 257 1294070 937264 241139 696125 655254 637945 17309 595203 448205 112397 7312 335808 146998 104726 95476 270281 261725 65527 42742 6047 3188 1154 10581
is_linear=0
shrinkage=0.05


Tree=188
num_leaves=31
num_cat=0
split_feature=1 9 17 10 17 9 9 1 9 4 10 9 0 17 7 1 17 6 17 7 7 1 10 0 1 4 10 10 1 10
split_gain=1.00995 1.2914 1.47217 1.88127 1.39328 1.43933 0.775064 2.11023 1.51432 1.43641 1.34255 1.20942 1.0842 1.20877 1.05385 1.04256 1.41145 1.42553 1.389 0.943531 1.89404 1.57219 1.50081 2.25093 1.60045 1.42392 1.51987 1.51429 1.42058 4.57852
threshold=157.50000000000003 0.89587973461402759 0.65130300798649621 7.6762034755851571 0.65130300798649621 1.8688348091416842 6.0246567833931746 2678.5000000000005 5.1328485759866682 4.5000000000000009 8.1533614626534874 5.3589392201907193 77.500000000000014 0.65721354409355948 10.791892978568784 1733.5000000000002 0.64675799809678969 -0.70710678118654757 0.65980955961161136 6.6073254057471518 3.9219243190762363 13074.000000000002 4.7959920073102493 99.500000000000014 4911.5000000000009 1.5000000000000002 6.3066735611883358 8.1650461647328445 2360.5000000000005 0.65675555764692939
decision_type=2 2 2 2 2 2 2 2 2 2 2 2 2 2 2 2 2 2 2 2 2 2 2 2 2 2 2 2 2 2
left_child=1 2 3 -1 5 -3 8 10 19 11 -8 14 -9 -14 -10 16 17 -13 -17 20 -2 22 28 -24 -25 26 -21 -27 -22 -30
right_child=6 4 -4 -5 -6 -7 7 12 9 -11 -12 15 13 -15 -16 18 -18 -19 -20 25 21 -23 23 24 -26 27 -28 -29 29 -31
leaf_value=-0.0089013332562417613 -0.0001504425244893984 -0.018368755165094681 -8.9062626189750926e-05 0.024320094558087826 -0.0096374639075102915 0.022744805518143792 -0.0012712304434465416 0.0079047090367625594 0.0087457524375407891 0.016942985706909143 -0.0069383020103569283 -0.0065023023441591506 0.066535592783482964 0.017160197553910652 -0.007728734697886111 -0.018658842898471497 0.00070991088051790556 0.05729793249166 -0.001307124078920341 0.0012840071885292079 -2.6602959810617666e-05 0.011653012454414413 0.00034140863321920902 0.0025576385331557931 0.021801808967910331 -0.00054932596528300265 -0.0014642173797860343 0.0011418892154719696 0.0088114099151222602 -0.003469839504390471
leaf_weight=411.61024886369705 169906.47625448927 18.913749754428864 2443.6940615326166 52.073573052883148 318.40598350390792 27.065183043479919 979.22891693562269 259.68132034316659 490.72607490792871 351.0184429474175 542.56400045007467 17.022455215454102 21.005529522895813 62.73898296430707 31.117939934134483 111.02716964483261 918.83597218617797 23.564421415328979 323.27880935743451 460.95624767243862 17639.032356396317 1056.994075614959 111011.93022888899 6047.1800521537662 574.76152874529362 45626.491571836174 8451.4613400362432 14359.397486191243 659.54283821210265 4046.5876730047166
leaf_count=515 556127 24 8777 65 1238 34 3786 892 1749 1193 1690 21 27 280 142 140 3225 29 1378 1871 64668 3590 378710 20082 1860 169107 28868 42539 2564 14775
internal_value=-1.96889e-05 -0.000894445 -0.000542771 -0.00312569 -0.0037004 0.00443578 -1.22353e-05 -0.00102899 -7.27211e-06 0.00128128 -0.00182792 0.000742464 0.00251124 0.00745834 0.00279565 -2.62941e-05 0.000893784 0.0100186 -0.00205883 -1.49612e-05 2.21335e-05 0.000157579 0.000143073 0.000214428 0.00110995 -0.000182372 -0.000772078 -9.47561e-05 -0.00023257 -0.00100439
internal_weight=387244 3271.76 2907.38 463.684 364.385 45.9789 383973 1865.22 382107 2266.59 1521.79 1915.57 343.426 83.7445 521.844 1393.73 959.423 40.5869 434.306 379841 310943 141036 139979 117634 6621.94 68898.3 8912.42 59985.9 22345.2 4706.13
internal_count=1309966 10653 9357 580 1296 58 1299313 6675 1292638 7877 5476 6684 1199 307 1891 4793 3275 50 1518 1284761 1042376 486249 482659 400652 21942 242385 30739 211646 82007 17339
is_linear=0
shrinkage=0.05


Tree=189
num_leaves=31
num_cat=0
split_feature=1 16 3 16 9 9 10 5 7 16 7 4 16 10 8 10 8 1 16 16 16 4 16 4 1 3 1 5 16 16
split_gain=0.917851 2.83167 2.56935 1.72484 1.73359 1.53646 2.85373 1.22203 1.53459 1.29074 1.17716 1.16335 1.93562 2.04172 1.63362 1.76925 1.5553 1.26139 1.15669 1.14925 4.19994 4.02277 4.25113 2.96311 2.85458 2.54181 3.66392 2.25881 2.91002 2.07921
threshold=420.50000000000006 0.78892696523979611 1.0000000180025095e-35 0.66451488603447284 4.0163424379838117 1.2424533248940002 8.2897175009295605 0.78656609248549325 4.3107766033702406 0.6262678782415706 3.5408542930527882 1.5000000000000002 0.75883232982744986 7.2696029113363272 0.89587973461402759 1.0000000180025095e-35 1.0000000180025095e-35 246.50000000000003 0.7320314144775445 0.83375273960117646 0.83626252219812136 3.5000000000000004 0.86985364382818464 3.5000000000000004 2607.5000000000005 1.0000000180025095e-35 893.50000000000011 0.60355339059327384 0.83985402250262131 0.81810455653768555
decision_type=2 2 2 2 2 2 2 2 2 2 2 2 2 2 2 2 2 2 2 2 2 2 2 2 2 2 2 2 2 2
left_child=1 2 5 -4 11 6 7 9 10 -1 -9 12 -5 14 15 -14 -15 -16 -6 25 23 27 -23 24 -21 26 -2 28 -22 -27
right_child=19 -3 3 4 18 -7 -8 8 -10 -11 -12 -13 13 16 17 -17 -18 -19 -20 20 21 22 -24 -25 -26 29 -28 -29 -30 -31
leaf_value=0.026778337886552286 0.00084233880801187766 0.00011189983040183483 -0.035920896766695534 -0.0081765088190131237 -0.03514218474152369 -0.010383562659149109 0.072842091896247976 -0.0045364887015345249 0.0039637226758582889 8.7176402927410804e-05 -0.014292907459958615 -0.0039788274168042204 0.0033735319479084973 -0.013402718162896846 0.0057903490168356173 9.2417199052131921e-05 -0.0020147236584550587 0.0021396479027727851 -0.0058201131376992817 -0.0012154840841784116 0.0020851042062830813 -0.00018331721743353735 -0.0016411612631111296 0.00086786313210495129 -0.0073374951312994985 -0.00012756439616786741 0.0088123891191816961 0.00098651186256697317 -0.0001346564847300169 0.00050665369545019323
leaf_weight=239.14079254120588 18223.833020217717 25021.365808002651 279.60791436582804 410.03537809848785 42.465921670198441 1353.2857555113733 76.392961941659451 1452.432531055063 642.32086035236716 8287.6862709522247 323.19123197719455 4626.422917932272 18.559282314032316 18.332350589334965 39.433284610509872 299.47209488600492 158.51603686064482 169.23812205344439 147.63325372338295 4347.1561375632882 3454.6178539320827 17037.723891243339 8374.3313783332705 1735.6364937275648 971.65464938431978 189983.93300095573 7817.1813882477582 14291.566546499729 41208.029005639255 36193.188353635371
leaf_count=704 62209 76169 777 1059 113 5057 200 4827 2429 29368 1190 19094 118 87 240 1494 879 980 684 14265 11204 54428 29235 5652 2796 666046 26837 45680 132833 113312
internal_value=-1.91805e-05 -0.000235275 -0.0007028 -0.00153272 -0.00135178 -0.00028633 -9.1099e-05 -0.000158317 -0.00115047 0.000123026 -0.00190808 -0.0011962 0.000254675 0.00184608 0.00340685 0.00115126 -0.00280231 0.00684454 -0.00604939 8.24045e-06 -0.000143636 -4.56385e-05 -0.000571518 -0.00131562 -0.001901 6.32908e-05 0.000531078 0.00018104 5.9668e-06 9.43184e-06
internal_weight=387244 43605.5 18584.2 6209.72 5930.11 12374.5 11021.2 10944.8 2417.94 8526.83 1775.62 5740.01 1113.59 703.551 526.703 318.031 176.848 208.671 190.099 343639 91420.7 84366.3 25412.1 7054.45 5318.81 252218 26041 58954.2 44662.6 226177
internal_count=1309966 145469 69300 25525 24748 43775 38718 38518 8446 30072 6017 23951 4857 3798 2832 1612 966 1220 797 1164497 296093 273380 83663 22713 17061 868404 89046 189717 144037 779358
is_linear=0
shrinkage=0.05


Tree=190
num_leaves=31
num_cat=0
split_feature=8 16 0 1 5 18 16 16 16 7 16 17 10 6 7 0 17 16 16 4 16 17 7 16 16 10 8 16 3 7
split_gain=1.14887 1.60146 1.35093 1.24102 1.59256 1.34523 1.33956 1.7078 1.12785 1.04871 1.01842 0.962584 0.850701 1.24652 0.92762 0.80335 0.77149 2.11549 8.93264 7.30753 3.4323 2.7578 2.38687 3.04511 3.11763 2.33374 3.23909 2.27449 2.88576 2.33311
threshold=7.9611958338014412 0.76232687082252271 134.50000000000003 459.50000000000006 -0.25881904510252113 1.0625000000000002 0.72594608427542362 0.74696725396252228 0.73897713012189381 10.297790450505167 0.90374560103526036 0.64607191580427192 8.1650461647328445 0.98296291314453421 6.6637708581706061 30.500000000000004 0.66764792291798603 0.86681196525373416 0.86308177560703947 3.5000000000000004 0.87093098878569231 0.64632798978931005 4.9801701820644562 0.93504912530908568 0.87162810712201477 7.004218655558728 5.987706711087152 0.86381481058656318 1.0000000180025095e-35 3.8815106545092593
decision_type=2 2 2 2 2 2 2 2 2 2 2 2 2 2 2 2 2 2 2 2 2 2 2 2 2 2 2 2 2 2
left_child=16 3 10 4 -2 11 9 8 -8 -7 -3 -5 13 14 -13 -14 17 18 -1 20 -19 -20 -22 24 -24 -21 -27 28 -23 -30
right_child=1 2 -4 5 -6 6 7 -9 -10 -11 -12 12 15 -15 -16 -17 -18 19 21 25 22 27 23 -25 -26 26 -28 -29 29 -31
leaf_value=-0.00021222740487318871 -0.033076193075452516 4.2081439819613434e-05 -0.022444016643178522 -0.053444983971143306 -0.00097675580401865303 0.025900044434240876 0.023411808730883357 0.064939411113490317 -0.050032001885943513 0.088538605354329183 -0.010091830904669401 0.087438877768811332 0.096537296572643941 -0.047997455878536543 -0.022478033285540513 -0.0060072334346018778 5.3821532930634076e-05 0.0055038713153671877 -0.0052093792247076241 -0.00055769045503635539 0.0030442447610562057 -0.021090375864691237 -0.0056519433055481298 -0.011807378338557252 0.0011602639735031062 -0.0056844371615290745 0.0053521487724748854 -0.0011465382922944427 -0.00068117888207609451 -0.003408442913798776
leaf_weight=133838.68000956625 51.455318488180637 2444.3185374885798 32.453887831419706 13.857129275798796 48.245710201561451 35.947002708911896 18.369491875171661 30.603015303611755 21.40052193403244 19.372291386127472 93.658059254288673 8.3227575942873937 7.7024139687418929 8.1272692009806615 330.82739396393299 288.37152428179979 235881.10614462942 1005.2453710436821 201.30357646942139 1967.101831138134 5236.8773646950722 83.311408638954163 138.45690679550171 401.33412498235703 2472.5150026082993 891.48791271448135 158.10139852762222 1198.1739930510521 332.19335103034973 446.38886684179306
leaf_count=170922 125 9370 106 17 128 39 20 33 23 21 353 27 23 19 1012 789 1109471 1294 248 2540 6782 108 180 507 3200 1149 203 1563 421 577
internal_value=-3.38677e-05 -0.000941819 -0.000310851 -0.00277941 -0.00803329 -0.00211033 0.00262894 -0.00194753 -0.00878019 0.00845079 -0.00018123 -0.00301673 -0.0027359 -0.00441469 -0.00395096 -0.000766774 -2.57086e-05 -0.000115039 -0.00017173 0.000513726 0.00121036 -0.003288 0.00087422 -0.000247193 0.000376074 -0.00162336 -0.00352722 -0.00274218 -0.00470105 -0.00375465
internal_weight=387705 3453.03 2570.43 882.602 99.701 782.901 125.692 70.373 39.77 55.3193 2537.98 657.208 643.351 347.277 339.15 296.074 384252 148371 136100 12271.1 9254.43 2261.37 8249.18 3012.31 2610.97 3016.69 1049.59 2060.07 861.894 778.582
internal_count=1311270 12105 9829 2276 253 2023 136 76 43 60 9723 1887 1870 1058 1039 812 1299165 189694 173839 15855 11963 2917 10669 3887 3380 3892 1352 2669 1106 998
is_linear=0
shrinkage=0.05


Tree=191
num_leaves=31
num_cat=0
split_feature=8 16 0 16 9 17 17 10 17 6 10 17 0 17 10 9 9 9 0 10 8 16 6 6 9 9 10 16 10 8
split_gain=1.07415 1.47898 1.22724 1.01842 1.0156 1.16309 0.985274 2.11351 2.02262 1.70788 1.61464 1.5767 1.40585 1.15869 1.36713 1.12543 1.60628 1.11109 1.08034 1.07161 1.10745 1.51749 1.05336 0.995079 0.97908 2.73069 1.71193 1.677 1.05625 1.15297
threshold=7.9611958338014412 0.76232687082252271 134.50000000000003 0.90374560103526036 7.9345057026993775 0.79319119888790413 0.67112732600106184 8.2691911923319328 0.65130300798649621 -0.78656609248549325 7.4073427185764524 0.65090371963234628 47.500000000000007 0.76994110842690078 8.4036835615819729 4.2121001622835372 5.7153802534577958 3.0677824455408698 67.500000000000014 7.1252063492905746 8.2423614529731406 0.83214013540678655 0.60355339059327384 1.0000000180025095e-35 6.0810760527360186 5.2176457913436565 6.9867790336588564 0.82340483352627902 8.2691911923319328 4.7749040587885982
decision_type=2 2 2 2 2 2 2 2 2 2 2 2 2 2 2 2 2 2 2 2 2 2 2 2 2 2 2 2 2 2
left_child=24 -2 3 4 6 -6 7 8 10 -10 -3 17 -13 14 -8 -14 -17 -9 -12 -11 22 -22 23 -21 25 -1 -26 -27 29 -29
right_child=1 2 -4 -5 5 -7 13 11 9 19 18 12 15 -15 -16 16 -18 -19 -20 20 21 -23 -24 -25 26 27 -28 28 -30 -31
leaf_value=-5.526019921765768e-05 -0.014617574787856037 -0.0047052102818570286 -0.021321815811019593 -0.0095872393594359315 0.036472731642186597 -0.0010839179205817937 0.0078852303211806359 0.037609643564854668 -0.010787511029268594 0.0074826603816351466 0.0098359044764614826 0.04176040083364975 -0.0013851927094738149 2.7175853361570413e-05 -0.0090836185920114398 0.064734629116489431 -0.0015410396534670302 -0.0067119126770000181 -0.0047823087688313136 -0.0042136700654346578 -0.0074251933325106996 -0.011278460567245961 -0.01189415657627175 0.024255437771507706 0.0045204942904719936 0.0026191594296900603 -0.0045460606966951662 0.040323326340674176 0.024650581657069227 0.0047537672109247992
leaf_weight=381333.78880884126 882.60184018313885 17.980483770370483 32.453887831419706 93.658059254288673 52.972550809383392 49.950296070426702 187.74976009130478 18.157183051109314 83.55305016040802 22.820613324642181 145.62405288219452 37.909836649894714 45.675265967845917 1303.2799179442227 19.547006785869598 33.352067768573761 27.939053893089294 70.372287034988403 66.281324625015259 42.029491007328033 124.63534605503082 39.638928830623627 27.21436733007431 27.635653436183929 191.86838038265705 1239.5142937414348 991.74234955757856 22.566506318747997 75.506013981997967 397.29090990871191
leaf_count=1289071 2276 22 106 353 89 316 342 23 110 29 182 49 58 7512 36 44 40 90 84 55 163 52 38 36 674 4276 3468 77 215 1384
internal_value=-3.32035e-05 -0.000911133 -0.000304774 -0.00018123 1.48277e-05 0.00487593 -0.000198856 -0.00158188 -0.00315817 -0.00545909 0.000520394 0.00245272 0.00566516 0.000561808 0.00403401 0.00273296 0.00716035 -0.00280435 0.00174102 -0.00361027 -0.00451822 -0.00701866 -0.000278355 0.00298027 -2.53141e-05 -2.08776e-05 -0.00146115 0.00195831 0.00441735 0.00343824
internal_weight=387705 3453.03 2570.43 2537.98 2444.32 102.923 2341.4 830.819 597.413 367.527 229.886 233.406 144.876 1510.58 207.297 106.966 61.2911 88.5295 211.905 283.974 261.154 164.274 96.8795 69.6651 384252 383069 1183.61 1734.88 495.363 419.857
internal_count=1311270 12105 9829 9723 9370 405 8965 1075 771 483 288 304 191 7890 378 142 84 113 266 373 344 215 129 91 1299165 1295023 4142 5952 1676 1461
is_linear=0
shrinkage=0.05


Tree=192
num_leaves=31
num_cat=1
split_feature=8 1 9 9 9 10 9 10 7 10 8 1 18 10 9 8 1 1 4 10 6 18 7 9 2 9 18 10 8 9
split_gain=1.10068 1.02612 0.894825 0.875286 2.17285 1.6128 1.41345 1.24013 2.41826 1.00388 0.980226 1.09946 0.884416 0.883563 0.827933 0.923515 0.808708 0.803801 0.774427 0.769675 1.24858 1.13352 1.15321 1.09799 0.945037 0.933184 1.07361 1.77321 1.10474 1.16217
threshold=7.9611958338014412 307.50000000000006 1.7005986908310777 6.0810760527360186 5.2176457913436565 6.9867790336588564 5.310736838221497 8.2503539996157595 9.4940897185655437 3.3011167046184218 4.8402344967050359 176.50000000000003 1.0625000000000002 7.0735233155969857 6.203546639878307 5.5664324555418956 1573.5000000000002 4606.5000000000009 3.5000000000000004 8.2691911923319328 0.98296291314453421 1.0625000000000002 10.481293953298048 4.3372693810700085 0 6.203546639878307 1.0791666666666668 7.4639358514569789 8.4272681008362351 2.3502401828962087
decision_type=2 2 2 2 2 2 2 2 2 2 2 2 2 2 2 2 2 2 2 2 2 2 2 2 1 2 2 2 2 2
left_child=3 2 -2 4 -1 17 7 8 -6 -8 -11 -12 16 -7 15 -15 -10 -5 -18 20 25 24 -23 -22 -21 26 -3 -28 -29 -30
right_child=1 19 -4 5 6 13 9 -9 12 10 11 -13 -14 14 -16 -17 18 -19 -20 21 23 22 -24 -25 -26 -27 27 28 29 -31
leaf_value=-5.2497189256775489e-05 -0.015210315710729748 -0.0022894368839295911 -0.0029040700667843562 0.0029060338385054098 0.014217646612588043 -0.019160321776370118 0.032999919541264959 0.056040506058544007 -0.011587439458578364 0.020115472029903825 -0.020886109156967536 0.0022375702300079063 -0.0084607658934616973 0.0077695604502193566 -0.0036726879968175781 -0.0091889933728775668 -0.021321341471653495 0.059015344272253981 0.12664299642295793 0.0047647511928866799 -0.005615469490160019 -0.000810156793862682 0.035165814340159196 -0.019524185697033576 -0.0053648901692344743 0.0036594375647943547 0.00710852736255339 -0.011014710618690872 -0.016696893025940403 0.015066767077825971
leaf_weight=381333.78880884126 15.531031735241411 1896.857587415725 103.79557128995657 181.03584551438689 148.03296917676926 24.701088469475508 11.366887822747229 67.400733210146427 12.27156531438232 66.102761726826429 8.0700862258672696 1405.0065604746342 7.4499455094337454 14.90118423476815 861.62573913112283 90.514337722212076 4.32912330329418 10.832534868270157 4.8470911867916584 478.22988983243704 26.567628853023052 57.433967016637325 65.701848171651363 23.846779312938452 263.61478544399142 345.0889773145318 14.081792972981928 104.0664756000042 18.11041921377182 40.105570584535599
leaf_count=1289071 56 7404 365 634 475 78 44 197 64 234 25 4862 8 47 2995 348 26 40 17 1526 127 62 72 91 865 1343 16 113 19 46
internal_value=-3.22535e-05 -0.00092096 -0.00547675 -2.42673e-05 -2.00726e-05 -0.00138186 0.00174541 0.00527042 0.00307183 0.00116759 0.00105384 0.000775457 -0.0101584 -0.00219368 -0.00195516 -0.00613782 -0.00500312 0.00281431 0.00622464 -0.00075789 -0.00120759 0.000525602 0.0049683 -0.0089955 -0.000211823 -0.00104524 -0.00144596 -0.00517745 -0.00665431 -0.00113864
internal_weight=387705 3453.03 119.327 384252 383069 1183.61 1734.88 244.331 176.931 1490.55 1479.18 1413.08 28.8977 991.742 967.041 105.416 21.4478 191.868 9.17621 3333.71 2468.73 864.98 123.136 50.4144 741.845 2418.31 2073.22 176.364 162.282 58.216
internal_count=1311270 12105 421 1299165 1295023 4142 5952 787 590 5165 5121 4887 115 3468 3390 395 107 674 43 11684 9159 2525 134 218 2391 8941 7598 194 178 65
cat_boundaries=0 1
cat_threshold=26
is_linear=0
shrinkage=0.05


Tree=193
num_leaves=31
num_cat=0
split_feature=8 17 1 10 17 17 17 8 1 16 1 17 16 0 10 16 5 16 18 5 0 10 0 10 18 4 1 17 8 8
split_gain=1.03413 1.52167 1.49817 1.56931 1.69073 1.6188 2.03573 1.46187 1.64849 1.95038 1.6557 1.30952 1.26822 1.21029 1.07422 1.05833 1.29155 1.00318 1.84902 1.02063 1.0278 1.50039 2.10088 1.42565 1.70957 1.15855 1.14901 1.04377 1.19417 1.00026
threshold=7.9611958338014412 0.68761242875147521 444.50000000000006 8.2691911923319328 0.64867302866654353 0.65185921791924917 0.66536933010598343 8.0173072902757028 2112.5000000000005 0.76147646873488994 2715.5000000000005 0.78019127016926815 0.79786200270967511 139.50000000000003 8.2180314916043535 0.85153679219563605 -0.37940952255126059 0.71230193001861186 1.0458333333333336 0.98296291314453421 51.500000000000007 7.9933290451173296 55.500000000000007 7.7301819049598004 1.0791666666666668 4.5000000000000009 984.50000000000011 0.65980955961161136 8.4272681008362351 8.806355825888863
decision_type=2 2 2 2 2 2 2 2 2 2 2 2 2 2 2 2 2 2 2 2 2 2 2 2 2 2 2 2 2 2
left_child=-1 2 14 4 7 29 15 -4 9 -9 -10 12 -3 17 -2 16 -7 18 -6 20 23 22 -22 -19 -25 26 -24 28 -28 -5
right_child=1 11 3 5 13 6 -8 8 10 -11 -12 -13 -14 -15 -16 -17 -18 19 -20 -21 21 -23 25 24 -26 -27 27 -29 -30 -31
leaf_value=-4.3646377938560969e-05 -0.0024744490822332051 -0.00092599945026228259 -0.010229579135095352 -0.002069618519483285 -0.037920451752676054 0.012363928685175385 -0.0091550062991515163 -0.028909333587714803 0.063107582641152585 0.0070085114682722771 0.023855707313303543 -0.0013938817960331919 0.012509447273931874 -0.030342320650584589 -0.010865753753952385 -0.0078797265011341933 0.040369174049305505 -0.0092108318382781509 0.07917850257764425 0.028270918957518067 -0.018499328450205712 -0.011721387406681725 0.0019421085666053283 0.012142154856344657 -0.010306194416164857 0.040090791681226368 -0.022076387856173815 0.015410231836585736 -0.00041773481847386177 -0.012803321993753515
leaf_weight=384252.27726273239 81.586502373218536 131.88100218772888 28.338355839252472 124.36373627185822 30.31074070930481 62.892430305480957 52.134679138660431 35.196063280105591 20.940791964530945 78.051646947860718 35.49307519197464 1773.3081779144704 138.08732730150223 15.804875075817106 46.494337916374207 20.111018538475037 78.774278938770294 33.689081370830536 27.624224245548248 15.111243307590483 18.584657907485962 282.92214345932007 31.238435029983521 105.03462845087051 37.250442326068878 28.859666347503662 26.876032710075378 26.765770435333252 28.162278294563293 37.144680976867676
leaf_count=1299165 108 245 35 158 47 80 86 44 26 96 44 9755 257 21 60 25 97 45 31 21 25 380 41 152 39 38 33 34 35 47
internal_value=-3.12592e-05 -0.000892681 -0.00215632 -0.00164105 -0.00276713 0.00107728 0.00393018 0.00131715 0.00307281 -0.000406164 0.0100542 -2.08376e-05 0.0032233 -0.00390908 -0.00731246 0.00669913 0.00822285 -0.00359681 0.00270137 -0.00417189 -0.00448512 -0.00576824 -0.00190649 -0.00125199 0.000937874 0.000163812 -0.00211894 -0.005234 -0.0091726 -0.0027013
internal_weight=387705 3453.03 1409.76 1281.67 906.254 375.421 213.912 198.02 169.682 113.248 56.4339 2043.28 269.968 708.234 128.081 161.778 141.667 692.429 57.935 634.494 619.383 443.409 160.487 175.974 142.285 141.902 113.043 81.8041 55.0383 161.508
internal_count=1311270 12105 1848 1680 1187 493 288 245 210 140 70 10257 502 942 168 202 177 921 78 843 822 586 206 236 191 181 143 102 68 205
is_linear=0
shrinkage=0.05


Tree=194
num_leaves=31
num_cat=1
split_feature=8 17 18 2 10 17 8 16 10 16 17 9 17 9 10 18 9 1 10 1 16 16 6 18 10 10 17 6 9 8
split_gain=1.01913 1.48585 1.58698 1.54896 2.48097 1.19039 1.3218 1.14966 1.06683 1.04227 0.989643 0.895254 0.880852 0.874684 0.931277 2.11169 1.34035 1.89924 1.40555 1.27853 1.62977 1.72581 1.44916 1.04558 1.38541 1.16647 1.14921 1.51722 0.990693 0.903459
threshold=7.9611958338014412 0.68761242875147521 1.0458333333333336 0 8.2897175009295605 0.71520748940142131 8.1059111524599299 0.68333810207629286 7.4504533262904724 0.69590327897418025 0.6657714024266651 4.8940944640863338 0.65130300798649621 8.0223332626296386 8.2503539996157595 1.0625000000000002 4.7405652883788738 1162.5000000000002 8.3679307178720688 2643.5000000000005 0.8127814019877837 0.77728047855132176 -0.37940952255126015 1.0791666666666668 7.8588067732183537 7.4073427185764524 0.65980955961161136 -0.12940952255126037 4.4127799275304271 8.6112298167715426
decision_type=2 2 2 1 2 2 2 2 2 2 2 2 2 2 2 2 2 2 2 2 2 2 2 2 2 2 2 2 2 2
left_child=-1 2 3 4 8 6 -3 -7 -2 11 12 -4 -6 14 19 29 18 -18 -17 23 21 22 -21 25 28 -11 27 -26 -25 -16
right_child=1 5 9 -5 10 7 -8 -9 -10 13 -12 -13 -14 -15 15 16 17 -19 -20 20 -22 -23 -24 24 26 -27 -28 -29 -30 -31
leaf_value=-4.1464059041634864e-05 0.0028522724151249235 0.090008334999345449 0.056322227730048247 -0.010192832996590196 -0.0019661375935091209 -0.039907051235768459 0.0043354876495572637 -0.00028747612846405856 -0.010021691346764406 -0.0043345911826440028 -0.0091275227889155101 -0.034923833737491472 0.037415684529857655 0.035252953562901757 -0.0025072272176666745 0.033385538952804654 0.095525569537773691 0.021922744449486588 -0.010133586119055214 -0.0045957002240039182 0.030375921007236267 -0.025973388948539969 0.082543045865665951 0.0031622423154634236 -0.017089127068675259 -0.00068967517304566748 -0.0074712510518141735 -0.010495018055111436 -0.009091773423576888 -0.017042348202341361
leaf_weight=384252.27726273239 28.963696241378784 26.937042951583862 33.469492018222809 224.6243901848793 17.70210474729538 58.654782101511955 85.365959584712982 1872.3187227658927 240.06557780504227 23.374853909015656 27.663445174694061 18.340361475944519 56.441135704517365 20.716450214385986 76.871007919311523 37.082322061061859 18.61409318447113 23.371999859809875 35.772998690605164 17.694783806800842 25.288737833499908 31.286461889743805 20.836669743061066 33.202302813529968 36.322445154190063 236.36839658021927 50.100205898284912 25.895659327507019 20.900994896888733 28.785230219364166
leaf_count=1299165 44 48 39 342 24 268 152 9789 363 28 46 22 84 23 98 40 20 25 38 20 30 37 24 35 39 289 51 28 22 37
internal_value=-3.04021e-05 -0.000885552 -0.00213423 -0.004096 -0.0019132 -2.40303e-05 0.00498028 -0.000315075 -0.00448061 -0.000699662 0.00468336 0.0061628 0.00769456 -0.00116596 -0.00144897 0.00127502 0.00596835 0.0130839 0.00186772 -0.00260121 0.00264055 -0.00129866 0.00578494 -0.00377101 -0.00686505 -0.00178861 -0.0100313 -0.0145697 -0.000292 -0.00382633
internal_weight=387705 3453.03 1409.76 595.46 370.836 2043.28 112.303 1930.97 269.029 814.295 101.807 51.8099 74.1432 762.486 741.769 220.498 114.841 41.9861 72.8553 521.272 95.1067 69.8179 38.5315 426.165 166.422 259.743 112.318 62.2181 54.1033 105.656
internal_count=1311270 12105 1848 903 561 10257 200 10057 407 945 154 61 108 884 861 258 123 45 78 603 111 81 44 492 175 317 118 67 57 135
cat_boundaries=0 1
cat_threshold=26
is_linear=0
shrinkage=0.05


Tree=195
num_leaves=31
num_cat=0
split_feature=0 16 12 16 4 16 3 16 6 11 8 16 5 16 16 4 4 16 16 4 16 16 8 6 0 17 17 0 4 0
split_gain=1.03905 1.3391 1.10568 3.73171 4.04472 4.75526 3.21276 1.68088 1.40724 1.1577 2.67296 1.90847 1.7567 1.42897 1.416 4.61256 2.54895 1.81688 1.38051 1.37887 3.65107 2.10054 1.29895 1.162 1.37361 1.46777 1.38819 1.30141 1.33035 1.14024
threshold=23.500000000000004 0.80217785889642024 1.0000000180025095e-35 0.76314558284360301 1.5000000000000002 0.82872382376875298 1.0000000180025095e-35 0.97182285662211954 -0.5 1.0000000180025095e-35 3.3497501700808394 0.80530725634941192 -0.25881904510252113 0.58123026540307288 0.83867651399525556 1.5000000000000002 1.5000000000000002 0.83985402250262131 0.83375273960117646 2.5000000000000004 0.85570644998864431 0.83100810020223159 4.0163424379838117 -0.98296291314453399 50.500000000000007 0.79039094287235756 0.64675799809678969 33.500000000000007 2.5000000000000004 127.50000000000001
decision_type=2 2 2 2 2 2 2 2 2 2 2 2 2 2 2 2 2 2 2 2 2 2 2 2 2 2 2 2 2 2
left_child=1 -1 9 29 5 6 -5 -7 -9 -2 11 13 19 -11 15 -14 -16 -18 -17 20 -13 -21 -12 24 25 27 -26 28 -15 -4
right_child=2 -3 3 4 -6 7 -8 8 -10 10 22 12 14 23 16 18 17 -19 -20 21 -22 -23 -24 -25 26 -27 -28 -29 -30 -31
leaf_value=-0.0036864352111246504 -5.443392418102988e-05 1.5431256221584699e-05 -0.011302201462564521 -0.013164317139442839 -0.00061599045714879556 -0.0031850684642442716 0.0025869632900621729 -0.059104110274153888 0.23576320911575085 0.028090141464344832 -0.013501598983493818 -0.0026006817098381432 -0.0022739454291821229 0.022883620007985623 0.016276545253388564 0.0025517114132047381 0.026092238514151683 0.00068061398733786917 -0.0029060288282176383 0.0050441165947751748 0.003779596341160674 -0.0016280955316580693 -0.0042797778469341853 0.003317786741438811 0.056271688365074402 0.00034024034635997684 -0.00023556527292748486 -0.014624387879553261 -0.01871931223137609 0.050880545774161082
leaf_weight=2558.224421326071 339868.27446724102 3040.291754566133 964.14181093126535 43.174413595348597 4803.3333114422858 201.38585133105516 557.60193236544728 12.475440129637716 26.311412438750267 178.48553851991892 30.898360747843981 2463.0065600499511 1080.1289516314864 18.432485997676849 665.47988829016685 3112.3817190900445 89.06820721924305 3386.928593672812 506.8382343351841 1618.641731724143 1091.0507190898061 2466.6717437282205 274.56889238208532 17372.474631749094 29.084503650665283 169.23658693954349 593.15757296606898 175.29594203829765 24.855215460062027 13.9557993337512
leaf_count=9951 1154082 9549 2632 202 18846 735 2072 35 78 504 73 7136 3039 29 2027 8821 290 10448 1412 4724 3476 7613 990 58380 36 1004 1970 253 34 34
internal_value=-2.08988e-05 -0.000697122 -1.09839e-05 -0.000651425 -0.000157338 0.00304153 0.0054188 -0.00290504 0.00662618 3.19569e-07 0.000272658 0.000313254 -7.83461e-05 0.000660952 0.00040152 -0.000192518 0.00107558 0.000532825 0.000663243 -0.000633681 -0.00135388 -7.13632e-06 -0.00438426 0.000617723 -0.00103092 -0.00336649 0.000424751 -0.00607307 0.00169067 -0.00350264
internal_weight=387436 5598.52 381837 6622.38 5644.28 840.949 600.776 240.173 38.7869 375215 35346.7 35041.2 16480.2 18561 8840.83 4699.35 4141.48 3476 3619.22 7639.37 3554.06 4085.31 305.467 18382.5 1010.06 387.82 622.242 218.584 43.2877 978.098
internal_count=1310475 19500 1290975 24634 21968 3122 2274 848 113 1266341 112259 111196 48986 62210 26037 13272 12765 10738 10233 22949 10612 12337 1063 61706 3326 1320 2006 316 63 2666
is_linear=0
shrinkage=0.05


Tree=196
num_leaves=31
num_cat=0
split_feature=7 7 7 7 7 16 1 17 16 10 16 16 4 1 16 4 17 4 16 16 1 10 17 10 7 9 6 16 10 1
split_gain=0.981604 4.00081 2.40635 2.60213 2.06985 2.31731 3.17001 1.92927 1.89847 1.84297 1.83458 1.79234 3.98677 3.39924 2.56623 2.12403 2.97015 2.0486 2.14591 2.37732 1.82926 1.79997 2.64198 2.15418 2.073 1.77345 1.76624 1.6346 3.07772 2.98685
threshold=3.7012257604091228 3.7494348669884658 3.5408542930527882 3.4175922930736511 3.1984648276080736 0.7503268675834982 2024.5000000000002 0.66237379509048522 0.82189695253423434 6.507403365479818 0.77968850705887938 0.87093098878569231 2.5000000000000004 2447.5000000000005 0.87260122516658101 3.5000000000000004 0.65185921791924917 3.5000000000000004 0.87724271067293413 0.8784123464990774 10898.500000000002 5.5747840338677612 0.65090371963234628 8.0968046622812135 4.2835627800822236 0.89587973461402759 -0.12940952255126037 0.81810455653768555 7.580229746060315 2306.5000000000005
decision_type=2 2 2 2 2 2 2 2 2 2 2 2 2 2 2 2 2 2 2 2 2 2 2 2 2 2 2 2 2 2
left_child=2 -2 3 4 25 9 7 -7 -5 -6 -4 20 13 -13 15 -14 -17 18 -16 -20 27 22 24 -23 -19 -1 -18 -3 29 -29
right_child=1 11 10 8 5 6 -8 -9 -10 -11 -12 12 14 -15 17 16 26 21 19 -21 -22 23 -24 -25 -26 -27 -28 28 -30 -31
leaf_value=-0.00010498102288525602 0.0039493221075264989 -0.00012946284074014658 -0.0055836140944633354 0.0030835285631707651 -0.015590103543455615 0.0010920884978067647 -0.0042958776201708852 -0.00051859025773274561 -0.00025488414826181085 -0.0016873649593526331 -0.00059425064607039515 3.1706727690294921e-05 -0.0031792581376768772 0.013360605617840138 0.0024180390854308094 -0.0055800857276841398 0.0054032358809468391 0.016096718450428191 -0.0031312736971744639 -0.00021766623220913496 0.0086391501672034906 -0.0026895383201641673 -0.00034403346113684734 0.0033260012747407977 0.00085625195587998859 -0.0042356221029079188 -0.002089359292248516 0.00069131445626161589 -0.00046170131103912552 -0.0008475833951827245
leaf_weight=124339.13811002299 3868.3240335062146 140868.19858564064 2902.3489010110497 7053.0817805081606 813.1828535348177 2300.0134608745575 2459.2763446941972 5282.6898047029972 3743.1666555255651 456.81240089982748 6691.0386668741703 8766.2133878543973 846.63106196373701 956.45167487114668 888.37539619207382 53.9408078789711 183.0673153847456 43.390450954437256 334.1132213845849 3878.4352941215038 2288.997068490833 3393.5241084545851 930.38485966622829 445.89930068701506 71.449785888195038 320.68783645704389 124.71831786632538 33586.753966383636 21358.918441988528 8186.6327996999025
leaf_count=405025 12829 504671 11901 23877 1959 2866 8315 22827 11831 1148 20154 28466 2320 3105 2933 68 640 55 1365 14173 7802 11844 3615 1496 90 1161 450 108938 67146 27405
internal_value=-2.07067e-05 4.4761e-05 -0.000117456 -6.73082e-05 -0.000126632 -0.000774236 -0.000519739 -1.38179e-05 0.00067984 -0.00278658 -0.000884666 1.76141e-05 -0.000423411 0.000317275 -0.00106675 -0.00324303 -3.5949e-05 -0.000803392 -0.000102575 -0.000573528 6.23316e-05 -0.00153524 0.000304321 -0.00203603 0.00745939 -6.78669e-05 0.00186077 4.656e-05 0.000257978 0.000507609
internal_weight=387436 231074 156361 146768 135972 11312 10042 7582.7 10796.2 1270 9593.39 227206 20916.6 9722.67 11193.9 1208.36 361.726 9985.57 5100.92 4212.55 206290 4884.65 1045.23 3839.42 114.84 124660 307.786 204001 63132.3 41773.4
internal_count=1310475 799411 511064 479009 443301 37115 34008 25693 35708 3107 32055 786582 70620 31571 39049 3478 1158 35571 18471 15538 715962 17100 3760 13340 145 406186 1090 708160 203489 136343
is_linear=0
shrinkage=0.05


Tree=197
num_leaves=31
num_cat=0
split_feature=12 16 4 16 3 1 16 1 16 3 16 1 17 16 0 0 16 4 17 1 5 1 8 16 8 16 1 3 17 16
split_gain=0.923952 3.41366 3.3668 4.62047 3.00841 3.23896 1.23514 2.88884 1.18336 1.68019 1.14923 1.1402 1.1357 1.07729 1.05061 1.01478 1.0818 1.07381 1.19149 1.38322 1.70026 1.23156 1.13927 1.04647 1.12116 1.04901 0.981006 1.26067 1.69416 2.44772
threshold=1.0000000180025095e-35 0.76060710736486381 1.5000000000000002 0.82805938968709258 1.0000000180025095e-35 1304.5000000000002 0.97182285662211954 846.50000000000011 0.80742409001324889 1.0000000180025095e-35 0.80742409001324889 2539.5000000000005 0.64607191580427192 0.83214013540678655 127.50000000000001 23.500000000000004 0.80530725634941192 2.5000000000000004 0.65266048731061865 878.50000000000011 -0.5 1070.5000000000002 2.524928003624769 0.81218281370748857 3.1984648276080736 0.81327991938713906 317.50000000000006 1.0000000180025095e-35 0.66237379509048522 0.76952262429808882
decision_type=2 2 2 2 2 2 2 2 2 2 2 2 2 2 2 2 2 2 2 2 2 2 2 2 2 2 2 2 2 2
left_child=15 14 3 4 10 -6 -5 -8 -4 13 -3 12 -11 -10 -2 16 -1 23 19 20 -19 -21 -22 24 -18 -25 -17 28 -28 -30
right_child=1 2 8 6 5 -7 7 -9 9 11 -12 -13 -14 -15 -16 26 17 18 -20 21 22 -23 -24 25 -26 -27 27 -29 29 -31
leaf_value=-0.0033658022251418481 -0.012156826103191992 -0.005821745565141501 -0.0020753911255693702 -0.0031311290445703872 0.0030175390838496582 0.00074439803652415204 0.22754713144843983 -0.058440322509990129 -0.00011675509121640283 -0.0043545879501591042 -0.01433351113579515 -0.0021241076776429891 0.00064275845723712067 -0.012325493444134618 0.048341767536597295 -0.00047360441702744283 0.00025270242843298055 0.025069497161104144 0.00052300514849693003 -0.0076883568697235366 0.0020092953804318248 0.0035362583841521966 0.014439493206605775 -0.010632629405520927 0.007869503866714157 -0.00091854787766718874 -0.0010005865678490266 -2.7880648494721384e-05 0.0074014623391017165 0.0007884428412788802
leaf_weight=2627.3800272978842 908.31981674581766 25.471270583570004 2043.9193534255028 208.85556156933308 366.42681203410029 210.20185173302889 27.966160967946053 10.820691600441931 90.839359402656555 30.325562298297882 19.816394686698914 520.40779604017735 2136.0940456613898 130.99893767386675 13.633017517626284 23328.284546069801 99.934839829802513 29.866900205612183 1186.9716112166643 15.935879349708555 52.888925671577454 115.57865536212921 16.837671995162964 13.835553526878355 31.402484714984894 1286.1669663488865 12989.526846848428 309566.21137400344 10184.790846522897 19146.146933078766
leaf_count=10032 2493 145 9660 761 1364 775 84 29 305 37 64 1736 7149 486 32 77032 251 38 4259 20 66 145 21 38 81 4063 16146 1047524 53415 72224
internal_value=-2.2066e-05 -0.000602189 -0.000154546 0.00271494 0.00501484 0.00598942 -0.00306093 0.00513308 -0.000658361 -1.04772e-05 -0.00739399 0.000334826 0.000839651 -0.00419267 -0.00342906 -1.1789e-05 -0.000687476 -1.26931e-05 0.000962467 0.00424703 0.0086921 0.000880853 0.00441639 -0.000978819 0.00327461 -0.00140854 -1.92634e-06 1.88901e-05 0.000274849 0.000485375
internal_weight=387436 6744.1 5822.14 869.559 621.916 576.629 247.642 38.7869 4952.59 2908.67 45.2877 2686.83 2166.42 221.838 921.953 380692 5476.8 2849.42 1418.08 231.108 99.5935 131.515 69.7266 1431.34 131.337 1300 375215 351887 42320.5 29330.9
internal_count=1310475 25120 22595 3222 2348 2139 874 113 19373 9713 209 8922 7186 791 2525 1285355 19014 8982 4549 290 125 165 87 4433 332 4101 1266341 1189309 141785 125639
is_linear=0
shrinkage=0.05


Tree=198
num_leaves=31
num_cat=1
split_feature=0 7 4 3 1 17 7 7 1 3 4 9 2 17 7 17 4 1 3 1 9 7 1 17 17 0 0 17 17 17
split_gain=1.00004 1.01107 2.45778 1.97697 2.60441 1.11393 0.995154 2.07501 2.96012 2.96317 4.11327 1.94393 1.90998 1.55901 1.56342 1.71743 1.62937 1.34286 1.47659 1.61302 1.2819 1.26292 1.18778 1.15656 2.53199 1.42833 1.4932 1.1439 1.14083 1.12745
threshold=23.500000000000004 1.0000000180025095e-35 1.5000000000000002 1.0000000180025095e-35 1443.5000000000002 0.73245799793552135 1.0397207708399181 2.3502401828962087 2678.5000000000005 1.0000000180025095e-35 2.5000000000000004 0.89587973461402759 0 0.78997110768990131 1.8688348091416842 0.65185921791924917 1.5000000000000002 2508.5000000000005 1.0000000180025095e-35 335.50000000000006 2.8617925509761908 1.8688348091416842 279.50000000000006 0.65933186473910388 0.6657714024266651 113.50000000000001 82.500000000000014 0.64555464890881631 0.6657714024266651 0.71520748940142131
decision_type=2 2 2 2 2 2 2 2 2 2 2 2 1 2 2 2 2 2 2 2 2 2 2 2 2 2 2 2 2 2
left_child=-1 2 3 5 -5 -2 11 8 9 21 12 17 13 14 16 22 -11 18 -3 -20 -13 -8 -16 25 -25 26 -19 -23 -22 -17
right_child=1 6 -4 4 -6 -7 7 -9 -10 10 -12 20 -14 -15 15 29 -18 23 19 -21 28 27 -24 24 -26 -27 -28 -29 -30 -31
leaf_value=-0.00085605794437128085 -0.014978751919498543 0.0036751219150756133 -0.00097494431849589616 0.001902507138782915 -0.0011174839532180139 -0.0021857776865097794 -0.0030850101593209891 1.0639663211864381e-05 -0.004289218457068567 0.0030270672520451344 -0.0010747485640755505 -0.0060199606204360163 9.5545442542632755e-05 0.00042122677903202457 0.010202159125048134 -0.0010095329811793299 0.0026032054380194071 0.00056704854221803491 -0.001511219238195602 5.6861185875242698e-05 0.011917457998498871 -0.019257196047250159 0.0026725946898074103 0.01796690066343536 0.0045986540067018298 0.026435451594430871 -0.014500084737665109 -0.0084604673373836845 -0.0036852453925580149 0.001121349118231349
leaf_weight=5598.516175892204 37.926684498786926 9076.8037126362324 5678.2930778004229 564.65699620917439 263.7760069668293 77.727206092327833 3071.0066376514733 316322.69468369707 3515.9989552721381 497.48459675908089 9040.9351696968079 132.33787105977535 3252.8060723245144 1693.1524631306529 15.943473875522612 287.55016547441483 818.78270384669304 1196.3049489855766 1155.9295371510088 19471.489094231278 57.54781585931778 14.811652421951292 162.50467121601105 506.90074694156647 3270.1782448999584 116.67834335565567 244.20033794641495 1106.8501049093902 118.31542621552944 67.753116965293884
leaf_count=19500 53 28145 21229 2047 928 377 9831 1077714 11504 712 29384 416 10528 9002 20 401 1167 1495 3646 62442 73 18 206 650 14339 144 301 3462 608 133
internal_value=-2.20303e-05 -1.23034e-05 -0.00062473 0.00173758 0.00259248 -0.0043861 -1.49429e-06 -2.77543e-05 -0.000480584 -0.000245698 6.72144e-05 0.000251003 0.000996629 0.00179743 0.00280586 0.000523303 0.00373145 0.000285779 0.000154607 -7.92421e-05 -0.00370259 -0.00142766 0.00452536 0.00101622 0.00148894 -0.000130416 -0.000561391 -0.00286355 -0.000905321 -0.0014867
internal_weight=387436 381837 6622.38 944.087 828.433 115.654 375215 339868 23545.6 20029.6 15836.9 35346.7 6795.98 3543.17 1850.02 533.751 1316.27 35038.5 29704.2 20627.4 308.201 4192.67 178.448 5334.26 3777.08 1557.18 1440.51 1121.66 175.863 355.303
internal_count=1310475 1290975 24634 3405 2975 430 1266341 1154082 76368 64864 51553 112259 22169 11641 2639 760 1879 111162 94233 66088 1097 13311 226 16929 14989 1940 1796 3480 681 534
cat_boundaries=0 1
cat_threshold=14
is_linear=0
shrinkage=0.05


Tree=199
num_leaves=31
num_cat=0
split_feature=7 8 8 7 8 7 1 3 0 10 7 10 1 8 7 16 16 3 10 4 16 16 1 10 6 16 10 10 10 7
split_gain=0.892244 5.62262 2.12751 2.58895 3.09338 2.42618 3.99724 3.16643 2.65165 1.88098 1.86149 1.9355 1.86142 2.32609 2.4155 2.29238 2.0514 2.01556 2.26452 2.01842 3.24696 2.06968 1.83489 1.72051 1.71043 1.95275 1.69011 1.66762 1.7508 2.31289
threshold=4.7229433450037179 2.9700856263602158 1.0000000180025095e-35 2.6735537653587351 3.2769667020129059 3.0201273556387074 1905.5000000000002 1.0000000180025095e-35 84.500000000000014 7.5660670078195009 5.2907859277095151 6.5298753861640817 1443.5000000000002 1.8688348091416842 3.3497501700808394 0.76654570564470936 0.9461910594647257 1.0000000180025095e-35 6.7976209634028883 1.5000000000000002 0.87970026051821659 0.81901187298636557 5277.5000000000009 7.6223308322881023 0.78656609248549303 0.84101010209804372 7.2061565359679971 6.2358486112362446 0.098905681065719467 3.1132683346437333
decision_type=2 2 2 2 2 2 2 2 2 2 2 2 2 2 2 2 2 2 2 2 2 2 2 2 2 2 2 2 2 2
left_child=2 10 5 9 12 -1 7 -7 27 -4 -2 -12 15 14 22 -5 -16 23 19 20 24 -21 -14 -17 -19 -26 -9 28 29 -8
right_child=1 -3 3 4 -6 6 8 26 -10 -11 11 -13 13 -15 16 17 -18 18 -20 21 -22 -23 -24 -25 25 -27 -28 -29 -30 -31
leaf_value=-0.00010587699546490484 0.00062150183446103575 -0.00019829582564296068 -0.0015734521549141567 -0.0021625619625944975 0.0011168560828450109 0.0066079649143364338 0.032100654203104914 -0.0010311058620117914 0.01659813437128042 -0.014269799309403038 0.0042066754003086352 0.0021286441067017714 -0.0017527785795372732 -0.0023565095778033786 0.0001772913649828123 -0.00315409700813461 0.031774290474099 0.0012216381749243683 -0.00071288400238762319 -0.00056329735663392393 -0.0046375822343395715 0.00049020876598640799 -0.010257853269340172 0.0076546743326964435 -0.00093929849057288253 0.018374738984596305 0.0032701754110469384 0.011050839098417271 -0.00081235775005982229 0.0017567763744029852
leaf_weight=99475.060602575541 19056.928831066936 125656.9781448245 1641.6315343640745 12060.139506265521 9837.2180570438504 4873.0977392792702 314.918585896492 11513.206855013967 1196.1591167114675 147.14621151983738 4370.5761356391013 13602.303482946008 5473.0146415494382 14741.661775827408 14394.471521265805 7100.1164895072579 42.954897530376911 2555.5292923748493 8349.5090248435736 8800.0400970354676 430.51161538809538 12003.298871405423 768.48372285813093 1015.6624456495047 379.09117934852839 41.928335033357143 2288.1077377907932 1977.1070261485875 2713.4620429910719 615.5411742888391
leaf_count=323417 65963 439309 5533 54715 33549 16522 1104 39042 4090 532 16748 46820 17807 49448 47764 21535 146 7491 24212 24241 1284 37113 2484 3028 1111 116 7359 6595 9233 2164
internal_value=-2.14121e-05 6.77715e-05 -8.59684e-05 -0.000258126 -0.000223716 5.14948e-05 0.000486699 0.000108404 0.00152297 -0.00214319 0.000609249 0.000974291 -0.000317558 -0.000597902 -0.000255792 -0.000129263 9.95188e-05 5.02395e-05 0.000225961 0.000470836 0.00159895 0.000286081 -0.00107767 -0.00065474 0.00218597 -0.000766974 -0.000278474 0.00106807 0.000433704 0.00230532
internal_weight=387436 162687 224749 99782.4 97993.6 124967 25491.6 18674.4 6817.19 1788.78 37029.8 17972.9 88156.4 35420.6 20678.9 52735.8 14437.4 40675.7 32559.9 24210.4 3407.06 20803.3 6241.5 8115.78 2976.55 421.02 13801.3 5621.03 3643.92 930.46
internal_count=1310475 568840 741635 332109 326044 409526 86109 62923 23186 6065 129531 63568 292495 117649 68201 174846 47910 120131 95568 71356 10002 61354 20291 24563 8718 1227 46401 19096 12501 3268
is_linear=0
shrinkage=0.05


Tree=200
num_leaves=31
num_cat=0
split_feature=7 4 10 4 6 8 8 18 6 1 7 3 16 6 4 8 16 1 16 16 6 7 6 7 8 8 7 18 16 9
split_gain=1.07484 1.60137 1.20189 1.20219 1.79666 1.09051 1.36816 1.16679 0.986379 0.955847 1.67379 1.44077 1.13743 1.21524 0.988103 0.903555 1.37378 1.37263 1.07649 0.949482 1.18262 0.89053 1.33505 1.2883 2.43585 1.21854 1.31064 1.86065 0.992549 0.952646
threshold=10.481293953298048 3.5000000000000004 8.4036835615819729 1.5000000000000002 0.91597561503675351 8.806355825888863 6.4808108456015434 1.029166666666667 -0.9159756150367534 131.50000000000003 5.678463205642676 1.0000000180025095e-35 0.75792181117495805 -0.5 2.5000000000000004 5.8245230014317348 0.81810455653768555 733.50000000000011 0.74591243234688742 0.82365261305926685 -0.60355339059327384 6.9560690257739344 -0.9159756150367534 9.1834315540998528 5.0205801788306017 3.2384861814448418 8.7226614477352946 1.0125000000000002 0.74468638834487166 1.0000000180025095e-35
decision_type=2 2 2 2 2 2 2 2 2 2 2 2 2 2 2 2 2 2 2 2 2 2 2 2 2 2 2 2 2 2
left_child=2 5 9 4 8 6 -2 -7 -4 10 -1 -12 -13 -14 -15 17 -17 18 -10 -18 -21 22 -5 25 -25 -23 -27 -28 -29 -24
right_child=1 -3 3 21 -6 7 -8 -9 15 -11 11 12 13 14 -16 16 19 -19 -20 20 -22 23 29 24 -26 26 27 28 -30 -31
leaf_value=-0.0011641038636463709 -0.0059447895436157312 -0.0067209207577838548 -0.012721563822747004 -0.015805551551998195 0.054806077600204089 -0.0016710536935554744 0.0013947446653651886 -0.011368066186625881 -0.035256798890605873 -6.2422467070361034e-06 -0.017922606626758847 -0.027159830567435317 0.032842073763989725 0.0098067911062865443 -0.0046050935323853877 0.029521207174308506 -0.012334800885071023 -0.018661226015748412 0.013550293340239961 -0.015806917862907732 0.031541365438925516 -0.033573014280973201 0.052825462592924213 0.050284552221011164 0.013876847160846915 0.0080911381256419009 0.00365804115804097 -0.058923574232225107 -0.0088558282369569259 0.018428522038350093
leaf_weight=1340.4386385194957 166.06467895209789 758.60001141950488 40.29983115196228 25.169365130364895 19.877483636140823 105.88574239239097 1154.7586818784475 53.315431319177151 7.0102924704551688 381495.83225429058 215.52110237628222 6.0725031942129126 14.106100194156172 9.2841006703674775 6.1503054797649375 63.607629761099815 10.146305598318575 59.749104373157024 30.181159451603889 8.0211629793047887 29.894940443336964 36.646640196442604 55.852677501738071 31.72908291965723 576.8639587983489 520.15925901383162 131.34189623594284 18.980153322219849 82.241584584116936 77.651509553194046
leaf_count=4197 626 2709 87 47 47 456 3984 65 13 1293268 769 15 57 39 26 137 22 122 65 27 79 69 111 62 1316 1081 384 25 100 155
internal_value=-8.40802e-06 -0.00110084 -2.05454e-06 0.00127788 -0.00181002 -0.000143427 0.000327769 -0.00405273 -0.00296522 -8.15348e-06 -0.00123093 -0.00497702 0.00433952 0.00839089 -0.00130417 -0.0015818 0.00148414 -0.00511359 0.00242756 -0.00489574 -0.00126034 0.00181108 0.00536081 0.00140817 0.00313682 7.54012e-05 0.000508862 -0.0026114 -0.00770583 0.0073522
internal_weight=387151 2238.62 384913 1825.42 268.788 1480.02 1320.82 159.201 248.91 383087 1591.57 251.134 35.613 29.5405 15.4344 208.611 111.67 96.9406 37.1915 48.0624 37.9161 1556.64 158.674 1397.96 608.593 789.37 752.723 232.564 101.222 133.504
internal_count=1310160 7840 1302320 3949 599 5131 4610 521 552 1298371 5103 906 137 122 65 465 265 200 78 128 106 3350 313 3037 1378 1659 1590 509 125 266
is_linear=0
shrinkage=0.05


Tree=201
num_leaves=31
num_cat=0
split_feature=1 8 0 18 0 7 16 1 0 1 10 0 7 8 6 8 7 1 18 10 8 6 18 18 0 7 7 0 10 0
split_gain=1.04537 1.47493 1.1869 1.50925 0.966607 0.942425 1.56316 1.45681 1.93315 1.26599 1.08403 1.26093 1.28545 1.5468 1.48214 1.16067 1.08701 1.04902 1.18664 1.16332 0.95579 1.25743 0.936413 0.866893 1.27895 1.28233 2.38271 1.13891 0.944695 0.877631
threshold=157.50000000000003 3.1567740231385479 91.500000000000014 1.0125000000000002 28.500000000000004 10.481293953298048 0.76232687082252271 1586.5000000000002 35.500000000000007 1455.5000000000002 8.4036835615819729 29.500000000000004 6.9560690257739344 3.1984648276080736 -0.9159756150367534 3.8176519431297078 9.5731067158699013 7201.5000000000009 0.99583333333333346 8.0863844360616497 8.806355825888863 -0.60355339059327384 1.0791666666666668 1.0625000000000002 39.500000000000007 4.2835627800822236 3.4811217321331038 45.500000000000007 6.2596303779279365 62.500000000000007
decision_type=2 2 2 2 2 2 2 2 2 2 2 2 2 2 2 2 2 2 2 2 2 2 2 2 2 2 2 2 2 2
left_child=1 4 22 -4 -1 10 7 8 -7 -10 -2 16 14 -14 15 -13 -12 -8 19 -19 -9 -22 -3 28 -25 26 27 -26 -6 -27
right_child=5 2 3 -5 23 6 17 20 9 -11 11 12 13 -15 -16 -17 -18 18 -20 -21 21 -23 -24 24 25 29 -28 -29 -30 -31
leaf_value=-0.0045887695525826172 -2.2500478805587145e-06 -0.0057298897514919817 -0.010243349661118279 0.068771012029846104 -0.00098524576337939988 0.037025527579579158 -0.00015214313046070239 0.0095736362149456133 -0.02145820541434923 -0.049780553070875505 -0.019934432145232963 -0.026315848925502261 -0.027162684620659312 0.0056415010088861741 0.029660209072793764 0.029544156856443966 0.016020270643265111 -0.051145471153561467 -0.052863027561771608 0.081800938839481807 -0.0609704232460484 -0.0029310132982905525 -0.013656610120389323 -0.010564546194798165 0.028683127644252737 -0.018834310719566053 0.047041605879363596 -0.007560818570149389 0.003851331827904442 -0.0019033742978544765
leaf_weight=57.754804216325283 379822.93008865789 536.74268903210759 19.501370910555128 12.284867629408835 1489.2875513769686 22.954387404024601 1663.5570812039077 172.06821273267269 294.9732152223587 16.793835170567036 36.775620482861996 17.154584221541885 37.372983068227768 1555.2967978343368 146.35119440406561 11.131275027990339 15.238366432487963 8.3071821108460444 15.25560140609741 9.9298148304223997 9.4337536469101924 16.637020871043205 55.880321644246578 44.223789751529694 32.407764457166195 29.985363967716694 44.578537210822105 215.13918752223253 718.24678078666329 23.25954457372427
leaf_count=205 1287798 1984 92 19 5298 59 6282 452 785 47 68 29 69 3406 296 23 40 43 28 48 20 41 60 48 36 35 50 235 2538 26
internal_value=-8.66949e-06 -0.000897602 -0.00308413 0.00632851 -0.000383347 -1.07563e-06 -0.00102598 -0.00338846 -0.00539991 -0.00643096 4.91283e-06 0.0012225 0.00144832 0.00100179 0.00552059 -0.00495696 -0.00645036 -0.000284183 -0.00904529 -0.00043746 9.52387e-06 -0.00891201 -0.00358899 -0.000241075 -0.00241555 -0.00139042 -8.97102e-05 -0.00200597 0.000142684 -0.00852673
internal_weight=387151 3279.29 624.409 31.7862 2654.88 383872 2229.91 532.86 334.721 311.767 381642 1819.32 1767.31 1592.67 174.637 28.2859 52.014 1697.05 33.4926 18.237 198.139 26.0708 592.623 2597.13 389.594 345.37 292.125 247.547 2207.53 53.2449
internal_count=1310160 10626 2155 111 8471 1299534 7805 1404 891 832 1291729 3931 3823 3475 348 52 108 6401 119 91 513 61 2044 8266 430 382 321 271 7836 61
is_linear=0
shrinkage=0.05


Tree=202
num_leaves=31
num_cat=0
split_feature=7 16 0 7 8 7 8 7 16 4 16 16 16 7 7 17 7 17 0 0 16 7 8 16 16 16 18 0 16 17
split_gain=0.880741 1.42112 0.970486 0.863826 3.77731 2.02307 1.9992 2.58069 2.2577 2.03306 2.02392 2.4026 2.12787 1.89348 2.22673 1.90575 1.64536 1.57102 1.50385 1.45436 1.43776 1.41174 1.36377 1.80568 1.35978 1.98123 1.83438 3.06444 1.46879 1.83111
threshold=10.481293953298048 0.76640384685231278 35.500000000000007 3.9219243190762363 2.249904835165133 7.269964817843598 1.0000000180025095e-35 2.6735537653587351 0.76147646873488994 1.5000000000000002 0.88321570753224454 0.86875386461544013 0.8861666780130667 3.795426061844291 3.7012257604091228 0.65813547005910744 3.7494348669884658 0.66383823997485858 72.500000000000014 95.500000000000014 0.81327991938713906 4.3882378946731615 1.0000000180025095e-35 0.75692737795582421 0.76386542164760074 0.76804571209237682 1.0541666666666669 92.500000000000014 0.82189695253423434 0.65721354409355948
decision_type=2 2 2 2 2 2 2 2 2 2 2 2 2 2 2 2 2 2 2 2 2 2 2 2 2 2 2 2 2 2
left_child=3 2 -2 6 5 18 13 8 -8 10 11 24 17 14 -1 19 -16 -12 -5 -15 -11 22 23 -20 -9 -26 -27 28 29 -28
right_child=1 -3 -4 4 -6 -7 7 9 -10 20 12 -13 -14 15 16 -17 -18 -19 21 -21 -22 -23 -24 -25 25 26 27 -29 -30 -31
leaf_value=3.3222580718886289e-05 0.02057073899162272 -0.00038835383164585182 -0.016700352359890425 0.00068931286580158904 -0.00010927977355361385 -0.0059379653514163612 -0.01825810898459649 -0.0022918500761528364 -0.0012510143602508144 -0.0018978498777606602 -0.0080755144114248219 0.019884952277396152 -0.0031549010123452211 -0.010014256542059036 0.014349637267947602 -0.0019251348049528884 -0.00030728106652807565 0.0043919769285207912 0.041105143338837996 0.011990495547417036 -8.3319578927243404e-05 0.0055700374361720376 -0.00020606433661723156 0.0028377627774124115 0.0045536052170850804 0.00023673224982189019 0.0045042079480118518 -0.0055262638527126002 0.015436247804071521 1.3637395161192334e-05
leaf_weight=116574.56406038254 35.422452166676521 1653.797991797328 549.40410199761391 36799.16294593364 164555.13129689544 517.61901677027345 288.86499821394682 767.59978075325489 1494.0147692002356 24896.94060941413 47.407850861549377 159.71283515542746 582.95187724381685 240.58488428592682 1212.8831243477762 735.08360213786364 710.98766676709056 14.145101726055143 205.47681634128094 22.662989139556885 20129.738752700388 6414.1780900247395 3769.5323936529458 758.00892287120223 235.21530980616808 3226.980618737638 188.27431613206863 45.409376859664917 98.510912120342255 221.18612337112427
leaf_count=380868 98 6276 1466 127245 572510 1740 677 1875 5337 85707 59 399 1804 300 4096 3094 2485 45 504 28 61948 22160 12579 2789 3230 10244 212 49 106 230
internal_value=-8.16037e-06 -0.000997042 -0.00311551 -2.40911e-06 6.48766e-05 0.000452847 -8.57928e-05 -0.000343303 -0.00221295 -0.000277444 0.000622135 0.00096576 -0.00201322 2.71201e-05 4.53886e-05 -0.00214129 0.00173257 -0.0108546 0.000486412 -0.00579178 -0.000389074 0.000995192 0.000340155 0.00201893 0.000764327 0.00113291 0.000855882 0.00351559 0.00462805 0.00330929
internal_weight=387151 2238.62 584.827 384913 213019 48464 171894 52397 1782.88 50614.1 5587.39 4942.89 644.505 119497 118498 998.331 1923.87 61.553 47946.4 263.248 45026.7 11147.2 4733.02 963.486 4783.18 4015.58 3780.36 553.381 507.971 409.46
internal_count=1310160 7840 1564 1302320 739527 167017 562793 171922 6014 165908 18253 16345 1908 390871 387449 3422 6581 104 165277 328 147655 38032 15872 3293 15946 14071 10841 597 548 442
is_linear=0
shrinkage=0.05


Tree=203
num_leaves=31
num_cat=0
split_feature=1 7 4 18 7 4 8 17 8 16 17 17 7 8 1 8 7 16 1 7 17 7 7 1 7 7 7 16 4 16
split_gain=1.03146 1.97585 0.872209 0.752323 0.7449 1.40906 1.15333 1.47073 1.35921 0.841681 1.13794 0.974489 0.812972 3.269 2.12389 1.84554 2.22823 2.27841 2.13887 1.91284 2.18133 2.04738 2.38664 2.93146 2.52194 2.64678 2.43111 2.27753 1.82704 2.44452
threshold=131.50000000000003 5.678463205642676 3.5000000000000004 1.0791666666666668 10.481293953298048 3.5000000000000004 8.806355825888863 0.65721354409355948 6.4808108456015434 0.79173584366809513 0.66690025027010624 0.66383823997485858 3.9219243190762363 2.249904835165133 667.50000000000011 1.0000000180025095e-35 2.6735537653587351 0.76147646873488994 3162.5000000000005 3.795426061844291 0.65813547005910744 3.0201273556387074 3.1132683346437333 1383.5000000000002 3.4175922930736511 3.4811217321331038 3.7012257604091228 0.77026250544891328 1.5000000000000002 0.88321570753224454
decision_type=2 2 2 2 2 2 2 2 2 2 2 2 2 2 2 2 2 2 2 2 2 2 2 2 2 2 2 2 2 2
left_child=1 -1 3 -3 12 6 8 -8 -6 10 11 -7 15 14 -14 19 17 -17 28 21 -21 -2 23 -23 -24 -26 -27 -25 29 -18
right_child=4 2 -4 -5 5 9 7 -9 -10 -11 -12 -13 13 -15 -16 16 18 -19 -20 20 -22 22 24 27 25 26 -28 -29 -30 -31
leaf_value=-0.0010461799378484432 -7.4832737242847003e-05 -0.0068238203094608992 -0.024111145671000665 -0.020112339458223983 -0.0052794351656953514 -0.020513935099739714 -0.010772638029189258 -0.0015604761607723727 0.0013903152108651175 -0.0012221044175979275 -0.0100424745419141 -0.035918515313532899 -0.00019837989376225303 -8.8122467955448203e-05 0.0015697508490262664 -0.017101675068562205 0.00085957918070255499 -0.0011821502300750561 -0.0031262238777078457 -0.0089222027505216524 -0.0018948501572762151 0.0012669925618078337 -0.0010390351807252479 0.033358771690960569 0.0099507510777879452 -0.0015309437093539158 0.0065974833572407555 0.0069011739349653049 -0.00044312051312592193 -0.0049517793049497719
leaf_weight=1340.4386385194957 98667.339112754911 186.93453378975391 49.763147134333849 19.813075184822083 165.81558798253536 147.24516546726227 44.53074312210083 114.54650206491351 1152.5300602093339 347.7194669097662 244.5141580067575 18.416023135185242 11919.284286811948 164167.4102595821 36373.579722449183 287.03747749328613 4559.8285187259316 1488.1698169708252 6459.9272916465998 262.50378656387329 731.04271706193686 3329.4695761017501 6237.3338441252708 715.86880110949278 2313.4613250121474 3082.5074033364654 1914.4309030249715 1396.1227595582604 38799.40877982229 614.46010413020849
leaf_count=4197 321155 716 188 21 625 180 56 464 3975 1186 1313 28 41680 571187 124775 673 15100 5311 21217 327 3079 11018 20628 2874 7902 10416 6546 4315 127186 1822
internal_value=-9.0393e-06 -0.00127714 -0.00529757 -0.00386715 -3.78688e-06 -0.000913882 -1.47618e-05 -0.00403642 0.000470508 -0.00266661 -0.00420076 -0.0074003 1.52032e-06 6.68195e-05 0.00042843 -7.96781e-05 -0.000327406 -0.00206846 -0.000266122 2.93279e-05 -0.00215536 4.77764e-05 0.000523216 0.00140769 0.000167965 0.0007981 0.000150752 0.00286481 -0.000141321 0.000741219
internal_weight=387151 1596.95 256.511 206.748 385555 2235.32 1477.42 159.077 1318.35 757.895 410.175 165.661 383319 212460 48292.9 170859 52208.8 1775.21 50433.6 118650 993.547 117657 18989.2 5441.46 13547.7 7310.4 4996.94 2111.99 43973.7 5174.29
internal_count=1310160 5122 925 737 1305038 7827 5120 520 4600 2707 1521 208 1297211 737642 166455 559569 171309 5984 165325 388260 3406 384854 63699 18207 45492 24864 16962 7189 144108 16922
is_linear=0
shrinkage=0.05


Tree=204
num_leaves=31
num_cat=0
split_feature=1 7 3 0 4 0 18 7 4 0 17 7 4 0 17 1 17 0 7 1 6 17 0 9 7 7 5 1 1 6
split_gain=0.937534 1.90239 1.28323 0.981723 0.729277 0.877698 0.695555 0.689076 1.30185 0.96571 0.912821 0.806135 1.42417 1.94892 1.89649 1.87558 1.78529 3.27831 1.70355 1.65949 1.65435 1.63196 1.58601 3.04946 1.92403 1.83949 1.60529 1.52468 1.50832 1.38944
threshold=131.50000000000003 5.678463205642676 1.0000000180025095e-35 27.500000000000004 3.5000000000000004 85.500000000000014 1.0791666666666668 10.481293953298048 3.5000000000000004 26.500000000000004 0.64607191580427192 4.3882378946731615 2.5000000000000004 84.500000000000014 0.6657714024266651 1115.5000000000002 0.66197798957202592 28.500000000000004 6.0602900572549077 6360.5000000000009 0.78656609248549303 0.65933186473910388 51.500000000000007 3.6505739029280164 7.9503261612304357 5.9571310312473074 0.91597561503675362 675.50000000000011 942.50000000000011 -0.70710678118654757
decision_type=2 2 2 2 2 2 2 2 2 2 2 2 2 2 2 2 2 2 2 2 2 2 2 2 2 2 2 2 2 2
left_child=1 3 4 -1 6 -6 -3 11 -9 -10 -11 -2 29 14 16 18 -14 -18 -15 22 -17 27 24 -24 25 26 -19 -20 -25 -13
right_child=7 2 -4 -5 5 -7 -8 8 9 10 -12 12 13 15 -16 20 17 19 21 -21 -22 -23 23 28 -26 -27 -28 -29 -30 -31
leaf_value=-0.0045732008839985353 -0.00011087941146272485 -0.010881699496252393 0.0026510627455586517 -0.00083971647489275718 -0.028335556482052316 0.013809840685508574 -0.019106722485312783 -1.0517057552517085e-05 0.035842749423419883 -0.029471141762993525 -0.0058589687185769236 -0.00059492914827780075 -7.4802789016131801e-05 0.0020484166259900406 0.00065103868193380071 0.0031506106224255207 -0.0089307926422515782 -0.0026247413467732853 -0.0014591429132916681 0.024370334234385838 0.011787291315934589 -0.0008073721914055199 -0.0047814637415151788 -0.0045662196048863223 -0.0090731368009921987 0.0048303251875993674 0.0097004528463428257 -0.0086390358062203628 0.021437426551597416 9.8721412604655539e-05
leaf_weight=22.984216123819351 202345.40558346361 157.38772496953607 36.406249087303877 1317.4544223956764 38.904007595032454 5.9321678653359404 17.880606591701508 1477.4228933788836 9.2635173797607404 10.565462112426756 738.0658340267837 22685.18188707903 27993.65864187479 2530.6238995231688 63734.348980311304 9607.9453817494214 209.15299779176712 967.40107184648514 287.64020717144012 199.7585363984108 1434.6984264627099 1920.249931011349 3070.6288081407547 73.292143702507019 335.7221622467041 881.21751862764359 102.25939035415649 398.51501053571701 164.15675932168961 44377.329148668796
leaf_count=79 666241 599 141 4118 149 17 19 5120 32 13 2662 78062 34915 8534 300451 32393 270 1240 357 262 5032 8341 3934 94 435 1137 130 494 210 154679
internal_value=-9.83422e-06 -0.00121882 -0.0051638 -0.000463893 -0.00660208 -0.0122924 -0.0051464 -4.82667e-06 -0.000880156 -0.00256488 -0.00276342 2.77798e-07 7.6949e-05 0.000184571 0.000100421 0.000692866 -0.000201152 -0.000983549 -9.64183e-05 -0.000761568 0.00106004 -0.000993608 -0.000921456 -0.00162137 9.11207e-05 0.000692786 -0.000700764 -0.00308662 0.00383774 -0.000105855
internal_weight=387151 1596.95 256.511 1340.44 220.105 44.8362 175.268 385555 2235.32 757.895 748.631 383319 180974 113911 97731.6 16179.7 33997.2 6003.59 5137.03 5794.44 11042.6 2606.41 5594.68 3308.08 2286.6 1950.88 1069.66 686.155 237.449 67062.5
internal_count=1310160 5122 925 4197 784 166 618 1305038 7827 2707 2675 1297211 630970 398229 343078 55151 42627 7712 17726 7442 37425 9192 7180 4238 2942 2507 1370 851 304 232741
is_linear=0
shrinkage=0.05


Tree=205
num_leaves=31
num_cat=0
split_feature=10 10 1 10 16 4 3 1 16 16 17 4 16 16 16 10 16 16 4 16 16 10 4 10 8 16 16 10 16 16
split_gain=1.12323 3.41287 2.52581 1.66459 1.97093 1.87744 2.46312 2.1111 2.30179 1.58016 1.57227 1.75466 4.55604 7.25243 3.35531 3.52552 3.10152 5.95617 2.86018 2.35847 2.87014 2.49202 2.28387 1.91205 2.94454 2.37245 3.04268 3.09923 1.98649 5.54931
threshold=0.47873179439478714 0.015776001442497901 1943.5000000000002 3.7773518332709832 0.75141500173185249 1.5000000000000002 1.0000000180025095e-35 667.50000000000011 0.82982140869454424 0.69590327897418025 0.66847687381717125 3.5000000000000004 0.8470278619941235 0.84649134540172921 0.84649134540172921 5.1007818250360604 0.85943965931063915 0.86681196525373416 1.5000000000000002 0.87093098878569231 0.87162810712201477 7.9504083152704217 1.5000000000000002 7.2206415061341351 6.6167340815536484 0.84425539163094909 0.8423321668866619 7.580229746060315 0.82581605217958109 0.82537325419067853
decision_type=2 2 2 2 2 2 2 2 2 2 2 2 2 2 2 2 2 2 2 2 2 2 2 2 2 2 2 2 2 2
left_child=1 -1 9 4 -2 6 -6 8 -8 -3 11 12 13 23 -13 -16 18 -18 -14 -19 21 -21 -15 24 28 26 -25 -28 29 -5
right_child=3 2 -4 10 5 -7 7 -9 -10 -11 -12 14 16 22 15 -17 17 19 -20 20 -22 -23 -24 25 -26 -27 27 -29 -30 -31
leaf_value=-7.7777758463735283e-05 -0.0073841670435664591 0.020131670466401897 0.0058541816288867682 1.5232202952886187e-05 -0.0066662211674807098 -0.00054490844938529794 0.0014857183307112659 0.00038434152086973543 -0.00051451185696419486 0.0003703295827473974 0.00016719009587371216 -0.00085609951641252291 0.023652238973484441 0.087726515720690457 0.0014433233336129448 -0.002251864142249932 -0.0017573354543298449 0.0048687132493108291 0.0021060750247967387 -0.0011933618911602634 0.0018988056786620106 -0.011146706674099864 -0.002671913363868825 -0.0011177329661805596 0.0083811138154818894 0.0074587103529733636 0.0081959744175263832 -0.0079109283429629196 0.0011182032321454538 -0.0069498392238390803
leaf_weight=37087.461204435676 3916.2176675349474 310.59837282449007 5424.1045328080654 28346.222849689424 687.25799407064915 28475.016974490136 867.85815526917577 2821.3769708387554 327.69402241706848 9535.0862590447068 180468.0600807257 36894.311263404787 311.64245957136154 22.199752449989319 637.89425897598267 4367.716376543045 2145.8908851146698 747.84818339347839 2822.975326359272 226.78895777463913 6099.6353258490562 59.893373489379883 1040.5509204268456 28116.468278393149 350.24101215600967 242.86828833818436 78.242838740348816 257.31662166118622 4665.8273105025291 271.75076907873154
leaf_count=126603 9904 827 18370 36321 2466 101464 2911 9678 1228 32321 853995 47267 398 27 826 5665 2774 970 3656 295 7925 78 1329 36129 451 317 100 337 6022 347
internal_value=-1.86306e-05 0.00019675 0.000825876 -5.22654e-05 -0.00036813 -0.000242918 0.00068244 0.00115568 0.00291654 0.000348573 -1.29692e-05 -0.000155136 -1.16134e-05 -0.000183152 -0.000414801 -0.00162953 0.000864297 0.000404986 0.00222409 0.00109971 0.00078861 -0.0041007 -0.00427882 -0.000113318 0.000142474 -0.00041314 -0.000455144 -0.00518815 9.44836e-05 -6.14865e-05
internal_weight=387627 52357.3 15269.8 335270 37095.4 33179.2 4704.19 4016.93 1195.55 9845.68 298174 117706 75806.4 63391.7 41899.9 5005.61 12414.7 9280.06 3134.62 7134.17 6386.32 286.682 1062.75 62328.9 33634 28694.9 28452 335.559 33283.8 28618
internal_count=1311001 178121 51518 1132880 127651 117747 16283 13817 4139 33148 1005229 151234 97476 81380 53758 6491 16096 12042 4054 9268 8298 373 1356 80024 43141 36883 36566 437 42690 36668
is_linear=0
shrinkage=0.05


Tree=206
num_leaves=31
num_cat=1
split_feature=7 16 16 17 7 10 16 6 4 10 10 0 7 10 9 2 6 7 17 10 16 4 7 10 10 10 0 17 7 17
split_gain=1.01538 1.49241 1.21404 2.40224 1.26433 2.19779 1.58878 2.36247 1.46506 2.00562 1.33221 1.74875 1.10297 1.16027 1.03148 1.47785 1.02624 0.99538 1.39137 1.10497 0.983195 1.32375 0.981602 1.00077 0.967368 1.07893 0.960443 0.932651 0.825564 0.993233
threshold=9.6597266625627505 0.93504912530908568 0.9461910594647257 0.71520748940142131 6.8506555468196231 7.0910595020580098 0.97182285662211954 -0.60355339059327384 1.5000000000000002 7.7977218626321037 3.9905963018512036 43.500000000000007 2.524928003624769 7.7301819049598004 2.740319461670996 0 -0.9159756150367534 8.0483089226670437 0.64954346602561752 7.8955972737305267 0.58123026540307288 1.5000000000000002 4.1026092131977068 0.013072537315072533 3.7773518332709832 0.80344726361328889 42.500000000000007 0.64991817661828988 9.5731067158699013 0.79441680699370731
decision_type=2 2 2 2 2 2 2 2 2 2 2 2 2 2 2 1 2 2 2 2 2 2 2 2 2 2 2 2 2 2
left_child=2 14 20 4 5 6 7 22 16 27 11 -8 -5 -14 15 -2 -7 18 -6 -20 21 -1 23 -4 25 -9 -18 -10 -22 -30
right_child=1 -3 3 12 17 8 10 24 9 -11 -12 -13 13 -15 -16 -17 26 -19 19 -21 28 -23 -24 -25 -26 -27 -28 -29 29 -31
leaf_value=0.034336155317890138 -0.0036979644809723277 -0.011807695585173805 0.019222106250040994 0.035698735473086274 -0.025793499387483446 -0.0067464262475885996 -0.052400479453824603 -0.0062100817064570935 -0.011582091796647181 -0.023329814563433582 -0.03251742246656103 0.014715958001725227 0.0022932622733186749 0.022721654403833693 -0.0017042406991615866 0.0045741648898708692 0.080985050630500433 -0.0015895753866427055 -0.028348433649249483 0.00052879423776923677 -4.1351026576885723e-05 0.0050141828782321657 -0.012022160661842774 0.051915028580189398 0.0011086133812148625 -0.031730433565684335 0.037537746323087887 0.058949993776437927 0.0081887851599879834 -0.0020247671334385209
leaf_weight=268.00963116437197 205.6180011741817 111.38079599291086 16.459700703620911 345.89718054234982 15.239194273948668 17.326131761074066 24.7566819190979 35.264986872673035 16.16499662399292 30.087455749511719 140.98677408695221 77.806377589702606 733.4044152572751 369.05410254746675 5197.6761748455465 1093.8697317615151 31.367819547653198 53.868537306785583 34.438825249671936 36.071053087711334 376765.77980531007 1035.9182185307145 24.697362184524536 42.644077062606812 73.307636439800262 19.616744041442871 98.022500336170197 29.000684499740601 442.1988930106163 241.08279689773917
leaf_count=822 784 344 22 1568 19 25 34 49 20 41 189 104 3504 1759 18281 3900 43 76 46 50 1273000 3517 36 56 100 26 133 41 800 1612
internal_value=-1.84544e-05 -0.00063292 -7.79683e-06 0.00114622 -0.00102144 -0.000128608 -0.00211648 0.00104852 0.00395103 -0.00172087 -0.00487136 -0.000535687 0.00236916 0.00159629 -0.00053454 0.000725417 0.00686024 -0.00535399 -0.00870015 -0.00573919 -1.46995e-05 0.00135591 0.00757676 0.0110748 -0.00321918 -0.00823914 0.00839046 0.00494138 -1.94344e-05 0.00171697
internal_weight=387627 6608.54 381018 2265.48 817.128 677.51 455.54 211.991 221.97 75.2531 243.55 102.563 1448.36 1102.46 6497.16 1299.49 146.716 139.618 85.7491 70.5099 378753 1303.93 83.8011 59.1038 128.189 54.8817 129.39 45.1657 377449 683.282
internal_count=1311001 23309 1287692 7941 1110 919 616 289 303 102 327 138 6831 5263 22965 4684 201 191 115 96 1279751 4339 114 78 175 75 176 61 1275412 2412
cat_boundaries=0 1
cat_threshold=4
is_linear=0
shrinkage=0.05


Tree=207
num_leaves=31
num_cat=2
split_feature=10 10 1 10 4 3 2 6 5 17 4 10 5 17 9 9 2 17 4 6 10 1 17 1 10 9 6 9 18 6
split_gain=0.980945 3.13172 2.26219 1.47114 1.46287 2.01648 1.78435 1.63988 1.41505 1.40821 1.62615 2.14881 1.97671 1.95574 2.49183 1.7951 1.5027 1.48131 1.46894 1.41643 1.32241 1.5484 1.30428 1.7938 1.28959 1.26298 1.61916 1.21525 1.97235 1.67673
threshold=0.47873179439478714 0.015776001442497901 2447.5000000000005 3.7773518332709832 1.5000000000000002 1.0000000180025095e-35 0 0.37940952255126048 0.37940952255126054 0.66847687381717125 3.5000000000000004 7.4785793946460926 0.91597561503675362 0.65641077446366225 5.678463205642676 5.678463205642676 1 0.65306806413895013 4.5000000000000009 0.91597561503675351 5.062243319822187 711.50000000000011 0.66383823997485858 428.50000000000006 7.7437006301226488 3.795426061844291 -0.9159756150367534 5.0005792898547883 1.0458333333333336 -0.12940952255126037
decision_type=2 2 2 2 2 2 1 2 2 2 2 2 2 2 2 2 1 2 2 2 2 2 2 2 2 2 2 2 2 2
left_child=1 8 22 4 5 -2 7 -7 -1 10 11 -5 15 14 17 -13 -14 25 -11 24 -19 -22 23 -3 -20 -12 -27 -28 -29 -30
right_child=3 2 -4 9 -6 6 -8 -9 -10 18 13 12 16 -15 -16 -17 -18 20 19 -21 21 -23 -24 -25 -26 26 27 28 29 -31
leaf_value=-0.0003880110957691835 -0.0062966841112841818 -0.0025637357273251837 0.0065987227202919836 0.00028936602640678436 -0.00070674157082658011 0.0012682890837758894 -0.00033340920581244744 -0.00023004628659375887 0.00058721694811078866 2.8095488122825696e-05 -0.00052617031445352242 -0.0011206267068587684 0.0077273044759282126 -0.0021081047393425867 0.020607673247987384 -0.0059547018178445323 0.00085121735570675434 0.01277301898136275 0.00039599908590414736 0.0073705131291639473 -0.0060764722975705622 0.0045310550733865754 8.2958727964946299e-05 0.0030582606440938244 0.0054483625226936566 -0.012658283388923088 -0.0061921108145110071 0.081969499364104914 0.050983820379763178 -0.029320573485741592
leaf_weight=24745.073478512466 817.59065226465464 388.88038492202759 3916.7977643273771 47264.530973240733 32023.9216732122 2004.0184305012226 1490.2145038433373 759.67652479931712 12342.38772592321 152677.90228351951 20387.122657857835 25558.804568491876 581.89463895559311 18511.176636755466 226.88472604751587 449.44697827100754 1951.6859940290451 220.6510174870491 20515.390849299729 1832.785373236984 349.67708396911621 1545.0577222704887 7564.123422075063 3399.9875933527946 5441.9815746694803 103.68720257282257 455.93306577205658 24.478436291217804 44.138173282146454 31.115176618099213
leaf_count=84851 2812 481 13293 60731 110355 6785 5099 2600 41752 722091 25721 32899 748 24152 285 587 2511 289 97368 9247 471 2007 33530 4214 25289 132 574 34 55 38
internal_value=-1.73342e-05 0.000183943 0.0007866 -4.87665e-05 -0.000345711 0.000443297 0.000880388 0.00162892 -6.41855e-05 -1.18241e-05 -0.00014637 -8.20262e-06 -0.000350768 -0.000396345 -9.24434e-05 -0.000480639 0.000982412 -0.000143522 7.59302e-05 0.00041029 0.00111773 0.000691112 0.000429139 0.00118636 0.000315438 -0.000270291 -0.00242406 -0.00135374 0.0036458 -0.00036447
internal_weight=387627 52357.3 15269.8 335270 37095.4 5071.5 4253.91 2763.69 37087.5 298174 117706 75806.4 28541.8 41899.9 23388.7 26008.3 2533.58 23161.9 180468 27790.2 2115.39 1894.73 11353 3788.87 25957.4 21046.5 659.352 555.665 99.7318 75.2533
internal_count=1311001 178121 51518 1132880 127651 17296 14484 9385 126603 1005229 151234 97476 36745 53758 29606 33486 3259 29321 853995 131904 2767 2478 38225 4695 122657 26554 833 701 127 93
cat_boundaries=0 1 2
cat_threshold=13 8
is_linear=0
shrinkage=0.05


Tree=208
num_leaves=31
num_cat=0
split_feature=8 10 9 1 16 11 16 10 9 9 16 10 1 16 16 16 16 4 1 4 10 18 0 10 6 4 10 0 10 18
split_gain=0.945829 1.55747 1.6274 1.43809 1.35596 1.21058 1.20677 1.19074 1.77877 1.59222 1.20871 1.10916 1.10774 1.28816 1.10234 1.09065 3.57722 3.03929 2.21381 2.02949 1.98576 1.80573 1.54481 1.53647 1.5261 1.51144 1.3934 1.62059 1.32926 1.3264
threshold=1.2424533248940002 7.8955972737305267 1.2424533248940002 131.50000000000003 0.84373940648526213 1.0000000180025095e-35 0.58123026540307288 8.1179138716655235 3.7726948748059121 6.3851929771233262 0.86381481058656318 5.8817821543845819 4911.5000000000009 0.83561204850757254 0.9461910594647257 0.87093098878569231 0.87260122516658101 3.5000000000000004 504.50000000000006 2.5000000000000004 6.8352287666851659 1.0625000000000002 31.500000000000004 8.1179138716655235 -0.37940952255126015 3.5000000000000004 6.9109568050123915 79.500000000000014 7.9933290451173296 1.0791666666666668
decision_type=2 2 2 2 2 2 2 2 2 2 2 2 2 2 2 2 2 2 2 2 2 2 2 2 2 2 2 2 2 2
left_child=1 2 6 4 -2 15 -1 8 10 -10 -7 -11 -3 -14 -8 -5 19 -18 -19 21 22 -17 -21 26 -25 28 27 -20 -22 -29
right_child=3 12 -4 5 -6 7 14 -9 9 11 -12 -13 13 -15 -16 16 17 18 23 20 25 -23 -24 24 -26 -27 -28 29 -30 -31
leaf_value=0.021074818227430559 -0.0087264090092051723 0.0032190196719352085 -0.013028887284293479 -6.8254353341282164e-05 0.0099382428236215563 -0.0042120721994806463 5.7212798720966083e-05 -0.018556482195490217 0.016259407218495139 0.0076585051945726283 0.0042093211924224359 -0.0068584632839253264 0.031921102286713236 -0.024624912314233395 0.0097978230492269461 0.0027773878416748861 0.00022896144286389531 0.0013559248991188552 -0.00032607596835087241 0.0034393233547203987 -0.0041436554604830133 -0.0038487171668079856 -0.001519370934948855 -0.0051052707343721198 0.015521941050982348 -0.0015626879309742798 -0.0038980765927188743 -0.0026929819005992841 -0.010286868898845109 -0.0060239023567701102
leaf_weight=525.6923518255353 478.60392955318093 4976.1719051413238 54.685018513351679 205550.6651876606 114.50191220641136 213.15853124856949 153663.30312969908 43.217743303626776 70.42232033982873 11.880234025418757 22.986184224486351 45.049847070127726 243.70977252349257 33.749033354222775 986.217449426651 286.02473478764296 14034.701228827238 501.72081172466278 1793.228195592761 42.831915557384491 345.4823399707675 29.6435427069664 602.74561128765345 146.9710782840848 189.87054578214884 178.37394236773252 1873.0795875117183 431.02937494218349 113.30089771002531 23.99892920255661
leaf_count=1692 1592 14675 221 709486 383 679 507751 164 259 109 73 88 690 101 3406 974 47569 1747 6405 117 937 32 1727 486 640 581 6580 1522 290 25
internal_value=-1.60334e-05 7.68855e-05 4.82301e-05 -8.16833e-05 -0.00254052 -7.52462e-05 5.12693e-05 -0.00280066 -0.0018678 0.00289503 -0.00443639 -0.003323 0.000923571 0.00399831 4.31398e-05 -7.03446e-05 -0.000417257 -0.000226091 -0.00129001 -0.00268898 -0.00357281 0.000902502 -0.0016184 -0.00164437 0.00160246 -0.00555304 -0.00190974 -0.00107058 -0.0070715 -0.00373549
internal_weight=387627 160484 155230 227143 593.106 226550 155175 406.715 363.497 127.352 236.145 56.9301 5253.63 277.459 154650 226144 20593 18994.6 4959.9 1598.4 1282.73 315.668 645.578 4458.18 336.842 637.157 4121.34 2248.26 458.783 455.028
internal_count=1311001 528536 513070 782465 1975 780490 512849 1372 1208 456 752 197 15466 791 511157 779118 69632 64974 17405 4658 3652 1006 1844 15658 1126 1808 14532 7952 1227 1547
is_linear=0
shrinkage=0.05


Tree=209
num_leaves=31
num_cat=0
split_feature=7 8 8 10 9 10 7 7 18 16 17 16 16 16 17 5 17 7 10 10 6 10 10 7 4 16 10 10 17 8
split_gain=0.91063 2.95563 2.0524 1.67349 2.13309 1.78248 1.49084 1.48837 1.70594 1.4315 1.75983 1.95134 1.36525 1.32571 1.3566 2.01946 1.29405 1.2848 1.33884 1.21879 1.2048 1.17723 1.14992 1.23209 1.1238 1.10766 2.68437 2.07296 2.54224 2.19328
threshold=6.5532206455302013 4.0859410030639109 4.886575525404063 6.5514602944450395 1.4978661367769956 6.4420544875491013 3.795426061844291 6.7351858371076387 1.0791666666666668 0.90056769624314192 0.64805509467998179 0.74921355212946705 0.84649134540172921 0.9461910594647257 0.65047227725875179 -0.9159756150367534 0.65130300798649621 6.590987390102673 5.6056556283943264 5.6056556283943264 0.60355339059327384 8.1179138716655235 7.6356794924471805 4.8789996228937618 2.5000000000000004 0.78615827369750269 7.5227904940025789 6.8352287666851659 0.79610934184877735 1.0000000180025095e-35
decision_type=2 2 2 2 2 2 2 2 2 2 2 2 2 2 2 2 2 2 2 2 2 2 2 2 2 2 2 2 2 2
left_child=2 -2 13 4 17 9 21 8 -5 10 11 -6 20 25 15 -15 -16 18 -3 -13 -10 -4 23 -18 -14 26 -1 -27 29 -29
right_child=1 3 6 7 5 -7 -8 -9 12 -11 -12 19 24 14 16 -17 22 -19 -20 -21 -22 -23 -24 -25 -26 27 -28 28 -30 -31
leaf_value=1.1459112398340411e-05 0.0014852046338553445 -0.0066422234586342973 -0.0013576743298928204 -0.0022113711790554881 -0.038703714439036065 0.0065067355822450244 0.0018090467901992647 -0.0007880710223612114 -0.0030495241808889892 -0.008156542707664971 0.000960267177541771 0.021905405761582231 -0.0020790767296939767 0.059064295174723058 0.055231956498514395 -0.013804648929748243 0.011774646758413733 -0.00057835184015988812 0.0063449261735890362 0.0071593729869856241 -0.020474017947179693 -0.014962585393505265 0.026955883915121104 -0.011359624088857302 -0.0052112111997905585 1.7787715903880286e-05 0.0039777736606411767 0.00030664992040532193 0.00083493440481869914 -0.0014345589956985566
leaf_weight=93485.769210658967 12616.421977113932 87.01517204195261 378.15483770519495 3221.0790185295045 25.851375639438629 425.49965680390596 11243.609238747507 54551.385120995343 226.88138204813004 57.355573870241642 2643.1553570330143 31.511250138282776 31.719425916671753 21.485911905765533 32.35506945848465 171.87647223472595 1022.1485381275415 1472.4968291632831 32.054247889667749 94.149690568447113 43.626996763050556 44.996332976967096 252.41410140693188 231.52882941812277 25.881581366062164 135437.72772952169 18381.975587073714 9095.2699277698994 10951.084244161844 31290.536599323153
leaf_count=368233 45007 251 1316 11836 32 1530 39297 188993 246 237 11358 39 33 27 40 214 3815 6088 137 116 49 170 999 920 27 411535 64705 18829 70189 64733
internal_value=-1.66689e-05 -0.00017238 2.10492e-05 -0.000312331 0.000578062 0.00130734 0.000671705 -0.00038695 -0.00137909 0.000856952 0.00101743 0.00625799 -0.00481371 -4.22279e-06 0.00137517 -0.00257214 0.0018713 -0.000923736 -0.00591951 0.00883167 -0.0033254 -0.0022418 0.00165876 0.00103883 -0.0118031 -1.22218e-05 0.000112202 -8.67451e-05 -0.000357304 -0.000540526
internal_weight=387627 75586.1 312041 62969.7 4869.09 3277.52 11666.8 58100.6 3549.19 2852.02 2794.67 151.512 328.109 300374 1731.81 193.362 1538.45 1591.57 119.069 125.661 270.508 423.151 1506.09 1253.68 57.601 298642 111868 186775 51336.9 40385.8
internal_count=1311001 265979 1045022 220972 19788 13312 40783 201184 12191 11782 11545 187 355 1004239 6015 241 5774 6476 388 155 295 1486 5734 4735 60 998224 432938 565286 153751 83562
is_linear=0
shrinkage=0.05


Tree=210
num_leaves=31
num_cat=0
split_feature=18 4 1 9 0 0 1 18 10 8 8 0 0 5 9 3 7 10 5 6 0 6 6 1 1 7 8 10 8 3
split_gain=0.867945 1.65072 2.17736 3.13824 1.54537 2.59306 1.51009 1.47667 1.82336 1.42504 1.42256 1.48593 1.39735 2.27259 1.73704 1.3489 1.85543 1.59757 1.39108 1.30234 1.29738 1.26199 1.43998 1.25819 1.236 1.87329 1.21469 1.16374 1.2846 1.50345
threshold=1.0708333333333335 3.5000000000000004 1162.5000000000002 4.5798392285869785 38.500000000000007 44.500000000000007 13074.000000000002 1.0958333333333337 6.3532720516638044 1.7005986908310777 3.9796379800581989 40.500000000000007 64.500000000000014 -0.60355339059327362 5.8536372009884516 1.0000000180025095e-35 5.4402485097224949 7.8101015432155938 1.0000000180025095e-35 0.98296291314453421 90.500000000000014 0.60355339059327384 0.25881904510252057 925.50000000000011 17777.000000000004 3.9981586158983733 4.886575525404063 7.2696029113363272 5.4951148343168761 1.0000000180025095e-35
decision_type=2 2 2 2 2 2 2 2 2 2 2 2 2 2 2 2 2 2 2 2 2 2 2 2 2 2 2 2 2 2
left_child=-1 6 3 7 -4 9 12 19 -9 21 11 -11 27 -14 -15 16 18 -18 -7 -3 -8 22 -6 -21 -17 -26 -12 28 -2 -30
right_child=1 2 4 -5 5 15 20 8 -10 10 26 -13 13 14 -16 24 17 -19 -20 23 -22 -23 -24 -25 25 -27 -28 -29 29 -31
leaf_value=-1.366128526378574e-05 -0.0001118954981294329 -0.0022438678842006234 -0.00564900332279896 -0.012247102262302037 0.019887727264059629 0.049373854111880278 0.011854270507509791 -0.014278749790976082 0.016154075240044408 0.013761452539734232 0.025463176609271911 -0.0076411020654697966 -0.0013361840495806937 0.0024265850934674874 -0.019898745159865741 -0.0011617221763473658 -0.042470647418341993 0.014430800683658852 0.0027672077626912598 -0.012279217413902491 0.069191466763122197 -0.00020780156140070007 0.050174544123662429 -0.021488716077227167 -0.021279288007588628 0.022179016960157373 0.00036932064052135896 -0.0018991397069158811 -0.01828514431788909 0.0038223955426301588
leaf_weight=353007.55619506165 9718.9816842153668 4704.2299421578646 751.28474846482277 75.020868189632893 221.70680452883244 78.939582467079163 107.40134885162115 30.294244155287743 14.293202415108679 53.352687984704971 67.711483865976334 152.05801021307707 2637.817619562149 4779.1237008646131 22.935934446752071 5482.9007049426436 20.165992543101311 22.940557330846786 57.635572247207165 70.38366687297821 18.939731299877167 68.295299477875233 37.052513025701046 30.422255575656891 28.928439401090145 33.743328459560871 79.054654203355312 4897.7221356406808 23.698410794138908 273.39964196830988
leaf_count=1273102 10597 4967 819 82 239 83 114 118 112 60 75 165 2781 5297 25 6001 23 28 65 74 20 75 40 32 31 38 84 5355 27 302
internal_value=-3.17124e-05 -0.000270848 -0.000742232 -0.00155139 -0.000185363 6.62993e-05 -1.75338e-05 -0.00139441 -0.0104517 0.00298724 0.000780228 -0.00190589 -4.83424e-05 0.000511363 0.00115904 -0.000280234 0.00398344 -0.00506043 0.00683792 -0.00131036 0.00543346 0.00536378 0.00695942 -0.00693358 -0.000418381 -0.0074003 0.00453967 -0.000327556 -1.87032e-05 0.00321996
internal_weight=387568 34560.4 12080.4 4924.64 7155.77 6404.49 22480 4849.62 44.5874 679.231 352.177 205.411 22353.7 7439.88 4802.06 5725.25 179.682 43.1065 136.575 4805.04 126.341 327.055 258.759 100.806 5545.57 62.6718 146.766 14913.8 10016.1 297.098
internal_count=1310831 37729 13211 5385 7826 7007 24518 5303 230 738 384 225 24384 8103 5322 6269 199 51 148 5073 134 354 279 106 6070 69 159 16281 10926 329
is_linear=0
shrinkage=0.05


Tree=211
num_leaves=31
num_cat=0
split_feature=18 16 10 1 5 10 1 0 17 17 0 1 8 1 10 10 9 16 10 0 0 9 10 16 10 9 16 5 1 16
split_gain=0.887874 2.05804 1.80993 1.78475 1.5398 3.24133 2.40109 1.87932 1.73535 1.89935 1.63307 2.12619 1.84575 1.54185 2.11978 1.71003 1.42739 1.40216 1.61487 1.4011 1.34626 1.34221 1.32982 1.29823 1.70629 1.70136 1.45826 2.05961 2.45336 1.91523
threshold=1.0708333333333335 0.80530725634941192 6.5736783256565259 1162.5000000000002 0.78656609248549325 7.4785793946460926 335.50000000000006 69.500000000000014 0.66237379509048522 0.65933186473910388 94.500000000000014 444.50000000000006 2.602003343538398 909.50000000000011 8.1072308966856976 7.8588067732183537 1.2424533248940002 0.83523104476989685 6.6151282590507678 17.500000000000004 147.50000000000003 1.2424533248940002 7.6487177596033016 0.72364337447615934 7.8101015432155938 5.0657496176235997 0.76559799429155406 -0.78656609248549292 2876.5000000000005 0.76232687082252271
decision_type=2 2 2 2 2 2 2 2 2 2 2 2 2 2 2 2 2 2 2 2 2 2 2 2 2 2 2 2 2 2
left_child=-1 3 16 19 17 6 -6 13 9 -9 11 -8 -13 15 22 -7 20 -4 -19 -2 -3 -17 -15 24 -5 -26 27 28 -25 -29
right_child=1 2 4 23 5 7 10 8 -10 -11 -12 12 -14 14 -16 21 -18 18 -20 -21 -22 -23 -24 26 25 -27 -28 29 -30 -31
leaf_value=-1.297822100059659e-05 0.047902761760918039 0.00054131269713642016 3.0734773027570051e-06 0.0012151563634228868 -0.005008210833305729 -0.0044442156524135065 0.029884150968648167 0.011798848879035696 0.028047546835095638 -0.0053806909044730629 -0.0038766658388581913 0.0062551092085285981 0.0094916758174912325 -0.014646961748905764 -0.012508436109591771 0.012184311399628341 0.0039768919560432435 -0.0066048997050767652 -0.00186349986398896 -0.0028986953720061756 -0.006798215065958943 -0.0024651433603459019 0.00029069585417427769 -0.0046379242307342033 0.02715567882806107 -0.026689146947092526 0.00029016597039046579 -0.0067587769396021402 0.02617264545966469 -0.010712304744515445
leaf_weight=353007.55619506165 19.198077686131001 7850.0922459959984 2639.0417929887772 1207.4221196174622 27.666838407516479 63.128770411014557 19.981699705123901 84.67778217792511 39.27996039390564 38.923595905303955 33.215638875961304 175.07714939117432 165.40220600366592 34.147098243236542 68.538806021213531 62.781218469142914 364.46232169866562 36.827648758888245 2571.9998204708099 9529.5533290579915 21.772154092788696 45.733685433864594 118.52360194921494 588.12302029132843 428.07368296384811 19.874171078205109 5335.1237212195992 2330.4959067106247 338.39675533771515 302.899946808815
leaf_count=1273102 23 8263 2778 1271 29 66 21 91 40 40 35 184 174 36 72 66 385 39 2703 10739 23 48 124 620 450 21 6263 2449 358 318
internal_value=-3.13976e-05 -0.000273263 0.000181612 -0.000600544 -0.00046181 0.00136066 0.00466803 -0.0011469 0.00336871 0.000459322 0.00566864 0.0066462 0.00571593 -0.00301912 -0.00577835 0.000536902 0.000667906 -0.000801128 -0.00162314 -0.0010958 0.000526273 0.00434341 -0.00249888 -0.000152307 0.00113339 0.00376889 -0.000391575 -0.0011753 0.000852255 -0.00188867
internal_weight=387568 34560.4 14461.3 20099.2 6224.95 977.078 421.344 555.735 162.881 123.601 393.677 360.461 340.479 392.853 221.21 171.644 8236.33 5247.87 2608.83 9548.75 7871.86 108.515 152.671 10550.4 1655.37 447.948 8895.04 3559.92 926.52 2633.4
internal_count=1310831 37729 15217 22512 6546 1026 443 583 171 131 414 379 358 412 232 180 8671 5520 2742 10762 8286 114 160 11750 1742 471 10008 3745 978 2767
is_linear=0
shrinkage=0.05


Tree=212
num_leaves=31
num_cat=2
split_feature=18 16 16 10 10 0 16 16 17 17 5 6 17 10 0 0 8 16 17 10 5 16 16 17 2 16 10 10 2 9
split_gain=0.807717 1.93085 4.17567 1.96932 2.91081 1.97838 1.96551 1.84247 1.73383 2.23423 1.73066 2.06003 1.98291 1.93935 2.21575 3.13477 2.37 2.38962 1.92174 1.88593 1.74301 1.99004 2.36366 1.82762 1.69639 1.68032 1.72763 1.7587 1.67563 1.63864
threshold=1.0708333333333335 0.76654570564470936 0.75692737795582421 6.3532720516638044 2.0502184835072974 82.500000000000014 0.74819628440837505 0.6500768209777964 0.65721354409355948 0.65813547005910744 1.0000000180025095e-35 1.0000000180025095e-35 0.65980955961161136 7.8345042055976304 27.500000000000004 31.500000000000004 4.7749040587885982 0.77968850705887938 0.65266048731061865 7.7839434739395426 0.25881904510252091 0.77968850705887938 0.78247868681815624 0.65721354409355948 0 0.77656197778896441 0.013072537315072533 0.0055928205646541074 1 3.1567740231385479
decision_type=2 2 2 2 2 2 2 2 2 2 2 2 2 2 2 2 2 2 2 2 2 2 2 2 1 2 2 2 1 2
left_child=-1 2 3 4 5 -2 -7 8 -6 -10 13 18 -13 19 -15 -16 -17 -18 -12 -3 21 -20 -23 -24 29 -14 27 -27 -22 -19
right_child=1 10 -4 -5 7 6 -8 -9 9 -11 11 12 25 14 15 16 17 24 20 -21 28 22 23 -25 -26 26 -28 -29 -30 -31
leaf_value=-1.2329309950566415e-05 -7.2769371481762324e-05 -0.00029225133190957794 -0.0068966493914290944 0.0023262897379310089 0.021237967663523729 0.044183020704049447 -0.027589314350053518 -0.0088753373800778412 -0.061597511734378156 -0.006019408038774543 0.008276016225727335 0.0044656305409790853 -0.0060170279805461524 -0.014285252995529213 0.016686611897646371 -0.0066749920171738589 0.030128768988221668 -0.0014118654405171683 -0.0091030802802744004 0.012473278837227299 5.4955559152358724e-05 0.051031444701363976 0.0079206470409081686 0.00067403334446897731 -0.010021287869737184 0.0012914271694631997 -5.2309809578824603e-05 0.021039809908013664 -0.0020245370472236931 0.012185526069108787
leaf_weight=353007.55619506165 921.89393037557602 11166.256909430027 2331.4290214702487 4872.1863146424294 27.590872228145599 137.53505182266235 35.114384770393372 2107.4730051755905 29.891331315040588 42.919362843036652 250.39839452505112 2191.2718416452408 143.06616771221161 56.054038345813751 66.350511372089386 1207.7965840101242 174.23884451389313 366.55134546756744 149.33040535449982 212.29659533500671 3108.951764523983 37.044727325439453 298.70090407133102 737.07607507705688 399.65238165855408 75.430871605873108 1218.1044863462448 71.622954845428467 1942.8457959890366 181.35989236831665
leaf_count=1273102 969 11768 3813 5125 30 145 37 2219 32 44 277 2349 146 59 70 1271 185 385 157 223 3258 39 324 763 421 77 1241 73 2038 191
internal_value=-3.00248e-05 -0.000260714 -0.000826215 -0.000293872 -0.0012365 0.000871796 0.00578388 -0.00228168 -0.00889917 -0.0129439 -1.37258e-05 0.000479552 0.00142209 -0.000378367 -0.00165381 -0.00142391 -0.00172913 -7.43457e-05 -5.48921e-05 -0.000103518 -0.000226325 0.00146805 0.0022208 0.00177696 -0.00106391 2.6793e-05 0.000567062 0.00568633 -0.000636236 0.000756745
internal_weight=387568 34560.4 10506 8174.6 3302.42 1094.54 172.649 2207.87 100.402 72.8107 24054.4 10223.8 3699.5 13830.6 2452 2395.95 2329.6 1121.8 6524.35 11378.6 6273.95 1222.15 1072.82 1035.78 947.564 1508.22 1365.16 147.054 5051.8 547.911
internal_count=1310831 37729 12414 8601 3476 1151 182 2325 106 76 25315 10742 3886 14573 2582 2523 2453 1182 6856 11991 6579 1283 1126 1087 997 1537 1391 150 5296 576
cat_boundaries=0 1 2
cat_threshold=28 21
is_linear=0
shrinkage=0.05


Tree=213
num_leaves=31
num_cat=0
split_feature=0 1 10 16 17 1 10 17 10 8 0 10 0 17 17 0 1 10 0 16 1 1 17 17 9 17 16 17 3 16
split_gain=0.779611 1.0452 1.091 0.839531 1.37503 1.43979 1.83179 1.49566 1.27494 1.11107 0.890544 0.846425 0.820769 0.807683 0.807659 1.3665 1.93565 1.25778 1.15525 1.04293 1.02908 0.901264 0.884044 1.13755 1.75092 1.80931 1.24519 1.70856 1.36554 1.90479
threshold=28.500000000000004 2389.5000000000005 2.4720611056939106 0.78247868681815624 0.66507504340750978 5086.5000000000009 6.6151282590507678 0.65130300798649621 6.2836524756025289 1.7005986908310777 24.500000000000004 3.6286626092943273 24.500000000000004 0.64853776465145774 0.64607191580427192 23.500000000000004 1044.5000000000002 6.4195514761470731 19.500000000000004 0.75692737795582421 846.50000000000011 893.50000000000011 0.71520748940142131 0.6544711875884256 1.4978661367769956 0.66656010559132584 0.7301030753069494 0.66237379509048522 1.0000000180025095e-35 0.82189695253423434
decision_type=2 2 2 2 2 2 2 2 2 2 2 2 2 2 2 2 2 2 2 2 2 2 2 2 2 2 2 2 2 2
left_child=1 14 13 11 5 6 7 12 10 -9 -7 -4 -5 -3 15 17 19 18 -1 -17 -21 -19 23 -16 26 -26 27 -25 29 -28
right_child=-2 2 3 4 -6 8 -8 9 -10 -11 -12 -13 -14 -15 22 16 -18 21 -20 20 -22 -23 -24 24 25 -27 28 -29 -30 -31
leaf_value=0.0026155554515399971 -2.84331281132158e-05 0.012777109494120521 -0.015649956033462298 0.012398783689149706 -0.0033866872228626391 0.0010739245849534784 -0.017894039101715765 -0.006533777405158642 0.026333487564388577 -0.013493566278549777 -0.01264542482312171 -0.00030813495369135251 -0.0041852031741491935 8.2492279411577895e-05 4.6290840512085156e-05 -0.027682106349180557 0.033175197519202747 0.040315397924104539 -0.0086061837946552391 0.0038902929176285184 -0.0023778848724755859 -0.0048980821845896749 0.00016063519657829597 0.04551126214144622 -0.008396002402225591 0.0013265240301934059 -0.0082567674168874845 -0.013558980199698241 -0.00063488719637475608 -0.017354323406311444
leaf_weight=28.490944445133209 371819.33611020818 41.380617618560791 51.697220843285322 31.369926512241364 800.27958668023348 20.206048130989075 133.2281249165535 49.834908366203308 40.388164520263672 31.089981734752655 19.571649253368378 663.11687171459198 29.595652103424072 441.12228687480092 2513.3761542439461 31.019798576831818 65.424320161342621 17.966240227222443 45.836867034435272 73.561378419399261 17.879886567592621 18.017544329166412 7402.7013353034854 116.67544555664062 245.20763403177261 107.6212956905365 302.44577550888062 129.44553798437119 2113.2457721829414 166.85788148641586
leaf_count=35 1256528 51 197 39 3162 26 165 62 50 37 25 2514 37 1641 3183 38 80 22 56 90 22 22 38237 137 308 184 427 196 3023 237
internal_value=-2.96671e-05 -0.000374239 -0.00134616 -0.00189301 -0.00272616 -0.00531474 -0.00703291 -0.00307953 0.000581796 -0.00753518 -0.00577192 -0.000546147 0.00283483 0.000773643 -0.000203526 0.0023695 0.00496301 -0.00204783 -0.00576266 0.00125357 0.00394106 0.0056255 -0.000262107 -0.000730451 -0.00135855 -0.00467975 -0.000944281 0.0024539 -0.00126813 -0.00370789
internal_weight=387568 15748.7 2352.88 1870.38 1155.56 355.284 275.119 141.89 80.1659 80.9249 39.7777 714.814 60.9656 482.503 13395.8 298.197 187.885 110.312 74.3278 122.461 91.4413 35.9838 13097.6 5694.88 3181.5 352.829 2828.67 246.121 2582.55 469.304
internal_count=1310831 54303 8006 6314 3603 441 340 175 101 99 51 2711 76 1692 46297 365 230 135 91 150 112 44 45932 7695 4512 492 4020 333 3687 664
is_linear=0
shrinkage=0.05


Tree=214
num_leaves=31
num_cat=0
split_feature=5 16 16 4 1 1 3 10 5 8 1 10 16 16 5 16 5 8 8 10 5 1 9 16 9 5 10 1 10 16
split_gain=0.774862 2.88667 2.76079 3.36206 3.08467 2.5848 2.26056 2.58174 2.3616 1.75085 1.64004 3.18335 2.52144 1.87423 1.67537 1.62752 1.62618 1.61891 1.52219 2.16293 1.47678 1.42584 1.39636 1.32339 1.29515 1.23952 1.20541 1.17336 1.59461 1.40543
threshold=0.12940952255126045 0.74591243234688742 0.74819628440837505 2.5000000000000004 1070.5000000000002 2255.5000000000005 1.0000000180025095e-35 6.0626624360479076 -0.70710678118654735 7.4220747473157358 4022.5000000000005 0.0077158505613392899 0.90748563302870633 0.77411901582335829 -0.25881904510252113 0.87606775566422657 0.78656609248549325 7.9008218325052129 1.2424533248940002 5.905479208128825 0.25881904510252091 459.50000000000006 7.3898646841164828 0.87162810712201477 1.8688348091416842 0.78656609248549325 0.0040779931159931546 371.50000000000006 0.65675555764692939 0.67530393782091591
decision_type=2 2 2 2 2 2 2 2 2 2 2 2 2 2 2 2 2 2 2 2 2 2 2 2 2 2 2 2 2 2
left_child=2 18 3 6 9 -3 -1 -8 17 -5 -4 -12 13 14 24 16 23 -9 25 20 -20 -11 -21 -7 -13 -2 -6 -22 -29 -30
right_child=1 5 10 4 26 15 7 8 -10 21 11 12 -14 -15 -16 -17 -18 -19 19 22 27 -23 -24 -25 -26 -27 -28 28 29 -31
leaf_value=0.0061665993078213743 0.002781950841205061 0.0003776677736845827 -0.00032319991475365659 0.00068314836936318464 -0.013605386465926995 7.954393155467088e-05 -0.010769916849315565 0.0090872762205337354 -0.0082741274020276204 -0.041888587955470492 -0.0070378570485638619 0.009800161757397086 0.044327199103595331 0.00032556247523980454 -0.0028711445196593858 0.0038939991583181125 -0.0023442541877181479 -0.034984621739768185 0.019746804970314436 -0.0031398100475667824 -0.022410751676602891 -0.022520662419356963 -0.048198266275494665 -0.0073388047376597518 0.032807189165501342 -0.003710398137737192 0.0089415627761340495 0.01277624265290981 -0.030744897920637317 -0.0090331358410277625
leaf_weight=2651.6297466903925 4796.3698168694973 108715.69061139226 183464.30251158774 8613.2901753336191 194.5380105599761 15120.861635815352 2388.5135015547276 2053.1761418804526 2352.6281752884388 45.214384503662586 617.41875801607966 2377.3128335438669 173.52201818674803 11151.125440619886 742.80462716892362 1441.6936161518097 11651.866507586092 52.732740841805935 91.872332938015461 9920.8839861378074 233.99031677097082 166.22741533815861 22.540715523064137 171.43752888590097 389.55222304910421 3846.215561889112 12463.299930222332 109.62663651257753 194.10502484440804 1353.5480355247855
leaf_count=6838 11682 379544 648653 21506 530 52935 6011 5080 5858 110 2227 12165 615 34451 3846 4971 40728 139 232 24602 585 403 56 559 1987 9329 30932 299 580 3378
internal_value=-2.78146e-05 5.75543e-05 -8.63633e-05 0.000352678 0.000699025 0.000140421 -0.000430634 -0.000910645 -0.000200018 -1.85382e-05 -0.000154744 0.000339965 0.000486378 0.000415459 0.00142315 -0.00028445 -0.000372027 0.00101626 -0.000494785 -0.000860936 -0.00236867 -0.00451357 -0.00056023 -3.29616e-05 0.00198918 1.04947e-05 0.00119929 -0.00266939 -0.00220143 -0.00261421
internal_weight=387568 157671 229897 30981.3 21482.6 137102 9498.68 6847.05 4458.54 8824.73 198916 15451.7 14834.3 14660.8 3509.67 28385.9 26944.2 2105.91 20569.2 11926.6 1983.14 211.442 9943.42 15292.3 2766.87 8642.59 12657.8 1891.27 1657.28 1547.65
internal_count=1310831 529480 781351 77407 53481 478737 23926 17088 11077 22019 703944 55291 53064 52449 17998 99193 94222 5219 50743 29732 5074 513 24658 53494 14152 21011 31462 4842 4257 3958
is_linear=0
shrinkage=0.05


Tree=215
num_leaves=31
num_cat=0
split_feature=5 16 7 16 0 9 0 1 0 16 8 8 7 0 0 3 0 7 16 1 1 1 16 8 7 16 4 3 16 7
split_gain=1.11824 1.91583 1.28487 1.05035 0.968749 0.939598 1.39679 1.27706 1.16669 1.10199 1.08518 1.46796 1.37247 1.4576 1.2717 1.02031 1.89968 1.13522 1.59028 1.00513 0.985794 1.04472 1.01694 0.93203 2.75018 1.67322 1.51787 1.91491 1.46985 2.7895
threshold=-0.9159756150367534 0.88214353201501761 2.9174053685313028 0.97182285662211954 17.500000000000004 3.7256208424938388 135.50000000000003 221.50000000000003 44.500000000000007 0.70870188235304732 5.0782890901091458 5.0072908000208587 7.108653137709358 73.500000000000014 144.50000000000003 1.0000000180025095e-35 65.500000000000014 6.7725079657475691 0.72594608427542362 2963.5000000000005 2447.5000000000005 2678.5000000000005 0.83214013540678655 1.0000000180025095e-35 2.6735537653587351 0.76060710736486381 1.5000000000000002 1.0000000180025095e-35 0.77481306712307374 3.7012257604091228
decision_type=2 2 2 2 2 2 2 2 2 2 2 2 2 2 2 2 2 2 2 2 2 2 2 2 2 2 2 2 2 2
left_child=1 2 -1 4 -3 10 7 -7 -9 19 11 -4 13 15 -15 16 -12 -17 -19 -10 22 -22 -11 28 25 -25 27 -27 29 -2
right_child=23 3 5 -5 -6 6 -8 8 9 20 12 -13 -14 14 -16 17 -18 18 -20 -21 21 -23 -24 24 -26 26 -28 -29 -30 -31
leaf_value=-0.00029137034782022179 0.0006746914338633947 0.014969138307884456 0.00065052823253194123 0.020258493466311801 -0.0015433666992951346 -0.021318725439506359 -0.026430224666397575 0.0029478125500997879 -0.051482969998298801 -0.0016039988667430395 0.052262390735418524 -0.0050362589360304355 0.0011553276315655018 -0.00088863320257057121 0.087753361777315811 0.0040081046013482561 -0.03106199442557174 0.074783066034896137 0.009358463161837572 0.036008378469188362 -0.02264027617347357 -0.0091956592643921645 0.0028667031863306466 -0.0174598028031435 -0.00020482078965826934 -0.011859364214685003 -0.0022745285642247455 0.0026105230395038329 -0.00011619771837543397 0.011384453017592567
leaf_weight=14281.948966309428 30467.384449388832 10.403870977461336 30451.096567157656 146.54155162721872 3236.5067188665271 17.957362338900566 16.488105032593012 431.51737483218312 89.033809952437878 884.10821434855461 135.41267308220267 276.8142710365355 3668.3424990102649 488.57095370441675 8.5744991414248926 1037.8191327899694 25.768556166440248 32.018837735056877 318.8513999581337 19.271566472947598 37.677016779780388 250.35784684121609 235.85173889249563 246.17917999625206 221100.99338603392 25.538104023784399 1104.7434902079403 152.67320058867335 75140.380962856114 3118.2030635736883
leaf_count=46820 119717 32 104695 534 11101 71 46 1545 235 3079 467 973 13077 1785 20 3607 91 86 1165 52 136 891 773 587 756803 84 3933 554 223546 13114
internal_value=-3.27544e-05 0.000173683 0.000247822 -0.000977855 -0.00116474 0.000398326 -0.000661804 -0.000540249 -0.000417885 -0.00107068 0.00045599 0.000338319 0.00108863 0.00212586 -0.000229923 0.00288151 0.0066471 0.00244445 0.00490309 -0.00593074 -0.000696841 -0.00330564 -2.5901e-05 -6.77056e-05 -0.000126308 -0.00223946 -0.00151495 0.00276703 5.22893e-05 0.000327269
internal_weight=387457 56100.9 52707.5 3393.45 3246.91 38425.5 1982.26 1965.77 1947.82 1516.3 36443.3 30727.9 5715.36 2047.02 497.145 1549.87 161.181 1388.69 350.87 108.305 1407.99 288.035 1119.96 331356 222630 1529.13 1282.95 178.211 108726 33585.6
internal_count=1309619 191281 179614 11667 11133 132794 6828 6782 6711 5166 125966 105668 20298 7221 1805 5416 558 4858 1251 287 4879 1027 3852 1118338 761961 5158 4571 638 356377 132831
is_linear=0
shrinkage=0.05


Tree=216
num_leaves=31
num_cat=0
split_feature=5 17 0 0 8 0 4 4 10 10 0 17 5 4 17 0 4 7 10 8 0 5 10 7 4 5 18 7 7 10
split_gain=1.00077 1.14342 2.50277 1.43042 1.78179 1.49925 1.20268 1.18784 1.14909 1.1129 2.09926 1.09672 1.94999 2.36275 1.8693 1.65851 1.77992 1.60734 1.59604 2.20928 1.43112 1.42132 1.40911 1.74919 1.34001 1.44471 1.39567 1.20755 1.55955 2.06994
threshold=-0.9159756150367534 0.69355307585676318 110.50000000000001 106.50000000000001 4.3241107269113215 43.500000000000007 2.5000000000000004 3.5000000000000004 7.5945810933342663 8.3382844508594918 37.500000000000007 0.66847687381717125 -1.0000000180025095e-35 3.5000000000000004 0.64675799809678969 23.500000000000004 2.5000000000000004 4.8081027000528378 3.3827566486316898 3.6505739029280164 16.500000000000004 -0.5 4.1279035690442862 5.8362705921142739 3.5000000000000004 -0.25881904510252113 0.9208333333333335 7.0617629995984972 5.5587548463575329 5.905479208128825
decision_type=2 2 2 2 2 2 2 2 2 2 2 2 2 2 2 2 2 2 2 2 2 2 2 2 2 2 2 2 2 2
left_child=1 2 3 5 7 9 8 -5 -4 -1 -11 12 15 -14 27 16 17 20 19 -16 -2 -19 23 -20 -13 26 -26 28 -15 -30
right_child=11 -3 6 4 -6 -7 -8 -9 -10 10 -12 24 13 14 18 -17 -18 21 22 -21 -22 -23 -24 -25 25 -27 -28 -29 29 -31
leaf_value=0.0013797273814976641 0.032322752145983173 -6.5648047414020727e-05 -0.0042313420250928808 0.023214094958267442 -0.015660908557417464 0.0004761126647224695 -0.0021458435335053538 0.0055343645755336901 -0.018506349737642407 -0.008283070005191474 0.073193398013871119 -0.00013514626573021271 0.00033298415735513731 0.0012114062371242351 0.00044702394601264241 -0.00064058646382299245 -0.00040620293554939071 -0.011395220921597364 -0.003684386301791054 0.017788101630349096 -0.0035374240575482261 -0.0053490091172238132 -0.0018776856799609721 -0.0089028710788511805 -0.0016721575093161301 4.8280666858302457e-05 0.0017679997493436905 -0.005349302399026353 -0.0085183028797211346 0.0172229180904881
leaf_weight=5679.0810772180557 29.263156175613403 31634.677050929517 232.23759478330612 89.815602660179138 39.683613836765289 17592.476045787334 635.08502554893494 62.769215226173401 57.408528506755829 35.878687083721161 41.82109147310257 131837.0857122913 47697.053903706372 1914.8389644026756 4107.0410764217377 56862.914079427719 451.69619327783585 70.743053078651428 801.35229116678238 59.747807025909424 269.60169780254364 55.735621213912964 16913.929493248463 40.620566070079803 2866.8975444957614 44445.407606437802 22192.663568116724 310.81317007541656 58.426712155342102 370.26362007856369
leaf_count=7508 38 159079 306 120 52 23130 828 80 75 48 55 621580 61437 2360 5306 73102 579 91 1034 78 351 72 21794 55 36530 207465 85555 383 72 456
internal_value=-3.12865e-05 0.000164007 0.000420684 0.000520911 0.00481594 0.000485544 -0.00213088 0.00727062 -0.00480093 0.00118594 0.00712937 -6.43512e-05 -0.00017755 -4.47402e-06 -0.000402736 -0.000394193 -0.00255192 -0.00487312 -0.000554467 0.000326208 -0.00287361 -0.00959791 -0.000761136 -0.00275752 8.74579e-06 0.000186397 0.000489981 0.000850445 0.00123883 0.00396485
internal_weight=387457 56100.9 24466.3 23541.5 192.268 23349.3 924.731 152.585 289.646 5756.78 77.6998 331356 130014 72274.1 24577 57740 877.04 425.344 21922.7 4166.79 298.865 126.479 17755.9 841.973 201342 69505 25059.6 2654.34 2343.53 428.69
internal_count=1309619 191281 32202 30993 252 30741 1209 200 381 7611 103 1118338 167208 92975 31538 74233 1131 552 28267 5384 389 163 22883 1089 951130 329550 122085 3271 2888 528
is_linear=0
shrinkage=0.05


Tree=217
num_leaves=31
num_cat=3
split_feature=9 18 6 0 16 9 16 5 10 0 5 16 7 10 7 7 16 6 7 7 16 2 3 4 2 17 7 2 10 10
split_gain=0.889954 1.02601 1.75408 1.17904 1.07579 1.05605 1.05265 0.856449 1.09961 0.861834 0.850338 1.71536 1.23201 0.948184 1.22053 1.18615 1.19138 1.49125 0.983698 2.14168 3.69468 2.6773 3.63415 3.03188 2.09915 2.06534 1.76761 2.44966 1.66949 1.63822
threshold=5.772996334337213 1.0708333333333335 0.37940952255126048 71.500000000000014 0.70517799062805808 5.8536372009884516 0.7878402286367705 -0.25881904510252113 8.2031868854386101 46.500000000000007 -0.9159756150367534 0.88321570753224454 2.8029010331479989 8.2503539996157595 7.9503261612304357 8.0483089226670437 0.9461910594647257 0.25881904510252057 1.0397207708399181 2.3502401828962087 0.75487371117856195 0 1.0000000180025095e-35 1.5000000000000002 1 0.66507504340750978 2.524928003624769 2 6.9867790336588564 0.040486699357039899
decision_type=2 2 2 2 2 2 2 2 2 2 2 2 2 2 2 2 2 2 2 2 2 1 2 2 1 2 2 1 2 2
left_child=10 5 3 4 -3 7 -5 -2 -9 -10 11 12 -1 18 -15 -16 -17 -18 -12 20 24 -22 -23 25 -20 -24 27 -21 -27 -29
right_child=1 2 -4 6 -6 -7 -8 8 9 -11 13 -13 -14 14 15 16 17 -19 19 26 21 22 23 -25 -26 28 -28 29 -30 -31
leaf_value=-0.00030935847740785617 -0.014576467351344536 -0.072155540193595047 -0.016162781542557843 0.062608631718642727 -0.0038763730172352018 -0.00049906982602930256 -0.0061793118068196352 -0.0054783616257885435 -0.011263949226294791 0.061471970651097656 0.00037200918205435588 -0.0012451356037306962 0.00067025053165195581 0.0055200305403373178 -0.011143599163483564 0.00052472091291413394 -0.012180610058687966 0.022707730595191211 -0.003660590740871994 0.0089198032009472749 -0.0039079017060384197 -0.0046305191608190582 0.0027315460853951702 -4.5317174574982522e-06 -0.013916101141802018 0.0010220134452565977 -0.00017882815307125323 0.0028132853267295952 -0.0059510430327869672 -0.00057305353980995066
leaf_weight=13887.345330853015 79.924373008310795 13.271692991256712 54.847182676196098 27.359404668211937 91.330346621572971 2043.099677208811 21.681549727916718 64.601312603801489 7.8013522997498539 18.302749048918486 36519.757937937975 3211.7759203240275 38635.21735444665 3814.1700045056641 269.89184451475739 6006.0189708732069 57.164538495242596 30.059364125132561 1291.5319954007864 2674.8464406728745 3067.0976014137268 2927.557841680944 623.77966803312302 9867.2795377634466 1438.9771504104137 1121.039925172925 247125.63834536821 3851.693585280329 101.31356604397297 8512.6528055518866
leaf_count=45494 281 14 60 31 103 7760 23 239 21 55 118885 11016 133477 10175 738 17515 172 84 3152 8752 10411 9824 778 33316 3455 4934 848676 12572 452 27154
internal_value=-3.12263e-05 -0.000986627 -0.00433981 -0.00159967 -0.00459875 -0.000670822 0.00479721 -0.00444974 -0.00112455 0.00753586 -2.52159e-05 0.000155398 0.000223992 -5.57849e-05 0.000419313 -4.61623e-06 0.000139057 -0.00566252 -7.09365e-05 -0.000102494 -0.000595464 -0.000331485 -4.94694e-05 0.000344316 -0.00230744 0.00220405 -6.40612e-05 0.000462225 0.00100937 0.000164464
internal_weight=387457 2422.22 208.49 153.643 104.602 2213.73 49.041 170.63 90.7054 26.1041 385035 55734.3 52522.6 329300 10177.3 6363.13 6093.24 87.2239 319123 282603 20438.6 17708.1 14641 11713.4 2730.51 1846.13 262165 15039.2 1222.35 12364.3
internal_count=1309619 8587 231 171 117 8356 54 596 315 76 1301032 189987 178971 1111045 28684 18509 17771 256 1082361 963476 66322 59715 49304 39480 6607 6164 897154 48478 5386 39726
cat_boundaries=0 1 2 3
cat_threshold=2 12 2
is_linear=0
shrinkage=0.05


Tree=218
num_leaves=31
num_cat=0
split_feature=5 16 16 8 16 9 7 7 1 3 1 8 1 7 8 10 8 10 7 7 10 9 10 7 16 4 7 1 16 1
split_gain=0.805642 1.58348 1.1547 1.72254 1.06502 1.8873 1.5621 1.06525 1.05339 0.940134 1.03002 1.72991 1.68398 1.24856 1.0893 1.18633 0.951701 0.991281 0.919765 0.915224 1.27914 1.18165 0.86107 1.66437 0.841686 0.840575 1.10299 0.847951 1.49443 1.26922
threshold=-0.9159756150367534 0.8847782686317428 0.88926421891343954 5.8245230014317348 0.71230193001861186 4.5798392285869785 1.0000000180025095e-35 3.0201273556387074 1143.5000000000002 1.0000000180025095e-35 1395.5000000000002 2.0126758453675748 1481.5000000000002 6.187236373491543 5.3958951239350581 8.2341025566602486 7.4958196445301075 8.0968046622812135 4.3882378946731615 4.9663289649179552 7.9292096708947346 2.0126758453675748 7.9717224783790419 8.5772529079372504 0.70870188235304732 1.5000000000000002 1.0397207708399181 459.50000000000006 0.6500768209777964 388.50000000000006
decision_type=2 2 2 2 2 2 2 2 2 2 2 2 2 2 2 2 2 2 2 2 2 2 2 2 2 2 2 2 2 2
left_child=1 4 3 -3 5 6 -1 -6 -7 16 14 12 -12 -13 15 25 17 19 -14 20 24 -21 -16 -24 -8 26 -11 28 -27 -30
right_child=-2 2 -4 -5 7 8 9 -9 -10 10 11 13 18 -15 22 -17 -18 -19 -20 21 -22 -23 23 -25 -26 27 -28 -29 29 -31
leaf_value=-0.051814218302016435 -0.00010859754343131231 -0.0013854230644794741 -0.0009690151339159695 -0.0049368120449847621 -0.00033196014991148244 -0.055022914816958229 0.023441935239154412 0.00051324491786278734 -0.0022470617232108968 0.037618129266519022 0.072862739869850132 -0.0092770407284516795 0.017157693975845878 0.014204286193506999 -0.011920498736140629 -0.050993345536970484 -0.046888957667137722 0.036145195304246695 0.035112011813525482 -0.016886013354539497 -0.04949065281559837 0.056091905237854615 0.066656826972960714 -0.0076040239540051124 0.060801303065751156 -0.073897418427209025 0.0031974640299226812 -0.0056101643250521362 0.014225912933361418 -0.042134123040506691
leaf_weight=31.828998871147633 331356.09583666921 513.96735873073339 2431.5215960890055 56.953126333653927 14212.337154686451 39.935455851256847 392.91443267464638 36078.065229635686 41.692199252545834 16.143664672970772 35.220325827598572 260.69328229874372 393.74362960457802 292.21726623922586 60.616866432130337 28.260796159505844 9.6300444006919843 78.731948368251324 84.481817238032818 122.61523189395666 19.284054115414619 32.39281277358532 48.211824923753738 36.578683145344257 40.301687225699425 21.162737525999546 91.568710520863533 570.64391133934259 33.621521428227425 25.597164794802666
leaf_count=93 1118338 1687 8581 181 46986 97 1023 126546 102 42 85 683 982 835 175 59 25 181 207 332 52 89 116 97 89 60 242 1475 95 64
internal_value=-2.88556e-05 0.000146368 -0.00097074 -0.00299431 0.000209534 0.00115718 0.00138146 0.00015662 -0.00633428 0.00151154 0.000960476 0.00202184 0.00411166 8.11729e-05 -0.000253361 -0.000987954 0.00309436 0.0033134 0.00333457 0.00262928 0.00376515 -0.000686527 0.00372253 0.0069758 0.00432602 -0.000613299 0.00347816 -0.00129023 -0.0060982 -0.00202265
internal_weight=387457 56100.9 3002.44 570.92 53098.5 2808.09 2726.46 50290.4 81.6277 2694.63 1998.76 1066.36 513.446 552.911 932.406 786.999 695.87 686.24 478.225 607.508 452.5 155.008 145.407 84.7905 433.216 758.738 107.712 651.025 80.3814 59.2187
internal_count=1309619 191281 10449 1868 180832 7300 7101 173532 199 7008 5217 2792 1274 1518 2425 2037 1791 1766 1189 1585 1164 421 388 213 1112 1978 284 1694 219 159
is_linear=0
shrinkage=0.05


Tree=219
num_leaves=31
num_cat=0
split_feature=1 7 10 10 17 16 18 10 17 4 16 7 16 4 17 17 17 3 8 7 0 17 18 17 1 17 7 8 7 10
split_gain=0.796973 1.27017 1.41518 1.35371 1.2981 1.16789 1.08182 0.941523 1.45331 0.932807 0.857986 0.825029 0.787769 1.55171 1.18277 0.972434 1.39473 1.07927 0.960636 0.932316 0.894276 1.05374 0.915193 2.20674 0.879266 0.745642 0.730634 0.701265 1.22265 1.31748
threshold=131.50000000000003 5.2284276452838947 6.2836524756025289 6.6773997267357688 0.64632798978931005 0.77912472761430129 1.0625000000000002 5.8317312297695052 0.65933186473910388 2.5000000000000004 0.7355916861827595 4.7578820629520608 0.97182285662211954 1.5000000000000002 0.78997110768990131 0.65047227725875179 0.65185921791924917 1.0000000180025095e-35 5.4315338162543414 9.7540009636654226 75.500000000000014 0.66237379509048522 1.029166666666667 0.66507504340750978 689.50000000000011 0.79127073924281743 4.2268071048866842 8.336749862461053 9.1195400016540109 8.3125550392534944
decision_type=2 2 2 2 2 2 2 2 2 2 2 2 2 2 2 2 2 2 2 2 2 2 2 2 2 2 2 2 2 2
left_child=1 2 4 10 -1 6 -5 -6 -9 -3 -4 26 27 15 18 17 -17 -14 -15 20 22 -22 23 -18 -16 -21 -10 -2 -29 -30
right_child=12 9 3 5 7 -7 -8 8 11 -11 -12 -13 13 14 24 16 19 -19 -20 25 21 -23 -24 -25 -26 -27 -28 28 29 -31
leaf_value=-0.020865051336092188 -4.1970446090547347e-05 -0.0029711340217605563 0.1138563979269997 -0.0024983673058781245 -0.0012435191105567901 0.010523840431451976 -0.030408329905585164 -0.018947173438139731 -0.0016686591922871752 -0.014036204689429411 0.022249870933719634 0.029578015357442613 -0.055133138527187354 -0.014954910624617502 -0.014080415700279836 0.076513106599379044 -0.01936848879686557 0.024333689391676384 -0.025149081976606577 -0.044685200152155657 -0.045831661201210364 0.009594099992565986 0.056854793456296827 0.025214566392898964 0.020179396507616423 -0.011810295985431674 -0.014295621232820728 0.002718904138103734 -0.0044871267131270489 0.0037320668246789181
leaf_weight=28.480664730072021 382975.3245889917 164.32161627709866 10.979848116636274 111.47455380856991 774.03545266389847 173.00214084237814 27.799281649291515 21.495026230812073 52.39228468760848 126.5574347153306 61.942806329578161 5.7807154618203631 38.156867802143097 107.91327267885208 64.194032266736031 23.239623963832855 23.512255251407623 50.148745238780975 15.922241330146788 6.5927039980888358 20.646212220191956 133.0314143076539 55.944156646728516 550.27583673596382 75.536225825548172 8.3530743271112424 10.204120632261036 353.98685673624277 1084.7347274981439 301.0505877584219
leaf_count=35 1294450 580 24 431 2485 522 35 26 218 466 217 20 47 160 343 28 35 63 23 16 24 528 62 2289 416 44 33 1228 3918 853
internal_value=-2.81594e-05 -0.00115295 -0.000474026 0.00205886 -0.00156734 0.000626496 -0.00278145 -0.0012211 -0.00606527 -0.00413491 0.00819264 -0.00250034 -2.35876e-05 0.00126993 -0.00210832 0.00224849 0.00278437 -0.00273734 -0.00566626 0.00243289 0.00266889 -0.000750776 0.00350342 0.00290823 0.0010449 -0.00993765 -0.00416938 -2.75331e-05 -0.0010291 -0.00169902
internal_weight=387457 1568.47 1277.59 385.199 892.388 312.276 139.274 863.908 89.8721 290.879 72.9227 68.3771 385889 1173.47 263.566 909.901 821.595 88.3056 123.836 798.356 783.41 153.678 629.732 573.788 139.73 14.9458 62.5964 384715 1739.77 1385.79
internal_count=1309619 5092 4046 1229 2817 988 466 2782 297 1046 241 271 1304527 4078 942 3136 3026 110 183 2998 2938 552 2386 2324 759 60 251 1300449 5999 4771
is_linear=0
shrinkage=0.05


Tree=220
num_leaves=31
num_cat=1
split_feature=8 16 2 10 16 10 6 9 4 16 4 10 16 17 16 4 10 10 8 4 17 10 4 16 16 10 9 10 9 16
split_gain=1.12261 1.4824 3.41563 3.08894 2.78215 3.17021 2.6609 2.72158 2.4486 3.15828 2.20411 3.80171 4.98798 2.11057 2.83321 2.03009 2.0084 2.0751 1.95654 1.83652 2.90836 2.94001 1.81175 3.93765 1.90656 2.43543 1.75068 1.69374 1.69292 1.67982
threshold=1.2424533248940002 0.80263627494539491 0 7.5227904940025789 0.87093098878569231 7.7709141262221211 0.60355339059327384 2.9700856263602158 1.5000000000000002 0.82581605217958109 1.5000000000000002 6.2596303779279365 0.75585081854172964 0.65721354409355948 0.87260122516658101 1.5000000000000002 5.6357330754872352 3.8494083025890826 1.7005986908310777 4.5000000000000009 0.67112732600106184 7.0568319800364909 2.5000000000000004 0.86875386461544013 0.83100810020223159 7.0735233155969857 2.740319461670996 7.8710827681682654 2.602003343538398 0.82805938968709258
decision_type=2 2 1 2 2 2 2 2 2 2 2 2 2 2 2 2 2 2 2 2 2 2 2 2 2 2 2 2 2 2
left_child=-1 3 22 10 5 6 7 28 9 -7 11 12 -2 14 -6 -9 17 -16 -14 -15 21 -21 23 -3 25 -24 -18 -11 -4 -29
right_child=1 2 4 -5 13 8 -8 15 -10 27 -12 -13 18 19 16 -17 26 -19 -20 20 -22 -23 24 -25 -26 -27 -28 29 -30 -31
leaf_value=0.00016963782663838544 -0.0066988851196118811 -0.0035618550870376909 0.00058886170575290575 0.00043445009512397273 -0.0026046027839142158 -0.0028201465652792344 -0.00033420112009947687 0.0033084999127462947 2.5005014708656682e-05 -0.0053704812393171389 -0.0016371859231565145 -0.0013464985376869965 -8.9466162119858364e-05 -0.00051506566632513742 0.00035961729895770403 0.0016809984640651977 1.9123283464306254e-05 0.0066573356094480618 0.0033244265020233215 -0.0016220382757412286 -0.0011221558599660258 -0.0078504120027959434 -0.001236972524414115 0.0069799265775862488 -0.0019024490595291378 0.0057337787931570072 0.0036836253007351953 0.027048662401928138 -0.0013725910321533649 0.0014257345427866582
leaf_weight=160529.71074428782 595.41096848249435 5416.0907508209348 42256.217825680971 47667.210314638913 231.01042771339417 1962.7614459693432 9931.7555193677545 368.30471511930227 16616.198734767735 145.59987047314644 60126.067041106522 2707.8070840425789 373.96591230481863 13371.797706782818 250.73905217647552 2279.1305907070637 2099.0782390832901 330.65097987651825 1695.3306559324265 133.6703035235405 1187.2681547552347 111.17943423986435 3971.8454553857446 1031.4922378212214 7140.3084560334682 3162.8379732742906 310.97162538766861 66.449654974043369 830.94308190792799 992.7588399425149
leaf_count=528973 1664 16743 130075 168411 293 5372 31415 1141 50097 506 232954 10844 1734 51236 320 7551 2653 418 8079 179 5188 145 12380 3296 23857 9590 392 217 2766 3280
internal_value=-9.91277e-06 -8.13861e-05 4.57058e-05 -0.000209639 0.00017446 0.000307811 0.000501026 0.00066212 -0.000235847 -0.00150987 -0.000432488 0.000537829 0.0018786 -0.000383586 0.000776021 0.00221815 0.00118802 0.00382577 0.00303899 -0.000636004 -0.00233771 -0.0072994 -0.000534913 -0.00123081 -0.00022097 0.000357097 0.000551695 0.000505279 0.000566511 0.00120034
internal_weight=387895 227365 114199 113166 93476.5 75450.1 55666.4 45734.6 19783.8 3167.57 65498.6 5372.51 2664.71 18026.4 3222.45 2647.44 2991.44 581.39 2069.3 14803.9 1432.12 244.85 20722.6 6447.58 14275 7134.68 2410.05 1204.81 43087.2 1059.21
internal_count=1311769 782796 359110 423686 293244 232420 172948 141533 59472 9375 255275 22321 11477 60824 4076 8692 3783 738 9813 56748 5512 324 65866 20039 45827 21970 3045 4003 132841 3497
cat_boundaries=0 1
cat_threshold=2
is_linear=0
shrinkage=0.05


Tree=221
num_leaves=31
num_cat=0
split_feature=10 10 10 8 17 16 16 11 3 0 1 4 1 8 16 4 4 8 16 1 17 4 3 1 16 10 1 5 16 8
split_gain=1.06126 2.18222 2.11976 1.93656 2.15504 1.86723 1.86152 1.80352 1.72252 2.20133 1.72532 1.65184 1.81369 1.59901 2.45902 1.56173 1.41636 1.63528 1.41236 1.40672 2.02971 1.50262 1.35351 1.24227 1.372 1.23792 1.50158 1.22961 1.30672 1.21589
threshold=0.098905681065719467 0.012050400015810229 3.555428868879384 5.1089666311285624 0.66237379509048522 0.75382425525355401 0.8224798576058957 1.0000000180025095e-35 1.0000000180025095e-35 104.50000000000001 3109.5000000000005 1.5000000000000002 268.50000000000006 1.8688348091416842 0.83214013540678655 3.5000000000000004 2.5000000000000004 0.89587973461402759 0.85672772824506083 2229.5000000000005 0.6484252398823479 3.5000000000000004 1.0000000180025095e-35 2607.5000000000005 0.861421261414552 0.0262312712915155 5746.5000000000009 1.0000000180025095e-35 0.78032535351180055 0.89587973461402759
decision_type=2 2 2 2 2 2 2 2 2 2 2 2 2 2 2 2 2 2 2 2 2 2 2 2 2 2 2 2 2 2
left_child=1 23 3 5 -5 15 7 25 16 10 11 12 -10 -14 -15 22 -7 -18 27 -13 21 -21 -2 -1 -25 -3 29 28 -12 -27
right_child=2 6 -4 4 -6 8 -8 -9 9 -11 18 19 13 14 -16 -17 17 -19 -20 20 -22 -23 -24 24 -26 26 -28 -29 -30 -31
leaf_value=8.6001755077193268e-05 -0.0026046636700166274 0.00026657048154334339 3.27915375728724e-06 0.020011387649196286 0.0049886028659858169 -0.0068186248610791426 7.7889025487692952e-06 0.0087101273919983121 0.0024526239010313022 -0.0024330264295802486 0.008907121090432844 -0.00023228458444112812 0.00020848046808528698 0.0022076913532567827 -0.001163535823325515 -0.0015733335348009803 0.0017253378164378943 -0.0060831940713409584 0.0050182880274454505 0.0054524746530329182 0.0015721716156108234 0.041798857173786674 -0.011806512054114971 -0.002786823288768614 0.0076218285070470577 0.0051038451783796514 0.028007559148389174 -0.0049360432950190276 -0.0032877794186951248 -0.0022650371227466437
leaf_weight=28687.582663543522 635.33408939838409 4350.5102017894387 302994.58719357476 35.363953351974487 206.01240091398358 1817.3431446105242 6479.5003945529461 3477.4076842069626 117.93033517897129 1434.6003601588309 444.86874157935381 16391.865719456226 2553.3455944359303 504.14969278872013 162.74904388189316 1627.8229374587536 1557.488856844604 629.03062671795487 393.65629587322474 88.179515540599823 2194.7231850102544 62.164347052574158 1812.9742309600115 3448.7059783898294 251.59456772357225 1951.1468080878258 201.53674289956689 1590.1011766195297 1346.32575763762 445.96155634149909
leaf_count=98051 1628 15778 1021284 43 977 6325 20456 11523 406 4936 2486 58526 8611 1862 635 4054 5540 2384 1344 109 8180 77 4581 12020 874 6794 704 5691 4182 1708
internal_value=-9.71035e-06 0.000207046 -4.1266e-05 -0.000406209 0.00405714 -0.000436673 0.000667506 0.00108111 -0.000305539 -0.000163424 -5.76233e-05 0.000111296 0.001136 0.000912965 0.00309306 -0.00144326 -0.00127399 -0.000416643 -0.00104543 -7.12649e-05 0.00107414 0.0066944 -0.00224129 -3.33091e-05 -0.000895523 0.000615928 0.0014794 -0.00137542 -0.000477053 0.0011309
internal_weight=387895 49293.9 338601 35606 241.376 35364.7 16906.1 10426.6 31288.5 27284.7 25850.1 22075.1 3338.17 3220.24 666.899 4076.13 4003.86 2186.52 3774.95 18736.9 2345.07 150.344 2448.31 32387.9 3700.3 6949.16 2598.65 3381.3 1791.19 2397.11
internal_count=1311769 167908 1143861 122577 1020 121557 56963 36507 111294 97045 92109 78406 11514 11108 2497 10263 14249 7924 13703 66892 8366 186 6209 110945 12894 24984 9206 12359 6668 8502
is_linear=0
shrinkage=0.05


Tree=222
num_leaves=31
num_cat=0
split_feature=8 16 1 10 3 16 6 1 10 1 5 4 16 10 3 1 1 1 8 0 17 17 0 16 4 10 10 8 17 16
split_gain=0.943868 1.33966 3.17274 2.97177 4.4777 5.03333 4.12409 4.37608 2.71254 2.3838 2.31125 1.91628 3.55537 4.58409 2.4336 3.02035 1.88316 1.86935 1.85314 1.83845 2.29815 1.83077 2.21014 1.80829 4.74909 1.93161 1.76874 1.76712 2.4952 1.7613
threshold=1.2424533248940002 0.80263627494539491 2067.5000000000005 6.8164374793755229 1.0000000180025095e-35 0.90056769624314192 0.60355339059327384 823.50000000000011 7.5227904940025789 298.50000000000006 0.37940952255126054 1.5000000000000002 0.76386542164760074 6.2596303779279365 1.0000000180025095e-35 604.50000000000011 257.50000000000006 667.50000000000011 4.9163179057820896 36.500000000000007 0.65130300798649621 0.65737091758083455 30.500000000000004 0.82340483352627902 1.5000000000000002 8.2897175009295605 4.0592278643616817 4.3882378946731615 0.64805509467998179 0.77026250544891328
decision_type=2 2 2 2 2 2 2 2 2 2 2 2 2 2 2 2 2 2 2 2 2 2 2 2 2 2 2 2 2 2
left_child=-1 8 3 4 10 6 7 16 11 -10 26 12 -2 14 -14 -16 -6 18 -13 20 27 22 -20 24 -4 -25 -3 -9 -29 -15
right_child=1 2 23 -5 5 -7 -8 19 9 -11 -12 17 13 29 15 -17 -18 -19 21 -21 -22 -23 -24 25 -26 -27 -28 28 -30 -31
leaf_value=0.00015954568569120087 -0.0025597819894961349 -0.0081003962127870616 -0.0046047603614794473 -0.00012694140159968671 0.0021476667031279958 -0.0040501474685077548 -0.00032510612780187469 0.0065365609045824283 -0.0065316785012399965 0.00077423516368213541 0.0012209203089710797 -0.0022886420236211125 -0.004731000127715268 0.0049317981508774644 0.0042875217909834297 0.0026351638148024159 0.00098563935225114835 -0.0011286463046098429 0.055268422757545899 0.0003803390452985306 0.001173909952118822 -0.0046471296168701659 -0.012708487486065706 -0.0018664828603247143 0.0013115709371472385 0.010476726079627475 -0.0033202463689263554 0.0085240658724159753 -0.0048315786706342517 -0.0018190451712902568
leaf_weight=160529.71074428782 1975.0094201564789 631.58820408582687 991.16567856818438 48305.530107393861 407.19878503680229 1356.6762964874506 5999.6272284463048 271.94694477319717 1750.0296470224857 45917.180667616427 1692.7217422574759 11271.520463820547 188.0035498291254 390.28305214270949 313.44750699400902 1262.2634232640266 9577.9991982355714 47227.894134510309 22.700234472751617 14820.735740803182 1909.0819054991007 1250.8357148393989 353.11649346351624 16444.81876128912 8951.9914851859212 551.38861702382565 2245.0783403813839 20.233176231384277 21.278864085674286 1243.5076683759689
leaf_count=528973 5092 2018 2595 150145 1250 4703 19153 342 6120 162291 5365 43152 1021 4622 1770 6333 29795 182844 28 46688 6705 6487 443 54460 27012 1597 7230 25 27 3483
internal_value=-1.05509e-05 -7.60877e-05 4.47303e-05 0.000191165 0.000516096 0.000711515 0.000834121 0.00109736 -0.000198009 8.89413e-05 -0.000954437 -0.00040684 0.000497905 0.00147859 0.00324625 0.0038878 0.00192854 -0.000487682 -0.00102116 0.000610384 0.00195139 -0.00259879 -0.005659 -0.000429587 0.000105992 -0.000742913 -0.00181704 0.00591925 -0.00368953 -0.000429652
internal_weight=387895 227365 114199 87259.7 38954.2 34384.8 33028.1 27028.5 113166 47667.2 4569.39 65498.6 5372.51 3397.51 1763.71 1575.71 9985.2 60126.1 12898.2 17043.3 2222.54 1626.65 375.817 26939.4 9943.16 16996.2 2876.67 313.459 41.512 1633.79
internal_count=1311769 782796 359110 273446 123301 108688 103985 84832 423686 168411 14613 255275 22321 17229 9124 8103 31045 232954 50110 53787 7099 6958 471 85664 29607 56057 9248 394 52 8105
is_linear=0
shrinkage=0.05


Tree=223
num_leaves=31
num_cat=0
split_feature=6 4 16 16 1 1 1 16 16 16 16 16 1 17 16 16 16 17 0 1 0 5 17 16 16 17 17 9 1 0
split_gain=0.776525 1.77446 2.70491 4.94847 1.5374 1.30208 1.28678 1.27581 1.13339 2.10674 1.26271 1.58939 1.12911 1.21789 1.11544 0.990381 2.21327 2.27336 1.37186 1.23085 1.20892 1.15425 2.0913 1.02886 1.629 1.30554 1.10943 0.981653 0.980827 0.980097
threshold=0.91597561503675351 1.5000000000000002 0.84575235855813069 0.81327991938713906 3668.5000000000005 1832.5000000000002 1468.5000000000002 0.86985364382818464 0.82537325419067853 0.82872382376875298 0.82340483352627902 0.81759950385457481 4606.5000000000009 0.65047227725875179 0.84935014080349602 0.80898032621629334 0.80530725634941192 0.65933186473910388 29.500000000000004 307.50000000000006 79.500000000000014 0.12940952255126045 0.64991817661828988 0.79397100198119108 0.77026250544891328 0.6657714024266651 0.66268314391858796 3.1132683346437333 1533.5000000000002 70.500000000000014
decision_type=2 2 2 2 2 2 2 2 2 2 2 2 2 2 2 2 2 2 2 2 2 2 2 2 2 2 2 2 2 2
left_child=-1 2 3 6 14 27 15 -7 10 -10 11 -5 -9 -14 -4 16 17 18 -2 -17 21 29 -23 24 26 -25 -19 -3 -8 -20
right_child=1 5 4 8 -6 7 28 12 9 -11 -12 -13 13 -15 -16 19 -18 23 20 -21 -22 22 -24 25 -26 -27 -28 -29 -30 -31
leaf_value=-6.0610302937846172e-05 0.028566597284609377 0.0006967931196478858 0.063784748543935746 -0.0035068192333493732 0.070717322788788228 0.004310088254864986 -0.010599561503938888 -0.0035254925738644085 0.012134025017494636 -0.0036781544499452953 -0.0039588737641698488 0.000915749495455212 0.093632499002512415 0.0084150687333492298 0.0043097547536474186 -0.0021801183738816149 -0.0031246177758657346 -0.0086922438701614816 0.011293570155153388 0.018768443621852177 0.045917665873917414 -0.01542356904017015 0.010917859226631566 -0.0099609346036273593 -0.0052459957613594571 0.038285302855427042 0.007519346779931344 -0.0038772506630347816 -0.004289922695841164 -0.0045528583435786923
leaf_weight=360252.86703233793 18.162280976772308 15274.07665829733 17.659856423735619 349.25566998869181 31.864233143627644 7381.1832196079195 25.552900690585375 466.16300398111343 51.002399854362011 374.53187590092421 196.23120432347059 133.96138136833906 9.7151269912719709 72.123766295611858 660.40799670666456 10.707600384950636 130.17662687599659 40.694982707500458 159.12470012903214 72.766337193548679 43.434178292751312 29.227933585643768 37.016826629638672 19.099970936775208 251.74726990610361 58.496579088270664 339.61364624276757 919.28820037096739 450.10718991234899 18.303147435188293
leaf_count=1216632 23 52671 51 741 86 25287 107 1562 147 1469 742 497 12 263 1996 29 241 49 197 193 54 37 45 24 876 217 2511 3346 1641 23
internal_value=-1.18249e-05 0.00024357 -0.00080528 -0.00150214 0.00195219 0.000396583 0.000187629 0.000921548 -0.00410829 -0.00208483 -0.00537556 -0.00400197 -0.00140612 0.00401061 0.0014478 0.00104251 0.000659223 0.00144648 0.0050545 0.00630046 0.00421146 0.00284166 -0.00279021 -0.000105574 -0.000772641 0.00532796 0.00129258 0.00013953 -0.00202043 0.00494438
internal_weight=387895 27641.7 3519.15 2809.21 709.932 24122.5 1704.23 7929.19 1104.98 425.534 679.448 483.217 548.002 81.8389 678.068 1228.57 1145.1 1014.92 305.269 83.4739 287.107 243.673 66.2448 709.652 632.056 77.5966 380.309 16193.4 475.66 177.428
internal_count=1311769 95137 11996 9863 2133 83141 6267 27124 3596 1616 1980 1238 1837 275 2047 4519 4297 4056 379 222 356 302 82 3677 3436 241 2560 56017 1748 220
is_linear=0
shrinkage=0.05


Tree=224
num_leaves=31
num_cat=0
split_feature=8 7 7 7 16 7 7 0 16 4 1 3 7 1 6 7 8 8 1 16 8 7 3 10 6 1 0 6 10 16
split_gain=0.875149 2.07815 3.16969 2.34856 2.25416 2.16244 2.86382 2.674 2.31026 3.78235 2.26166 3.02317 2.06613 1.84251 1.61685 1.54619 4.70814 2.71097 2.87202 2.91842 2.18649 2.65405 1.68482 2.36779 1.75785 1.88076 1.64567 1.59463 1.54429 1.53971
threshold=1.2424533248940002 3.7012257604091228 3.7494348669884658 3.5408542930527882 0.77544768026853006 3.4175922930736511 3.1984648276080736 105.50000000000001 0.86765078569965659 2.5000000000000004 1284.5000000000002 1.0000000180025095e-35 3.9219243190762363 8480.5000000000018 0.78656609248549303 4.791641144189394 2.9700856263602158 3.1567740231385479 1962.5000000000002 0.76654570564470936 2.0126758453675748 4.3372693810700085 1.0000000180025095e-35 6.8164374793755229 0.60355339059327384 718.50000000000011 28.500000000000004 -0.78656609248549325 5.8817821543845819 0.77481306712307374
decision_type=2 2 2 2 2 2 2 2 2 2 2 2 2 2 2 2 2 2 2 2 2 2 2 2 2 2 2 2 2 2
left_child=1 3 -3 5 12 6 8 -7 -1 10 -10 28 14 -14 -4 17 -17 18 19 -2 21 -20 -21 24 25 -24 -23 -28 -12 -25
right_child=15 2 4 -5 -6 7 -8 -9 9 -11 11 -13 13 -15 -16 16 -18 -19 20 22 -22 26 23 29 -26 -27 27 -29 -30 -31
leaf_value=-4.8389463736372985e-05 -0.0029643173866698239 0.0083490692381822471 -0.0050847324531336675 -0.0021833816593341271 -5.4608238657555269e-05 0.0017524804500777674 -0.0014840959967694634 0.019692715455228906 0.0027219310186675561 -0.00021427633363921216 -0.00040759686410228872 0.014462568444767766 0.0074317090478888126 0.040000275252933704 0.018930797253224677 0.0013742292175801753 -0.00024516343641323716 0.00074489095113246251 -0.0016595576358295117 -0.002470485201513173 -0.0034508141994791493 -0.013123058651442983 0.00088706384665246385 0.0064575958947505844 -0.00053265836269433407 0.00030512904155852172 -0.001674333010470719 0.009252799031708548 -0.028494024074232339 -0.0011086810760518068
leaf_weight=105251.46080319211 9819.7289265170693 2117.2440664283931 1215.5710890106857 4305.7893729880452 15744.615783527493 6520.3284345977008 6502.5062650665641 368.25688881054521 4366.299471847713 6090.7394570335746 99.882449761033058 1272.4245551973581 6274.878527790308 178.89764988049865 177.21931883320212 28907.613496880978 124459.85236660019 12837.140446070582 6589.9589656889439 5663.051781386137 8666.5611154735088 56.063165139406919 5148.5658879429102 461.95949702709913 3854.1307949274778 12176.724578529596 454.79257605224848 1133.0370058603585 43.596610322594643 7135.6724481955171
leaf_count=343119 45268 7019 5084 14445 48485 21735 21264 1193 13869 20481 299 4078 26408 644 729 100935 434575 44181 21292 17104 29108 192 15351 1159 11505 36014 1461 3776 121 20875
internal_value=-1.17485e-05 7.7631e-05 0.000489608 -9.26872e-07 0.000323285 3.69773e-05 -1.10645e-05 0.000899165 4.56381e-05 0.000706805 0.00162273 0.00335924 0.00101562 0.00139253 -0.000730901 -7.48545e-05 1.57149e-05 -0.000262569 -0.00040122 -0.000189495 -0.0009557 -0.000372232 2.73036e-05 0.000182441 0.000454085 0.000668931 0.0014251 0.00172236 -0.00352104 -0.000574804
internal_weight=387895 160530 25708.4 134821 23591.2 130515 123627 6888.59 117124 11872.9 5782.2 1415.9 7846.57 6453.78 1392.79 227365 153367 73997.4 61160.2 44259.8 16900.4 8233.85 34440.1 28777.1 21179.4 17325.3 1643.89 1587.83 143.479 7597.63
internal_count=1311769 528973 88369 440604 81350 426159 403231 22928 381967 38848 18367 4498 32865 27052 5813 782796 535510 247286 203105 147276 55829 26721 102008 84904 62870 51365 5429 5237 420 22034
is_linear=0
shrinkage=0.05


Tree=225
num_leaves=31
num_cat=0
split_feature=17 16 16 16 5 4 16 16 6 16 9 16 16 4 4 16 16 16 4 4 16 16 16 16 4 4 7 7 6 16
split_gain=0.869128 2.11015 6.22883 5.90429 3.99734 3.53713 3.12709 3.33399 3.01739 2.80945 2.96657 2.77806 3.88496 7.04194 2.64958 2.63353 2.38538 3.48174 6.38679 4.92625 4.41752 3.72289 3.59083 2.34391 5.12445 4.18476 2.30117 2.23281 2.16034 2.1564
threshold=0.66536933010598343 0.81441168430396382 0.81327991938713906 0.81104456713643081 0.78656609248549325 1.5000000000000002 0.79060468980597221 0.76559799429155406 0.78656609248549303 0.68333810207629286 2.740319461670996 0.81680104559265798 0.81728538680709095 2.5000000000000004 1.5000000000000002 0.82137319586356661 0.76952262429808882 0.77142618591489243 1.5000000000000002 1.5000000000000002 0.77728047855132176 0.78371502652980218 0.77026250544891328 0.79173584366809513 1.5000000000000002 2.5000000000000004 6.3809692771529329 2.524928003624769 -0.12940952255126037 0.78492673449477679
decision_type=2 2 2 2 2 2 2 2 2 2 2 2 2 2 2 2 2 2 2 2 2 2 2 2 2 2 2 2 2 2
left_child=1 2 3 6 11 -5 7 9 -4 -1 -11 14 13 -13 -3 -14 -9 19 20 22 -19 26 -18 24 -8 -26 -22 -6 29 -23
right_child=-2 4 8 5 27 -7 23 16 -10 10 -12 12 15 -15 -16 -17 17 18 -20 -21 21 28 -24 -25 25 -27 -28 -29 -30 -31
leaf_value=0.0055584829692842067 8.8408143915325035e-05 0.010317035710492979 -0.00075861555395805242 0.039168389910879148 0.0038851052532488219 0.0040603964870122109 0.078746113816921703 0.0055640574896172086 -0.0040200880486662566 -0.0016241105506249577 -0.0076561138034758171 -0.006265378381358851 0.0025222085245046599 0.0060941958176157218 0.0020542729575076524 -0.0002426179820329444 0.056203885064264859 0.04005921656085721 0.00058699941991917641 -3.267231175912988e-05 0.0025138727305903108 0.049511891045878269 -0.0043118219845774339 -0.0010284984859169864 -0.0092059091968137666 -0.0013590135779922464 -0.0085176611980806571 0.00090434720606877858 0.029010017939024524 0.0028233663839507817
leaf_weight=4383.2402416467667 250887.6442161724 273.23061352968216 2387.1138966679573 91.073333144187927 1804.6930063962936 1793.0183168649673 32.883950591087341 3382.977853320539 456.49828034639359 32375.88840085268 2924.7073419690132 386.44094532728195 2856.7659443020821 224.16764169931412 1611.4543050527573 34391.184411585331 36.610912442207336 235.63475716114044 15615.276804149151 1805.6053271889687 402.61457580327988 24.137297093868256 789.53571331501007 20855.019618213177 564.59455722570419 732.12694972753525 147.51629281044006 5770.8745151758194 158.00943583250046 236.79002815485001
leaf_count=5473 1140615 342 2978 113 2250 2242 41 4209 570 40212 3664 494 3547 277 2014 43045 43 295 19493 2238 503 28 1008 25963 711 909 186 7178 198 300
internal_value=-1.0589e-05 -0.000111998 -0.000254866 -0.000179246 0.000158019 0.00258913 -0.000240824 -5.98521e-05 -0.00255748 -0.000336826 -0.000485071 -4.26198e-05 -0.000135891 -0.00409184 0.00183096 -7.10406e-05 0.000421493 0.000208374 0.00047298 -0.00148276 0.00398077 0.00248776 -0.00468084 -0.000750823 -0.00278626 -0.00328057 -0.000216658 0.00121062 0.0060391 0.00324502
internal_weight=387637 136750 89430.9 86587.3 47318.8 1884.09 84703.2 62518.5 2843.61 39683.8 35300.6 39743.2 37858.6 610.609 1884.68 37248 22834.7 19451.7 16820 2631.75 1204.7 969.068 826.147 22184.6 1329.61 1296.72 550.131 7575.57 418.937 260.927
internal_count=1311139 170524 111377 107829 59147 2355 105474 77850 3548 49349 43876 49719 47363 771 2356 46592 28501 24292 21003 3289 1510 1215 1051 27624 1661 1620 689 9428 526 328
is_linear=0
shrinkage=0.05


Tree=226
num_leaves=31
num_cat=0
split_feature=1 16 10 8 10 8 18 5 3 0 18 10 7 7 4 16 7 16 0 18 10 7 1 7 10 10 7 16 10 10
split_gain=0.825692 1.45639 1.03091 0.986375 1.11205 0.988479 0.94203 1.24955 0.937689 0.876456 0.840655 0.783889 0.761451 3.96661 2.6179 2.59926 2.51691 5.2835 2.91327 2.53313 3.01813 2.50084 2.78848 2.42487 2.21883 2.02508 2.01207 2.87726 2.20105 2.04649
threshold=131.50000000000003 0.75969361271235591 7.2370010984580881 5.5274410133216039 7.9717224783790419 6.6877316609066391 1.0791666666666668 -0.9159756150367534 1.0000000180025095e-35 132.50000000000003 1.0625000000000002 7.9933290451173296 3.0201273556387074 3.1132683346437333 3.5000000000000004 0.78426879051960718 2.524928003624769 0.75969361271235591 74.500000000000014 0.99583333333333346 7.004218655558728 2.3502401828962087 2389.5000000000005 1.5890269151739729 6.0354018228882049 5.8317312297695052 3.3497501700808394 0.74819628440837505 6.7769113658813378 1.3339768851679699
decision_type=2 2 2 2 2 2 2 2 2 2 2 2 2 2 2 2 2 2 2 2 2 2 2 2 2 2 2 2 2 2
left_child=1 2 -1 4 6 -5 9 -8 -7 -3 -4 -6 16 14 -14 -16 21 25 19 -19 24 23 -23 -2 -21 -18 27 -15 29 -29
right_child=12 3 10 5 11 8 7 -9 -10 -11 -12 -13 13 26 15 -17 17 18 -20 20 -22 22 -24 -25 -26 -27 -28 28 -30 -31
leaf_value=-0.011085665613731255 -1.4773526640871755e-05 0.00051625152738736806 -0.024182755966003756 -0.010161373780271658 0.056041645636628529 -0.011173652752834757 0.040256146395143411 -0.011670122492839927 0.031944412243711563 -0.018531817227152147 -0.038969119752634701 0.02607043720230728 0.00087188608733365647 -0.010716580776969686 0.023336541744623875 0.0028380201367354061 -0.012696592633031934 -0.00070325013111318118 -0.0022570591337098323 0.00083489269577192993 -0.0035435043472911488 0.00060281410298654867 0.0092575868926832571 -0.0010954353022084335 0.0046530802482004641 -0.0058655469828239994 8.2127004958221233e-05 -0.0012926045754953293 -0.0032321303219862429 0.0005336654842253264
leaf_weight=283.98927548527718 56925.33521925658 980.59015383198857 90.276110589504242 37.256013188511133 6.0378838703036299 14.169943332672121 14.462749183177946 77.033242538571358 7.4316605366766444 9.8524623624980432 34.345645427703857 41.787077456712723 5864.0545773990452 1731.4875402078032 1531.5581555217505 1778.807815477252 2038.1495138257742 7785.2380708530545 4295.7866618037224 5192.5404718592763 1076.2496973238885 14329.837461713701 3189.3318637795746 9519.6238837949932 1245.0237380377948 1575.0169843137264 254026.85999717936 2526.920669760555 2946.8090915381908 8461.4658523127437
leaf_count=712 185655 3572 250 148 16 70 15 87 30 29 37 151 19136 4241 5460 5522 5003 38197 14698 9854 2006 46247 10482 30867 2283 3705 875570 8956 9821 28319
internal_value=-9.38706e-06 -0.00114387 -0.00371895 -0.000258639 7.01198e-05 -0.00656911 -0.000259691 -0.00511386 0.00194046 0.000188732 -0.00751018 0.00753139 -4.69316e-06 3.88396e-05 0.00106125 0.00218539 -0.000117968 -0.000578851 -0.000254896 6.81605e-05 0.000723056 9.42208e-06 0.000540845 -0.000130695 0.00113279 -0.00233572 4.0592e-06 -0.000545871 -0.000307021 1.83933e-05
internal_weight=387637 1597.23 408.611 1188.62 1129.76 58.8576 1081.94 91.496 21.6016 990.443 124.622 47.825 386040 278868 9174.42 3310.37 107172 23208 19594.8 15299.1 7513.81 83964.1 17519.2 66445 6437.56 3613.17 269694 15666.7 13935.2 10988.4
internal_count=1311139 5117 999 4118 3870 248 3703 102 100 3601 287 167 1306022 957025 30118 10982 348997 75746 67038 52340 14143 273251 56729 216522 12137 8708 926907 51337 47096 37275
is_linear=0
shrinkage=0.05


Tree=227
num_leaves=31
num_cat=0
split_feature=1 16 3 8 10 0 16 8 10 16 6 7 7 4 16 7 16 0 10 7 0 1 7 16 3 4 1 16 10 10
split_gain=0.754772 1.49948 1.14474 1.11001 1.03651 0.896157 0.832535 0.947393 0.949579 0.886862 0.75426 0.739236 3.44566 2.35259 2.34659 2.34028 4.92972 2.73407 2.40799 2.15707 2.3874 2.30207 2.23249 4.19134 2.33381 3.87795 3.05155 2.66919 2.80163 2.49418
threshold=131.50000000000003 0.75969361271235591 1.0000000180025095e-35 5.5274410133216039 7.2370010984580881 135.50000000000003 0.79886474335522972 0.89587973461402759 0.0055928205646541074 0.84101010209804372 -0.98296291314453399 3.0201273556387074 3.1132683346437333 3.5000000000000004 0.83561204850757254 2.524928003624769 0.75969361271235591 74.500000000000014 7.0405050533413869 2.3502401828962087 53.500000000000007 1252.5000000000002 1.0397207708399181 0.74468638834487166 1.0000000180025095e-35 1.5000000000000002 1171.5000000000002 0.84050258511846243 6.0069386946268866 6.7576196076432629
decision_type=2 2 2 2 2 2 2 2 2 2 2 2 2 2 2 2 2 2 2 2 2 2 2 2 2 2 2 2 2 2
left_child=1 4 3 5 -1 10 -4 8 -8 -10 -3 15 13 -13 -15 19 -17 18 -18 22 -21 -22 -2 -24 -25 26 29 -27 -29 -26
right_child=11 2 6 -5 -6 -7 7 -9 9 -11 -12 12 -14 14 -16 16 17 -19 -20 20 21 -23 23 24 25 27 -28 28 -30 -31
leaf_value=-0.010531382333044693 0.00016554888689621351 -0.0070072211190769845 -0.0025287631523938773 -0.011671416529585601 -0.028385568528317542 -0.022128276104184171 0.026423262178617964 0.007736714976629532 0.00075091605032404508 -0.0013682360928939487 0.0003330489996500541 0.00082829178296697228 8.1746351733302802e-06 0.013693555838522997 -0.0015260157644114538 -0.0098782734426097266 0.00038447401425116545 -0.002144206177024341 -0.0034737519631248604 -0.00028963876861896057 0.00079155988677135367 0.008457631423852285 -0.010876395923706306 -0.0043566418081011863 0.0018092728009796435 -0.0013198448746564286 -0.00049609814791220228 0.001205660285037477 -0.0016637980678380017 -0.0030933911434662372
leaf_weight=283.98927548527718 42550.815667010844 59.779232006520033 38.836658298969269 46.500568576157093 124.6217560172081 5.9375055804848662 9.1501991376280767 41.842456594109535 17.376600578427315 15.723347090184687 953.4746184386313 5864.0545773990452 269693.54315099865 2682.5675950795412 627.79837591946125 3613.1664981395006 13232.79093908146 4295.7866618037224 2066.2610389925539 7768.4343427419662 5392.9303436130285 4357.8046391382813 2391.3060268983245 3544.486102193594 1345.7723288573325 11026.716157644987 1042.6553008928895 3319.189892552793 1061.9974844381213 162.0201425626874
leaf_count=712 138968 181 169 197 287 17 27 130 47 45 3305 19136 926907 8950 2032 8708 45472 14698 6868 25147 17400 14182 5703 11762 4537 37793 3501 10530 3198 530
internal_value=-1.11159e-05 -0.00109579 -0.000197551 -0.000724556 -0.00370868 -0.000379874 0.00437113 0.00716744 0.00188602 -0.00205513 -0.000266379 -6.6281e-06 3.62649e-05 0.000989177 0.00205483 -0.000118238 -0.000562656 -0.000249734 6.32288e-05 4.60049e-06 0.000498149 0.00101913 -0.000125531 -0.000512291 -0.000291455 -6.00363e-05 0.0017459 -0.00035897 0.000685066 0.0031841
internal_weight=387637 1597.23 1188.62 1065.69 408.611 1019.19 122.929 84.0926 42.2501 33.0999 1013.25 386040 278868 9174.42 3310.37 107172 23208 19594.8 15299.1 83964.1 17519.2 9750.73 66445 23894.1 21502.8 17958.4 2550.45 15407.9 4381.19 1507.79
internal_count=1311139 5117 4118 3700 999 3503 418 249 119 92 3486 1306022 957025 30118 10982 348997 75746 67038 52340 273251 56729 31582 216522 77554 71851 60089 8568 51521 13728 5067
is_linear=0
shrinkage=0.05


Tree=228
num_leaves=31
num_cat=0
split_feature=17 10 5 6 6 10 0 7 7 1 1 8 7 8 1 5 1 5 7 1 0 0 10 0 9 7 8 8 7 7
split_gain=0.828707 1.68086 1.62972 2.9501 2.40964 2.36261 2.19888 1.97317 1.8373 1.73796 1.69477 1.95496 1.66451 1.64304 1.50785 1.8414 1.70592 1.74702 2.13632 1.92303 1.50066 1.47604 1.4751 1.88984 1.66208 1.61404 1.45021 3.22915 1.53104 1.58248
threshold=0.66536933010598343 7.9827405244537077 0.37940952255126054 1.0000000180025095e-35 0.37940952255126048 7.4212171186186024 108.50000000000001 9.2635019021077358 6.7159890799278301 6360.5000000000009 3162.5000000000005 5.4315338162543414 8.6265855039078598 5.2012518591713119 2419.5000000000005 -0.70710678118654735 2643.5000000000005 0.25881904510252091 8.8106833391308292 2477.5000000000005 94.500000000000014 30.500000000000004 7.2206415061341351 16.500000000000004 6.6789706502493589 8.7722229285904714 6.5964631079239817 5.7667560492893086 8.6265855039078598 7.2974296438458994
decision_type=2 2 2 2 2 2 2 2 2 2 2 2 2 2 2 2 2 2 2 2 2 2 2 2 2 2 2 2 2 2
left_child=2 -2 4 5 6 7 14 26 -8 -7 -5 13 -13 -12 22 20 17 18 -17 -19 -16 -6 23 -1 -24 -25 27 -4 29 -28
right_child=1 -3 3 10 21 9 8 -9 -10 -11 11 12 -14 -15 15 16 -18 19 -20 -21 -22 -23 24 25 -26 -27 28 -29 -30 -31
leaf_value=0.020302909541064451 -1.382773830626849e-05 0.0014565790326056538 0.00017908948886309617 0.0014719623929136561 -0.0030888496859550032 -0.0020492618688210396 -0.0014251705350074584 0.013236178343524509 -0.011387951045316858 -0.020428022412391923 -0.0028056775331439356 0.028158043196003259 -0.012684641628572725 -0.027247557795582456 -4.6468676882566175e-05 -0.00600527825187816 -0.0024453457200197763 0.00092278845355290304 0.075971079275541878 -0.016131786130505931 0.016062404063504617 -0.0010966414459961467 -0.00049926803022015969 0.0003913468443681366 -0.0079291260404039995 0.0099163164969990406 0.0044580242135649475 -0.0043807332891792061 -0.0069203411131673323 0.025660555302710587
leaf_weight=44.872387528419495 220829.67553205043 30057.968684121966 17297.02254742384 15794.037587761879 1504.1024132370949 6826.5203816890717 2322.4019941091537 37.763168573379517 445.58438497781754 193.2179861664772 1993.1881928443909 159.88257873058319 87.903613150119781 31.978546023368835 5011.782577931881 718.10570359230042 5894.2918583154678 49.413838028907776 28.726650595664978 127.48995119333267 302.92836737632751 25258.800578556955 18133.372610211372 33783.567083060741 108.64505040645599 91.563238859176636 80.301000475883484 330.15729969739914 32.831408143043518 59.232268929481506
leaf_count=55 1011892 128723 21512 19619 1877 8516 2881 47 557 240 2473 196 111 39 6230 901 7329 60 36 153 377 31601 22658 42182 136 113 101 411 41 72
internal_value=-1.32522e-05 4.07214e-05 -0.000112275 0.000142921 -0.000229024 -0.000210471 -6.89532e-05 9.53294e-05 -0.00144881 -0.000987515 0.000629127 -0.000647411 0.00354473 -0.00116033 -9.54806e-06 -0.000511612 -0.00105546 -0.0030533 -0.00199502 -0.00752104 0.000186064 -0.00063013 0.000107231 0.00030222 -0.000255342 0.000288637 7.1107e-05 2.64784e-05 0.00463513 0.00692097
internal_weight=387637 250888 136750 42924 93825.6 24857 67062.7 17837.3 2767.99 7019.74 18067 2272.95 247.786 2025.17 64294.8 12132.7 6818.03 923.736 746.832 176.904 5314.71 26762.9 52162 33920 18242 33875.1 17799.5 17627.2 172.365 139.533
internal_count=1311139 1140615 170524 53378 117146 30940 83668 22184 3438 8756 22438 2819 307 2512 80230 15086 8479 1150 937 213 6607 33478 65144 42350 22794 42295 22137 21923 214 173
is_linear=0
shrinkage=0.05


Tree=229
num_leaves=31
num_cat=0
split_feature=1 16 18 6 5 3 8 0 16 6 18 6 8 8 9 8 5 18 0 18 0 0 5 8 1 16 16 1 16 16
split_gain=0.696475 1.34434 0.984822 1.81244 1.60919 1.17236 0.984289 0.933373 0.624526 1.55555 1.51973 1.18149 0.906031 1.05812 0.964504 0.974743 0.97772 1.51906 0.798974 0.74962 0.654716 0.679024 0.698527 1.09895 0.956702 0.8949 0.925525 0.739977 0.683663 3.8007
threshold=131.50000000000003 0.75969361271235591 1.0791666666666668 -0.12940952255126037 1.0000000180025095e-35 1.0000000180025095e-35 5.5274410133216039 135.50000000000003 0.97182285662211954 0.37940952255126048 0.99583333333333346 0.25881904510252057 5.3494828320967684 5.7219484392798972 2.1383330595080281 4.6101453514146771 -0.9159756150367534 1.029166666666667 51.500000000000007 1.0625000000000002 28.500000000000004 29.500000000000004 0.91597561503675362 6.9980528126162644 583.50000000000011 0.74591243234688742 0.77844195728709664 511.50000000000006 0.83375273960117646 0.83626252219812136
decision_type=2 2 2 2 2 2 2 2 2 2 2 2 2 2 2 2 2 2 2 2 2 2 2 2 2 2 2 2 2 2
left_child=1 -1 5 4 -4 6 7 -3 20 10 11 -10 14 -14 15 16 17 -12 -15 -11 -2 22 27 24 25 -24 -27 -22 -23 -30
right_child=8 2 3 -5 -6 -7 -8 -9 9 19 12 -13 13 18 -16 -17 -18 -19 -20 -21 21 28 23 -25 -26 26 -28 -29 29 -31
leaf_value=-0.015391364576912703 -0.00042642206972571818 0.00030744207522439562 0.0013379992153155107 0.039174394497733467 -0.01518101940852906 0.0034792753037982838 -0.0095306782381829949 -0.021021170912059645 0.014308159110632202 0.018756073127623674 -0.029447968375419742 -0.045248384813741105 -0.056242140655875954 0.0069287431281853558 0.034538512267783039 0.14994502093051307 -0.020272738755375441 0.057908829496016251 -0.037584312387745983 0.049485759597924721 -0.0010786734076834801 9.1992410830746277e-05 0.11914708688376173 0.037225634393988793 0.00070693931156983749 -0.0097455045258555226 0.006542936978802644 0.0017200776898687099 -0.0012505973601879634 -3.609375519658745e-05
leaf_weight=408.61103150248528 15635.211107041687 924.65648268908262 24.578461110591888 34.511038012802601 38.944918520748615 115.34108310192823 44.651697285473347 5.9375055804848662 479.02869550138712 256.96574852615595 22.41188108921051 26.317970782518387 12.478620290756224 9.4007235020399111 17.881251573562622 10.364063754677771 255.5623729377985 23.841330826282501 16.668049275875092 39.539206683635712 506.27541230618954 269752.61469528452 10.750380672514437 8.682118780910967 191.99908924475312 12.390746772289274 52.778296157717705 2122.9222438298166 7340.9229697883129 89235.090291336179
leaf_count=999 54015 3388 26 39 44 409 195 17 2146 968 76 95 27 20 35 23 543 28 40 42 1726 925994 24 24 678 78 155 7245 23951 288089
internal_value=-1.15503e-05 -0.00105349 -0.000202989 -0.00500328 -0.0100143 0.000228516 -0.000335259 1.26883e-05 -7.23931e-06 0.00114597 8.42617e-05 0.00186498 -0.00235703 -0.00961071 -0.00150989 -0.00215676 -0.0026745 0.00401485 -0.00387928 0.00427537 -1.07464e-05 2.6732e-06 0.000763988 0.00315407 0.00258673 0.00733823 0.00513341 0.000512542 -3.36571e-06 -0.000117523
internal_weight=387637 1597.23 1188.62 98.0344 63.5234 1090.59 975.246 930.594 386040 1170.46 873.955 505.347 368.608 38.5474 330.061 312.18 301.816 46.2532 26.0688 296.505 384870 369234 2905.8 276.601 267.919 75.9194 65.169 2629.2 366329 96576
internal_count=1311139 5117 4118 109 70 4009 3600 3405 1306022 4043 3033 2241 792 87 705 670 647 104 60 1010 1301979 1247964 9930 959 935 257 233 8971 1238034 312040
is_linear=0
shrinkage=0.05


Tree=230
num_leaves=31
num_cat=0
split_feature=7 10 7 16 16 18 7 10 1 16 1 0 16 16 16 4 9 9 18 16 1 18 18 10 6 18 10 5 10 7
split_gain=1.44658 1.88045 1.40748 1.45122 2.47549 2.76703 1.70404 1.72992 1.87191 1.78723 1.81898 1.73127 1.66681 1.65849 1.65395 1.62008 1.42008 1.40374 1.3557 1.23166 1.52444 2.55045 1.20675 1.19578 1.21569 1.17635 1.53954 1.67139 1.1747 1.88869
threshold=4.791641144189394 1.8913788188785896 4.8081027000528378 0.8624299788615909 0.86381481058656318 0.99583333333333346 6.2015223456153068 5.1395278340092423 1181.5000000000002 0.74058505004740149 3522.5000000000005 99.500000000000014 0.70870188235304732 0.86308177560703947 0.8031598128688493 4.5000000000000009 2.9700856263602158 2.1383330595080281 1.0791666666666668 0.77656197778896441 1559.5000000000002 1.0791666666666668 0.97916666666666674 3.3011167046184218 -0.9159756150367534 1.0708333333333335 6.8164374793755229 0.37940952255126054 7.0568319800364909 5.2907859277095151
decision_type=2 2 2 2 2 2 2 2 2 2 2 2 2 2 2 2 2 2 2 2 2 2 2 2 2 2 2 2 2 2
left_child=-1 -2 -3 6 5 13 7 8 14 10 -10 -9 28 22 17 23 -7 -4 -12 20 21 -14 -5 24 -6 -17 -27 -28 29 -13
right_child=1 2 3 4 15 16 -8 11 9 -11 18 12 19 -15 -16 25 -18 -19 -20 -21 -22 -23 -24 -25 -26 26 27 -29 -30 -31
leaf_value=-0.00012123443362347664 0.0025631417064356067 0.0050312008015069246 -0.00039403153432656518 0.0060288291588434881 -0.0039813098110052835 -0.0034876922293528528 6.0393877353570602e-06 0.00091546446562807977 -0.031533974699460232 -0.0011582434458617314 -0.0029380717200657939 0.0067609239128189726 0.01246360226411952 0.0046750624544064923 0.0013300872762201281 -0.0013396813885237892 0.0026588406944115721 -0.0060257128129747985 0.060691549129397449 0.0035018008095594939 0.032185192636870009 -0.035725286084523022 -0.0040989569012484265 4.3196270605638799e-05 -0.0016000126343941102 0.0016258417552655587 -0.01192545651943344 0.0016363830849157601 -0.004921788113112946 -0.060306726570391544
leaf_weight=229043.06560557336 1419.626815289259 981.70305950939655 1719.6908239945769 59.341773316264153 41.711299397051334 486.45207600295544 80590.14839078486 46707.078030783683 220.50947672128677 3654.6439463272691 52.748207464814186 22.697263911366463 397.49048358947039 219.74461904168129 1714.9272428154945 1594.6332646906376 67.158328250050545 104.83388607576489 9.6437744498252851 1661.542398288846 472.00914985314012 45.107539035379887 182.22898039221764 15544.991842187941 178.20358610153198 43.967937231063843 57.170447826385498 22.004916191101074 109.41699037700891 31.156661450862885
leaf_count=756453 5693 3463 7548 357 120 1053 284295 160329 575 14013 161 66 1862 880 5596 5782 143 408 10 4881 1877 54 792 52804 653 46 60 23 288 81
internal_value=7.61121e-06 0.000123781 0.0001074 9.55241e-05 -0.000320265 -0.00272092 0.000151454 0.00036088 -0.000347948 -0.00109802 -0.00492673 0.000468065 0.00168971 0.000139061 0.00048649 -0.000180899 -0.0051041 -0.00056139 0.00261056 0.00200021 0.00347377 0.00136573 -0.00272027 -2.20183e-05 -0.00368318 -0.00163903 -0.0063475 -0.0105136 -0.00320936 -0.00925459
internal_weight=387456 158413 156993 156011 18497.6 1014.93 137514 56923.5 7477 3937.55 282.901 49446.5 2739.42 461.315 3539.45 17482.7 553.61 1824.52 62.392 2576.15 914.607 442.598 241.571 15764.9 219.915 1717.78 123.143 79.1754 163.271 53.8539
internal_count=1310366 553913 548220 544757 62713 3225 482044 197749 28311 14759 746 169438 9109 2029 13552 59488 1196 7956 171 8674 3793 1916 1149 53577 773 5911 129 83 435 147
is_linear=0
shrinkage=0.05


Tree=231
num_leaves=31
num_cat=0
split_feature=7 7 1 7 10 18 8 7 7 1 7 7 4 10 0 8 4 10 1 0 10 0 18 1 7 0 1 0 3 0
split_gain=1.35419 2.21346 2.66331 1.79435 1.6328 1.5089 1.50091 1.49205 1.6507 2.47024 2.50631 5.90096 1.78123 2.04298 1.60492 1.52277 1.49033 1.35408 1.33912 1.29012 1.25542 1.38935 1.30569 1.44794 1.2545 1.88537 1.64549 1.48868 1.23706 1.23345
threshold=3.4175922930736511 3.1984648276080736 3668.5000000000005 3.4811217321331038 6.7769113658813378 0.99583333333333346 1.2424533248940002 3.0201273556387074 1.0397207708399181 1507.5000000000002 2.1383330595080281 2.524928003624769 2.5000000000000004 0.80344726361328889 89.500000000000014 2.3502401828962087 1.5000000000000002 7.8955972737305267 10898.500000000002 100.50000000000001 0.0262312712915155 104.50000000000001 1.029166666666667 1764.5000000000002 3.1132683346437333 83.500000000000014 1044.5000000000002 82.500000000000014 1.0000000180025095e-35 88.500000000000014
decision_type=2 2 2 2 2 2 2 2 2 2 2 2 2 2 2 2 2 2 2 2 2 2 2 2 2 2 2 2 2 2
left_child=1 7 4 6 5 28 19 8 -1 15 16 12 -12 -14 24 -10 20 -13 -5 -2 -11 22 -22 -24 26 -26 -9 -28 -3 -6
right_child=3 2 -4 18 29 -7 -8 14 9 10 11 17 13 -15 -16 -17 -18 -19 -20 -21 21 -23 23 -25 25 -27 27 -29 -30 -31
leaf_value=0.00023471668593186279 0.0046275362333587531 -0.0080767821616758387 -0.0082026736045569103 8.5206723667285991e-05 -0.002155562692209716 0.00065830515524717415 -0.00029221064494605598 -0.00023305486767086076 -0.00014520502862900298 -0.0036338339738138607 -0.0012093565273810392 -0.0024641247061966188 0.013060322969578498 0.0024684733333521173 0.0048954269980107717 0.0039481731671068485 -0.0037577264351839725 -0.018436254030497656 0.0056035251763741252 0.022533598172160586 0.0012461686878031204 -0.0063830079966651554 -0.003339065931835368 0.013435764736198797 -0.00023450181822106398 -0.0065228390318823578 0.0042465592977981416 0.021263326253148019 -0.0005224813755937141 -0.009597517327698802
leaf_weight=42990.808267600834 3469.7567946501076 615.76412319019437 1094.0122680068016 243247.33254613727 2149.0285904370248 3940.4169727452099 1878.7118489816785 3958.0372847616673 41899.450449451804 209.97256864979863 2159.630953039974 8157.1946616061032 1581.0831252448261 3173.5973926447332 1933.5628826320171 513.36433438956738 6340.473498120904 201.17236849293113 2615.3976566530764 272.43493293225765 317.55942275002599 30.754147004336119 29.026169836521149 114.51621560379863 6537.6232746392488 261.04394028708339 3927.2271836809814 226.70324802771211 3349.666093327105 260.32560139894485
leaf_count=140371 11704 2879 3543 838912 6799 7207 6134 13073 136079 674 7119 26842 5269 10249 6149 1713 20701 567 8850 919 1364 96 35 138 21528 894 12958 768 16000 832
internal_value=9.06987e-06 -0.000118054 -0.000784626 7.78034e-05 -0.000535841 -0.000188566 0.000961112 -5.70005e-05 -0.000125431 -0.000284946 -0.000710784 -0.000350961 0.000729627 0.00127049 0.000380611 -6.08964e-05 -0.00149113 -0.00124486 5.76092e-05 0.00154002 0.000695114 0.00207681 0.0027631 0.00672054 0.000204858 -0.000296108 0.000624719 0.00131985 -0.000877141 -0.00167536
internal_weight=387456 135972 11409.2 251484 10315.2 7905.85 5620.9 124563 107719 64727.8 22315 15272.7 6914.31 4754.68 16844.2 42412.8 7042.3 8358.37 245863 3742.19 701.829 491.856 461.102 143.542 14910.6 6798.67 8111.97 4153.93 3965.43 2409.35
internal_count=1310366 443847 37260 866519 33717 26086 18757 406587 351217 210846 73054 50046 22637 15518 55370 137792 23008 27409 847762 12623 2307 1633 1537 173 49221 22422 26799 13726 18879 7631
is_linear=0
shrinkage=0.05


Tree=232
num_leaves=31
num_cat=0
split_feature=7 8 8 8 1 7 7 1 5 16 7 16 0 6 18 10 7 16 7 10 1 10 0 16 1 16 1 10 16 18
split_gain=1.29105 4.45338 1.4249 2.03823 2.73707 1.6586 1.46862 1.79229 1.43707 1.67834 1.59818 1.59443 2.06141 1.40852 1.50376 2.1828 1.80004 1.71632 1.5899 1.70166 1.4554 1.33789 1.3892 1.33734 1.91501 1.31128 1.84981 2.24327 1.97188 2.11308
threshold=4.791641144189394 3.0201273556387074 3.2769667020129059 2.1383330595080281 2158.5000000000005 4.5695295849856103 4.1026092131977068 13074.000000000002 0.12940952255126045 0.70095262182836504 4.0342014792848504 0.7355916861827595 70.500000000000014 0.37940952255126048 1.0625000000000002 7.9613966382746204 2.524928003624769 0.74058505004740149 2.6735537653587351 4.3718242005210728 976.50000000000011 6.464191194684128 58.500000000000007 0.72123156168238733 1481.5000000000002 0.85076214567902253 1395.5000000000002 7.9073712234103679 0.93504912530908568 1.0041666666666669
decision_type=2 2 2 2 2 2 2 2 2 2 2 2 2 2 2 2 2 2 2 2 2 2 2 2 2 2 2 2 2 2
left_child=2 -2 3 6 -5 -6 8 -8 9 -1 -11 12 23 21 -15 16 -16 -18 19 -19 -21 -13 -23 -10 -25 -3 28 -28 29 -27
right_child=1 25 -4 4 5 -7 7 -9 11 10 -12 13 -14 14 15 -17 17 18 -20 20 -22 22 -24 24 -26 26 27 -29 -30 -31
leaf_value=0.0068432268138086116 0.0015157603237820089 8.8766301819576124e-05 0.00085304458350323744 -0.00024036314611933229 -0.0025548164629982939 -0.0070635580991463727 0.00072060020898487287 0.030980510467797307 -0.0034339880946250068 -0.00035860380761665311 -0.0025743216671094264 0.00027725823577612053 0.0047443704262255309 0.00068566131726835455 6.9150644917220783e-05 0.03887784043890409 -0.038875233100141217 0.034019252481188707 0.0059071444602158563 0.021838280869486318 -0.016279585563016164 -0.0020718467438343769 0.00024489424794054137 -0.0140432461875457 0.00043484817330622375 -0.00024283180795697248 -0.0023233701816733122 0.00094291952983359688 -0.007473532219092572 0.0011994421856867167
leaf_weight=3414.8486805558205 35834.432730425149 102457.33738221228 11178.614680696279 21268.954378314316 5549.327781714499 1363.6316324397922 21060.664832487702 166.51287879422307 3132.2076082602143 94376.655085623264 1517.9170458950102 36770.612401496619 1791.2405517473817 13188.085420038551 951.79557010531425 40.077249571681023 15.566369891166685 68.049529895186424 890.13969308882952 22.816218636929989 25.401485465466976 5703.9292208217084 5006.2116448059678 1029.9615811780095 509.84406404942274 8675.0566225200891 5133.1435549408197 2498.6401405781507 857.00785765051842 2956.9649230241776
leaf_count=8912 125659 360505 38192 71254 18659 4610 71794 556 7860 313260 5189 121882 4326 49034 1088 45 17 82 994 26 28 18748 16270 2423 1204 34352 17683 8070 2997 4647
internal_value=7.42278e-06 0.00011717 -6.84816e-05 -9.67307e-05 -0.000493494 -0.0013578 -3.77819e-05 0.000354147 -8.71691e-05 -0.000209027 -0.000247816 8.78474e-05 -0.000659869 0.000164945 0.000583823 0.00185641 0.00162184 0.00307903 0.00333386 0.00883267 0.00164668 3.08325e-05 -0.000460951 -0.00121277 -0.00241929 -2.61686e-05 -0.000395197 -0.00100848 -2.04316e-05 0.000150102
internal_weight=387456 158413 229043 217864 28181.9 6912.96 189683 21227.2 168455 99309.4 95894.6 69145.9 6463.25 62682.7 15201.9 2013.85 1973.77 1021.97 1006.41 116.267 48.2177 47480.8 10710.1 4672.01 1539.81 122578 20120.8 7631.78 12489 11632
internal_count=1310366 553913 756453 718261 94523 23269 623738 72350 551388 327361 318449 224027 15813 208214 51314 2280 2235 1147 1130 136 54 156900 35018 11487 3627 428254 67749 25753 41996 38999
is_linear=0
shrinkage=0.05


Tree=233
num_leaves=31
num_cat=0
split_feature=18 17 4 16 16 16 16 16 16 16 6 5 17 18 16 3 16 1 17 16 16 16 16 1 16 5 16 17 17 8
split_gain=0.693062 1.68219 1.80379 2.81144 2.17739 3.18207 2.02202 2.19646 3.07749 1.51237 1.32241 2.61202 3.19589 1.89482 1.98606 1.95357 1.39868 2.33295 1.276 1.26142 2.62179 1.16758 1.16436 1.16052 2.6103 3.16904 1.93388 2.95723 2.5842 2.25498
threshold=0.96250000000000002 0.79630840319735097 1.5000000000000002 0.85570644998864431 0.89517497621427877 0.90056769624314192 0.81634941973475705 0.79617572659088676 0.78844554839369796 0.79345724859238753 0.37940952255126048 -0.37940952255126059 0.66164817016019506 1.0125000000000002 0.93504912530908568 1.0000000180025095e-35 0.7301030753069494 176.50000000000003 0.79479450174106792 0.79298886997848383 0.79001139522371822 0.90748563302870633 0.90056769624314192 2279.5000000000005 0.77844195728709664 -0.25881904510252113 0.76386542164760074 0.66507504340750978 0.65641077446366225 1.4978661367769956
decision_type=2 2 2 2 2 2 2 2 2 2 2 2 2 2 2 2 2 2 2 2 2 2 2 2 2 2 2 2 2 2
left_child=-1 10 3 6 -5 -6 7 8 -3 19 18 12 16 15 22 -14 17 -12 23 20 -10 -7 -15 26 25 -25 27 -2 29 -28
right_child=1 2 -4 4 5 21 -8 -9 9 -11 11 -13 13 14 -16 -17 -18 -19 -20 -21 -22 -23 -24 24 -26 -27 28 -29 -30 -31
leaf_value=-0.00034488030448301957 -0.002942471264908686 0.00063212196335773194 0.0010490555217565812 0.018543293755175144 -0.013212755742925575 0.04866464337846918 -0.0017940928872362699 0.0054833244876934728 -0.0058091540511364366 -2.678040369943069e-05 -0.047485012706084267 0.0010537056285885749 0.0073015451819703377 0.0037748162024353483 -0.016483202482190974 -0.00027249781009255349 -0.0014318881130112593 0.0044804778060167473 -0.00069101176998809808 -0.0089283461428019597 0.016662939712687227 0.0031708932212625666 0.040332733541292104 0.0074125215453421213 -0.0014659605399121589 -0.0018476762116753087 6.9191943554461352e-05 0.0016154484278628756 -3.0549503854832018e-05 0.0010202347553606051
leaf_weight=47929.515353739262 21250.759234845638 1195.2062728181481 34772.086675550789 390.09473597258329 106.47494987398386 39.479341603815556 1878.0352813452482 399.81583045423031 108.32183264940977 106.07924468070269 21.440821826457977 42860.220630802214 2564.1823469251394 1876.610612154007 22.554176211357117 15831.428521603346 11562.246234416962 1484.4713401794434 29735.597963884473 98.030014999210835 36.167594939470291 394.77171605825424 34.46028858423233 6454.0361334532499 25370.248459130526 8342.0853290036321 16854.23699003458 14075.133449494839 82030.84619473666 19631.011244952679
leaf_count=458582 26285 8081 213553 2272 636 241 11274 2204 675 627 27 86480 6721 2517 28 41319 14517 1856 90730 622 218 2385 56 11056 49997 14684 21349 34192 182300 24882
internal_value=5.47265e-06 3.05979e-05 0.000337217 -0.000576442 0.00188771 -0.000166297 -0.00117662 -4.60907e-05 -0.000901472 -0.0050351 -9.79858e-06 0.000170016 -0.000161487 0.000230667 0.00171956 7.41636e-05 -0.000771533 0.000661789 -7.1084e-05 -0.0072132 -0.00424298 0.00173299 0.00189365 -2.43377e-05 -0.000263665 0.000264139 3.81478e-05 -0.000286558 0.000134932 0.000485018
internal_weight=387456 339526 39524.6 4752.48 930.821 540.726 3821.66 1943.62 1543.8 348.599 300002 76257.6 33397.4 20329.2 1933.63 18395.6 13068.2 1505.91 223744 242.519 144.489 434.251 1911.07 194008 40166.4 14796.1 153842 35325.9 118516 36485.2
internal_count=1310366 851784 242788 29235 5534 3262 23701 12427 10223 2142 608996 153521 67041 50641 2601 48040 16400 1883 455475 1515 893 2626 2573 364745 75737 25740 289008 60477 228531 46231
is_linear=0
shrinkage=0.05


Tree=234
num_leaves=31
num_cat=0
split_feature=6 4 16 16 1 1 16 16 16 17 16 16 1 17 9 16 17 4 17 16 16 0 16 16 1 9 17 17 16 0
split_gain=0.55728 1.57288 2.96684 3.62502 2.08191 1.47735 2.09975 1.41016 2.24284 3.55337 1.70186 1.62003 1.6068 1.41165 1.39851 1.38072 1.33576 1.33414 1.58295 1.30724 2.71784 1.1854 1.16483 1.593 1.23212 1.16152 1.16275 1.11167 1.13551 1.06864
threshold=0.91597561503675351 1.5000000000000002 0.84373940648526213 0.7434124931127456 3668.5000000000005 475.50000000000006 0.70870188235304732 0.80530725634941192 0.80800552371908407 0.65980955961161136 0.81327991938713906 0.79940033165848312 1443.5000000000002 0.71520748940142131 1.0000000180025095e-35 0.87093098878569231 0.79115009682514292 4.5000000000000009 0.64555464890881631 0.82537325419067853 0.82872382376875298 148.50000000000003 0.97182285662211954 0.8847782686317428 257.50000000000006 1.4978661367769956 0.73245799793552135 0.65980955961161136 0.76386542164760074 50.500000000000007
decision_type=2 2 2 2 2 2 2 2 2 2 2 2 2 2 2 2 2 2 2 2 2 2 2 2 2 2 2 2 2 2
left_child=-1 2 3 5 14 -2 29 11 9 -9 -10 12 -5 27 22 17 -11 -3 -19 -12 -21 -20 23 -4 -25 26 -8 28 -14 -7
right_child=1 15 4 7 -6 6 25 8 10 16 19 -13 13 -15 -16 -17 -18 18 21 20 -22 -23 -24 24 -26 -27 -28 -29 -30 -31
leaf_value=-2.514554826879567e-05 -0.010266783050404339 0.00091415122812763547 0.019397641878320392 -1.0168045102193491e-05 0.069833645501448022 0.035311704559577287 0.062414343397271844 -0.0069580975213695308 0.0029037255055076694 -0.0022798369895569797 -0.002975199853234173 0.049746498934366834 -0.023662970679076675 -0.001675058019324144 -0.0064430444450795932 -0.0016083812356267658 0.0811328781297877 -0.023691498637563382 0.0061768318472659846 0.018879017446188927 -0.0023188073240391462 0.026411249560025232 0.052811904098498834 0.049419099425586768 -0.0030694101741129635 0.0051106557314071549 0.024084372685339406 -0.017467821729465604 -0.0061249181725751643 -0.01340071289583682
leaf_weight=359846.00385331735 88.729090332984924 18068.037836391479 211.81287844479084 726.54225779697299 32.963543988764286 49.417498409748077 52.861561119556427 84.563676834106445 158.53653971850872 32.807618021965027 682.66339603066444 60.89987801015377 21.632087588310242 170.63301767781377 165.96143996715546 2194.9006986841559 10.495585925877092 41.935194075107574 3761.9116207771003 52.865851491689682 355.312838293612 13.123013645410536 44.8986456990242 17.920285493135452 262.75279465317726 25.173207923769951 32.389145322144032 46.98341953754425 68.124303638935089 72.796038113534451
leaf_count=1215029 229 62430 639 3302 91 127 69 105 423 46 1996 155 27 1192 562 7618 57 51 13127 154 1372 29 159 63 780 53 141 69 86 185
internal_value=3.47347e-06 0.000219956 -0.00076574 -0.00150997 0.00205774 0.00348561 0.00557926 -0.00215939 -0.00322412 -0.00953125 -0.00257863 -0.000819993 -0.00128679 -0.00431723 0.00148216 0.000364444 0.00211653 0.000484347 0.00133371 -0.00328213 -0.00104369 0.00144103 0.00272119 0.00201831 -0.000452027 0.0105766 0.0133632 -0.0081024 -0.00484065 0.00106397
internal_weight=387456 27609.6 3529.74 2793.43 736.31 321.367 232.637 2472.06 1377.25 127.867 1249.38 1094.81 1033.92 307.373 703.346 24079.9 43.3032 21885 3816.97 1090.84 408.179 3775.03 537.385 492.486 280.673 110.424 85.2507 136.74 89.7564 122.214
internal_count=1310366 95337 12082 9788 2294 804 575 8984 4153 208 3945 4831 4676 1374 2203 83255 103 75637 13207 3522 1526 13156 1641 1482 843 263 210 182 113 312
is_linear=0
shrinkage=0.05


Tree=235
num_leaves=31
num_cat=0
split_feature=16 16 3 1 1 7 8 5 1 7 7 7 7 4 16 16 10 16 16 7 1 3 0 16 4 0 5 16 8 16
split_gain=0.654908 4.41816 2.57291 3.80965 3.78258 2.53452 3.13591 2.21881 2.09041 2.05978 2.12404 2.03878 1.92644 1.91 6.99207 10.9045 6.50648 2.83862 2.44752 2.03985 2.13772 1.93409 1.74151 1.90868 2.3551 1.72259 1.70218 1.62937 1.58089 1.56441
threshold=0.76654570564470936 0.77481306712307374 1.0000000180025095e-35 1905.5000000000002 992.50000000000011 3.0201273556387074 1.0000000180025095e-35 1.0000000180025095e-35 483.50000000000006 2.524928003624769 2.3502401828962087 1.0397207708399181 1.0000000180025095e-35 1.5000000000000002 0.77142618591489243 0.77026250544891328 6.507403365479818 0.76875055652117463 0.76804571209237682 1.0000000180025095e-35 1294.5000000000002 1.0000000180025095e-35 48.500000000000007 0.76640384685231278 1.5000000000000002 120.50000000000001 -1.0000000180025095e-35 0.76559799429155406 7.698255979076877 0.6500768209777964
decision_type=2 2 2 2 2 2 2 2 2 2 2 2 2 2 2 2 2 2 2 2 2 2 2 2 2 2 2 2 2 2
left_child=2 13 4 8 12 9 25 27 29 10 11 -5 -1 14 15 17 19 18 -2 20 -17 -16 -10 28 -25 -7 -3 -8 -24 -4
right_child=1 26 3 5 -6 6 7 -9 22 -11 -12 -13 -14 -15 21 16 -18 -19 -20 -21 -22 -23 23 24 -26 -27 -28 -29 -30 -31
leaf_value=-0.013033600411369596 0.038549920286675157 -0.00020034131611087748 -0.029571563227542254 0.00034390537649570119 0.013862731601772716 0.013149822847235416 0.0070756710724114826 -0.0013001667075945634 -0.0026299405866487048 -0.0087894134089981646 0.01192242829159389 -0.0079190964886094225 0.0011128858705061529 0.0036207002193813231 -0.0015206437264003948 0.0038587952388720649 -0.011240032498158243 0.055527087567307502 -0.00090072350530137353 -0.002241381725323005 -0.0044671141190252553 0.031747657444874677 0.00035543080529535368 0.0022771821080973531 -0.0031139303659181773 0.074197335821013649 0.00018053674965049505 -0.0025064481220933967 -0.015510321427554208 -0.0026314469996536085
leaf_weight=218.41111984848976 80.323496520519257 139211.4555516988 280.74956433475018 2664.1171121485531 3027.1512390859425 2105.5505159087479 9033.6245453134179 8735.7014612853527 15473.92662268877 1448.2972212992609 1320.5127616003156 1384.9730594754219 17916.762379795313 16944.72507482022 114.91494718194008 28.358878150582314 362.91412395983934 134.76368742436171 227.04968778789043 893.53446134924889 13.789546340703962 277.12324425578117 23770.061781391501 562.36538719758391 4347.9124303646386 82.788694083690643 129363.71581218392 1809.0486358478665 517.56774608045816 5450.454858392477
leaf_count=1011 244 423665 803 10933 11641 8831 22832 38044 76010 6095 5223 5868 69211 45765 338 49 610 281 389 1425 22 861 59253 8797 67005 320 391450 25503 1319 27193
internal_value=4.84008e-06 4.31796e-05 -0.000105279 -0.000236457 0.000384335 0.000224644 0.000488144 0.000287501 -0.000497956 -0.000616602 -0.000165253 -0.000733154 0.000111225 0.000778419 -0.00063175 -0.00199037 -0.0042995 0.00479174 0.00213897 -0.00209534 0.0086537 0.00540083 -0.00038262 -0.000155351 -0.00105444 0.00228323 -9.04615e-06 0.000765274 2.6418e-05 -0.00139694
internal_weight=387803 287653 100150 78987.7 21162.3 28584.6 21766.7 19578.4 50403 6817.9 5369.6 4049.09 18135.2 19077.5 2132.77 1740.73 1298.6 442.137 307.373 935.683 42.1484 392.038 44671.8 29197.9 4910.28 2188.34 268575 10842.7 24287.6 5731.2
internal_count=1310991 865099 445892 364029 81863 123649 95530 86379 240380 28119 22024 16801 70222 49984 4219 3020 2106 914 633 1496 71 1199 212384 136374 75802 9151 815115 48335 60572 27996
is_linear=0
shrinkage=0.05


Tree=236
num_leaves=31
num_cat=3
split_feature=18 5 6 2 8 7 8 10 0 0 17 8 17 10 0 0 0 0 0 0 2 17 7 17 7 17 6 2 8 6
split_gain=0.594189 0.845753 1.8896 2.1389 2.07914 2.02603 1.83135 2.1745 1.5854 1.60978 1.5587 1.4457 1.97661 1.27949 1.11469 1.09215 1.30756 1.10071 1.16 2.10562 1.50276 1.29761 2.33867 2.14201 2.53349 1.28274 1.12093 1.07023 1.65373 1.44348
threshold=1.0541666666666669 0.37940952255126054 0.78656609248549303 0 3.7256208424938388 1.0000000180025095e-35 4.886575525404063 8.2503539996157595 69.500000000000014 76.500000000000014 0.66237379509048522 8.336749862461053 0.65185921791924917 7.9933290451173296 141.50000000000003 19.500000000000004 21.500000000000004 52.500000000000007 119.50000000000001 109.50000000000001 1 0.65641077446366225 3.1984648276080736 0.65130300798649621 2.6735537653587351 0.64853776465145774 -0.37940952255126015 2 6.9980528126162644 0.60355339059327384
decision_type=2 2 2 1 2 2 2 2 2 2 2 2 2 2 2 2 2 2 2 2 1 2 2 2 2 2 2 1 2 2
left_child=-1 -2 10 8 5 -5 13 -8 -4 -10 11 15 -13 -6 -12 -3 -17 27 19 25 -20 23 -23 -21 -25 -19 -26 28 29 -18
right_child=1 2 3 4 6 -7 7 -9 9 -11 14 12 -14 -15 -16 16 17 18 20 21 -22 22 -24 24 26 -27 -28 -29 -30 -31
leaf_value=5.1823924081852157e-05 -0.00049334507110675445 0.025317258423779326 0.025779948342426137 -0.0075669054792584208 -0.0093059583023115434 0.0064488011504233783 -0.0036097012318562108 0.053375104457964444 -0.015343276837971251 0.023826281815377954 -0.0017704247858160854 -0.0051074862532398697 0.04153239876135123 -0.03305640467059439 0.049836091788282605 -0.0039320330932947406 -0.0021897287560642686 0.0085610116178141578 -0.0024570824505905199 -0.021168852675179275 0.010721728293066203 0.016926732693380981 -0.018055754956506354 -0.012332863554173927 0.10337942124056783 -0.00074312999014213292 0.050686603716510716 0.0017042884162568384 0.0094943416796981154 -0.015783907281736592
leaf_weight=335182.49905814976 36212.118424400687 45.658112823963165 172.06154883652925 17.962283439934254 68.020032428205013 722.64384569227695 106.78442481905222 27.053215153515339 18.859377808868885 50.816950052976608 2408.1066788136959 19.266056060791016 34.666501462459564 26.154159866273403 21.062573231756687 43.870702922344208 814.66234701871872 343.30859565734863 118.56014180183411 27.701805770397186 248.27296936511993 35.351030945777893 82.05905157327652 24.157580316066742 19.810253739356995 6509.5507510304451 18.884118795394897 4283.2090082764626 24.722535789012909 74.79151177406311
leaf_count=1252873 39326 50 194 22 82 820 129 32 23 58 3497 22 37 29 28 48 887 405 130 32 270 37 86 27 22 7041 21 4655 27 81
internal_value=2.44593e-06 -0.000153758 0.000144035 0.00204537 0.000946668 0.00224179 -0.0032185 0.000540333 0.00615402 4.55178e-05 -7.38888e-06 0.000213474 0.0083824 -0.00856045 -0.00116831 0.000178823 0.000151003 0.000180947 -0.000209585 -0.000352008 0.00253178 -0.00530849 -0.00877705 -0.00081124 0.00429407 -0.000201593 0.0122259 0.000739061 -0.00081037 -0.00117378
internal_weight=387803 52620.1 16408 1210.36 968.618 740.606 228.012 133.838 241.738 69.6763 15197.7 12768.5 53.9326 94.1742 2429.17 12714.6 12668.9 12625 7427.66 7060.82 366.833 207.964 117.41 90.5538 62.852 6852.86 38.6944 5197.39 914.176 889.454
internal_count=1310991 58118 18792 1389 1114 842 272 161 275 81 17403 13878 59 111 3525 13819 13769 13721 8071 7671 400 225 123 102 70 7446 43 5650 995 968
cat_boundaries=0 1 2 3
cat_threshold=16 12 2
is_linear=0
shrinkage=0.05


Tree=237
num_leaves=31
num_cat=3
split_feature=16 16 3 2 2 5 7 18 10 7 7 5 10 16 4 16 4 2 5 10 0 9 7 7 8 8 16 4 16 16
split_gain=0.589482 3.87577 2.32777 2.96543 2.9424 2.68763 2.21607 2.04378 4.1063 3.38511 3.19417 2.5124 2.47356 2.25925 6.27656 2.50815 4.65438 2.42778 2.34423 2.42534 2.42053 2.79818 2.23749 2.23664 1.88368 1.86127 1.8922 1.83732 2.52565 2.04823
threshold=0.76654570564470936 0.77026250544891328 1.0000000180025095e-35 0 1 1.0000000180025095e-35 2.3502401828962087 1.0541666666666669 7.8101015432155938 2.9174053685313028 8.7226614477352946 0.37940952255126054 7.7709141262221211 0.76640384685231278 1.5000000000000002 0.76386542164760074 1.5000000000000002 2 -0.25881904510252113 5.4792697198747033 48.500000000000007 6.0810760527360186 3.4811217321331038 5.8536372009884516 6.729226341787089 7.5663108808184232 0.66451488603447284 1.5000000000000002 0.76875055652117463 0.76729534643992026
decision_type=2 2 2 1 1 2 2 2 2 2 2 2 2 2 2 2 2 1 2 2 2 2 2 2 2 2 2 2 2 2
left_child=2 27 3 -1 5 6 -4 13 12 -10 11 24 -9 15 -15 17 -17 -6 19 -19 -20 -22 -13 -14 -11 26 -12 28 29 -2
right_child=1 -3 4 -5 7 -7 -8 8 9 10 25 22 23 14 -16 16 -18 18 20 -21 21 -23 -24 -25 -26 -27 -28 -29 -30 -31
leaf_value=0.011500694462327155 0.047841081090628484 1.028860987878355e-05 -0.0042786974867134678 0.00066008023983584743 -0.0044061122671694491 -0.0013870430044627402 0.0069125897767745919 -0.0055196693829739274 -0.037806093462901223 0.017851785576562508 0.040268292706840292 0.13581903494234365 -0.0034841044194125039 0.0022811158472343137 -0.0027822341495632509 0.025609748780842469 0.0035166617227939678 -0.0029610354543883055 -0.0054960719348105206 0.0061046606614457268 0.0001357793216333003 -0.028177615228478437 -0.006971502602118651 -0.039928164195576342 0.045348259606217446 0.012067610444034621 -0.019101379333549409 0.0037030411311448244 0.052748141992738029 -0.0002479552531884477
leaf_weight=3438.5410624295473 62.597570739686489 279827.17092228681 1616.3615724518895 17723.783676300198 5468.2070410624146 9432.7669992186129 9816.2378398142755 6866.300580330193 70.044496662914753 1026.1691232323647 23.187614262104034 11.335181020200251 53.405253633856773 1248.9045837037265 8685.9169241413474 101.81385365128517 2312.2255560234189 3965.2407306432724 5670.4062779545784 10188.196266040206 11357.230882331729 72.968762509524822 428.34391625225544 79.68962699174881 84.165955267846584 117.33033510297537 291.20302511006594 7383.3607176542282 134.76368742436171 244.7756135687232
leaf_count=13238 175 844242 6661 68625 15541 39440 42536 8149 79 1134 25 13 59 19541 134058 236 6715 11534 16010 29133 31737 205 557 93 92 135 346 19943 281 458
internal_value=1.67533e-06 3.80493e-05 -0.000102799 0.000362908 -0.00022757 0.00028171 0.000797298 -0.000410375 -0.00110081 0.000866209 0.00124803 0.00230743 -0.00167741 -0.000283109 -0.000956472 -0.000112174 0.00144899 -0.000214802 -4.45393e-05 0.00043143 -0.000438505 -1.95186e-05 -0.000891512 -0.00842862 0.00357417 -0.00255555 -0.00456115 0.00113555 0.00426635 0.0017641
internal_weight=387803 287653 100150 21162.3 78987.7 20865.4 11432.6 58122.3 9051.18 2051.78 1981.74 1550.01 6999.4 49071.1 9934.82 39136.3 2414.04 36722.2 31254 14153.4 17100.6 11430.2 439.679 133.095 1110.34 431.721 314.391 7825.5 442.137 307.373
internal_count=1310991 865099 445892 81863 364029 88637 49197 275392 10682 2381 2302 1796 8301 264710 153599 111111 6951 104160 88619 40667 47952 31942 570 152 1226 506 371 20857 914 633
cat_boundaries=0 1 2 3
cat_threshold=19 2 4
is_linear=0
shrinkage=0.05


Tree=238
num_leaves=31
num_cat=0
split_feature=16 16 3 1 1 18 1 7 7 7 7 1 0 1 0 7 16 10 1 5 17 16 17 0 17 9 1 18 10 16
split_gain=0.609698 3.50554 2.14942 3.20846 2.98633 2.57455 2.33467 1.8963 2.9593 2.45132 1.75217 1.71321 1.7053 1.7011 1.67362 1.66321 1.57469 1.62504 1.56795 1.54898 1.53851 1.52255 1.51706 1.49655 1.67367 1.55052 1.49305 2.62815 2.3416 2.33466
threshold=0.76654570564470936 0.77481306712307374 1.0000000180025095e-35 1849.5000000000002 992.50000000000011 1.0791666666666668 2477.5000000000005 3.0201273556387074 3.1132683346437333 2.524928003624769 1.0000000180025095e-35 483.50000000000006 87.500000000000014 4349.5000000000009 110.50000000000001 2.3502401828962087 0.715355920334797 7.6223308322881023 10898.500000000002 1.0000000180025095e-35 0.65737091758083455 0.6500768209777964 0.64555464890881631 48.500000000000007 0.80159729966194859 7.3078404356339739 3218.5000000000005 1.0208333333333335 8.0353250454199436 0.88926421891343954
decision_type=2 2 2 2 2 2 2 2 2 2 2 2 2 2 2 2 2 2 2 2 2 2 2 2 2 2 2 2 2 2
left_child=2 -2 4 11 10 7 -7 9 14 15 -1 21 19 -8 -9 18 17 20 -5 -10 -15 -4 -14 -13 25 -25 -3 28 29 -28
right_child=1 26 3 5 -6 6 13 8 12 -11 -12 23 22 16 -16 -17 -18 -19 -20 -21 -22 -23 -24 24 -26 -27 27 -29 -30 -31
leaf_value=-0.012417515598997004 0.0021080747964577207 4.6471540094927823e-05 -0.02857818776882888 -0.00071251099163789915 0.012591969102363643 -0.015402068832725947 0.0061056263237552755 0.021922650206855035 0.0045434122229977671 -0.0090632909618388775 0.00098967708448887705 -0.0024034996645748599 0.08081240015478626 -0.015337357849593293 0.080218342029118095 0.011562657775709107 -0.017522298379862668 0.03119032959701569 -0.023354372324867558 -0.0012136432427290013 0.013120969669454552 -0.0023639687429256304 0.0082506239254952814 0.000263360546561886 -0.0019580092691773745 -0.034066178379339986 -0.0010401347452117849 -0.0031108155969995057 0.0087875338387436996 0.01073333274392675
leaf_weight=218.41111984848976 19077.497147791088 238734.44761594385 280.74956433475018 3516.1864577792585 3027.1512390859425 991.35259617865086 1286.1885852888227 655.21319526433945 9100.1942974850535 1303.0286851413548 17916.762379795313 15156.362681996077 43.638054251670837 73.4018674492836 41.907731391489506 1203.3853762894869 711.28105250000954 91.752758502960205 208.59129637107253 7404.1408318020403 88.511265814304352 5450.454858392477 2937.6493391133845 22362.138181164861 6048.8771565593779 32.646564342081547 19332.748710975051 7905.0591123700142 1876.1953747794032 726.72054981440306
leaf_count=1011 49984 723331 803 16016 11641 1171 1496 2834 44935 6106 69211 74502 53 80 161 5211 844 97 859 35182 91 27193 13380 47203 85742 70 72772 9386 6597 3029
internal_value=-1.80849e-06 3.5184e-05 -0.000108059 -0.000227956 0.000339452 0.000183043 -0.00114661 0.000346267 0.000581664 -0.000416184 9.67834e-05 -0.000475035 0.000467147 -0.000256268 0.00378261 9.37559e-05 -0.00184311 0.00153914 -0.000428344 0.000268347 -0.00147346 -0.00128774 0.0015677 -0.000368205 -0.000154371 4.49603e-05 -1.13362e-05 -0.000344783 -6.30959e-05 -0.000221086
internal_weight=387803 287653 100150 78987.7 21162.3 29656.4 3242.49 26413.9 20182.7 6231.19 18135.2 49331.2 19485.6 2251.14 697.121 4928.16 964.947 253.666 3724.78 16504.3 161.913 5731.2 2981.29 43600 28443.7 22394.8 268575 29840.7 21935.7 20059.5
internal_count=1310991 865099 445892 364029 81863 128516 3779 124737 96545 28192 70222 235513 93550 2608 2995 22086 1112 268 16875 80117 171 27996 13433 207517 133015 47273 815115 91784 82398 75801
is_linear=0
shrinkage=0.05


Tree=239
num_leaves=31
num_cat=1
split_feature=1 0 8 18 4 5 17 0 2 7 8 1 3 18 0 5 5 17 8 7 7 6 7 7 7 8 3 1 7 0
split_gain=0.610091 0.983334 1.72615 0.956036 1.26973 1.69611 1.50102 2.25385 1.48571 2.26933 1.21122 1.2475 2.10101 1.50957 1.31667 1.63865 1.509 1.46274 2.46102 2.29771 2.94591 1.65656 1.69609 1.47669 1.40067 1.56958 1.35993 1.50429 1.29595 1.20062
threshold=420.50000000000006 94.500000000000014 6.048552817139119 1.0541666666666669 2.5000000000000004 0.98296291314453421 0.66383823997485858 110.50000000000001 0 5.2067464199591091 8.6112298167715426 958.50000000000011 1.0000000180025095e-35 1.0875000000000001 74.500000000000014 -0.70710678118654735 1.0000000180025095e-35 0.66164817016019506 7.077919816563452 6.2334293711344477 6.3126414277150058 -0.37940952255126015 3.9607678160667752 2.9174053685313028 8.9250553887386221 6.0672668391739295 1.0000000180025095e-35 548.50000000000011 3.4811217321331038 46.500000000000007
decision_type=2 2 2 2 2 2 2 2 1 2 2 2 2 2 2 2 2 2 2 2 2 2 2 2 2 2 2 2 2 2
left_child=1 -1 -3 -2 5 6 -5 -8 29 -10 11 13 -13 14 17 24 -17 -6 19 21 -21 22 23 -19 25 -16 27 -25 -28 -7
right_child=3 2 -4 4 10 8 7 -9 9 -11 -12 12 -14 -15 15 16 -18 18 -20 20 -22 -23 -24 26 -26 -27 28 -29 -30 -31
leaf_value=-0.00016814259353556822 0.00010300571772099976 -0.001254959669384559 -0.0087318361909324883 4.2560420652690278e-06 -0.00010234270175058514 0.0088186222433943983 0.0077167699019634857 -0.016073813366249166 -0.0030046430743198406 0.010151931131702964 0.019359399601534856 0.012225062100047569 -0.00070881149813371023 -0.010622035615233352 0.00089768157551944894 -0.0091107666287090668 -0.003342659346595825 -0.0036067763659542937 -0.018605910476253137 0.061680340543224133 0.0032008885014125354 -0.00077841303072518633 -0.0083914308276686993 0.02805860921100416 0.049696765161479764 -0.02191739111844131 0.018326497482019002 -0.029708015304992497 -0.00014049687996367801 0.0063168395242895999
leaf_weight=40685.085771068931 297500.25616354123 2796.9131816215813 104.22741037607193 15940.287573419511 4795.6609692573547 79.649607770144939 289.20929048955441 13.448083601891993 196.58675873279572 94.146962285041809 85.652963750064373 820.61226153373718 20295.68422023952 45.39480447024107 476.1456246972084 470.45959573984146 835.20010802894831 296.02056108415127 51.087127089500427 13.677499294281004 346.84443286806345 844.91137635707855 325.28024052083492 19.541244864463806 21.955426037311554 20.262726783752441 67.794578835368156 28.478747010231018 68.820915244519711 173.34942120313644
leaf_count=135981 1114015 9052 359 17189 5287 90 694 22 218 109 98 904 22388 281 513 507 906 311 52 14 360 861 341 20 24 22 71 29 71 202
internal_value=-3.77155e-07 -0.000176617 -0.00106598 2.19391e-05 -0.000188343 0.000159721 6.77664e-05 0.00355598 0.00290669 0.000351058 -0.000383563 -0.000400603 -0.000192777 -0.000903438 -0.000855889 -0.00204983 -0.00299411 -0.000538342 -0.00165182 -0.00137656 0.00223969 -0.0021663 -0.00378802 -0.0019011 0.000328632 -0.000217971 0.00160805 -0.00562982 0.00415213 0.00560797
internal_weight=387803 43586.2 2901.14 344216 46716.2 16786.7 16242.9 302.657 543.733 290.734 29929.5 29843.8 21116.3 8727.54 8682.14 1824.02 1305.66 6858.12 2062.46 2011.37 360.522 1650.85 805.936 480.656 518.364 496.408 184.635 48.02 136.615 252.999
internal_count=1310991 145392 9411 1165599 51584 18524 17905 716 619 327 33060 32962 23292 9670 9389 1972 1413 7417 2130 2078 374 1704 843 502 559 535 191 49 142 292
cat_boundaries=0 1
cat_threshold=9
is_linear=0
shrinkage=0.05


Tree=240
num_leaves=31
num_cat=0
split_feature=16 16 16 16 16 4 17 4 10 12 4 17 16 4 3 6 4 17 16 16 16 16 1 1 10 8 16 16 4 17
split_gain=1.03968 4.77975 3.85133 3.60977 2.92767 8.05813 3.90105 4.25431 3.25109 2.42448 2.37596 5.63368 3.28024 5.37306 3.86679 4.10182 3.40191 3.07188 3.05884 5.88989 2.81671 2.51633 3.37458 2.22726 2.64992 2.29659 2.18555 7.63445 7.38957 5.86698
threshold=0.82340483352627902 0.82626392889630418 0.81759950385457481 0.82686176440553638 0.81680104559265798 2.5000000000000004 0.66656010559132584 1.5000000000000002 6.7186225464380014 1.0000000180025095e-35 2.5000000000000004 0.66507504340750978 0.82581605217958109 1.5000000000000002 1.0000000180025095e-35 0.37940952255126048 1.5000000000000002 0.66764792291798603 0.82537325419067853 0.82581605217958109 0.82458796640878562 0.82581605217958109 436.50000000000006 583.50000000000011 6.5947700359075858 0.89587973461402759 0.81536292963384094 0.81496621376278278 2.5000000000000004 0.6657714024266651
decision_type=2 2 2 2 2 2 2 2 2 2 2 2 2 2 2 2 2 2 2 2 2 2 2 2 2 2 2 2 2 2
left_child=2 9 4 -3 26 6 -6 8 -8 10 11 20 14 -14 16 23 -13 18 -12 -20 -2 -22 -23 24 -16 -25 27 -1 29 -29
right_child=1 3 -4 -5 5 -7 7 -9 -10 -11 17 12 13 -15 15 -17 -18 -19 19 -21 21 22 -24 25 -26 -27 -28 28 -30 -31
leaf_value=6.0656309503237529e-05 -0.0024778273030701182 0.0051650257859469813 0.0014540537426214917 -8.1167005223880401e-05 -0.0056929977218135204 0.0035387117498641599 -0.00084332501820954815 0.0013367754742154251 -0.0052504465958428531 0.0022654429532804293 -0.00028414536362713629 -0.01479656112792764 0.070589738658226528 -0.005915329851085678 0.00090272530443813415 -0.0022674471076726309 -0.0072059526188619997 0.00091955892160145716 -0.0077542248300485339 0.0032371166474590763 0.015297601326408351 -0.0056869358660899096 0.0036996999796661935 -0.0018557390316892416 -0.0017922824270924162 4.5878609364381766e-05 0.0018919525387282284 0.02936146841184192 0.0021496168460540923 -0.0032533231107940764
leaf_weight=230048.78593072295 411.70594674348831 1273.2722607180476 16399.017157040536 120063.66043829918 544.39871901273727 1302.6594336628914 349.05118899792433 540.93670772761106 169.84651336073875 258.54870317876339 1004.7826463580132 186.24735606461763 30.303098522126675 608.52946121245623 410.55951829999685 965.80204096436501 192.38501039892435 3100.9497962892056 573.10002249479294 226.74365121126175 322.62104737758636 47.781927466392517 218.69521504640579 794.08887227624655 163.13270103931427 1070.8959779366851 4435.9988028258085 65.177659451961517 636.15903437137604 1161.2503896653652
leaf_count=809251 509 4059 51235 387880 696 3952 1252 2017 620 816 1284 665 205 1696 1290 3563 673 12366 733 289 401 58 273 2649 619 4393 12855 81 1944 3034
internal_value=-7.96229e-06 -0.000121962 5.08646e-05 -3.30627e-05 5.697e-08 -0.00157705 -0.00394927 -0.00218215 -0.00541658 -0.00114084 -0.00126056 -0.00198185 -0.00274855 -0.00606251 -0.00218894 -0.00165584 -0.00698227 -0.000463228 -0.00210337 -0.00441058 0.00140572 0.00362324 2.75931e-05 -0.000563649 0.00216079 -0.00140172 1.94542e-05 -1.57431e-06 -0.0031898 -0.00545801
internal_weight=387577 131924 255653 121337 239254 2906.89 1604.23 1059.83 518.898 10586.9 10328.3 5422.75 4421.94 638.833 3783.11 3404.48 378.632 4905.58 1804.63 799.844 1000.8 589.098 266.477 2438.68 573.692 1864.98 236347 231911 1862.59 1226.43
internal_count=1311358 424421 886937 391939 835702 8537 4585 3889 1872 32482 31666 16994 15753 1901 13852 12514 1338 14672 2306 1022 1241 732 331 8951 1909 7042 827165 814310 5059 3115
is_linear=0
shrinkage=0.05


Tree=241
num_leaves=31
num_cat=1
split_feature=7 8 8 8 1 10 8 3 8 8 8 1 7 9 17 2 3 1 5 10 7 17 7 17 5 10 10 17 10 7
split_gain=0.661556 3.60399 2.30004 2.27644 1.6797 1.48215 2.04163 1.83697 2.036 1.94197 1.99409 1.94023 1.69951 1.53509 1.45066 1.97642 1.71905 1.86571 1.68379 1.38888 1.5003 2.18705 1.36965 1.33584 1.32071 1.47674 1.30274 1.92277 1.27138 1.52496
threshold=4.6101453514146771 2.9174053685313028 4.166635176627655 1.0000000180025095e-35 808.50000000000011 7.5945810933342663 2.8029010331479989 1.0000000180025095e-35 3.9981586158983733 3.4811217321331038 2.8029010331479989 878.50000000000011 3.0201273556387074 1.4978661367769956 0.7490710616788091 0 1.0000000180025095e-35 653.50000000000011 -0.70710678118654735 8.1533614626534874 3.4175922930736511 0.64805509467998179 3.5972184255501678 0.65185921791924917 -0.25881904510252113 8.2503539996157595 3.555428868879384 0.66268314391858796 6.7186225464380014 7.8007773629641965
decision_type=2 2 2 2 2 2 2 2 2 2 2 2 2 2 2 1 2 2 2 2 2 2 2 2 2 2 2 2 2 2
left_child=2 4 3 -1 26 7 14 8 9 10 12 -9 -5 24 15 -7 17 -17 19 20 21 -18 -22 -11 -8 -26 27 -2 29 -28
right_child=1 -3 -4 5 -6 6 13 11 -10 23 -12 -13 -14 -15 -16 16 18 -19 -20 -21 22 -23 -24 -25 25 -27 28 -29 -30 -31
leaf_value=9.1127396080270548e-05 -0.0039118300784031293 -0.00013388534890267922 0.0028843503237195034 -0.0070402086325138981 0.0019523927489020891 -0.0011970880196164992 0.0082720230130217676 0.00023715668967669095 -0.018285262681884854 0.054191422676625335 -0.0089351963927390976 -0.00045946113322366255 -0.001802311526778555 -0.028686950502518616 -0.0016651225176711082 -0.035092318022836237 0.045976156419774018 0.020676865604819208 -0.006294034451559744 -0.022553816173865138 0.022490085573692212 -0.019809332067582331 -0.010689301954164072 0.0060419222040512758 -0.0023647527864917306 0.094010028052193773 0.0010675993676752509 -0.00058202066569817826 -0.00062803878996458564 -0.028535945877800856
leaf_weight=124351.49592431635 240.73486542701721 129447.97622352093 3005.9330211952329 1050.6445364318788 27379.535573214293 1507.2180843353271 673.58835596591234 20228.92586684972 87.374583691358566 59.815131306648254 963.49642782658339 49511.5108897686 9049.9154464304447 13.539956156164406 3738.7164493426681 60.506049394607544 16.109075427055359 200.50201696157455 1415.0375612974167 52.002072334289551 50.896943271160126 102.98284959793091 393.33183574676514 322.60050084814429 748.18133015558124 20.220929104834795 4654.18709602952 666.43450024351478 7554.2396685853601 9.4334639608859998
leaf_count=407865 298 452432 10374 3338 95179 2055 2096 67869 282 75 3315 165475 29886 33 18448 84 20 275 1945 70 68 140 534 1213 2318 52 16832 3145 25621 21
internal_value=-8.85382e-06 6.50666e-05 -6.65815e-05 -8.58186e-05 0.000476684 -0.000276947 -0.000886033 -0.000209553 -0.000794073 -0.000736033 -0.000857111 -0.000112883 -0.000649793 0.000828348 -0.0012171 -0.00190527 -0.00282562 0.000981723 -0.00332898 -0.00551252 -0.00479077 -0.00977437 -0.00345474 0.00276701 0.000985693 -0.000431063 1.16367e-05 -0.00181647 0.000147373 0.00079652
internal_weight=387577 169953 217625 214619 40504.6 90267.1 8992.83 81274.3 11533.8 11446.5 11064.1 69740.4 10100.6 1455.53 7537.3 3798.59 2291.37 261.008 2030.36 615.323 563.321 119.092 444.229 382.416 1441.99 768.402 13125 907.169 12217.9 4663.62
internal_count=1311358 593528 717830 707456 141096 299591 28138 271453 38109 37827 36539 233344 33224 4499 23639 5191 3136 359 2777 832 762 160 602 1288 4466 2370 45917 3443 42474 16853
cat_boundaries=0 1
cat_threshold=20
is_linear=0
shrinkage=0.05


Tree=242
num_leaves=31
num_cat=1
split_feature=16 16 16 16 16 4 4 6 3 2 10 16 4 16 4 5 16 16 4 16 16 16 4 1 16 3 16 6 4 16
split_gain=0.976785 4.48582 3.425 3.19881 2.84943 7.42802 2.2628 3.20499 2.75002 3.18767 2.17937 2.13824 2.47271 2.11709 2.00709 1.9801 1.97818 6.94969 6.86908 3.11092 2.68205 2.84967 2.42795 3.08897 2.6604 3.27607 5.86074 3.30981 2.89112 2.59047
threshold=0.82340483352627902 0.82626392889630418 0.81759950385457481 0.82686176440553638 0.81680104559265798 2.5000000000000004 2.5000000000000004 0.37940952255126048 1.0000000180025095e-35 0 0.00230835222093671 0.82581605217958109 1.5000000000000002 0.82458796640878562 1.5000000000000002 -0.5 0.81536292963384094 0.81496621376278278 2.5000000000000004 0.81441168430396382 0.81218281370748857 0.80417266174550694 2.5000000000000004 1294.5000000000002 0.81399107482384137 1.0000000180025095e-35 0.81327991938713906 0.78656609248549303 1.5000000000000002 0.81354795087357534
decision_type=2 2 2 2 2 2 2 2 2 1 2 2 2 2 2 2 2 2 2 2 2 2 2 2 2 2 2 2 2 2
left_child=2 6 4 -3 16 10 7 8 -2 -10 -6 13 -13 -11 -15 -5 17 19 -19 20 21 -1 23 24 25 26 28 -27 -22 -25
right_child=1 3 -4 15 5 -7 -8 -9 9 11 -12 12 -14 14 -16 -17 -18 18 -20 -21 22 -23 -24 29 -26 27 -28 -29 -30 -31
leaf_value=-5.9865173988160607e-05 -0.011158141677966034 0.0049134687640947673 0.0013852915645317571 -0.00039840988825221859 0.0031375106753966544 0.0033628539847529782 -0.00046612721593904951 -0.0026066064292501415 0.00041391600197632878 -0.0017041049898122648 -0.0029635658182828525 0.10743962592827648 -0.0045066827176759626 -0.00078646093227902622 0.0071403621622529063 0.00012638741666476662 0.0017837805798282898 -0.0028498366352895407 0.0020548890153269301 0.0044801021476753855 0.09169059442533517 0.00099131337239400383 8.3415597426306217e-06 -0.0051614524290616946 -0.0030535262069918642 0.00056420050484125989 -0.013969352240203778 -0.0017944262408034458 -0.0072492769954954021 -2.6371621900750375e-05
leaf_weight=196835.75055913627 390.06630089879036 1273.2722607180476 16399.017157040536 45905.382429763675 65.22100905328989 1302.6594336628914 5009.882370993495 1538.3673258423805 1613.6194743514061 935.69699137657881 1539.0121200457215 11.159894362092016 370.97667440026999 363.42000339925289 353.68395725637674 74158.278008535504 4435.9988028258085 1226.4280491173267 636.15903437137604 1459.2979787290096 38.198920339345932 23086.770655266941 4215.094090603292 1122.5899859517813 419.04289580881596 1823.1487587466836 241.62437719106674 289.23077423870564 99.640626080334187 418.39630863070488
leaf_count=717593 1234 4059 51235 148952 183 3952 14993 4889 4905 2734 4402 71 859 1812 985 238928 12855 3115 1944 4240 114 65387 12480 2439 1004 3571 505 545 289 1084
internal_value=-1.13259e-05 -0.000121824 4.5694e-05 -3.57015e-05 -2.21904e-06 -0.00155811 -0.00110888 -0.0018017 -0.00106193 -0.000635326 -0.00383569 -0.00194582 -0.0053261 -0.00117605 0.000868071 -6.21391e-05 1.69173e-05 -3.08883e-06 -0.00304498 2.15398e-05 6.8489e-06 4.08485e-05 -0.000855884 -0.00167019 -0.000711912 -9.20438e-05 -0.00436951 0.000676353 0.00385754 -0.00348036
internal_weight=387577 131924 255653 121337 239254 2906.89 10586.9 5576.99 4038.62 3648.56 1604.23 2034.94 382.137 1652.8 717.104 120064 236347 231911 1862.59 230049 228589 219923 8666.97 4451.87 2910.89 2491.84 379.464 2112.38 137.84 1540.99
internal_count=1311358 424421 886937 391939 835702 8537 32482 17489 12600 11366 4585 6461 930 5531 2797 387880 827165 814310 5059 809251 805011 782980 22031 9551 6028 5024 908 4116 403 3523
cat_boundaries=0 1
cat_threshold=20
is_linear=0
shrinkage=0.05


Tree=243
num_leaves=31
num_cat=0
split_feature=16 16 16 16 16 4 18 4 16 10 4 18 16 4 6 16 10 16 16 4 18 16 16 16 4 1 16 6 10 18
split_gain=0.865912 4.23448 3.05984 2.92523 2.5716 6.89807 3.14501 2.5767 3.55418 3.70493 2.10457 5.05206 3.00314 3.96515 3.11279 2.15335 1.90404 1.83262 6.10482 6.20156 3.80029 2.71051 2.58917 2.59538 2.36222 2.69559 3.11525 2.62191 2.27948 2.07238
threshold=0.82340483352627902 0.82626392889630418 0.81759950385457481 0.82686176440553638 0.81680104559265798 2.5000000000000004 1.0041666666666669 1.5000000000000002 0.81728538680709095 6.9109568050123915 2.5000000000000004 1.0041666666666669 0.82581605217958109 1.5000000000000002 0.37940952255126048 0.82458796640878562 0.00230835222093671 0.81536292963384094 0.81496621376278278 2.5000000000000004 1.0041666666666669 0.81441168430396382 0.81218281370748857 0.80570143096500557 3.5000000000000004 925.50000000000011 0.81354795087357534 0.78656609248549303 7.2206415061341351 1.0541666666666669
decision_type=2 2 2 2 2 2 2 2 2 2 2 2 2 2 2 2 2 2 2 2 2 2 2 2 2 2 2 2 2 2
left_child=2 10 4 -3 17 6 7 8 -6 -10 11 12 14 -14 -2 -13 -8 18 21 20 -20 22 23 29 25 27 -27 28 -24 -1
right_child=1 3 -4 -5 5 -7 16 -9 9 -11 -12 15 13 -15 -16 -17 -18 -19 19 -21 -22 -23 24 -25 -26 26 -28 -29 -30 -31
leaf_value=0.00016850228614095908 -0.00051270112503855499 0.0046677953258900283 0.0013160269863051689 -7.459397056852336e-05 0.048817972219221711 0.0031947112855153282 0.0035932160706292626 -0.00014583999623423994 -0.0010447387336958546 -0.0057930086153946559 -0.00044282085514209539 -0.0017225670610247963 0.062069886105176691 -0.0051182091227599345 -0.0022737045784277181 0.0052474519805383165 -0.0056881077277122329 0.0016945915508368742 -0.00289042987739461 0.0019521445645605845 0.021466057885312112 0.0042560970402916176 0.00065753640488703808 0.0012628720040390564 0.0013389205903990065 -0.0034639351399692099 -9.0399302965971104e-05 -0.0024504447192967519 -0.0019348547524901658 -0.0010551505290967379
leaf_weight=170812.7749401778 2804.6495839059353 1273.2722607180476 16399.017157040536 120063.66043829918 29.963396362960339 1302.6594336628914 15.924932092428206 611.07960268110037 348.28011263161898 141.31421413272619 5009.882370993495 400.39884959161282 30.045771077275276 657.48860328644514 1102.0157840400934 582.39202998578548 457.67087119817734 4435.9988028258085 1167.5762984901667 636.15903437137604 58.851750627160072 1459.2979787290096 1867.997587531805 18098.024018086493 2272.7323191314936 2403.2776232659817 1114.4378646910191 352.49555020034313 656.02579277008772 31011.722256138921
leaf_count=695479 10119 4059 51235 387880 126 3952 22 2045 1240 504 14993 543 204 1782 3991 850 648 12855 3032 1944 83 4240 4110 52699 6716 5648 3198 774 1585 34802
internal_value=-1.25957e-05 -0.000116634 4.10906e-05 -3.29587e-05 -4.19633e-06 -0.00148229 -0.00367712 -0.00224431 -0.00483295 -0.00585601 -0.00107564 -0.0017438 -0.00243983 -0.00548709 -0.00190355 0.00150991 -0.00709775 1.39831e-05 -5.27285e-06 -0.00285627 -0.00493417 1.78102e-05 4.09732e-06 3.7503e-05 -0.000843566 -0.00133569 -0.00226403 -0.000200421 0.000363704 -1.39326e-05
internal_weight=387577 131924 255653 121337 239254 2906.89 1604.23 1130.64 519.558 489.594 10586.9 5576.99 4594.2 687.534 3906.67 982.791 473.596 236347 231911 1862.59 1226.43 230049 228589 219923 8666.97 6394.23 3517.72 2876.52 2524.02 201824
internal_count=1311358 424421 886937 391939 835702 8537 4585 3915 1870 1744 32482 17489 16096 1986 14110 1393 670 827165 814310 5059 3115 809251 805011 782980 22031 15315 8846 6469 5695 730281
is_linear=0
shrinkage=0.05


Tree=244
num_leaves=31
num_cat=2
split_feature=16 16 16 17 18 5 7 6 17 16 16 17 2 5 0 2 3 18 0 0 17 5 17 18 7 17 0 5 7 7
split_gain=0.783398 2.20664 2.60881 4.15742 2.61945 1.95088 1.89437 1.99822 1.59159 1.58346 5.03905 1.74299 1.499 1.86197 1.48296 1.43314 2.14496 1.68964 2.45202 2.3436 1.46995 1.43398 1.23685 1.22751 1.40472 1.16404 1.34135 1.38784 1.49187 1.42245
threshold=0.8423321668866619 0.84425539163094909 0.84373940648526213 0.79625761458089495 1.0625000000000002 -0.5 5.3205649864913136 -0.98296291314453399 0.66656010559132584 0.83626252219812136 0.83523104476989685 0.80721709212400827 0 0.91597561503675362 105.50000000000001 1 1.0000000180025095e-35 1.0458333333333336 56.500000000000007 46.500000000000007 0.65721354409355948 -0.25881904510252113 0.79557502876369912 1.0791666666666668 3.5972184255501678 0.65641077446366225 46.500000000000007 0.37940952255126054 4.9308638091439496 4.0342014792848504
decision_type=2 2 2 2 2 2 2 2 2 2 2 2 1 2 2 1 2 2 2 2 2 2 2 2 2 2 2 2 2 2
left_child=9 2 6 4 14 -3 25 -8 -9 10 -1 15 22 -14 -4 16 -12 -17 19 20 -19 -20 -11 24 -18 26 -2 28 29 -28
right_child=1 5 3 -5 -6 -7 7 8 -10 12 11 -13 13 -15 -16 17 23 18 21 -21 -22 -23 -24 -25 -26 -27 27 -29 -30 -31
leaf_value=5.1624394769661519e-05 0.0014155213318505083 -0.00045681853819450475 -0.0042863336824617571 0.0062416182112387808 0.0045843934549850097 0.00014645153943993323 0.0077699908368100978 -0.0063338518739128134 -0.0019405654893180609 0.0024871297408210371 -0.010620245013798003 -0.0026334254317084446 0.00055993215892133905 -0.003006515018800711 0.0061207927602948799 -0.0019688168117239862 0.0016361631095647201 -0.00078245519343446424 -0.0040369208784159895 -0.0077264697721598809 -0.007293185485349009 0.0028188547007985463 5.3799661267199544e-05 0.0064161088550761377 -0.00072535738821801344 0.0014575980400560575 -0.005828038644498993 0.0053413873742292244 0.006118178839053301 -0.0078981894258071898
leaf_weight=288198.91353159398 134.88721126317978 30101.053495019674 1074.1555001288652 231.79873509705067 136.60712659358978 48239.638434909284 58.283506542444229 262.73964530229568 614.59485845267773 3423.538253068924 281.08485613763332 335.29317156970501 7127.1624830588698 786.41958256810904 40.471168577671051 1523.2848794162273 379.31333713233471 133.49145638942719 131.46908289194107 129.69970369338989 75.153562664985657 135.71822208166122 1507.6712087541819 60.735794126987457 536.85384784638882 1637.4272608980536 138.53157323598862 82.262455821037292 16.842462182044983 41.990821719169617
leaf_count=989550 173 98203 2390 1460 148 156429 168 336 2457 7318 742 3196 23090 2547 90 4805 1130 162 152 151 78 156 8754 64 1577 5675 177 105 21 54
internal_value=-1.18021e-05 -0.000148173 -0.00122862 -0.00294294 -0.00408238 -8.65159e-05 -0.000377624 -0.00224219 -0.00283776 2.52527e-05 1.34586e-06 -0.0018266 0.000568578 0.000141115 -0.00488328 -0.00148616 -0.000137407 -0.00227187 -0.00451673 -0.00734415 -0.00406322 -0.000936299 0.00125174 0.000968978 0.000512634 0.000472555 -0.00189436 -0.00386981 -0.00614394 -0.00747176
internal_weight=387577 82811.3 4470.59 1483.03 1251.23 78340.7 2987.56 935.618 877.335 304766 291921 3722.1 12844.8 7913.58 1114.63 3386.8 1257.99 2128.82 605.532 338.345 208.645 267.187 4931.21 976.903 916.167 2051.94 414.515 279.627 197.365 180.522
internal_count=1311358 267886 13254 4088 2628 254632 9166 2961 2793 1043472 1001763 12213 41709 25637 2480 9017 3513 5504 699 391 240 308 16072 2771 2707 6205 530 357 252 231
cat_boundaries=0 1 2
cat_threshold=5 12
is_linear=0
shrinkage=0.05


Tree=245
num_leaves=31
num_cat=2
split_feature=10 4 9 7 8 0 0 17 9 6 9 0 2 9 17 8 9 17 17 0 8 17 8 7 18 5 2 5 9 17
split_gain=1.06041 1.56743 2.00922 1.63637 1.36689 1.29108 1.09965 1.00601 1.24451 0.928851 1.0529 0.928607 1.02742 0.869455 1.74765 1.02362 1.29108 1.26524 1.15836 1.05969 1.05198 1.03099 0.95839 2.06282 1.47064 1.53829 1.19994 1.28327 1.36464 1.25608
threshold=7.9827405244537077 1.5000000000000002 0.89587973461402759 10.113667430069365 7.3849206531217746 34.500000000000007 18.500000000000004 0.79305997254976279 5.9610020183241152 -0.78656609248549325 3.795426061844291 53.500000000000007 0 7.7128905618232126 0.75945140584483528 8.0173072902757028 7.038782002451117 0.69355307585676318 0.64632798978931005 55.500000000000007 7.3849206531217746 0.64954346602561752 7.4958196445301075 6.999878463891597 1.0625000000000002 -0.5 1 -0.37940952255126059 4.9089648320872419 0.64867302866654353
decision_type=2 2 2 2 2 2 2 2 2 2 2 2 1 2 2 2 2 2 2 2 2 2 2 2 2 2 1 2 2 2
left_child=-1 2 11 5 7 6 -3 8 9 10 -4 12 -2 15 -15 16 22 18 -17 21 -18 -20 -7 -24 26 -26 29 28 -28 -25
right_child=1 3 4 -5 -6 13 -8 -9 -10 -11 -12 -13 -14 14 -16 17 20 -19 19 -21 -22 -23 23 24 25 -27 27 -29 -30 -31
leaf_value=-0.00015670206335189341 0.019206746295686 0.021208324026981831 -0.0076376838934438911 -0.002416677626200037 0.0012883489528731529 0.0016285958354817166 -0.0023233199057385136 -0.001219180424565225 -0.012137258126515872 -0.0029255363456853981 0.00037221617905288111 -0.0010565134260196675 0.0023757189480684004 0.075771894328158604 -0.0030328448555061618 0.037415353537780027 -0.012172313828655841 0.0018527795747472571 0.044923241066375241 -0.010904142487352365 0.008101806435892079 -0.004380599240775879 0.084866454542252001 -0.014013099743394021 0.00047465340609499922 0.03685618685094777 0.023832549697429373 -0.0012267873501973893 -0.007116636822379941 -0.0030647209240809107
leaf_weight=338935.20814116299 267.33896232023835 72.898887909948826 465.64534428715706 2696.0371562987566 683.68352939561009 33655.533255510032 2949.886114731431 1319.7127446569502 26.865123420953751 1603.5422539114952 92.320577591657639 1214.3414404466748 898.77484868094325 12.99012351036072 16.274531569331884 26.835040807723999 35.312606003135443 467.17121970281005 28.783932507038116 272.50588166713715 10.830990847200153 105.63573324680328 51.32455450668931 17.820803821086884 93.81755656003952 132.72865407913923 389.1866486184299 540.37830083444715 94.841797694563866 140.83670330792665
leaf_count=1159153 827 231 788 9306 2218 104259 9325 7446 45 2651 150 3644 2680 19 96 33 103 2284 36 360 30 142 168 22 102 147 1373 1921 322 579
internal_value=-5.77403e-05 0.000161228 -0.000556576 0.000274057 -0.00121538 0.000356177 -0.000636434 -0.00161398 -0.00227151 -0.00213858 -0.0038957 0.000603528 0.00161128 0.000439309 0.00905412 0.000432318 0.000474958 -0.00123186 -0.00317643 -0.00383996 -0.00788312 -0.00020702 0.00048594 0.00173965 0.00138115 0.00507176 0.000674427 0.00130179 0.00318434 -0.00325326
internal_weight=387319 48383.9 6572.22 41811.6 4191.77 39115.6 3022.79 3508.09 2188.37 2161.51 557.966 2380.46 1166.11 36092.8 29.2647 36063.5 35162.6 900.932 433.761 406.926 46.1436 134.42 35116.5 1460.94 1409.61 226.546 1183.06 1024.41 484.028 158.658
internal_count=1310460 151307 20449 130858 13298 121552 9556 11080 3634 3589 938 7151 3507 111996 115 111881 109026 2855 571 538 133 178 108893 4634 4466 249 4217 3616 1695 601
cat_boundaries=0 1 2
cat_threshold=3 4
is_linear=0
shrinkage=0.05


Tree=246
num_leaves=31
num_cat=0
split_feature=1 7 16 8 16 16 6 7 6 0 18 7 9 7 5 0 0 17 17 17 8 16 7 7 16 8 16 8 7 17
split_gain=0.882609 0.672988 1.19008 1.10483 1.01794 1.25238 1.21635 1.25346 1.00486 1.12434 1.00474 0.990781 0.821038 1.20189 1.1834 0.837136 0.829013 0.769653 0.730801 0.830044 0.707602 0.743578 0.836815 0.736309 0.900636 0.727523 0.93857 1.08429 0.829206 0.759334
threshold=13074.000000000002 3.5972184255501678 0.85672772824506083 1.0000000180025095e-35 0.76386542164760074 0.70870188235304732 0.1294095225512602 4.9308638091439496 -0.78656609248549325 89.500000000000014 1.0125000000000002 9.9902377956001747 3.5114340430413216 6.1191973084961502 -1.0000000180025095e-35 115.50000000000001 104.50000000000001 0.75945140584483528 0.64853776465145774 0.66690025027010624 2.0126758453675748 0.83327601148575159 4.1971736807086968 4.7229433450037179 0.83915056236976993 3.0677824455408698 0.8127814019877837 2.3502401828962087 4.4829865921051741 0.64607191580427192
decision_type=2 2 2 2 2 2 2 2 2 2 2 2 2 2 2 2 2 2 2 2 2 2 2 2 2 2 2 2 2 2
left_child=-1 2 -2 -4 5 6 8 -8 -3 17 -9 20 13 14 15 -7 -16 -10 -15 -20 -6 25 -23 24 -24 26 -22 28 -28 -27
right_child=1 4 3 -5 11 12 7 10 9 -11 -12 -13 -14 18 16 -17 -18 -19 19 -21 21 22 23 -25 -26 29 27 -29 -30 -31
leaf_value=-0.00011552893397609177 -0.0016842481518867471 -0.0051094773837460977 0.041021880204943587 -0.019929109697966581 0.01608078444975667 0.0095461923024649179 0.025428021919839242 -0.020858467735826138 0.032747144789542264 -0.01776928760207197 -0.039327497990232656 -0.058595077637878148 0.093786684990465455 0.08863240779224231 0.053903683217518351 0.055460962770013514 -0.028529068786110057 0.015312963211659314 -0.055301166457896178 0.019522781866711615 -0.016156977054161106 -0.012418307173356003 -0.0075963402901588267 -0.007087005577369721 0.024834451455509884 -0.046266500774013279 0.011655812211402323 -0.0041267509663364069 0.072650427832568545 0.016254704939278931
leaf_weight=384525.56794715673 1019.6287990622222 33.284561648964882 57.493729636073112 16.244461208581924 316.01292010769248 104.20469584316015 7.8837690502405158 12.325303852558138 22.032883048057556 10.740899123251436 12.433378204703329 15.858673326671122 26.964002452790737 18.541701912879944 102.0812713727355 7.7834577411413184 9.2786791324615461 10.963545821607111 42.716271042823792 73.928565293550491 133.40875205397606 19.648383900523186 8.581873767077921 175.67660994082689 24.085362233221531 7.36543846130371 7.7097562104463604 40.569326609373093 10.273672118782995 445.77476827427745
leaf_count=1301043 3421 86 194 58 1157 271 24 45 28 30 17 58 75 23 246 19 21 48 54 261 582 61 23 595 78 9 22 113 25 1773
internal_value=-5.56925e-05 0.000829848 -0.000137889 0.00599621 0.00145221 0.00336076 -0.00135382 -0.00944259 0.00207426 0.00705633 -0.0149715 0.000667919 0.00470193 0.00406913 0.00632136 0.00269205 0.00997114 0.0116302 0.000348118 -0.00111758 0.000833493 9.96963e-05 -0.00235477 -0.00142452 0.00546851 0.000967155 -0.00161266 0.00366468 0.0138842 0.00206003
internal_weight=387319 2793.5 1093.37 73.7382 1700.13 495.163 109.664 32.6425 77.0219 43.7373 24.7587 1204.97 385.499 358.535 223.348 111.988 111.36 32.9964 135.187 116.645 1189.11 873.094 227.992 208.344 32.6672 645.102 191.962 58.5528 17.9834 453.14
internal_count=1310460 9417 3673 252 5744 1248 278 86 192 106 62 4496 970 895 557 290 267 76 338 315 4438 3281 757 696 101 2524 742 160 47 1782
is_linear=0
shrinkage=0.05


Tree=247
num_leaves=31
num_cat=0
split_feature=10 1 7 4 9 10 17 9 10 9 7 17 7 7 7 1 10 9 1 17 9 1 17 9 0 6 9 1 7 9
split_gain=0.903894 1.54034 1.50334 1.48953 1.55267 1.43466 1.72361 1.29213 1.3292 1.34128 1.40815 1.3114 1.2495 1.35295 1.32498 1.18869 1.16218 1.15913 1.65057 1.39305 1.10009 1.34023 1.67404 1.31436 1.7088 1.26629 1.49086 1.4784 1.61209 1.37349
threshold=7.9827405244537077 3061.5000000000005 6.7351858371076387 1.5000000000000002 0.89587973461402759 8.0454510265001318 0.64675799809678969 6.0246567833931746 8.1533614626534874 5.8536372009884516 10.113667430069365 0.66764792291798603 6.5701821913769409 7.108653137709358 6.4746617065281837 2917.5000000000005 8.3382844508594918 3.1567740231385479 2477.5000000000005 0.64607191580427192 1.2424533248940002 1027.5000000000002 0.65047227725875179 2.249904835165133 29.500000000000004 0.1294095225512602 2.1383330595080281 2205.5000000000005 9.5731067158699013 3.7726948748059121
decision_type=2 2 2 2 2 2 2 2 2 2 2 2 2 2 2 2 2 2 2 2 2 2 2 2 2 2 2 2 2 2
left_child=-1 3 -3 4 -2 6 -5 8 11 10 -10 12 14 -14 15 -7 -11 -6 19 -19 -15 23 -23 24 -22 27 -27 28 29 -24
right_child=1 2 -4 5 17 7 -8 -9 9 16 -12 -13 13 20 -16 -17 -18 18 -20 -21 21 22 25 -25 -26 26 -28 -29 -30 -31
leaf_value=-0.00014471559288715686 0.0014187015509084383 0.012662475795403229 0.0015857620270886442 0.018432137323642694 -0.0039151008548687334 -0.0049608252696448172 0.0022577321053238396 -0.004789654555257772 0.0016044924926134228 0.0056098786162236741 -0.0027528354315090975 0.00028426347046162093 0.0049073832921067047 -0.0069604314237065538 -0.017386997813180715 0.044699207462629009 0.057433306216667313 0.014150669942251738 -0.012965409793402272 -6.2846506407522593e-05 -0.018264815970489227 0.012762213304175752 0.0041512935012595065 -0.0076530918323241964 0.0047775102904963566 -0.023558343123061605 -0.0011235330556072121 -0.014014669293146272 -0.007253832443723335 0.032212290156304356
leaf_weight=338935.20814116299 2229.1219064369798 2108.6687537357211 3913.6533628553152 282.91173166036606 2475.9078666307032 1873.2197095155716 6477.6665911264718 713.18818284198642 15738.979763831943 58.096076998859644 1587.9595885835588 6806.8506123870611 516.27129858732224 476.76221626996994 85.608151137828827 27.344104945659637 41.815314009785652 29.3089998960495 59.983734019100666 1368.5957752428949 16.027730286121368 294.61697870492935 200.92984437942505 405.65677797794342 222.17673087120056 65.24377566576004 138.64121848344803 79.388356745243073 36.647009551525116 52.61315506696701
leaf_count=1159153 6677 6039 12213 349 7771 2370 22740 2362 45493 192 5231 31647 662 611 111 35 121 36 172 4534 19 371 261 526 283 82 182 102 48 67
internal_value=-5.34519e-05 0.000148711 0.000896937 4.23401e-05 -0.000676217 0.000164676 0.000821518 1.38299e-05 6.60263e-05 0.000339886 0.000306577 -0.000356395 -0.00101958 -0.000276957 -0.00195617 -0.00168209 0.00611651 -0.00127363 -0.000155136 0.000193364 -0.000869014 -0.00020865 0.00107341 -0.00193718 0.00101088 -0.000500387 -0.00366372 0.00124472 0.00289878 0.00431561
internal_weight=387319 48383.9 6022.32 42361.5 6162.92 36198.6 6760.58 29438 28724.8 17426.9 17326.9 11298 4491.15 2504.98 1986.17 1900.56 99.9114 3933.8 1457.89 1397.9 1988.7 1511.94 868.08 643.861 238.204 573.463 203.885 369.578 290.19 253.543
internal_count=1310460 151307 18252 133055 19190 113865 23089 90776 88414 51037 50724 37377 5730 3214 2516 2405 313 12513 4742 4570 2552 1941 1113 828 302 742 264 478 376 328
is_linear=0
shrinkage=0.05


Tree=248
num_leaves=31
num_cat=1
split_feature=7 7 7 16 4 9 2 3 8 16 16 16 16 4 5 17 7 17 16 16 4 17 5 8 3 5 17 0 17 0
split_gain=0.548625 3.83043 2.09457 1.64886 2.23787 1.79508 1.6877 2.51465 1.60477 1.70014 1.62376 1.4104 2.10286 1.81382 1.80343 1.61382 1.73637 1.39337 1.38592 1.3561 1.3487 2.86303 1.73425 1.55792 1.68782 1.85338 1.40024 1.3837 3.33408 2.29746
threshold=3.7012257604091228 3.7494348669884658 3.5408542930527882 0.87383864857670368 2.5000000000000004 0.89587973461402759 0 1.0000000180025095e-35 1.0000000180025095e-35 0.76559799429155406 0.83523104476989685 0.87093098878569231 0.87260122516658101 3.5000000000000004 -0.78656609248549292 0.65130300798649621 4.0689902272260703 0.79610934184877735 0.91681818959512318 0.87724271067293413 2.5000000000000004 0.6657714024266651 0.37940952255126054 1.0000000180025095e-35 1.0000000180025095e-35 -0.70710678118654735 0.75945140584483528 21.500000000000004 0.66237379509048522 24.500000000000004
decision_type=2 2 2 2 2 2 1 2 2 2 2 2 2 2 2 2 2 2 2 2 2 2 2 2 2 2 2 2 2 2
left_child=2 8 3 5 6 -1 7 -5 9 -2 -10 20 -13 14 -14 16 19 -17 -18 -15 -3 23 26 24 25 -22 -23 28 -25 -29
right_child=1 11 -4 4 -6 -7 -8 -9 10 -11 -12 12 13 15 -16 17 18 -19 -20 -21 21 22 -24 27 -26 -27 -28 29 -30 -31
leaf_value=-0.00019969264397574351 0.058568065567622507 -0.00024432203742041914 -0.001223619167283016 -0.006226476195334469 -0.00028054326882467342 -0.0034209809725286745 0.0012861016398379556 0.0075777218877057274 0.003700951723901222 0.0072097569762890508 -0.0010735802571495707 -0.0015559515470378801 -0.0011886609260743947 -0.00088839383306006658 0.00053508670248376413 -0.0017876417832663333 0.00078326100682695604 -0.00018317462184012437 -0.016456039770008781 0.0066302615230286995 -0.0095271016296946901 0.0027130803926935509 -8.6370386645642791e-05 0.02082332748920104 0.0016994536371153224 0.03016954004380773 0.00093830271416200928 -0.005197631728541624 -0.016084858390710371 -0.00065138577117091487
leaf_weight=134575.83184067532 335.96633176505566 73578.214573420584 9628.1288160458207 326.67411278933287 5604.2256733179092 334.82761446759105 3893.0869029164314 2089.6623405739665 1947.4174760356545 890.63955031335354 706.36434109508991 1517.9929074645042 3614.0640309676528 21.774503648281097 10809.377135276794 2939.6999702453613 462.39245647192001 1352.1279380768538 34.907092571258545 45.878088414669037 88.01095062494278 10527.928199477494 28667.375256359577 200.3069412112236 1624.5568310618401 250.15012109279633 45576.807398233563 321.19508332014084 35.750601530075073 45317.728380143642
leaf_count=438361 871 255874 32107 975 19845 1204 12351 6681 6507 3269 2238 4458 12251 27 36565 7165 584 9263 44 58 112 18548 131439 253 2038 313 249825 402 47 56785
internal_value=-5.19942e-05 -3.00685e-06 -0.000124282 -7.74329e-05 0.000486417 -0.000127225 0.00113226 0.00216735 0.00155466 0.00305028 0.000863375 -2.96356e-05 -0.000422063 -0.000280991 4.26566e-07 -0.00111673 0.00139538 -0.00144741 0.000372986 0.00891079 9.94861e-06 0.000105202 0.000279726 -0.000204067 0.00117542 0.00438915 0.000441383 -0.000263087 0.00355514 -0.000282836
internal_weight=387319 230867 156452 146824 11913.6 134911 6309.42 2416.34 3880.39 1226.61 2653.78 226986 20798.2 19280.2 14423.4 4856.78 564.952 4291.83 497.3 67.6526 206188 132610 84772.1 47837.7 1962.72 338.161 56104.7 45875 236.058 45638.9
internal_count=1310460 798936 511524 479417 39852 439565 20007 7656 12885 4140 8745 786051 70415 65957 48816 17141 713 16428 628 85 715636 459762 399812 59950 2463 425 268373 57487 300 57187
cat_boundaries=0 1
cat_threshold=19
is_linear=0
shrinkage=0.05


end of trees

feature_importances:
tag_target_score=1864
asker_account_age_days_log=896
body_length=802
asker_reputation_log=797
num_tags=560
asker_upvote_count_log=509
recent_platform_answer_rate=430
title_length=352
post_hour_cos=295
has_code_block=270
post_hour_sin=192
asker_downvote_count_log=184
recent_platform_median_speed=158
body_length_bucket=122
is_new_asker=21
asker_reputation_missing=15
asker_upvote_count_missing=3

parameters:
[boosting: gbdt]
[objective: quantile]
[metric: quantile]
[tree_learner: serial]
[device_type: cpu]
[data_sample_strategy: bagging]
[data: ]
[valid: ]
[num_iterations: 500]
[learning_rate: 0.05]
[num_leaves: 31]
[num_threads: 0]
[seed: 0]
[deterministic: 0]
[force_col_wise: 0]
[force_row_wise: 0]
[histogram_pool_size: -1]
[max_depth: -1]
[min_data_in_leaf: 20]
[min_sum_hessian_in_leaf: 0.001]
[bagging_fraction: 0.8]
[pos_bagging_fraction: 1]
[neg_bagging_fraction: 1]
[bagging_freq: 5]
[bagging_seed: 3]
[bagging_by_query: 0]
[feature_fraction: 0.8]
[feature_fraction_bynode: 1]
[feature_fraction_seed: 2]
[extra_trees: 0]
[extra_seed: 6]
[early_stopping_round: 0]
[early_stopping_min_delta: 0]
[first_metric_only: 0]
[max_delta_step: 0]
[lambda_l1: 0]
[lambda_l2: 0]
[linear_lambda: 0]
[min_gain_to_split: 0]
[drop_rate: 0.1]
[max_drop: 50]
[skip_drop: 0.5]
[xgboost_dart_mode: 0]
[uniform_drop: 0]
[drop_seed: 4]
[top_rate: 0.2]
[other_rate: 0.1]
[min_data_per_group: 100]
[max_cat_threshold: 32]
[cat_l2: 10]
[cat_smooth: 10]
[max_cat_to_onehot: 4]
[top_k: 20]
[monotone_constraints: ]
[monotone_constraints_method: basic]
[monotone_penalty: 0]
[feature_contri: ]
[forcedsplits_filename: ]
[refit_decay_rate: 0.9]
[cegb_tradeoff: 1]
[cegb_penalty_split: 0]
[cegb_penalty_feature_lazy: ]
[cegb_penalty_feature_coupled: ]
[path_smooth: 0]
[interaction_constraints: ]
[verbosity: -1]
[saved_feature_importance_type: 0]
[use_quantized_grad: 0]
[num_grad_quant_bins: 4]
[quant_train_renew_leaf: 0]
[stochastic_rounding: 1]
[linear_tree: 0]
[max_bin: 255]
[max_bin_by_feature: ]
[min_data_in_bin: 3]
[bin_construct_sample_cnt: 200000]
[data_random_seed: 1]
[is_enable_sparse: 1]
[enable_bundle: 1]
[use_missing: 1]
[zero_as_missing: 0]
[feature_pre_filter: 1]
[pre_partition: 0]
[two_round: 0]
[header: 0]
[label_column: ]
[weight_column: ]
[group_column: ]
[ignore_column: ]
[categorical_feature: 2]
[forcedbins_filename: ]
[precise_float_parser: 0]
[parser_config_file: ]
[objective_seed: 5]
[num_class: 1]
[is_unbalance: 0]
[scale_pos_weight: 1]
[sigmoid: 1]
[boost_from_average: 1]
[reg_sqrt: 0]
[alpha: 0.5]
[fair_c: 1]
[poisson_max_delta_step: 0.7]
[tweedie_variance_power: 1.5]
[lambdarank_truncation_level: 30]
[lambdarank_norm: 1]
[label_gain: ]
[lambdarank_position_bias_regularization: 0]
[eval_at: ]
[multi_error_top_k: 1]
[auc_mu_weights: ]
[num_machines: 1]
[local_listen_port: 12400]
[time_out: 120]
[machine_list_filename: ]
[machines: ]
[gpu_platform_id: -1]
[gpu_device_id: -1]
[gpu_use_dp: 0]
[num_gpu: 1]

end of parameters

pandas_categorical:[["(1441.0, 2415.0]", "(2415.0, 115918.0]", "(36.999, 570.0]", "(570.0, 937.0]", "(937.0, 1441.0]"]]
